Average Episodic Reward,Average Episodic N-Reward,Avg Reward (last 10),Avg Reward (last 50),Best Reward
1309.6279288291732,1309.6279288291732,1458.6816391618504,1458.6816391618504,1458.6816391618504
1292.1181503592884,1292.1181503592884,1876.5576105101682,1876.5576105101682,2294.433581858486
1316.2179235368583,1316.2179235368583,1801.441080843333,1801.441080843333,2294.433581858486
1306.3278292239593,1306.3278292239593,1687.9208633937565,1687.9208633937565,2294.433581858486
1405.5080607359364,1405.5080607359364,1629.160065179392,1629.160065179392,2294.433581858486
1354.182055901923,1354.182055901923,1590.2651240924145,1590.2651240924145,2294.433581858486
1319.0541373864385,1319.0541373864385,1654.4903132021168,1654.4903132021168,2294.433581858486
1353.9816907262468,1353.9816907262468,1626.2569967071552,1626.2569967071552,2294.433581858486
1415.3292024626035,1415.3292024626035,1592.7558534806217,1592.7558534806217,2294.433581858486
1450.8679648456537,1450.8679648456537,1494.1719331889512,1494.1719331889512,2294.433581858486
1422.6651185414612,1422.6651185414612,1552.2879140587993,1543.778252704531,2294.433581858486
1400.7556370714944,1400.7556370714944,1465.7069339971936,1534.1820467493555,2294.433581858486
1377.2925879182385,1377.2925879182385,1413.814181915061,1503.2665432062008,2294.433581858486
1379.1770821214197,1379.1770821214197,1398.1000537787127,1480.905999383011,2294.433581858486
1381.6103574456342,1381.6103574456342,1482.5194544009867,1531.3996579937884,2294.433581858486
1350.5853688110687,1350.5853688110687,1504.2499181845046,1536.5056203999707,2294.433581858486
1397.2048885532952,1397.2048885532952,1364.7159092915276,1484.0347814900053,2294.433581858486
1511.2703096780106,1511.2703096780106,1320.1431775138603,1456.1937638219913,2294.433581858486
1333.9617141616723,1333.9617141616723,1330.5308848712673,1454.7427121072774,2294.433581858486
1313.0710566280945,1313.0710566280945,1386.919311058642,1440.5456221237966,2294.433581858486
1478.8639237535713,1478.8639237535713,1318.9946541314062,1436.738443860186,2294.433581858486
1384.0472864377502,1384.0472864377502,1300.7985176263253,1428.0986244207054,2294.433581858486
1434.1009589479715,1434.1009589479715,1317.9370606099603,1422.6885072947919,2294.433581858486
1433.39524059237,1433.39524059237,1343.2711720229106,1423.5581546496353,2294.433581858486
1356.5448336057764,1356.5448336057764,1263.7960885495481,1424.358230216092,2294.433581858486
1225.0854234673805,1225.0854234673805,1245.0177108443531,1424.394885955502,2294.433581858486
932.653103521421,932.653103521421,1322.6540586327114,1424.264143394711,2294.433581858486
894.5322834066562,894.5322834066562,1221.036265639084,1372.2089430423814,2294.433581858486
891.5040787910027,891.5040787910027,1202.3511924213733,1367.7111535948964,2294.433581858486
1015.2468004907448,1015.2468004907448,1192.3773453570425,1357.822863201545,2294.433581858486
933.9205881410868,933.9205881410868,1165.118279244811,1349.1190359197421,2294.433581858486
925.4883229445757,925.4883229445757,1206.2053584964247,1358.7569788193678,2294.433581858486
879.4302105971673,879.4302105971673,1159.165798791984,1342.8331410818196,2294.433581858486
935.305065522542,935.305065522542,1108.5640190112638,1330.9128206383498,2294.433581858486
914.7811740733675,914.7811740733675,1058.4158800630398,1319.8032730295056,2294.433581858486
886.5998754371591,886.5998754371591,1052.6463095516845,1321.1313925099973,2294.433581858486
911.371176652388,911.371176652388,1048.1116543168484,1322.6013085088023,2294.433581858486
902.1832920002776,902.1832920002776,1125.9192249124521,1307.3958593239788,2294.433581858486
855.5836854275808,855.5836854275808,1065.0847306228418,1290.1146348841132,2294.433581858486
910.4025247202544,910.4025247202544,1037.3673233405643,1277.7089782363,2294.433581858486
933.7572539977226,933.7572539977226,973.234176108547,1257.4398018194508,2294.433581858486
869.4387341189217,869.4387341189217,918.1037461270286,1253.839542464049,2294.433581858486
864.0607994616765,864.0607994616765,899.6559032375019,1239.7686671645365,2294.433581858486
844.8476092984605,844.8476092984605,899.4294503276005,1232.8484182949976,2294.433581858486
817.3785689724501,817.3785689724501,897.6434001791225,1225.9899679516427,2294.433581858486
823.6993473083471,823.6993473083471,804.1959292575923,1208.7541178899094,2294.433581858486
867.7981283528298,867.7981283528298,757.215570765499,1202.3064706910782,2294.433581858486
839.2310546644309,839.2310546644309,763.705758649617,1194.1270883501536,2294.433581858486
839.2310546644309,839.2310546644309,790.9149723593639,1188.2371527362052,2294.433581858486
830.2361941642296,830.2361941642296,800.8758774927164,1182.3423580875833,2294.433581858486
891.4235853160316,891.4235853160316,866.833315673206,1175.293667843354,2294.433581858486
1034.739460653989,1034.739460653989,875.5978439058292,1153.2824800305605,2294.433581858486
1086.7287185219877,1086.7287185219877,914.8827656385063,1141.0911420386028,2294.433581858486
1075.0971521731126,1075.0971521731126,913.0346559329867,1132.479870214695,2294.433581858486
1076.0965680907561,1076.0965680907561,925.5641493971765,1125.5877945179745,2294.433581858486
1068.2010246842306,1068.2010246842306,973.871511258925,1115.9962758194117,2294.433581858486
1068.3025366581721,1068.3025366581721,973.0428991940853,1093.1480184401341,2294.433581858486
1113.7895472677712,1113.7895472677712,996.037400096222,1085.368365362247,2294.433581858486
1094.8904085050867,1094.8904085050867,998.3899145001944,1077.454338955008,2294.433581858486
832.7634232697899,832.7634232697899,981.6389225526739,1079.835755960328,2294.433581858486
712.9731483482065,712.9731483482065,930.9296509706026,1051.0220152257145,2294.433581858486
691.2562433861049,691.2562433861049,871.2768374704868,1034.396460725219,2294.433581858486
692.725774963578,692.725774963578,827.2659427792238,1023.7814942114352,2294.433581858486
695.4629166416192,695.4629166416192,796.1935614807388,1012.0985717551,2294.433581858486
703.8208136419639,703.8208136419639,751.80098542788,979.4441007233531,2294.433581858486
702.7352353112109,702.7352353112109,719.5871213334651,959.0637164492041,2294.433581858486
694.3909908281832,694.3909908281832,691.5232995898542,958.5094964997998,2294.433581858486
693.3527676031122,693.3527676031122,648.4412189149285,951.0279736424606,2294.433581858486
701.6595898638341,701.6595898638341,616.3493054698837,934.6180230747314,2294.433581858486
706.8803886376757,706.8803886376757,605.0213626807426,923.4561662847478,2294.433581858486
706.7366512625969,706.7366512625969,605.1637990865507,908.2558442167434,2294.433581858486
712.5753839281938,712.5753839281938,605.6025517764879,895.3572675552515,2294.433581858486
726.2654674930351,726.2654674930351,607.0871159308001,881.6115052756031,2294.433581858486
731.3640510704358,731.3640510704358,608.3047687735054,865.1052911052191,2294.433581858486
732.2526304743733,732.2526304743733,608.7104698872477,848.4269769908932,2294.433581858486
731.3789822540151,731.3789822540151,611.8391779528672,832.4280098709069,2294.433581858486
728.9646739455575,728.9646739455575,610.1612138481977,816.0109275428969,2294.433581858486
733.5902418834661,733.5902418834661,610.0602145522519,828.8327634250942,2294.433581858486
754.0756925559077,754.0756925559077,610.1844655134037,816.1846776931374,2294.433581858486
762.6964472027166,762.6964472027166,609.9773478104952,806.9761667754385,2294.433581858486
768.5762937545627,768.5762937545627,609.3116947830529,797.0945273243918,2294.433581858486
769.7775791580974,769.7775791580974,610.2930486099019,776.1748055779468,2294.433581858486
770.7927132085756,770.7927132085756,610.2969868693132,771.8377428910691,2294.433581858486
771.39995831497,771.39995831497,609.4775687297043,765.2880010489072,2294.433581858486
770.2296649688507,770.2296649688507,610.4271237665455,758.8292257315945,2294.433581858486
769.84914896902,769.84914896902,608.1638483883182,743.5315176382338,2294.433581858486
766.5396985553563,766.5396985553563,610.8143753467244,728.5514717488721,2294.433581858486
770.115144470885,770.115144470885,652.5395005990385,734.1568185624114,2294.433581858486
780.090968611352,780.090968611352,653.5825756724029,733.8842467030497,2294.433581858486
761.4501606536502,761.4501606536502,653.9620268693025,730.2951074811859,2294.433581858486
753.6744014121002,753.6744014121002,650.0413827527321,732.4559686532289,2294.433581858486
747.9406113144797,747.9406113144797,649.721337018131,722.4983237561672,2294.433581858486
739.6913923200326,739.6913923200326,648.1581072531928,721.5381836942071,2294.433581858486
732.4098110588852,732.4098110588852,648.6335557972623,715.1288221428395,2294.433581858486
735.72260399902,735.72260399902,646.8741799636699,708.6753816885039,2294.433581858486
747.1182660272315,747.1182660272315,647.2012349018065,712.1325787670763,2294.433581858486
757.5387854417356,757.5387854417356,644.2679117834828,705.9619399524688,2294.433581858486
782.302531498368,782.302531498368,602.2956348601836,701.8747938045249,2294.433581858486
794.4707167484969,794.4707167484969,601.1901565451292,695.9392835402028,2294.433581858486
806.6056385204737,806.6056385204737,644.5806940604973,699.0360707947423,2294.433581858486
808.3390774992249,808.3390774992249,651.525476727205,689.3944008640286,2294.433581858486
806.924004114555,806.924004114555,647.7621169316211,676.9311783613257,2294.433581858486
802.2175158177129,802.2175158177129,649.5714132165039,668.4759132098068,2294.433581858486
754.3965621557935,754.3965621557935,644.8231500024315,661.4865209567284,2294.433581858486
715.678103019198,715.678103019198,645.7868489811473,652.7199216052982,2294.433581858486
709.2909028367034,709.2909028367034,646.7738447171447,646.7130454587204,2294.433581858486
645.3280325910678,645.3280325910678,648.8104563907775,641.1154513918074,2294.433581858486
601.0156469238663,601.0156469238663,649.3867323986822,632.5446602650169,2294.433581858486
568.9853680100554,568.9853680100554,649.4559897144034,626.1524985830445,2294.433581858486
546.4081157646705,546.4081157646705,605.1385545099145,623.7359971861904,2294.433581858486
534.3165233721913,534.3165233721913,603.2867738837933,623.8658254466668,2294.433581858486
529.9874321184741,529.9874321184741,607.1058048377877,624.0969718347859,2294.433581858486
525.8255921683054,525.8255921683054,605.0903308497744,624.0407908239168,2294.433581858486
521.3968252868855,521.3968252868855,608.9911040050258,624.0460294615858,2294.433581858486
522.0638634171858,522.0638634171858,608.2528929464157,624.0103031090051,2294.433581858486
524.4187534674187,524.4187534674187,607.8529295508667,624.3662071022006,2294.433581858486
525.592725095735,525.592725095735,607.5515239736457,624.3210962685656,2294.433581858486
529.0113286791492,529.0113286791492,608.0485785125057,624.4661321845323,2294.433581858486
530.7766696095954,530.7766696095954,607.7667305505324,624.4359835991743,2294.433581858486
543.7355201615754,543.7355201615754,607.5119396230899,624.2341125746598,2294.433581858486
553.5840370211909,553.5840370211909,608.7370989924284,624.5804854278424,2294.433581858486
554.854110287179,554.854110287179,607.5609912250086,624.48865972449,2294.433581858486
557.3099359564127,557.3099359564127,608.598251261799,624.3430178901167,2294.433581858486
580.1210795982184,580.1210795982184,608.45796206116,624.0766681191168,2294.433581858486
602.7121067544081,602.7121067544081,608.5045993233214,623.9691289962199,2294.433581858486
612.81585398944,612.81585398944,605.7742337902497,623.153218269677,2294.433581858486
634.736961617423,634.736961617423,604.4942945306142,623.187712405049,2294.433581858486
661.974643327232,661.974643327232,602.8062880942534,623.0153468929328,2294.433581858486
675.9338232635293,675.9338232635293,603.4253043323348,623.0841513629606,2294.433581858486
692.4147957347376,692.4147957347376,603.4243352086447,622.9235100542897,2294.433581858486
683.3138774284802,683.3138774284802,601.7661137090583,623.0713692130435,2294.433581858486
675.6641501679348,675.6641501679348,603.5594287208589,623.1419357466815,2294.433581858486
691.0196779837961,691.0196779837961,604.6920813441527,623.2220367850846,2294.433581858486
709.4360223568447,709.4360223568447,606.4961216567192,623.4803787045196,2294.433581858486
733.621377039391,733.621377039391,607.773549567043,623.4384141563194,2294.433581858486
750.2608088647559,750.2608088647559,610.5098382249123,623.6224162369958,2294.433581858486
759.6202335580379,759.6202335580379,612.6078351547585,623.5464043666557,2294.433581858486
766.9054567275576,766.9054567275576,612.4977058952404,615.0069879521732,2294.433581858486
770.5560341640953,770.5560341640953,611.8086897597286,614.7293741804257,2294.433581858486
787.2083831343984,787.2083831343984,613.6780114395331,614.8667069683357,2294.433581858486
799.55291341216,799.55291341216,614.2867322868617,615.9204391198693,2294.433581858486
804.3986848919762,804.3986848919762,613.5243555010672,615.9025394432688,2294.433581858486
796.6928658415578,796.6928658415578,611.1433094282979,615.8190772201056,2294.433581858486
787.3802343394573,787.3802343394573,609.6813961149522,615.6899467680578,2294.433581858486
791.1247333231114,791.1247333231114,610.8278125368131,616.229140670948,2294.433581858486
798.0314391296466,798.0314391296466,609.670602781211,616.1162898128769,2294.433581858486
807.3272784225924,807.3272784225924,608.618820851562,616.4165861802716,2294.433581858486
818.7272867823797,818.7272867823797,610.2504915762754,616.5979592953914,2294.433581858486
820.7376465800562,820.7376465800562,611.0199238818184,616.6953276477635,2294.433581858486
826.6858806103716,826.6858806103716,609.4122744066815,607.8330230375727,2294.433581858486
831.0757148517755,831.0757148517755,609.218719553926,607.4590876852136,2294.433581858486
832.5729095493859,832.5729095493859,609.3615178848747,608.2224196339196,2294.433581858486
833.7986605020004,833.7986605020004,612.4125555646999,608.3873056897448,2294.433581858486
834.9926540218742,834.9926540218742,613.093828150714,609.3440823977143,2294.433581858486
836.4829531011852,836.4829531011852,622.2259362422222,611.516958123163,2294.433581858486
836.9569934642053,836.9569934642053,648.7359526923481,616.5087114079175,2294.433581858486
837.2001161758465,837.2001161758465,673.7856419679104,621.4116232956981,2294.433581858486
837.1411105851204,837.1411105851204,699.6953025800657,626.659673331668,2294.433581858486
836.9636692162592,836.9636692162592,726.1008656020374,632.0243028252902,2294.433581858486
837.3267488880822,837.3267488880822,757.4086351005449,638.2870391556987,2294.433581858486
837.3514666021186,837.3514666021186,789.1803952500256,644.6378119584599,2294.433581858486
837.4609307642793,837.4609307642793,820.0273007011567,650.8067188065932,2294.433581858486
837.4609307642793,837.4609307642793,848.2357857696804,657.0163966737259,2294.433581858486
837.4326819482379,837.4326819482379,879.1305085011396,663.371963296937,2294.433581858486
837.4609307642793,837.4609307642793,898.2555211909188,669.5174837720638,2294.433581858486
837.4609307642793,837.4609307642793,905.5289445531837,676.0439144083809,2294.433581858486
837.4609307642793,837.4609307642793,908.39636107847,681.5805907166631,2294.433581858486
837.4609307642793,837.4609307642793,911.1720993942369,687.2843775080145,2294.433581858486
837.4609307642793,837.4609307642793,914.4636459919293,693.3636859135696,2294.433581858486
837.4609307642793,837.4609307642793,913.8680740482896,699.5582660407387,2294.433581858486
837.4609307642793,837.4609307642793,912.1752388678111,705.3254399335366,2294.433581858486
837.4609307642793,837.4609307642793,912.1613378628883,711.7267881341692,2294.433581858486
837.4609307642793,837.4609307642793,912.3152071154706,717.7597878444602,2294.433581858486
837.3691221121445,837.3691221121445,910.5167531765858,723.7837215200223,2294.433581858486
837.2868616779801,837.2868616779801,910.3479861194392,729.8861611312874,2294.433581858486
836.9875354576612,836.9875354576612,907.0740144079227,736.3038705319155,2294.433581858486
835.8068214557244,835.8068214557244,908.2151489405948,742.324761598659,2294.433581858486
833.7991909085436,833.7991909085436,908.306084826585,748.3843368544807,2294.433581858486
829.5421344484212,829.5421344484212,908.816990308445,754.4420231087918,2294.433581858486
824.3696975048769,824.3696975048769,909.2682661963124,760.7270522382721,2294.433581858486
812.0046242635743,812.0046242635743,907.0924072576411,766.390698643253,2294.433581858486
794.8592884077215,794.8592884077215,906.8586991292135,772.3866422158401,2294.433581858486
795.6972268287062,795.6972268287062,899.7476443287703,776.7709004413839,2294.433581858486
788.5417217035725,788.5417217035725,873.750810448445,777.2346592783671,2294.433581858486
787.4852542049418,787.4852542049418,843.3313879597579,776.9977288098302,2294.433581858486
781.0281102713369,781.0281102713369,812.8138329990443,776.764669486742,2294.433581858486
758.4541838252386,758.4541838252386,782.5785979021537,776.3189141481381,2294.433581858486
782.2007114741889,782.2007114741889,751.8458819830872,776.2539720720501,2294.433581858486
Average Episodic Reward,Average Episodic N-Reward,Avg Reward (last 10),Avg Reward (last 50),Best Reward
2201.7290601906698,2201.7290601906698,1658.6833215427,1658.6833215427,1658.6833215427
2165.2187513981607,2165.2187513981607,2476.643397349655,2476.643397349655,3294.60347315661
2186.3187525307226,2186.3187525307226,2534.8585004735974,2534.8585004735974,3294.60347315661
2166.4290850888524,2166.4290850888524,2488.0009251724614,2488.0009251724614,3294.60347315661
2257.613350469712,2257.613350469712,2469.236857273282,2469.236857273282,3294.60347315661
2197.281423174554,2197.281423174554,2457.0035643288616,2457.0035643288616,3294.60347315661
2159.151298426724,2159.151298426724,2540.2890057140585,2540.2890057140585,3294.60347315661
2168.085344885259,2168.085344885259,2526.3492931051474,2526.3492931051474,3294.60347315661
2269.430759026538,2269.430759026538,2503.9533561382464,2503.9533561382464,3294.60347315661
2254.978825670339,2254.978825670339,2414.2595001596646,2414.2595001596646,3294.60347315661
2247.7665192645504,2247.7665192645504,2552.391333407919,2471.1451505110804,3294.60347315661
2202.8546437143223,2202.8546437143223,2465.8081165765348,2467.6139967053878,3294.60347315661
2252.3957234303125,2252.3957234303125,2413.9122380157173,2441.8229139675354,3294.60347315661
2267.275357162329,2267.275357162329,2348.1913160989934,2388.1369186914126,3294.60347315661
2265.7158702643287,2265.7158702643287,2332.622412720759,2378.1605609049334,3294.60347315661
2214.6861186885535,2214.6861186885535,2354.35602171852,2392.848850197398,3294.60347315661
2220.3094052818324,2220.3094052818324,2214.8127006046193,2348.8323556496825,3294.60347315661
2342.3759219005115,2342.3759219005115,2170.2341467019364,2328.5075451033636,3294.60347315661
2222.0572043787165,2222.0572043787165,2180.632691145909,2333.784585089648,3294.60347315661
2184.168684495642,2184.168684495642,2237.020072467395,2325.6397863135303,3294.60347315661
2271.967252018112,2271.967252018112,2169.088291176432,2327.308550827915,3294.60347315661
2235.144404273977,2235.144404273977,2150.8888317321407,2323.6480126266397,3294.60347315661
2234.2063781939887,2234.2063781939887,2168.0263478413435,2322.780928695279,3294.60347315661
2297.496208961296,2297.496208961296,2243.3678851683126,2327.8164880567874,3294.60347315661
2273.6486279562805,2273.6486279562805,2263.8821653160403,2332.4492026693756,3294.60347315661
2156.1127588212858,2156.1127588212858,2253.6523130674095,2339.3117205320177,3294.60347315661
2020.0018105363365,2020.0018105363365,2227.5631832418285,2303.9178473504776,3294.60347315661
2189.2169238835086,2189.2169238835086,2221.5613201280967,2290.3124647550535,3294.60347315661
2108.1975062968763,2108.1975062968763,2160.3316405380015,2273.9732248994246,3294.60347315661
2108.9137052245596,2108.9137052245596,2247.0985725102078,2299.459381712422,3294.60347315661
1947.7234699307735,1947.7234699307735,2220.5600149242778,2292.873539246096,3294.60347315661
1817.0074071679965,1817.0074071679965,2214.8708165382054,2289.6551388490034,3294.60347315661
1808.4304492842232,1808.4304492842232,2156.2393742714357,2272.313790991083,3294.60347315661
1803.2849307317458,1803.2849307317458,2079.9635349264363,2254.9185606655074,3294.60347315661
1699.2515631666406,1699.2515631666406,2024.9376150688536,2244.5887490692267,3294.60347315661
1830.7910919363335,1830.7910919363335,1982.1860701503324,2240.11015098155,3294.60347315661
1864.4017400583116,1864.4017400583116,2043.6615599752818,2233.578310222046,3294.60347315661
1855.5791516514685,1855.5791516514685,2023.3738336274466,2220.065456563578,3294.60347315661
1893.0266762548886,1893.0266762548886,2032.3389444424251,2212.015717089938,3294.60347315661
1988.636641524151,1988.636641524151,1911.5763374981416,2202.488620658852,3294.60347315661
1923.7965507225674,1923.7965507225674,1886.1196362199873,2193.665270215338,3294.60347315661
1852.5297933051509,1852.5297933051509,1891.3472002594456,2194.819915375299,3294.60347315661
1802.1243819900437,1802.1243819900437,1906.4415869600114,2187.2272319140898,3294.60347315661
1794.4292325338638,1794.4292325338638,1912.707149225119,2177.143239883601,3294.60347315661
1785.427544029626,1785.427544029626,1886.952594189382,2165.114047984817,3294.60347315661
1760.1438727719433,1760.1438727719433,1849.4883309024,2155.1923640078217,3294.60347315661
1789.9837214987067,1789.9837214987067,1787.0609003557915,2138.5746059951834,3294.60347315661
1773.0071766718042,1773.0071766718042,1753.4674994490883,2122.8575488313927,3294.60347315661
1649.9176137123204,1649.9176137123204,1733.781915365714,2114.4169820441775,3294.60347315661
1657.5033721712898,1657.5033721712898,1707.1146763845554,2103.4138318039927,3294.60347315661
1684.5782482286786,1684.5782482286786,1678.9906302130773,2101.4299811883384,3294.60347315661
1675.3884140120585,1675.3884140120585,1632.865497070771,2071.1560924354194,3294.60347315661
1628.4439631918535,1628.4439631918535,1599.4549259020748,2048.8148945981166,3294.60347315661
1636.07267088964,1636.07267088964,1585.9175829674878,2034.0294936772698,3294.60347315661
1708.6936167064314,1708.6936167064314,1594.9491377952183,2020.6687850180506,3294.60347315661
1779.7155374368656,1779.7155374368656,1595.1954054026085,2006.9756282482545,3294.60347315661
1856.7442844216869,1856.7442844216869,1666.486776162949,1987.9170240680944,3294.60347315661
1989.3802152834844,1989.3802152834844,1698.0473215648428,1973.3368242942822,3294.60347315661
2016.782987262538,2016.782987262538,1771.1955622795977,1975.6561507543295,3294.60347315661
2107.166711505245,2107.166711505245,1809.4522830148846,1982.4523883750371,3294.60347315661
2270.498203511648,2270.498203511648,1829.4854435371751,1956.8488032141897,3294.60347315661
2288.885513832201,2288.885513832201,1884.2231904571308,1954.8391072115387,3294.60347315661
2321.6356032603007,2321.6356032603007,1993.4504232503743,1964.722531645048,3294.60347315661
2386.962213189309,2386.962213189309,2009.427868803627,1966.2768042181965,3294.60347315661
2449.6155660258178,2449.6155660258178,2001.0872140382405,1954.361745281547,3294.60347315661
2501.088467102482,2501.088467102482,2069.796829474725,1950.0637897994957,3294.60347315661
2571.7713293284505,2571.7713293284505,2021.990185426718,1949.3525210325138,3294.60347315661
2507.8889623431146,2507.8889623431146,2013.380013663002,1941.9659976864955,3294.60347315661
2649.5081842019263,2649.5081842019263,1986.5780300086335,1936.8452185268739,3294.60347315661
2594.126377164731,2594.126377164731,2040.2269020242197,1943.093754286402,3294.60347315661
2590.7816390370153,2590.7816390370153,2074.1768323718484,1937.8665114532732,3294.60347315661
2571.3718928286057,2571.3718928286057,2050.121704095788,1934.685681684268,3294.60347315661
2578.6654808722924,2578.6654808722924,2011.5487879709115,1933.4270196709615,3294.60347315661
2579.8862928843973,2579.8862928843973,2058.828859128632,1929.3689990102605,3294.60347315661
2572.940179189275,2572.940179189275,2120.4586324512748,1925.6770387085937,3294.60347315661
2556.974387446586,2556.974387446586,2104.1704508671564,1920.1674173594447,3294.60347315661
2537.0082076339245,2537.0082076339245,2160.295486560609,1935.8989816962694,3294.60347315661
2521.0842635186445,2521.0842635186445,2216.8895595002696,1941.03164556093,3294.60347315661
2497.004264329518,2497.004264329518,2215.2797465589556,1947.8348397310651,3294.60347315661
2499.9139543184483,2499.9139543184483,2178.5393670503536,1929.3819131944308,3294.60347315661
2491.0591617439204,2491.0591617439204,2182.036204173745,1930.1617493031663,3294.60347315661
2485.17933680046,2485.17933680046,2187.376981641227,1929.1869147048722,3294.60347315661
2485.9303889435664,2485.9303889435664,2176.7554101034953,1937.5302268373737,3294.60347315661
2486.2020876603724,2486.2020876603724,2165.3653067054956,1946.4493533660723,3294.60347315661
2489.3472632649227,2489.3472632649227,2151.7216465858255,1951.0338450119882,3294.60347315661
2487.0567189236185,2487.0567189236185,2142.8623488524086,1952.3026730998602,3294.60347315661
2485.2843040287166,2485.2843040287166,2141.116741686445,1955.3900180385026,3294.60347315661
2474.149855647297,2474.149855647297,2138.439066972899,1964.0446922300202,3294.60347315661
2462.185980930569,2462.185980930569,2135.1883663555636,1968.4047241136927,3294.60347315661
2446.4706984049067,2446.4706984049067,2135.4264896123436,1974.1519436172714,3294.60347315661
2442.603519881329,2442.603519881329,2133.4909445123176,1979.6360109616323,3294.60347315661
2445.5975747972684,2445.5975747972684,2130.5002723003295,1977.0175291130488,3294.60347315661
2439.9088676590345,2439.9088676590345,2128.318680498243,1981.9056455450193,3294.60347315661
2433.6832761897913,2433.6832761897913,2126.644409387534,1989.2368053985554,3294.60347315661
2434.119241435478,2434.119241435478,2126.3082285661394,1998.9049718873396,3294.60347315661
2431.9004696756183,2431.9004696756183,2122.827589494493,2006.9705248182786,3294.60347315661
2430.3896525998553,2430.3896525998553,2118.9366193509973,2021.7651618375437,3294.60347315661
2431.7917287027776,2431.7917287027776,2115.9300319731597,2036.5371987348346,3294.60347315661
2431.8771223684553,2431.8771223684553,2114.8888014530316,2044.6261013311562,3294.60347315661
2429.0019985569875,2429.0019985569875,2114.8212884650916,2055.6932660333787,3294.60347315661
2428.4601466290437,2428.4601466290437,2114.774798332667,2066.7928445855505,3294.60347315661
2428.1712272312916,2428.1712272312916,2114.60140152646,2073.364710004187,3294.60347315661
2428.0215052957246,2428.0215052957246,2115.209846609222,2085.056629686449,3294.60347315661
2428.0215052957246,2428.0215052957246,2115.892479786137,2095.2317847622853,3294.60347315661
2429.153892756722,2429.153892756722,2115.7304360762855,2103.0612315435533,3294.60347315661
2430.281680101953,2430.281680101953,2116.6761257062435,2111.2666688790055,3294.60347315661
2430.4293549201784,2430.4293549201784,2116.607394600035,2111.789285524961,3294.60347315661
2430.281680101953,2430.281680101953,2115.366021893843,2120.0009388006347,3294.60347315661
2430.281680101953,2430.281680101953,2114.6638515063814,2113.3197591765133,3294.60347315661
2430.281680101953,2430.281680101953,2113.4559620365585,2116.4940018377133,3294.60347315661
2430.281680101953,2430.281680101953,2114.6008001881737,2123.8159159157503,3294.60347315661
2430.281680101953,2430.281680101953,2116.202249989537,2119.7605219106686,3294.60347315661
2430.4342817253796,2430.4342817253796,2115.792498401132,2109.525044716601,3294.60347315661
2430.598081923577,2430.598081923577,2116.0841526583035,2116.5630415332203,3294.60347315661
2430.5841886981,2430.5841886981,2115.490315913698,2125.9418519186443,3294.60347315661
2431.0007054103366,2431.0007054103366,2115.2946493372183,2120.366232851504,3294.60347315661
2430.387586852754,2430.387586852754,2114.770793111169,2130.3454070618513,3294.60347315661
2430.4886017360755,2430.4886017360755,2115.999941043718,2140.5249242767777,3294.60347315661
2431.1467301161065,2431.1467301161065,2116.103548907523,2139.224862956291,3294.60347315661
2431.1308964611653,2431.1308964611653,2117.1620596580615,2131.8810333644815,3294.60347315661
2431.6331426584798,2431.6331426584798,2115.627342914276,2132.106018024236,3294.60347315661
2430.892338851402,2430.892338851402,2115.9956246441325,2132.935306020337,3294.60347315661
2431.0571580753717,2431.0571580753717,2115.7043632317987,2130.3561597687776,3294.60347315661
2431.6533578661147,2431.6533578661147,2117.0843030196506,2128.214130311424,3294.60347315661
2430.5615353600792,2430.5615353600792,2118.2486595041823,2125.4998573292264,3294.60347315661
2430.281680101953,2430.281680101953,2118.5406886861283,2123.2402804152985,3294.60347315661
2430.4046062628877,2430.4046062628877,2119.0335290176213,2122.093015553254,3294.60347315661
2431.99944366516,2431.99944366516,2118.4899335785767,2120.84499909244,3294.60347315661
2433.004943964921,2433.004943964921,2118.944510092744,2119.9578156630496,3294.60347315661
2433.745687650379,2433.745687650379,2118.2608508868097,2119.825330131773,3294.60347315661
2438.688897337681,2438.688897337681,2119.5562063161788,2119.6100184527227,3294.60347315661
2446.5616866890023,2446.5616866890023,2117.220862706886,2118.904082233469,3294.60347315661
2457.282329994465,2457.282329994465,2117.480392081959,2118.5011561644706,3294.60347315661
2467.0729032942636,2467.0729032942636,2114.4455656622044,2118.0301821027656,3294.60347315661
2476.692938152475,2476.692938152475,2114.5290070341484,2118.0613294188906,3294.60347315661
2477.880840368746,2477.880840368746,2113.888688862933,2117.445548417403,3294.60347315661
2479.6809600857196,2479.6809600857196,2114.740896286881,2116.817846473341,3294.60347315661
2471.048680004079,2471.048680004079,2116.9172868471896,2116.5406430672974,3294.60347315661
2465.4532427845143,2465.4532427845143,2117.189820133829,2116.3581064187024,3294.60347315661
2457.2118744423783,2457.2118744423783,2117.694785905148,2116.2789893903337,3294.60347315661
2451.9575511629637,2451.9575511629637,2116.60313313194,2116.2324561766472,3294.60347315661
2444.343812209017,2444.343812209017,2118.5625160781565,2116.5165309890344,3294.60347315661
2440.561154282413,2440.561154282413,2118.193256341735,2116.4760713331693,3294.60347315661
2433.5440027734976,2433.5440027734976,2120.854960569491,2116.8722923391574,3294.60347315661
2431.550865276582,2431.550865276582,2118.937404754962,2116.587164656655,3294.60347315661
2430.381727136737,2430.381727136737,2120.2725631420954,2116.9345431469237,3294.60347315661
2430.281680101953,2430.281680101953,2118.7273092184864,2116.7759844468387,3294.60347315661
2430.281680101953,2430.281680101953,2115.9176626440685,2116.5381692014794,3294.60347315661
2430.281680101953,2430.281680101953,2115.6783356923897,2116.516013266574,3294.60347315661
2430.180310386526,2430.180310386526,2116.7368998936445,2116.662111676045,3294.60347315661
2430.281680101953,2430.281680101953,2116.9387938061013,2116.665255271334,3294.60347315661
2430.281680101953,2430.281680101953,2116.1243209426784,2116.8211148722776,3294.60347315661
2430.281680101953,2430.281680101953,2117.160793958523,2116.8662608030295,3294.60347315661
2430.0589169470313,2430.0589169470313,2115.163638924493,2116.7265241668288,3294.60347315661
2430.1987412438766,2430.1987412438766,2115.34818486425,2116.510714414248,3294.60347315661
2429.361423276224,2429.361423276224,2114.9717514390295,2116.5936682934807,3294.60347315661
2428.701968019701,2428.701968019701,2115.911885428173,2116.636882612466,3294.60347315661
2428.775789120211,2428.775789120211,2116.616417662802,2116.788248355271,3294.60347315661
2428.842127575879,2428.842127575879,2116.3803751857786,2116.8593180024527,3294.60347315661
2428.8490453298705,2428.8490453298705,2115.725319875332,2117.1159832437993,3294.60347315661
2428.1320869007454,2428.1320869007454,2114.7758002511455,2116.7002552839285,3294.60347315661
2428.0215052957246,2428.0215052957246,2115.2789566747283,2116.6364562093163,3294.60347315661
2427.891545287266,2427.891545287266,2114.1353974258645,2116.5348406079756,3294.60347315661
2428.0215052957246,2428.0215052957246,2114.601147737516,2116.429923182671,3294.60347315661
2426.956096887266,2426.956096887266,2115.7602307858747,2116.5646973886837,3294.60347315661
2427.748589277962,2427.748589277962,2115.0309775278024,2116.540933931598,3294.60347315661
2427.774581279654,2427.774581279654,2114.848814303002,2116.652486850833,3294.60347315661
2427.136411211117,2427.136411211117,2114.066989062152,2116.401657958958,3294.60347315661
2428.0215052957246,2428.0215052957246,2113.599203826764,2116.358448986301,3294.60347315661
2426.6286621659265,2426.6286621659265,2113.199952497735,2116.3235618117337,3294.60347315661
2424.1547387606565,2424.1547387606565,2114.6594023497923,2116.5066671710315,3294.60347315661
2424.072248758542,2424.072248758542,2113.2864466039955,2116.094620601289,3294.60347315661
2421.77073189108,2421.77073189108,2113.3739783680426,2116.068763635225,3294.60347315661
2421.5885030706822,2421.5885030706822,2113.103149899118,2115.6336925585642,3294.60347315661
2428.7358224039635,2428.7358224039635,2093.0252412787754,2111.5200137436022,3294.60347315661
2428.7358224039635,2428.7358224039635,2093.295717043883,2111.4919396031487,3294.60347315661
2428.7358224039635,2428.7358224039635,2093.040668995965,2111.4539148465014,3294.60347315661
2428.7358224039635,2428.7358224039635,2094.0242498085963,2111.5085212049617,3294.60347315661
2428.7358224039635,2428.7358224039635,2093.3990022024313,2111.2493474082385,3294.60347315661
2428.7358224039635,2428.7358224039635,2093.252788209481,2111.3219492762682,3294.60347315661
2428.7358224039635,2428.7358224039635,2092.6247066687392,2111.1203672415436,3294.60347315661
2428.7358224039635,2428.7358224039635,2094.097942276411,2111.470036515194,3294.60347315661
2428.7358224039635,2428.7358224039635,2094.745668922483,2111.5218190033297,3294.60347315661
2428.7358224039635,2428.7358224039635,2095.291199378504,2111.802819301824,3294.60347315661
2428.7358224039635,2428.7358224039635,2114.364920281411,2111.4871963930545,3294.60347315661
2428.7358224039635,2428.7358224039635,2113.8684603694123,2111.4878939044447,3294.60347315661
2428.7358224039635,2428.7358224039635,2114.700738070049,2111.445883203135,3294.60347315661
2428.7358224039635,2428.7358224039635,2114.223265658233,2110.9697169671704,3294.60347315661
2428.7358224039635,2428.7358224039635,2116.0523801849336,2111.0218594184594,3294.60347315661
2428.7358224039635,2428.7358224039635,2115.680929162722,2110.919177927783,3294.60347315661
2428.7358224039635,2428.7358224039635,2115.469172874439,2110.893575190043,3294.60347315661
2428.7358224039635,2428.7358224039635,2113.9102243199154,2110.5395781635452,3294.60347315661
2428.7358224039635,2428.7358224039635,2114.0168251773125,2110.686532770445,3294.60347315661
2428.7358224039635,2428.7358224039635,2112.3900424540684,2110.1098356787397,3294.60347315661
2428.7358224039635,2428.7358224039635,2112.6946027520485,2110.2386359924717,3294.60347315661
2428.6321567067575,2428.6321567067575,2113.418497784697,2110.117080832965,3294.60347315661
2428.158036851674,2428.158036851674,2114.2000994238133,2110.540441244201,3294.60347315661
2428.7358224039635,2428.7358224039635,2115.1573666276354,2110.8176577638833,3294.60347315661
2428.7358224039635,2428.7358224039635,2116.1273070162415,2111.1116536832296,3294.60347315661
2428.7358224039635,2428.7358224039635,2115.5062135549547,2110.673040660045,3294.60347315661
2428.7358224039635,2428.7358224039635,2116.7305342410805,2110.8519232770395,3294.60347315661
2428.7358224039635,2428.7358224039635,2117.9288556725687,2110.900485109524,3294.60347315661
2428.388322913507,2428.388322913507,2117.2647840461564,2110.707330787972,3294.60347315661
2421.6233614193566,2421.6233614193566,2118.257229023954,2110.7285536986324,3294.60347315661
2428.7358224039635,2428.7358224039635,2118.9081434065165,2110.9506277009255,3294.60347315661
2428.7358224039635,2428.7358224039635,2118.539631394463,2110.830656824052,3294.60347315661
2432.0722326158966,2432.0722326158966,2117.1675459109647,2110.791573340759,3294.60347315661
2431.7151271162743,2431.7151271162743,2115.6072925480644,2110.615832740936,3294.60347315661
2429.317598539714,2429.317598539714,2113.741166913441,2110.583812028762,3294.60347315661
2426.0305507855633,2426.0305507855633,2115.9389961848237,2110.715775921943,3294.60347315661
2424.7596697485105,2424.7596697485105,2114.698470260684,2110.836457278947,3294.60347315661
2420.0530573386927,2420.0530573386927,2114.3051777944584,2110.70572933347,3294.60347315661
2406.450860852775,2406.450860852775,2113.6793365581057,2110.6161186144204,3294.60347315661
2392.4849590971367,2392.4849590971367,2113.7252538339576,2110.5533749179203,3294.60347315661
2379.3554242475143,2379.3554242475143,2113.7246961878486,2110.54352078132,3294.60347315661
2383.9815530055985,2383.9815530055985,2113.539090605544,2110.5322794395997,3294.60347315661
2370.8748807341926,2370.8748807341926,2113.4928666055143,2110.5203838012617,3294.60347315661
2365.1901421348452,2365.1901421348452,2114.1921048775394,2110.6408559040137,3294.60347315661
2370.2522452012836,2370.2522452012836,2114.49026236013,2110.7620237354354,3294.60347315661
2349.909379270469,2349.909379270469,2131.350734148393,2114.345932252075,3294.60347315661
2354.776498295955,2354.776498295955,2130.7808222350004,2114.0607412559884,3294.60347315661
2351.405283652209,2351.405283652209,2130.924435270495,2114.2333270667696,3294.60347315661
2398.931761349075,2398.931761349075,2130.216581784617,2113.9846392977347,3294.60347315661
2392.553351271407,2392.553351271407,2186.1549997828124,2125.163744894659,3294.60347315661
2384.301129132331,2384.301129132331,2185.700411923807,2129.078554910326,3294.60347315661
2462.3197997185966,2462.3197997185966,2213.6981758145816,2134.6127711937397,3294.60347315661
2466.7426045620155,2466.7426045620155,2241.682361403513,2140.248722282771,3294.60347315661
2468.47310890328,2468.47310890328,2227.748929055442,2137.385791753383,3294.60347315661
2421.6473504996893,2421.6473504996893,2219.4750854646204,2135.9772403878733,3294.60347315661
2461.7404891994734,2461.7404891994734,2257.537477159292,2147.202870042037,3294.60347315661
2395.0355541176764,2395.0355541176764,2294.259777451279,2154.3877554124965,3294.60347315661
2453.447481522391,2453.447481522391,2274.7533566551147,2150.3644099425105,3294.60347315661
2427.3454700218144,2427.3454700218144,2305.216416351818,2156.0787887836022,3294.60347315661
2391.366606109338,2391.366606109338,2277.9551566222826,2161.6965363434156,3294.60347315661
2404.6132578153347,2404.6132578153347,2278.131804748573,2161.831931803759,3294.60347315661
2407.8537785095864,2407.8537785095864,2249.8684917650235,2161.812777472862,3294.60347315661
2409.2137140508603,2409.2137140508603,2221.667592353119,2161.642093139385,3294.60347315661
2426.1304993792696,2426.1304993792696,2235.702853875226,2161.681709396781,3294.60347315661
2424.470299124383,2424.470299124383,2298.568573145909,2172.4804789800683,3294.60347315661
2426.2275868411234,2426.2275868411234,2242.569145565535,2172.5805133225995,3294.60347315661
2425.322281528998,2425.322281528998,2205.956422067478,2172.4852052511046,3294.60347315661
2418.192313945678,2418.192313945678,2224.6662409208684,2172.515613262701,3294.60347315661
2411.432514282953,2411.432514282953,2197.8960737470466,2172.854638497549,3294.60347315661
2433.456665943568,2433.456665943568,2170.2364997047334,2173.265827793548,3294.60347315661
2409.8909478334404,2409.8909478334404,2169.7068827934395,2173.234387812037,3294.60347315661
2409.4037741320676,2409.4037741320676,2169.953380911993,2173.119754098321,3294.60347315661
2408.548229819534,2408.548229819534,2171.776249947811,2173.157323244184,3294.60347315661
2419.73379260185,2419.73379260185,2171.0817469327117,2172.8665854577966,3294.60347315661
2423.2510574345533,2423.2510574345533,2096.48660119816,2168.552337816452,3294.60347315661
2463.4435992419562,2463.4435992419562,2076.677319035182,2164.814734418645,3294.60347315661
2407.1188045669724,2407.1188045669724,2061.527987254147,2161.4446958537173,3294.60347315661
2408.606530575543,2408.606530575543,2063.1130151265597,2161.5524451534993,3294.60347315661
2414.6427137940946,2414.6427137940946,2040.8642337771926,2157.5745284437558,3294.60347315661
2407.7953881019052,2407.7953881019052,2019.4990028680713,2153.5141825623714,3294.60347315661
2411.323692687976,2411.323692687976,2020.8492013294194,2153.6225993966177,3294.60347315661
2425.5598461082573,2425.5598461082573,2021.3655834760514,2153.6849445146386,3294.60347315661
2406.385266929889,2406.385266929889,1998.1909601989191,2149.362006101775,3294.60347315661
2428.9231752251694,2428.9231752251694,1999.877089758101,2149.720544899804,3294.60347315661
2438.741036289844,2438.741036289844,2056.527475507965,2157.109599535357,3294.60347315661
2443.41047016255,2443.41047016255,2104.6675192433204,2162.560439030345,3294.60347315661
2408.640142924825,2408.640142924825,2156.075273041812,2169.7200564099435,3294.60347315661
2452.956840160311,2452.956840160311,2133.3682074411895,2165.3650510828456,3294.60347315661
2408.0188086318176,2408.0188086318176,2188.6515523208554,2172.568971596306,3294.60347315661
2393.189708489571,2393.189708489571,2189.6482518123466,2168.6987821580497,3294.60347315661
2400.8524163634193,2400.8524163634193,2188.1683358566024,2168.5113273303687,3294.60347315661
2429.6575102351107,2429.6575102351107,2187.969337321695,2168.5709938578693,3294.60347315661
2460.9919493385164,2460.9919493385164,2251.168688424839,2176.8971704656396,3294.60347315661
2440.9530707428435,2440.9530707428435,2285.9711173779206,2184.07634739988,3294.60347315661
2458.703330032549,2458.703330032549,2277.042886027487,2189.620124268828,3294.60347315661
2425.5846962995506,2425.5846962995506,2285.2061204472157,2193.331516290109,3294.60347315661
2436.3616355261465,2436.3616355261465,2221.9756610444347,2187.9590241718297,3294.60347315661
2451.302156822997,2451.302156822997,2264.324192899942,2192.045002608735,3294.60347315661
2474.143821569059,2474.143821569059,2275.4815965679527,2201.621974552973,3294.60347315661
2433.1624541476317,2433.1624541476317,2340.4807279951087,2199.5639278005087,3294.60347315661
2440.1858848050733,2440.1858848050733,2387.6817920002104,2208.9076033456495,3294.60347315661
2479.4265048105844,2479.4265048105844,2413.992208484292,2208.6298003918114,3294.60347315661
2427.1791555617824,2427.1791555617824,2418.6344054804904,2212.2875792810355,3294.60347315661
2395.3684360987822,2395.3684360987822,2402.405857901847,2219.0077331691614,3294.60347315661
2439.8481841442476,2439.8481841442476,2386.583701155014,2223.041847406907,3294.60347315661
2447.145010399082,2447.145010399082,2330.0509443182927,2207.8342097219092,3294.60347315661
2455.4982967939777,2455.4982967939777,2337.478490510411,2196.6027667836565,3294.60347315661
2455.0537785815936,2455.0537785815936,2391.5794254170733,2215.4102163611265,3294.60347315661
2484.264107397448,2484.264107397448,2416.014143113257,2223.781519905261,3294.60347315661
2478.084742424301,2478.084742424301,2390.202087108416,2222.0133138977353,3294.60347315661
2500.1644800384365,2500.1644800384365,2364.98209966064,2226.2776623280624,3294.60347315661
2480.420669822374,2480.420669822374,2333.7794773328337,2225.4119975053727,3294.60347315661
2486.9578704884357,2486.9578704884357,2283.093230968093,2224.5727070040307,3294.60347315661
2503.6884767245065,2503.6884767245065,2309.042795313183,2233.675721456753,3294.60347315661
2514.0199299847854,2514.0199299847854,2342.0450665831368,2231.7371460943523,3294.60347315661
2474.0356930084986,2474.0356930084986,2407.033137365116,2240.7270080818253,3294.60347315661
2420.1421115947123,2420.1421115947123,2473.087947226326,2250.0290718154265,3294.60347315661
2423.231736011469,2423.231736011469,2426.275908819946,2255.7321499409422,3294.60347315661
2488.9203240407646,2488.9203240407646,2382.6516799480705,2260.7326411454655,3294.60347315661
2497.285626910034,2497.285626910034,2408.7246015599603,2269.7109342687804,3294.60347315661
2514.343200713112,2514.343200713112,2387.6592652019376,2269.8681388097625,3294.60347315661
2490.8542005389154,2490.8542005389154,2409.6439421916148,2273.3501097612975,3294.60347315661
2466.7134380542902,2466.7134380542902,2449.1128190257036,2280.0400208196093,3294.60347315661
2508.6439753259433,2508.6439753259433,2431.0082238024906,2285.6610168307084,3294.60347315661
2510.172180043275,2510.172180043275,2430.7592668874063,2298.591679232202,3294.60347315661
2431.1639227610194,2431.1639227610194,2431.999559280541,2311.791456130897,3294.60347315661
2436.376344983319,2436.376344983319,2366.1585290201983,2310.955180168637,3294.60347315661
2455.461893034387,2455.461893034387,2317.63978939181,2306.6375047939923,3294.60347315661
2438.967762809796,2438.967762809796,2270.5939951164733,2306.678593413322,3294.60347315661
2464.7065672481403,2464.7065672481403,2224.3456927512825,2310.6802722454227,3294.60347315661
2542.8919067761367,2542.8919067761367,2251.058523221044,2315.910003188087,3294.60347315661
2476.5057971261804,2476.5057971261804,2279.882709243405,2325.053534914768,3294.60347315661
2496.096176037706,2496.096176037706,2321.4219865123077,2344.6862260822863,3294.60347315661
2449.4822669253995,2449.4822669253995,2320.9079762211873,2349.8671941233256,3294.60347315661
2467.2590662661223,2467.2590662661223,2352.4904891306514,2357.784281956739,3294.60347315661
2532.9303521385127,2532.9303521385127,2342.654540861951,2359.388860454623,3294.60347315661
2542.648662243691,2542.648662243691,2408.495769717674,2361.4392795038093,3294.60347315661
2466.3763593117887,2466.3763593117887,2474.891652368854,2374.942193779525,3294.60347315661
2508.5548890331324,2508.5548890331324,2521.2538382912617,2373.1990506074035,3294.60347315661
2501.013409797678,2501.013409797678,2597.602666829167,2392.2711552487867,3294.60347315661
2526.8937586624684,2526.8937586624684,2617.8744488194116,2401.851225780649,3294.60347315661
2529.534240504947,2529.534240504947,2616.8721394271997,2410.8340953358693,3294.60347315661
2486.54853218329,2486.54853218329,2535.9391136488434,2401.6403111270874,3294.60347315661
2489.943315614937,2489.943315614937,2535.7042757876116,2399.8138258052636,3294.60347315661
2474.957493812521,2474.957493812521,2507.0957200948274,2403.794848770207,3294.60347315661
2472.724305705046,2472.724305705046,2497.850693350813,2401.9177750353424,3294.60347315661
2509.770861950061,2509.770861950061,2478.983397793524,2412.840826853627,3294.60347315661
2495.2604192419253,2495.2604192419253,2479.2343259915665,2417.9242203978497,3294.60347315661
2472.280051734857,2472.280051734857,2497.873126492983,2417.6773565924086,3294.60347315661
2463.913750919682,2463.913750919682,2449.1074794406563,2413.9965055378957,3294.60347315661
2475.5872259110997,2475.5872259110997,2428.2455683641288,2409.9639810534327,3294.60347315661
2488.1295702198713,2488.1295702198713,2409.232217973629,2409.882097233736,3294.60347315661
2504.551451331956,2504.551451331956,2440.3710527793974,2405.987640586869,3294.60347315661
2452.2456837893656,2452.2456837893656,2458.3638259004715,2411.0054194049885,3294.60347315661
2514.51270622253,2514.51270622253,2422.810788987313,2411.0402663366667,3294.60347315661
2517.7331731111744,2517.7331731111744,2432.0827441997317,2422.32413501163,3294.60347315661
2494.5958049605524,2494.5958049605524,2451.4407550615897,2435.6332797638624,3294.60347315661
2485.46240673761,2485.46240673761,2451.3078550617256,2429.8699063267804,3294.60347315661
2499.673720324217,2499.673720324217,2451.952119559192,2424.864951881596,3294.60347315661
2489.0392632011426,2489.0392632011426,2427.767116496944,2421.509511415602,3294.60347315661
2509.1150122659333,2509.1150122659333,2396.7491669906885,2416.317394519442,3294.60347315661
2456.7604379503678,2456.7604379503678,2415.874706372467,2426.301143041663,3294.60347315661
2439.807789499586,2439.807789499586,2420.308446937605,2433.4306837807712,3294.60347315661
2443.1498874503754,2443.1498874503754,2406.529749955558,2430.502810333464,3294.60347315661
2475.572870798214,2475.572870798214,2446.3478013718222,2431.9008132944045,3294.60347315661
2526.388802135522,2526.388802135522,2437.4411176224885,2428.4057310631047,3294.60347315661
2522.849989140892,2522.849989140892,2437.2016969203637,2428.45602970267,3294.60347315661
2514.713759832604,2514.713759832604,2394.2759853907314,2423.4699216409376,3294.60347315661
2508.8540579020755,2508.8540579020755,2394.178783299103,2427.1703725518023,3294.60347315661
2500.542093055296,2500.542093055296,2437.192563404704,2427.2031037845504,3294.60347315661
2505.167776945352,2505.167776945352,2487.7005205651376,2436.325645592082,3294.60347315661
2416.904810485659,2416.904810485659,2488.099089928707,2441.9921725890813,3294.60347315661
2432.8980009499046,2432.8980009499046,2493.9999004130127,2442.408100058233,3294.60347315661
2507.748834401826,2507.748834401826,2467.5425158971602,2437.8096687523976,3294.60347315661
2431.811593036981,2431.811593036981,2440.8582898245136,2433.9206178818254,3294.60347315661
2481.201865933349,2481.201865933349,2489.3544174747485,2439.876702701946,3294.60347315661
2433.9461106445515,2433.9461106445515,2447.6466117446753,2444.7536462475655,3294.60347315661
2467.407053588963,2467.407053588963,2470.10619373572,2453.963202509719,3294.60347315661
2453.3722865321424,2453.3722865321424,2455.556583318066,2464.162890192121,3294.60347315661
2399.1502884992346,2399.1502884992346,2391.35812853457,2460.605590941208,3294.60347315661
2474.989646328546,2474.989646328546,2376.9973364859934,2461.5134082450713,3294.60347315661
2442.8638295577907,2442.8638295577907,2356.8403746685167,2457.3837056741036,3294.60347315661
2467.1611041581846,2467.1611041581846,2394.9141939386254,2457.106541543497,3294.60347315661
2398.596792154341,2398.596792154341,2416.928908810044,2457.0138552701687,3294.60347315661
2475.4287280127714,2475.4287280127714,2443.8682966138404,2452.196179378463,3294.60347315661
2490.162863419564,2490.162863419564,2413.304724504455,2454.006739430447,3294.60347315661
2491.38342293859,2491.38342293859,2454.4722930319595,2453.9489509104224,3294.60347315661
2508.238327459821,2508.238327459821,2473.0745396812126,2453.599779972191,3294.60347315661
2471.0233439574563,2471.0233439574563,2447.9139377950382,2449.494910092876,3294.60347315661
2474.1646174496163,2474.1646174496163,2462.5906934105706,2433.6031962574884,3294.60347315661
2430.5165395006925,2430.5165395006925,2458.106812932151,2429.5598810676192,3294.60347315661
2450.199196897648,2450.199196897648,2423.639491017791,2418.7371759922216,3294.60347315661
2379.4143553200634,2379.4143553200634,2327.3923019092285,2415.3971791955737,3294.60347315661
2384.20080728736,2384.20080728736,2298.515456200107,2409.5760913526683,3294.60347315661
2306.84370480665,2306.84370480665,2277.6996883362563,2406.316973026749,3294.60347315661
2355.7515742631545,2355.7515742631545,2272.858211390951,2409.008243038475,3294.60347315661
2277.745816121791,2277.745816121791,2297.049165958383,2417.562104543394,3294.60347315661
2307.8346459640925,2307.8346459640925,2291.2381232514535,2416.000539424169,3294.60347315661
2314.3257939508735,2314.3257939508735,2329.920480338973,2415.9043808620745,3294.60347315661
2267.203783924517,2267.203783924517,2340.26383624092,2411.8344676175416,3294.60347315661
2232.3887305951607,2232.3887305951607,2284.7642327221997,2400.863613939234,3294.60347315661
2269.406254893314,2269.406254893314,2343.800983389971,2405.6509290754907,3294.60347315661
2318.764471901493,2318.764471901493,2412.6839393055793,2409.8597565008104,3294.60347315661
2308.2263247517253,2308.2263247517253,2452.24761890651,2408.3528499538756,3294.60347315661
2272.266343597583,2272.266343597583,2457.6468283951185,2413.2841809083097,3294.60347315661
2268.201228528821,2268.201228528821,2466.0216800115936,2415.796030200848,3294.60347315661
2309.8790869764307,2309.8790869764307,2448.4946398213115,2416.9728814953382,3294.60347315661
2263.264856272047,2263.264856272047,2446.3499731825823,2415.00896304834,3294.60347315661
2242.216165614239,2242.216165614239,2438.260950523537,2413.1661470549434,3294.60347315661
2254.0908070156393,2254.0908070156393,2452.7466983367817,2416.830383985509,3294.60347315661
2302.0690078262505,2302.0690078262505,2532.7571587434422,2428.0652122897845,3294.60347315661
2273.285621539794,2273.285621539794,2518.4869022474572,2426.173368250489,3294.60347315661
2228.9626875273316,2228.9626875273316,2507.7558429469614,2427.3492357026817,3294.60347315661
2231.102768534808,2231.102768534808,2435.332869363466,2414.1134738354576,3294.60347315661
2240.3084855428137,2240.3084855428137,2362.3692089420574,2396.4884624223573,3294.60347315661
2244.1446026624435,2244.1446026624435,2333.018177719668,2394.9114422202833,3294.60347315661
2239.0464364687905,2239.0464364687905,2317.4081576698673,2393.014173645239,3294.60347315661
2287.9475833105653,2287.9475833105653,2317.710093781902,2399.695784726574,3294.60347315661
2219.0041224239617,2219.0041224239617,2317.964737317225,2397.9233378585677,3294.60347315661
2240.4079346898625,2240.4079346898625,2315.881270400186,2392.5681253846055,3294.60347315661
2212.116478652145,2212.116478652145,2268.1668199065775,2384.1584721580725,3294.60347315661
2242.7367170390494,2242.7367170390494,2253.5124390668493,2379.256038078117,3294.60347315661
2218.363300379337,2218.363300379337,2253.1603741503454,2379.181330450148,3294.60347315661
2271.0918198188588,2271.0918198188588,2309.4189200944447,2382.488754674914,3294.60347315661
2287.1513361078746,2287.1513361078746,2425.370632609301,2393.3909309793144,3294.60347315661
2262.776376647686,2262.776376647686,2409.844019238727,2379.009362573079,3294.60347315661
2239.4597025159846,2239.4597025159846,2450.3609197595247,2393.557035248209,3294.60347315661
2314.0595727817363,2314.0595727817363,2435.8070406160487,2392.8359541026393,3294.60347315661
2279.0855339965847,2279.0855339965847,2436.059702507905,2394.0239616965355,3294.60347315661
2328.081321192092,2328.081321192092,2421.2916344189152,2398.554826561475,3294.60347315661
2349.0968327851897,2349.0968327851897,2425.4675464635407,2393.8525141535824,3294.60347315661
2323.933114292644,2323.933114292644,2407.8379217848765,2389.455547501389,3294.60347315661
2304.5452031127043,2304.5452031127043,2381.0954579347067,2376.4175832493643,3294.60347315661
2325.4417123849503,2325.4417123849503,2336.7601284770326,2366.454998608312,3294.60347315661
2306.7496379928207,2306.7496379928207,2266.1597358723698,2357.8492188310206,3294.60347315661
2317.662874663127,2317.662874663127,2341.2004110112243,2364.588499874433,3294.60347315661
2318.542816348311,2318.542816348311,2342.57392556956,2371.177361755729,3294.60347315661
2288.323694246968,2288.323694246968,2352.6408204965373,2368.7492102657047,3294.60347315661
2342.0696058076796,2342.0696058076796,2347.4321332050436,2373.9276007785365,3294.60347315661
2322.70148097633,2322.70148097633,2343.473394257979,2374.7313667309563,3294.60347315661
2282.6743831629005,2282.6743831629005,2344.7383345143917,2371.1788184700304,3294.60347315661
2227.716153959134,2227.716153959134,2419.9256953941153,2388.7127883766534,3294.60347315661
2246.984498986213,2246.984498986213,2430.7630341340728,2397.0917296943335,3294.60347315661
2211.4683853087786,2211.4683853087786,2532.4001152309515,2413.231930414481,3294.60347315661
2293.305073426518,2293.305073426518,2544.9056027034358,2411.290401704456,3294.60347315661
2229.177142515081,2229.177142515081,2437.5113275095273,2397.519123098148,3294.60347315661
2255.9231681315196,2255.9231681315196,2325.3655045468554,2376.8406294734236,3294.60347315661
2258.73271122589,2258.73271122589,2302.048298914962,2370.9112453984067,3294.60347315661
2239.826111822679,2239.826111822679,2279.9791410063563,2363.939332912013,3294.60347315661
2251.779199051966,2251.779199051966,2331.837170678455,2373.0460336184638,3294.60347315661
2248.717820056174,2248.717820056174,2332.659485057157,2380.757868937022,3294.60347315661
2244.1910916504885,2244.1910916504885,2267.9348454737146,2373.539560793403,3294.60347315661
2253.263953224448,2253.263953224448,2256.5533302058257,2365.8656078743825,3294.60347315661
2212.8506226161508,2212.8506226161508,2215.575464869687,2365.8974996071165,3294.60347315661
2245.8678381069863,2245.8678381069863,2181.0892565886343,2355.9788873431594,3294.60347315661
2240.2309880527064,2240.2309880527064,2228.4002930367683,2349.9948457031833,3294.60347315661
2254.640263125731,2254.640263125731,2301.594254982562,2347.460552505674,3294.60347315661
2244.4012633137845,2244.4012633137845,2280.273496731652,2337.69595010822,3294.60347315661
2140.2630327864563,2140.2630327864563,2260.347459688302,2328.3566347449664,3294.60347315661
2238.0180304341084,2238.0180304341084,2203.2052599498497,2323.1377459410774,3294.60347315661
2237.990163594846,2237.990163594846,2187.347426148287,2311.675922417991,3294.60347315661
2222.430554547028,2222.430554547028,2178.591512955976,2305.5604829351064,3294.60347315661
2200.7692191609353,2200.7692191609353,2163.588733024142,2297.0321858898187,3294.60347315661
2214.28005341585,2214.28005341585,2131.6458302491546,2305.1600917842543,3294.60347315661
2191.913035509646,2191.913035509646,2166.4731598758126,2316.7996775299107,3294.60347315661
2192.102277687814,2192.102277687814,2143.5799445071416,2312.107199060678,3294.60347315661
2178.9707255040107,2178.9707255040107,2075.6855603222375,2299.116033036148,3294.60347315661
2201.519041311253,2201.519041311253,2085.992844472265,2291.3525002462934,3294.60347315661
2200.532073250458,2200.532073250458,2094.135659596963,2283.5908192009138,3294.60347315661
2199.1670416325283,2199.1670416325283,2097.325065098642,2279.426504880768,3294.60347315661
2223.6544447097767,2223.6544447097767,2083.1607920789443,2274.674716852464,3294.60347315661
2200.44888529091,2200.44888529091,2055.5609959038693,2265.97019430251,3294.60347315661
2229.5169663571637,2229.5169663571637,2041.5971312352153,2254.719537306793,3294.60347315661
2159.0784843160673,2159.0784843160673,2015.4695443458918,2246.370216634544,3294.60347315661
2160.446494443449,2160.446494443449,1954.1797494084087,2222.561500889732,3294.60347315661
2175.618292188631,2175.618292188631,1973.5655955230861,2224.85151431755,3294.60347315661
2173.4754716422167,2173.4754716422167,1980.653227690993,2205.174494622441,3294.60347315661
2199.444899191422,2199.444899191422,1961.8398799443657,2196.559068111956,3294.60347315661
2119.441084465139,2119.441084465139,1968.776174254112,2190.1341135501552,3294.60347315661
2123.8910178147275,2123.8910178147275,1975.2692109195116,2190.2220201808873,3294.60347315661
2115.197636365578,2115.197636365578,1999.7113806319837,2189.5234836861528,3294.60347315661
2122.472937437567,2122.472937437567,2027.6587272932823,2189.9343554041916,3294.60347315661
2115.197636365578,2115.197636365578,2051.8062295272357,2188.8616916252986,3294.60347315661
2187.411992182831,2187.411992182831,2078.1414605780265,2194.6464830547425,3294.60347315661
2127.1121624143143,2127.1121624143143,2100.1392967312245,2189.357413061503,3294.60347315661
2186.0025619231733,2186.0025619231733,2090.1985185759972,2174.6511358305042,3294.60347315661
2135.998422876001,2135.998422876001,2118.5367702614535,2160.36706356082,3294.60347315661
2184.283292921953,2184.283292921953,2116.79567650421,2149.390039313491,3294.60347315661
2159.867945394924,2159.867945394924,2091.232226721578,2138.8941322534624,3294.60347315661
2144.754953629522,2144.754953629522,2104.4220112179432,2142.4117435728804,3294.60347315661
2152.799857425059,2152.799857425059,2063.7085513403454,2133.317527051344,3294.60347315661
2218.8259127089786,2218.8259127089786,2016.173212449407,2109.1838588152496,3294.60347315661
2183.7633448787624,2183.7633448787624,2017.0972148307926,2106.1285277646425,3294.60347315661
2154.009367785918,2154.009367785918,1964.6534561590663,2081.0971512403653,3294.60347315661
2192.252668601661,2192.252668601661,1939.6895159336655,2068.314195707549,3294.60347315661
2178.7308969715796,2178.7308969715796,1888.1027833881321,2064.7694270062248,3294.60347315661
2202.011967716824,2202.011967716824,1888.7550990509567,2073.0449824616403,3294.60347315661
2156.7540890625983,2156.7540890625983,1865.486643046308,2062.07770813976,3294.60347315661
2168.235714831576,2168.235714831576,1847.0107747869326,2052.300459009578,3294.60347315661
2125.8247537907596,2125.8247537907596,1789.4772173020392,2033.939752897597,3294.60347315661
2154.8647549802668,2154.8647549802668,1830.0937612819348,2032.804382296299,3294.60347315661
2145.6284483163026,2145.6284483163026,1893.395828621072,2034.2760554447211,3294.60347315661
2160.092636766023,2160.092636766023,1852.96087857739,2025.4100374389554,3294.60347315661
2178.7593887808557,2178.7593887808557,1859.546455220686,2009.891349310565,3294.60347315661
2187.134081377431,2187.134081377431,1883.8309768000022,2008.8625397498222,3294.60347315661
2177.0424480261267,2177.0424480261267,1935.8845418085798,2006.2662767605873,3294.60347315661
2184.4500885280377,2184.4500885280377,1928.2318159508118,1998.372494655291,3294.60347315661
2164.101804254754,2164.101804254754,1972.6446495325376,2000.5519386999376,3294.60347315661
2178.0767931286564,2178.0767931286564,2051.7395458275064,2010.5788762374184,3294.60347315661
2150.502059593659,2150.502059593659,2098.5908252352156,2013.0168659546707,3294.60347315661
2130.540153074592,2130.540153074592,2094.9078779789993,2014.3164726624416,3294.60347315661
2145.3788906747063,2145.3788906747063,2079.4638728083296,2014.4505274151923,3294.60347315661
2186.214738765837,2186.214738765837,2119.9519588091853,2016.682682595964,3294.60347315661
2174.635528601918,2174.635528601918,2165.1509571069646,2016.5923746821272,3294.60347315661
2138.904183790765,2138.904183790765,2223.6223763725097,2020.2923830491618,3294.60347315661
2179.193733524328,2179.193733524328,2205.251166174232,2018.6005210940054,3294.60347315661
2229.8000193841117,2229.8000193841117,2211.565865488829,2025.5485556886085,3294.60347315661
2167.172668264183,2167.172668264183,2188.440401351557,2021.0414500757959,3294.60347315661
2163.848652009913,2163.848652009913,2144.5835378387233,2020.66845188577,3294.60347315661
2140.904995778084,2140.904995778084,2125.5837038285786,2018.6685937006578,3294.60347315661
2206.891808430115,2206.891808430115,2090.980521167583,2015.880418480169,3294.60347315661
2240.0261010215277,2240.0261010215277,2059.8596549140266,2015.3102592172231,3294.60347315661
2139.191911399144,2139.191911399144,2029.5790441929373,2014.2790651875082,3294.60347315661
2172.3380332656143,2172.3380332656143,2005.6498307132667,2014.628431955602,3294.60347315661
2195.942703240637,2195.942703240637,2008.6300942652706,2031.1824520205344,3294.60347315661
2209.153526394469,2209.153526394469,2024.4655273514895,2028.7805074596863,3294.60347315661
2179.2114989796914,2179.2114989796914,2025.409486426394,2034.499807435689,3294.60347315661
2188.0758656459093,2188.0758656459093,2005.2504677762481,2029.7235676421724,3294.60347315661
2189.0449937074286,2189.0449937074286,2017.5403133608172,2030.4212797071116,3294.60347315661
2240.6117363577573,2240.6117363577573,2029.598078183591,2029.534367153474,3294.60347315661
2206.997173784454,2206.997173784454,2067.1939824575325,2029.376938845279,3294.60347315661
2198.8721905895386,2198.8721905895386,2046.028435818078,2018.9842009221823,3294.60347315661
2148.3143553112586,2148.3143553112586,2025.162705220088,2008.9503603260787,3294.60347315661
2172.721089768902,2172.721089768902,2084.9989846068174,2015.9999367613605,3294.60347315661
2207.9603153858275,2207.9603153858275,2082.5032738831956,2027.655247450929,3294.60347315661
2161.9027154686355,2161.9027154686355,2032.6956408709295,2017.279931918673,3294.60347315661
2194.8897582573773,2194.8897582573773,2026.5452384129026,2016.101501065979,3294.60347315661
2150.9228228804586,2150.9228228804586,2077.7715997919645,2021.9187522997229,3294.60347315661
2148.2519012389325,2148.2519012389325,2033.213725840587,2018.8175795309132,3294.60347315661
2193.941638842438,2193.941638842438,2015.0091195701982,2011.651788823925,3294.60347315661
2116.0222903033323,2116.0222903033323,1989.2716574546769,2014.4895600681455,3294.60347315661
2159.2286479470536,2159.2286479470536,2016.507523573809,2019.0510631470634,3294.60347315661
2189.589550387438,2189.589550387438,2027.7109540570302,2011.073108171326,3294.60347315661
2146.6746025272873,2146.6746025272873,1992.358300913444,2021.5409057122358,3294.60347315661
2162.0541047082893,2162.0541047082893,1929.1459880729822,2025.5465418787924,3294.60347315661
2140.705907844274,2140.705907844274,2016.3719445308557,2042.9337641472175,3294.60347315661
2134.610616724441,2134.610616724441,2021.0519679810182,2042.5608748519912,3294.60347315661
2127.6795055813027,2127.6795055813027,2003.119766779088,2049.445377046279,3294.60347315661
2191.9125621996295,2191.9125621996295,2045.446552623859,2058.5047350982986,3294.60347315661
2138.2094510147044,2138.2094510147044,2069.51284954584,2067.6589152726847,3294.60347315661
2214.848015453238,2214.848015453238,2077.559346975984,2063.9826772069555,3294.60347315661
2135.779948925539,2135.779948925539,2101.7732011516396,2060.726537653177,3294.60347315661
2135.6122316143383,2135.6122316143383,2137.6617735735495,2068.013287170558,3294.60347315661
2128.8871553251183,2128.8871553251183,2133.577957017383,2076.347206071575,3294.60347315661
2135.504075355335,2135.504075355335,2159.082194502659,2080.596785419323,3294.60347315661
2188.4718457769463,2188.4718457769463,2121.5121308102052,2080.0592819475423,3294.60347315661
2182.6344207553575,2182.6344207553575,2120.55835996096,2081.0261836540208,3294.60347315661
2196.015673696548,2196.015673696548,2148.1420184601675,2084.544850831805,3294.60347315661
2199.7134773470043,2199.7134773470043,2149.5649962404646,2078.069825180891,3294.60347315661
2127.9619625294195,2127.9619625294195,2151.056753897901,2078.152101005222,3294.60347315661
2190.7272822160994,2190.7272822160994,2161.781104398405,2077.3573224908364,3294.60347315661
2188.536927969387,2188.536927969387,2134.202324401257,2071.674227971762,3294.60347315661
2206.758018919774,2206.758018919774,2113.3349381349276,2066.6898830357068,3294.60347315661
2197.6305147985536,2197.6305147985536,2090.308731681027,2061.3787609863875,3294.60347315661
2202.0174707110705,2202.0174707110705,2065.4870356004735,2048.969717264916,3294.60347315661
2189.4341767376063,2189.4341767376063,2059.8212999494854,2050.973308702593,3294.60347315661
2175.7377631798263,2175.7377631798263,2052.6909524929533,2049.2512010548458,3294.60347315661
2127.667921323235,2127.667921323235,2076.878585304756,2062.2324876224443,3294.60347315661
2127.7012457951137,2127.7012457951137,2072.841425076384,2063.721402628422,3294.60347315661
2131.8328659779972,2131.8328659779972,2068.1720702423204,2066.66977428797,3294.60347315661
2184.014620137461,2184.014620137461,2049.6272484559695,2069.0866679485134,3294.60347315661
2130.448915266994,2130.448915266994,2050.416888230631,2069.7856746350826,3294.60347315661
2192.7023627212243,2192.7023627212243,2073.880041153822,2075.5500824278834,3294.60347315661
2140.6519325242016,2140.6519325242016,2100.8832333417545,2080.425441512085,3294.60347315661
2135.979559900372,2135.979559900372,2128.092179891779,2072.8621343902178,3294.60347315661
2136.0039575872197,2136.0039575872197,2135.730988375167,2073.2264009073288,3294.60347315661
2161.0919948044625,2161.0919948044625,2143.3579101575497,2072.840885801077,3294.60347315661
2127.7012457951137,2127.7012457951137,2082.636855318061,2077.709765130807,3294.60347315661
2159.7685147829848,2159.7685147829848,2084.9818988029033,2077.2097197168396,3294.60347315661
2131.6984864951,2131.6984864951,2121.9332506907786,2085.1368087894075,3294.60347315661
2123.745932060473,2123.745932060473,2148.5061424029454,2085.3490999375963,3294.60347315661
2135.050457250421,2135.050457250421,2174.536649409659,2095.487317353399,3294.60347315661
2183.405293449372,2183.405293449372,2175.172075899137,2105.5519565636932,3294.60347315661
2120.652515938969,2120.652515938969,2149.6636670837206,2093.358378007466,3294.60347315661
2133.6968455842116,2133.6968455842116,2148.3243363470283,2086.0263468829844,3294.60347315661
2160.8021840795254,2160.8021840795254,2146.8468744998886,2096.0566476331205,3294.60347315661
2128.8871553251183,2128.8871553251183,2122.020511198035,2091.9359403581034,3294.60347315661
2190.189640374672,2190.189640374672,2146.852759565333,2091.525997085481,3294.60347315661
2134.057032894878,2134.057032894878,2145.6771006024824,2099.702394669219,3294.60347315661
2154.99734304233,2154.99734304233,2111.842205781003,2104.503426031569,3294.60347315661
2186.4130726382587,2186.4130726382587,2124.9376907776373,2112.482306602188,3294.60347315661
2168.904169423817,2168.904169423817,2126.2265196227163,2117.4311165631807,3294.60347315661
2181.9524140225726,2181.9524140225726,2098.989303012665,2119.8076263548205,3294.60347315661
2120.746401821128,2120.746401821128,2097.514712601901,2114.389660345157,3294.60347315661
2144.3194195251917,2144.3194195251917,2098.842819583141,2119.965713185016,3294.60347315661
2191.174219003314,2191.174219003314,2093.9138844042027,2111.56503560779,3294.60347315661
2184.7073845670056,2184.7073845670056,2119.1433966244267,2111.554226086785,3294.60347315661
2166.605347398468,2166.605347398468,2120.9280007777206,2115.087643885208,3294.60347315661
2183.7929621953285,2183.7929621953285,2094.3026586894775,2109.4736158823425,3294.60347315661
2127.1654842130583,2127.1654842130583,2067.0695085885955,2104.0147578401197,3294.60347315661
2135.217372796242,2135.217372796242,2043.4495632779297,2105.6603498625773,3294.60347315661
2135.0646099616324,2135.0646099616324,2030.2028851428781,2103.117053361428,3294.60347315661
2190.5034307953915,2190.5034307953915,2046.6530570218613,2101.6058830444827,3294.60347315661
2121.1170556248935,2121.1170556248935,2073.2645813706395,2102.3269852158082,3294.60347315661
2121.5628419308287,2121.5628419308287,2062.3473985691985,2100.618753998324,3294.60347315661
2128.3831331692913,2128.3831331692913,2057.8371975247014,2098.830048950689,3294.60347315661
2158.8017054953207,2158.8017054953207,2046.331627781908,2096.7088796509743,3294.60347315661
2194.2039515745646,2194.2039515745646,2020.4836754794912,2089.555975289072,3294.60347315661
2166.5431559682347,2166.5431559682347,2047.6466273732512,2089.0899421089,3294.60347315661
2190.4105446878148,2190.4105446878148,2047.4989782629527,2083.30320271313,3294.60347315661
2183.7465477955157,2183.7465477955157,2058.6484279230854,2085.033814567513,3294.60347315661
2185.2360082646014,2185.2360082646014,2071.2483088804465,2090.5262502572655,3294.60347315661
2201.6676672990275,2201.6676672990275,2083.176272232574,2095.5741498640114,3294.60347315661
2144.9255276593435,2144.9255276593435,2083.75257843543,2101.0157545666893,3294.60347315661
2131.94999215772,2131.94999215772,2084.7410544537115,2104.4695577689713,3294.60347315661
2215.36150855828,2215.36150855828,2085.5282165557946,2103.971432271951,3294.60347315661
2203.81985379907,2203.81985379907,2095.5939646298675,2105.2894820783577,3294.60347315661
2131.917674315735,2131.917674315735,2119.951768515307,2098.1706119311825,3294.60347315661
2170.7498840940366,2170.7498840940366,2109.493270678192,2096.420311229261,3294.60347315661
2123.76686549032,2123.76686549032,2129.185539629617,2095.5058965905896,3294.60347315661
2191.743722888467,2191.743722888467,2117.9795189353886,2098.704268663397,3294.60347315661
2205.590743434722,2205.590743434722,2134.7449176180744,2107.3918561347546,3294.60347315661
2183.1453495112523,2183.1453495112523,2152.670196715057,2111.3321809762583,3294.60347315661
2191.270652748219,2191.270652748219,2144.6305737163652,2109.765222641611,3294.60347315661
2196.79709542568,2196.79709542568,2175.8689314523663,2114.024908081089,3294.60347315661
2180.4800022215677,2180.4800022215677,2206.2394033250357,2118.0731152619246,3294.60347315661
2210.121951608364,2210.121951608364,2199.566544839749,2116.5312090147977,3294.60347315661
2167.1310644276796,2167.1310644276796,2218.683605133353,2125.3799618942408,3294.60347315661
2202.7077691792488,2202.7077691792488,2211.996461934625,2121.8232238556056,3294.60347315661
2208.239416350197,2208.239416350197,2240.3413835298657,2119.1875231584067,3294.60347315661
2190.5797135172807,2190.5797135172807,2248.6418610429373,2118.7314123913957,3294.60347315661
2220.9291977832845,2220.9291977832845,2253.6559136905857,2123.21570899094,3294.60347315661
2171.396997635332,2171.396997635332,2234.632050168104,2123.224175830052,3294.60347315661
2205.5428267916272,2205.5428267916272,2254.6675830559957,2130.766005836066,3294.60347315661
2192.186539040061,2192.186539040061,2233.401942767847,2131.0404293652527,3294.60347315661
2182.40374161702,2182.40374161702,2262.223367011333,2141.1484137642133,3294.60347315661
2179.959330146643,2179.959330146643,2262.6556772809085,2144.658242231372,3294.60347315661
2188.554508210145,2188.554508210145,2237.135644028492,2143.436538786873,3294.60347315661
2218.0991598718615,2218.0991598718615,2275.711573505511,2147.8301184362117,3294.60347315661
2166.2868355313904,2166.2868355313904,2224.473068779532,2141.713695758113,3294.60347315661
2193.6114428242317,2193.6114428242317,2211.410976116365,2136.026069459141,3294.60347315661
2204.474602123275,2204.474602123275,2189.716022980336,2135.9136096624643,3294.60347315661
2206.2983937518193,2206.2983937518193,2191.405665742967,2141.7074483761126,3294.60347315661
2183.471783111195,2183.471783111195,2179.3221678027357,2147.127496876233,3294.60347315661
2186.2519062567007,2186.2519062567007,2179.856440778429,2147.24315360431,3294.60347315661
2237.754678491202,2237.754678491202,2166.14652805427,2155.594942494227,3294.60347315661
2192.2081567649584,2192.2081567649584,2156.3508748314566,2152.099737872778,3294.60347315661
2173.3842568636605,2173.3842568636605,2156.5862756253246,2150.5681937563936,3294.60347315661
2246.3513825858968,2246.3513825858968,2084.73092503898,2145.9157717061116,3294.60347315661
2218.0423200947816,2218.0423200947816,2097.940843174599,2147.8879626753132,3294.60347315661
2194.513071440564,2194.513071440564,2096.9413248233573,2146.724421768227,3294.60347315661
2216.9010434561014,2216.9010434561014,2132.654274514017,2156.403887536692,3294.60347315661
2176.2728180006266,2176.2728180006266,2113.4010632156364,2155.057049614867,3294.60347315661
2173.290545683824,2173.290545683824,2149.00654841955,2162.2758902860155,3294.60347315661
2175.023135669866,2175.023135669866,2138.6688266116694,2162.5074392128045,3294.60347315661
2244.691748902631,2244.691748902631,2097.332368551085,2163.4939766995035,3294.60347315661
2175.49087345185,2175.49087345185,2096.957122895614,2162.2248368955193,3294.60347315661
2156.2165514563517,2156.2165514563517,2125.2646192649495,2171.5243825134853,3294.60347315661
2192.844997838489,2192.844997838489,2164.546310495993,2169.2957083306596,3294.60347315661
2191.1247891059784,2191.1247891059784,2202.6488438991446,2178.9179358025517,3294.60347315661
2132.057992589873,2132.057992589873,2219.987055677316,2178.992147319073,3294.60347315661
2204.0941494278773,2204.0941494278773,2183.448256428411,2178.8438770462844,3294.60347315661
2183.5149537316615,2183.5149537316615,2201.0975478920104,2178.641304746755,3294.60347315661
2195.784442390869,2195.784442390869,2187.0639149712033,2182.9381575931698,3294.60347315661
2185.1045463487235,2185.1045463487235,2196.125609537688,2184.7843502296,3294.60347315661
2126.733320364665,2126.733320364665,2176.5517115103485,2181.6986756904143,3294.60347315661
2171.853553074059,2171.853553074059,2193.2120244450625,2181.748448858558,3294.60347315661
2117.2711302079692,2117.2711302079692,2143.270649713684,2176.1881587531607,3294.60347315661
2129.8636445873144,2129.8636445873144,2157.716211176319,2178.9402964302853,3294.60347315661
2129.3042000496594,2129.3042000496594,2090.892390712582,2171.259306019145,3294.60347315661
2136.600421899308,2136.600421899308,2066.4591443039258,2168.6880723927807,3294.60347315661
2100.6089143373233,2100.6089143373233,2050.2913483321404,2161.953163189098,3294.60347315661
2098.0241675216544,2098.0241675216544,2027.5979219998837,2153.62684980372,3294.60347315661
2156.1393161102515,2156.1393161102515,1981.4935518005877,2150.310753210014,3294.60347315661
2202.786396478355,2202.786396478355,1983.740543591274,2146.3586726573812,3294.60347315661
2146.3218739866643,2146.3218739866643,1970.1689369935054,2134.4845824241083,3294.60347315661
2158.3431690182174,2158.3431690182174,1953.2244479744145,2132.4800294854913,3294.60347315661
2149.8913302871033,2149.8913302871033,1965.5604652404152,2125.5635307745733,3294.60347315661
2158.0947574343327,2158.0947574343327,1948.2573713101199,2126.192478305384,3294.60347315661
2143.9453100671612,2143.9453100671612,1976.4724633061699,2118.4855219744054,3294.60347315661
2111.321174213873,2111.321174213873,1987.5161917157639,2116.4629385273456,3294.60347315661
2160.151920687504,2160.151920687504,1987.5785967514907,2108.737699801279,3294.60347315661
2150.039385953791,2150.039385953791,1997.2560963346264,2106.1516590370247,3294.60347315661
2156.351810521457,2156.351810521457,2004.0489563106476,2100.187027860945,3294.60347315661
2169.4156719612015,2169.4156719612015,1984.6148288101667,2096.6012498658456,3294.60347315661
2146.6251559428565,2146.6251559428565,1979.0593774253134,2077.8517845069046,3294.60347315661
2201.2137720409874,2201.2137720409874,1979.8752203108081,2075.9239380914714,3294.60347315661
2156.0824487047157,2156.0824487047157,2027.5332474862694,2083.643051466129,3294.60347315661
2148.760055016831,2148.760055016831,2023.8130499376996,2075.8127735918224,3294.60347315661
2154.707705516389,2154.707705516389,2023.1457612207207,2078.2200604626432,3294.60347315661
2149.5006927162776,2149.5006927162776,1991.4522841133228,2072.471200126737,3294.60347315661
2156.477099672149,2156.477099672149,1992.6019986431377,2069.3148949338392,3294.60347315661
2156.8489619804272,2156.8489619804272,1961.6073176997238,2060.191989428376,3294.60347315661
2155.410662755776,2155.410662755776,1961.0501846183029,2056.532631224058,3294.60347315661
2201.9036920358017,2201.9036920358017,1934.4003438506752,2047.5100304802943,3294.60347315661
2132.376074417324,2132.376074417324,1939.8176271154553,2032.5860043191412,3294.60347315661
2146.53451592943,2146.53451592943,1931.772593192958,2031.0082817637713,3294.60347315661
2155.5848051528887,2155.5848051528887,1884.1909924746208,2029.163994835988,3294.60347315661
2154.168375419229,2154.168375419229,1877.6691575618984,2034.4004200964064,3294.60347315661
2155.9749839913384,2155.9749839913384,1878.7349413296251,2034.3788800936484,3294.60347315661
2163.224166856416,2163.224166856416,1906.484056774536,2034.3797465169732,3294.60347315661
2154.2195332674405,2154.2195332674405,1908.3418625371123,2024.4524125384587,3294.60347315661
2160.5809662040524,2160.5809662040524,1941.685579958145,2025.8488927768778,3294.60347315661
2166.6519685272374,2166.6519685272374,1915.8875922167379,2009.908839983496,3294.60347315661
2161.886690965539,2161.886690965539,1942.456304549219,2008.2675260678045,3294.60347315661
2160.2630001148286,2160.2630001148286,1969.9820473981322,2007.115940088551,3294.60347315661
2213.0370723828937,2213.0370723828937,1949.1855893014927,2001.453975044947,3294.60347315661
2152.1753253195475,2152.1753253195475,1997.5286895671347,2003.6168088964248,3294.60347315661
2148.0040999906923,2148.0040999906923,2004.1787863495847,2002.3269152671246,3294.60347315661
2151.64788491471,2151.64788491471,2003.0855632418757,1994.4662239621946,3294.60347315661
2163.0916289229745,2163.0916289229745,2005.9093110978217,1991.564197601074,3294.60347315661
2214.1738388717595,2214.1738388717595,1973.0210132365096,1982.3669639000782,3294.60347315661
2149.105640488749,2149.105640488749,1947.305422731047,1975.0904677446856,3294.60347315661
2152.5003945163144,2152.5003945163144,1973.6794501738307,1967.2319470240213,3294.60347315661
2213.0735339431926,2213.0735339431926,1974.6479296891484,1963.9719900980965,3294.60347315661
2146.5348732453895,2146.5348732453895,1891.4479063381527,1950.095179054112,3294.60347315661
2194.854336641502,2194.854336641502,1932.8765177485664,1949.386873705648,3294.60347315661
2167.793193401573,2167.793193401573,1887.5669179282527,1952.4760625393385,3294.60347315661
2202.3683621271907,2202.3683621271907,1871.3600161783124,1945.0556762675228,3294.60347315661
2139.3301778230552,2139.3301778230552,1865.7406577433849,1949.4358773683552,3294.60347315661
2187.1548107588796,2187.1548107588796,1833.680300706604,1945.00842888161,3294.60347315661
2191.326472098279,2191.326472098279,1857.5114797057226,1943.8109901747944,3294.60347315661
2153.870173139822,2153.870173139822,1867.0535107954445,1942.981585503797,3294.60347315661
2150.5804562270596,2150.5804562270596,1885.8598225180947,1948.105201167523,3294.60347315661
2164.7977273731503,2164.7977273731503,1889.8647074304924,1945.1968228659407,3294.60347315661
2125.5757893745727,2125.5757893745727,2017.674569516124,1959.5963055586358,3294.60347315661
2161.6632939500846,2161.6632939500846,1965.3759948896106,1951.8171830886872,3294.60347315661
2120.983691752494,2120.983691752494,1931.2267882241363,1945.6093271360828,3294.60347315661
2165.391736802862,2165.391736802862,2019.1681518606679,1959.2378323776325,3294.60347315661
2110.567615605464,2110.567615605464,2025.8608335270358,1959.3135514125283,3294.60347315661
2159.60020365005,2159.60020365005,2096.353980913306,1966.775986721118,3294.60347315661
2132.6887102378673,2132.6887102378673,2092.8656838996585,1964.868407604428,3294.60347315661
2117.9375053027975,2117.9375053027975,2062.8775530525113,1956.105876847374,3294.60347315661
2222.9462245230943,2222.9462245230943,2035.6487136107019,1954.4251526275332,3294.60347315661
2209.0087032942924,2209.0087032942924,2017.6563474201625,1951.8051265879396,3294.60347315661
2153.9172746147433,2153.9172746147433,1956.186695946768,1955.021769262927,3294.60347315661
2118.0850627371083,2118.0850627371083,2006.8931029528812,1957.220759617102,3294.60347315661
2198.971391950007,2198.971391950007,1996.0907315513828,1939.3208239491057,3294.60347315661
2165.1679905297297,2165.1679905297297,1917.5541528364884,1937.9860529573903,3294.60347315661
2183.076284297794,2183.076284297794,1911.4242253398975,1936.9692442363637,3294.60347315661
2190.9377866153127,2190.9377866153127,1861.62474246808,1940.8104783920699,3294.60347315661
2196.9938317252295,2196.9938317252295,1914.0101609916292,1949.150040074126,3294.60347315661
2148.1737847282625,2148.1737847282625,1945.03620483827,1952.7916542750836,3294.60347315661
2154.284316324376,2154.284316324376,1945.4543509948937,1951.3059859028517,3294.60347315661
2098.2379345964405,2098.2379345964405,1930.158382951408,1950.956734408086,3294.60347315661
2185.063711704005,2185.063711704005,1941.0794675978734,1955.27413735941,3294.60347315661
2160.119221406557,2160.119221406557,1913.8297422089763,1953.6321894203054,3294.60347315661
2182.3202340022626,2182.3202340022626,1948.9702284644638,1952.2766711470738,3294.60347315661
2144.4460207780157,2144.4460207780157,1964.7440990226382,1955.4010412495381,3294.60347315661
2173.880289730019,2173.880289730019,1969.7088749888542,1955.1640309682093,3294.60347315661
2203.1660257141416,2203.1660257141416,1994.36134284227,1958.3859356056166,3294.60347315661
2113.4522333207215,2113.4522333207215,1958.703932215125,1959.2224540097286,3294.60347315661
2186.300887460273,2186.300887460273,1966.897999554325,1957.8341381943192,3294.60347315661
2163.8275051348683,2163.8275051348683,1974.2608107888077,1962.9806296172653,3294.60347315661
2137.884924078049,2137.884924078049,1990.4596363977525,1960.5574007777925,3294.60347315661
2151.264068157558,2151.264068157558,1991.9858074540196,1959.6748893705872,3294.60347315661
2221.353821990424,2221.353821990424,2000.8659506214376,1963.9682616842942,3294.60347315661
2185.1454202973955,2185.1454202973955,1996.4004300881031,1952.0510192512677,3294.60347315661
2148.1507395345225,2148.1507395345225,2037.1857845417617,1962.002440887973,3294.60347315661
2143.9869271730486,2143.9869271730486,2007.7999510434015,1956.1069085285146,3294.60347315661
2190.7417272855296,2190.7417272855296,2034.275821010889,1964.05923758823,3294.60347315661
2146.7393401125805,2146.7393401125805,2035.06315966898,1971.630883296223,3294.60347315661
2184.8858197330446,2184.8858197330446,2028.3909089652382,1974.0512354411578,3294.60347315661
2191.664955476994,2191.664955476994,2018.3729530445303,1971.9193301914054,3294.60347315661
2159.6450033383185,2159.6450033383185,2013.3273785527977,1968.2932905505222,3294.60347315661
2147.396079293072,2147.396079293072,2001.5241621585287,1981.6901405346623,3294.60347315661
2196.504436754872,2196.504436754872,2051.523468366078,1987.6976518077965,3294.60347315661
2167.580996013305,2167.580996013305,2051.0974819576245,1984.7571320571421,3294.60347315661
2116.3010408929567,2116.3010408929567,2051.8373930816474,1998.0979162686406,3294.60347315661
2173.2630457108135,2173.2630457108135,2081.5845848065073,1999.2756939411388,3294.60347315661
2155.8571581470715,2155.8571581470715,2025.2115268178563,2002.3654828104802,3294.60347315661
2183.5546287781963,2183.5546287781963,2020.4254681241168,2004.2136809799017,3294.60347315661
2208.17974276056,2208.17974276056,2017.5398443750557,2004.14850215708,3294.60347315661
2173.192887342018,2173.192887342018,2022.265220138678,1999.2004097155223,3294.60347315661
2145.359754652482,2145.359754652482,2049.2332037454917,2000.1669898135224,3294.60347315661
2191.7206031301,2191.7206031301,2085.254021971942,1995.2060310258266,3294.60347315661
2185.377837596999,2185.377837596999,2031.3172794703737,2000.8859087239491,3294.60347315661
2199.8491028684166,2199.8491028684166,2035.5123183810563,2005.6142380885258,3294.60347315661
2165.3869637422895,2165.3869637422895,1972.9099279705854,1988.846271490624,3294.60347315661
2189.525997169274,2189.525997169274,1972.8761632286896,1988.6787598814701,3294.60347315661
2110.0362569643353,2110.0362569643353,1976.6024249445102,1978.4151716167212,3294.60347315661
2166.535482496911,2166.535482496911,1972.4007057047977,1980.1206853409294,3294.60347315661
2187.493821768681,2187.493821768681,1985.6784856197578,1988.7086886705292,3294.60347315661
2151.7412592258825,2151.7412592258825,1986.0613541634443,1989.282937826071,3294.60347315661
2206.570909951045,2206.570909951045,1969.3925463239132,1990.5142295942724,3294.60347315661
2149.0188801381983,2149.0188801381983,1930.2482017475136,1990.0183321859754,3294.60347315661
2141.0892853973414,2141.0892853973414,1983.3842162781489,1996.184131389003,3294.60347315661
2137.2177692755763,2137.2177692755763,1982.5718871091085,2002.9104692000715,3294.60347315661
2162.498000855786,2162.498000855786,1987.5745626679447,2002.8503534569154,3294.60347315661
2155.758918039287,2155.758918039287,2029.671633866083,2012.3282415867068,3294.60347315661
2154.273060464023,2154.273060464023,2081.1740094616307,2022.3250250154313,3294.60347315661
2195.874688191452,2195.874688191452,2075.0891704651654,2012.3364872356367,3294.60347315661
2156.7293030571495,2156.7293030571495,2060.802536381512,2011.8619549791777,3294.60347315661
2208.107507200084,2208.107507200084,2066.819037911097,2013.5558752093116,3294.60347315661
2188.778880858472,2188.778880858472,2063.465793561894,2017.1757117163697,3294.60347315661
2186.9738376525183,2186.9738376525183,2066.395816020864,2015.0816018705734,3294.60347315661
2226.9530791212865,2226.9530791212865,2018.248045249845,2017.0677919971768,3294.60347315661
2191.7184909365437,2191.7184909365437,2015.0180338116638,2016.1200302695115,3294.60347315661
2142.3796593307184,2142.3796593307184,2030.8168022513023,2016.0648941026486,3294.60347315661
2210.827899968317,2210.827899968317,1989.5453464709942,2016.2955358831352,3294.60347315661
2179.3448059096595,2179.3448059096595,1942.166958882157,2011.8861482234088,3294.60347315661
2157.0773624118046,2157.0773624118046,1922.9989462535655,2005.1954900433252,3294.60347315661
2121.280020921984,2121.280020921984,1969.7621043476854,2012.4347759378497,3294.60347315661
2184.85966461519,2184.85966461519,1944.690346097756,2007.641782271101,3294.60347315661
2173.222881254967,2173.222881254967,1929.418558790754,2004.9674961949695,3294.60347315661
2167.7510232677582,2167.7510232677582,1945.302194827588,2005.7448793452872,3294.60347315661
2159.853651007948,2159.853651007948,1923.497823527725,2001.5941665784342,3294.60347315661
2191.6163672463617,2191.6163672463617,1951.2975721573025,2007.099458683351,3294.60347315661
2120.647810758334,2120.647810758334,1928.1457363864683,1994.2568844715895,3294.60347315661
2225.112127735014,2225.112127735014,1916.1386257495583,1997.9632708243669,3294.60347315661
2145.0231066263095,2145.0231066263095,1914.9692387775515,1988.0248317767407,3294.60347315661
2098.8344226022928,2098.8344226022928,1933.682112035917,1984.9192805167124,3294.60347315661
2153.756253506174,2153.756253506174,1924.2909281277323,1991.6147797703486,3294.60347315661
2134.5208933432873,2134.5208933432873,1940.8376403055543,1992.1347197233058,3294.60347315661
2163.9204526055405,2163.9204526055405,1986.0910999203593,1999.5202404684824,3294.60347315661
2132.1610463752777,2132.1610463752777,1987.568866466018,2002.9538202067852,3294.60347315661
2151.390181955782,2151.390181955782,2013.7788353316512,1994.0452399715484,3294.60347315661
2129.6308696086257,2129.6308696086257,2016.7143396506472,2000.2228302219557,3294.60347315661
2162.389985158015,2162.389985158015,2049.305736320788,1993.750553119418,3294.60347315661
2141.693370077727,2141.693370077727,2079.583034582899,1997.562960779645,3294.60347315661
2144.78083054197,2144.78083054197,2105.6036417872047,2004.1032547706106,3294.60347315661
2138.032649393762,2138.032649393762,2119.0880170419337,2004.6517903002762,3294.60347315661
2153.996381038916,2153.996381038916,2091.9650384622064,2006.499818587779,3294.60347315661
2126.207842820895,2126.207842820895,2103.008009915914,2008.2832776787532,3294.60347315661
2144.748421557988,2144.748421557988,2149.7779172402506,2019.629183167434,3294.60347315661
2148.5502192500444,2148.5502192500444,2114.9168609350536,2008.8863879994074,3294.60347315661
2143.7931428235847,2143.7931428235847,2077.589826676528,2003.2997494127794,3294.60347315661
2159.423487628289,2159.423487628289,2076.094848935539,2008.3393363328523,3294.60347315661
2195.642832997295,2195.642832997295,2060.529287057259,2011.2744249367524,3294.60347315661
2161.134709738392,2161.134709738392,2035.0925371871447,2010.0062355713358,3294.60347315661
2176.8887650398397,2176.8887650398397,2034.4396943201168,2015.6707086457316,3294.60347315661
2110.9897944147697,2110.9897944147697,2018.3454331344667,2013.8407357862095,3294.60347315661
2158.676709282144,2158.676709282144,2013.7386222659075,2012.111845917009,3294.60347315661
2141.451921979896,2141.451921979896,2008.2813709762208,2012.7272810413085,3294.60347315661
2153.9417409747366,2153.9417409747366,1944.8397277652664,2014.7186194557044,3294.60347315661
2097.0977286091725,2097.0977286091725,1950.7666285870516,2012.990073367315,3294.60347315661
2137.387412759983,2137.387412759983,1984.3575042006112,2003.4944069972719,3294.60347315661
2117.9471421106305,2117.9471421106305,1964.379833974083,2004.700925705847,3294.60347315661
2134.395316420079,2134.395316420079,1985.5173648755426,2010.8629853782722,3294.60347315661
2107.7423160159296,2107.7423160159296,2010.3490218806687,2006.141713174253,3294.60347315661
2108.8590079427804,2108.8590079427804,1985.0473729356897,1996.4453813405437,3294.60347315661
2134.4856414399173,2134.4856414399173,1961.731973026855,1991.1692962985478,3294.60347315661
2197.822779456293,2197.822779456293,1989.5862693084068,1997.8685925023879,3294.60347315661
2163.6393105342054,2163.6393105342054,1977.9011383224793,1994.9437011235852,3294.60347315661
2195.8095623758263,2195.8095623758263,2042.462244248191,2010.517909592964,3294.60347315661
2199.277484729579,2199.277484729579,2058.6072656009633,2011.432363283335,3294.60347315661
2152.717984246899,2152.717984246899,2056.102501016618,2011.0652981506264,3294.60347315661
2145.469042735346,2145.469042735346,2059.2143343386733,2013.5401858112486,3294.60347315661
2157.4039375683365,2157.4039375683365,2062.27621829297,2017.1548685866055,3294.60347315661
2152.5440911509745,2152.5440911509745,2109.8997461986078,2030.2125931197756,3294.60347315661
2189.553723271011,2189.553723271011,2188.519584376935,2045.7159064394996,3294.60347315661
2125.5042742242317,2125.5042742242317,2214.2870226766,2049.4269115831544,3294.60347315661
2130.8814183073546,2130.8814183073546,2193.7167682000227,2042.6595252728553,3294.60347315661
2108.1764097309865,2108.1764097309865,2200.8115797028813,2046.1679478446101,3294.60347315661
2127.2011433423604,2127.2011433423604,2114.8926143234257,2047.6127206994986,3294.60347315661
2159.8074488259854,2159.8074488259854,2132.0451512791933,2048.7809545736563,3294.60347315661
2090.86524508851,2090.86524508851,2144.2233255658075,2055.210398558243,3294.60347315661
2089.6285974404655,2089.6285974404655,2168.3959717103303,2056.9598657218544,3294.60347315661
2090.218127783196,2090.218127783196,2168.9303490123416,2065.31179111178,3294.60347315661
2072.9239835024414,2072.9239835024414,2089.3526301393154,2064.8553939977273,3294.60347315661
2085.6918819214648,2085.6918819214648,2043.3410486617227,2071.3902684163336,3294.60347315661
2128.777143507767,2128.777143507767,2025.9667642510217,2067.883842026176,3294.60347315661
2131.413181962259,2131.413181962259,2050.3460589311912,2067.8705514335466,3294.60347315661
2077.165385491533,2077.165385491533,2078.920682801425,2073.784556343784,3294.60347315661
2080.7171740842127,2080.7171740842127,2124.7840553549136,2075.3513117864095,3294.60347315661
2078.7514794019553,2078.7514794019553,2085.3813855782623,2068.343458396105,3294.60347315661
2112.9670201658614,2112.9670201658614,2108.487048587564,2074.1520412094264,3294.60347315661
2095.033066691294,2095.033066691294,2109.180727972503,2075.4531433862257,3294.60347315661
2084.044274938777,2084.044274938777,2109.4189116010834,2077.3344261678394,3294.60347315661
2119.530007696889,2119.530007696889,2150.1884327338453,2078.976473627916,3294.60347315661
2117.9932664102353,2117.9932664102353,2146.5573056546723,2079.581001189827,3294.60347315661
2062.7584144033563,2062.7584144033563,2198.863175078643,2083.838873633518,3294.60347315661
2098.462349720644,2098.462349720644,2200.656660229576,2089.608875787021,3294.60347315661
2113.9943069332035,2113.9943069332035,2206.192762213456,2094.4215068032927,3294.60347315661
2100.7882631724433,2100.7882631724433,2201.757236534996,2085.7471756453588,3294.60347315661
2089.569887037785,2089.569887037785,2249.5232430272217,2095.2647348145388,3294.60347315661
2092.120876287183,2092.120876287183,2242.9011500845877,2107.214305891038,3294.60347315661
2086.3127306731585,2086.3127306731585,2243.273976932106,2108.888968985539,3294.60347315661
2092.779889134905,2092.779889134905,2243.0257018136726,2113.833709119122,3294.60347315661
2110.3900216571724,2110.3900216571724,2191.6709194467976,2110.2921500798466,3294.60347315661
2107.2693364635165,2107.2693364635165,2152.487689201937,2103.190600166191,3294.60347315661
2099.6013010145443,2099.6013010145443,2112.7572328675537,2102.7212335801346,3294.60347315661
2082.284222561232,2082.284222561232,2071.9982517182248,2101.2608016774843,3294.60347315661
2102.4462999424313,2102.4462999424313,2071.120456402932,2106.9893238886348,3294.60347315661
2078.7822010908585,2078.7822010908585,2070.057549025599,2110.790739897425,3294.60347315661
2110.2458550982715,2110.2458550982715,2076.47523837448,2120.406456772024,3294.60347315661
2112.5484326683722,2112.5484326683722,2081.5627076605306,2126.6553465830216,3294.60347315661
2179.0800065058747,2179.0800065058747,2035.3469036743645,2123.0823829255955,3294.60347315661
2102.758361432291,2102.758361432291,1987.6201295250517,2114.254262049024,3294.60347315661
2090.9220435235957,2090.9220435235957,1986.5849653724265,2105.5393387781983,3294.60347315661
2124.6195839213015,2124.6195839213015,1982.912058980112,2102.763537375076,3294.60347315661
2093.072230437827,2093.072230437827,1976.4628971952782,2105.6674184138196,3294.60347315661
2102.6654996212524,2102.6654996212524,2015.3179267639048,2106.407133168584,3294.60347315661
2095.206815331729,2095.206815331729,2015.4556555081313,2114.500227325765,3294.60347315661
2105.8063926406076,2105.8063926406076,1967.3256444977294,2095.7634199473327,3294.60347315661
2107.504678315603,2107.504678315603,1962.8150101278825,2101.2480056774084,3294.60347315661
2107.806169667545,2107.806169667545,1957.5310835711382,2106.9410630939255,3294.60347315661
2161.189699041625,2161.189699041625,1966.5910346078115,2104.557722979423,3294.60347315661
2160.1122454524548,2160.1122454524548,1993.803322294541,2100.559682849338,3294.60347315661
2170.266513215353,2170.266513215353,2086.533172466147,2100.8660240317067,3294.60347315661
2146.377343193116,2146.377343193116,2105.433840945171,2086.146388688723,3294.60347315661
2167.826697005855,2167.826697005855,2095.80340019196,2081.9706939168914,3294.60347315661
2175.7840980988562,2175.7840980988562,2134.8406068872846,2094.631900906036,3294.60347315661
2199.1793861980877,2199.1793861980877,2175.323197870594,2109.402550959308,3294.60347315661
2146.0877294302727,2146.0877294302727,2195.4724428891614,2111.8793856604802,3294.60347315661
2162.5550190115405,2162.5550190115405,2143.9630410026225,2103.631583622094,3294.60347315661
2148.4508214052116,2148.4508214052116,2193.582831851658,2116.8129643510956,3294.60347315661
2135.1788826853563,2135.1788826853563,2172.264804879805,2105.3314896133184,3294.60347315661
2138.785264490571,2138.785264490571,2156.869283358317,2098.147469718533,3294.60347315661
2167.3845650622975,2167.3845650622975,2153.8349668607084,2113.762491375985,3294.60347315661
2161.3875387114517,2161.3875387114517,2222.5080527101018,2121.979789498399,3294.60347315661
2151.7084212373024,2151.7084212373024,2242.399164026646,2125.257173872016,3294.60347315661
2192.0946937976887,2192.0946937976887,2177.345962649484,2120.031881649695,3294.60347315661
2151.3332603371296,2151.3332603371296,2104.0341541989724,2114.425245238817,3294.60347315661
2135.3265517778996,2135.3265517778996,2102.4849540543573,2107.419565400369,3294.60347315661
2153.13462136456,2153.13462136456,2133.1878950288055,2113.192885512202,3294.60347315661
2185.058588005914,2185.058588005914,2068.4712862795413,2108.809811889491,3294.60347315661
2185.624386203839,2185.624386203839,2098.52229955019,2103.1998039288555,3294.60347315661
2106.6726680531046,2106.6726680531046,2068.4736152147193,2089.9584104412606,3294.60347315661
2169.41061129651,2169.41061129651,1982.990627086446,2080.322930246505,3294.60347315661
2144.440038003768,2144.440038003768,1901.9489022483442,2073.058108817133,3294.60347315661
2198.0429503397145,2198.0429503397145,1904.3954001016386,2066.363618876615,3294.60347315661
2150.7357273527455,2150.7357273527455,1897.0835624133783,2059.3172620864552,3294.60347315661
2127.6440154910247,2127.6440154910247,1903.955352720494,2053.9777633402246,3294.60347315661
2127.2496324896683,2127.2496324896683,1877.7484354986377,2042.617805193097,3294.60347315661
2108.857472621744,2108.857472621744,1897.0361034988516,2042.6954576065284,3294.60347315661
2140.417013905295,2140.417013905295,1866.2358504290046,2033.4767519583747,3294.60347315661
2142.4209947200743,2142.4209947200743,1837.1398005456388,2021.9729686515618,3294.60347315661
2163.0867506555505,2163.0867506555505,1882.0117210451178,2017.7556142875494,3294.60347315661
2191.444668668263,2191.444668668263,1972.6201145812054,2036.5127692733863,3294.60347315661
2213.433423891714,2213.433423891714,1995.0751830534314,2041.5756075874324,3294.60347315661
2195.183744489899,2195.183744489899,1994.5687700228452,2042.7259263076735,3294.60347315661
2135.0406827007,2135.0406827007,1995.227061541506,2043.9630240511115,3294.60347315661
2167.9070677346676,2167.9070677346676,2016.887305983489,2043.131133256336,3294.60347315661
2161.192602163971,2161.192602163971,2042.27788726371,2037.061872840719,3294.60347315661
2138.66318838436,2138.66318838436,2015.4001635628836,2030.480442644209,3294.60347315661
2131.019263454157,2131.019263454157,2062.1510673810308,2029.5944239024745,3294.60347315661
2173.355945561941,2173.355945561941,2099.1386575034585,2034.731319417381,3294.60347315661
2144.1307472722033,2144.1307472722033,2085.6434914252395,2037.3602866675867,3294.60347315661
2165.9120642952284,2165.9120642952284,2015.6781614722545,2042.3314084933525,3294.60347315661
2135.3829625945045,2135.3829625945045,1999.1170418219713,2044.816604155804,3294.60347315661
2150.24327959107,2150.24327959107,1997.40077847116,2046.91350256285,3294.60347315661
2177.5370942824566,2177.5370942824566,1996.6842291588152,2040.2362845300936,3294.60347315661
2169.682976383567,2169.682976383567,1960.7897627378566,2032.1979547022813,3294.60347315661
2185.2389198619185,2185.2389198619185,1963.3119979263406,2036.2591435264414,3294.60347315661
2146.3344375453644,2146.3344375453644,1963.9757651841508,2030.7125936554626,3294.60347315661
2121.1283401041296,2121.1283401041296,1912.206693083262,2020.5295458048993,3294.60347315661
2161.3211652465266,2161.3211652465266,1882.0889887753249,2017.8309102508833,3294.60347315661
2198.2959761728544,2198.2959761728544,1883.469126927292,2015.2934475941372,3294.60347315661
2184.8927499922256,2184.8927499922256,1877.6771602789916,2000.5602060559206,3294.60347315661
2121.4460732953316,2121.4460732953316,1897.5017487524449,2003.2301857172588,3294.60347315661
2147.8472451875327,2147.8472451875327,1904.4407036979876,2008.6409632640557,3294.60347315661
2108.6836270196286,2108.6836270196286,1931.3795078836454,1999.5440647293653,3294.60347315661
2119.8240136677855,2119.8240136677855,1928.7594193803611,1982.8851990042344,3294.60347315661
2092.599546918604,2092.599546918604,1911.0316362654244,1979.3709822016942,3294.60347315661
2176.4039660786784,2176.4039660786784,1939.7388081890294,1989.8677470927444,3294.60347315661
2138.740175330295,2138.740175330295,1952.8273963491552,1972.378458704399,3294.60347315661
2111.275301056558,2111.275301056558,2008.5283386367223,1985.083617002267,3294.60347315661
2133.5607045503466,2133.5607045503466,2034.6371937915312,1990.84702968078,3294.60347315661
2094.981366433467,2094.981366433467,2022.0755254255687,1974.2083177688933,3294.60347315661
2107.575367363278,2107.575367363278,1991.9133540665687,1957.1112459885521,3294.60347315661
2078.0941619825808,2078.0941619825808,1974.6923673730003,1955.099603933326,3294.60347315661
2124.6043319531377,2124.6043319531377,1976.2152260400376,1959.3179174074764,3294.60347315661
2107.5604948880755,2107.5604948880755,2024.196183031711,1966.9176047707826,3294.60347315661
2113.3146151674596,2113.3146151674596,2080.630981973632,1975.0001877855489,3294.60347315661
2135.2662283150657,2135.2662283150657,2045.3053588698974,1972.2912398609624,3294.60347315661
2095.091790573654,2095.091790573654,2035.9649402451892,1965.8771894975282,3294.60347315661
2127.855881704195,2127.855881704195,1995.8916299197838,1964.5574830761855,3294.60347315661
2116.3710722073242,2116.3710722073242,1950.1795463499536,1967.1882159078266,3294.60347315661
2131.311505788445,2131.311505788445,1950.5555282390644,1967.721297999417,3294.60347315661
2089.0350529500947,2089.0350529500947,1944.5826947190894,1965.6380044827013,3294.60347315661
2147.281893280611,2147.281893280611,1980.5424410662017,1970.3290121262391,3294.60347315661
2123.3496632149127,2123.3496632149127,1932.6705042227786,1966.4353057693568,3294.60347315661
2081.316479165398,2081.316479165398,1874.47615780079,1961.0217657868416,3294.60347315661
2131.1545214060793,2131.1545214060793,1856.1656936985225,1970.6836394255258,3294.60347315661
2114.1590629861253,2114.1590629861253,1884.4596974012225,1969.7759586414365,3294.60347315661
2089.475723747693,2089.475723747693,1889.4142315952213,1970.5128657307716,3294.60347315661
2112.6408693990884,2112.6408693990884,1929.53923484271,1983.0373699355998,3294.60347315661
2158.8022988899797,2158.8022988899797,1963.0046250048085,1983.386796699765,3294.60347315661
2194.9079190602793,2194.9079190602793,1961.253510770254,1965.4479772372265,3294.60347315661
2174.55087028034,2174.55087028034,1994.3682431154623,1965.496616495107,3294.60347315661
2117.4443807319203,2117.4443807319203,1959.2038652489136,1963.2560311714528,3294.60347315661
2149.6975655296224,2149.6975655296224,1968.5625359570108,1961.1024006524576,3294.60347315661
2063.3695747815264,2063.3695747815264,1977.5328211605506,1953.1508688222539,3294.60347315661
2066.5272191058543,2066.5272191058543,1935.8441682431887,1949.3968956214217,3294.60347315661
2104.0612145268865,2104.0612145268865,1911.905758084862,1949.0770775458327,3294.60347315661
2190.5219995899647,2190.5219995899647,1914.224549166661,1940.9275620878977,3294.60347315661
2110.169399033137,2110.169399033137,1853.0341063990174,1933.8164597147115,3294.60347315661
2120.546842421521,2120.546842421521,1855.1158750605816,1937.2812734268334,3294.60347315661
2110.243161529699,2110.243161529699,1905.6633148917801,1943.4450079211317,3294.60347315661
2113.225983483177,2113.225983483177,1917.2830515928115,1949.1298184492753,3294.60347315661
2185.4468401326276,2185.4468401326276,1957.725594989266,1955.3209944750736,3294.60347315661
2107.9702007521223,2107.9702007521223,1957.518503932737,1953.269255607242,3294.60347315661
2138.496922981507,2138.496922981507,2007.3806308617393,1962.46904244703,3294.60347315661
2103.1075126143314,2103.1075126143314,2030.9408938406887,1962.9226748042909,3294.60347315661
2126.7587935507922,2126.7587935507922,2072.0675473001183,1970.6954339690255,3294.60347315661
2158.577418697676,2158.577418697676,2103.4168073508645,1979.169584941418,3294.60347315661
2078.9695473949987,2078.9695473949987,2113.651948088436,1980.1290515773335,3294.60347315661
2109.5489114992283,2109.5489114992283,2114.0537221800937,1983.3981924773936,3294.60347315661
2144.2192696202164,2144.2192696202164,2115.9832314640603,1991.1062221581453,3294.60347315661
2169.2775854953115,2169.2775854953115,2076.731098754855,1984.9756884497576,3294.60347315661
2075.8907217048413,2075.8907217048413,2033.7420558491879,1981.181264905314,3294.60347315661
2163.6714174801123,2163.6714174801123,2026.12064913761,1972.2174838580345,3294.60347315661
2126.1699491374316,2126.1699491374316,1967.2890520636633,1970.1749689836904,3294.60347315661
2133.128204092273,2133.128204092273,1944.7022324018767,1969.656794031582,3294.60347315661
2156.0520530620734,2156.0520530620734,1894.0231092457852,1961.552294180377,3294.60347315661
2088.6298731770457,2088.6298731770457,1863.2926273974158,1961.2626311510703,3294.60347315661
2063.5619641057333,2063.5619641057333,1896.4710353045018,1957.7175909108896,3294.60347315661
2133.062375160084,2133.062375160084,1872.9618783039846,1951.0631293798842,3294.60347315661
2070.4654664140307,2070.4654664140307,1813.5769770671645,1949.4065124864646,3294.60347315661
2101.0634928697473,2101.0634928697473,1853.2709293892287,1957.2472035142896,3294.60347315661
2101.761940932115,2101.761940932115,1905.3963792354366,1967.322067277801,3294.60347315661
2171.0098927271324,2171.0098927271324,1921.2162059069965,1961.2176798314263,3294.60347315661
2105.222154243095,2105.222154243095,1926.4756619458863,1950.6308647665255,3294.60347315661
2159.0339820974077,2159.0339820974077,1980.1076268148088,1949.5521229998171,3294.60347315661
2134.0649869071235,2134.0649869071235,1980.0852217137428,1948.508266749146,3294.60347315661
2123.190235355617,2123.190235355617,1985.365219292758,1951.142686960584,3294.60347315661
2054.7137498935253,2054.7137498935253,1993.5513580765491,1957.2495365422426,3294.60347315661
2109.91409283266,2109.91409283266,2022.8585272794921,1965.5989255657921,3294.60347315661
2128.1586569322862,2128.1586569322862,2082.8984577761285,1975.8750983938776,3294.60347315661
2104.211634941121,2104.211634941121,2035.0607962189922,1975.34282381427,3294.60347315661
2096.6943462298145,2096.6943462298145,2035.000231042012,1978.2136252729633,3294.60347315661
2085.6134549561143,2085.6134549561143,2075.5998840921247,1989.8035558052957,3294.60347315661
2165.3019102938565,2165.3019102938565,2108.9885287450734,1997.5333389553825,3294.60347315661
2143.926356096477,2143.926356096477,2059.4403050720753,1990.2070452745277,3294.60347315661
2113.8012795528166,2113.8012795528166,2059.887332933633,1983.593793855628,3294.60347315661
2140.1918548899375,2140.1918548899375,2053.2008517282015,1983.90001098718,3294.60347315661
2150.2008273943347,2150.2008273943347,2012.5466484786455,1973.85101926943,3294.60347315661
2158.022751542474,2158.022751542474,1976.836405278708,1968.3652816205722,3294.60347315661
2155.0476941024313,2155.0476941024313,1925.7566349691674,1968.77572323366,3294.60347315661
2126.3513131813743,2126.3513131813743,1938.7847767827109,1964.2261305477202,3294.60347315661
2135.5770203157444,2135.5770203157444,1880.1755628703602,1962.4079647972528,3294.60347315661
2115.0136303060435,2115.0136303060435,1881.8595747402564,1972.4629635619451,3294.60347315661
2090.08486094571,2090.08486094571,1903.1133271886108,1982.6494401609948,3294.60347315661
2126.1340116034226,2126.1340116034226,1958.0395409176224,1994.6461198094146,3294.60347315661
2079.933094269653,2079.933094269653,1956.784268462708,1992.5694959311973,3294.60347315661
2118.4378777235147,2118.4378777235147,1952.4313458219463,1991.5413703182369,3294.60347315661
2157.192002148928,2157.192002148928,2002.0168691077215,2003.6475718111708,3294.60347315661
2114.0411987385505,2114.0411987385505,2003.7599437271406,1998.0940953538839,3294.60347315661
2104.721142005781,2104.721142005781,2000.8165790462049,1987.8063760645448,3294.60347315661
2126.608365044462,2126.608365044462,2027.8479913577526,1986.3391185007079,3294.60347315661
2151.3475686921356,2151.3475686921356,2088.190663357819,1988.5009784709632,3294.60347315661
2125.7860947675745,2125.7860947675745,2089.9609422128833,1998.951451217974,3294.60347315661
2183.3900617785753,2183.3900617785753,2088.2550973394405,1998.824333456535,3294.60347315661
2104.3269052050036,2104.3269052050036,2037.177962750045,1995.8935335912859,3294.60347315661
2067.000397388075,2067.000397388075,2066.9665400910076,1991.5492944893754,3294.60347315661
2102.723439233192,2102.723439233192,2103.0526730355846,1991.4685434551814,3294.60347315661
2070.5500714017553,2070.5500714017553,2077.560615478302,1996.4293052891444,3294.60347315661
2106.620279890643,2106.620279890643,2081.85462433943,1991.6542757857505,3294.60347315661
2087.365326056484,2087.365326056484,2115.3275060537644,1987.6752309824858,3294.60347315661
2143.6283678654245,2143.6283678654245,2088.5385531998954,1988.7006093897157,3294.60347315661
2116.603090812046,2116.603090812046,2067.6727119952357,1995.2871097001728,3294.60347315661
2133.7337051860104,2133.7337051860104,2065.4850399734178,2006.8243293851358,3294.60347315661
2121.7351267127974,2121.7351267127974,2067.840764038816,2018.9346758515653,3294.60347315661
2108.273797753482,2108.273797753482,2054.4269735767557,2017.8384818262612,3294.60347315661
2125.1263573276883,2125.1263573276883,2018.504897156879,2016.4456520715942,3294.60347315661
2055.7862763390926,2055.7862763390926,2039.4369361532947,2026.6974052063567,3294.60347315661
2149.109291105937,2149.109291105937,2020.6867140529182,2021.2724410388275,3294.60347315661
2184.8194001792867,2184.8194001792867,2029.105989797187,2022.8830980843916,3294.60347315661
2150.058066785837,2150.058066785837,2012.1504773881297,2027.389931046679,3294.60347315661
2147.019105737989,2147.019105737989,2026.2774826488378,2023.3019200416377,3294.60347315661
2180.126075120801,2180.126075120801,2026.701342185503,2019.5481022901863,3294.60347315661
2129.450927046513,2129.450927046513,1973.7293400189606,2017.3269562075286,3294.60347315661
2141.3947566937272,2141.3947566937272,1922.127424841928,2018.0650284307737,3294.60347315661
2146.1196202555734,2146.1196202555734,1962.0953789828636,2014.2360322598722,3294.60347315661
2085.087817339621,2085.087817339621,1969.425370533191,2014.313681835484,3294.60347315661
2080.402397572335,2080.402397572335,1951.4567291142248,2019.9157071706504,3294.60347315661
2137.9009640255035,2137.9009640255035,1962.6603664013924,2015.0942427037965,3294.60347315661
2154.682885209889,2154.682885209889,1948.4394233316714,2007.9992772948276,3294.60347315661
2129.7351038173547,2129.7351038173547,1924.565324670899,1995.7233044256334,3294.60347315661
2086.258903728408,2086.258903728408,1906.0258884230457,1997.4949384824486,3294.60347315661
2075.7150454574567,2075.7150454574567,1899.924091446523,1992.5328743710886,3294.60347315661
2109.5330826863633,2109.5330826863633,1939.610766201968,1990.1291326294977,3294.60347315661
2142.369796086703,2142.369796086703,1938.7309881985238,1984.0135203214638,3294.60347315661
2116.804345886535,2116.804345886535,1904.4629043480509,1983.2405521150679,3294.60347315661
2112.8140881302215,2112.8140881302215,1944.6560616022173,1991.2674275692004,3294.60347315661
2172.702824410757,2172.702824410757,1961.769422334272,2001.6294212918642,3294.60347315661
2081.8529578948637,2081.8529578948637,1960.4759212675083,2004.6800972615688,3294.60347315661
2167.8936499797383,2167.8936499797383,1946.5915262441317,2001.9503014879124,3294.60347315661
2090.4951178671195,2090.4951178671195,1932.5605413811368,1997.0840857080268,3294.60347315661
2157.353812471398,2157.353812471398,1956.6764803298338,2001.073279191873,3294.60347315661
2131.1794865137695,2131.1794865137695,1929.9914261064591,2002.496047018308,3294.60347315661
2120.649489642324,2120.649489642324,1893.943861774731,1992.5459900363924,3294.60347315661
2098.5826842833353,2098.5826842833353,1918.4288388287773,1987.0766226494973,3294.60347315661
2192.9221069641853,2192.9221069641853,1991.5813656717378,1989.9489170658908,3294.60347315661
2115.4778519862543,2115.4778519862543,1976.8961112607649,1995.289796128812,3294.60347315661
2124.288141145316,2124.288141145316,1952.8124934716793,2001.705650821811,3294.60347315661
2158.4472552070465,2158.4472552070465,1986.6272671301515,2001.6021768660546,3294.60347315661
2127.455593213845,2127.455593213845,1992.9680539891713,1999.7919235403183,3294.60347315661
2132.9226347255044,2132.9226347255044,2016.526101825367,2000.2259902638593,3294.60347315661
2122.8859733199356,2122.8859733199356,1990.5508372503787,1993.6138483703983,3294.60347315661
2164.5785650507464,2164.5785650507464,2002.6140027060362,1985.3807148879516,3294.60347315661
2127.7853673590566,2127.7853673590566,2040.8061313106307,1982.7150278559413,3294.60347315661
2128.148326206423,2128.148326206423,2065.652680321103,1982.5561392458296,3294.60347315661
2177.4770091505598,2177.4770091505598,2051.900053346844,1992.8933351852504,3294.60347315661
2117.820107983169,2117.820107983169,2027.5530349416604,1987.4070950989426,3294.60347315661
2190.54177513817,2190.54177513817,1999.2903099422128,1980.9531782031365,3294.60347315661
2115.286407021929,2115.286407021929,1946.9370367889064,1975.4774611281753,3294.60347315661
2120.0756315819804,2120.0756315819804,1957.1201584648766,1974.8450303654076,3294.60347315661
2165.639454227939,2165.639454227939,2017.9363822149899,1980.7477654961046,3294.60347315661
2073.6497410738148,2073.6497410738148,2016.5871253493472,1979.2235628002888,3294.60347315661
2101.5634150520564,2101.5634150520564,2045.8233163313835,1981.0108357551808,3294.60347315661
2144.0929325652446,2144.0929325652446,2001.060400126124,1969.8300998864827,3294.60347315661
2128.8078899324023,2128.8078899324023,1943.561387143957,1957.7002638668578,3294.60347315661
2128.4664615952825,2128.4664615952825,1943.1886470859731,1970.645669887094,3294.60347315661
2172.751520403398,2172.751520403398,1948.0527217992985,1973.3166600274262,3294.60347315661
2109.0381773472686,2109.0381773472686,1947.9889943395665,1962.663589840391,3294.60347315661
2128.7355145967026,2128.7355145967026,2001.6978330844024,1971.6796849344723,3294.60347315661
2129.699346860312,2129.699346860312,1998.2832637687643,1968.6804851597233,3294.60347315661
2168.524776878712,2168.524776878712,1929.836921734314,1964.2850543653415,3294.60347315661
2095.6127084036143,2095.6127084036143,1940.5230667580727,1962.072679622136,3294.60347315661
2156.491022070723,2156.491022070723,1925.9354794613387,1960.8576632103484,3294.60347315661
2136.0322744362265,2136.0322744362265,1930.877595355564,1961.2597509538036,3294.60347315661
2162.5557387818258,2162.5557387818258,2006.7749103597725,1974.6297609704268,3294.60347315661
2144.364827075304,2144.364827075304,1946.6400275923909,1967.554599608999,3294.60347315661
2190.8866808101025,2190.8866808101025,1939.528592747042,1967.3373044701966,3294.60347315661
2116.388660208962,2116.388660208962,1940.7065940043062,1960.5135628184073,3294.60347315661
2166.1996212459517,2166.1996212459517,1884.0123158284277,1955.950074819879,3294.60347315661
2062.8420111733194,2062.8420111733194,1914.3296119543527,1961.858522884259,3294.60347315661
2110.5817347161455,2110.5817347161455,1927.4202660700207,1964.8560426451652,3294.60347315661
2135.102202040631,2135.102202040631,1970.1611886836477,1974.899739674256,3294.60347315661
2124.418195866525,2124.418195866525,1939.0394784496025,1968.6807406109642,3294.60347315661
2170.5248579767167,2170.5248579767167,1990.5408293984542,1971.4457635931008,3294.60347315661
2137.410954779785,2137.410954779785,1924.464084260763,1971.7763801828746,3294.60347315661
2159.647309646888,2159.647309646888,1934.7384773581593,1973.6097142110211,3294.60347315661
2148.5958609299637,2148.5958609299637,1927.1149371071922,1963.8290795711916,3294.60347315661
2100.3631588786466,2100.3631588786466,1926.666477665569,1953.4929738846668,3294.60347315661
2115.1828688970086,2115.1828688970086,1952.1136028119004,1954.277611128758,3294.60347315661
2100.317397933258,2100.317397933258,1917.4453391770105,1956.0292854708352,3294.60347315661
2108.4939359636746,2108.4939359636746,1911.9748220255315,1960.7388987740446,3294.60347315661
2148.2458342610994,2148.2458342610994,1846.9198316913657,1952.9484099465624,3294.60347315661
2108.249557023448,2108.249557023448,1850.2010153499955,1952.7226584596713,3294.60347315661
2126.2562013982247,2126.2562013982247,1832.5499619497466,1959.1669836281037,3294.60347315661
2090.843256374742,2090.843256374742,1830.923737868149,1954.2753599907487,3294.60347315661
2180.861348451937,2180.861348451937,1862.331864940958,1947.7598140648647,3294.60347315661
2142.250329235316,2142.250329235316,1876.6790058424453,1943.7856584875276,3294.60347315661
2119.176604765108,2119.176604765108,1878.9211439045944,1938.71470397125,3294.60347315661
2142.1487080751795,2142.1487080751795,1863.871902240958,1929.7265381509194,3294.60347315661
2115.1058619560285,2115.1058619560285,1863.8617303353426,1930.2080207400693,3294.60347315661
2137.419643794366,2137.419643794366,1888.2558529090413,1935.0848489907794,3294.60347315661
2147.453649901141,2147.453649901141,1953.1401271953837,1945.4662679355629,3294.60347315661
2106.8048995195313,2106.8048995195313,1950.7441163268172,1942.3486811838275,3294.60347315661
2142.3173079560875,2142.3173079560875,1908.4450674719906,1932.6947708603757,3294.60347315661
2116.836926177858,2116.836926177858,1958.6678058299785,1932.878385092524,3294.60347315661
2151.048398750658,2151.048398750658,1919.6996715071807,1921.3197376969322,3294.60347315661
2172.741057131755,2172.741057131755,1915.4262056853756,1921.3602926362705,3294.60347315661
2142.8923651598516,2142.8923651598516,2004.0019288922201,1939.6570277612511,3294.60347315661
2121.406190373271,2121.406190373271,1999.6734627971994,1940.2738233525774,3294.60347315661
2151.125115735084,2151.125115735084,2003.4764691278997,1939.479282872674,3294.60347315661
2160.480696388206,2160.480696388206,1982.6943997211558,1928.0364524920124,3294.60347315661
2171.6503257567906,2171.6503257567906,1931.8842992417176,1928.5257027140374,3294.60347315661
2116.0263426855554,2116.0263426855554,1934.3156735374898,1920.047152625049,3294.60347315661
2138.89266786027,2138.89266786027,1951.8775480498437,1922.8582004451198,3294.60347315661
2194.617854403115,2194.617854403115,1918.7828820462055,1927.9226840729739,3294.60347315661
2085.61093746569,2085.61093746569,2009.8974264882897,1934.661493577396,3294.60347315661
2148.5503441492638,2148.5503441492638,1997.3602772876427,1931.2218037339394,3294.60347315661
2104.7816322627586,2104.7816322627586,1907.318224678424,1931.522873829023,3294.60347315661
2077.7653838489273,2077.7653838489273,1905.222359300742,1920.9787285958453,3294.60347315661
2105.291862296781,2105.291862296781,1892.8979486787146,1918.402219854664,3294.60347315661
2125.063168970303,2125.063168970303,1913.5513076106668,1924.7793296672833,3294.60347315661
2149.61704367108,2149.61704367108,1920.305995263148,1924.4822884150528,3294.60347315661
2096.212236077973,2096.212236077973,1973.5328340403798,1929.5666235408569,3294.60347315661
2072.920680328471,2072.920680328471,1965.25765370773,1929.7342121155527,3294.60347315661
2164.5655593496945,2164.5655593496945,1940.0717281697682,1914.5820476349722,3294.60347315661
2105.0655333122763,2105.0655333122763,1855.3548665326423,1916.404461365446,3294.60347315661
2120.2281235607766,2120.2281235607766,1901.5765391603466,1923.6313930166007,3294.60347315661
2119.142669559516,2119.142669559516,1952.2009728365495,1933.8217495954714,3294.60347315661
2128.4616024713036,2128.4616024713036,1944.372810600773,1933.0508275503144,3294.60347315661
2153.6092586201403,2153.6092586201403,1958.5596167070519,1927.2482208052038,3294.60347315661
2108.774280422398,2108.774280422398,1932.1399972247414,1925.7232758982273,3294.60347315661
2108.0422004405564,2108.0422004405564,1963.4621541659162,1923.1424815115063,3294.60347315661
2145.4767676654897,2145.4767676654897,1905.9129315742362,1922.941314165784,3294.60347315661
2095.3747487984424,2095.3747487984424,1955.4449652477665,1922.7150392854157,3294.60347315661
2126.913654047941,2126.913654047941,1930.6458251605497,1915.8183958149305,3294.60347315661
2100.904726141318,2100.904726141318,1919.4534467186706,1913.347455237549,3294.60347315661
2146.656341021408,2146.656341021408,1951.1493825301968,1928.4382821012018,3294.60347315661
2121.074250193432,2121.074250193432,1900.322940088275,1928.5530420800126,3294.60347315661
2167.050206343517,2167.050206343517,1910.031871556354,1924.6344812992052,3294.60347315661
2116.396936259694,2116.396936259694,1910.956606956623,1925.9504743611265,3294.60347315661
2146.741357046478,2146.741357046478,1946.548895589535,1932.638090611028,3294.60347315661
2078.392464088375,2078.392464088375,1900.6628521353055,1933.8910856002942,3294.60347315661
2129.7729251534743,2129.7729251534743,1938.7726597146266,1940.6556430387102,3294.60347315661
2101.980108191178,2101.980108191178,1887.5439880237686,1933.71384450022,3294.60347315661
2129.256315324506,2129.256315324506,1969.0334827516112,1943.4403447916225,3294.60347315661
2121.274013217394,2121.274013217394,1971.8251940642917,1935.2461210622146,3294.60347315661
2167.9504407368677,2167.9504407368677,1899.292032151686,1932.9608873630496,3294.60347315661
2126.3204333768913,2126.3204333768913,1900.2925146656453,1932.827316232223,3294.60347315661
2205.4224427091326,2205.4224427091326,1900.323999228603,1931.9249006967339,3294.60347315661
2121.4983717484615,2121.4983717484615,1895.0778698344118,1932.19370226094,3294.60347315661
2111.1166884819904,2111.1166884819904,1869.518206531085,1928.890561335437,3294.60347315661
2138.1517927415543,2138.1517927415543,1872.66532487351,1917.7961251359195,3294.60347315661
2179.6576110848014,2179.6576110848014,1894.2519346186727,1929.357206697081,3294.60347315661
2105.681969854182,2105.681969854182,1885.90163346339,1929.2051576985,3294.60347315661
2158.436662719231,2158.436662719231,1830.9057349986786,1917.8879306253627,3294.60347315661
2118.55317950465,2118.55317950465,1864.7880177381605,1924.2637903084108,3294.60347315661
2124.006306839204,2124.006306839204,1843.4277041772136,1918.561187061417,3294.60347315661
2088.521379721846,2088.521379721846,1842.4308124243612,1900.5130929386507,3294.60347315661
2128.8975198060716,2128.8975198060716,1888.2658805009328,1909.6433842374806,3294.60347315661
2094.2828890932865,2094.2828890932865,1893.583358375164,1910.2150801103933,3294.60347315661
2127.9684312798386,2127.9684312798386,1890.2588694168094,1910.403455274568,3294.60347315661
2117.8739304923765,2117.8739304923765,1945.9068419919627,1920.6006336859687,3294.60347315661
2117.260681015135,2117.260681015135,1943.5185235203694,1931.1977766936566,3294.60347315661
2093.1806622714894,2093.1806622714894,2003.9463763465515,1939.6189233578416,3294.60347315661
2146.2038837899513,2146.2038837899513,2045.6173222872762,1943.254818673577,3294.60347315661
2095.687533001468,2095.687533001468,2070.6279491526143,1936.409894841276,3294.60347315661
2137.748803521113,2137.748803521113,2082.337657027845,1935.5566630094577,3294.60347315661
2154.2369963802093,2154.2369963802093,2083.029407455301,1935.6553294940268,3294.60347315661
2133.968174654827,2133.968174654827,2035.7346129196437,1935.7458349612614,3294.60347315661
2118.0286146996687,2118.0286146996687,2102.8503629944994,1952.2055629735505,3294.60347315661
2113.63390145942,2113.63390145942,2094.0782252522454,1946.5088388028835,3294.60347315661
2121.507219497127,2121.507219497127,2035.2208201243939,1943.5835986582179,3294.60347315661
2097.392550054277,2097.392550054277,1984.1047515039954,1933.3121601863802,3294.60347315661
2162.8528910573204,2162.8528910573204,1999.0192358173813,1946.3712397797717,3294.60347315661
2120.7822614040833,2120.7822614040833,1963.8203944304441,1948.004551925712,3294.60347315661
2157.3925378794247,2157.3925378794247,1932.9222839851586,1951.923378331779,3294.60347315661
2102.884552581263,2102.884552581263,1948.709820391849,1944.983319255758,3294.60347315661
2091.970408085543,2091.970408085543,1933.3317317643687,1931.8814812795906,3294.60347315661
2158.9386545232164,2158.9386545232164,1985.6072748357499,1943.9927278082569,3294.60347315661
2132.152306781367,2132.152306781367,1917.1386832580174,1943.921376283744,3294.60347315661
2124.450681523279,2124.450681523279,1972.6936138901644,1954.619562135968,3294.60347315661
2093.3013815011027,2093.3013815011027,1993.5972883808015,1949.610625501195,3294.60347315661
2101.8614470698053,2101.8614470698053,2044.251569291287,1960.97988772979,3294.60347315661
2124.250797452421,2124.250797452421,2038.1413451229887,1962.9105157548163,3294.60347315661
2178.58884818289,2178.58884818289,2074.5644104055564,1976.7882689747132,3294.60347315661
2144.368569010228,2144.368569010228,2047.2626267144028,1977.485214330926,3294.60347315661
2151.548230621358,2151.548230621358,2046.1521058611052,1963.9838639219397,3294.60347315661
Average Episodic Reward,Average Episodic N-Reward,Avg Reward (last 10),Avg Reward (last 50),Best Reward
-919.915172678524,-919.915172678524,-937.9099755084718,-937.9099755084718,-937.9099755084718
-914.3854145398277,-914.3854145398277,-860.3918013931514,-860.3918013931514,-782.8736272778308
-908.5592239449398,-908.5592239449398,-844.7850343134083,-844.7850343134083,-782.8736272778308
-893.8694979398074,-893.8694979398074,-824.5611574714156,-824.5611574714156,-763.8895269454374
-908.8947304590563,-908.8947304590563,-844.7545726473775,-844.7545726473775,-763.8895269454374
-901.4282860393017,-901.4282860393017,-877.3980432226031,-877.3980432226031,-763.8895269454374
-913.7699001469128,-913.7699001469128,-873.8216455373048,-873.8216455373048,-763.8895269454374
-914.8207651639757,-914.8207651639757,-870.6075124373976,-870.6075124373976,-763.8895269454374
-913.5164486397475,-913.5164486397475,-858.7499584938464,-858.7499584938464,-763.8895269454374
-925.1480635456387,-925.1480635456387,-851.0976994455716,-851.0976994455716,-763.8895269454374
-909.6079862259395,-909.6079862259395,-839.6348097494805,-848.5689157275706,-763.8895269454374
-916.8242193271304,-916.8242193271304,-850.6816694414207,-852.300024766709,-763.8895269454374
-913.8920166029143,-913.8920166029143,-858.5681579518862,-855.3874371122373,-763.8895269454374
-918.0488441884945,-918.0488441884945,-858.5681579518862,-848.851872100323,-763.8895269454374
-919.7870443059754,-919.7870443059754,-857.4886685445872,-853.243969912184,-763.8895269454374
-919.7564465373017,-919.7564465373017,-842.7578092321155,-855.7478969785484,-763.8895269454374
-912.003768477959,-912.003768477959,-843.8089995444909,-856.1671478944731,-763.8895269454374
-914.1514134272527,-914.1514134272527,-845.2856577256134,-856.5398153752952,-763.8895269454374
-907.5046481330061,-907.5046481330061,-859.6306432063329,-859.2134767635761,-763.8895269454374
-903.4472402823227,-903.4472402823227,-870.7421288249461,-860.9199141352589,-763.8895269454374
-904.069501984182,-904.069501984182,-878.4837768739542,-862.814087702039,-763.8895269454374
-918.9797442647409,-918.9797442647409,-878.3436654354011,-864.1380432524783,-763.8895269454374
-906.9703208474706,-906.9703208474706,-879.7262737944666,-865.9695400175544,-763.8895269454374
-912.8158872950319,-912.8158872950319,-889.6248373548497,-865.8406076230425,-763.8895269454374
-914.349512069203,-914.349512069203,-902.2130430368992,-872.83159916207,-763.8895269454374
-901.109052453426,-901.109052453426,-899.1039359662242,-872.4232965891928,-763.8895269454374
-918.7341791366428,-918.7341791366428,-902.9715113084437,-873.5020973070548,-763.8895269454374
-936.8985663293086,-936.8985663293086,-896.9857247860758,-870.9847830220026,-763.8895269454374
-950.9058679705169,-950.9058679705169,-884.1663742496412,-867.8179241725642,-763.8895269454374
-944.0755975533782,-944.0755975533782,-893.9295911768786,-871.9231398157989,-763.8895269454374
-944.4612233064342,-944.4612233064342,-902.6927804977098,-875.6781821522554,-763.8895269454374
-922.3632760203752,-922.3632760203752,-903.8763436925744,-876.5562621400082,-763.8895269454374
-925.1129551334385,-925.1129551334385,-908.1025139324981,-878.7371078705676,-763.8895269454374
-920.4628432604062,-920.4628432604062,-906.4034935669085,-877.7708681947678,-763.8895269454374
-917.188141909811,-917.188141909811,-895.1038479620258,-879.1950988192003,-763.8895269454374
-913.6304614788032,-913.6304614788032,-905.519001383503,-881.6165479209457,-763.8895269454374
-902.9131285164664,-902.9131285164664,-910.6678790918422,-883.5469031948353,-763.8895269454374
