Average Episodic Reward,Average Episodic N-Reward,Avg Reward (last 10),Avg Reward (last 50),Best Reward
506.25949067166005,506.25949067166005,523.9346749170336,523.9346749170336,523.9346749170336
503.0172653050101,503.0172653050101,495.800442428271,495.800442428271,523.9346749170336
498.8861783407381,498.8861783407381,481.92119933681624,481.92119933681624,523.9346749170336
509.32389857427546,509.32389857427546,484.5917323970012,484.5917323970012,523.9346749170336
501.9437211397392,501.9437211397392,483.2844094259278,483.2844094259278,523.9346749170336
500.17813066817126,500.17813066817126,483.2688206481384,483.2688206481384,523.9346749170336
501.5769247947247,501.5769247947247,474.8201434426266,474.8201434426266,523.9346749170336
500.5030618461616,500.5030618461616,478.48777488036217,478.48777488036217,523.9346749170336
502.3758908654721,502.3758908654721,482.8184525260783,482.8184525260783,523.9346749170336
496.9083084852236,496.9083084852236,483.9862841665884,483.9862841665884,523.9346749170336
499.5113173299778,499.5113173299778,483.2738240386796,486.9702650276209,523.9346749170336
504.20158563064064,504.20158563064064,485.40330142046224,487.1361582550971,523.9346749170336
494.52447804196595,494.52447804196595,485.0600336279746,484.33568725309186,523.9346749170336
496.24319135534387,496.24319135534387,486.91915871143385,486.2541797644531,523.9346749170336
497.800432970665,497.800432970665,488.46008059485786,486.73485687188116,523.9346749170336
506.6905635325745,506.6905635325745,489.5724769727676,487.2086058510316,523.9346749170336
499.2986377595745,499.2986377595745,498.5649558166659,488.787680133238,523.9346749170336
498.94304281375395,498.94304281375395,503.4940346861942,492.38014143915774,553.4519836397938
506.782258681522,506.782258681522,501.35867863427967,492.576466267237,553.4519836397938
504.98107578096847,504.98107578096847,498.3879054099737,491.1870947882811,553.4519836397938
499.1566888093491,499.1566888093491,488.2654239914921,487.5870073913692,553.4519836397938
499.0546441430333,499.0546441430333,489.3640573360025,488.1488396555087,553.4519836397938
501.64243098830025,501.64243098830025,490.7363380373207,487.1185788984088,553.4519836397938
496.932874192472,496.932874192472,482.7987056071144,484.814398865562,553.4519836397938
500.0676661681503,500.0676661681503,486.14136036274084,486.49745826822505,553.4519836397938
578.7373913694669,578.7373913694669,488.05286146223244,487.5333195476473,553.4519836397938
612.9598072174658,612.9598072174658,500.9911216151146,493.3074732746737,643.4354701773611
613.299486612083,613.299486612083,506.8826435652087,497.55960648417596,643.4354701773611
621.3536949821174,621.3536949821174,516.0506725301934,500.67102015101506,643.4354701773611
621.5780400625963,621.5780400625963,531.0235916819147,504.465927086159,643.4354701773611
630.5916189816461,630.5916189816461,554.8056343775485,509.270435451427,653.4056864094664
618.5536777555484,618.5536777555484,566.1582286156952,512.5267737055669,653.4056864094664
627.8179606709479,627.8179606709479,582.6187288337788,516.0580182727633,653.4056864094664
625.0144346751898,625.0144346751898,606.3935547917636,520.5729741379743,669.5665176899337
621.9737339066306,621.9737339066306,617.7803072417072,524.00684368922,669.5665176899337
620.0047285648154,620.0047285648154,631.5600183546735,527.5407358829325,669.5665176899337
624.9693073552005,624.9693073552005,633.01071253472,531.0651055071188,669.5665176899337
620.3925399024524,620.3925399024524,632.517549877069,533.0748547454638,669.5665176899337
628.2033945255138,628.2033945255138,639.1682851288022,536.1831393760888,669.5665176899337
625.6405404336364,625.6405404336364,639.2534840566522,538.1628163287821,669.5665176899337
624.0760694517785,624.0760694517785,636.5289273334068,540.3090920080073,669.5665176899337
623.3549866678641,623.3549866678641,639.8322915709635,542.8376112925661,669.5665176899337
626.3231777253793,626.3231777253793,641.093427556961,545.1360204318789,669.5665176899337
627.038438761025,627.038438761025,634.9940091997929,546.577754833842,669.5665176899337
625.0074976389111,625.0074976389111,635.1239328445531,548.6995301681828,669.5665176899337
631.3246581246703,631.3246581246703,631.2806497201057,550.0928910649264,669.5665176899337
630.5037128931781,630.5037128931781,626.3581463066491,551.3402205708485,669.5665176899337
632.8468083699886,632.8468083699886,630.9736807567073,553.4704434978061,669.5665176899337
625.9523646094237,625.9523646094237,633.60650681265,556.0654592611012,680.6262158992698
628.5273878180759,628.5273878180759,633.0008137215854,557.1304158073428,680.6262158992698
628.6946518318866,628.6946518318866,633.7321254788797,559.3211870440014,680.6262158992698
628.0174309328178,628.0174309328178,635.0389085792187,563.1593575044684,680.6262158992698
625.5615846991717,625.5615846991717,633.9426881199572,566.6902432351984,680.6262158992698
624.0782628728374,624.0782628728374,640.7838785998666,570.3778613819944,680.6262158992698
624.247431356612,624.247431356612,640.3361357897479,573.5683633667214,680.6262158992698
633.4049946740012,633.4049946740012,645.1645584435619,577.1261129906683,680.6262158992698
626.71894564451,626.71894564451,645.3327464201028,580.8515365386505,680.6262158992698
627.4408304186004,627.4408304186004,641.0794721958156,582.989476216199,680.6262158992698
618.9699159647873,618.9699159647873,635.3356515478164,585.1039589307484,680.6262158992698
627.6722199320016,627.6722199320016,640.2815691158943,588.3894727972041,680.6262158992698
627.9338502290167,627.9338502290167,632.6528969900505,589.1970016342755,680.6262158992698
629.9246970573125,629.9246970573125,629.2994704304715,591.9385913064704,680.6262158992698
628.547003309089,628.547003309089,629.7207666357671,595.622389836757,680.6262158992698
625.5408363196683,625.5408363196683,612.8576917848441,595.5655679966764,680.6262158992698
624.5953260978177,624.5953260978177,610.8623384894736,598.0488149456446,680.6262158992698
626.0357289302991,626.0357289302991,610.0651445849489,601.2246465131044,680.6262158992698
629.4261443312682,629.4261443312682,612.5762212147937,603.6537896182759,680.6262158992698
631.1304787481157,631.1304787481157,616.8388370804892,605.6584366950578,680.6262158992698
631.0808972990984,631.0808972990984,619.425617426206,608.7173466891336,680.6262158992698
632.9368374896702,632.9368374896702,619.2407617713267,612.5600440694747,680.6262158992698
627.9594671562625,627.9594671562625,627.210988409245,616.9861145178261,680.6262158992698
627.0428648699639,627.0428648699639,629.1871069539845,619.9032012300667,680.6262158992698
629.7451126744246,629.7451126744246,633.1324470735597,624.1016116440048,680.6262158992698
633.338832427141,633.338832427141,649.5341209447517,628.9126510642038,680.6262158992698
630.1843436931747,630.1843436931747,652.2090710849086,631.2623570900781,680.6262158992698
630.8065935615036,630.8065935615036,651.2742191155547,633.868918043769,680.6262158992698
623.5838524141144,623.5838524141144,648.212468054985,633.0980589062502,680.6262158992698
629.0980122275264,629.0980122275264,648.1224147486803,633.9063909317523,680.6262158992698
629.6865763705598,629.6865763705598,647.4914809789876,635.0055083788924,680.6262158992698
634.2580735671633,634.2580735671633,644.00601334714,635.1565284025197,680.6262158992698
632.0682547750622,632.0682547750622,647.3050663414167,635.4860009105997,680.6262158992698
628.3911992260155,628.3911992260155,645.7256343828609,635.8166823834998,680.6262158992698
630.4586959926758,630.4586959926758,641.9736037894984,635.9725866351487,680.6262158992698
630.2410561137119,630.2410561137119,634.5875383503123,634.5514477759135,680.6262158992698
632.2454804142749,632.2454804142749,633.1648425107203,634.3392641438805,680.6262158992698
628.8630076785192,628.8630076785192,634.4403210809015,634.4449785890146,680.6262158992698
630.2489741151135,630.2489741151135,643.4327290588554,635.1824622110772,694.8165930809606
633.9670389256219,633.9670389256219,644.8632362753899,636.3755282114164,694.8165930809606
630.1621556789037,630.1621556789037,638.4952716404239,634.8709056812168,694.8165930809606
629.0244033211161,629.0244033211161,639.1769089042979,635.1412133720488,694.8165930809606
634.8774939795521,634.8774939795521,630.8581066848584,634.35183678089,694.8165930809606
626.5453467137884,626.5453467137884,628.7745193646831,633.6051279422438,694.8165930809606
630.338814310505,630.338814310505,630.1218487234963,633.7782708684558,694.8165930809606
628.2978075411506,628.2978075411506,642.3552573270221,636.0236974013594,720.843660763433
629.4446664553187,629.4446664553187,641.9872060424447,635.7119187834589,720.843660763433
630.6306853362687,630.6306853362687,642.7618355109382,636.7412157471811,720.843660763433
625.7133197984496,625.7133197984496,634.1413821276516,636.7391093752777,720.843660763433
629.9847929894158,629.9847929894158,622.2848014248277,634.6377523450406,720.843660763433
631.6300073876977,631.6300073876977,629.8038168878907,634.1103676962649,720.843660763433
629.4877001320829,629.4877001320829,628.8308398682238,634.3072186013766,720.843660763433
633.548325328014,633.548325328014,629.1897045624431,633.4433525976028,720.843660763433
627.0167112475397,627.0167112475397,626.8993418184284,631.9772145900857,720.843660763433
632.9978214436381,632.9978214436381,623.999241361159,631.7895815166961,720.843660763433
627.9045595229956,627.9045595229956,614.808699299939,630.8286615413739,720.843660763433
629.39411487323,629.39411487323,611.4001356406204,629.9247187536334,720.843660763433
630.9849509238431,630.9849509238431,610.9560360813724,629.8995112747431,720.843660763433
630.9158658241632,630.9158658241632,615.9701708490875,630.8665942610746,720.843660763433
628.5984748630965,628.5984748630965,626.11862093981,631.6455820938394,720.843660763433
626.3380924523492,626.3380924523492,633.036391548447,633.650515696391,723.4346895468573
628.5576886047425,628.5576886047425,636.3332454200174,633.5175538622012,723.4346895468573
628.6297399314749,628.6297399314749,643.2509366927768,635.562960538148,723.4346895468573
629.7952163884554,629.7952163884554,652.8738875932593,636.6920980226432,723.4346895468573
627.0102615986389,627.0102615986389,656.4894376917379,637.1433157278902,723.4346895468573
630.0702715560337,630.0702715560337,662.0852912016139,640.674181424728,723.4346895468573
625.7441160021492,625.7441160021492,665.5687045815163,640.865991972042,723.4346895468573
624.5512836208021,624.5512836208021,661.111844247268,640.1088512072071,723.4346895468573
631.4880314811062,631.4880314811062,661.6181190533509,640.674973828786,723.4346895468573
625.7425740291253,625.7425740291253,663.0282535024878,640.8834653782392,723.4346895468573
623.498392268613,623.498392268613,654.8160184591339,640.7285959029766,723.4346895468573
626.4181559402638,626.4181559402638,652.7836806414603,640.2261376362279,723.4346895468573
630.6747507378929,630.6747507378929,653.0309419639595,640.7269512490909,723.4346895468573
625.7916318706749,625.7916318706749,646.7116060660517,640.1969978450567,723.4346895468573
630.3833014347978,630.3833014347978,643.8601818230759,639.2888626777935,723.4346895468573
628.3532935680482,628.3532935680482,635.830202222478,637.9333976802731,723.4346895468573
626.1838258649059,626.1838258649059,633.7840361249328,637.1809849800469,723.4346895468573
629.9874465300886,629.9874465300886,635.1739988686611,636.8888071578283,723.4346895468573
632.0660163309865,632.0660163309865,633.9866185864669,637.8298039350825,723.4346895468573
631.2703000210654,631.2703000210654,629.7215031537672,637.2032830592565,723.4346895468573
629.9333079660595,629.9333079660595,630.5948747548866,637.3492746581564,723.4346895468573
630.5128165916205,630.5128165916205,630.8424900474492,637.5934329762898,723.4346895468573
631.0140339599587,631.0140339599587,625.5070994658037,636.3673578739683,723.4346895468573
627.6545571873104,627.6545571873104,625.5269008248604,636.1572511334565,723.4346895468573
629.4286221425496,629.4286221425496,621.7965705973102,635.2534560393558,723.4346895468573
625.2338450268114,625.2338450268114,624.9830750232952,636.0125050148696,723.4346895468573
631.4206825055107,631.4206825055107,626.1335666084144,635.7747297995857,723.4346895468573
627.5735407152686,627.5735407152686,622.5962065492206,634.5199842514921,723.4346895468573
632.3341912785166,632.3341912785166,612.6660002503219,631.6764581733757,723.4346895468573
625.0712628852853,625.0712628852853,613.6717658238512,630.9649889689488,723.4346895468573
622.1197826417639,622.1197826417639,615.127199926457,632.6756603153631,723.4346895468573
630.7416460997895,630.7416460997895,611.6698882490226,632.0920288452347,723.4346895468573
629.1428859677554,629.1428859677554,613.7087452883576,632.9374855946681,723.4346895468573
626.0638522568021,626.0638522568021,619.7731648071472,634.3569802219495,723.4346895468573
628.1694893898652,628.1694893898652,621.5725954371528,633.5436053820872,723.4346895468573
630.8572668264303,630.8572668264303,618.4816843231732,631.2377904140999,723.4346895468573
625.8985114562253,625.8985114562253,620.5737703969678,631.4920426704904,723.4346895468573
629.699730964553,629.699730964553,632.2801560237962,632.4236483540637,723.4346895468573
627.9621151583201,627.9621151583201,641.6410920641537,633.1764001606762,723.4346895468573
623.6940495036364,623.6940495036364,643.3467288967379,635.1773744633308,723.4346895468573
629.7677721570909,629.7677721570909,642.2859919286927,635.1720953235234,723.4346895468573
628.2172417867929,628.2172417867929,648.2036711852538,635.9665951086407,723.4346895468573
623.1782450074616,623.1782450074616,648.0556201871912,636.7106687196177,723.4346895468573
622.997269992704,622.997269992704,645.2828900204565,638.0336898623551,723.4346895468573
633.2797375296863,633.2797375296863,646.7948112748801,638.1027193648314,723.4346895468573
624.256299248443,624.256299248443,648.4722928269033,637.9705091194928,723.4346895468573
629.2914664851676,629.2914664851676,644.9705753674659,638.2061306158596,723.4346895468573
629.3015520323153,629.3015520323153,638.718374513397,637.9761160404686,723.4346895468573
622.4420801029523,622.4420801029523,641.7070911620308,638.3237842232649,723.4346895468573
625.1178859967398,625.1178859967398,640.5882792112658,638.071306117622,723.4346895468573
623.0892378949935,623.0892378949935,636.1309845835273,635.7910139305395,723.4346895468573
624.8605016582542,624.8605016582542,634.0939453051482,635.5187350856669,723.4346895468573
624.4240203600049,624.4240203600049,633.2552740607968,634.7115361932217,723.4346895468573
619.8105544844578,619.8105544844578,628.322732584206,633.1234588605444,723.4346895468573
630.0457345477819,630.0457345477819,625.6958787156746,631.9440075696187,723.4346895468573
627.7351996906069,627.7351996906069,617.7999107164062,629.1134330224512,723.4346895468573
623.8508101230105,623.8508101230105,622.4343542905989,629.579260557676,723.4346895468573
616.4659350905661,616.4659350905661,625.7683588702783,630.9074189650706,723.4346895468573
626.5639156141317,626.5639156141317,622.9388919685476,630.5879388063042,723.4346895468573
623.121437359122,623.121437359122,619.4312840770616,629.3519122325367,723.4346895468573
621.2404661032064,621.2404661032064,623.9699126667964,629.621792772072,723.4346895468573
618.6103034362307,618.6103034362307,620.9389026953625,629.1497794964473,723.4346895468573
624.2514306994673,624.2514306994673,622.389604986294,628.5832687976887,723.4346895468573
624.5493833949675,624.5493833949675,633.1651657693917,630.4141708012124,723.4346895468573
628.5977753129808,628.5977753129808,636.2598990722372,630.423951019451,723.4346895468573
625.4110318086864,625.4110318086864,644.3836104414963,630.8241146662549,723.4346895468573
623.4730876951197,623.4730876951197,641.3988442410335,631.1022221808961,723.4346895468573
618.8376890624768,618.8376890624768,636.7714125619138,631.2269017037212,723.4346895468573
616.3774933832642,616.3774933832642,627.044445146496,629.1995041183101,723.4346895468573
620.9171056545243,620.9171056545243,633.6245915123816,630.1325299042596,723.4346895468573
623.6260314590975,623.6260314590975,628.0003587302992,629.1028895671545,723.4346895468573
622.7355969503219,622.7355969503219,628.4935099427005,628.6799834754975,723.4346895468573
630.3073512278535,630.3073512278535,632.7311921334796,630.0280873312239,723.4346895468573
625.0665122583637,625.0665122583637,624.0080318150682,630.1103969992539,723.4346895468573
622.4358759117063,622.4358759117063,622.9837508283142,630.6613870656518,723.4346895468573
624.2035599345804,624.2035599345804,622.6792746896431,630.3633545995244,723.4346895468573
616.4616277088103,616.4616277088103,623.3597601530938,630.5474608898321,723.4346895468573
615.8815666322561,615.8815666322561,620.0697839949959,630.7216171928762,723.4346895468573
624.5991591829396,624.5991591829396,627.0051889472973,632.0673418577051,723.4346895468573
621.0003624338472,621.0003624338472,622.9638274134282,631.990942222175,723.4346895468573
627.7972997425109,627.7972997425109,631.3258126386411,632.3426121095913,723.4346895468573
618.9892514502525,618.9892514502525,631.6973250808604,632.6854708418651,723.4346895468573
622.3776195783664,622.3776195783664,624.9683725832134,632.280012790195,723.4346895468573
621.2308005617491,621.2308005617491,627.6985137629322,631.6954667904108,723.4346895468573
618.6009502543624,618.6009502543624,630.0616885342474,632.3592056850707,723.4346895468573
614.3525680259453,614.3525680259453,635.468839948602,633.7607857246103,723.4346895468573
615.9319718697611,615.9319718697611,628.390697280757,632.11084626659,723.4346895468573
619.4755862477774,619.4755862477774,630.2506774088819,630.3157214698934,723.4346895468573
616.8672181180725,616.8672181180725,630.3297845300551,629.8050803508854,723.4346895468573
619.7919678987495,619.7919678987495,628.0180892292267,628.9252142886728,723.4346895468573
618.002145549974,618.002145549974,622.6503969839753,628.4154931206479,723.4346895468573
624.1456916372912,624.1456916372912,627.060859183609,628.456908441536,723.4346895468573
620.9325014358521,620.9325014358521,633.9944225594842,629.4677732646536,723.4346895468573
620.0027600740706,620.0027600740706,632.5359006460441,629.1460689155284,723.4346895468573
623.9400172988463,623.9400172988463,630.3322255883365,629.066688547762,723.4346895468573
613.662224198462,613.662224198462,626.6867833876815,629.4036838367658,723.4346895468573
616.215899789137,616.215899789137,637.7028981528939,630.6573108236754,723.4346895468573
618.6855389823634,618.6855389823634,641.17217679112,630.806481925438,723.4346895468573
616.2759966366049,616.2759966366049,639.5285498709012,629.3693720926594,723.4346895468573
619.0477253452357,619.0477253452357,640.818711822078,628.9713008108351,723.4346895468573
617.2288697074855,617.2288697074855,641.2715001552158,629.4435962349856,723.4346895468573
610.3878361941785,610.3878361941785,635.2661923330827,628.691357847123,723.4346895468573
615.4658008639472,615.4658008639472,631.3584127333712,629.0884009991685,723.4346895468573
616.1087586615118,616.1087586615118,630.8597834619119,629.6534790910696,723.4346895468573
613.2451457712054,613.2451457712054,624.4046086136558,628.8084345273583,723.4346895468573
613.5131941843704,613.5131941843704,627.6580196733081,631.3753056281462,723.4346895468573
615.9480014298556,615.9480014298556,626.3888539047782,631.4482107465112,723.4346895468573
614.0348377567689,614.0348377567689,622.3669631125904,630.1262027739003,723.4346895468573
618.98560543624,618.98560543624,621.083205734593,628.9982348458685,723.4346895468573
625.2461877802617,625.2461877802617,618.0521436975724,628.6954727349373,723.4346895468573
615.0953229021518,615.0953229021518,616.3761501898632,627.9248437395989,723.4346895468573
617.7105612302929,617.7105612302929,618.7377138474137,628.2511200775332,723.4346895468573
610.8798350303271,610.8798350303271,621.5019138271323,628.910862767336,723.4346895468573
610.3530672677417,610.3530672677417,616.834529106739,626.3873517585389,723.4346895468573
616.7007377436194,616.7007377436194,618.3196902299181,625.2203927588945,723.4346895468573
614.6566341563304,614.6566341563304,613.8677322867433,625.2721299971955,723.4346895468573
613.4858870198327,613.4858870198327,610.9028487910355,625.3490116565116,723.4346895468573
616.4020259938034,616.4020259938034,609.1950167309345,624.6109236077045,723.4346895468573
611.2675620877628,611.2675620877628,613.658924452853,626.32113070714,723.4346895468573
608.6019236831974,608.6019236831974,617.2988968261673,625.4303337976945,723.4346895468573
612.7927506111291,612.7927506111291,612.1157101829237,624.7479140301239,723.4346895468573
609.616539069973,609.616539069973,610.5364267907951,624.6597034471522,723.4346895468573
610.8291932350528,610.8291932350528,600.9932252910286,622.5632693988459,723.4346895468573
610.3257395021983,610.3257395021983,602.412801909086,622.0683057773426,723.4346895468573
609.6513192241864,609.6513192241864,608.8433653757677,622.3923156683852,723.4346895468573
610.968624085142,610.968624085142,606.9534685750858,622.1269687742841,723.4346895468573
614.3238971511324,614.3238971511324,601.3729553480714,620.9516506955073,723.4346895468573
611.2966403706577,611.2966403706577,598.0548134699814,620.2079295027016,723.4346895468573
617.5874706300718,617.5874706300718,601.7358364184004,621.2672602013605,723.4346895468573
612.0922193970915,612.0922193970915,595.9476741667049,620.0271031483499,723.4346895468573
609.6592305790108,609.6592305790108,599.0407246874381,618.2908964398832,723.4346895468573
608.6710635610133,608.6710635610133,595.775281645858,617.4752947601517,723.4346895468573
605.3419896764628,605.3419896764628,603.0709666024766,618.1837882026985,723.4346895468573
606.2494544724154,606.2494544724154,596.5257578967808,615.8337546041123,723.4346895468573
608.6040315938463,608.6040315938463,587.9186647378807,613.9637109091118,723.4346895468573
611.5214262915503,611.5214262915503,586.1249462869149,612.2581900419467,723.4346895468573
603.4311852380295,603.4311852380295,589.9523689522748,613.2639850298108,723.4346895468573
611.4336797830748,611.4336797830748,593.385495426144,612.834893106154,723.4346895468573
612.5621985113847,612.5621985113847,585.5135848145432,612.3040202582582,723.4346895468573
604.5439206095365,604.5439206095365,590.5309490163283,612.5296751057701,723.4346895468573
614.1175585255162,614.1175585255162,590.8286696301363,611.9265509691154,723.4346895468573
611.727776440455,611.727776440455,598.2367897553978,611.7104808745095,723.4346895468573
610.7794787366283,610.7794787366283,592.0877430417512,609.802452299152,723.4346895468573
608.5033320177916,608.5033320177916,594.9425628043527,608.315087035774,723.4346895468573
607.3046897888809,607.3046897888809,602.4839778625048,608.3940613639454,723.4346895468573
611.328042817714,611.328042817714,611.2040420966354,609.1616417837374,723.4346895468573
608.7982242991428,608.7982242991428,606.0638626691807,606.936177933068,723.4346895468573
610.3737095236537,610.3737095236537,610.2903521448512,606.6585281769002,723.4346895468573
602.8062033884021,602.8062033884021,613.7334953945715,607.1450093629921,723.4346895468573
599.069973407094,599.069973407094,608.1412433201552,605.9941814053856,723.4346895468573
606.8535443905175,606.8535443905175,610.329574409464,605.738165819965,723.4346895468573
606.3506196605814,606.3506196605814,606.5194655133505,605.9611355105629,723.4346895468573
609.6440903429457,609.6440903429457,609.4643005508857,605.4236298626548,723.4346895468573
600.2787003506913,600.2787003506913,614.3263068948793,605.0083917223675,723.4346895468573
608.7628448019084,608.7628448019084,622.4620346291973,608.0055465670537,723.4346895468573
611.778284365344,611.778284365344,618.6793575466947,607.3659093584149,723.4346895468573
614.5562820940518,614.5562820940518,623.8193845804776,606.422284068208,723.4346895468573
603.2084234463969,603.2084234463969,625.4165818204241,607.268451918467,723.4346895468573
605.0999461264652,605.0999461264652,627.8601241662498,608.5003930493235,723.4346895468573
611.5932529650613,611.5932529650613,626.6068463417864,607.7051219342285,723.4346895468573
610.2952267732983,610.2952267732983,624.0544099091101,607.2738177638145,723.4346895468573
611.5483485352715,611.5483485352715,624.3856700154431,607.0907267441689,723.4346895468573
601.6369339865953,601.6369339865953,622.1808783676848,605.5594227707654,723.4346895468573
600.8615303826284,600.8615303826284,617.231321027685,605.0877501065568,723.4346895468573
611.3033678291536,611.3033678291536,602.3396884080723,604.8095462026846,723.4346895468573
611.0143012775056,611.0143012775056,599.4924977468233,604.4908624504309,723.4346895468573
607.8923257515829,607.8923257515829,598.8738484107976,604.0164839921604,723.4346895468573
611.0770856211058,611.0770856211058,592.5863748290425,603.9467235380887,723.4346895468573
609.4643343411987,609.4643343411987,584.4262851692944,602.6538651926119,723.4346895468573
611.5186898109307,611.5186898109307,596.5052375913632,603.5463900872677,723.4346895468573
611.7867522820079,611.7867522820079,597.432872447124,604.3372502166545,723.4346895468573
608.431630585448,608.431630585448,596.9234708117912,604.3681355483682,723.4346895468573
609.7676349073807,609.7676349073807,597.8314179922899,604.9270613110177,723.4346895468573
604.636770628443,604.636770628443,600.3491413779751,604.6750180003346,723.4346895468573
608.4364744634884,608.4364744634884,611.4786101536778,605.3365951582666,723.4346895468573
608.4208474075309,608.4208474075309,608.3032770392588,604.7608241432654,723.4346895468573
614.6023360025789,614.6023360025789,603.0203098704316,604.3459548966324,723.4346895468573
604.5649973407883,604.5649973407883,608.4279422007454,606.0213492842415,723.4346895468573
608.5800527352249,608.5800527352249,612.7584470660499,604.8583873221418,723.4346895468573
605.1412843981278,605.1412843981278,607.450046428466,605.8468645396199,723.4346895468573
606.0078469318399,606.0078469318399,610.9137576789342,606.7118568149538,723.4346895468573
604.3003531847781,604.3003531847781,616.2674989842584,608.4665790160483,723.4346895468573
604.7112184648686,604.7112184648686,614.5988593500406,607.2326398605304,723.4346895468573
607.2446886145997,607.2446886145997,620.4270999785324,609.4552864166849,723.4346895468573
605.2164366831284,605.2164366831284,608.5628094130086,609.4654240932922,723.4346895468573
606.6084012564395,606.6084012564395,610.311790583723,609.598193002627,723.4346895468573
604.6130789764836,604.6130789764836,615.589418365813,609.4733647793402,723.4346895468573
607.2062060320932,607.2062060320932,611.5749299330872,609.6592361856301,723.4346895468573
609.051244771554,609.051244771554,609.3856527260408,609.6328009044414,723.4346895468573
607.527214812088,607.527214812088,613.2950758724595,610.3996899108462,723.4346895468573
599.0863392034323,599.0863392034323,602.7251977995139,609.0911624488293,723.4346895468573
615.0126301607113,615.0126301607113,591.4093282206507,607.1010867090988,723.4346895468573
608.4106387475346,608.4106387475346,590.4782873733816,606.9107487268565,723.4346895468573
604.137111358657,604.137111358657,583.7350806374872,607.2137899833117,723.4346895468573
604.8523246263544,604.8523246263544,588.3712553074722,606.6428795822856,723.4346895468573
611.5801617920316,611.5801617920316,589.7067332348383,605.2987312302675,723.4346895468573
612.3893311784698,612.3893311784698,593.1591693349332,606.8924261124906,723.4346895468573
613.2543183658483,613.2543183658483,593.0548649008286,606.2121387368256,723.4346895468573
601.8032337043697,601.8032337043697,590.5373335789424,604.9935685413154,723.4346895468573
607.5491866361757,607.5491866361757,589.0579022673055,606.5830217002762,723.4346895468573
597.8781044343734,597.8781044343734,597.9918904766292,606.6236256622623,723.4346895468573
609.2915896187347,609.2915896187347,605.5595357599041,606.9091007584095,723.4346895468573
598.6452609378135,598.6452609378135,607.2921775669481,606.476324130069,723.4346895468573
605.2394017452247,605.2394017452247,609.6404032722896,606.2766092587939,723.4346895468573
612.5246051427345,612.5246051427345,611.7743949598932,604.5053516484248,723.4346895468573
607.6659457656946,607.6659457656946,610.1169049824055,603.5862407174097,723.4346895468573
600.9066776422994,600.9066776422994,605.82860661412,603.294270519219,723.4346895468573
600.0010744708438,600.0010744708438,603.094369380423,601.7476962488254,723.4346895468573
611.7606916060388,611.7606916060388,610.5281130047457,601.5271663090147,723.4346895468573
609.1768729860228,609.1768729860228,602.3889000492693,601.7394324417727,723.4346895468573
602.1026210982229,602.1026210982229,597.3988059616328,601.2925048727668,723.4346895468573
604.8946417404214,604.8946417404214,600.0012618235969,602.0322191200402,723.4346895468573
602.4902306982283,602.4902306982283,596.3893817419821,601.3180248049284,723.4346895468573
617.0667147197901,617.0667147197901,591.4641784967923,601.1231807526153,723.4346895468573
603.2769844955836,603.2769844955836,585.7828050645932,601.193974979729,723.4346895468573
606.0768513688234,606.0768513688234,587.7807898422707,601.2438991364993,723.4346895468573
604.2853618150118,604.2853618150118,589.0627639231263,601.3320536216848,723.4346895468573
606.4253738150791,606.4253738150791,590.2952454850877,601.2894703800346,723.4346895468573
604.7594718335399,604.7594718335399,589.0551660320898,602.4529424815737,723.4346895468573
608.1824934069488,608.1824934069488,586.7941197818798,599.7972088798759,723.4346895468573
604.7612189077781,604.7612189077781,590.4122129636264,599.8883729760672,723.4346895468573
610.4838643646203,610.4838643646203,585.4585452769174,599.7392340130655,723.4346895468573
604.794263457135,604.794263457135,594.2740604809402,600.6065533026584,723.4346895468573
610.7866380777857,610.7866380777857,598.39186637019,600.7317257510583,723.4346895468573
610.6806551906617,610.6806551906617,605.4223217891963,599.9827173068327,723.4346895468573
604.4595303767909,604.4595303767909,603.9845910880139,600.3801619462503,723.4346895468573
602.6897067285952,602.6897067285952,604.6798140915528,601.6639544659091,723.4346895468573
601.5600495456958,601.5600495456958,611.0425696676045,601.8123958734062,723.4346895468573
610.4983387365196,610.4983387365196,611.9925416541944,602.2997613992026,723.4346895468573
598.5941428207655,598.5941428207655,619.4012344667979,602.1874464875423,723.4346895468573
603.2076232346183,603.2076232346183,619.7081140471084,601.6472442497021,723.4346895468573
610.9006276183917,610.9006276183917,620.4812552908168,600.5819852743772,723.4346895468573
609.4126224783101,609.4126224783101,614.5659652809001,600.5999744888304,723.4346895468573
613.4533455256408,613.4533455256408,620.440969203144,600.7344995959807,723.4346895468573
602.0623874310838,602.0623874310838,613.9312955255708,601.0564145293451,723.4346895468573
606.9228772584725,606.9228772584725,615.9118153472563,601.5001668989569,723.4346895468573
607.6090770800623,607.6090770800623,618.0132124305434,602.1487132788551,723.4346895468573
600.503112130335,600.503112130335,615.2687685826825,602.5511636033253,723.4346895468573
607.5423480740233,607.5423480740233,606.3180514997055,601.6862411539355,723.4346895468573
610.5841966337069,610.5841966337069,608.8595486560507,601.3003410442606,723.4346895468573
601.3069244150923,601.3069244150923,603.8867492506878,601.879554539937,723.4346895468573
602.7483054174043,602.7483054174043,603.0125780239658,602.9026352350403,723.4346895468573
609.0840401501674,609.0840401501674,601.6229885353745,602.8289147212291,723.4346895468573
604.2987666408247,604.2987666408247,598.9591820115436,603.779319870792,723.4346895468573
603.7548204134863,603.7548204134863,604.9567134118815,604.3735061502271,723.4346895468573
602.0467788087993,602.0467788087993,604.324507308572,604.4237217137037,723.4346895468573
606.3031177032462,606.3031177032462,607.0789743091424,604.9326742736971,723.4346895468573
606.8875247413253,606.8875247413253,608.5438218783565,605.648954998831,723.4346895468573
606.5882597652137,606.5882597652137,613.1605138849229,606.2108772151317,723.4346895468573
607.2361905058912,607.2361905058912,612.8576257618007,606.0602857431597,723.4346895468573
605.5575226973648,605.5575226973648,612.9526268773634,604.8717018200838,723.4346895468573
608.2506079214659,608.2506079214659,611.1639905069233,604.023526184444,723.4346895468573
601.9026621825192,601.9026621825192,612.4369093938272,603.8578610866048,723.4346895468573
601.945577502127,601.945577502127,616.8956590999173,605.2303710363175,723.4346895468573
601.2221876506107,601.2221876506107,617.7657677653317,605.5717807113148,723.4346895468573
611.1632964902856,611.1632964902856,613.6565816810089,605.1316570534244,723.4346895468573
605.6811758994131,605.6811758994131,607.1217441356649,605.1913017780059,723.4346895468573
604.8260775198473,604.8260775198473,599.8411122042614,604.9983035635986,723.4346895468573
604.3092081609766,604.3092081609766,597.655263943703,603.6363074029231,723.4346895468573
601.2439010810914,601.2439010810914,595.24657392816,604.6318205189378,723.4346895468573
605.6791985680335,605.6791985680335,596.5843915507869,604.7088189379147,723.4346895468573
607.3171898527831,607.3171898527831,597.8953442397367,603.602342667672,723.4346895468573
606.6846732099634,606.6846732099634,602.6048252336146,605.1009497849313,723.4346895468573
607.4105523233925,607.4105523233925,593.3050954390756,605.5985544247741,723.4346895468573
608.6174538574302,608.6174538574302,586.2513436043879,605.6654884192736,723.4346895468573
602.2120521632601,602.2120521632601,588.592415071216,605.2939820992135,723.4346895468573
604.7315833236939,604.7315833236939,586.716057797718,604.7219605529243,723.4346895468573
610.0009497819157,610.0009497819157,590.7999076964778,605.0992360058766,723.4346895468573
604.8138733712275,604.8138733712275,591.8064647129503,604.1865671390952,723.4346895468573
600.3070650621962,600.3070650621962,594.6395458969555,606.2009057419531,723.4346895468573
611.558765513601,611.558765513601,604.4751788821369,607.5214121216165,723.4346895468573
604.169524674595,604.169524674595,610.9113987076704,608.6929133538225,723.4346895468573
609.0427393056699,609.0427393056699,609.2051314593873,608.0871639806206,723.4346895468573
604.4965699652489,604.4965699652489,612.5344462788524,608.4270704065066,723.4346895468573
606.7617782819499,606.7617782819499,617.7288306621982,608.1267901938741,723.4346895468573
601.3770264461446,601.3770264461446,619.0395414122247,608.3049721640557,723.4346895468573
609.386848559386,609.386848559386,615.1881636615078,606.8236304669152,723.4346895468573
612.2868762001399,612.2868762001399,611.7659743455955,605.2439169414747,723.4346895468573
613.408390442193,613.408390442193,617.1792126257467,605.2239013334056,723.4346895468573
596.7372829220072,596.7372829220072,615.1601503872641,605.3526889260462,723.4346895468573
609.8720910238053,609.8720910238053,611.1535365770657,605.8104966276081,723.4346895468573
607.8526627933092,607.8526627933092,607.1578603108351,606.0282343578262,723.4346895468573
610.2680503915562,610.2680503915562,607.9372400559439,606.7614189356295,723.4346895468573
609.1186648807312,609.1186648807312,605.5701980361547,605.4529161731086,723.4346895468573
605.4596337627684,605.4596337627684,597.3724700597097,604.8150251007019,723.4346895468573
612.725481060248,612.725481060248,596.353251287645,604.3932593521334,723.4346895468573
608.7939629634978,608.7939629634978,605.6884044011421,604.3586688610351,723.4346895468573
613.5009305469314,613.5009305469314,607.6164657556175,603.7134563760618,723.4346895468573
608.5358985766983,608.5358985766983,607.3763801364787,605.4355670607603,723.4346895468573
607.3705982197899,607.3705982197899,609.394164747094,605.4596121442548,723.4346895468573
606.6018069758626,606.6018069758626,609.9530801723929,607.0237628119492,723.4346895468573
606.0716663090436,606.0716663090436,605.60503189438,606.5467251319092,723.4346895468573
610.4816752573898,610.4816752573898,604.779710609869,607.3927633505285,723.4346895468573
611.543736196121,611.543736196121,601.803934568147,606.0218666844294,723.4346895468573
606.6938358147795,606.6938358147795,602.9570702128765,604.4150964609007,723.4346895468573
613.5057638478196,613.5057638478196,606.9183963266878,604.9120371557564,723.4346895468573
606.0215628305463,606.0215628305463,599.8868534235178,602.9202446839101,723.4346895468573
612.271032934904,612.271032934904,601.8638725558515,602.3774665115608,723.4346895468573
610.0595645354169,610.0595645354169,605.7522031147371,603.9539049067231,723.4346895468573
608.8792740283087,608.8792740283087,604.136551095932,603.715397211081,723.4346895468573
603.6077149333504,603.6077149333504,600.0300538902202,604.4392482145205,723.4346895468573
606.7778108287108,606.7778108287108,601.6224236059381,604.638411751712,723.4346895468573
609.2829648840441,609.2829648840441,602.6183980074636,605.4290610732558,723.4346895468573
602.377674852154,602.377674852154,598.3249431691776,602.3077234982816,723.4346895468573
607.9986928238327,607.9986928238327,604.3764011838408,601.7372231446027,723.4346895468573
602.6412940547007,602.6412940547007,603.1224676784261,602.80521435524,723.4346895468573
609.5524595477027,609.5524595477027,610.3619223984367,603.5682803364645,723.4346895468573
605.5825411284907,605.5825411284907,608.8249757423964,604.1742392191878,723.4346895468573
612.589455271249,612.589455271249,599.8474631965079,604.3923447572841,723.4346895468573
611.1911684473586,611.1911684473586,597.6564670359843,604.1973758326461,723.4346895468573
610.9369384236177,610.9369384236177,598.7327812363989,604.8689261516429,723.4346895468573
612.7170228844091,612.7170228844091,602.0367080986773,605.4666845235001,723.4346895468573
608.8176423529059,608.8176423529059,604.431653486235,605.7944267237798,723.4346895468573
607.7033937574522,607.7033937574522,612.1289832682793,606.0725010641222,723.4346895468573
610.0467363735207,610.0467363735207,618.9538847469865,608.2777313731225,723.4346895468573
602.4530123655333,602.4530123655333,617.4973789725234,608.5862071355014,723.4346895468573
608.7558151350803,608.7558151350803,611.6186831228448,608.5488054014899,723.4346895468573
607.1202887915277,607.1202887915277,611.653356485536,608.3449289769993,723.4346895468573
612.0471113601885,612.0471113601885,611.8416548035966,608.3993827754134,723.4346895468573
613.4215522795968,613.4215522795968,622.1436336203808,609.698193377331,723.4346895468573
601.3147944140223,601.3147944140223,624.7137410617454,608.9166385875646,723.4346895468573
607.7973629599297,607.7973629599297,611.4995485066781,605.5843144833017,723.4346895468573
609.481014747543,609.481014747543,607.1755975297754,605.3885199378574,723.4346895468573
609.2467911839133,609.2467911839133,607.6712706877903,605.0998659459099,723.4346895468573
613.2775071913019,613.2775071913019,597.3943091156468,604.2108270638121,723.4346895468573
609.9785174975528,609.9785174975528,597.0271379242179,604.1837264379001,723.4346895468573
607.2207706506647,607.2207706506647,599.3740151080572,605.3859756907997,723.4346895468573
610.4915946356112,610.4915946356112,600.621362906022,606.1160066890847,723.4346895468573
615.9683151376952,615.9683151376952,600.6432666739498,605.092193585054,723.4346895468573
610.9135916675174,610.9135916675174,594.6205288240374,605.5902690646857,723.4346895468573
608.2135715559708,608.2135715559708,592.7994927446393,605.2458298210793,723.4346895468573
614.5459501733344,614.5459501733344,597.2134647300277,603.5954353671403,723.4346895468573
610.0745995203772,610.0745995203772,594.4977212212208,602.7006161709128,723.4346895468573
608.8363998399757,608.8363998399757,594.3060722623993,602.8470407911589,723.4346895468573
613.1275497305961,613.1275497305961,596.020306378662,603.9403943276026,723.4346895468573
610.7203328523284,610.7203328523284,591.942468439173,603.3015698682057,723.4346895468573
610.4470694868176,610.4470694868176,590.4803128878214,602.3443573881356,723.4346895468573
607.1050926337499,607.1050926337499,592.9332907216364,603.1793716822884,723.4346895468573
604.0083826216505,604.0083826216505,596.9291707833773,603.0027517144338,723.4346895468573
612.7250414336155,612.7250414336155,595.8841953828427,602.8882751918354,723.4346895468573
612.478109246694,612.478109246694,595.2739666342748,602.3100071134558,723.4346895468573
615.8626996957692,615.8626996957692,598.8630313267314,602.2470352536105,723.4346895468573
614.8206158946324,614.8206158946324,600.1783226992218,601.7803385887834,723.4346895468573
609.4575161278714,609.4575161278714,602.5432718400276,602.9949082455348,723.4346895468573
612.0827707487986,612.0827707487986,606.9125624834023,604.7314927817077,723.4346895468573
610.5218438843215,610.5218438843215,611.6765859465339,604.2532077921747,723.4346895468573
612.4310616088873,612.4310616088873,615.6135669993839,605.4897001033088,723.4346895468573
613.5729868686101,613.5729868686101,617.9890788656103,606.4044129442402,723.4346895468573
608.1385263915975,608.1385263915975,614.9757431255898,604.8474597166044,723.4346895468573
604.7027987578457,604.7027987578457,608.4981856926748,603.760602111184,723.4346895468573
613.9072765437782,613.9072765437782,612.5168476866014,604.807365872732,723.4346895468573
606.9007311920815,606.9007311920815,613.1661031075416,604.5557711539312,723.4346895468573
609.7433482024078,609.7433482024078,616.8810992430713,604.6328788359049,723.4346895468573
609.6306821290129,609.6306821290129,617.6558501680588,606.861089645311,723.4346895468573
610.2696648431734,610.2696648431734,616.2301104409926,607.1022346331381,723.4346895468573
612.1359727782426,612.1359727782426,621.8380874396122,607.9963317444121,723.4346895468573
609.3038677180069,609.3038677180069,620.8408993653619,607.5854954966937,723.4346895468573
611.1424728375473,611.1424728375473,613.7709316552998,607.3936041268208,723.4346895468573
614.1539631071848,614.1539631071848,615.4684048078146,607.9716480388656,723.4346895468573
613.3244272072607,613.3244272072607,613.9214712196175,607.0136029479105,723.4346895468573
610.8234680505054,610.8234680505054,605.6401393104011,606.1888374875324,723.4346895468573
613.5157688179104,613.5157688179104,604.6821889392504,605.0848673220457,723.4346895468573
608.0963495095928,608.0963495095928,594.4566925937987,602.6378866574177,723.4346895468573
612.6143593471304,612.6143593471304,593.3304249206616,603.1013779757875,723.4346895468573
615.3242722652323,615.3242722652323,595.2365327936507,602.3587642424708,723.4346895468573
605.0206096077324,605.0206096077324,592.7005140041011,603.0369587507275,723.4346895468573
611.7861201867131,611.7861201867131,595.6896909850846,604.3996970691418,723.4346895468573
610.8090602183219,610.8090602183219,609.1726256880042,606.8974579673145,726.4193933533367
612.3842555442527,612.3842555442527,602.216786099518,606.0466742980499,726.4193933533367
610.1721846717694,610.1721846717694,603.7364489126684,603.3321660063681,726.4193933533367
610.2542604473481,610.2542604473481,608.3315352832708,602.9123963318375,726.4193933533367
616.5885509903144,616.5885509903144,612.2879317717715,605.2425439750645,726.4193933533367
616.5889458682452,616.5889458682452,623.0178197205483,605.8063310955722,726.4193933533367
614.0486577883432,614.0486577883432,622.4233637517422,606.0517965885779,726.4193933533367
609.7455337042151,609.7455337042151,623.4948382468297,607.5788700687075,726.4193933533367
606.5811069218744,606.5811069218744,620.5627621386502,607.7440835936142,726.4193933533367
611.9436300308477,611.9436300308477,619.6934316634622,608.4635803802228,726.4193933533367
614.2255323558019,614.2255323558019,606.7728928754188,608.1277639611939,726.4193933533367
610.5036837432905,610.5036837432905,611.0297294112751,608.1239668455149,726.4193933533367
609.8884164946359,609.8884164946359,616.7442530673761,607.7569108550359,726.4193933533367
609.6254871075182,609.6254871075182,612.9368423142819,606.939866245766,726.4193933533367
612.298157455319,612.298157455319,613.3174921012314,608.4633494493053,726.4193933533367
606.0628321296896,606.0628321296896,615.3476002084551,609.9763068930191,726.4193933533367
607.3096002645292,607.3096002645292,613.1120993015451,609.813001996407,726.4193933533367
611.6583737074673,611.6583737074673,606.7419665730564,609.7232021075863,726.4193933533367
611.5698865224846,611.5698865224846,601.631490320884,609.6818879699563,726.4193933533367
612.9185439484093,612.9185439484093,596.3099214394487,609.6295020905484,726.4193933533367
613.9533359311805,613.9533359311805,594.5772668428637,608.4565591854393,726.4193933533367
611.7683976217327,611.7683976217327,597.2624149686069,608.1906156825609,726.4193933533367
612.6883543860098,612.6883543860098,598.3586831831384,608.251808415095,726.4193933533367
613.1270961043023,613.1270961043023,604.9984163148649,608.884756181884,726.4193933533367
613.8718192869941,613.8718192869941,604.9296699635601,609.676677176671,726.4193933533367
609.2726027090774,609.2726027090774,599.5905055747183,609.8587434681183,726.4193933533367
611.8795919499177,611.8795919499177,600.0374509231077,609.3118378130232,726.4193933533367
611.6580495077842,611.6580495077842,599.1829571795746,608.1772810468208,726.4193933533367
613.1732117277234,613.1732117277234,604.1796626313646,608.1825033069224,726.4193933533367
609.6424683652648,609.6424683652648,601.7983264670411,606.8664539840797,726.4193933533367
612.2205270551513,612.2205270551513,606.8304479230304,606.2248329969234,726.4193933533367
606.9942640944215,606.9942640944215,607.2053246963809,606.636531996719,726.4193933533367
612.4202717097808,612.4202717097808,607.2401475144937,608.0002007794589,726.4193933533367
608.4019213226452,608.4019213226452,605.0576763750255,607.3929219195688,726.4193933533367
614.3020154533334,614.3020154533334,604.0195821962649,607.8473729944158,726.4193933533367
611.7684189831243,611.7684189831243,605.1855143807571,607.5196264956555,726.4193933533367
612.1847572546981,612.1847572546981,603.2775412615971,606.4361760317308,726.4193933533367
612.5892943739835,612.5892943739835,604.8228859652644,605.8958361516752,726.4193933533367
606.4891941840955,606.4891941840955,603.200888677386,604.4550635544772,726.4193933533367
611.2435369167398,611.2435369167398,612.6811568191359,605.2345054748345,726.4193933533367
612.2963017284064,612.2963017284064,612.5170168733757,605.9740500405386,726.4193933533367
609.3860841499869,609.3860841499869,613.636670522972,606.2701851397505,726.4193933533367
612.8608839958677,612.8608839958677,611.6566121684823,607.5472289692317,726.4193933533367
615.0812630213684,615.0812630213684,613.4681295437106,608.9585199662307,726.4193933533367
611.5228231658724,611.5228231658724,618.0134578512967,610.5136267768249,726.4193933533367
611.406435667732,611.406435667732,618.1037509750902,612.2490381719138,726.4193933533367
605.4325854732446,605.4325854732446,615.3201848981687,610.8341280272322,726.4193933533367
605.1012606979041,605.1012606979041,617.0487860189545,610.2582867967359,726.4193933533367
611.7377114024799,611.7377114024799,613.8178397282423,608.6785286993055,726.4193933533367
612.5223657437268,612.5223657437268,608.8213404676532,607.8608353713482,726.4193933533367
608.1714871385805,608.1714871385805,603.7776192124604,604.8950487454298,726.4193933533367
614.9584236439551,614.9584236439551,603.3150723538027,606.4898423906075,726.4193933533367
611.9239011307417,611.9239011307417,598.4301106093883,606.4859613085758,726.4193933533367
613.4182376870159,613.4182376870159,594.2424465877937,606.1407022271353,726.4193933533367
612.2546611494985,612.2546611494985,591.3217919817755,606.3203988188258,726.4193933533367
610.4356608572674,610.4356608572674,593.4065451351021,606.3267832548246,726.4193933533367
615.0431019967036,615.0431019967036,600.2137538390874,606.3922060447012,726.4193933533367
608.707209667231,608.707209667231,595.1597517689836,604.5912695011666,726.4193933533367
613.1611461130689,613.1611461130689,600.6246475011419,604.6909057718037,726.4193933533367
611.6476294209457,611.6476294209457,601.1350349707551,604.1491560328068,726.4193933533367
611.3677486609814,611.3677486609814,602.347070726722,604.0098843156904,726.4193933533367
608.2172428430713,608.2172428430713,593.7507732500732,603.0340511583672,726.4193933533367
614.0011638642395,614.0011638642395,598.918843221929,602.9208793394864,726.4193933533367
610.8684922589489,610.8684922589489,601.3656626697376,603.8264662982264,726.4193933533367
611.4423231358909,611.4423231358909,602.3690892500415,604.1307182485878,726.4193933533367
613.9818007959555,613.9818007959555,603.9152910502063,604.0403214231749,726.4193933533367
605.1724256491019,605.1724256491019,598.754011963141,603.5205885770204,726.4193933533367
610.7621280271683,610.7621280271683,607.2144070684182,604.685757600239,726.4193933533367
610.3107151273249,610.3107151273249,606.0350160283261,605.5716109132921,726.4193933533367
613.6352528397144,613.6352528397144,609.990607724786,606.8852932898742,726.4193933533367
616.6944929995,616.6944929995,609.8363088118786,607.0616927094934,726.4193933533367
614.4752269329283,614.4752269329283,623.5392360857214,608.28941538179,726.4193933533367
615.7909170841212,615.7909170841212,620.8876445275753,607.4266716083737,726.4193933533367
607.4920822628571,607.4920822628571,614.3410035327258,605.6949837417985,726.4193933533367
613.6300266024083,613.6300266024083,611.855428675635,605.5158699910027,726.4193933533367
609.8453239468006,609.8453239468006,610.9947046663617,606.3211612415035,726.4193933533367
603.9220241077256,603.9220241077256,614.9931908372355,606.511736559846,726.4193933533367
609.7490509458462,609.7490509458462,611.2771284009089,607.1045918445058,726.4193933533367
614.6368861549598,614.6368861549598,612.304307672893,607.1965399215978,726.4193933533367
617.4360456436145,617.4360456436145,616.9958807881326,609.9248041540926,726.4193933533367
609.246243527537,609.246243527537,613.9727653294422,608.4901561907758,726.4193933533367
610.5936178357177,610.5936178357177,608.9388828850734,608.6361270195285,726.4193933533367
612.3886366934717,612.3886366934717,606.8870339912057,607.3560489037161,726.4193933533367
611.2652753742946,611.2652753742946,608.8789740265435,606.4592432721023,726.4193933533367
609.7300246979154,609.7300246979154,606.0163307629415,605.9152197043381,726.4193933533367
615.2507672783007,615.2507672783007,597.5459093450667,604.7932402343654,726.4193933533367
613.662112924654,613.662112924654,595.0002275787626,604.856273823279,726.4193933533367
609.9389625243824,609.9389625243824,601.0683942658196,606.353693504617,726.4193933533367
610.141699178426,610.141699178426,599.7697680006497,606.5103157862505,726.4193933533367
614.1853293402908,614.1853293402908,592.3861220869524,605.8657972076558,726.4193933533367
614.7674875053287,614.7674875053287,598.5497124021261,605.6966952965258,726.4193933533367
600.6344988479661,600.6344988479661,598.1894257915092,605.5466780732361,726.4193933533367
612.2146393710874,612.2146393710874,604.5722823929042,605.9391829486005,726.4193933533367
606.1948218221112,606.1948218221112,608.6814799782038,605.5019133590009,726.4193933533367
605.7290873259524,605.7290873259524,606.1285854110955,603.5382452162979,726.4193933533367
614.328137224711,614.328137224711,616.3729252027275,604.4470750798929,726.4193933533367
615.6256422237668,615.6256422237668,624.7906441071805,606.7503656650815,726.4193933533367
610.7452923072491,610.7452923072491,621.7757811941974,607.2990925396655,726.4193933533367
613.1131487303684,613.1131487303684,624.2566033427686,608.598068509156,726.4193933533367
609.9473808471263,609.9473808471263,626.1692992375795,609.3353889616411,726.4193933533367
604.3781014158099,604.3781014158099,622.258908997865,609.3929532536067,726.4193933533367
613.8337344633014,613.8337344633014,623.8845943767648,609.6605824778284,726.4193933533367
614.9512228240245,614.9512228240245,614.1911698371256,609.091394794148,726.4193933533367
616.2992358616937,616.2992358616937,616.470122967746,609.9474486349914,726.4193933533367
615.5858876629636,615.5858876629636,621.0642848382387,609.4867437875905,726.4193933533367
617.2160269971653,617.2160269971653,612.3703822585464,608.2398425045817,726.4193933533367
610.0179323932864,610.0179323932864,612.449526894838,609.1975202762314,726.4193933533367
610.140521884243,610.140521884243,605.870257591534,609.4411937041756,726.4193933533367
608.5288977107617,608.5288977107617,608.9743896917754,610.2680169472826,726.4193933533367
609.1872294465027,609.1872294465027,604.2631256172126,609.9610070909326,726.4193933533367
612.6214365006861,612.6214365006861,608.3043488866891,610.5844088856003,726.4193933533367
615.1685513877374,615.1685513877374,607.5031181092554,612.4110514496649,726.4193933533367
613.6305872221311,613.6305872221311,607.908282835845,610.8892827169312,726.4193933533367
611.2985463140637,611.2985463140637,597.9340385591383,609.2611238128716,726.4193933533367
607.3864415345936,607.3864415345936,600.5860611985519,609.1301381772926,726.4193933533367
609.2774968171542,609.2774968171542,607.5717938104251,608.9711430566255,726.4193933533367
611.8170389395025,611.8170389395025,601.7030766242826,609.7873332084597,726.4193933533367
613.8638743934707,613.8638743934707,606.4722784116453,609.2927679728211,726.4193933533367
615.9584157361617,615.9584157361617,598.0854176773007,608.6780972770774,726.4193933533367
610.6003420798689,610.6003420798689,591.5124942677651,606.2653843995283,726.4193933533367
607.9130215635136,607.9130215635136,587.6960218104214,606.1563514853087,726.4193933533367
610.2797216892301,610.2797216892301,593.0778093526571,606.318766103052,726.4193933533367
615.3731199121663,615.3731199121663,601.879670874443,607.0876879863048,726.4193933533367
613.0641726727604,613.0641726727604,610.7108435534376,608.5350918170138,726.4193933533367
612.4815198604124,612.4815198604124,605.4070857658916,607.8404695953438,726.4193933533367
613.4661757588764,613.4661757588764,603.4556011881341,607.46332236098,726.4193933533367
609.4365328286626,609.4365328286626,604.8151289163197,607.7517208242766,726.4193933533367
612.1384514963219,612.1384514963219,607.8249035651418,608.6023230056676,726.4193933533367
603.8926169855124,603.8926169855124,612.3811059482197,608.6934569321427,726.4193933533367
613.7153662185787,613.7153662185787,616.6831440822637,606.2028370583546,726.4193933533367
609.4873268194891,609.4873268194891,615.5534644892168,606.4724913172638,726.4193933533367
608.8510332709778,608.8510332709778,607.0555980371539,605.9421091334681,726.4193933533367
616.2027095131776,616.2027095131776,607.1932656547726,607.148934319018,726.4193933533367
614.5472566645916,614.5472566645916,600.6136973162984,606.8820364749648,726.4193933533367
614.665661569148,614.665661569148,606.013877408165,607.8399789243884,726.4193933533367
614.293261306894,614.293261306894,602.5676542855699,608.4676713490807,726.4193933533367
612.8991142852767,612.8991142852767,601.2898802542115,609.0096513593664,726.4193933533367
612.5526731214039,612.5526731214039,598.4930953707789,608.0872632266595,726.4193933533367
617.5726628701854,617.5726628701854,599.7481435120742,608.6891320344276,726.4193933533367
612.6151782803084,612.6151782803084,605.7793786120305,608.8814883633702,726.4193933533367
611.639369649605,611.639369649605,607.4545604807947,608.2534609329974,726.4193933533367
612.4865173990598,612.4865173990598,610.4275404315001,608.3897320614662,726.4193933533367
619.9004236785778,619.9004236785778,609.1038343948443,608.0552447194061,726.4193933533367
614.7053908291117,614.7053908291117,613.5720300289197,607.860146485108,726.4193933533367
606.0655592533901,606.0655592533901,613.926853143969,609.3996324709631,726.4193933533367
608.9692547482827,608.9692547482827,614.5968640934655,608.1124591272282,726.4193933533367
612.9699545036777,612.9699545036777,618.1053707439859,607.6725966867274,726.4193933533367
606.9355827545083,606.9355827545083,618.5205525221819,607.4362174922563,726.4193933533367
611.8969895657931,611.8969895657931,614.3583462573134,606.7094806173367,726.4193933533367
611.8783741796202,611.8783741796202,615.6626608432035,606.7801606844951,726.4193933533367
619.3006902167125,619.3006902167125,619.677947255884,607.7372685846012,726.4193933533367
610.2189181349771,610.2189181349771,613.874710563395,606.3877552987923,726.4193933533367
612.1363035590829,612.1363035590829,612.553129640495,607.7276366800801,726.4193933533367
612.170727414321,612.170727414321,615.2763214171794,607.6213861749947,726.4193933533367
611.5924346350563,611.5924346350563,619.483253444422,609.0834261921998,726.4193933533367
616.4164999061376,616.4164999061376,626.7315927639987,610.9847012283186,726.4193933533367
611.8219799876407,611.8219799876407,626.6185590773227,610.5064031232245,726.4193933533367
604.7971002485092,604.7971002485092,620.8512297787707,610.4324119297037,726.4193933533367
611.4710786541561,611.4710786541561,620.1639302403902,608.9473887270595,726.4193933533367
612.9164092504695,612.9164092504695,613.7014161732525,608.6678187957029,726.4193933533367
615.8903387354981,615.8903387354981,608.9355394627265,607.8635066998087,726.4193933533367
614.1605605887096,614.1605605887096,612.0794690054352,607.3030254780282,726.4193933533367
615.6798776564492,615.6798776564492,611.2302756286088,608.3920352386326,726.4193933533367
613.1464985929102,613.1464985929102,607.3585829231868,609.5062950478044,726.4193933533367
615.3895741504616,615.3895741504616,601.0067845997534,609.16757087244,726.4193933533367
605.7326104556753,605.7326104556753,594.7348558807441,608.4173136423825,726.4193933533367
608.3367737922938,608.3367737922938,591.7619287010668,608.5181735385814,726.4193933533367
613.093252518741,613.093252518741,593.0470744012418,607.7473711276231,726.4193933533367
612.8095455041174,612.8095455041174,596.9783784531951,608.7259808822386,726.4193933533367
606.0282316252005,606.0282316252005,599.777148689893,610.3207496801285,726.4193933533367
612.508390807069,612.508390807069,604.6360958170546,611.2515215011354,726.4193933533367
617.2823065763986,617.2823065763986,607.5772484678532,610.2029133010675,726.4193933533367
608.4042789122916,608.4042789122916,608.2389407230236,609.6638892083488,726.4193933533367
616.0027954824814,616.0027954824814,610.6947273338625,609.5030718038893,726.4193933533367
614.3025843348092,614.3025843348092,614.4811919912477,610.9823921175113,726.4193933533367
616.3708214600072,616.3708214600072,619.654592253621,611.6571118554799,726.4193933533367
610.1039874698198,610.1039874698198,620.4740754479484,611.6499628449071,726.4193933533367
617.6226526100103,617.6226526100103,623.4577040949505,610.8739312335847,726.4193933533367
614.4385464986326,614.4385464986326,624.6350661454811,611.1767729216908,726.4193933533367
612.8452526412909,612.8452526412909,621.1784192884977,611.2198047213755,726.4193933533367
608.0687463350185,608.0687463350185,622.8046772698535,612.7017640572627,726.4193933533367
610.2431427505475,610.2431427505475,617.2155094848883,612.2348955906142,726.4193933533367
615.8744545428099,615.8744545428099,625.1646235012402,613.2581607776424,726.4193933533367
611.5997739158361,611.5997739158361,624.0993440405357,614.2002011487368,726.4193933533367
615.3019841825901,615.3019841825901,620.4418733027735,613.867991296433,726.4193933533367
613.4437715905993,613.4437715905993,618.5743616541404,614.858453329194,726.4193933533367
612.8877003460511,612.8877003460511,617.6848442875961,614.9289556515841,726.4193933533367
609.1320027285342,609.1320027285342,615.8403604097451,614.343384241378,726.4193933533367
615.0185912402276,615.0185912402276,607.7569766710847,612.7785395534929,726.4193933533367
607.0375128027755,607.0375128027755,618.4050901041132,613.744947019792,726.4193933533367
615.9426332886283,615.9426332886283,617.0457491492327,614.6200017909504,726.4193933533367
611.268034623048,611.268034623048,610.8888055077496,612.3271486058643,726.4193933533367
613.5237698646795,613.5237698646795,600.264020703107,611.4901980392949,726.4193933533367
609.3975633115389,609.3975633115389,599.2324228866107,611.332279720275,726.4193933533367
610.1450635759177,610.1450635759177,601.4696398157433,611.376548630788,726.4193933533367
608.2759907480443,608.2759907480443,601.036971304909,612.1464747714826,726.4193933533367
616.7123330379069,616.7123330379069,597.0103119928986,610.7099439013666,726.4193933533367
614.852371982795,614.852371982795,591.8925935098363,609.0177924389088,726.4193933533367
612.6622389791005,612.6622389791005,603.9985203022028,610.7065743624709,726.4193933533367
605.9949537208092,605.9949537208092,592.9780267873376,609.2080202086188,726.4193933533367
613.7003521060151,613.7003521060151,589.2924404384136,608.5429004274562,726.4193933533367
603.4839285354766,603.4839285354766,591.4252493762954,607.8372563684443,726.4193933533367
615.1173494266245,615.1173494266245,587.58243618487,606.4960593481699,726.4193933533367
614.9643491161157,614.9643491161157,589.158185841464,606.108652605132,726.4193933533367
615.1507804142068,615.1507804142068,583.5555802322976,604.191013988363,726.4193933533367
612.2026655317089,612.2026655317089,582.1006345098002,603.220283120643,726.4193933533367
611.3762712923663,611.3762712923663,586.3022909812769,602.6466902821574,726.4193933533367
609.0459655923396,609.0459655923396,590.132577936895,602.8740620705338,726.4193933533367
614.3397185767964,614.3397185767964,586.0324917580512,603.8802866660029,726.4193933533367
613.4555618933673,613.4555618933673,595.98293821001,605.6643246159704,726.4193933533367
614.4040535263431,614.4040535263431,597.7975181562915,606.3152961661692,726.4193933533367
611.932762726086,611.932762726086,596.1399045634395,604.6493434800452,726.4193933533367
614.3019194133785,614.3019194133785,603.8603194475386,605.0220681119558,726.4193933533367
615.356652972194,615.356652972194,598.232270705155,604.2833901615255,726.4193933533367
612.1033123093723,612.1033123093723,598.510455609194,603.6917481902511,726.4193933533367
614.4588376021476,614.4588376021476,594.7860694177274,603.2305258280396,726.4193933533367
615.2977700196969,615.2977700196969,596.3370337965889,603.5617113012618,726.4193933533367
612.3357786749477,612.3357786749477,599.1935337505286,604.1033539403911,726.4193933533367
612.4711129883942,612.4711129883942,597.7507322369893,604.0347574227618,726.4193933533367
613.1931241791528,613.1931241791528,594.5545781045844,604.6198104989087,726.4193933533367
614.4076244036365,614.4076244036365,593.9398150528708,604.1760400133325,726.4193933533367
609.5985710490972,609.5985710490972,608.6927176302154,604.8724373125176,726.4193933533367
610.2284297768333,610.2284297768333,607.7465753179533,604.9235950309419,726.4193933533367
610.6429927681489,610.6429927681489,615.9741840267654,605.3392815001062,726.4193933533367
616.105094328766,616.105094328766,619.5610600042345,604.7077217928486,726.4193933533367
609.8509188556703,609.8509188556703,626.3761077085106,604.5748289190175,726.4193933533367
616.6496706614942,616.6496706614942,625.4222135027373,604.5513389122195,726.4193933533367
614.456779087385,614.456779087385,627.3580636219649,604.883425845794,726.4193933533367
616.0905103606544,616.0905103606544,627.4844493694206,604.6046340675497,726.4193933533367
610.3063638477365,610.3063638477365,626.7038497204746,605.724896585304,726.4193933533367
607.6353427330437,607.6353427330437,627.2088956354198,605.0568836864456,726.4193933533367
613.8954802622505,613.8954802622505,622.4271951209687,605.9147744397337,726.4193933533367
612.2222414337517,612.2222414337517,624.7415371300442,604.8389777567027,726.4193933533367
607.0781390043427,607.0781390043427,617.8720860208554,604.0938298961702,726.4193933533367
609.966658384243,609.966658384243,616.8463665147437,603.9886204352426,726.4193933533367
613.8939821574322,613.8939821574322,610.775986563828,603.015153900955,726.4193933533367
612.7386845411988,612.7386845411988,608.6944862957037,602.7532673138411,726.4193933533367
611.524765758344,611.524765758344,608.4590605746444,603.4071658787739,726.4193933533367
615.0911557811253,615.0911557811253,611.5835666233086,605.3699520579944,726.4193933533367
612.3080154626293,612.3080154626293,611.0782505857278,604.2595286816269,726.4193933533367
615.249331244165,615.249331244165,610.9292652378563,603.8335869041704,726.4193933533367
610.7726754111828,610.7726754111828,608.1645376144827,605.3699208610802,726.4193933533367
614.2402505948694,614.2402505948694,605.3120128118323,605.8485761784477,726.4193933533367
614.2459741708075,614.2459741708075,606.8763513772662,605.6226155943012,726.4193933533367
617.4737538953015,617.4737538953015,608.4860068582263,605.3918938437392,726.4193933533367
611.358098586822,611.358098586822,608.3229287345748,604.4723453868883,726.4193933533367
613.6819303638224,613.6819303638224,609.8554905792387,605.3223030311091,726.4193933533367
611.5116057685983,611.5116057685983,609.5315719973795,606.9349615762825,726.4193933533367
605.6393144061315,605.6393144061315,605.9777067932042,605.7657893561948,726.4193933533367
613.225102744705,613.225102744705,605.4216675203281,606.7482568282251,726.4193933533367
612.9543215626315,612.9543215626315,606.0171602802245,607.1785308725325,726.4193933533367
613.0822251578494,613.0822251578494,603.106480705286,607.7061671268784,726.4193933533367
608.9556493970708,608.9556493970708,601.3828791143917,608.6086647643522,726.4193933533367
617.3585906286066,617.3585906286066,597.865871375913,607.3641527011911,726.4193933533367
609.4971333943719,609.4971333943719,597.9639832165974,608.2735744405993,726.4193933533367
606.708271676937,606.708271676937,602.7947453461632,608.6111675541608,726.4193933533367
610.3659141316983,610.3659141316983,602.1378318127994,608.4894111974136,726.4193933533367
612.9286572007856,612.9286572007856,601.068189872349,609.1220839633733,726.4193933533367
611.7847500154145,611.7847500154145,598.8379047077157,608.3268719461277,726.4193933533367
614.3947147458847,614.3947147458847,597.559413537452,607.0635518937133,726.4193933533367
612.2090900754333,612.2090900754333,596.3725683596209,606.8935409131984,726.4193933533367
611.5850939890282,611.5850939890282,597.7962261300884,608.0374314402083,726.4193933533367
607.9747755977266,607.9747755977266,598.6051321964025,607.5576273141248,726.4193933533367
605.1802335462475,605.1802335462475,605.0353851032994,608.7247755808199,726.4193933533367
615.0348421076352,615.0348421076352,602.1725469085054,609.0059927004615,726.4193933533367
615.8443492075709,615.8443492075709,601.7475651492407,610.0034667004635,726.4193933533367
614.2767349981933,614.2767349981933,602.7200106417579,609.7660065664473,726.4193933533367
612.3919773590541,612.3919773590541,600.5823839883443,609.3998540109365,726.4193933533367
613.1986451909762,613.1986451909762,599.0896690282439,608.5946593043786,726.4193933533367
609.4900614015611,609.4900614015611,601.7856532247307,608.5097669177427,726.4193933533367
612.2617381688897,612.2617381688897,599.7195175116096,608.0494814049462,726.4193933533367
617.1202342822476,617.1202342822476,605.4232472362676,607.3835373614187,726.4193933533367
615.4811343042987,615.4811343042987,606.1419620020375,607.2367046509416,726.4193933533367
613.8868488849703,613.8868488849703,608.2919195870852,607.1883226928838,726.4193933533367
610.7314240003387,610.7314240003387,609.215630664535,606.9369068325215,726.4193933533367
614.3605687462136,614.3605687462136,612.6051766107506,607.2492804809114,726.4193933533367
612.8513692749631,612.8513692749631,607.7454537820302,606.2306546223059,726.4193933533367
604.1284628313458,604.1284628313458,610.8017390320813,606.0885890929596,726.4193933533367
613.3871192013279,613.3871192013279,617.2638815084496,606.5505457321843,726.4193933533367
615.7140099621843,615.7140099621843,613.885744563477,605.9461458863432,726.4193933533367
610.9649284913748,610.9649284913748,609.6036274579944,604.5284277694611,726.4193933533367
611.7920127305096,611.7920127305096,606.2858029490611,604.1552589270372,726.4193933533367
616.5647838361476,616.5647838361476,608.3127948460692,603.9509561941467,726.4193933533367
612.2425540106268,612.2425540106268,609.2156333243672,605.4570321535862,726.4193933533367
611.6274880717464,611.6274880717464,606.679275273915,604.9034885843557,726.4193933533367
614.5951568329976,614.5951568329976,598.3704219867634,604.7681675654984,726.4193933533367
612.5430126979267,612.5430126979267,601.5932323802981,604.8104038392247,726.4193933533367
607.9075043763446,607.9075043763446,603.328069796703,605.0623909373713,726.4193933533367
605.0466204895192,605.0466204895192,596.6156361017523,603.5569596278731,726.4193933533367
608.049055669675,608.049055669675,603.1649605365695,604.3634878765115,726.4193933533367
616.390086834905,616.390086834905,605.6754964915265,603.4776740201952,726.4193933533367
605.5723954416533,605.5723954416533,607.1308995102548,603.9485313061916,726.4193933533367
611.9477419203828,611.9477419203828,603.3868853633946,603.5659307044591,726.4193933533367
613.2346738926502,613.2346738926502,609.43549786685,605.968861451503,726.4193933533367
607.1309719895846,607.1309719895846,617.5165092112901,606.7095890549685,726.4193933533367
612.6058666639273,612.6058666639273,620.6284135485383,607.2292645282912,726.4193933533367
615.6506548310398,615.6506548310398,619.7906296566559,606.7974316547082,726.4193933533367
610.8058780037969,610.8058780037969,614.9931765916693,606.1547118562293,726.4193933533367
615.5333634574276,615.5333634574276,617.5492567066965,605.8712696105715,726.4193933533367
609.471770978824,609.471770978824,613.7891309302823,606.0369805585024,726.4193933533367
610.4918921395091,610.4918921395091,617.175492450238,605.7093404541979,726.4193933533367
615.296076474891,615.296076474891,618.0663801254727,606.9405111902289,726.4193933533367
610.727607951035,610.727607951035,622.5849473887359,607.8063443593279,726.4193933533367
606.8711009639164,606.8711009639164,609.0189029603191,608.1994677683842,726.4193933533367
611.9452112135875,611.9452112135875,605.7077385236813,608.2583401163853,726.4193933533367
611.235062363324,611.235062363324,607.6487093263335,608.2000573243254,726.4193933533367
609.1058898909633,609.1058898909633,608.2238194270386,608.0146291775562,726.4193933533367
611.760823382585,611.760823382585,613.147847286798,608.5706433391191,726.4193933533367
609.2735401603386,609.2735401603386,606.3903856095869,607.3817657909458,726.4193933533367
615.2049424737185,615.2049424737185,606.6820637239535,607.8615105958028,726.4193933533367
612.3182249035976,612.3182249035976,601.0553107689104,606.6458889360558,726.4193933533367
614.7616913856397,614.7616913856397,600.6377979521237,607.508825554636,726.4193933533367
611.8173383414722,611.8173383414722,598.3548491173061,607.7562877435087,726.4193933533367
613.5679992320856,613.5679992320856,606.6172259211323,608.5158359319507,726.4193933533367
609.6444177898217,609.6444177898217,613.3099122175639,610.485813178197,726.4193933533367
613.6790070536268,613.6790070536268,610.3925949777284,609.9290632900229,726.4193933533367
613.2017231529101,613.2017231529101,611.8805544186688,609.8467379329384,726.4193933533367
615.7101507289768,615.7101507289768,607.603045230598,609.9747755875699,726.4193933533367
611.6903922011371,611.6903922011371,622.1037269164389,611.9845773685848,726.4193933533367
607.9706530735695,607.9706530735695,623.8596227145894,612.2763044937744,726.4193933533367
619.248716865365,619.248716865365,627.6623711292034,612.2344596595744,726.4193933533367
609.1597395077683,609.1597395077683,626.0303294708145,611.6302420015454,726.4193933533367
610.0544989414979,610.0544989414979,627.8337976363426,612.0946548703696,726.4193933533367
616.763633490824,616.763633490824,623.3141770782526,611.5202874301843,726.4193933533367
609.107028073905,609.107028073905,614.9949955730924,611.6416861599085,726.4193933533367
612.683442821396,612.683442821396,619.7381197446796,611.3556519168086,726.4193933533367
610.6309055700688,610.6309055700688,618.0307407433477,611.9037953252018,726.4193933533367
612.7709275935031,612.7709275935031,620.4819181293569,611.910811407025,726.4193933533367
615.7335521318705,615.7335521318705,613.7502879691411,611.2818586607232,726.4193933533367
608.6508706207586,608.6508706207586,607.7654076104493,611.0522371031687,726.4193933533367
612.7813149761056,612.7813149761056,610.1251522602065,612.338764620017,726.4193933533367
611.5077723567746,611.5077723567746,611.9561958122275,612.7643205741787,726.4193933533367
611.4298263666453,611.4298263666453,615.4885660396797,613.5298091090918,726.4193933533367
609.6647528060765,609.6647528060765,614.8012679457385,612.6374143544584,726.4193933533367
610.7397343532461,610.7397343532461,618.0037539058321,613.9065818862919,726.4193933533367
607.1159497060559,607.1159497060559,612.3189440797346,614.1453563354029,726.4193933533367
611.4727668873264,611.4727668873264,618.8704365011916,615.3592361493806,726.4193933533367
611.7965009710329,611.7965009710329,619.540560614347,615.1533095705538,726.4193933533367
614.8377984038183,614.8377984038183,626.0161712954609,617.1619656994649,726.4193933533367
609.7976333541908,609.7976333541908,625.7474551318113,615.5687360222171,726.4193933533367
614.9945211478748,614.9945211478748,625.3701672593248,616.2776987735766,726.4193933533367
607.4605224666313,607.4605224666313,622.8407965655555,615.9062999852389,726.4193933533367
609.9430494679598,609.9430494679598,616.2693835976502,616.1063087559428,726.4193933533367
601.5993223115709,601.5993223115709,618.7157398174136,614.4934627445712,726.4193933533367
610.6105044230842,610.6105044230842,618.7231001763837,614.1479000793106,726.4193933533367
606.1919375386924,606.1919375386924,624.9957399465269,615.0188216150007,726.4193933533367
612.5363489780156,612.5363489780156,617.666545775411,614.9344193731315,726.4193933533367
610.0357015104865,610.0357015104865,611.0016698278364,614.3550082177873,726.4193933533367
615.7093446210798,615.7093446210798,603.0371782032798,614.2595499987815,726.4193933533367
612.8581727874262,612.8581727874262,604.1182568098104,613.6345611981228,726.4193933533367
616.8450168161584,616.8450168161584,599.8605369469049,612.81470767291,726.4193933533367
612.6946684556939,612.6946684556939,601.0901259243615,612.5110491450166,726.4193933533367
608.6622337211102,608.6622337211102,603.0656192159777,612.2024431213912,726.4193933533367
609.6861563006344,609.6861563006344,596.6884253363964,612.0273672197866,726.4193933533367
607.8262764695296,607.8262764695296,592.2727528297203,611.4609029405184,726.4193933533367
616.2049430270383,616.2049430270383,591.2059498379426,611.7302697173225,726.4193933533367
611.4486743193435,611.4486743193435,594.4252982042148,612.1747151285667,726.4193933533367
614.3335283433161,614.3335283433161,598.5427692745328,611.4339926153341,726.4193933533367
611.9483449630163,611.9483449630163,599.0530151516665,612.7920759071974,726.4193933533367
614.5690853569085,614.5690853569085,604.4310444031821,613.1843573339685,726.4193933533367
611.5720719534013,611.5720719534013,610.6719379998378,614.7380331190955,726.4193933533367
617.0852702505749,617.0852702505749,607.9320498306422,613.9698995207203,726.4193933533367
616.2063772620332,616.2063772620332,609.0188625419368,614.3352458063174,726.4193933533367
615.3476667869123,615.3476667869123,612.0592660058048,613.1157752367212,726.4193933533367
613.7635116794567,613.7635116794567,614.1345241893508,611.6258253348758,726.4193933533367
608.9919133970786,608.9919133970786,614.4153797151808,612.5348266648128,726.4193933533367
611.2472348854744,611.2472348854744,616.016755017479,613.0019552483288,726.4193933533367
617.5775436131902,617.5775436131902,620.1813234017143,613.9496482495574,726.4193933533367
616.0298201965666,616.0298201965666,624.8383646473533,613.3390034533803,726.4193933533367
610.7833393743907,610.7833393743907,624.6051752987262,613.3334678507958,726.4193933533367
612.7532973247002,612.7532973247002,619.3248320858141,613.0705253104177,726.4193933533367
609.4163646027448,609.4163646027448,629.1029151126767,614.5844166490926,726.4193933533367
617.2011639208754,617.2011639208754,626.9347548391011,614.155437246869,726.4193933533367
608.1821394404545,608.1821394404545,631.5036968047274,614.7536791820162,726.4193933533367
615.5443232779343,615.5443232779343,628.4474287736972,614.3163119749968,726.4193933533367
615.1407164831809,615.1407164831809,625.515580389126,613.6903187937022,726.4193933533367
612.4532962484753,612.4532962484753,624.4814580914478,614.2920987179489,726.4193933533367
613.3894503712494,613.3894503712494,620.3019021729303,613.9136450582722,726.4193933533367
608.8298327197623,608.8298327197623,610.6090405790289,612.7107539753579,726.4193933533367
611.7889664131033,611.7889664131033,606.2081256306006,613.022011454826,726.4193933533367
609.3183902807682,609.3183902807682,607.338138615628,612.513122581502,726.4193933533367
607.6249431936994,607.6249431936994,601.5983827480213,612.5128540362515,726.4193933533367
613.9462241677412,613.9462241677412,598.9163055141569,610.8409851417645,726.4193933533367
612.569162272589,612.569162272589,595.4631898663432,610.8860635661372,726.4193933533367
615.1047957910317,615.1047957910317,598.5114419382754,610.4178495814855,726.4193933533367
616.2978099263787,616.2978099263787,596.4043773838046,610.5074054545162,726.4193933533367
614.0322387645153,614.0322387645153,599.4609114755964,610.4101937128298,726.4193933533367
611.8607902061848,611.8607902061848,605.9725008937088,611.2000331141445,726.4193933533367
614.023163965981,614.023163965981,610.6187757320422,609.6312748626742,726.4193933533367
614.2818205615612,614.2818205615612,609.486180043722,609.7697564372082,726.4193933533367
610.2694409499785,610.2694409499785,614.5299359159222,610.3450763128213,726.4193933533367
612.020291507317,612.020291507317,612.3245157022382,610.409597863588,726.4193933533367
614.289611491565,614.289611491565,611.0877576183271,609.8046599458999,726.4193933533367
608.7398373951002,608.7398373951002,614.2601746063289,609.9949505239201,726.4193933533367
613.5194124317475,613.5194124317475,612.4722502554164,609.1676795972919,726.4193933533367
611.6357414485253,611.6357414485253,613.8542991160227,608.2791172884153,726.4193933533367
614.4609589415464,614.4609589415464,610.6306062885462,609.0030058154567,726.4193933533367
612.7035270042461,612.7035270042461,604.1506044856068,609.8298200456985,726.4193933533367
612.5124252177105,612.5124252177105,609.8821894975652,611.0002771215312,726.4193933533367
612.8248859549243,612.8248859549243,611.4870712314269,611.2435193215315,726.4193933533367
612.8617556275058,612.8617556275058,609.6797256818123,612.3089140598029,726.4193933533367
612.8441210131374,612.8441210131374,613.6880686027005,612.9291863992557,726.4193933533367
617.356965098053,617.356965098053,616.2900968871317,612.4495554801307,726.4193933533367
612.0460116639475,612.0460116639475,622.584570069469,615.1741794705347,726.4193933533367
614.2235503044263,614.2235503044263,622.1297172872493,615.1390724887979,726.4193933533367
613.5350259822636,613.5350259822636,624.4992210251494,614.9377715258568,726.4193933533367
613.6563826201448,613.6563826201448,621.767144396104,614.4713750538347,726.4193933533367
614.8810327654245,614.8810327654245,625.5842226350127,615.2381107177946,726.4193933533367
612.8093141504935,612.8093141504935,620.2042332248424,615.2305207361663,726.4193933533367
620.0704317811397,620.0704317811397,620.561918556323,614.4696941521596,726.4193933533367
605.785993469683,605.785993469683,620.8839824708181,614.351322953999,726.4193933533367
608.7746912166067,608.7746912166067,617.3864648888773,614.8200694109028,726.4193933533367
616.2359397991278,616.2359397991278,620.5120239363471,614.7481877590128,726.4193933533367
614.4614381972077,614.4614381972077,611.3849857330943,615.0393234159925,726.4193933533367
612.0604515828159,612.0604515828159,614.1186720294339,615.1359020568144,726.4193933533367
613.1963037437604,613.1963037437604,609.5769792988891,613.9700914425983,726.4193933533367
615.4236084936889,615.4236084936889,614.684072058704,614.2048384620797,726.4193933533367
610.8479804526837,610.8479804526837,612.0464116997828,613.6111283774084,726.4193933533367
614.4887697026526,614.4887697026526,610.7156636832188,612.4059805433395,726.4193933533367
609.4179981165029,609.4179981165029,611.9450484061124,611.937668773637,726.4193933533367
614.3718116209707,614.3718116209707,614.1543223328335,613.3172210034028,726.4193933533367
610.618375501495,610.618375501495,611.2961852838966,611.2587234451468,726.4193933533367
614.8467759070533,614.8467759070533,614.0882438923567,612.1788855696639,726.4193933533367
615.1545806066958,615.1545806066958,615.7450254785246,611.887589150752,726.4193933533367
613.179486528792,613.179486528792,617.376702554184,612.9217568129119,726.4193933533367
612.7876452251753,612.7876452251753,617.9116459958325,612.4493045639397,726.4193933533367
614.8573130249782,614.8573130249782,620.5090147259659,613.4103497889834,726.4193933533367
610.1249997265979,610.1249997265979,616.9143150590237,612.933610954627,726.4193933533367
616.1330755906707,616.1330755906707,621.0069555712171,614.4855635417772,726.4193933533367
611.0421798859745,611.0421798859745,623.6420343480597,615.4244505171289,726.4193933533367
613.0848240314957,613.0848240314957,621.0088022621262,616.0513537327025,726.4193933533367
617.253031261289,617.253031261289,628.5377400811778,616.646594911778,726.4193933533367
613.4905180296928,613.4905180296928,624.1106327932644,617.2177510254855,726.4193933533367
611.4332790467294,611.4332790467294,624.5927073799153,617.7134926534663,726.4193933533367
613.4239808998619,613.4239808998619,622.7860755651423,617.7766835382852,726.4193933533367
615.9659370658051,615.9659370658051,629.7315920403224,619.1147474952433,726.4193933533367
607.0862658234695,607.0862658234695,623.7174076632348,618.2616490265109,726.4193933533367
617.6022514830463,617.6022514830463,624.4427815390421,616.6276670836936,726.4193933533367
610.7771821465967,610.7771821465967,625.4284535243862,617.4474991002459,726.4193933533367
613.7517589081867,613.7517589081867,631.0556625567245,619.7383470197294,726.4193933533367
614.298686097683,614.298686097683,631.4954038970374,619.4444473289255,726.4193933533367
615.2866455041552,615.2866455041552,623.6402868317125,618.909749137673,726.4193933533367
613.402938231115,613.402938231115,624.9513806383198,619.990475629484,726.4193933533367
616.2152601354941,616.2152601354941,628.3865574284025,620.5387692178812,726.4193933533367
616.9970764330245,616.9970764330245,634.2171805845232,622.1256696041066,726.4193933533367
615.4050184012164,615.4050184012164,627.6066341116576,621.8652144943702,726.4193933533367
615.9978095941384,615.9978095941384,622.7124474847143,620.6780172657446,726.4193933533367
619.170471418094,619.170471418094,618.552462292597,619.5080386450917,726.4193933533367
613.2406690834187,613.2406690834187,619.4632901272765,619.3637192261882,726.4193933533367
614.5962976699117,614.5962976699117,608.5590474258057,619.1527422586051,726.4193933533367
617.5247491199707,617.5247491199707,606.2422018825494,618.756942569073,726.4193933533367
612.5141953305556,612.5141953305556,607.0652803241009,617.5851914819531,726.4193933533367
606.220691247598,606.220691247598,605.472964826176,617.8270492172927,726.4193933533367
609.1854624066746,609.1854624066746,600.2125340903128,616.0643620220499,726.4193933533367
612.905103327274,612.905103327274,595.984969267957,616.8967200002481,726.4193933533367
610.3380430536221,610.3380430536221,592.0269180456772,615.3707538984759,726.4193933533367
617.4000065826208,617.4000065826208,597.5354822974431,615.8316848460124,726.4193933533367
615.5659729939614,615.5659729939614,603.3816910342391,615.067532324937,726.4193933533367
610.5603785036018,610.5603785036018,596.8932957455379,614.7015317303274,726.4193933533367
607.6214552940224,607.6214552940224,602.3574676346282,615.5118520742662,726.4193933533367
611.6834520359829,611.6834520359829,609.0277612608694,616.3856983270832,726.4193933533367
611.9157013297428,611.9157013297428,613.865022235648,616.8809029513072,726.4193933533367
616.1398239126017,616.1398239126017,613.2326589409971,616.3711762182228,726.4193933533367
615.5447424092456,615.5447424092456,614.3298707978429,616.6533390349997,726.4193933533367
614.2665383604351,614.2665383604351,615.2095280289202,617.1148912001454,726.4193933533367
610.624969472441,610.624969472441,611.0745678837923,615.6702716154564,726.4193933533367
615.1004070892355,615.1004070892355,610.0039397666899,614.8956583876096,726.4193933533367
608.5984278171467,608.5984278171467,609.7472597709263,614.6077019391657,726.4193933533367
616.0438339349388,616.0438339349388,613.3979177978615,615.2379825532557,726.4193933533367
612.4940128741409,612.4940128741409,609.4355901309141,615.0099604192266,726.4193933533367
616.0722779749486,616.0722779749486,604.6935341765375,614.493540695824,726.4193933533367
606.1521729934537,606.1521729934537,597.2095423824651,614.063574371021,726.4193933533367
617.6975152340995,617.6975152340995,600.4639957327119,613.6463265862939,726.4193933533367
610.1952544235365,610.1952544235365,596.0232730224419,612.7089885437831,726.4193933533367
612.8850107725434,612.8850107725434,597.5057466176033,613.1407000128291,726.4193933533367
615.1179313827524,615.1179313827524,601.5072794194214,612.3893983001742,726.4193933533367
614.2439886456596,614.2439886456596,599.4288308593901,610.6796216142944,726.4193933533367
612.1563059469473,612.1563059469473,601.4606345444925,611.5169658362595,726.4193933533367
606.980699623798,606.980699623798,601.6046648483502,611.3575244086825,726.4193933533367
614.1006541863794,614.1006541863794,603.8664440198718,611.0548423535889,726.4193933533367
617.2479285527871,617.2479285527871,607.8703529979254,611.8658508429838,726.4193933533367
613.2809751934874,613.2809751934874,612.8948681767777,610.9349999901409,726.4193933533367
613.3295996099664,613.3295996099664,616.6123469068901,612.1466694090191,726.4193933533367
615.683440409119,615.683440409119,620.7153794931994,611.9335229664399,726.4193933533367
607.840129784398,607.840129784398,610.9172319727843,610.7669312943576,726.4193933533367
613.9914714343159,613.9914714343159,614.8959778910719,609.422275470324,726.4193933533367
605.609528549161,605.609528549161,624.0303721229093,610.7422145062294,726.4193933533367
609.3675357260998,609.3675357260998,615.1384421120708,609.6560979508652,726.4193933533367
612.8047991780328,612.8047991780328,614.5276251405533,609.1773587319159,726.4193933533367
616.1213258308446,616.1213258308446,607.8342617722245,606.4105621966888,726.4193933533367
615.2304298416315,615.2304298416315,605.3989527826122,606.6465606200987,726.4193933533367
609.5328009146823,609.5328009146823,599.5618786077093,606.1193183453402,726.4193933533367
609.2650230499207,609.2650230499207,595.380724394594,606.2325381602739,726.4193933533367
609.142621149414,609.142621149414,596.5997004855857,605.5761515778767,726.4193933533367
613.794152034395,613.794152034395,602.275655721447,604.3786263217423,726.4193933533367
610.8950134644178,610.8950134644178,598.1502829353947,603.5310052350715,726.4193933533367
612.037215450596,612.037215450596,589.3483359431859,604.0693921979238,726.4193933533367
609.1337044927487,609.1337044927487,592.1926163162093,604.3841287555875,726.4193933533367
614.2514771951448,614.2514771951448,588.8614478371015,603.056990273881,726.4193933533367
608.705736603533,608.705736603533,590.7679250191679,602.8523377153614,726.4193933533367
612.3259411757477,612.3259411757477,591.8458303461164,603.7672863128122,726.4193933533367
614.0251454029968,614.0251454029968,592.8359504431234,603.2734523691447,726.4193933533367
613.1009566529896,613.1009566529896,591.8952040020074,603.5169859954402,726.4193933533367
608.8546862697636,608.8546862697636,590.7722405015027,603.6880928601146,726.4193933533367
602.7504887922332,602.7504887922332,582.3833780403236,601.6583080762158,726.4193933533367
610.4733085548542,610.4733085548542,587.1022107923378,602.5460637844036,726.4193933533367
613.1453329424941,613.1453329424941,585.225285639976,601.6073528664303,726.4193933533367
613.3755648332295,613.3755648332295,588.6774983890607,601.443290226552,726.4193933533367
615.7154426196976,615.7154426196976,590.9918230901856,601.8766957428104,726.4193933533367
604.4605010620248,604.4605010620248,597.417016920803,601.8642475725962,726.4193933533367
610.1392736216003,610.1392736216003,598.5568689504299,601.6731078507243,726.4193933533367
613.6839345991785,613.6839345991785,604.362800689007,601.3730080598165,726.4193933533367
614.1767068689857,614.1767068689857,602.560867793923,601.3826277660253,726.4193933533367
615.9073261958908,615.9073261958908,605.9177868806446,602.0056760766748,726.4193933533367
611.8478294667941,611.8478294667941,608.2564576275005,600.2676939959317,726.4193933533367
611.6097023698152,611.6097023698152,611.2356427389723,602.5782787554396,726.4193933533367
610.4690057238117,610.4690057238117,615.8882096968744,602.7842068524672,726.4193933533367
615.3827408061828,615.3827408061828,616.6793116872645,602.8297006098196,726.4193933533367
611.5837878511278,611.5837878511278,615.190511154109,602.2352144140599,726.4193933533367
614.8904690058346,614.8904690058346,608.8767536695984,601.7524802803331,726.4193933533367
613.9757210978555,613.9757210978555,602.6517551530678,601.2647520460303,726.4193933533367
611.8350602706696,611.8350602706696,601.0079833701939,602.1326962573622,726.4193933533367
614.0879824154096,614.0879824154096,601.2170438700293,601.5332373934888,726.4193933533367
610.728851375961,610.728851375961,599.623068797469,602.7256352316803,726.4193933533367
614.3770742685219,614.3770742685219,598.1561903621612,600.3977827448433,726.4193933533367
606.7899178147115,606.7899178147115,599.0015577329452,602.0771344181444,726.4193933533367
611.1376709974705,611.1376709974705,597.9890554546962,602.4962517715284,726.4193933533367
613.9494405497843,613.9494405497843,601.267928580925,602.7911594171061,726.4193933533367
617.6216508469098,617.6216508469098,594.6390142469426,600.8420842937784,726.4193933533367
616.4648452270486,616.4648452270486,597.4975894316174,600.4787093626823,726.4193933533367
608.1827245918018,608.1827245918018,602.6192149697446,600.2145244403941,726.4193933533367
611.3347537880362,611.3347537880362,601.2394338661445,599.8016093952357,726.4193933533367
612.3627319080952,612.3627319080952,601.8556067246996,598.5818893570507,726.4193933533367
611.752769324352,611.752769324352,594.1235860507647,597.4072765431933,726.4193933533367
615.0943311333126,615.0943311333126,603.1840776294155,598.8511518761695,726.4193933533367
604.6814801227869,604.6814801227869,592.2361026371253,597.545159367355,726.4193933533367
612.7157597873525,612.7157597873525,597.1979055474117,597.1297584564288,726.4193933533367
616.1453305450299,616.1453305450299,597.4480973840243,599.2530904714966,726.4193933533367
608.8845238114935,608.8845238114935,608.0043619926821,599.5374316642042,726.4193933533367
614.918833873378,614.918833873378,607.6598558200315,600.4438281722437,726.4193933533367
615.2745453032436,615.2745453032436,605.1805647260045,600.1708468290727,726.4193933533367
616.8497388139742,616.8497388139742,612.0352375367784,602.2962811810494,726.4193933533367
607.1149910454858,607.1149910454858,612.3031020028393,601.9663648786998,726.4193933533367
608.2793702303421,608.2793702303421,618.1766597857124,601.7226684032187,726.4193933533367
607.2500728630979,607.2500728630979,618.1681511784517,602.0296509675705,726.4193933533367
610.0415975847025,610.0415975847025,631.6200932130112,604.2391214228784,726.4193933533367
610.0697647250487,610.0697647250487,622.8914129825849,603.8383738643087,726.4193933533367
612.1640144452139,612.1640144452139,624.3241065937179,605.6793885269985,726.4193933533367
610.018577127934,610.018577127934,626.7328562793333,607.1117133526504,726.4193933533367
613.6008929109244,613.6008929109244,620.6089164650376,606.4120264614176,726.4193933533367
614.9519066866474,614.9519066866474,623.2609016327799,606.4538610864053,726.4193933533367
613.0106628049549,613.0106628049549,620.6754502154093,607.8641811355067,726.4193933533367
616.6212560664658,616.6212560664658,614.6073627131325,606.5087966209248,726.4193933533367
610.7540944757818,610.7540944757818,619.6783737073865,607.5038950443954,726.4193933533367
615.6663336017182,615.6663336017182,615.3322379641857,608.6194229523429,726.4193933533367
611.1341233761083,611.1341233761083,606.8576027360537,608.1901998116216,726.4193933533367
611.4640961946731,611.4640961946731,609.3516604725963,608.6636488308327,726.4193933533367
613.3223256835823,613.3223256835823,606.7402548890944,609.2919398270053,726.4193933533367
617.3586554526785,617.3586554526785,597.1851477333926,608.3503782812918,726.4193933533367
610.2136048636806,610.2136048636806,599.5317375639847,606.8349705900539,726.4193933533367
609.8400502881724,609.8400502881724,597.9266103376098,606.3278093638412,726.4193933533367
613.3546589655058,613.3546589655058,596.0864818333176,606.2089173643689,726.4193933533367
608.1819719106122,608.1819719106122,596.375242752033,605.2716716125468,726.4193933533367
607.7801772960577,607.7801772960577,595.6224207284129,605.4448218139491,726.4193933533367
608.4367586695333,608.4367586695333,600.512703027228,607.0706720322884,726.4193933533367
610.6107007867921,610.6107007867921,602.5329668036026,606.4496646245476,726.4193933533367
609.9739200533544,609.9739200533544,605.347119498563,606.5554307911706,726.4193933533367
610.0587014700884,610.0587014700884,600.7571783869087,606.1075131669342,726.4193933533367
611.3497415432857,611.3497415432857,601.337507310857,605.5797775126414,726.4193933533367
611.4456385596975,611.4456385596975,608.2473160736041,606.7090830708551,726.4193933533367
609.8818202996317,609.8818202996317,608.3543074419042,607.4683198216086,726.4193933533367
611.4475553331102,611.4475553331102,608.2537918280962,607.6580790559493,726.4193933533367
612.9272284870997,612.9272284870997,615.9216372343642,608.2125902854139,726.4193933533367
611.7987835403216,611.7987835403216,606.4541519740276,606.8110384492609,726.4193933533367
610.142684863187,610.142684863187,603.4602216908527,608.1314782980267,726.4193933533367
611.9110321614949,611.9110321614949,602.5646585282695,607.1622847836124,726.4193933533367
608.9337143850236,608.9337143850236,601.8633867052894,607.3302970412892,726.4193933533367
611.5996651062211,611.5996651062211,609.3542994554726,607.7247873418436,726.4193933533367
613.7025894215321,613.7025894215321,609.219566314693,608.4958879261916,726.4193933533367
614.0843021374121,614.0843021374121,604.5951306079237,608.1285913061164,726.4193933533367
611.5977166757168,611.5977166757168,606.6580981010036,608.2760964478605,726.4193933533367
610.636320676937,610.636320676937,608.1531215797972,609.0408165986797,726.4193933533367
611.5339936314028,611.5339936314028,607.0774754884976,609.2569640381734,726.4193933533367
607.7656303920702,607.7656303920702,607.7990137355462,609.5461239862173,726.4193933533367
611.5597111602698,611.5597111602698,607.7162316350574,609.0379090991552,726.4193933533367
613.972483402109,613.972483402109,610.7743807126922,610.8699403987257,726.4193933533367
611.9471628796276,611.9471628796276,611.5071164023799,610.1921392122828,726.4193933533367
612.8943482971358,612.8943482971358,604.8986636242745,609.2149005898938,726.4193933533367
610.1601580146597,610.1601580146597,608.1694967434385,608.5289148763429,726.4193933533367
612.1322592224868,612.1322592224868,611.6625110566522,608.9291223534404,726.4193933533367
607.5881497658233,607.5881497658233,605.23712238304,608.2874079792674,726.4193933533367
611.0398793987989,611.0398793987989,600.0773909479683,606.6492472809177,726.4193933533367
614.5277149495358,614.5277149495358,600.3773116935861,606.8718059763228,726.4193933533367
613.9652691312804,613.9652691312804,603.1145157854687,606.5336951861684,726.4193933533367
618.6491786350449,618.6491786350449,600.8871905282707,605.5817169691189,726.4193933533367
609.915676191388,609.915676191388,599.1931449460399,604.3845507453315,726.4193933533367
610.3333065906355,610.3333065906355,600.4455708750879,605.7029707907833,726.4193933533367
610.8175119666811,610.8175119666811,606.2625719218308,605.6025936555162,726.4193933533367
614.0158176616075,614.0158176616075,607.005126502276,604.5833689209314,726.4193933533367
613.6699817583169,613.6699817583169,602.9585839553098,605.3990558514948,726.4193933533367
616.1411958327432,616.1411958327432,608.4992768059758,605.3350830139066,726.4193933533367
613.7727013370921,613.7727013370921,610.0187648948291,604.5179102168017,726.4193933533367
611.9362556774283,611.9362556774283,613.0931539804983,606.5689642297958,726.4193933533367
613.829956445502,613.829956445502,614.522141516708,605.5024487480326,726.4193933533367
616.1899364500572,616.1899364500572,611.6552346756814,604.846316311418,726.4193933533367
611.5627420788871,611.5627420788871,612.6493175541257,605.5428937089459,726.4193933533367
610.4235158209835,610.4235158209835,615.879838269659,607.0086063501959,726.4193933533367
611.8028149785326,611.8028149785326,613.7325228806492,607.0010472538272,726.4193933533367
612.0232591741144,612.0232591741144,618.1372009458671,608.7737795634264,726.4193933533367
612.771132392709,612.771132392709,618.9307018801298,609.278848714724,726.4193933533367
611.2934851361213,611.2934851361213,619.4772923875505,609.6452194238949,726.4193933533367
611.6824576538951,611.6824576538951,621.2977164708425,609.5601571443067,726.4193933533367
609.1193175538933,609.1193175538933,620.6408509410073,611.4220858675908,726.4193933533367
606.5255313396567,606.5255313396567,624.1777349212655,611.2135115866031,726.4193933533367
615.9372791664186,615.9372791664186,628.4482474002477,610.433425186022,726.4193933533367
608.0612849567881,608.0612849567881,627.1816025499089,610.4726208582072,726.4193933533367
610.3755177928053,610.3755177928053,624.2321535226328,610.7856131550097,726.4193933533367
611.4690095388878,611.4690095388878,622.5273028712429,611.355072150694,726.4193933533367
612.8757262384215,612.8757262384215,612.9417438283066,611.0946268669162,726.4193933533367
610.0580328908217,610.0580328908217,608.5958369100715,609.3485528820174,726.4193933533367
615.5798081600116,615.5798081600116,604.4683970023245,608.8680373359788,726.4193933533367
612.975572956935,612.975572956935,604.5241931709318,608.8142374128738,726.4193933533367
614.5836317074586,614.5836317074586,603.7385114518555,608.985460711089,726.4193933533367
607.9318865626169,607.9318865626169,599.4005353027758,609.8027882523528,726.4193933533367
614.6462725924946,614.6462725924946,597.1657557263233,609.1745319931161,726.4193933533367
608.5798157443165,608.5798157443165,598.374349265552,609.6345590056637,726.4193933533367
608.796928084871,608.796928084871,597.4333549056045,609.8996067950727,726.4193933533367
614.0581662889135,614.0581662889135,599.7961200661613,609.4434362728317,726.4193933533367
612.1449939694445,612.1449939694445,606.10924236491,610.4725620769595,726.4193933533367
610.9827870526741,610.9827870526741,611.0226870547295,610.6340641713786,726.4193933533367
605.6249844387731,605.6249844387731,604.3714514450576,608.4107080047895,726.4193933533367
611.3651715009843,611.3651715009843,602.538798580612,607.6913728130368,726.4193933533367
611.5231642438166,611.5231642438166,599.9050123983634,607.5509680930621,726.4193933533367
612.3836285893813,612.3836285893813,598.3838987102039,607.9197652472843,726.4193933533367
608.1374138616944,608.1374138616944,601.1955083109617,607.8703873282969,726.4193933533367
614.5967368878635,614.5967368878635,604.54306584855,608.3882960328351,726.4193933533367
614.9948145210418,614.9948145210418,611.6589578832543,609.9299750912476,726.4193933533367
613.8644046100442,613.8644046100442,610.1923893208069,610.5021814121382,726.4193933533367
610.6058901894231,610.6058901894231,607.0823205833617,610.2551268449441,726.4193933533367
613.9885596946393,613.9885596946393,604.6107282075006,609.2237076015482,726.4193933533367
611.9198247216012,611.9198247216012,615.85143885766,610.5335712997136,726.4193933533367
611.2530839562243,611.2530839562243,612.2051404005189,610.1169227035468,726.4193933533367
612.9906656580492,612.9906656580492,606.847835629371,608.845072880219,726.4193933533367
610.732759957838,610.732759957838,614.288119055399,610.1544859012704,726.4193933533367
612.9370703138587,612.9370703138587,614.7919072747328,610.6513306775894,726.4193933533367
608.6854905272697,608.6854905272697,611.489475384182,610.8475621204636,726.4193933533367
609.8508782864242,609.8508782864242,599.8889582695356,609.8186525701371,726.4193933533367
619.6326763157393,619.6326763157393,606.761161656719,610.6018993591159,726.4193933533367
611.5818075644165,611.5818075644165,603.4272471237872,609.5395509692465,726.4193933533367
612.3536076291934,612.3536076291934,608.1013791522835,610.2522666409429,726.4193933533367
614.3623496616482,614.3623496616482,603.377337281234,609.5091833947652,726.4193933533367
613.264154067885,613.264154067885,610.9842761940643,610.3100249633939,726.4193933533367
605.7454030959733,605.7454030959733,618.1857951687692,609.8636011178733,726.4193933533367
606.6546170395532,606.6546170395532,606.9500290284104,608.640063403611,726.4193933533367
613.6888610967987,613.6888610967987,611.4994633583641,610.6201764141259,726.4193933533367
609.9763696631201,609.9763696631201,614.3713165662803,611.1919619228945,726.4193933533367
612.3208569321563,612.3208569321563,621.1199103339891,610.8666669830031,726.4193933533367
609.1697431991,609.1697431991,615.352583613433,610.9259115056725,726.4193933533367
612.4277000893742,612.4277000893742,619.3716995134583,609.7864506827648,726.4193933533367
614.2546269538647,614.2546269538647,618.6883772368716,610.2038017122914,726.4193933533367
609.1094184641256,609.1094184641256,618.283068821352,609.2703386815255,726.4193933533367
611.2910642925665,611.2910642925665,622.3061285798042,610.5117073851861,726.4193933533367
613.5240457200356,613.5240457200356,624.76534148974,610.6884992276198,726.4193933533367
606.2880674069946,606.2880674069946,629.7485899910073,609.7542344175592,726.4193933533367
609.9859640154586,609.9859640154586,624.3362391361933,609.797774761315,726.4193933533367
604.4512545018911,604.4512545018911,625.8276582950955,610.921173071932,726.4193933533367
610.558115765246,610.558115765246,621.6853558087408,610.3573074402249,726.4193933533367
604.1673264519156,604.1673264519156,625.4688207972079,611.5142150908656,726.4193933533367
616.5782235403527,616.5782235403527,623.0569822376789,611.8094983646391,726.4193933533367
615.740733673575,615.740733673575,628.7849176537813,614.2416178610333,726.4193933533367
614.5899746485369,614.5899746485369,629.2326237039418,614.2231840218491,726.4193933533367
605.8039212637501,605.8039212637501,628.7450716688406,615.355883084768,726.4193933533367
604.0227336977223,604.0227336977223,628.949905601491,615.7307780575469,726.4193933533367
615.3075380357502,615.3075380357502,630.0423809242513,615.8826035418545,726.4193933533367
608.4042716289899,608.4042716289899,631.080006463203,616.580624908691,726.4193933533367
616.3143759747694,616.3143759747694,622.4474325348697,615.7357897257955,726.4193933533367
608.4363089932265,608.4363089932265,626.1754915095731,616.1057347610187,726.4193933533367
611.4418886001879,611.4418886001879,620.5507086642688,615.6651328104871,726.4193933533367
616.3636227852658,616.3636227852658,621.3594443633633,614.8595387643298,726.4193933533367
607.4593362690306,607.4593362690306,617.0861372795846,615.4543079060043,726.4193933533367
609.7637720725362,609.7637720725362,620.8371567444837,617.5163250817343,726.4193933533367
610.0585710073406,610.0585710073406,616.4970960847204,618.1475425855896,726.4193933533367
613.3926964169711,613.3926964169711,612.5918028646596,618.2681361508061,726.4193933533367
615.2836278549323,615.2836278549323,609.2683760377212,618.0594990073579,726.4193933533367
608.8756529259009,608.8756529259009,608.382535802266,618.0180304069519,726.4193933533367
613.675569583548,613.675569583548,618.2041825654449,618.4680130691745,726.4193933533367
609.1055879137781,609.1055879137781,618.7062952863412,617.515202241636,726.4193933533367
605.9056949793916,605.9056949793916,619.8423278660287,617.5951205195314,726.4193933533367
613.2575379151996,613.2575379151996,622.3125808577905,617.9055908192156,726.4193933533367
616.2048650440843,616.2048650440843,617.1543765607677,617.9630375766577,726.4193933533367
610.7483213754527,610.7483213754527,612.7534809420334,616.8967334986089,726.4193933533367
609.910590431239,609.910590431239,615.5880690970903,618.8241283249039,726.4193933533367
612.9414830243909,612.9414830243909,615.3508297874943,619.9687349824309,726.4193933533367
615.0119275259594,615.0119275259594,617.7539566598593,618.7526665282498,726.4193933533367
613.1207312406573,613.1207312406573,615.5307199753154,618.1657929470683,726.4193933533367
609.6145256806598,609.6145256806598,611.9496850930535,618.5600550109488,726.4193933533367
614.9938707268204,614.9938707268204,604.2164985207621,618.3807102918812,726.4193933533367
612.8442024963133,612.8442024963133,601.4840889262427,616.5397059734362,726.4193933533367
609.1280534634559,609.1280534634559,596.2177559439735,616.463692583253,726.4193933533367
608.9191995060443,608.9191995060443,600.9372250333188,616.5302067528647,726.4193933533367
611.2289831236504,611.2289831236504,607.5785508064538,617.7369762036528,726.4193933533367
610.6299170344332,610.6299170344332,606.6095006605691,617.9491732182049,726.4193933533367
611.0640013087916,611.0640013087916,608.0284350795234,617.9372629645817,726.4193933533367
609.8779486806584,609.8779486806584,610.2274650357627,619.4081537297203,726.4193933533367
613.4112655846142,613.4112655846142,615.411772274222,618.9482547302399,726.4193933533367
609.1698152257962,609.1698152257962,611.183612000905,617.9225140978738,726.4193933533367
611.8786409138695,611.8786409138695,610.5829285587961,616.2733139368427,726.4193933533367
608.8377877427777,608.8377877427777,608.8418286396233,615.2375549786742,726.4193933533367
600.3871935970577,600.3871935970577,613.1361467583586,615.216582032233,726.4193933533367
611.9369112717811,611.9369112717811,611.8942272364371,615.171376752778,726.4193933533367
609.633579384577,609.633579384577,604.7436623186884,615.0290949031202,726.4193933533367
616.915144033212,616.915144033212,601.9784052184134,613.8836285459267,726.4193933533367
605.8461871106235,605.8461871106235,600.5358464360157,613.0913639538367,726.4193933533367
607.3774988710214,607.3774988710214,594.6305247970688,612.3845406909327,726.4193933533367
611.4958538705329,611.4958538705329,590.5838446321809,612.1977758294374,726.4193933533367
611.5144334127098,611.5144334127098,597.6913989874495,612.2952622363445,726.4193933533367
612.3272299845532,612.3272299845532,605.886437971085,613.1135303693114,726.4193933533367
605.9987272881859,605.9987272881859,616.1914933629738,613.3820894918275,726.4193933533367
613.8116592504301,613.8116592504301,616.7694356167156,613.9590727080404,726.4193933533367
609.1410490719582,609.1410490719582,616.24707075622,612.6638073732656,726.4193933533367
608.5354404634579,608.5354404634579,623.3460228210284,613.8517747265375,726.4193933533367
603.7738930853415,603.7738930853415,629.4977132042796,614.0341568530145,726.4193933533367
614.2419661917743,614.2419661917743,624.9897744945248,612.2993377324435,726.4193933533367
611.6528042241866,611.6528042241866,627.0584839360531,611.787761293293,726.4193933533367
609.7342772001415,609.7342772001415,631.0911908996115,612.2000127167191,726.4193933533367
609.2209949565421,609.2209949565421,622.0947584062003,612.2247274106107,726.4193933533367
611.004901456663,611.004901456663,620.204266292167,611.9192853258303,726.4193933533367
607.9747441146587,607.9747441146587,610.0516011127954,611.2822679815328,726.4193933533367
610.232354526973,610.232354526973,609.7211032144703,611.6314044782616,726.4193933533367
606.1347672984033,606.1347672984033,608.9733957293673,611.0412590632221,726.4193933533367
605.0145893607847,605.0145893607847,605.5431757684884,610.7929785313386,726.4193933533367
602.132354276704,602.132354276704,596.4038524173536,610.0155081195412,726.4193933533367
606.883334819896,606.883334819896,597.5582218184137,609.2926215231943,726.4193933533367
609.3937529804972,609.3937529804972,596.9626517654233,609.3266164388334,726.4193933533367
607.0645229960445,607.0645229960445,603.1375669893308,611.1510189541322,726.4193933533367
612.6887047545025,612.6887047545025,607.5184949107114,610.087589879664,726.4193933533367
612.6781250115532,612.6781250115532,605.5113358457668,609.2802934377154,726.4193933533367
608.1490081160971,608.1490081160971,610.2429282333553,609.3623880549981,726.4193933533367
597.2803866046523,597.2803866046523,607.330302102377,608.6349487271789,726.4193933533367
606.6741107946139,606.6741107946139,610.9462201763092,609.7996277863305,726.4193933533367
613.7411016938721,613.7411016938721,600.9805706248686,608.4383964679055,726.4193933533367
612.1367223516679,612.1367223516679,606.6107357660801,608.2200414533391,726.4193933533367
607.743316237698,607.743316237698,607.4640032588624,607.715256217468,726.4193933533367
611.498841463211,611.498841463211,607.8315413852075,607.342133383903,726.4193933533367
606.6596092399512,606.6596092399512,598.6956655671122,607.7840080724915,726.4193933533367
616.5581168331169,616.5581168331169,597.1428545314286,607.126223767339,726.4193933533367
609.1113851538169,609.1113851538169,600.3466847246214,608.5063306784872,726.4193933533367
607.1693368131704,607.1693368131704,598.5391702803515,608.7734043258198,726.4193933533367
607.4260036705442,607.4260036705442,598.827787484178,609.1569550352199,726.4193933533367
610.435101598849,610.435101598849,593.4462952714981,608.3014418339664,726.4193933533367
604.4592136705568,604.4592136705568,598.5257358607951,606.6278334787738,726.4193933533367
615.4037949664987,615.4037949664987,594.55362287114,605.8088658954533,726.4193933533367
609.582816765952,609.582816765952,596.2048943559103,605.3505480727454,726.4193933533367
607.4606945848068,607.4606945848068,596.2541674384136,604.5474738644333,726.4193933533367
614.2849149824301,614.2849149824301,595.7069330384177,603.8430402253306,726.4193933533367
609.1257693331202,609.1257693331202,595.4130127028859,603.9721039077351,726.4193933533367
613.4917693800722,613.4917693800722,600.0457017446881,606.3988853156657,726.4193933533367
614.5743533837558,614.5743533837558,602.2711567409158,607.4592699460783,726.4193933533367
609.218057722456,609.218057722456,608.7244309179724,608.2746118671425,726.4193933533367
610.1868781526797,610.1868781526797,612.8838171537773,608.4993598174344,726.4193933533367
608.0752951809592,608.0752951809592,616.8436443737827,609.0478298897928,726.4193933533367
605.8256900593864,605.8256900593864,614.6842874151736,608.3500423348054,726.4193933533367
613.9260746239006,613.9260746239006,625.0940088928062,610.2621805641033,726.4193933533367
612.2617830452017,612.2617830452017,627.7435261139384,611.1700741278072,726.4193933533367
613.0811034535235,613.0811034535235,625.7021909239675,610.8667094836879,726.4193933533367
615.4434537394686,615.4434537394686,624.3620066208558,609.3062254344164,726.4193933533367
609.0774405098637,609.0774405098637,615.9775956341161,608.4171168482718,726.4193933533367
612.7356865164659,612.7356865164659,610.2453441794771,606.270040109379,726.4193933533367
614.9409892823123,614.9409892823123,607.520290660021,606.4247828758038,726.4193933533367
614.3846073059008,614.3846073059008,604.7788677041378,606.2057192070179,726.4193933533367
609.5989923508075,609.5989923508075,597.525636204575,603.8837525665018,726.4193933533367
610.8450530243678,610.8450530243678,596.7961002154951,601.8097197370483,726.4193933533367
615.5419411718028,615.5419411718028,587.218640152816,602.7079536957617,726.4193933533367
610.493599262983,610.493599262983,590.3920596255346,603.8367892657035,726.4193933533367
610.9796256118439,610.9796256118439,596.6391011362196,603.9762915310096,726.4193933533367
612.8544585457698,612.8544585457698,602.4777970049274,605.3828331541619,726.4193933533367
607.5383243070213,607.5383243070213,599.8970070220853,604.3556649942556,726.4193933533367
608.6302538934845,608.6302538934845,606.340787956177,605.5278774780554,726.4193933533367
603.7800366337485,603.7800366337485,603.1358566682626,605.1077335665623,726.4193933533367
608.7322486598401,608.7322486598401,602.9140448784171,604.9938490368278,726.4193933533367
614.1221511689387,614.1221511689387,610.610424911638,604.8972023951318,726.4193933533367
601.5413423197656,601.5413423197656,614.9996664437115,605.5288825423199,726.4193933533367
602.2862798390097,602.2862798390097,616.0092642064026,606.3981621733594,726.4193933533367
611.1533636378333,611.1533636378333,612.5860008095849,606.9614590745357,726.4193933533367
604.1506625407415,604.1506625407415,608.9334494879565,605.1354680307347,726.4193933533367
614.2328491335884,614.2328491335884,607.4028034934443,605.3596948707084,726.4193933533367
605.0470342582623,605.0470342582623,609.8718945227009,605.2277767296424,726.4193933533367
607.5288439010812,607.5288439010812,609.0286242471927,605.2850166808229,726.4193933533367
611.7548828636967,611.7548828636967,611.526289354425,605.9469310169717,726.4193933533367
613.6966102228248,613.6966102228248,619.4770942815414,606.7000238578743,726.4193933533367
612.2798553496597,612.2798553496597,623.6726776354294,609.4356237972439,726.4193933533367
607.3719762419344,607.3719762419344,626.4698110964921,609.5006976084024,726.4193933533367
611.0815953465045,611.0815953465045,625.9863032880165,610.1026221791902,726.4193933533367
608.5417917554519,608.5417917554519,627.3143460509889,610.8580200076921,726.4193933533367
610.8231153509242,610.8231153509242,624.3686503291918,610.2700649831506,726.4193933533367
610.676066775203,610.676066775203,620.1599049157201,609.9631049475668,726.4193933533367
612.1058792326993,612.1058792326993,624.2901572800963,610.0164712407374,726.4193933533367
608.0438458632542,608.0438458632542,621.3079225876426,609.8387671422811,726.4193933533367
614.0197092884005,614.0197092884005,621.8758199660828,610.5565375133529,726.4193933533367
614.6211859766091,614.6211859766091,617.9967195356203,611.6101087106988,726.4193933533367
613.4734687634024,613.4734687634024,612.996203187003,612.3297172624856,726.4193933533367
611.3228495078087,611.3228495078087,606.5953976566806,611.9090525655105,726.4193933533367
612.0831309700593,612.0831309700593,602.2800753929429,611.3176583865968,726.4193933533367
612.6816930349862,612.6816930349862,599.0155121299485,611.410288945999,726.4193933533367
606.2996366763281,606.2996366763281,606.3688608678418,612.4024505490355,726.4193933533367
612.794709429716,612.794709429716,608.0894871530124,612.498399837592,726.4193933533367
616.0191127137421,616.0191127137421,607.768814964507,611.5610938847012,726.4193933533367
610.1208162374081,610.1208162374081,611.7267494775829,611.7298856896145,726.4193933533367
609.4541095422308,609.4541095422308,613.8604250802815,611.5837363458147,726.4193933533367
616.2464382296071,616.2464382296071,614.2299864442815,611.8793425687996,726.4193933533367
603.7897833751325,603.7897833751325,620.3691436055882,613.0348171088467,726.4193933533367
614.374641526897,614.374641526897,619.5985955919753,612.8919142008709,726.4193933533367
605.7617388987824,605.7617388987824,631.173685604458,612.5335937289273,726.4193933533367
614.2829023707862,614.2829023707862,632.7451930027349,612.4106223237584,726.4193933533367
612.315020751997,612.315020751997,625.2619257989141,612.3143975240248,726.4193933533367
614.6388413813357,614.6388413813357,622.9410650927194,612.2142115319647,726.4193933533367
610.1280674863615,610.1280674863615,627.3444535441265,613.8344654667031,726.4193933533367
605.0921194432674,605.0921194432674,624.9198472141114,614.6647862965413,726.4193933533367
614.013393759248,614.013393759248,622.7622506884138,614.6321283514932,726.4193933533367
610.8726457177331,610.8726457177331,617.291703064627,614.3819096408974,726.4193933533367
614.1877938224596,614.1877938224596,610.9410743075547,615.7179047294427,726.4193933533367
610.652088482237,610.652088482237,615.486778244482,616.6300498066682,726.4193933533367
612.8838357113744,612.8838357113744,614.227047305196,617.9352751594032,726.4193933533367
606.2555465542962,606.2555465542962,611.2756723562027,616.587344869892,726.4193933533367
609.7332667491796,609.7332667491796,618.240781001012,616.6347334969834,726.4193933533367
611.6739571468132,611.6739571468132,627.0224846814515,617.1231490672695,726.4193933533367
616.6722062513327,616.6722062513327,618.986056010043,617.6522752642946,726.4193933533367
612.9305993736427,612.9305993736427,620.0487753291295,617.4063837711319,726.4193933533367
616.5758766266997,616.5758766266997,624.0814799315751,618.8212530041558,726.4193933533367
612.0532486103604,612.0532486103604,628.3032601500292,619.4597526952199,726.4193933533367
608.0966288964421,608.0966288964421,630.3267597281156,619.6611716927381,726.4193933533367
611.5481650357792,611.5481650357792,629.438757586169,619.5178680351597,726.4193933533367
611.8651747339584,611.8651747339584,623.514553787623,619.4363330756473,726.4193933533367
609.4385853205894,609.4385853205894,625.2776973852119,619.1256841850173,726.4193933533367
611.8118099990675,611.8118099990675,627.2771289877796,620.3034693969479,726.4193933533367
612.908689380957,612.908689380957,618.0138960516367,619.2453675789079,726.4193933533367
614.2125774909597,614.2125774909597,618.2052569534129,619.318947750437,726.4193933533367
614.1535154033246,614.1535154033246,615.517786307035,618.7042161831002,726.4193933533367
608.3494815693696,608.3494815693696,614.1604964560532,619.3480944244814,726.4193933533367
608.0668448426114,608.0668448426114,619.428318717921,619.4499975824958,726.4193933533367
609.5134666860057,609.5134666860057,618.1028295976095,618.5472020851741,726.4193933533367
617.6586301986781,617.6586301986781,623.5111688891914,618.9261395936996,726.4193933533367
612.4079897933715,612.4079897933715,623.1056633874011,618.8602050955242,726.4193933533367
612.924315476877,612.924315476877,621.1983475759903,617.9024844900177,726.4193933533367
605.5920528354643,605.5920528354643,623.4053261443909,620.1108045599877,726.4193933533367
612.465244901462,612.465244901462,621.3142025775578,619.4762271112755,726.4193933533367
613.2222322409799,613.2222322409799,619.9492700965383,618.4507703137256,726.4193933533367
610.9832456198332,610.9832456198332,625.9599087198555,619.6346134095429,726.4193933533367
608.6878265533448,608.6878265533448,621.4823375764561,619.269397946556,726.4193933533367
608.8470813221666,608.8470813221666,617.2118143151689,619.2930165384056,726.4193933533367
608.9053776819659,608.9053776819659,619.6062876688269,619.8692189815389,726.4193933533367
609.2169699181604,609.2169699181604,614.6907734876853,620.5452147599005,726.4193933533367
602.7290018891055,602.7290018891055,611.4757278333406,620.6993355836037,726.4193933533367
609.9785351446253,609.9785351446253,608.7680929758087,619.8530006591897,726.4193933533367
614.4202416093876,614.4202416093876,603.3318691185428,619.5034062101278,726.4193933533367
610.2628631886215,610.2628631886215,612.9832419770989,620.4549780760929,726.4193933533367
615.5352541438889,615.5352541438889,618.9489763701184,620.6868025948478,726.4193933533367
614.4869013954991,614.4869013954991,609.0453530604283,619.0983341261119,726.4193933533367
617.1700701749878,617.1700701749878,607.2985111606365,617.9570151626269,726.4193933533367
610.6656100379533,610.6656100379533,602.8707647552362,617.0211722005965,726.4193933533367
607.3972212267427,607.3972212267427,599.1907708082093,615.6335444220632,726.4193933533367
611.2970565320459,611.2970565320459,600.632434973121,616.7519826361298,726.4193933533367
612.9146820874997,612.9146820874997,601.8874255675973,614.8420835762315,726.4193933533367
614.2988377158683,614.2988377158683,606.077267630164,614.5194155846755,726.4193933533367
609.197002868042,609.197002868042,604.9016298361694,615.4313470175789,726.4193933533367
614.0968652681983,614.0968652681983,608.2116330348109,617.5090916645112,726.4193933533367
611.4243874603858,611.4243874603858,606.487922817498,616.5154964495222,726.4193933533367
609.2765224118236,609.2765224118236,606.8185746077669,615.4780796048431,726.4193933533367
597.9716982108743,597.9716982108743,609.1876579529328,615.2420966155308,726.4193933533367
613.0348138112007,613.0348138112007,608.1781615855621,615.1984639047835,726.4193933533367
610.2147924585444,610.2147924585444,605.2535105280436,614.496031666161,726.4193933533367
601.587295271532,601.587295271532,603.8291678048716,614.4204605482076,726.4193933533367
615.2434609348619,615.2434609348619,607.204159464677,613.4375060081278,726.4193933533367
608.5205258681436,608.5205258681436,606.1165731802002,613.487595749475,726.4193933533367
615.5726515766105,615.5726515766105,607.7149967556453,613.3261901685056,726.4193933533367
614.1667731812909,614.1667731812909,603.9821343797975,612.9010216041803,726.4193933533367
609.5900671498076,609.5900671498076,597.7853808836595,612.2753614242454,726.4193933533367
604.9667916196438,604.9667916196438,602.3682115498921,611.9419668489955,726.4193933533367
609.1575237308717,609.1575237308717,597.4397102562127,609.9137426804582,726.4193933533367
615.9213490053663,615.9213490053663,603.3600777641784,610.2098274276133,726.4193933533367
610.1702889983153,610.1702889983153,604.3379507389587,609.2982698683296,726.4193933533367
611.0583198770391,611.0583198770391,603.5876500545971,609.2502390418933,726.4193933533367
610.6932285345869,610.6932285345869,604.3260521433207,609.5998056792673,726.4193933533367
610.0091431258392,610.0091431258392,606.2937485238706,609.6908059772067,726.4193933533367
615.1294424123172,615.1294424123172,604.3683245810635,608.7444292871625,726.4193933533367
609.779539212052,609.779539212052,599.3552573157964,609.1692938570123,726.4193933533367
612.0283226374759,612.0283226374759,600.5486028515215,608.7440306038671,726.4193933533367
613.1809770028609,613.1809770028609,594.6399219033876,607.766393968266,726.4193933533367
611.6295796728396,611.6295796728396,603.5114778108009,607.7839389514078,726.4193933533367
602.8441659409973,602.8441659409973,597.3086710593403,605.7858978958972,726.4193933533367
612.3936050464614,612.3936050464614,592.9491933550692,604.2675426198216,726.4193933533367
609.8150504178216,609.8150504178216,591.7220250270955,602.8924102694741,726.4193933533367
609.7387593436766,609.7387593436766,597.9035701907862,604.5593870399443,726.4193933533367
613.7686677649657,613.7686677649657,593.7400828878295,604.1991530395745,726.4193933533367
613.3968710298877,613.3968710298877,591.9259787918384,602.4485598166519,726.4193933533367
611.116245127955,611.116245127955,597.1607883944698,604.3386110203946,726.4193933533367
613.133673951259,613.133673951259,594.861275588445,603.7264317022484,726.4193933533367
614.5085079516886,614.5085079516886,597.1141613169586,601.9972444876868,726.4193933533367
612.286330730408,612.286330730408,594.8518566244697,602.4578427610105,726.4193933533367
613.1103551773963,613.1103551773963,592.6113678380904,600.8658086004814,726.4193933533367
604.9529646878274,604.9529646878274,596.7587232469932,599.6980297354548,726.4193933533367
609.9370326576613,609.9370326576613,602.2380180492939,600.4018591817958,726.4193933533367
613.6383849954949,613.6383849954949,596.828160038568,601.6298734809898,726.4193933533367
613.0529204039842,613.0529204039842,595.4546528884697,601.5364650221068,726.4193933533367
608.4650622363395,608.4650622363395,601.1009618799633,602.002378368936,726.4193933533367
609.3327818135367,609.3327818135367,594.7392275893499,600.6898081428449,726.4193933533367
610.6247060558759,610.6247060558759,593.4947617621801,598.6355887806608,726.4193933533367
613.471189365767,613.471189365767,599.3224412195611,600.0526621195133,726.4193933533367
608.2568732172006,608.2568732172006,590.9674906800196,599.1916386648871,726.4193933533367
611.7713683991004,611.7713683991004,598.7021768207364,600.0320910135815,726.4193933533367
601.9010558549292,601.9010558549292,599.8404847046253,599.827972514738,726.4193933533367
613.3404632453062,613.3404632453062,599.71416274439,600.2182047360496,726.4193933533367
611.211487446745,611.211487446745,599.104988570969,601.0733860816641,726.4193933533367
612.7669438409091,612.7669438409091,603.1540524529444,600.9518219866629,726.4193933533367
602.8104425188336,602.8104425188336,601.9615890581096,601.414370213324,726.4193933533367
605.1929272712622,605.1929272712622,608.1208486371534,600.6716512633135,726.4193933533367
610.7204391690732,610.7204391690732,608.5391643423462,599.0458370856305,726.4193933533367
613.6019641258158,613.6019641258158,605.245254751471,599.7379981482542,726.4193933533367
606.4978110803067,606.4978110803067,615.9621606577026,600.5465392058411,726.4193933533367
607.4998769218669,607.4998769218669,616.9868707706852,601.7938328506061,726.4193933533367
609.8802902380644,609.8802902380644,620.7794449433088,602.933159397791,726.4193933533367
607.9343350742988,607.9343350742988,620.5126967941812,603.5549105339114,726.4193933533367
615.7266244782406,615.7266244782406,616.6259343208739,602.9577410529035,726.4193933533367
611.0138364454342,611.0138364454342,624.7403967309632,604.6765866968155,726.4193933533367
609.7496232817939,609.7496232817939,619.2541506197081,603.7222009861365,726.4193933533367
605.8332976528666,605.8332976528666,620.3217843445925,603.9395812562724,726.4193933533367
611.4142770069443,611.4142770069443,627.7464565305538,605.0380522150094,726.4193933533367
612.2778568456962,612.2778568456962,630.5026772034539,605.3648912789665,726.4193933533367
613.9332990691969,613.9332990691969,632.4981557604028,607.5582283066792,726.4193933533367
607.3239423725613,607.3239423725613,629.2106041017621,606.963938118123,726.4193933533367
607.0868109563804,607.0868109563804,630.7510335967552,608.2157759693505,726.4193933533367
605.8471992197898,605.8471992197898,624.0415046457658,607.6456814521454,726.4193933533367
610.3753852192406,610.3753852192406,625.0935201941278,607.1112346630649,726.4193933533367
613.8882164197768,613.8882164197768,624.0408533504693,608.2260076621352,726.4193933533367
612.426960107731,612.426960107731,621.4291196223802,607.1343599943999,726.4193933533367
610.2317512176066,610.2317512176066,618.4205565794892,607.7526411090109,726.4193933533367
603.8638006220076,603.8638006220076,618.3592290574577,608.6001774561965,726.4193933533367
612.7148109061294,612.7148109061294,607.9475290092088,608.0264127001307,726.4193933533367
609.3960189085328,609.3960189085328,600.6733919322741,606.9906111309738,726.4193933533367
610.6594831310227,610.6594831310227,603.3514085589891,608.1724856180526,726.4193933533367
607.9377737240949,607.9377737240949,601.7760189764401,609.9811410936245,726.4193933533367
611.4151185147149,611.4151185147149,602.1177164508329,609.7248197368929,726.4193933533367
609.5143924905293,609.5143924905293,604.9219866092928,608.5149179467663,726.4193933533367
605.8002465296552,605.8002465296552,591.8162994130153,607.8412509671724,726.4193933533367
604.6241169539447,604.6241169539447,596.4383540496635,608.036835045965,726.4193933533367
603.9834433112277,603.9834433112277,590.5294387149216,606.4263711731013,726.4193933533367
608.1184296982613,608.1184296982613,590.9160661272937,607.8111355639663,726.4193933533367
610.1644087380979,610.1644087380979,600.1615077560916,608.6358819879573,726.4193933533367
613.0895271324697,613.0895271324697,603.6594933664564,608.7521384793712,726.4193933533367
607.1075589313424,607.1075589313424,604.1300269364584,610.4762174377262,726.4193933533367
608.9413188055488,608.9413188055488,601.9958142078834,611.0285592858027,726.4193933533367
610.4904762127848,610.4904762127848,603.3271656213162,609.9426492512972,726.4193933533367
605.4894219873559,605.4894219873559,598.809186231632,608.911123185379,726.4193933533367
604.3090920498802,604.3090920498802,602.9354741491478,609.3374152193079,726.4193933533367
609.4969472589004,609.4969472589004,604.8348774762833,608.7836181652289,726.4193933533367
603.8045207895087,603.8045207895087,609.9051440255295,609.4595544603371,726.4193933533367
610.824636044856,610.824636044856,605.7481163177382,610.261806475078,726.4193933533367
611.1986529335373,611.1986529335373,607.6642939738645,610.304252538818,726.4193933533367
610.6465016401195,610.6465016401195,604.9749297832101,611.5536263000092,726.4193933533367
605.1485097433521,605.1485097433521,601.0205016899233,610.9398824115635,726.4193933533367
604.7276117370654,604.7276117370654,600.2524139864505,611.1109451421677,726.4193933533367
604.757268749961,604.757268749961,600.4972518702518,610.0992670764696,726.4193933533367
608.8667449728975,608.8667449728975,597.4692213570468,608.5839697425947,726.4193933533367
609.2422633323293,609.2422633323293,603.2060978768393,609.347824304087,726.4193933533367
604.8685890703686,604.8685890703686,600.1625701022444,608.423814374056,726.4193933533367
610.874361580914,610.874361580914,600.135460419858,607.8624768168781,726.4193933533367
615.7374117261812,615.7374117261812,598.7528384965105,608.3045413059108,726.4193933533367
608.0194924701314,608.0194924701314,602.1682604745379,609.6888536834313,726.4193933533367
603.5301576680076,603.5301576680076,604.4186978972033,609.2449337479093,726.4193933533367
605.7364085829137,605.7364085829137,602.9435346610426,608.131215189635,726.4193933533367
603.6331478153395,603.6331478153395,600.8039137811589,607.1158389097377,726.4193933533367
604.5523641500033,604.5523641500033,603.3120731204684,606.659142341727,726.4193933533367
609.9208044765718,609.9208044765718,602.7531964117857,605.809422160777,726.4193933533367
602.6297548884032,602.6297548884032,603.951032898914,605.1899515376771,726.4193933533367
599.2757253991526,599.2757253991526,605.5145041443186,605.6758850789781,726.4193933533367
604.8246941362648,604.8246941362648,609.301504787258,605.6584209054112,726.4193933533367
608.4169353590339,608.4169353590339,610.9704944089057,604.949348881581,726.4193933533367
609.6211359900666,609.6211359900666,600.4985778566049,603.6880338140614,726.4193933533367
610.9295350519938,610.9295350519938,600.7295200297301,602.8912066017748,726.4193933533367
602.8549113621935,602.8549113621935,603.9247317027691,603.0740407098365,726.4193933533367
595.9957397330463,595.9957397330463,600.5135443385132,601.0683410580892,726.4193933533367
608.166626994673,608.166626994673,592.5121734462707,600.3532761018281,726.4193933533367
607.260441164237,607.260441164237,598.6152678589244,600.5137716937363,726.4193933533367
603.5827921467533,603.5827921467533,596.1851211029021,599.6188050881638,726.4193933533367
600.4897965301114,600.4897965301114,590.4364802123562,599.4773571969732,726.4193933533367
610.0718756159771,610.0718756159771,590.8101046887265,600.1363305272587,726.4193933533367
602.2669320254361,602.2669320254361,600.03289442557,601.2840819552035,726.4193933533367
604.3978832178129,604.3978832178129,603.8971227936804,602.8779525709559,726.4193933533367
598.6832783301047,598.6832783301047,594.1435288927632,601.5852339938726,726.4193933533367
613.9093155755717,613.9093155755717,593.8909803650802,601.1819550710547,726.4193933533367
608.7185927250495,608.7185927250495,603.6617406579029,601.4454853943819,726.4193933533367
603.7871905132888,603.7871905132888,613.7674195528282,602.6832167222269,726.4193933533367
601.2305923322637,601.2305923322637,612.7671203586966,602.0827984436171,726.4193933533367
598.8310559467416,598.8310559467416,612.3884361286276,603.7332324312862,726.4193933533367
611.0237515536587,611.0237515536587,611.6301290784969,602.5157122027398,726.4193933533367
607.9554154098255,607.9554154098255,603.7786780330944,602.7861783908933,726.4193933533367
607.2934861635462,607.2934861635462,595.2908762855034,602.1590439868455,726.4193933533367
602.120956589804,602.120956589804,592.6568459747828,601.3770202146941,726.4193933533367
603.3075347905394,603.3075347905394,600.5271951428903,600.9587743491594,726.4193933533367
603.9668146566062,603.9668146566062,597.1597232261611,599.7878943289952,726.4193933533367
601.3245549799262,601.3245549799262,591.3344679664419,599.3132161460935,726.4193933533367
607.4326586179945,607.4326586179945,586.5258817218457,599.3229599423329,726.4193933533367
601.9568731358471,601.9568731358471,592.0381938179761,600.728599960886,726.4193933533367
600.4731588080714,600.4731588080714,590.0222303644117,601.1505836743389,726.4193933533367
610.2684560847297,610.2684560847297,593.621276950403,600.2729920975638,726.4193933533367
599.5994410282158,599.5994410282158,593.8963137362797,599.5844123330434,726.4193933533367
607.3901462514688,607.3901462514688,599.2693239328693,600.8632855098717,726.4193933533367
593.054649363568,593.054649363568,602.718668442578,600.3878951084369,726.4193933533367
608.1731715765454,608.1731715765454,599.9482673419077,599.9534418608989,726.4193933533367
598.3582783050254,598.3582783050254,604.523923557054,600.4885787024215,726.4193933533367
599.0993836177884,599.0993836177884,606.6182931021145,600.5863919692264,726.4193933533367
604.5490396782034,604.5490396782034,610.0644281620573,601.236395200694,726.4193933533367
606.4235869906297,606.4235869906297,609.6067454659332,603.1561047826632,726.4193933533367
609.3965555305324,609.3965555305324,608.1461576166269,602.1385956222964,726.4193933533367
610.943668384585,610.943668384585,614.8587466375217,603.2122274046192,726.4193933533367
613.7706807999263,613.7706807999263,619.816408388022,603.5206019266761,726.4193933533367
603.0025636499214,603.0025636499214,609.914711870051,603.0956601845799,726.4193933533367
603.5334585793436,603.5334585793436,608.2332918026019,601.6009013740496,726.4193933533367
599.9224056462349,599.9224056462349,609.6972970137359,601.0091616842054,726.4193933533367
604.3581734854066,604.3581734854066,597.8344971212184,599.4667711944566,726.4193933533367
609.1875026420419,609.1875026420419,596.9233342372127,599.8102760604371,726.4193933533367
605.8253014189609,605.8253014189609,589.5766769251939,598.4893159616391,726.4193933533367
603.0053510676772,603.0053510676772,585.5325356791806,599.7119726361421,726.4193933533367
598.8644679209108,598.8644679209108,585.1449039996317,598.37736984244,726.4193933533367
601.4851125813838,601.4851125813838,578.4520885086843,597.7997442774923,726.4193933533367
