Average Episodic Reward,Average Episodic N-Reward,Avg Reward (last 10),Avg Reward (last 50),Best Reward
806.9853616463909,806.9853616463909,796.0607269622549,796.0607269622549,796.0607269622549
807.7791612867951,807.7791612867951,782.5601554016486,782.5601554016486,796.0607269622549
810.1446495415913,810.1446495415913,793.5316640344095,793.5316640344095,815.4746812999313
801.6420611853291,801.6420611853291,797.4310952843634,797.4310952843634,815.4746812999313
808.0832690203667,808.0832690203667,797.9849744734807,797.9849744734807,815.4746812999313
802.9976098078877,802.9976098078877,800.2224866455703,800.2224866455703,815.4746812999313
806.6317782956124,806.6317782956124,799.4734893415737,799.4734893415737,815.4746812999313
801.66420579529,801.66420579529,797.2552805807011,797.2552805807011,815.4746812999313
808.8663984419552,808.8663984419552,795.3862328167709,795.3862328167709,815.4746812999313
804.984025121302,804.984025121302,791.6577839238662,791.6577839238662,815.4746812999313
805.5717272042696,805.5717272042696,793.5561156569438,793.7838075937902,815.4746812999313
807.0389295423379,807.0389295423379,795.468373420641,793.3170037508089,815.4746812999313
809.0312121405484,809.0312121405484,793.8576034279022,793.7823866447884,815.4746812999313
803.4907559489967,803.4907559489967,794.4527975147583,795.3037397346454,815.4746812999313
800.3715882517314,800.3715882517314,794.6689456493048,795.7742885906966,815.4746812999313
809.6492652573096,809.6492652573096,795.2720696780947,797.128476040898,817.441287793918
805.9327404457483,805.9327404457483,795.1226654660904,796.9141811795247,817.441287793918
808.2771456964481,808.2771456964481,796.2058208046434,796.6722473717803,817.441287793918
806.1657817801508,806.1657817801508,798.977045694169,797.2761343311909,817.441287793918
806.6980337218058,806.6980337218058,805.0380582217113,798.3479210727887,818.7118691631476
809.9930618559981,809.9930618559981,805.2958206765963,799.2657185856028,818.7118691631476
806.9399471243655,806.9399471243655,810.2103511421126,800.9957980195835,837.327466133177
809.1966991782233,809.1966991782233,814.4786691905267,802.780770360327,842.0501618566834
805.489968673374,805.489968673374,813.3799768900807,802.8355052160769,842.0501618566834
806.4293087930303,806.4293087930303,812.522784543087,802.4736869716528,842.0501618566834
824.4233198911061,824.4233198911061,813.7938354502616,803.5382296598839,842.0501618566834
833.7564517362699,833.7564517362699,817.45511478542,804.5219343668933,842.0501618566834
838.3496848051161,838.3496848051161,824.4586246022051,806.5959535255033,862.5944708079737
836.0320572010552,836.0320572010552,829.3949198213074,808.3515776036448,862.5944708079737
838.7009902541554,838.7009902541554,834.4916142907716,810.3958188121162,869.6788138577878
843.1071721352376,843.1071721352376,836.5093761839653,811.2798016818485,869.6788138577878
839.7254802744991,839.7254802744991,837.1376740143345,812.2901342679431,869.6788138577878
847.9173586397093,847.9173586397093,834.5326530999002,812.4025530086824,869.6788138577878
842.7960796621118,842.7960796621118,840.7129617432538,813.975933606423,869.6788138577878
837.0442424108769,837.0442424108769,844.9709942005109,814.6157747513266,869.6788138577878
843.7004054678771,843.7004054678771,847.8650467611815,815.8512344102445,869.6788138577878
841.4377503321339,841.4377503321339,847.7522008206519,816.2057901652065,869.6788138577878
844.9697373429465,844.9697373429465,848.3948665232149,817.5956674722696,869.6788138577878
844.9658941305757,844.9658941305757,848.0364377487624,818.5271827690597,869.6788138577878
844.2010264687422,844.2010264687422,842.6620341235177,818.4623726399666,869.6788138577878
848.6120991098546,848.6120991098546,845.176930006159,819.5473939560707,869.6788138577878
843.2403478414689,843.2403478414689,846.1527773249751,820.3526683291411,869.6788138577878
845.9917547915144,845.9917547915144,847.9259759238018,820.6638141517334,869.6788138577878
844.2059123742048,844.2059123742048,849.3429759824405,822.0138977827905,880.0674939182485
844.9615295510947,844.9615295510947,845.4730246017773,821.47294138476,880.0674939182485
847.6000060569829,847.6000060569829,844.5364267168063,822.0871457812361,880.0674939182485
845.3113309707935,845.3113309707935,845.8677968680228,822.5168554211248,880.0674939182485
846.5541195149084,846.5541195149084,843.028375849232,822.8941483841367,880.0674939182485
846.5325315272972,846.5325315272972,845.309012049943,823.9928622141377,880.0674939182485
845.9420232687183,845.9420232687183,847.2031109140431,824.2105202947818,880.0674939182485
842.8485862486659,842.8485862486659,846.9008572334624,825.4878199514253,880.0674939182485
846.6710367160273,846.6710367160273,848.6540374803997,827.5246426764927,880.0674939182485
843.7769696382472,843.7769696382472,847.2588685335443,827.6107540351348,880.0674939182485
846.2207130716681,846.2207130716681,845.5036008016663,828.6784625864399,880.0674939182485
848.3030800677216,848.3030800677216,850.0234572322397,829.5318412453838,880.0674939182485
844.3397011284029,844.3397011284029,850.9825628726064,830.48998829579,880.0674939182485
846.1308090344397,846.1308090344397,849.9346294878736,831.2264814856118,880.0674939182485
845.969753571124,845.969753571124,851.4075657532325,832.6990507065055,880.0674939182485
846.1009588766075,846.1009588766075,843.9851895084682,833.14052096453,880.0674939182485
845.9828760552132,845.9828760552132,847.2640650338999,835.3317765167885,880.0674939182485
848.7159220503625,848.7159220503625,844.3130038354818,835.6391975871328,880.0674939182485
848.2905745766781,848.2905745766781,841.8660725146303,836.8041824952904,880.0674939182485
849.0462747213592,849.0462747213592,845.8737780704784,838.0139889636504,880.0674939182485
847.6412108646833,847.6412108646833,843.7648404398653,838.5408711714613,880.0674939182485
848.3654054560668,848.3654054560668,845.3378018051274,839.6656124765484,880.0674939182485
849.3364617117055,849.3364617117055,843.1820426749842,840.0719828951679,880.0674939182485
851.3039227096712,851.3039227096712,846.362193501207,841.474387092635,880.0674939182485
849.6547240907812,849.6547240907812,849.2582929042339,843.3095451264236,884.3172743295513
849.7613648720691,849.7613648720691,854.4640402821667,844.2379198821295,884.3172743295513
848.1080400993077,848.1080400993077,847.7305270084904,843.8702702741444,884.3172743295513
848.2601285939284,848.2601285939284,852.6091511260099,845.1018636770157,884.3172743295513
849.452457310397,849.452457310397,851.3946577077235,845.0410438084126,884.3172743295513
848.7907272507869,848.7907272507869,845.7425718367965,844.2667694929042,884.3172743295513
849.9103029453377,849.9103029453377,844.3944116620081,844.743758125847,884.3172743295513
847.9146717079462,847.9146717079462,844.9751052651511,846.1560766209612,884.3172743295513
847.674090194915,847.674090194915,848.6632084878017,847.0458575026761,884.3172743295513
848.962828203714,848.962828203714,848.3542358154233,847.6542112986358,884.3172743295513
848.9654773912984,848.9654773912984,845.2439933568318,847.4666188773491,884.3172743295513
847.3100227615427,847.3100227615427,844.4726748696705,847.2534708918023,884.3172743295513
848.3330276039322,848.3330276039322,850.0533153284229,846.9826104816748,884.3172743295513
851.2460374020283,851.2460374020283,846.0152345116624,847.0030353425551,884.3172743295513
851.2339848861574,851.2339848861574,848.2993798851464,847.2733849825751,884.3172743295513
852.03735569807,852.03735569807,856.8146117693034,848.7231612267849,888.4887649228355
851.5526300189503,851.5526300189503,857.5026114543423,848.1016880680644,888.4887649228355
849.9078819953294,849.9078819953294,853.8104429340871,847.9239663676765,888.4887649228355
848.7061035403291,848.7061035403291,852.1025403943992,847.8933562293196,888.4887649228355
850.5949958743249,850.5949958743249,852.7336448172324,848.6505000979519,888.4887649228355
849.4948441282402,849.4948441282402,852.2299264955373,848.2336308718135,888.4887649228355
847.6956237539795,847.6956237539795,852.7944771670329,848.2050787754564,888.4887649228355
852.2850956864954,852.2850956864954,849.8032463302209,848.4108529230155,888.4887649228355
855.1803956888045,855.1803956888045,846.8486273745239,847.337374816228,888.4887649228355
848.6498824751808,848.6498824751808,847.0120529363655,847.4452401048532,888.4887649228355
847.3420971821428,847.3420971821428,841.8723462096181,847.5124352839481,888.4887649228355
849.3590631153113,849.3590631153113,841.395929883384,846.5122788482533,888.4887649228355
848.4341548502475,848.4341548502475,845.1919061809158,847.8677426835042,888.4887649228355
845.7110127518636,845.7110127518636,845.4338670705207,848.0728443000625,888.4887649228355
852.0592687501216,852.0592687501216,846.9196605997388,848.8608728442948,888.4887649228355
850.2887016917396,850.2887016917396,844.7283008135585,848.5736158646787,888.4887649228355
850.7286840748426,850.7286840748426,843.7328928096774,847.8898549274031,888.4887649228355
850.3829788345872,850.3829788345872,849.0643054291779,848.7830918260423,888.4887649228355
845.6685719048405,845.6685719048405,854.4936617482351,848.8559357191828,888.4887649228355
848.086013203547,848.086013203547,856.1443066138785,848.9432939315489,888.4887649228355
851.6553890169542,851.6553890169542,858.8222994270724,849.8251214626538,888.4887649228355
853.197824904101,853.197824904101,858.102167731797,849.0319922342794,888.4887649228355
847.4895062297506,847.4895062297506,857.0952388109775,849.2820989992517,888.4887649228355
851.3725934725559,851.3725934725559,858.2921750966483,849.5347667448707,888.4887649228355
857.4145130838765,857.4145130838765,854.7350545603346,849.8209578587871,888.4887649228355
853.3475108013226,853.3475108013226,854.3753497681786,849.167172667668,888.4887649228355
851.1311185321642,851.1311185321642,854.708776871634,850.0345724000363,888.4887649228355
851.285233565917,851.285233565917,849.382880751089,849.2068549694802,888.4887649228355
852.3513760044344,852.3513760044344,847.6337296542772,849.5200808829417,888.4887649228355
848.1590316080418,848.1590316080418,846.5217736410857,849.8744341568398,888.4887649228355
847.1213649970974,847.1213649970974,844.8085467354598,849.6120751956499,888.4887649228355
851.4811689619294,851.4811689619294,849.1373980327098,850.1065037528482,888.4887649228355
850.6253115661731,850.6253115661731,853.2594377545572,850.8664261891377,896.5951596442446
852.2436874568807,852.2436874568807,853.5007048707042,851.5984991840148,896.5951596442446
851.5600217177644,851.5600217177644,851.7310567828747,850.8947305151206,896.5951596442446
852.4083173863277,852.4083173863277,853.5264156264287,850.020797212107,896.5951596442446
851.7891885951924,851.7891885951924,857.5172439458038,850.6452131327636,896.5951596442446
849.6360643987298,849.6360643987298,857.9397308970329,851.2486957471888,896.5951596442446
851.3004140637894,851.3004140637894,860.1246146737851,851.0231735924966,896.5951596442446
853.4848009106241,853.4848009106241,854.5768168629198,850.5108659878792,896.5951596442446
850.5312969304961,850.5312969304961,853.7739569035906,851.2183522090089,896.5951596442446
847.6172514425978,847.6172514425978,850.8878540530322,851.4051922310532,896.5951596442446
852.5914801177879,852.5914801177879,846.9242058918304,851.2562463144736,896.5951596442446
851.4558761878206,851.4558761878206,843.3942321872,850.5447039238948,896.5951596442446
848.9957483758061,848.9957483758061,847.7636938643769,850.7766221249116,896.5951596442446
856.0512715290181,856.0512715290181,846.457323748298,850.2634632904003,896.5951596442446
850.2482745207387,850.2482745207387,838.208681980793,849.3924145549882,896.5951596442446
848.3633070720715,848.3633070720715,840.6503516500225,849.3681030115085,896.5951596442446
854.3373319314086,854.3373319314086,840.3948253438888,849.899091758942,896.5951596442446
849.9675179463329,849.9675179463329,843.1497388919549,849.480937789241,896.5951596442446
848.4991838322981,848.4991838322981,844.571503091076,848.7697304733633,896.5951596442446
847.1172762760841,847.1172762760841,847.0579563943229,849.3162612190492,896.5951596442446
852.7123505520937,852.7123505520937,848.5153712897569,850.1972319856075,896.5951596442446
851.845544584687,851.845544584687,852.3369881380626,850.5915934726273,896.5951596442446
850.3858179567194,850.3858179567194,847.2307938772908,849.6760519369232,896.5951596442446
850.639019592942,850.639019592942,849.5202482638185,849.7215276440567,896.5951596442446
850.8657965259283,850.8657965259283,854.8137518762062,849.7962694968229,896.5951596442446
848.5693742104924,848.5693742104924,851.9419977079372,849.7958532870518,896.5951596442446
849.876982316974,849.876982316974,849.3647987701506,850.4023260380674,896.5951596442446
850.371709141863,850.371709141863,853.1880866169735,850.7161445253624,896.5951596442446
845.9766276695784,845.9766276695784,853.0425732155167,851.0037758745431,896.5951596442446
847.7364302577553,847.7364302577553,853.517893837559,851.7406540098841,896.5951596442446
851.0996049475324,851.0996049475324,846.0363665833383,850.366124066092,896.5951596442446
849.091529003344,849.091529003344,841.8630902177672,849.8774381020766,896.5951596442446
854.3918071220719,854.3918071220719,841.1529442149956,848.5227086599745,896.5951596442446
852.7750179823273,852.7750179823273,838.670412616654,848.5099500046756,896.5951596442446
853.0209077726284,853.0209077726284,838.7870084015615,848.8070926151996,896.5951596442446
850.1969718559616,850.1969718559616,842.8522116810161,848.5534345374195,896.5951596442446
851.3185935759948,851.3185935759948,843.8657886455816,848.2767514175367,896.5951596442446
849.8245985554203,849.8245985554203,842.3352954365153,847.95434228989,896.5951596442446
851.485734543085,851.485734543085,839.7638917762628,847.1920943443812,896.5951596442446
849.9327530285044,849.9327530285044,840.6862127180441,848.2574630071337,896.5951596442446
850.4650770395732,850.4650770395732,844.8159208506144,847.9102604740193,896.5951596442446
850.0587714680703,850.0587714680703,847.3371134741974,847.6864257775861,896.5951596442446
854.2168116120553,854.2168116120553,854.0943295619712,848.3945636603016,896.5951596442446
855.0451173728413,855.0451173728413,855.7647701773076,848.7878340865012,896.5951596442446
851.8654135751297,851.8654135751297,855.0831199141251,848.8819612236978,896.5951596442446
850.4863489241837,850.4863489241837,855.5781876032955,849.7924959078608,896.5951596442446
849.7437892346774,849.7437892346774,855.90552308184,849.9311101030491,896.5951596442446
848.1790514917172,848.1790514917172,857.9118105058109,850.2323496628347,896.5951596442446
846.8283199573518,846.8283199573518,859.8992961095652,850.2102442192023,896.5951596442446
853.0249752679437,853.0249752679437,856.100347035847,849.650052807761,896.5951596442446
849.1593450753071,849.1593450753071,858.8680405203526,849.0319810271784,896.5951596442446
850.2145158257545,850.2145158257545,854.671850758248,847.9206549550951,896.5951596442446
850.5423712041147,850.5423712041147,851.5097718361297,848.3503066709527,896.5951596442446
852.5822700630551,852.5822700630551,850.3108905385021,848.144729068916,896.5951596442446
846.9298804150135,846.9298804150135,844.7955473263704,846.3376218998112,896.5951596442446
846.8107172503428,846.8107172503428,842.6308314943532,846.7307160273248,896.5951596442446
847.7935528338459,847.7935528338459,841.2978775393719,846.1657626761667,896.5951596442446
853.9852249765992,853.9852249765992,839.6404819945823,847.2450826891675,896.5951596442446
852.5181073544597,852.5181073544597,838.0070251897171,847.0568578764276,896.5951596442446
851.570770266182,851.570770266182,840.9047549466441,847.6534329864835,896.5951596442446
847.1934524541116,847.1934524541116,838.3877827144536,847.3246963917031,896.5951596442446
849.9838231372719,849.9838231372719,840.8606638418881,847.4139412860328,896.5951596442446
850.4909502047775,850.4909502047775,839.575593251029,846.7126865482834,896.5951596442446
847.7000054917564,847.7000054917564,841.4366461052712,847.1405935403108,896.5951596442446
851.4246089905457,851.4246089905457,847.6940090101125,848.2346873056752,896.5951596442446
847.464735171123,847.464735171123,851.6234830341393,848.9253423041482,896.5951596442446
850.2932754356721,850.2932754356721,853.6791732395532,848.8226322552996,896.5951596442446
849.804566637773,849.804566637773,853.4085644823444,849.2968478072454,896.5951596442446
848.8087355417483,848.8087355417483,855.1475215476946,849.1720615677514,896.5951596442446
847.8757409450556,847.8757409450556,856.9038751238244,849.6226167323836,896.5951596442446
850.7339432159009,850.7339432159009,859.4990262615653,849.5214273860647,896.5951596442446
847.0912008315789,847.0912008315789,857.6199263955732,848.4705289375349,896.5951596442446
849.4453309230486,849.4453309230486,857.6696929007688,848.800466352979,896.5951596442446
841.9074984440474,841.9074984440474,857.5845676854008,848.7534574246273,896.5951596442446
846.6934511693511,846.6934511693511,856.4548667682478,848.5629102840835,896.5951596442446
847.015244680014,847.015244680014,855.8975225887476,849.7164472803104,896.5951596442446
844.2999939515925,844.2999939515925,856.3093184701135,850.211536195292,896.5951596442446
848.0804113131314,848.0804113131314,854.7668084595332,849.6125921757572,896.5951596442446
850.1471038987221,850.1471038987221,855.1135135490237,849.5862496344529,896.5951596442446
845.5735228887338,845.5735228887338,854.911456483633,849.9013292615986,896.5951596442446
852.0967157650671,852.0967157650671,851.316945998311,850.5775432690592,896.5951596442446
847.4887816117764,847.4887816117764,855.5925221822345,851.2164153304283,896.5951596442446
849.8577535776235,849.8577535776235,853.1482490956205,851.1995273291041,896.5951596442446
848.5637654036154,848.5637654036154,854.094639486507,851.8383027985977,896.5951596442446
843.9597916739248,843.9597916739248,853.5215557585968,851.5098197554906,896.5951596442446
850.2410448845804,850.2410448845804,850.3684683606665,851.2196986162405,896.5951596442446
849.0321183936252,849.0321183936252,848.7421570543709,851.1868098770498,896.5951596442446
847.1557330575838,847.1557330575838,847.1068364137227,850.5669003711987,896.5951596442446
846.5414183696687,846.5414183696687,846.0563331472815,850.8447379086564,896.5951596442446
848.2706750230523,848.2706750230523,840.8297525609305,849.9300372301758,896.5951596442446
845.5777370000224,845.5777370000224,842.3518154231402,850.0847221835646,896.5951596442446
848.9162635222522,848.9162635222522,839.2563001804976,849.6002526716884,896.5951596442446
848.8984636810611,848.8984636810611,840.5125459675234,848.4831706102144,896.5951596442446
845.8222472629325,845.8222472629325,841.6289935997887,849.011147483094,896.5951596442446
845.0620754162359,845.0620754162359,844.0160599761024,849.296407767886,896.5951596442446
843.6821244649041,843.6821244649041,843.6037745766365,848.8248160109085,896.5951596442446
846.2129357741125,846.2129357741125,842.7233432064943,848.550373901981,896.5951596442446
846.9707299110414,846.9707299110414,842.2179947896769,847.4281372279719,896.5951596442446
848.430321736107,848.430321736107,843.7255319048811,847.6099850677195,896.5951596442446
847.2901140766437,847.2901140766437,845.6066492567927,847.831297674365,896.5951596442446
845.8295360121326,845.8295360121326,843.6696641492432,847.0450469093425,896.5951596442446
840.2342591615301,840.2342591615301,846.3079558250059,847.9274736850399,896.5951596442446
846.9412010683242,846.9412010683242,846.3050290721382,847.4422220574161,896.5951596442446
844.5863577333687,844.5863577333687,844.3777012073749,847.8245096168686,896.5951596442446
846.3909667854355,846.3909667854355,845.8845632289294,849.5142109483978,896.5951596442446
846.6424506108264,846.6424506108264,847.2098515568168,849.7406200234016,896.5951596442446
844.2223621602845,844.2223621602845,849.4821916461773,850.1872367233418,896.5951596442446
844.9853739606665,844.9853739606665,850.4092033678168,849.5818815026188,896.5951596442446
845.0981116773291,845.0981116773291,852.1962865125212,850.4478373322803,896.5951596442446
846.6934067539349,846.6934067539349,848.1565496230348,849.281656609643,896.5951596442446
847.7599986572546,847.7599986572546,849.0525207204812,849.1779945105482,896.5951596442446
844.7994500412184,844.7994500412184,850.1129861965186,849.7779381559661,896.5951596442446
846.0717008056189,846.0717008056189,851.9561822502594,849.9183398572621,896.5951596442446
845.1203592423914,845.1203592423914,850.242445055586,849.5856694069315,896.5951596442446
848.7285524619285,848.7285524619285,848.2742517215218,849.6302594906796,896.5951596442446
845.391287018071,845.391287018071,848.9142743663222,849.1987782898378,896.5951596442446
844.8763496002513,844.8763496002513,844.1985918522043,848.291120445872,896.5951596442446
843.6752859066951,843.6752859066951,846.8712482650783,848.2744182591657,896.5951596442446
842.7617749555137,842.7617749555137,842.9758749141087,848.0135080055634,896.5951596442446
846.7941470457072,846.7941470457072,849.2250790079146,847.7458973864611,896.5951596442446
844.155951177056,844.155951177056,850.122757402973,847.3027407388297,896.5951596442446
847.0357738056207,847.0357738056207,849.3226660151018,848.1184860798718,896.5951596442446
843.5261474917301,843.5261474917301,848.8770623046869,848.1598137380456,896.5951596442446
844.7223085599757,844.7223085599757,850.6382017767395,848.1963962251992,896.5951596442446
846.738328546497,846.738328546497,847.4603728813778,847.8313607133056,896.5951596442446
844.9685593917933,844.9685593917933,847.5393505610455,847.5271438842975,896.5951596442446
843.0893009353704,843.0893009353704,846.1552492804007,846.2603066079294,896.5951596442446
842.275334832783,842.275334832783,843.0113307106012,845.9233227093791,896.5951596442446
846.7499537591376,846.7499537591376,841.6775086256441,845.3263070208872,896.5951596442446
843.0711678449555,843.0711678449555,838.0000283952626,844.363611768787,896.5951596442446
839.0034617336721,839.0034617336721,836.9887495322025,844.4371014456079,896.5951596442446
838.2537514403235,838.2537514403235,832.4134027388516,843.4826621911951,896.5951596442446
839.3338544076001,839.3338544076001,833.0007684056312,844.1303176000478,896.5951596442446
847.0306472596867,847.0306472596867,833.1445511405198,844.0063785560018,896.5951596442446
839.1183078615062,839.1183078615062,833.7884622420918,843.8847420100047,896.5951596442446
843.185056781063,843.185056781063,832.4954524710041,843.9525407063649,896.5951596442446
845.6307314440143,845.6307314440143,839.161269588954,844.3441291148462,896.5951596442446
844.9617344902263,844.9617344902263,841.4999424761447,844.8019439218635,896.5951596442446
841.3809652433448,841.3809652433448,839.0599198947637,843.9270243703837,896.5951596442446
838.9835169895789,838.9835169895789,836.7383147121989,843.5453241990406,896.5951596442446
840.986170568628,840.986170568628,836.9745927838339,843.3616569177467,896.5951596442446
838.0154326022997,838.0154326022997,840.8532559539177,843.8020533458792,896.5951596442446
844.1948833818526,844.1948833818526,839.5445485449503,843.9367181155333,896.5951596442446
847.9073504712276,847.9073504712276,837.3495007065764,843.1504799773594,896.5951596442446
849.2190727638531,849.2190727638531,839.1188125114428,842.9052925170726,896.5951596442446
840.4244623013562,840.4244623013562,835.5366646049617,842.3391187120301,896.5951596442446
840.9283536458865,840.9283536458865,832.0157989441734,842.202620262382,896.5951596442446
848.1777519186602,848.1777519186602,830.0726293375714,842.3728708314426,896.5951596442446
847.0076140430308,847.0076140430308,832.4336076184405,841.6686395130955,896.5951596442446
843.2067896313125,843.2067896313125,836.0426936451219,841.6325330767064,896.5951596442446
842.8203550955726,842.8203550955726,837.6167764690465,842.1510793817074,896.5951596442446
843.4549543004188,843.4549543004188,836.4046861156997,841.8213994040178,896.5951596442446
839.4107018658864,839.4107018658864,838.0888265029013,842.2934776016857,896.5951596442446
838.4448015414133,838.4448015414133,839.1870724250705,842.1123542208984,896.5951596442446
839.8927982432292,839.8927982432292,838.4514841073078,841.4186766927484,896.5951596442446
839.5577442142962,839.5577442142962,842.8334241272903,841.4638332261247,896.5951596442446
841.4730304912658,841.4730304912658,843.6450988300303,841.0352016991525,896.5951596442446
839.7620521582993,839.7620521582993,846.1398517423111,841.5190005063413,896.5951596442446
840.7562582967928,840.7562582967928,849.3520951354409,841.0998012376795,896.5951596442446
845.6400015510702,845.6400015510702,850.1695704329775,842.0351372386951,896.5951596442446
843.0183091868779,843.0183091868779,850.6990315652514,842.4803815506617,896.5951596442446
838.0396795788822,838.0396795788822,849.5426056214947,841.7073232890132,896.5951596442446
840.0608702142619,840.0608702142619,848.4620592914949,841.5946530099329,896.5951596442446
842.8281191139024,842.8281191139024,852.8803415246718,842.6399335147155,896.5951596442446
837.9154205572095,837.9154205572095,851.583011793409,842.0804287071259,896.5951596442446
838.2675146267436,838.2675146267436,848.5135829426774,841.3836949413957,896.5951596442446
836.6915042251951,836.6915042251951,848.2551854463254,841.8465204179768,896.5951596442446
840.1538430770147,840.1538430770147,844.9828183232072,841.1413145179671,896.5951596442446
839.3866026210488,839.3866026210488,847.1032064029674,841.9252675354513,896.5951596442446
843.7516575932677,843.7516575932677,847.1861342719221,841.6273482914964,896.5951596442446
838.946351145771,838.946351145771,845.9167475151705,841.639179573101,896.5951596442446
836.9939741999477,836.9939741999477,851.7968664228968,842.2021633705721,896.5951596442446
838.3739453217548,838.3739453217548,855.0537113281498,842.8299828146257,896.5951596442446
836.904519786736,836.904519786736,847.9546639981569,842.1032259589989,896.5951596442446
842.0013547567106,842.0013547567106,849.9570784221942,842.5797698152891,896.5951596442446
836.2526532451631,836.2526532451631,851.7217524308089,842.2201753153486,896.5951596442446
843.3596600580765,843.3596600580765,850.5292628843056,842.7213231387577,896.5951596442446
842.0123130579415,842.0123130579415,852.4708119974537,843.0332107753378,896.5951596442446
836.4588496150753,836.4588496150753,850.2944139205258,843.6486485944278,896.5951596442446
840.9352595790829,840.9352595790829,848.0960322175397,843.646549055952,896.5951596442446
836.6340725701604,836.6340725701604,844.6296431597823,843.1673582986169,896.5951596442446
837.8609379455016,837.8609379455016,839.9140572666395,843.7022942761296,896.5951596442446
841.5738192458782,841.5738192458782,838.2823326435131,843.8862956622019,896.5951596442446
840.9717633868215,840.9717633868215,845.1443898883642,844.503193708568,896.5951596442446
837.0878927864558,837.0878927864558,842.7937839956442,844.3808341659995,896.5951596442446
839.3927030249193,839.3927030249193,839.1866682655934,843.5584184742663,896.5951596442446
841.2666791509157,841.2666791509157,842.6356091067349,843.4161910423139,896.5951596442446
836.5017685318727,836.5017685318727,840.2539107846253,842.7840044370337,896.5951596442446
835.9181304764741,835.9181304764741,838.5028608140226,843.5372367782795,896.5951596442446
835.2993512538953,835.2993512538953,839.1527955360013,844.1294452207126,896.5951596442446
835.1314660557421,835.1314660557421,842.742233166388,844.3208863751279,896.5951596442446
837.7490005933905,837.7490005933905,843.7526577486967,844.2821746350854,896.5951596442446
836.6763729537607,836.6763729537607,838.0715396845966,843.5916938901313,896.5951596442446
839.5633199113886,839.5633199113886,836.5248993366218,844.3382734345771,896.5951596442446
837.5236483496525,837.5236483496525,838.600017121259,844.2770750879629,896.5951596442446
839.3684098420849,839.3684098420849,841.4034342279261,844.7317723988593,896.5951596442446
835.2413752872162,835.2413752872162,838.768328136612,844.7666968808016,896.5951596442446
834.188815060248,834.188815060248,841.2027112604889,845.0100208216172,896.5951596442446
838.754504598629,838.754504598629,838.5889981438037,844.7683148833519,896.5951596442446
839.2428528000397,839.2428528000397,839.3410859615718,844.7891236840026,896.5951596442446
835.5403526518031,835.5403526518031,836.4397737110054,844.0854858235194,896.5951596442446
838.3754551030459,838.3754551030459,837.3060596426467,844.4624493404749,896.5951596442446
837.508431171528,837.508431171528,839.2596958993756,843.8258677694259,896.5951596442446
839.5422189342526,839.5422189342526,834.6760038327653,843.4360597161161,896.5951596442446
838.2011881723687,838.2011881723687,835.0504871630001,843.5968756991015,896.5951596442446
834.8940290070781,834.8940290070781,830.4192980332111,842.2489471800436,896.5951596442446
836.0053677151716,836.0053677151716,828.4784737575746,841.7333718663107,896.5951596442446
838.3957047108285,838.3957047108285,828.4591314216848,841.4738767574921,896.5951596442446
838.2783633428219,838.2783633428219,831.9538547648821,841.2886668092402,896.5951596442446
841.0917100156487,841.0917100156487,828.1134935120415,840.3779082998154,896.5951596442446
835.608280512971,835.608280512971,828.1791431366157,839.5815081377925,896.5951596442446
838.7383607067405,838.7383607067405,825.8135094716752,839.7166301105109,896.5951596442446
835.8289543917286,835.8289543917286,825.954364538216,839.3243288187703,896.5951596442446
838.0417762785332,838.0417762785332,828.9699977123375,838.6539909536492,896.5951596442446
836.4390718284686,836.4390718284686,826.2704235798626,838.5343580563921,896.5951596442446
834.8503163342501,834.8503163342501,832.8037303381692,839.1069766591418,896.5951596442446
834.1184723190215,834.1184723190215,833.6082922606665,838.8039932291788,896.5951596442446
833.8459338586705,833.8459338586705,830.8922131727224,838.655755727395,896.5951596442446
835.3539787284934,835.3539787284934,829.9900686545891,837.8660392595646,896.5951596442446
833.4263661757417,833.4263661757417,832.542577177167,837.4491968808643,896.5951596442446
835.8189855960812,835.8189855960812,835.1732207313964,837.4328027810376,896.5951596442446
836.3852524412754,836.3852524412754,838.7842408710073,837.114105000133,896.5951596442446
834.3432943434927,834.3432943434927,842.946452731588,836.9028770994578,896.5951596442446
836.6942265867884,836.6942265867884,842.9433628636059,837.6517307267387,896.5951596442446
835.6489107928205,835.6489107928205,845.6786726803933,837.6786769080319,896.5951596442446
836.3517999182097,836.3517999182097,843.7807161715452,837.518769407289,896.5951596442446
834.8126073061817,834.8126073061817,845.002242808433,837.6985892140042,896.5951596442446
833.8224343872836,833.8224343872836,841.7442089516429,836.5104351182329,896.5951596442446
831.3287449886141,831.3287449886141,839.689389947461,835.7450344649516,896.5951596442446
834.6337864205921,834.6337864205921,840.6092248442872,835.951835406214,896.5951596442446
837.8205267297833,837.8205267297833,839.7359336532334,836.4540608797278,896.5951596442446
835.7339364234582,835.7339364234582,834.7519967920265,836.0816929052106,896.5951596442446
836.5355167966723,836.5355167966723,833.805897941802,836.0075901591157,896.5951596442446
836.2616889370806,836.2616889370806,833.2849313501878,835.2798390191036,896.5951596442446
833.7313529497841,833.7313529497841,833.611948524891,835.8423098138813,896.5951596442446
832.6416566816505,832.6416566816505,830.2367948030587,835.7287947147821,896.5951596442446
835.0160068989762,835.0160068989762,827.9025914820447,834.7519856890663,896.5951596442446
837.7993865495274,837.7993865495274,833.5799347402168,835.1756399093512,896.5951596442446
833.723725047652,833.723725047652,836.8772878207886,835.419919866305,896.5951596442446
836.098980237628,836.098980237628,833.2224600775714,834.7657683145278,896.5951596442446
836.0697778472613,836.0697778472613,833.8123326159506,834.6680807696404,896.5951596442446
835.71831957463,835.71831957463,835.1393511836119,834.3590315921934,896.5951596442446
837.1167540887393,837.1167540887393,830.1549608119616,834.4242743845888,896.5951596442446
832.755503385034,832.755503385034,824.7438466008746,832.9236284719541,896.5951596442446
830.5509899085044,830.5509899085044,824.7187912403685,833.0660646377031,896.5951596442446
836.5195092618134,836.5195092618134,828.1985194149396,833.0878117521847,896.5951596442446
833.8824625471675,833.8824625471675,833.618422368981,833.7220045355399,896.5951596442446
834.1645128797533,834.1645128797533,835.6200909914824,834.0591158555499,896.5951596442446
831.8689555646898,831.8689555646898,833.9557600560411,834.4932722487523,896.5951596442446
833.4352532321777,833.4352532321777,834.5309784945819,833.80374682113,896.5951596442446
834.053376977324,834.053376977324,834.3681380980827,834.2537536470558,896.5951596442446
832.5703460009757,832.5703460009757,833.3041463613794,833.5586489359401,896.5951596442446
837.3196533126654,837.3196533126654,835.335605739637,833.6394563526407,896.5951596442446
839.444739444872,839.444739444872,841.3217082703284,834.2527693594669,896.5951596442446
833.0078475683645,833.0078475683645,838.0540244005085,833.6667720852047,896.5951596442446
832.4994093324957,832.4994093324957,834.3355374217447,833.8710596298915,896.5951596442446
834.7553051247704,834.7553051247704,828.8220905318846,833.7907278904019,896.5951596442446
836.1582685102916,836.1582685102916,828.9336767201794,834.1540249152489,896.5951596442446
833.5155889526501,833.5155889526501,829.3251271802617,833.9675267318285,896.5951596442446
835.2892518622658,835.2892518622658,831.6776655842444,834.5165812355704,896.5951596442446
834.6667196203884,834.6667196203884,830.0344120699965,834.6248074337319,896.5951596442446
833.3306561600108,833.3306561600108,829.3320086569154,834.2623487729882,896.5951596442446
832.230169856437,832.230169856437,831.6676997810266,834.782123401203,896.5951596442446
830.6000435642318,830.6000435642318,833.3357223681327,835.1259142906258,896.5951596442446
833.5620300785833,833.5620300785833,830.354335519836,834.4835544731994,896.5951596442446
833.1154046932929,833.1154046932929,835.7791341505379,834.4661403923653,896.5951596442446
832.6661470925376,832.6661470925376,831.9760122386613,833.4642718860009,896.5951596442446
832.8635394664998,832.8635394664998,827.2368524657395,833.4229527738523,896.5951596442446
830.7616724939345,830.7616724939345,822.9758461542857,832.5646822317675,896.5951596442446
836.8582147224457,836.8582147224457,822.5369806387725,832.5154619278916,896.5951596442446
832.3893912958276,832.3893912958276,824.3407146085077,832.4583062091542,896.5951596442446
832.5137280476331,832.5137280476331,826.7184114097539,831.8491828807375,896.5951596442446
830.8953197624808,830.8953197624808,824.9645403828296,831.1857409314514,896.5951596442446
831.6859592174001,831.6859592174001,823.1875913966971,831.1747599972441,896.5951596442446
836.6545679147983,836.6545679147983,832.1165857189059,831.7711370809021,896.5951596442446
830.2641292776118,830.2641292776118,832.6848969786646,832.2469765537893,896.5951596442446
832.971393784013,832.971393784013,840.2408076469349,832.5119848537013,896.5951596442446
835.5066714504518,835.5066714504518,841.004915949642,833.2750941734521,896.5951596442446
828.3147340282599,828.3147340282599,845.2509782358372,833.6769998894429,896.5951596442446
832.2555803783462,832.2555803783462,846.7139237705999,833.736401713154,896.5951596442446
835.0779465830669,835.0779465830669,845.5718196781329,833.6254834141341,896.5951596442446
832.4027146814308,832.4027146814308,844.524197015892,833.8036229255107,896.5951596442446
833.5329432265046,833.5329432265046,847.6201369188548,833.9485887268619,896.5951596442446
832.7630021571516,832.7630021571516,842.3687071557373,832.9915151583541,896.5951596442446
833.1175120899945,833.1175120899945,833.8294062222656,831.8146286203769,896.5951596442446
832.1290440035738,832.1290440035738,829.4484075478083,832.089299102739,896.5951596442446
834.4947068832276,834.4947068832276,825.9047694564497,832.1124204485822,896.5951596442446
831.9056049513057,831.9056049513057,824.5902098133732,831.4771491880833,896.5951596442446
830.7747547470093,830.7747547470093,822.0150071125474,830.7045437477946,896.5951596442446
830.9602392583942,830.9602392583942,824.0317515032648,831.8982599982926,896.5951596442446
829.6602489812943,829.6602489812943,823.4094377821457,831.5449044473731,896.5951596442446
832.9207737096804,832.9207737096804,820.3926286598228,830.8542784207526,896.5951596442446
834.9823337271486,834.9823337271486,819.424750751036,831.8025467146769,896.5951596442446
832.8950106124896,832.8950106124896,824.5750023862192,832.957746315423,896.5951596442446
835.3909234069558,835.3909234069558,827.7914569000793,832.4291617523194,896.5951596442446
828.8732000708555,828.8732000708555,825.8376115379626,831.6171175273438,896.5951596442446
830.9496118613133,830.9496118613133,824.22030982388,830.2327979395621,896.5951596442446
828.9763703164925,828.9763703164925,831.0756380334581,830.5682585964784,896.5951596442446
833.4306363118676,833.4306363118676,829.323277977254,829.7780473320374,896.5951596442446
835.068696874527,835.068696874527,823.8257795900287,829.7572202173822,896.5951596442446
831.3013252762503,831.3013252762503,830.5362897283301,830.7785347734224,896.5951596442446
835.5712950097827,835.5712950097827,834.4916157595881,831.0917723003944,896.5951596442446
833.1010683456718,833.1010683456718,830.0428062963313,830.7439868260158,896.5951596442446
834.6029939125458,834.6029939125458,824.5689214216454,829.6071889456865,896.5951596442446
829.5700731785895,829.5700731785895,823.0001319606569,829.4183832643488,896.5951596442446
827.6364987638939,827.6364987638939,827.4888237182228,830.2477747866392,896.5951596442446
830.3535661156296,830.3535661156296,833.6088945368714,831.1901587405595,896.5951596442446
829.6963428197008,829.6963428197008,829.3121526440827,830.6439537812591,896.5951596442446
831.7277157852517,831.7277157852517,832.4553897660765,830.4040998492,896.5951596442446
832.2265222487057,832.2265222487057,837.4168956385058,830.9050662282342,896.5951596442446
834.4843531518205,834.4843531518205,832.535661126977,831.2787845848188,896.5951596442446
830.9844812758841,830.9844812758841,828.6133762591296,830.9480458208373,896.5951596442446
834.3684618894924,834.3684618894924,832.940703177502,830.9985875053108,896.5951596442446
830.4426703311381,830.4426703311381,834.4691101231435,829.8338664966884,896.5951596442446
830.5652649500142,830.5652649500142,836.4130967280262,830.6301355059867,896.5951596442446
831.2331721494761,831.2331721494761,832.4787827795928,829.58770451245,896.5951596442446
832.7990640656617,832.7990640656617,830.540530816684,830.9030624561639,896.5951596442446
832.3503311111486,832.3503311111486,831.0722058569323,831.4110244594975,896.5951596442446
827.5841871215194,827.5841871215194,832.7255509903164,832.3540408164062,896.5951596442446
830.8468597697025,830.8468597697025,832.1131170284918,832.820293506178,896.5951596442446
834.1170824271252,834.1170824271252,833.3505482456251,833.0807513122421,896.5951596442446
831.6104007930236,831.6104007930236,837.354263638386,833.0752162665636,896.5951596442446
828.3675371104838,828.3675371104838,836.2914027065406,833.2639599700528,896.5951596442446
826.2993030316015,826.2993030316015,838.5820414250395,832.912756502357,896.5951596442446
826.9043005774124,826.9043005774124,834.8025990128936,831.1673381647843,896.5951596442446
831.5838591418538,831.5838591418538,836.3273551704812,830.3161961508133,896.5951596442446
832.4268239106991,832.4268239106991,837.0536612161156,830.2656331700001,896.5951596442446
831.768123360151,831.768123360151,839.3194527366211,831.0739318168935,896.5951596442446
828.0782614181278,828.0782614181278,836.1979215983105,830.5434294889009,896.5951596442446
831.4930392186471,831.4930392186471,835.4767369240338,830.572856136865,896.5951596442446
831.7067811086034,831.7067811086034,833.7118938890198,830.7087661544195,896.5951596442446
833.0196498230019,833.0196498230019,833.413805703537,830.8531380040927,896.5951596442446
829.2818997397557,829.2818997397557,832.0901705181543,830.1579666899128,896.5951596442446
832.00617331708,832.00617331708,830.3033866269977,830.499692396609,896.5951596442446
826.9488226326171,826.9488226326171,832.6364008373881,830.9287370878088,896.5951596442446
831.0121983714789,831.0121983714789,836.1188074622958,831.650276133711,896.5951596442446
829.117054866647,829.117054866647,836.3739899585498,832.3594772704201,896.5951596442446
831.3482440758131,831.3482440758131,835.736922140374,833.3032742822937,896.5951596442446
834.4066302318272,834.4066302318272,836.1376963895251,833.3679673442963,896.5951596442446
833.7054572309436,833.7054572309436,832.711642029533,832.3088342421186,896.5951596442446
829.8477444889353,829.8477444889353,831.5096172586734,832.3288020497254,896.5951596442446
829.1364654126382,829.1364654126382,831.1469751837652,833.0040073088812,896.5951596442446
831.2962199236604,831.2962199236604,826.2193507429629,831.5168866882981,896.5951596442446
830.0103121808129,830.0103121808129,830.1383328410451,831.6123584875744,896.5951596442446
829.1358429385364,829.1358429385364,829.6375562174899,831.2979569512911,896.5951596442446
832.2077995271952,832.2077995271952,827.5984420265302,832.0024422314245,896.5951596442446
832.1554088530626,832.1554088530626,823.5077426964979,832.216963844944,896.5951596442446
826.6300514569026,826.6300514569026,820.1435424887288,831.1168551733477,896.5951596442446
831.1963009821999,831.1963009821999,821.2877829445209,831.7608683377498,896.5951596442446
830.6311093647205,830.6311093647205,822.6039125453783,832.0644608331886,896.5951596442446
827.526860097947,827.526860097947,823.6763182897328,830.9568077620056,896.5951596442446
827.1328459496325,827.1328459496325,821.2986163987691,830.3654074367173,896.5951596442446
829.7548444654763,829.7548444654763,826.2132330246229,830.7509720339566,896.5951596442446
828.5929516750963,828.5929516750963,823.4838159688345,831.3953373970122,896.5951596442446
832.1853651334405,832.1853651334405,826.1876740564054,831.9354653704409,896.5951596442446
827.9729305607855,827.9729305607855,823.5213837459307,831.2089542369663,896.5951596442446
829.5713370885085,829.5713370885085,824.3689464176678,830.3689742211031,896.5951596442446
831.5379905067851,831.5379905067851,826.7587483629983,830.6061743171308,896.5951596442446
828.8603709595678,828.8603709595678,825.3258206276566,830.3349545100659,896.5951596442446
829.0455379352512,829.0455379352512,826.1554686677313,829.8121754390337,896.5951596442446
826.2253181943008,826.2253181943008,824.835240566725,829.4167236499552,896.5951596442446
828.0792396996671,828.0792396996671,826.118607920824,829.8664537690564,896.5951596442446
828.7567958372457,828.7567958372457,826.0191877892155,829.3666689562992,896.5951596442446
830.9983938693326,830.9983938693326,824.0369807901773,829.3089115304189,896.5951596442446
830.0811629352446,830.0811629352446,823.8739116363643,829.4276283521083,896.5951596442446
827.322291118676,827.322291118676,823.2272123558332,829.3586401522142,896.5951596442446
832.4272623841479,832.4272623841479,824.1691916911519,829.0947063959968,896.5951596442446
832.0633040644727,832.0633040644727,825.0654543379991,829.4048240133442,896.5951596442446
826.1425326451168,826.1425326451168,827.7046712145836,829.3307785549193,896.5951596442446
825.4856656393432,825.4856656393432,824.760830616975,828.3417181567302,896.5951596442446
827.3527886126803,827.3527886126803,820.5115292105747,826.8489198429452,896.5951596442446
829.3809505631231,829.3809505631231,821.3875418637483,826.6731094141288,896.5951596442446
833.549179661451,833.549179661451,819.6306674589505,826.0345219067813,896.5951596442446
829.2567119254937,829.2567119254937,824.6668382335531,826.5258708921216,896.5951596442446
826.5218673445789,826.5218673445789,822.1990281225278,826.906914174035,896.5951596442446
829.2052551634504,829.2052551634504,822.9260041942871,826.6783699569755,896.5951596442446
830.215660701918,830.215660701918,825.8829585839649,826.8605658695665,896.5951596442446
825.852772459261,825.852772459261,824.3109949306305,826.4031324521462,896.5951596442446
830.419517335799,830.419517335799,825.3202167070771,827.1552375766728,896.5951596442446
832.4394383503918,832.4394383503918,825.6225047887403,826.3708717296716,896.5951596442446
830.1526885412354,830.1526885412354,830.6920932107262,826.2449597072865,896.5951596442446
827.6046131516924,827.6046131516924,829.5235088249303,825.8950500384075,896.5951596442446
831.5767696385019,831.5767696385019,829.9676356810405,825.6100149393586,896.5951596442446
829.9363883652027,829.9363883652027,832.091991528451,826.8835918724122,896.5951596442446
834.0955554902107,834.0955554902107,834.7658607912796,827.3328061648132,896.5951596442446
830.7891647343064,830.7891647343064,837.2640242884585,826.9074133222078,896.5951596442446
831.4946078239205,831.4946078239205,834.5010610507467,826.4859800880056,896.5951596442446
830.4332398808413,830.4332398808413,831.2176662967852,825.4992812834283,896.5951596442446
830.8615506687348,830.8615506687348,829.4430972688115,825.81631775253,896.5951596442446
828.5604121356338,828.5604121356338,831.9495223611755,826.218447796,896.5951596442446
829.5989396582316,829.5989396582316,833.4855759784143,826.6401514512344,896.5951596442446
828.2595816122607,828.2595816122607,836.4276983205673,826.9511946657677,896.5951596442446
827.7115324738187,827.7115324738187,840.8886840566129,828.5438816020885,896.5951596442446
828.5508835325777,828.5508835325777,834.8356200658573,827.8230493173745,896.5951596442446
827.7390043261813,827.7390043261813,832.4054475302095,827.8863844273573,896.5951596442446
827.3651409951566,827.3651409951566,831.900232536462,827.7677714241944,896.5951596442446
824.5215500178535,824.5215500178535,835.0812871699311,828.8006889826923,896.5951596442446
829.869118425417,829.869118425417,833.6338779985159,828.1973483853858,896.5951596442446
830.6458069702724,830.6458069702724,833.8109819959825,828.3209575628223,896.5951596442446
827.0728986047122,827.0728986047122,829.3696812916567,827.5716015452557,896.5951596442446
830.439533830745,830.439533830745,827.4989612126644,827.4046800358209,896.5951596442446
828.3816314766372,828.3816314766372,825.0908972836147,827.7096508427369,896.5951596442446
823.9707424311142,823.9707424311142,822.2344649891584,827.7481279949956,896.5951596442446
830.706556118053,830.706556118053,826.1197536793527,828.3502368594782,896.5951596442446
822.8693480318126,822.8693480318126,828.3295359034322,828.3147567967627,896.5951596442446
831.1186315074876,831.1186315074876,823.748520388324,827.8131987526729,896.5951596442446
828.9601098309811,828.9601098309811,821.361935001108,828.1992866993803,896.5951596442446
828.6911606338887,828.6911606338887,824.4485082145399,827.7353003556941,896.5951596442446
829.7585762399011,829.7585762399011,824.5326176119254,828.1623169596762,896.5951596442446
829.5260284781223,829.5260284781223,826.1465790694489,827.5698236255993,896.5951596442446
829.5930960591156,829.5930960591156,826.3183132831276,827.7012945791014,896.5951596442446
828.2687819324896,828.2687819324896,823.7054518435077,827.2270196272735,896.5951596442446
830.4382487259064,830.4382487259064,822.0215977935657,826.9486099958657,896.5951596442446
830.2933201557437,830.2933201557437,820.138985823575,827.5706378661578,896.5951596442446
830.4241838861973,830.4241838861973,819.079867053407,827.3559478801711,896.5951596442446
827.901774379969,827.901774379969,821.1313666247418,827.3940296064548,896.5951596442446
833.1453779268081,833.1453779268081,818.8332929541828,827.1321069519867,896.5951596442446
829.4144247569482,829.4144247569482,821.2607804927745,826.9743655866492,896.5951596442446
832.5344870630839,832.5344870630839,822.2199787166398,827.0653784600872,896.5951596442446
831.0469175949626,831.0469175949626,827.229954451099,828.063648392424,896.5951596442446
828.405313021927,828.405313021927,827.9079161201996,829.1805719610264,896.5951596442446
825.1851917879742,825.1851917879742,828.1178538878612,828.5730820320962,896.5951596442446
829.6351356062748,829.6351356062748,831.7394584521338,829.3703681945024,896.5951596442446
830.422928204825,830.422928204825,831.4522542240278,828.927721064253,896.5951596442446
830.5621885773129,830.5621885773129,831.4681394607896,829.2097701478236,896.5951596442446
829.3626751685753,829.3626751685753,832.6114298234436,829.331114732286,896.5951596442446
829.4202657766175,829.4202657766175,833.475879360436,828.6506911072809,896.5951596442446
830.8833075277573,830.8833075277573,833.0428504090902,828.7207366823412,896.5951596442446
826.5795903442141,826.5795903442141,831.8063807881994,828.3626112763118,896.5951596442446
827.5914442072742,827.5914442072742,828.1438880109392,828.5679250368639,896.5951596442446
830.0868768874011,830.0868768874011,825.5046133198563,828.1430759828525,896.5951596442446
828.7407429957902,828.7407429957902,830.6729198430397,828.8029642357182,896.5951596442446
826.0590607412503,826.0590607412503,828.3948059460963,829.0558022475135,896.5951596442446
826.2148191510354,826.2148191510354,829.5009581816464,828.4095143948919,896.5951596442446
823.5130452961146,823.5130452961146,827.53076629654,827.7627512488756,896.5951596442446
828.1100131553034,828.1100131553034,828.7291945661611,827.6241487878265,896.5951596442446
827.3808758452456,827.3808758452456,829.0072342562496,827.5519257483814,896.5951596442446
831.0581069162404,831.0581069162404,831.6803133240528,828.8132660877947,896.5951596442446
827.6595012447663,827.6595012447663,831.602481563618,828.794488135273,896.5951596442446
826.3169695191458,826.3169695191458,832.6539681232331,828.7088141892752,896.5951596442446
832.1602537808712,832.1602537808712,833.8247692715146,828.2109146414726,896.5951596442446
827.9005174674373,827.9005174674373,829.7836708559923,827.4741587428033,896.5951596442446
826.907166808667,826.907166808667,832.1497881751341,827.3080230712176,896.5951596442446
828.2205922356424,828.2205922356424,830.4285715590274,827.5281046935258,896.5951596442446
829.154077053186,829.154077053186,830.8213148039456,827.4459247036228,896.5951596442446
830.4257135277028,830.4257135277028,829.3075324929621,827.1056087791263,896.5951596442446
827.2890187500462,827.2890187500462,831.3688595553233,826.80944022546,896.5951596442446
827.3748775849017,827.3748775849017,827.32928750464,827.5523479890195,896.5951596442446
828.2551788406422,828.2551788406422,825.3238780254472,827.0970673411662,896.5951596442446
829.2504278707471,829.2504278707471,821.6637261030488,827.1676231515538,896.5951596442446
828.1524344046873,828.1524344046873,825.9738472278452,827.9058918445087,896.5951596442446
826.9415493621818,826.9415493621818,828.107125077735,828.0774043016272,896.5951596442446
824.9574778857145,824.9574778857145,824.6929955747006,827.7997291883262,896.5951596442446
828.3793676128932,828.3793676128932,826.4823093931988,827.6006158362953,896.5951596442446
826.2517703261797,826.2517703261797,829.7643988382515,827.7328972905868,896.5951596442446
826.5549226617269,826.5549226617269,827.9630347132224,827.9485116441064,896.5951596442446
830.6228133800112,830.6228133800112,823.881120420416,827.3132773093216,896.5951596442446
827.9520385036707,827.9520385036707,826.7251249087518,828.0076713278619,896.5951596442446
827.4464713621095,827.4464713621095,829.8388485245443,828.1583135236897,896.5951596442446
829.4221598245008,829.4221598245008,837.9913949959731,829.5365863368586,896.5951596442446
825.5689527242198,825.5689527242198,834.1953565903284,829.4813005059488,896.5951596442446
829.8104403081821,829.8104403081821,831.8943416761664,829.715182268159,896.5951596442446
828.4750638388392,828.4750638388392,836.1896730087992,830.6333442313728,896.5951596442446
826.8681767641347,826.8681767641347,831.7401554253504,829.9208497566501,896.5951596442446
832.4174810611986,832.4174810611986,830.9717007469329,830.1112640292921,896.5951596442446
829.1419414132229,829.1419414132229,835.4235722767178,830.8069527745015,896.5951596442446
827.7400360197342,827.7400360197342,834.4120271807706,830.4290241546391,896.5951596442446
825.1464636624372,825.1464636624372,829.4419455116224,829.6439043316313,896.5951596442446
824.5805750368626,824.5805750368626,827.8046605298771,829.2752498863371,896.5951596442446
827.2118049849156,827.2118049849156,822.392257033254,828.5690468532896,896.5951596442446
831.2778296179758,831.2778296179758,822.9392960770659,828.4875764973222,896.5951596442446
830.4624291270692,830.4624291270692,821.6415300155693,828.4199174937006,896.5951596442446
828.8081855768826,828.8081855768826,817.004877246453,827.6864279902366,896.5951596442446
830.1046364786906,830.1046364786906,817.5211965492433,827.1346382216933,896.5951596442446
829.7071220151644,829.7071220151644,813.0751948732991,826.4326751117937,896.5951596442446
825.2029310254024,825.2029310254024,809.9598807722473,826.2766429642621,896.5951596442446
828.6528864604057,828.6528864604057,815.9281094015302,826.919470162858,896.5951596442446
834.4759996190788,834.4759996190788,822.3997696326202,827.5152881763373,896.5951596442446
829.3202666594864,829.3202666594864,822.065535880363,827.32708090477,896.5951596442446
830.9975922484123,830.9975922484123,821.6105471998846,827.2623786910788,896.5951596442446
827.9826880703382,827.9826880703382,815.8694000490652,826.5605338431639,896.5951596442446
830.9283515035114,830.9283515035114,821.6691729746442,826.6191681200213,896.5951596442446
823.4473861785535,823.4473861785535,820.6207847439073,826.1316237497989,896.5951596442446
828.9836417297156,828.9836417297156,818.8530598729711,825.0050585599582,896.5951596442446
833.042441343374,833.042441343374,823.446763984694,825.6158746494245,896.5951596442446
824.6106828785844,824.6106828785844,824.9011176386282,825.5110275787556,896.5951596442446
829.6955523225811,829.6955523225811,825.3170098498379,826.1814252815757,896.5951596442446
825.7541621527203,825.7541621527203,820.0683634675057,825.1928982050281,896.5951596442446
827.9817239347642,827.9817239347642,817.2038621489215,824.4473570218305,896.5951596442446
832.2391568671576,832.2391568671576,821.4290403449477,825.0173931354217,896.5951596442446
827.7381394542765,827.7381394542765,826.0197230464184,824.9995245981446,896.5951596442446
823.3401199613623,823.3401199613623,824.7229338453326,825.6070207178894,896.5951596442446
827.3497520316475,827.3497520316475,828.2899907229994,825.3596642593719,896.5951596442446
826.9862538870942,826.9862538870942,830.7998672661106,825.0793177013749,896.5951596442446
829.7398563771094,829.7398563771094,829.8877422204654,825.4291601327286,896.5951596442446
827.9536884089166,827.9536884089166,831.0028023182851,825.8500815438202,896.5951596442446
826.7311112466258,826.7311112466258,824.5219012405056,824.8120336186121,896.5951596442446
824.3805652533084,824.3805652533084,827.0229308250102,825.1316268691021,896.5951596442446
826.765432340631,826.765432340631,829.5981972729958,825.3022208713403,896.5951596442446
831.3130110317105,831.3130110317105,823.9080176932657,825.4662514534651,896.5951596442446
830.6857357939717,830.6857357939717,822.9886424667706,824.4024836459296,896.5951596442446
826.4386261952823,826.4386261952823,823.2710278906185,824.639801280466,896.5951596442446
827.7582577647215,827.7582577647215,826.9980686763168,825.8206788796949,896.5951596442446
826.9002444667672,826.9002444667672,829.5854386490868,825.6999435525523,896.5951596442446
832.6429513239573,832.6429513239573,833.6046000680893,826.1972003786962,896.5951596442446
828.1688879060272,828.1688879060272,832.7298122286959,826.803437046915,896.5951596442446
826.4953587350846,826.4953587350846,831.2876228852338,826.2933341115755,896.5951596442446
824.8057722771081,824.8057722771081,824.7569882764826,824.7379995426484,896.5951596442446
825.3678335054898,825.3678335054898,827.1955524190978,824.7735616502509,896.5951596442446
827.7381868624664,827.7381868624664,829.4768573492254,823.7633439241155,896.5951596442446
826.2685625257138,826.2685625257138,833.3644421146134,824.2363007507868,896.5951596442446
832.9185622065863,832.9185622065863,830.3313423364946,824.3272014125318,896.5951596442446
830.199428030982,830.199428030982,825.3294063301415,823.6486255439636,896.5951596442446
826.163902054782,826.163902054782,827.5534722339089,824.8626069142643,896.5951596442446
826.3319759122569,826.3319759122569,821.9579810025358,824.3944564298167,896.5951596442446
830.0434607370944,830.0434607370944,820.6038681415764,823.8394962198865,896.5951596442446
828.8751037456661,828.8751037456661,826.9511936565053,824.8011674067224,896.5951596442446
828.6791552694965,828.6791552694965,835.4328508992279,825.9361806201691,896.5951596442446
830.5311417716243,830.5311417716243,835.0898258475739,826.2305947137903,896.5951596442446
825.9162078619568,825.9162078619568,835.9853754021653,826.4819675978979,896.5951596442446
826.961032599084,826.961032599084,835.2229473752557,826.6930310104246,896.5951596442446
829.2829975516889,829.2829975516889,835.4129154761625,827.0814785046502,896.5951596442446
826.3775472026153,826.3775472026153,834.6122934579005,827.1701087862531,896.5951596442446
825.1670144089028,825.1670144089028,831.0889755756452,827.5761627195446,896.5951596442446
826.6348918526996,826.6348918526996,831.4039355489407,828.0602045649451,896.5951596442446
826.7585689529827,826.7585689529827,830.9796846315706,828.0434569917513,896.5951596442446
829.7504734858942,829.7504734858942,833.0720162909554,828.2299487846077,896.5951596442446
824.6996347582322,824.6996347582322,823.467467370316,826.1497201677084,896.5951596442446
828.9633789802432,828.9633789802432,824.423783736408,826.7022442849994,896.5951596442446
829.2847749826678,829.2847749826678,825.1058306108285,827.1810242800864,896.5951596442446
829.3666272986839,829.3666272986839,824.7517957660369,828.4695101538191,896.5951596442446
830.7670838802773,830.7670838802773,827.2257651392322,828.192796937568,896.5951596442446
825.6671313633107,825.6671313633107,829.9320134523183,829.0323545279352,896.5951596442446
831.9753473492331,831.9753473492331,826.1627703184525,829.0381048086406,896.5951596442446
827.000575954898,827.000575954898,826.1252448156238,828.595900731131,896.5951596442446
827.5854155233629,827.5854155233629,822.6367061645491,827.5905746969354,896.5951596442446
827.1754123096657,827.1754123096657,820.1204038810813,827.1906275908561,896.5951596442446
831.6347571382835,831.6347571382835,826.1814214916307,827.3723317725335,896.5951596442446
827.8677653685841,827.8677653685841,824.4102106504906,828.1435139853133,896.5951596442446
827.6809126287061,827.6809126287061,823.0427713697123,827.5037704850396,896.5951596442446
830.1495017627005,830.1495017627005,822.325785133515,827.7307225712384,896.5951596442446
827.7670706850989,827.7670706850989,818.7266285407798,826.9935358766575,896.5951596442446
827.6278545960682,827.6278545960682,816.5358959447246,826.6815355722803,896.5951596442446
828.727721384545,828.727721384545,821.1741975129058,827.1129708579999,896.5951596442446
826.9362763020255,826.9362763020255,822.3926121343131,827.0968747139007,896.5951596442446
822.4153282039672,822.4153282039672,825.8804555799334,826.5661053492653,896.5951596442446
827.1854264553689,827.1854264553689,823.8275779836101,827.0517629394772,896.5951596442446
825.5713300843526,825.5713300843526,823.1371107981852,826.5951677671685,896.5951596442446
828.6911435103971,828.6911435103971,821.7240885411177,826.5686922389376,896.5951596442446
827.9714236516079,827.9714236516079,818.2551305938243,826.3731930651513,896.5951596442446
828.3234359193475,828.3234359193475,820.4610544216812,827.2252049622206,896.5951596442446
828.1554597439588,828.1554597439588,819.9117084763993,826.3216719938138,896.5951596442446
831.1750826439337,831.1750826439337,816.4448854655903,824.5708989301352,896.5951596442446
830.887386548242,830.887386548242,812.7830459461892,823.7524923174205,896.5951596442446
830.1992940645532,830.1992940645532,810.1946609665276,822.4148868935882,896.5951596442446
828.6912230679669,828.6912230679669,811.8357353648869,822.3872899765032,896.5951596442446
829.0184820082212,829.0184820082212,812.4167232990387,823.2775830222382,896.5951596442446
826.5822974386687,826.5822974386687,813.0829646380421,824.2603630394802,896.5951596442446
820.5422036815819,820.5422036815819,811.3409790500389,823.3977775651259,896.5951596442446
826.5442704816778,826.5442704816778,813.8529243856838,823.2484064724428,896.5951596442446
829.9452747526624,829.9452747526624,811.0836679621609,822.7690501317301,896.5951596442446
830.029596683337,830.029596683337,815.0254774199195,823.2604990104985,896.5951596442446
826.8273152071711,826.8273152071711,820.6317672596266,823.6313711160321,896.5951596442446
827.1902977713444,827.1902977713444,820.2293096272581,822.2876597960903,896.5951596442446
827.2272472315215,827.2272472315215,819.234070937091,821.8701048804994,896.5951596442446
827.9583557258042,827.9583557258042,817.6898246683177,821.8044812818515,896.5951596442446
827.0231503558705,827.0231503558705,817.4813136904786,821.3836070290329,896.5951596442446
825.377944114714,825.377944114714,816.2920600118912,820.432204862013,896.5951596442446
829.0332025195199,829.0332025195199,819.6245810045073,820.3047285965126,896.5951596442446
824.24907722673,824.24907722673,822.8796087624445,820.6272531444987,896.5951596442446
827.9735664890984,827.9735664890984,823.1610645002295,820.3566735567247,896.5951596442446
826.37461184414,826.37461184414,819.4631658714743,820.0705490895612,896.5951596442446
828.0225240560017,828.0225240560017,817.6513649430282,820.2391854130576,896.5951596442446
827.760961293395,827.760961293395,819.078241788503,819.8855130386618,896.5951596442446
826.2686265053359,826.2686265053359,821.7156826383892,819.9324542983891,896.5951596442446
829.1220121954585,829.1220121954585,822.3584090161528,820.0802261587679,896.5951596442446
829.2524835434572,829.2524835434572,821.6513912513808,819.0994820211179,896.5951596442446
831.4278088063435,831.4278088063435,822.6899755429707,820.276706496544,896.5951596442446
824.8270145266004,824.8270145266004,818.6219902186048,819.1443698929517,896.5951596442446
827.7269180856938,827.7269180856938,817.1478590894342,819.0356588402196,896.5951596442446
829.722059698433,829.722059698433,816.881144481584,818.7825432998341,896.5951596442446
830.998329060398,830.998329060398,821.6724807715785,818.9598922160301,896.5951596442446
826.4544856053042,826.4544856053042,824.6865916354858,819.1901010496908,896.5951596442446
826.6722150947328,826.6722150947328,826.168990210391,819.8867570170493,896.5951596442446
828.2005957976779,828.2005957976779,827.7716962464153,820.2617445845473,896.5951596442446
827.3431114751833,827.3431114751833,824.44637365843,820.4421596575439,896.5951596442446
825.6534016797477,825.6534016797477,822.814512570618,819.6383037590251,896.5951596442446
827.2284193681833,827.2284193681833,821.3301427620845,819.3064507506347,896.5951596442446
827.675632293692,827.675632293692,826.3720291104452,819.5367335849427,896.5951596442446
827.40110353085,827.40110353085,822.3600695349845,818.8991184732741,896.5951596442446
826.3779581397154,826.3779581397154,819.0817784620494,818.1337419655408,896.5951596442446
829.2050521499536,829.2050521499536,813.751488996546,817.9648643071835,896.5951596442446
830.4172168499342,830.4172168499342,808.1476535686563,817.5124525744775,896.5951596442446
828.9719463541292,828.9719463541292,808.804928659492,817.4129032463666,896.5951596442446
828.391948182453,828.391948182453,807.9596958625348,817.3751613301916,896.5951596442446
824.7651081007253,824.7651081007253,813.950163625085,818.0561012665745,896.5951596442446
828.5746276969736,828.5746276969736,814.3192388424699,817.7366359307972,896.5951596442446
827.5508060435075,827.5508060435075,818.4478996696942,818.3686085249366,896.5951596442446
827.117963866113,827.117963866113,816.7793695900235,818.5477897947239,896.5951596442446
828.6108180392326,828.6108180392326,818.5922698375788,818.9665463220251,896.5951596442446
822.8579570611547,822.8579570611547,825.2924707813333,819.1000252374714,896.5951596442446
829.6397219345112,829.6397219345112,829.9765898898073,819.9778405898651,896.5951596442446
829.2491210675332,829.2491210675332,832.0889093640557,820.6412573541705,896.5951596442446
826.6919224868669,826.6919224868669,833.2434107490533,821.5049762069397,896.5951596442446
829.2259799009771,829.2259799009771,828.419556240533,821.0201403849928,896.5951596442446
829.4628334987522,829.4628334987522,826.5656203614996,821.002078265897,896.5951596442446
828.6516460206408,828.6516460206408,828.1913747883098,820.8915662286513,896.5951596442446
828.3716330282712,828.3716330282712,822.7685101319723,820.3057176237224,896.5951596442446
831.932309222348,831.932309222348,820.564761642089,820.3925463131338,896.5951596442446
829.4092719856459,829.4092719856459,823.5386843896879,820.9036983228259,896.5951596442446
831.1712539386583,831.1712539386583,820.3138716363634,820.9460659723119,896.5951596442446
827.1880541574837,827.1880541574837,819.1845853727917,820.8096621804397,896.5951596442446
827.9299780483186,827.9299780483186,820.4792669295564,820.6107572881565,896.5951596442446
828.7786361829402,828.7786361829402,819.312146143966,821.321543510281,896.5951596442446
828.6705818084495,828.6705818084495,828.0862794961768,822.7905820968098,896.5951596442446
829.149911136531,829.149911136531,828.5861538550578,823.181344103245,896.5951596442446
826.4526474023604,826.4526474023604,829.7440760218403,823.3441186949236,896.5951596442446
827.6530596987908,827.6530596987908,832.753085407132,823.5979227027706,896.5951596442446
828.0614533459616,828.0614533459616,835.186131269262,823.5048563660848,896.5951596442446
830.8639630530139,830.8639630530139,831.9361699586603,822.7150105620692,896.5951596442446
827.2876282511747,827.2876282511747,828.8286834368744,822.079589759641,896.5951596442446
831.6775090402766,831.6775090402766,828.3021940940164,822.5774678249479,896.5951596442446
823.345884177668,823.345884177668,826.1801077620503,822.3165058519609,896.5951596442446
833.3472156831558,833.3472156831558,825.7132568347004,822.6485465195204,896.5951596442446
828.6920969098167,828.6920969098167,823.2141215570743,823.0902698805469,896.5951596442446
824.8111711526024,824.8111711526024,822.7767768285519,823.2650176657248,896.5951596442446
829.8950647409052,829.8950647409052,822.6718939834798,823.5482192413436,896.5951596442446
826.4520812357455,826.4520812357455,825.3703051105547,824.1339886162876,896.5951596442446
826.139185145626,826.139185145626,826.6913168559225,825.1187216935485,896.5951596442446
828.4425178535643,828.4425178535643,831.3348479190538,825.5524083279931,896.5951596442446
825.9721923166363,825.9721923166363,835.7209373480089,825.847548332926,896.5951596442446
825.9743053725236,825.9743053725236,831.9692150096904,824.6368146725704,896.5951596442446
826.1311453843489,826.1311453843489,832.1778420511328,823.8147559350904,896.5951596442446
830.8605719032871,830.8605719032871,831.9880072949045,823.8123499364234,896.5951596442446
826.7883825741659,826.7883825741659,830.9968065582592,823.7352919429156,896.5951596442446
827.2254506603057,827.2254506603057,833.6707227753443,825.1098874891077,896.5951596442446
828.4015929503581,828.4015929503581,832.2818456523471,825.4416858576894,896.5951596442446
827.9043849684524,827.9043849684524,826.1810778135468,825.1041756265798,896.5951596442446
828.9996875036481,828.9996875036481,823.7302827331592,824.5903724180912,896.5951596442446
828.1475375408106,828.1475375408106,819.9497748144607,825.0703493838881,896.5951596442446
828.0910322510233,828.0910322510233,819.9579185534367,826.0227763512033,896.5951596442446
826.5031270952335,826.5031270952335,825.0052552461162,826.8875679224844,896.5951596442446
827.6302114395179,827.6302114395179,828.9929259175009,827.9838104048594,896.5951596442446
828.7965998185651,828.7965998185651,826.239480351054,827.2992602747357,896.5951596442446
826.1181515364319,826.1181515364319,823.1466062972653,826.7726740298618,896.5951596442446
830.3568108030082,830.3568108030082,816.6003053303614,825.639915830163,896.5951596442446
830.6204757736965,830.6204757736965,817.6381678494334,826.1054716590821,896.5951596442446
827.3995039116962,827.3995039116962,819.8789237153038,825.3903804357019,896.5951596442446
824.5263726731681,824.5263726731681,819.1871098892487,825.0719204779364,896.5951596442446
827.9267965312295,827.9267965312295,818.9299350932458,825.1378824350218,896.5951596442446
826.551471351778,826.551471351778,816.2191963430093,824.2081214635385,896.5951596442446
826.7194091354951,826.7194091354951,816.8722965065048,824.266709245824,896.5951596442446
824.0631518426322,824.0631518426322,813.8424965062586,824.3345278333,896.5951596442446
827.1244855200897,827.1244855200897,815.5162178727953,823.753821699484,896.5951596442446
827.6165531299722,827.6165531299722,819.4460813177759,824.9779790453103,896.5951596442446
830.8913923721756,830.8913923721756,825.4569733373843,825.41818642534,896.5951596442446
825.20187889487,825.20187889487,825.7928431519283,825.6257653318058,896.5951596442446
830.3080900036684,830.3080900036684,827.7862884350623,826.3939360963199,896.5951596442446
829.6272463021721,829.6272463021721,828.873459185811,826.7336599866808,896.5951596442446
830.2299496107837,830.2299496107837,828.3028034935656,826.0907062557972,896.5951596442446
828.7571697476365,828.7571697476365,828.3674160943976,825.8188303551453,896.5951596442446
823.9263383900585,823.9263383900585,826.7448749160305,825.7787671544717,896.5951596442446
826.9488715902521,826.9488715902521,830.8684845967858,826.4123713667457,896.5951596442446
831.5961411228142,831.5961411228142,833.501096625492,826.591611795789,896.5951596442446
824.4110630144002,824.4110630144002,832.0038461779495,825.7614923816648,896.5951596442446
828.2818353026726,828.2818353026726,830.2979921089279,825.7605540761137,896.5951596442446
829.9196183223579,829.9196183223579,830.0301679453141,825.6829837165006,896.5951596442446
825.1053273106113,825.1053273106113,828.2680493527274,825.4969288854388,896.5951596442446
827.9336241406722,827.9336241406722,830.298778530608,825.7561894389501,896.5951596442446
827.7004664945655,827.7004664945655,833.4510148917128,826.3936752424078,896.5951596442446
826.8231742670401,826.8231742670401,836.4261776412408,827.3383291960188,896.5951596442446
824.4410838986582,824.4410838986582,835.3204724079515,827.1824228172586,896.5951596442446
826.4856493738724,826.4856493738724,834.2998102416195,828.0363118626597,896.5951596442446
828.9000748817244,828.9000748817244,831.0622686658708,827.6614141620233,896.5951596442446
825.4668883362929,825.4668883362929,831.0430827293501,827.3272846161199,896.5951596442446
829.2352221821892,829.2352221821892,832.4419377860324,827.6935862676099,896.5951596442446
825.5874735746928,825.5874735746928,830.0325055633751,827.1551060324798,896.5951596442446
826.1197217815835,826.1197217815835,833.0960607571672,827.0420800147615,896.5951596442446
829.1317288318136,829.1317288318136,834.5599026545548,827.3299065986763,896.5951596442446
829.6951767152042,829.6951767152042,832.269278028497,826.5805612642963,896.5951596442446
828.4398212868415,828.4398212868415,828.1623472765302,825.8266111817231,896.5951596442446
827.8097662836371,827.8097662836371,824.9985265759112,825.7882851305029,896.5951596442446
828.0497625028279,828.0497625028279,824.7376158883314,826.5482666300992,896.5951596442446
831.8875453023949,831.8875453023949,824.8739014465293,826.2385929923482,896.5951596442446
828.0861571721646,828.0861571721646,825.9883065068086,826.32558460583,896.5951596442446
828.1916330053592,828.1916330053592,827.9850546638233,826.556452645306,896.5951596442446
832.6107217931961,832.6107217931961,832.3478691834791,827.1683107387059,896.5951596442446
827.9700173792253,827.9700173792253,834.1992635891659,828.6457171698852,896.5951596442446
827.6391821760153,827.6391821760153,827.6734953085204,828.1185491137487,896.5951596442446
827.9324495734072,827.9324495734072,827.7015320216196,828.1309127057284,896.5951596442446
829.2483858216168,829.2483858216168,831.9767292283726,828.2303733167101,896.5951596442446
827.6233008102515,827.6233008102515,837.2241925230735,828.2320725858943,896.5951596442446
823.3736090823284,823.3736090823284,838.2004478906256,828.3897710247243,896.5951596442446
829.5582318818731,829.5582318818731,840.9649191995026,829.1836807620381,896.5951596442446
829.3646107869157,829.3646107869157,838.4831725447284,829.3928978553225,896.5951596442446
827.5927674003369,827.5927674003369,835.4666923883312,830.3297300568998,896.5951596442446
826.9517143438075,826.9517143438075,835.4424547032464,830.7291681094688,896.5951596442446
825.5751477506301,825.5751477506301,830.136291875119,830.6971908018484,896.5951596442446
831.9767462164375,831.9767462164375,831.0971846395148,830.5005640638017,896.5951596442446
830.2121222538393,830.2121222538393,831.7343717156707,830.6918000302132,896.5951596442446
829.0926398496554,829.0926398496554,830.09596061231,831.0057261705701,896.5951596442446
825.7348143777724,825.7348143777724,825.6014887509255,829.9779110347783,896.5951596442446
830.2351736843888,830.2351736843888,821.7402397136826,829.9693196662092,896.5951596442446
828.005571059655,828.005571059655,819.0414763851746,829.8887324645139,896.5951596442446
826.9632888501903,826.9632888501903,821.2910552542793,829.761892642623,896.5951596442446
828.4978277847543,828.4978277847543,816.9741513274582,828.6331656549146,896.5951596442446
826.2594893869166,826.2594893869166,816.8753877343725,828.9456770259576,896.5951596442446
829.9280931025027,829.9280931025027,817.3630982854011,828.612552771916,896.5951596442446
827.1598015763028,827.1598015763028,821.2753681423512,828.9809458551098,896.5951596442446
830.0640606790046,830.0640606790046,821.6787892550459,829.3669971825094,896.5951596442446
826.5030278354617,826.5030278354617,821.7181182014913,829.6758665919892,896.5951596442446
821.4669142253292,821.4669142253292,828.1106309918345,830.2510622499393,896.5951596442446
829.8136965765568,829.8136965765568,830.9421679450531,829.9840563358624,896.5951596442446
829.6614558455259,829.6614558455259,831.5142001517974,829.4913531697749,896.5951596442446
829.8262722049753,829.8262722049753,826.020123890427,828.5651481851187,896.5951596442446
830.6434904274432,830.6434904274432,829.6118573547714,828.4959387040835,896.5951596442446
827.6379192114282,827.6379192114282,826.8132463662023,828.3022927101351,896.5951596442446
828.2768690229407,828.2768690229407,827.53019827761,828.4649825568923,896.5951596442446
829.4161384264996,829.4161384264996,825.4720185402082,828.0155938570298,896.5951596442446
828.496212488048,828.496212488048,827.1904474114365,828.1148836864539,896.5951596442446
825.6449300363136,825.6449300363136,827.9915874087458,827.98894854549,896.5951596442446
823.8554344876497,823.8554344876497,825.6900093888482,828.3249696461186,896.5951596442446
826.4046330050073,826.4046330050073,820.9399162782771,827.312077543194,896.5951596442446
831.6146396672344,831.6146396672344,822.2816467036712,827.735228777335,896.5951596442446
831.0677196350782,831.0677196350782,826.0287408889124,827.5622798170313,896.5951596442446
829.0322966976103,829.0322966976103,824.534291856562,826.9144095181892,896.5951596442446
829.8934222435116,829.8934222435116,826.0772944099547,827.511250479451,896.5951596442446
826.0863136038507,826.0863136038507,827.9232219138003,827.4304147882192,896.5951596442446
827.6437127480698,827.6437127480698,831.3746642425247,827.378546174624,896.5951596442446
834.9434954379102,834.9434954379102,833.3404867579715,828.329125432349,896.5951596442446
829.2687915410299,829.2687915410299,837.1110317026472,829.7786854307134,896.5951596442446
824.5108883864563,824.5108883864563,836.6220827534595,830.6496808816281,896.5951596442446
830.7217199601436,830.7217199601436,840.0815356394469,830.380861493417,896.5951596442446
825.1889139219171,825.1889139219171,836.1175312374241,829.983954735514,896.5951596442446
832.1499327387799,832.1499327387799,842.4343463241418,830.8514877804977,896.5951596442446
830.2068957073003,830.2068957073003,846.7818772344438,830.6737740323132,896.5951596442446
829.2341315801309,829.2341315801309,846.5430294796897,830.3502825386931,896.5951596442446
825.9293162173091,825.9293162173091,844.9893118032844,829.588424431043,896.5951596442446
830.2415789699064,830.2415789699064,839.5743618573977,829.7587194843993,896.5951596442446
826.4589858687893,826.4589858687893,836.7072515752446,830.1302693430739,896.5951596442446
829.9030819811481,829.9030819811481,833.5368644970697,830.0907124844529,896.5951596442446
829.5488494823304,829.5488494823304,833.460167715655,829.8968759201443,896.5951596442446
825.7450167863248,825.7450167863248,830.2536780564396,828.7915075265798,896.5951596442446
829.4560430217203,829.4560430217203,834.0989582770289,828.6107625510191,896.5951596442446
828.4320167578077,828.4320167578077,826.5383962576568,828.4625325230834,896.5951596442446
828.4778172341324,828.4778172341324,821.2284019749519,827.8261159496374,896.5951596442446
823.7754765704392,823.7754765704392,822.0451027854394,827.6708121551317,896.5951596442446
830.5525851295381,830.5525851295381,819.7946117014328,827.5200883963058,896.5951596442446
828.986112688255,828.986112688255,823.6574354520271,828.2707696469017,896.5951596442446
823.7133746277054,823.7133746277054,823.4764924854211,828.4786934970239,896.5951596442446
825.6951784791022,825.6951784791022,824.9971588746239,829.0709521369156,896.5951596442446
827.2888141745348,827.2888141745348,823.1623937825782,829.409056926475,896.5951596442446
828.6347170581626,828.6347170581626,824.3809167624037,829.319642936324,896.5951596442446
829.10921048641,829.10921048641,826.3252644190563,830.0675201577957,896.5951596442446
828.0863168326027,828.0863168326027,825.7442188785541,829.3531652479385,896.5951596442446
828.9227785138762,828.9227785138762,825.644276645645,829.560141013275,896.5951596442446
831.295249175034,831.295249175034,823.6772890747036,829.0311924231979,896.5951596442446
825.5526927585273,825.5526927585273,824.8117299598456,829.0098147311945,896.5951596442446
827.0649285174595,827.0649285174595,822.6092296434166,828.5375419471148,896.5951596442446
828.7500959989085,828.7500959989085,820.8536401799154,828.3136636819977,896.5951596442446
826.6354979062859,826.6354979062859,818.9594936081377,828.5192272182447,896.5951596442446
829.5661096046164,829.5661096046164,817.9672800585487,827.380386739818,896.5951596442446
830.064710066994,830.064710066994,820.7702224823837,827.2852538437904,896.5951596442446
829.4897975177928,829.4897975177928,820.0086083548791,827.766401798412,896.5951596442446
831.7546539896545,831.7546539896545,821.0025388311058,828.3496482360741,896.5951596442446
831.7303037691358,831.7303037691358,821.4551549009195,827.9288005225043,896.5951596442446
830.1116089141526,830.1116089141526,821.7727220950668,828.0230875689708,896.5951596442446
830.5643528567031,830.5643528567031,820.4029905625308,827.5843731881787,896.5951596442446
831.8764975768656,831.8764975768656,821.3144958046141,827.706037399996,896.5951596442446
827.9099979155488,827.9099979155488,823.8610059232864,827.6477753843677,896.5951596442446
828.1976737807811,828.1976737807811,823.8736568972465,827.695641115945,896.5951596442446
828.8985498828246,828.8985498828246,825.7692393570766,827.3962327334635,896.5951596442446
827.8982914065116,827.8982914065116,820.2909731661179,827.1554652213584,896.5951596442446
829.759461167811,829.759461167811,820.6086639847672,827.4318052546312,896.5951596442446
828.32921945828,828.32921945828,818.1879571687099,826.7814914920336,896.5951596442446
824.5150352533996,824.5150352533996,818.0721379144331,826.6363697340785,896.5951596442446
826.8052404018281,826.8052404018281,816.8660969348043,826.1808480739408,896.5951596442446
828.8747609676639,828.8747609676639,818.2262889319333,825.6449865918054,896.5951596442446
829.5599009336527,829.5599009336527,819.7410761463523,825.3793197807615,896.5951596442446
823.022013635703,823.022013635703,820.4398431103187,825.0676466548372,896.5951596442446
828.8122032030843,828.8122032030843,818.7885902838207,824.0311528321796,896.5951596442446
828.851931660916,828.851931660916,818.6647116040533,823.8047585035824,896.5951596442446
831.4982605572569,831.4982605572569,820.2272339096728,823.1846048754036,896.5951596442446
829.155883633634,829.155883633634,818.2671765876131,823.8617343246691,896.5951596442446
830.7736986956651,830.7736986956651,823.6902900143405,823.0326802300734,896.5951596442446
825.1429552169586,825.1429552169586,824.2373616460267,822.1274666163953,896.5951596442446
825.7229502293033,825.7229502293033,826.1165803889826,822.0955582557992,896.5951596442446
827.2230430154526,827.2230430154526,824.0129154796037,821.4497073270693,896.5951596442446
833.8643531657887,833.8643531657887,824.2276287350469,822.3099731562913,896.5951596442446
828.5384975776652,828.5384975776652,819.1848605532875,821.5631684504457,896.5951596442446
831.2374075005105,831.2374075005105,818.5694557199673,821.0376710767592,896.5951596442446
832.2753638442794,832.2753638442794,816.483265205306,820.4093780015126,896.5951596442446
828.0274954222349,828.0274954222349,818.938417269666,820.9215527180488,896.5951596442446
825.8336774116437,825.8336774116437,818.9205037550134,820.8260434202656,896.5951596442446
828.8373544332483,828.8373544332483,815.8554915766128,820.8960992938647,896.5951596442446
826.0019096588665,826.0019096588665,815.1254967008826,820.9068855615812,896.5951596442446
828.9628158609086,828.9628158609086,815.9739303336731,820.881323765446,896.5951596442446
826.6582527364266,826.6582527364266,816.3600368403107,820.7627923548448,896.5951596442446
830.0959093432975,830.0959093432975,818.6115371994332,821.3007935057727,896.5951596442446
828.6490955313071,828.6490955313071,817.7354240237572,820.414954758113,896.5951596442446
828.5293317406315,828.5293317406315,817.511221271911,819.5404835562166,896.5951596442446
828.2127146185419,828.2127146185419,818.6365793185317,819.5042151087032,896.5951596442446
829.7588612406894,829.7588612406894,820.4085608252329,820.1270815306148,896.5951596442446
827.138793005143,827.138793005143,823.1605693737907,820.1931044112129,896.5951596442446
830.2070603684932,830.2070603684932,825.0659254283161,820.7604406038171,896.5951596442446
828.1409923924641,828.1409923924641,825.3636005206257,820.8507503365777,896.5951596442446
827.0426279358927,827.0426279358927,827.889571855668,821.723780321639,896.5951596442446
827.8556705259393,827.8556705259393,824.5865518359957,820.7177567300747,896.5951596442446
827.4422663437488,827.4422663437488,821.4022723376131,821.0594020446119,896.5951596442446
826.5822249579745,826.5822249579745,825.4850541744797,821.341237557026,896.5951596442446
827.3837853322307,827.3837853322307,823.6898623344165,820.4865573014725,896.5951596442446
830.8635925767845,830.8635925767845,821.0248948644372,820.1157380698809,896.5951596442446
825.4046169895172,825.4046169895172,821.2005511228866,820.2131472587154,896.5951596442446
827.0393855770234,827.0393855770234,820.7075646312667,820.3328956664902,896.5951596442446
830.3842831376924,830.3842831376924,823.2483478533392,821.2096024082635,896.5951596442446
828.3434574065479,828.3434574065479,826.7676152423321,821.9132424048601,896.5951596442446
826.5333696174152,826.5333696174152,818.9373560381651,821.1567071102586,896.5951596442446
827.7300147817233,827.7300147817233,823.4348988729535,821.3241383921594,896.5951596442446
827.2020369883735,827.2020369883735,821.9455759887954,821.1856180814482,896.5951596442446
827.6122667494714,827.6122667494714,821.6814235008602,820.9053210725408,896.5951596442446
825.3646545811705,825.3646545811705,823.1029082778157,820.3324075775863,896.5951596442446
829.0578037594289,829.0578037594289,828.6050794915179,820.6829060967691,896.5951596442446
825.1352395324416,825.1352395324416,824.4233113358663,821.039614892665,896.5951596442446
826.2948717021488,826.2948717021488,823.7269904808866,820.9565609657142,896.5951596442446
828.1755591190973,828.1755591190973,819.74497056573,821.5210050876677,896.5951596442446
825.8588071189929,825.8588071189929,819.9878588385484,822.2963865896829,896.5951596442446
824.8002223534736,824.8002223534736,823.5586817305006,822.4952240693979,896.5951596442446
830.7041255729621,830.7041255729621,823.5681362612331,822.3925078580194,896.5951596442446
828.3067085845626,828.3067085845626,826.138248237003,822.4650524995784,896.5951596442446
827.1680854027161,827.1680854027161,826.4279065426824,822.1029337590136,896.5951596442446
825.9016869402885,825.9016869402885,827.1591364565468,822.0065168121316,896.5951596442446
829.08499582847,829.08499582847,827.6574191376745,822.4814476034936,896.5951596442446
826.6168500279181,826.6168500279181,828.5562046901305,822.7054090487565,896.5951596442446
829.9233023269418,829.9233023269418,826.9302719407511,822.6891800363417,896.5951596442446
827.4624371138459,827.4624371138459,829.8551041245531,822.7539679097102,896.5951596442446
829.7652551132195,829.7652551132195,829.0056744199832,823.2500491444741,896.5951596442446
826.3912604623422,826.3912604623422,833.9630878628111,824.0645255641634,896.5951596442446
833.713712723562,833.713712723562,835.2467257084434,824.6392699037872,896.5951596442446
829.2746491717122,829.2746491717122,834.650012325394,824.5495292176477,896.5951596442446
825.9268616365206,825.9268616365206,835.7741732445096,825.4207962972579,896.5951596442446
824.7877088388368,824.7877088388368,835.2855676682809,825.3497392017941,896.5951596442446
825.2567681586535,825.2567681586535,834.6117943824495,826.1071534389221,896.5951596442446
825.83289970378,825.83289970378,833.6025883837829,825.6382432715799,896.5951596442446
828.5137791882636,828.5137791882636,836.4276448761213,826.1906082605633,896.5951596442446
827.2658668184412,827.2658668184412,836.1237748094625,826.8076245562802,896.5951596442446
824.7421155476196,824.7421155476196,832.1295420685835,826.6508582180145,896.5951596442446
827.4615872641922,827.4615872641922,827.4225445368705,826.3542484048031,896.5951596442446
829.4535928565099,829.4535928565099,826.6326419176655,826.6937909192582,896.5951596442446
829.0059313323135,829.0059313323135,828.1221298056735,826.4516477388956,896.5951596442446
829.0207797560087,829.0207797560087,829.6367865740606,827.8010688073184,896.5951596442446
826.3578157148477,826.3578157148477,832.0600107686129,828.2594971011346,896.5951596442446
829.6296623245778,829.6296623245778,830.6090953767896,828.5016566505738,896.5951596442446
830.9235239599855,830.9235239599855,833.0803234626043,828.1725957990543,896.5951596442446
832.3100179918724,832.3100179918724,830.996548761352,827.7578041380755,896.5951596442446
826.7916762882221,826.7916762882221,828.4236801761865,827.4791755058541,896.5951596442446
833.0406381720294,833.0406381720294,829.336653276205,827.4454687691303,896.5951596442446
830.0977345236698,830.0977345236698,829.5173329667981,826.6798006270293,896.5951596442446
832.3384254039245,832.3384254039245,834.0015050762393,828.5767815673071,896.5951596442446
826.1238094615292,826.1238094615292,831.9306974781878,828.5573327670105,896.5951596442446
828.1056329371438,828.1056329371438,829.8115458679465,828.6663671460119,896.5951596442446
828.4895289836038,828.4895289836038,822.3739855457694,827.9963217434052,896.5951596442446
826.1659408309372,826.1659408309372,821.883525289302,828.6733827355467,896.5951596442446
830.2906035489301,830.2906035489301,821.4948035765123,828.2314462897792,896.5951596442446
824.0209027364319,824.0209027364319,825.7129642845745,828.758884068737,896.5951596442446
831.1043430386917,831.1043430386917,830.7970328377518,828.9889125027368,896.5951596442446
826.1374731264115,826.1374731264115,832.1385773219848,828.5196611850608,896.5951596442446
829.1834952475083,829.1834952475083,834.4559020104086,829.7835098214779,896.5951596442446
827.9361398130031,827.9361398130031,829.1708165617235,829.7239651050609,896.5951596442446
830.5611779909212,830.5611779909212,828.5686736389986,829.8819522970513,896.5951596442446
829.7647478693174,829.7647478693174,831.0658269280244,830.5432478314449,896.5951596442446
828.0172018416727,828.0172018416727,834.0475194758753,830.1852439830171,896.5951596442446
829.2405856802006,829.2405856802006,838.4749144696036,830.6473497311639,896.5951596442446
829.8393077916289,829.8393077916289,837.4218608222079,830.8311561870476,896.5951596442446
826.5073595759346,826.5073595759346,836.5216230018262,831.3178105729249,896.5951596442446
828.4020048074344,828.4020048074344,831.8518489276,831.4102881751106,896.5951596442446
831.1640058573087,831.1640058573087,832.3448991423227,830.9910692458158,896.5951596442446
827.3016652731708,827.3016652731708,837.5208602151021,832.575945518398,896.7862849683642
828.1387597768803,828.1387597768803,836.1923686601606,832.2488115848464,896.7862849683642
829.1918849991962,829.1918849991962,834.070422420197,831.4683871336902,896.7862849683642
829.0876828666525,829.0876828666525,827.5164057374066,830.7609476703896,896.7862849683642
832.24630688197,832.24630688197,832.2429138997547,831.2019994716586,896.7862849683642
830.6312114580169,830.6312114580169,828.259531850663,830.7677722737617,896.7862849683642
830.0647450688243,830.0647450688243,828.8145475178393,830.8828247525893,896.7862849683642
829.1997328898631,829.1997328898631,824.3496361854206,830.8016834218588,896.7862849683642
828.9785552858951,828.9785552858951,822.3234283529076,829.9039530207817,896.7862849683642
826.8147474353644,826.8147474353644,819.3179131409036,829.05351699,896.7862849683642
829.2988687562034,829.2988687562034,812.149065662743,828.2131410783845,896.7862849683642
828.7293128677165,828.7293128677165,817.7030859846203,828.7400836400818,896.7862849683642
827.5690477926499,827.5690477926499,820.4124255486338,828.6208697783379,896.7862849683642
829.4742773484224,829.4742773484224,823.2591203121995,828.2579370839277,896.7862849683642
829.6813915482765,829.6813915482765,823.1371406128101,828.7723140605646,896.7862849683642
827.5066886599404,827.5066886599404,823.9757104988206,828.6405554970358,896.7862849683642
829.2754737600854,829.2754737600854,828.0655245344981,829.7754119827323,896.7862849683642
823.7009744861738,823.7009744861738,828.6843059007675,829.253015626788,896.7862849683642
827.5188994172177,827.5188994172177,832.0733214649108,829.0938623518714,896.7862849683642
824.4875409697302,824.4875409697302,834.9905975674832,829.6257280897797,896.7862849683642
828.8507181177199,828.8507181177199,835.0306218528247,829.7347565415753,896.7862849683642
830.833244843954,830.833244843954,829.197726359275,829.2531005284037,896.7862849683642
826.9397006329759,826.9397006329759,825.6942298335404,828.1352897839116,896.7862849683642
829.4604650083763,829.4604650083763,827.215407959565,827.7736613610285,896.7862849683642
828.0098919922316,828.0098919922316,825.4338807945114,827.4470880657443,896.7862849683642
826.3619685586438,826.3619685586438,824.2911653421546,827.3769694901089,896.7862849683642
827.892271970827,827.892271970827,820.3473549324592,827.2288182767034,896.7862849683642
828.5270156961037,828.5270156961037,822.2210462714777,827.4979151288134,896.7862849683642
828.5608831312429,828.5608831312429,821.5374930347289,827.71662492358,896.7862849683642
828.433433759901,828.433433759901,824.5405726322424,828.6665119609872,896.7862849683642
830.1410564394465,830.1410564394465,825.3730206023076,828.9058940686773,896.7862849683642
828.3721545426316,828.3721545426316,827.4056927567639,827.9339380645087,896.7862849683642
830.7661964487932,830.7661964487932,825.9103163007534,826.9312135484247,896.7862849683642
829.0329477248574,829.0329477248574,822.6564008279945,826.342632353038,896.7862849683642
827.9080627768474,827.9080627768474,820.1120579099918,826.9947025385886,896.7862849683642
827.8808976845102,827.8808976845102,815.8596756570241,826.1721995636531,896.7862849683642
824.0599462258817,824.0599462258817,814.8653880119151,825.9029351637838,896.7862849683642
827.9489212364629,827.9489212364629,812.8280889667785,824.920940065254,896.7862849683642
827.6427375576012,827.6427375576012,811.6034307067155,823.8779044973725,896.7862849683642
826.5704192836585,826.5704192836585,811.7666834088016,824.5921331783507,896.7862849683642
825.6081001588439,825.6081001588439,808.8130937560946,823.7773324178145,896.7862849683642
827.7262744372325,827.7262744372325,810.6646466901846,824.2327040902009,896.7862849683642
824.0026152012122,824.0026152012122,817.9990439893343,824.8172876184917,896.7862849683642
829.7417265052821,829.7417265052821,821.9294862351126,824.5153642144558,896.7862849683642
827.970782192097,827.970782192097,825.2013690911466,825.2254724616429,896.7862849683642
825.7991042676683,825.7991042676683,831.1029650831267,824.6978096863579,896.7862849683642
824.863257283346,824.863257283346,833.83112677399,825.1847883541403,896.7862849683642
827.845387445226,827.845387445226,836.0527886883441,824.8271732025578,896.7862849683642
829.5139843512302,829.5139843512302,834.4854741768904,824.4046295472307,896.7862849683642
829.0454368752621,829.0454368752621,827.1102314255377,823.5451996349937,896.7862849683642
828.4149966876305,828.4149966876305,829.2024290487668,822.1136461845473,896.7862849683642
827.0755864883831,827.0755864883831,830.6557862582555,823.1253876098198,896.7862849683642
828.750085927442,828.750085927442,825.7316506594477,823.1495332663419,896.7862849683642
826.3212137079754,826.3212137079754,825.5725407676676,824.1265912205079,896.7862849683642
826.7159832077168,826.7159832077168,826.6214062126685,824.1011709242256,896.7862849683642
826.248962004637,826.248962004637,826.4346218069325,824.3328276776119,896.7862849683642
825.3372526734016,825.3372526734016,826.8491659653497,824.7917120436425,896.7862849683642
830.6157701492717,830.6157701492717,824.2810278500774,824.8134515354891,896.7862849683642
823.475882505197,823.475882505197,829.4353041827778,825.8270047132048,896.7862849683642
825.8680516647858,825.8680516647858,830.8689304700196,825.8554031008169,896.7862849683642
824.0285936395696,824.0285936395696,831.5432633106238,825.9924857141235,896.7862849683642
829.5131974283785,829.5131974283785,834.4161248578703,826.4679953844699,896.7862849683642
831.1238588144264,831.1238588144264,836.2821313902762,826.3234744346704,896.7862849683642
823.9895140220822,823.9895140220822,836.2983071692373,826.7344285919156,896.7862849683642
828.3552878196547,828.3552878196547,835.0663541106221,826.4870136237882,896.7862849683642
828.6989099956137,828.6989099956137,836.3801457550284,826.8137147288533,896.7862849683642
826.2414725383685,826.2414725383685,835.0507212760542,826.1887513919536,896.7862849683642
824.6380204959195,824.6380204959195,832.7350136874902,825.6235930928335,896.7862849683642
831.3442320284914,831.3442320284914,830.6740310855408,825.5471466373307,896.7862849683642
829.083869411658,829.083869411658,833.9121438363427,825.6397123545888,896.7862849683642
829.5706501262,829.5706501262,833.7575854718409,825.7378784379267,896.7862849683642
832.7308887801385,832.7308887801385,830.5001353540271,826.7284771834202,896.7862849683642
826.830731257789,826.830731257789,831.4800539241426,827.4806392527908,896.7862849683642
823.172218125629,823.172218125629,831.4746770425321,827.5862824085089,896.7862849683642
828.0867132055241,828.0867132055241,827.6502345235488,826.9302843695955,896.7862849683642
824.8249673625446,824.8249673625446,826.6329773335398,827.2820771271304,896.7862849683642
828.9256756509415,828.9256756509415,823.3445860947052,826.788197624403,896.7862849683642
825.790792696017,825.790792696017,821.0006025207592,825.3795043426898,896.7862849683642
828.9582401028473,828.9582401028473,822.7631860855943,825.7922852475037,896.7862849683642
826.6739004118076,826.6739004118076,823.970656576918,825.5257291435239,896.7862849683642
825.2423447795828,825.2423447795828,828.2347425526223,826.3102228279898,896.7862849683642
828.2406850694163,828.2406850694163,827.4459867621563,826.7365359844986,896.7862849683642
829.3668047576989,829.3668047576989,827.6366912543114,827.8259142435024,896.7862849683642
826.327191622251,826.327191622251,826.9639558104225,828.4477934049946,896.7862849683642
826.433361102043,826.433361102043,834.2767510797652,829.7632230035504,896.7862849683642
824.871858769618,824.871858769618,830.5588178902675,830.221905573779,896.7862849683642
828.1908438228834,828.1908438228834,832.2261016342478,830.2603403488694,896.7862849683642
825.5931240381299,825.5931240381299,837.8485502413885,830.3835965976119,896.7862849683642
829.0826629146123,829.0826629146123,835.4811468805516,830.567828482271,896.7862849683642
826.7970819505492,826.7970819505492,830.2386371474822,829.22011989126,896.7862849683642
831.5799034363854,831.5799034363854,823.1249492473074,829.1725939262323,896.7862849683642
825.557028635814,825.557028635814,824.1132301071002,829.426252667882,896.7862849683642
829.5680934360597,829.5680934360597,821.2814234990896,828.4823901454536,896.7862849683642
828.8343533530824,828.8343533530824,812.7862783250217,826.6191518229764,896.7862849683642
827.5408914170034,827.5408914170034,804.0448456189919,825.5319183091193,896.7862849683642
826.6630934675377,826.6630934675377,804.487273025655,824.8987671622848,896.7862849683642
826.4206809823814,826.4206809823814,804.097287673859,824.3135725288431,896.7862849683642
822.9658772102983,822.9658772102983,802.4693109814509,823.6669010562333,896.7862849683642
829.1998922061628,829.1998922061628,801.5465362875552,823.9800409044038,896.7862849683642
827.6500151739333,827.6500151739333,801.7650198646631,824.1510775790849,896.7862849683642
825.9715904084463,825.9715904084463,803.265376589498,823.9851834343784,896.7862849683642
831.121107543665,831.121107543665,800.1852130877646,823.3321380337838,896.7862849683642
831.7328461070334,831.7328461070334,805.3201247161489,824.4000849567939,896.7862849683642
825.1442620898914,825.1442620898914,814.804832975021,824.4656102644469,896.7862849683642
827.2980976542088,827.2980976542088,819.6067143559665,824.1289799377789,896.7862849683642
826.6784921607249,826.6784921607249,821.0273214288061,823.8173070866594,896.7862849683642
827.2957721285273,827.2957721285273,825.1941332258482,823.9825659809429,896.7862849683642
829.061581777676,829.061581777676,824.202434240452,823.6511823343081,896.7862849683642
827.941187287671,827.941187287671,829.2120734547946,823.9353947588074,896.7862849683642
825.4639961803539,825.4639961803539,829.1154580533064,823.8003830957424,896.7862849683642
830.6679341661667,830.6679341661667,828.5697490689065,823.390480586035,896.7862849683642
832.1772454331976,832.1772454331976,827.1361060781497,821.8761342778397,896.7862849683642
827.6757768305439,827.6757768305439,816.9941343897356,820.5424855566856,896.7862849683642
826.9815804963159,826.9815804963159,813.5293047001115,819.9118097706217,896.7862849683642
829.3594384527923,829.3594384527923,809.9371640352455,819.1031419227035,896.7862849683642
829.8733044828836,829.8733044828836,808.4265863881581,818.2265952132855,896.7862849683642
826.9873783023619,826.9873783023619,810.0969112111466,818.9918039679613,896.7862849683642
824.0741701936809,824.0741701936809,811.1265768624645,819.329494969303,896.7862849683642
831.139375663471,831.139375663471,807.0125422217559,819.2030969860504,896.7862849683642
828.0736762863262,828.0736762863262,808.1604747266435,818.6500492738028,896.7862849683642
824.2757789748181,824.2757789748181,813.9177655057257,819.4225165928119,896.7862849683642
825.4655583601858,825.4655583601858,819.3898376398462,819.6540747350034,896.7862849683642
830.2734363837409,830.2734363837409,824.0892765972283,819.0643300913027,896.7862849683642
828.4348678033502,828.4348678033502,825.2431969948641,818.6655137610883,896.7862849683642
829.9313658852351,829.9313658852351,828.3900141759643,819.2510978531869,896.7862849683642
824.5893642045884,824.5893642045884,832.3015275415233,819.3603052548821,896.7862849683642
826.0268873299706,826.0268873299706,827.9502433926898,819.9129354275581,896.7862849683642
828.872197759672,828.872197759672,827.741774615319,820.677729388215,896.7862849683642
829.2278807320013,829.2278807320013,829.3273336800423,820.51592650494,896.7862849683642
829.0100651590321,829.0100651590321,830.1084607635041,819.8776101111199,896.7862849683642
830.2699990668935,830.2699990668935,825.9230264596848,818.9601733742244,896.7862849683642
826.4406686788525,826.4406686788525,817.665181956092,817.6979137737907,896.7862849683642
827.4639445822653,827.4639445822653,818.9748654194029,817.331964924321,896.7862849683642
826.6014386425297,826.6014386425297,821.734701513602,817.619662901724,896.7862849683642
829.0012840283971,829.0012840283971,822.7495890170136,816.9456654406366,896.7862849683642
823.6087679409434,823.6087679409434,821.9362863634082,817.6357989495101,896.7862849683642
824.9138202746726,824.9138202746726,820.4608298628837,817.5598810732855,896.7862849683642
822.5655188793415,822.5655188793415,821.5094947386493,817.409918287667,896.7862849683642
825.6536782750238,825.6536782750238,818.1872845158731,817.0571540320042,896.7862849683642
827.2445163015125,827.2445163015125,819.7852500150257,817.7869326846284,896.7862849683642
829.8082440657367,829.8082440657367,819.4635849016479,818.2279005050925,896.7862849683642
824.2347291275499,824.2347291275499,821.9241842339497,817.2601045991605,896.7862849683642
828.2584077037109,828.2584077037109,820.6194964556814,817.1995795156395,896.7862849683642
827.207600925218,827.207600925218,820.0592633168683,819.0742599000934,896.7862849683642
827.7143901665595,827.7143901665595,819.8268429763644,820.1020649121109,896.7862849683642
823.7051951468536,823.7051951468536,819.5036802712973,820.6390803986386,896.7862849683642
828.6707137103538,828.6707137103538,824.7406728682097,821.6885581121555,896.7862849683642
826.4179409675754,826.4179409675754,827.0714391649497,822.3303439243668,896.7862849683642
825.8366339441071,825.8366339441071,831.1142073089438,822.9706882362822,896.7862849683642
827.9899096133548,827.9899096133548,830.9892316002886,823.6317750317536,896.7862849683642
830.9730116318898,830.9730116318898,829.2418455270351,823.4231942926,896.7862849683642
824.3966250746353,824.3966250746353,834.1497554719232,824.0530130759922,896.7862849683642
827.9697763511931,827.9697763511931,834.9115224969134,823.1178590717925,896.7862849683642
822.2801835486904,822.2801835486904,829.7288387145521,822.0590610479995,896.7862849683642
830.2316517933982,830.2316517933982,827.6566197822,821.7120459973574,896.7862849683642
832.3441669310828,832.3441669310828,826.0193184465339,821.637479802184,896.7862849683642
827.9844407987448,827.9844407987448,821.5039808536861,820.9505276377231,896.7862849683642
826.9645548819359,826.9645548819359,820.8394594106273,821.657748958402,896.7862849683642
826.86875987822,826.86875987822,820.1790970330267,821.1640929519283,896.7862849683642
823.3279969959823,823.3279969959823,817.8957215910782,821.387827739308,896.7862849683642
822.3797988477115,822.3797988477115,818.4979356709522,821.4088316130093,896.7862849683642
823.2306828788269,823.2306828788269,817.1458802200208,822.0549679043663,896.7862849683642
828.0062850575009,828.0062850575009,825.4025920110209,824.7995505960494,896.7862849683642
827.0871537130603,827.0871537130603,830.2884789929589,825.410895906569,896.7862849683642
828.454519719277,828.454519719277,829.3474418050039,825.5941015513091,896.7862849683642
828.6303492207281,828.6303492207281,829.7414250646361,825.9004475374796,896.7862849683642
828.6260722690162,828.6260722690162,826.8215956206202,824.2954645196178,896.7862849683642
823.487543172348,823.487543172348,830.7817010961251,825.588773805134,896.7862849683642
826.4765142183089,826.4765142183089,829.6483708400859,825.6912586755943,896.7862849683642
826.0809269087366,826.0809269087366,833.5549803945502,826.4667288728895,896.7862849683642
826.6430139341742,826.6430139341742,835.3205347275882,825.6893854573816,896.7862849683642
824.3600576305989,824.3600576305989,832.2135393480783,824.6197082460127,896.7862849683642
826.1514594184898,826.1514594184898,827.9308436261572,825.5678640018351,896.7862849683642
829.8114106762026,829.8114106762026,826.33212982782,825.6286824731603,896.7862849683642
826.5230692496646,826.5230692496646,833.2064553022686,826.5573897765701,896.7862849683642
829.2462341732087,829.2462341732087,833.9054117696784,826.2212243831108,896.7862849683642
822.3356746229215,822.3356746229215,837.5473031941556,826.2148764799111,896.7862849683642
828.8929600757084,828.8929600757084,831.2982862697739,826.3000761360252,896.7862849683642
826.2496246191815,826.2496246191815,834.2627601713482,826.6783439738555,896.7862849683642
826.6520254085212,826.6520254085212,830.4679732025883,826.5386313607062,896.7862849683642
828.7322821266316,828.7322821266316,831.2461377387069,826.7540077131862,896.7862849683642
822.7875728227255,822.7875728227255,833.6318197957595,827.8130358139464,896.7862849683642
824.4478247110233,824.4478247110233,828.8140134701678,827.5356936119881,896.7862849683642
824.7253743800123,824.7253743800123,830.0403658551811,827.2898153414762,896.7862849683642
826.7712192641472,826.7712192641472,827.2627537970651,827.4600227325805,896.7862849683642
828.0776772500441,828.0776772500441,823.8151861238105,826.5970043351912,896.7862849683642
826.6083783052927,826.6083783052927,822.7174179993024,826.6661941071948,896.7862849683642
832.542118033309,832.542118033309,825.5592034931913,827.1100178869336,896.7862849683642
831.3101355841795,831.3101355841795,825.9915882349189,828.2392047176647,896.7862849683642
828.8868674072971,828.8868674072971,827.1985506298345,828.021291483668,896.7862849683642
827.4484661515063,827.4484661515063,828.1201522810728,828.485321189071,896.7862849683642
825.9565212628572,825.9565212628572,827.380246345321,828.9042482362206,896.7862849683642
825.4121241129925,825.4121241129925,831.490523018149,829.7098989244815,896.7862849683642
828.6730902562786,828.6730902562786,830.5085952379792,829.3796817256982,896.7862849683642
825.7674572645486,825.7674572645486,827.4978559360986,828.9942253245271,896.7862849683642
821.5325178196831,821.5325178196831,830.649894036758,828.8262470882834,896.7862849683642
828.3725290125049,828.3725290125049,835.2938291364947,828.776825360852,896.7862849683642
830.670667087617,830.670667087617,830.2071293082657,827.7371559155966,896.7862849683642
829.6599097877277,829.6599097877277,830.5354821812356,828.123459692123,896.7862849683642
826.3574032656248,826.3574032656248,833.8724834951472,828.5979418626396,896.7862849683642
828.5693501364663,828.5693501364663,829.8507651482499,828.607105113314,896.7862849683642
826.8098820618081,826.8098820618081,828.8147411993566,827.8372453817074,896.7862849683642
826.7337993228243,826.7337993228243,826.8497287931954,828.097540183738,896.7862849683642
827.8335360185785,827.8335360185785,824.0877102454793,828.2514560318835,896.7862849683642
828.6957747248227,828.6957747248227,827.1867668749144,828.9002547430701,896.7862849683642
827.0752952316699,827.0752952316699,826.2203461919571,828.866452637368,896.7862849683642
829.1788943338178,829.1788943338178,825.7458581208139,829.6252008142775,896.7862849683642
824.896439805047,824.896439805047,831.3397862590091,829.8372212852731,896.7862849683642
824.6784583148841,824.6784583148841,828.8328443278613,829.8542091510902,896.7862849683642
827.8825819222463,827.8825819222463,830.2166296846779,831.0621234813598,896.7862849683642
Average Episodic Reward,Average Episodic N-Reward,Avg Reward (last 10),Avg Reward (last 50),Best Reward
806.9853616463909,806.9853616463909,796.0607269622549,796.0607269622549,796.0607269622549
807.7791612867951,807.7791612867951,782.5601554016486,782.5601554016486,796.0607269622549
810.1446495415913,810.1446495415913,793.5316640344095,793.5316640344095,815.4746812999313
801.6420611853291,801.6420611853291,797.4310952843634,797.4310952843634,815.4746812999313
808.0832690203667,808.0832690203667,797.9849744734807,797.9849744734807,815.4746812999313
802.9976098078877,802.9976098078877,800.2224866455703,800.2224866455703,815.4746812999313
806.6317782956124,806.6317782956124,799.4734893415737,799.4734893415737,815.4746812999313
801.66420579529,801.66420579529,797.2552805807011,797.2552805807011,815.4746812999313
808.8663984419552,808.8663984419552,795.3862328167709,795.3862328167709,815.4746812999313
804.984025121302,804.984025121302,791.6577839238662,791.6577839238662,815.4746812999313
805.5717272042696,805.5717272042696,793.5561156569438,793.7838075937902,815.4746812999313
807.0389295423379,807.0389295423379,795.468373420641,793.3170037508089,815.4746812999313
809.0312121405484,809.0312121405484,793.8576034279022,793.7823866447884,815.4746812999313
803.4907559489967,803.4907559489967,794.4527975147583,795.3037397346454,815.4746812999313
800.3715882517314,800.3715882517314,794.6689456493048,795.7742885906966,815.4746812999313
809.6492652573096,809.6492652573096,795.2720696780947,797.128476040898,817.441287793918
805.9327404457483,805.9327404457483,795.1226654660904,796.9141811795247,817.441287793918
808.2771456964481,808.2771456964481,796.2058208046434,796.6722473717803,817.441287793918
806.1657817801508,806.1657817801508,798.977045694169,797.2761343311909,817.441287793918
806.6980337218058,806.6980337218058,805.0380582217113,798.3479210727887,818.7118691631476
809.9930618559981,809.9930618559981,805.2958206765963,799.2657185856028,818.7118691631476
806.9399471243655,806.9399471243655,810.2103511421126,800.9957980195835,837.327466133177
809.1966991782233,809.1966991782233,814.4786691905267,802.780770360327,842.0501618566834
805.489968673374,805.489968673374,813.3799768900807,802.8355052160769,842.0501618566834
806.4293087930303,806.4293087930303,812.522784543087,802.4736869716528,842.0501618566834
824.4233198911061,824.4233198911061,813.7938354502616,803.5382296598839,842.0501618566834
833.7564517362699,833.7564517362699,817.45511478542,804.5219343668933,842.0501618566834
838.3496848051161,838.3496848051161,824.4586246022051,806.5959535255033,862.5944708079737
836.0320572010552,836.0320572010552,829.3949198213074,808.3515776036448,862.5944708079737
838.7009902541554,838.7009902541554,834.4916142907716,810.3958188121162,869.6788138577878
843.1071721352376,843.1071721352376,836.5093761839653,811.2798016818485,869.6788138577878
839.7254802744991,839.7254802744991,837.1376740143345,812.2901342679431,869.6788138577878
847.9173586397093,847.9173586397093,834.5326530999002,812.4025530086824,869.6788138577878
842.7960796621118,842.7960796621118,840.7129617432538,813.975933606423,869.6788138577878
837.0442424108769,837.0442424108769,844.9709942005109,814.6157747513266,869.6788138577878
843.7004054678771,843.7004054678771,847.8650467611815,815.8512344102445,869.6788138577878
841.4377503321339,841.4377503321339,847.7522008206519,816.2057901652065,869.6788138577878
844.9697373429465,844.9697373429465,848.3948665232149,817.5956674722696,869.6788138577878
844.9658941305757,844.9658941305757,848.0364377487624,818.5271827690597,869.6788138577878
844.2010264687422,844.2010264687422,842.6620341235177,818.4623726399666,869.6788138577878
848.6120991098546,848.6120991098546,845.176930006159,819.5473939560707,869.6788138577878
843.2403478414689,843.2403478414689,846.1527773249751,820.3526683291411,869.6788138577878
845.9917547915144,845.9917547915144,847.9259759238018,820.6638141517334,869.6788138577878
844.2059123742048,844.2059123742048,849.3429759824405,822.0138977827905,880.0674939182485
844.9615295510947,844.9615295510947,845.4730246017773,821.47294138476,880.0674939182485
847.6000060569829,847.6000060569829,844.5364267168063,822.0871457812361,880.0674939182485
845.3113309707935,845.3113309707935,845.8677968680228,822.5168554211248,880.0674939182485
846.5541195149084,846.5541195149084,843.028375849232,822.8941483841367,880.0674939182485
846.5325315272972,846.5325315272972,845.309012049943,823.9928622141377,880.0674939182485
845.9420232687183,845.9420232687183,847.2031109140431,824.2105202947818,880.0674939182485
842.8485862486659,842.8485862486659,846.9008572334624,825.4878199514253,880.0674939182485
846.6710367160273,846.6710367160273,848.6540374803997,827.5246426764927,880.0674939182485
Average Episodic Reward,Average Episodic N-Reward,Avg Reward (last 10),Avg Reward (last 50),Best Reward
806.9853616463909,806.9853616463909,796.0607269622549,796.0607269622549,796.0607269622549
807.7791612867951,807.7791612867951,782.5601554016486,782.5601554016486,796.0607269622549
810.1446495415913,810.1446495415913,793.5316640344095,793.5316640344095,815.4746812999313
801.6420611853291,801.6420611853291,797.4310952843634,797.4310952843634,815.4746812999313
808.0832690203667,808.0832690203667,797.9849744734807,797.9849744734807,815.4746812999313
802.9976098078877,802.9976098078877,800.2224866455703,800.2224866455703,815.4746812999313
806.6317782956124,806.6317782956124,799.4734893415737,799.4734893415737,815.4746812999313
801.66420579529,801.66420579529,797.2552805807011,797.2552805807011,815.4746812999313
808.8663984419552,808.8663984419552,795.3862328167709,795.3862328167709,815.4746812999313
804.984025121302,804.984025121302,791.6577839238662,791.6577839238662,815.4746812999313
805.5717272042696,805.5717272042696,793.5561156569438,793.7838075937902,815.4746812999313
807.0389295423379,807.0389295423379,795.468373420641,793.3170037508089,815.4746812999313
809.0312121405484,809.0312121405484,793.8576034279022,793.7823866447884,815.4746812999313
803.4907559489967,803.4907559489967,794.4527975147583,795.3037397346454,815.4746812999313
800.3715882517314,800.3715882517314,794.6689456493048,795.7742885906966,815.4746812999313
809.6492652573096,809.6492652573096,795.2720696780947,797.128476040898,817.441287793918
805.9327404457483,805.9327404457483,795.1226654660904,796.9141811795247,817.441287793918
808.2771456964481,808.2771456964481,796.2058208046434,796.6722473717803,817.441287793918
806.1657817801508,806.1657817801508,798.977045694169,797.2761343311909,817.441287793918
806.6980337218058,806.6980337218058,805.0380582217113,798.3479210727887,818.7118691631476
809.9930618559981,809.9930618559981,805.2958206765963,799.2657185856028,818.7118691631476
806.9399471243655,806.9399471243655,810.2103511421126,800.9957980195835,837.327466133177
809.1966991782233,809.1966991782233,814.4786691905267,802.780770360327,842.0501618566834
805.489968673374,805.489968673374,813.3799768900807,802.8355052160769,842.0501618566834
806.4293087930303,806.4293087930303,812.522784543087,802.4736869716528,842.0501618566834
824.4233198911061,824.4233198911061,813.7938354502616,803.5382296598839,842.0501618566834
833.7564517362699,833.7564517362699,817.45511478542,804.5219343668933,842.0501618566834
838.3496848051161,838.3496848051161,824.4586246022051,806.5959535255033,862.5944708079737
836.0320572010552,836.0320572010552,829.3949198213074,808.3515776036448,862.5944708079737
838.7009902541554,838.7009902541554,834.4916142907716,810.3958188121162,869.6788138577878
843.1071721352376,843.1071721352376,836.5093761839653,811.2798016818485,869.6788138577878
839.7254802744991,839.7254802744991,837.1376740143345,812.2901342679431,869.6788138577878
847.9173586397093,847.9173586397093,834.5326530999002,812.4025530086824,869.6788138577878
842.7960796621118,842.7960796621118,840.7129617432538,813.975933606423,869.6788138577878
837.0442424108769,837.0442424108769,844.9709942005109,814.6157747513266,869.6788138577878
843.7004054678771,843.7004054678771,847.8650467611815,815.8512344102445,869.6788138577878
841.4377503321339,841.4377503321339,847.7522008206519,816.2057901652065,869.6788138577878
844.9697373429465,844.9697373429465,848.3948665232149,817.5956674722696,869.6788138577878
844.9658941305757,844.9658941305757,848.0364377487624,818.5271827690597,869.6788138577878
844.2010264687422,844.2010264687422,842.6620341235177,818.4623726399666,869.6788138577878
848.6120991098546,848.6120991098546,845.176930006159,819.5473939560707,869.6788138577878
843.2403478414689,843.2403478414689,846.1527773249751,820.3526683291411,869.6788138577878
845.9917547915144,845.9917547915144,847.9259759238018,820.6638141517334,869.6788138577878
844.2059123742048,844.2059123742048,849.3429759824405,822.0138977827905,880.0674939182485
844.9615295510947,844.9615295510947,845.4730246017773,821.47294138476,880.0674939182485
847.6000060569829,847.6000060569829,844.5364267168063,822.0871457812361,880.0674939182485
845.3113309707935,845.3113309707935,845.8677968680228,822.5168554211248,880.0674939182485
846.5541195149084,846.5541195149084,843.028375849232,822.8941483841367,880.0674939182485
846.5325315272972,846.5325315272972,845.309012049943,823.9928622141377,880.0674939182485
845.9420232687183,845.9420232687183,847.2031109140431,824.2105202947818,880.0674939182485
842.8485862486659,842.8485862486659,846.9008572334624,825.4878199514253,880.0674939182485
846.6710367160273,846.6710367160273,848.6540374803997,827.5246426764927,880.0674939182485
843.7769696382472,843.7769696382472,847.2588685335443,827.6107540351348,880.0674939182485
846.2207130716681,846.2207130716681,845.5036008016663,828.6784625864399,880.0674939182485
848.3030800677216,848.3030800677216,850.0234572322397,829.5318412453838,880.0674939182485
844.3397011284029,844.3397011284029,850.9825628726064,830.48998829579,880.0674939182485
846.1308090344397,846.1308090344397,849.9346294878736,831.2264814856118,880.0674939182485
845.969753571124,845.969753571124,851.4075657532325,832.6990507065055,880.0674939182485
846.1009588766075,846.1009588766075,843.9851895084682,833.14052096453,880.0674939182485
845.9828760552132,845.9828760552132,847.2640650338999,835.3317765167885,880.0674939182485
848.7159220503625,848.7159220503625,844.3130038354818,835.6391975871328,880.0674939182485
848.2905745766781,848.2905745766781,841.8660725146303,836.8041824952904,880.0674939182485
849.0462747213592,849.0462747213592,845.8737780704784,838.0139889636504,880.0674939182485
847.6412108646833,847.6412108646833,843.7648404398653,838.5408711714613,880.0674939182485
848.3654054560668,848.3654054560668,845.3378018051274,839.6656124765484,880.0674939182485
849.3364617117055,849.3364617117055,843.1820426749842,840.0719828951679,880.0674939182485
851.3039227096712,851.3039227096712,846.362193501207,841.474387092635,880.0674939182485
Average Episodic Reward,Average Episodic N-Reward,Avg Reward (last 10),Avg Reward (last 50),Best Reward
806.9853616463909,806.9853616463909,796.0607269622549,796.0607269622549,796.0607269622549
807.7791612867951,807.7791612867951,782.5601554016486,782.5601554016486,796.0607269622549
810.1446495415913,810.1446495415913,793.5316640344095,793.5316640344095,815.4746812999313
801.6420611853291,801.6420611853291,797.4310952843634,797.4310952843634,815.4746812999313
808.0832690203667,808.0832690203667,797.9849744734807,797.9849744734807,815.4746812999313
802.9976098078877,802.9976098078877,800.2224866455703,800.2224866455703,815.4746812999313
806.6317782956124,806.6317782956124,799.4734893415737,799.4734893415737,815.4746812999313
801.66420579529,801.66420579529,797.2552805807011,797.2552805807011,815.4746812999313
808.8663984419552,808.8663984419552,795.3862328167709,795.3862328167709,815.4746812999313
804.984025121302,804.984025121302,791.6577839238662,791.6577839238662,815.4746812999313
805.5717272042696,805.5717272042696,793.5561156569438,793.7838075937902,815.4746812999313
807.0389295423379,807.0389295423379,795.468373420641,793.3170037508089,815.4746812999313
809.0312121405484,809.0312121405484,793.8576034279022,793.7823866447884,815.4746812999313
803.4907559489967,803.4907559489967,794.4527975147583,795.3037397346454,815.4746812999313
800.3715882517314,800.3715882517314,794.6689456493048,795.7742885906966,815.4746812999313
809.6492652573096,809.6492652573096,795.2720696780947,797.128476040898,817.441287793918
805.9327404457483,805.9327404457483,795.1226654660904,796.9141811795247,817.441287793918
808.2771456964481,808.2771456964481,796.2058208046434,796.6722473717803,817.441287793918
806.1657817801508,806.1657817801508,798.977045694169,797.2761343311909,817.441287793918
806.6980337218058,806.6980337218058,805.0380582217113,798.3479210727887,818.7118691631476
809.9930618559981,809.9930618559981,805.2958206765963,799.2657185856028,818.7118691631476
806.9399471243655,806.9399471243655,810.2103511421126,800.9957980195835,837.327466133177
809.1966991782233,809.1966991782233,814.4786691905267,802.780770360327,842.0501618566834
805.489968673374,805.489968673374,813.3799768900807,802.8355052160769,842.0501618566834
806.4293087930303,806.4293087930303,812.522784543087,802.4736869716528,842.0501618566834
824.4233198911061,824.4233198911061,813.7938354502616,803.5382296598839,842.0501618566834
833.7564517362699,833.7564517362699,817.45511478542,804.5219343668933,842.0501618566834
838.3496848051161,838.3496848051161,824.4586246022051,806.5959535255033,862.5944708079737
836.0320572010552,836.0320572010552,829.3949198213074,808.3515776036448,862.5944708079737
838.7009902541554,838.7009902541554,834.4916142907716,810.3958188121162,869.6788138577878
843.1071721352376,843.1071721352376,836.5093761839653,811.2798016818485,869.6788138577878
839.7254802744991,839.7254802744991,837.1376740143345,812.2901342679431,869.6788138577878
847.9173586397093,847.9173586397093,834.5326530999002,812.4025530086824,869.6788138577878
842.7960796621118,842.7960796621118,840.7129617432538,813.975933606423,869.6788138577878
837.0442424108769,837.0442424108769,844.9709942005109,814.6157747513266,869.6788138577878
843.7004054678771,843.7004054678771,847.8650467611815,815.8512344102445,869.6788138577878
841.4377503321339,841.4377503321339,847.7522008206519,816.2057901652065,869.6788138577878
844.9697373429465,844.9697373429465,848.3948665232149,817.5956674722696,869.6788138577878
844.9658941305757,844.9658941305757,848.0364377487624,818.5271827690597,869.6788138577878
844.2010264687422,844.2010264687422,842.6620341235177,818.4623726399666,869.6788138577878
848.6120991098546,848.6120991098546,845.176930006159,819.5473939560707,869.6788138577878
843.2403478414689,843.2403478414689,846.1527773249751,820.3526683291411,869.6788138577878
845.9917547915144,845.9917547915144,847.9259759238018,820.6638141517334,869.6788138577878
844.2059123742048,844.2059123742048,849.3429759824405,822.0138977827905,880.0674939182485
844.9615295510947,844.9615295510947,845.4730246017773,821.47294138476,880.0674939182485
847.6000060569829,847.6000060569829,844.5364267168063,822.0871457812361,880.0674939182485
845.3113309707935,845.3113309707935,845.8677968680228,822.5168554211248,880.0674939182485
846.5541195149084,846.5541195149084,843.028375849232,822.8941483841367,880.0674939182485
846.5325315272972,846.5325315272972,845.309012049943,823.9928622141377,880.0674939182485
845.9420232687183,845.9420232687183,847.2031109140431,824.2105202947818,880.0674939182485
842.8485862486659,842.8485862486659,846.9008572334624,825.4878199514253,880.0674939182485
846.6710367160273,846.6710367160273,848.6540374803997,827.5246426764927,880.0674939182485
843.7769696382472,843.7769696382472,847.2588685335443,827.6107540351348,880.0674939182485
846.2207130716681,846.2207130716681,845.5036008016663,828.6784625864399,880.0674939182485
848.3030800677216,848.3030800677216,850.0234572322397,829.5318412453838,880.0674939182485
844.3397011284029,844.3397011284029,850.9825628726064,830.48998829579,880.0674939182485
846.1308090344397,846.1308090344397,849.9346294878736,831.2264814856118,880.0674939182485
845.969753571124,845.969753571124,851.4075657532325,832.6990507065055,880.0674939182485
846.1009588766075,846.1009588766075,843.9851895084682,833.14052096453,880.0674939182485
845.9828760552132,845.9828760552132,847.2640650338999,835.3317765167885,880.0674939182485
848.7159220503625,848.7159220503625,844.3130038354818,835.6391975871328,880.0674939182485
848.2905745766781,848.2905745766781,841.8660725146303,836.8041824952904,880.0674939182485
849.0462747213592,849.0462747213592,845.8737780704784,838.0139889636504,880.0674939182485
847.6412108646833,847.6412108646833,843.7648404398653,838.5408711714613,880.0674939182485
848.3654054560668,848.3654054560668,845.3378018051274,839.6656124765484,880.0674939182485
849.3364617117055,849.3364617117055,843.1820426749842,840.0719828951679,880.0674939182485
851.3039227096712,851.3039227096712,846.362193501207,841.474387092635,880.0674939182485
849.6547240907812,849.6547240907812,849.2582929042339,843.3095451264236,884.3172743295513
849.7613648720691,849.7613648720691,854.4640402821667,844.2379198821295,884.3172743295513
848.1080400993077,848.1080400993077,847.7305270084904,843.8702702741444,884.3172743295513
848.2601285939284,848.2601285939284,852.6091511260099,845.1018636770157,884.3172743295513
849.452457310397,849.452457310397,851.3946577077235,845.0410438084126,884.3172743295513
848.7907272507869,848.7907272507869,845.7425718367965,844.2667694929042,884.3172743295513
849.9103029453377,849.9103029453377,844.3944116620081,844.743758125847,884.3172743295513
847.9146717079462,847.9146717079462,844.9751052651511,846.1560766209612,884.3172743295513
847.674090194915,847.674090194915,848.6632084878017,847.0458575026761,884.3172743295513
848.962828203714,848.962828203714,848.3542358154233,847.6542112986358,884.3172743295513
848.9654773912984,848.9654773912984,845.2439933568318,847.4666188773491,884.3172743295513
847.3100227615427,847.3100227615427,844.4726748696705,847.2534708918023,884.3172743295513
848.3330276039322,848.3330276039322,850.0533153284229,846.9826104816748,884.3172743295513
851.2460374020283,851.2460374020283,846.0152345116624,847.0030353425551,884.3172743295513
851.2339848861574,851.2339848861574,848.2993798851464,847.2733849825751,884.3172743295513
852.03735569807,852.03735569807,856.8146117693034,848.7231612267849,888.4887649228355
851.5526300189503,851.5526300189503,857.5026114543423,848.1016880680644,888.4887649228355
849.9078819953294,849.9078819953294,853.8104429340871,847.9239663676765,888.4887649228355
848.7061035403291,848.7061035403291,852.1025403943992,847.8933562293196,888.4887649228355
850.5949958743249,850.5949958743249,852.7336448172324,848.6505000979519,888.4887649228355
849.4948441282402,849.4948441282402,852.2299264955373,848.2336308718135,888.4887649228355
847.6956237539795,847.6956237539795,852.7944771670329,848.2050787754564,888.4887649228355
852.2850956864954,852.2850956864954,849.8032463302209,848.4108529230155,888.4887649228355
855.1803956888045,855.1803956888045,846.8486273745239,847.337374816228,888.4887649228355
848.6498824751808,848.6498824751808,847.0120529363655,847.4452401048532,888.4887649228355
847.3420971821428,847.3420971821428,841.8723462096181,847.5124352839481,888.4887649228355
849.3590631153113,849.3590631153113,841.395929883384,846.5122788482533,888.4887649228355
848.4341548502475,848.4341548502475,845.1919061809158,847.8677426835042,888.4887649228355
845.7110127518636,845.7110127518636,845.4338670705207,848.0728443000625,888.4887649228355
852.0592687501216,852.0592687501216,846.9196605997388,848.8608728442948,888.4887649228355
850.2887016917396,850.2887016917396,844.7283008135585,848.5736158646787,888.4887649228355
850.7286840748426,850.7286840748426,843.7328928096774,847.8898549274031,888.4887649228355
850.3829788345872,850.3829788345872,849.0643054291779,848.7830918260423,888.4887649228355
845.6685719048405,845.6685719048405,854.4936617482351,848.8559357191828,888.4887649228355
848.086013203547,848.086013203547,856.1443066138785,848.9432939315489,888.4887649228355
851.6553890169542,851.6553890169542,858.8222994270724,849.8251214626538,888.4887649228355
853.197824904101,853.197824904101,858.102167731797,849.0319922342794,888.4887649228355
847.4895062297506,847.4895062297506,857.0952388109775,849.2820989992517,888.4887649228355
851.3725934725559,851.3725934725559,858.2921750966483,849.5347667448707,888.4887649228355
857.4145130838765,857.4145130838765,854.7350545603346,849.8209578587871,888.4887649228355
853.3475108013226,853.3475108013226,854.3753497681786,849.167172667668,888.4887649228355
851.1311185321642,851.1311185321642,854.708776871634,850.0345724000363,888.4887649228355
851.285233565917,851.285233565917,849.382880751089,849.2068549694802,888.4887649228355
852.3513760044344,852.3513760044344,847.6337296542772,849.5200808829417,888.4887649228355
848.1590316080418,848.1590316080418,846.5217736410857,849.8744341568398,888.4887649228355
847.1213649970974,847.1213649970974,844.8085467354598,849.6120751956499,888.4887649228355
851.4811689619294,851.4811689619294,849.1373980327098,850.1065037528482,888.4887649228355
850.6253115661731,850.6253115661731,853.2594377545572,850.8664261891377,896.5951596442446
852.2436874568807,852.2436874568807,853.5007048707042,851.5984991840148,896.5951596442446
851.5600217177644,851.5600217177644,851.7310567828747,850.8947305151206,896.5951596442446
852.4083173863277,852.4083173863277,853.5264156264287,850.020797212107,896.5951596442446
851.7891885951924,851.7891885951924,857.5172439458038,850.6452131327636,896.5951596442446
849.6360643987298,849.6360643987298,857.9397308970329,851.2486957471888,896.5951596442446
851.3004140637894,851.3004140637894,860.1246146737851,851.0231735924966,896.5951596442446
853.4848009106241,853.4848009106241,854.5768168629198,850.5108659878792,896.5951596442446
850.5312969304961,850.5312969304961,853.7739569035906,851.2183522090089,896.5951596442446
847.6172514425978,847.6172514425978,850.8878540530322,851.4051922310532,896.5951596442446
852.5914801177879,852.5914801177879,846.9242058918304,851.2562463144736,896.5951596442446
851.4558761878206,851.4558761878206,843.3942321872,850.5447039238948,896.5951596442446
848.9957483758061,848.9957483758061,847.7636938643769,850.7766221249116,896.5951596442446
856.0512715290181,856.0512715290181,846.457323748298,850.2634632904003,896.5951596442446
850.2482745207387,850.2482745207387,838.208681980793,849.3924145549882,896.5951596442446
848.3633070720715,848.3633070720715,840.6503516500225,849.3681030115085,896.5951596442446
854.3373319314086,854.3373319314086,840.3948253438888,849.899091758942,896.5951596442446
849.9675179463329,849.9675179463329,843.1497388919549,849.480937789241,896.5951596442446
848.4991838322981,848.4991838322981,844.571503091076,848.7697304733633,896.5951596442446
847.1172762760841,847.1172762760841,847.0579563943229,849.3162612190492,896.5951596442446
852.7123505520937,852.7123505520937,848.5153712897569,850.1972319856075,896.5951596442446
851.845544584687,851.845544584687,852.3369881380626,850.5915934726273,896.5951596442446
850.3858179567194,850.3858179567194,847.2307938772908,849.6760519369232,896.5951596442446
850.639019592942,850.639019592942,849.5202482638185,849.7215276440567,896.5951596442446
850.8657965259283,850.8657965259283,854.8137518762062,849.7962694968229,896.5951596442446
848.5693742104924,848.5693742104924,851.9419977079372,849.7958532870518,896.5951596442446
849.876982316974,849.876982316974,849.3647987701506,850.4023260380674,896.5951596442446
850.371709141863,850.371709141863,853.1880866169735,850.7161445253624,896.5951596442446
845.9766276695784,845.9766276695784,853.0425732155167,851.0037758745431,896.5951596442446
847.7364302577553,847.7364302577553,853.517893837559,851.7406540098841,896.5951596442446
851.0996049475324,851.0996049475324,846.0363665833383,850.366124066092,896.5951596442446
849.091529003344,849.091529003344,841.8630902177672,849.8774381020766,896.5951596442446
854.3918071220719,854.3918071220719,841.1529442149956,848.5227086599745,896.5951596442446
852.7750179823273,852.7750179823273,838.670412616654,848.5099500046756,896.5951596442446
853.0209077726284,853.0209077726284,838.7870084015615,848.8070926151996,896.5951596442446
850.1969718559616,850.1969718559616,842.8522116810161,848.5534345374195,896.5951596442446
851.3185935759948,851.3185935759948,843.8657886455816,848.2767514175367,896.5951596442446
849.8245985554203,849.8245985554203,842.3352954365153,847.95434228989,896.5951596442446
851.485734543085,851.485734543085,839.7638917762628,847.1920943443812,896.5951596442446
849.9327530285044,849.9327530285044,840.6862127180441,848.2574630071337,896.5951596442446
850.4650770395732,850.4650770395732,844.8159208506144,847.9102604740193,896.5951596442446
850.0587714680703,850.0587714680703,847.3371134741974,847.6864257775861,896.5951596442446
854.2168116120553,854.2168116120553,854.0943295619712,848.3945636603016,896.5951596442446
855.0451173728413,855.0451173728413,855.7647701773076,848.7878340865012,896.5951596442446
851.8654135751297,851.8654135751297,855.0831199141251,848.8819612236978,896.5951596442446
850.4863489241837,850.4863489241837,855.5781876032955,849.7924959078608,896.5951596442446
849.7437892346774,849.7437892346774,855.90552308184,849.9311101030491,896.5951596442446
848.1790514917172,848.1790514917172,857.9118105058109,850.2323496628347,896.5951596442446
846.8283199573518,846.8283199573518,859.8992961095652,850.2102442192023,896.5951596442446
853.0249752679437,853.0249752679437,856.100347035847,849.650052807761,896.5951596442446
849.1593450753071,849.1593450753071,858.8680405203526,849.0319810271784,896.5951596442446
850.2145158257545,850.2145158257545,854.671850758248,847.9206549550951,896.5951596442446
850.5423712041147,850.5423712041147,851.5097718361297,848.3503066709527,896.5951596442446
852.5822700630551,852.5822700630551,850.3108905385021,848.144729068916,896.5951596442446
846.9298804150135,846.9298804150135,844.7955473263704,846.3376218998112,896.5951596442446
846.8107172503428,846.8107172503428,842.6308314943532,846.7307160273248,896.5951596442446
847.7935528338459,847.7935528338459,841.2978775393719,846.1657626761667,896.5951596442446
853.9852249765992,853.9852249765992,839.6404819945823,847.2450826891675,896.5951596442446
852.5181073544597,852.5181073544597,838.0070251897171,847.0568578764276,896.5951596442446
851.570770266182,851.570770266182,840.9047549466441,847.6534329864835,896.5951596442446
847.1934524541116,847.1934524541116,838.3877827144536,847.3246963917031,896.5951596442446
849.9838231372719,849.9838231372719,840.8606638418881,847.4139412860328,896.5951596442446
850.4909502047775,850.4909502047775,839.575593251029,846.7126865482834,896.5951596442446
847.7000054917564,847.7000054917564,841.4366461052712,847.1405935403108,896.5951596442446
851.4246089905457,851.4246089905457,847.6940090101125,848.2346873056752,896.5951596442446
847.464735171123,847.464735171123,851.6234830341393,848.9253423041482,896.5951596442446
850.2932754356721,850.2932754356721,853.6791732395532,848.8226322552996,896.5951596442446
849.804566637773,849.804566637773,853.4085644823444,849.2968478072454,896.5951596442446
848.8087355417483,848.8087355417483,855.1475215476946,849.1720615677514,896.5951596442446
847.8757409450556,847.8757409450556,856.9038751238244,849.6226167323836,896.5951596442446
850.7339432159009,850.7339432159009,859.4990262615653,849.5214273860647,896.5951596442446
847.0912008315789,847.0912008315789,857.6199263955732,848.4705289375349,896.5951596442446
849.4453309230486,849.4453309230486,857.6696929007688,848.800466352979,896.5951596442446
841.9074984440474,841.9074984440474,857.5845676854008,848.7534574246273,896.5951596442446
846.6934511693511,846.6934511693511,856.4548667682478,848.5629102840835,896.5951596442446
847.015244680014,847.015244680014,855.8975225887476,849.7164472803104,896.5951596442446
844.2999939515925,844.2999939515925,856.3093184701135,850.211536195292,896.5951596442446
848.0804113131314,848.0804113131314,854.7668084595332,849.6125921757572,896.5951596442446
850.1471038987221,850.1471038987221,855.1135135490237,849.5862496344529,896.5951596442446
845.5735228887338,845.5735228887338,854.911456483633,849.9013292615986,896.5951596442446
852.0967157650671,852.0967157650671,851.316945998311,850.5775432690592,896.5951596442446
847.4887816117764,847.4887816117764,855.5925221822345,851.2164153304283,896.5951596442446
849.8577535776235,849.8577535776235,853.1482490956205,851.1995273291041,896.5951596442446
848.5637654036154,848.5637654036154,854.094639486507,851.8383027985977,896.5951596442446
843.9597916739248,843.9597916739248,853.5215557585968,851.5098197554906,896.5951596442446
850.2410448845804,850.2410448845804,850.3684683606665,851.2196986162405,896.5951596442446
849.0321183936252,849.0321183936252,848.7421570543709,851.1868098770498,896.5951596442446
847.1557330575838,847.1557330575838,847.1068364137227,850.5669003711987,896.5951596442446
846.5414183696687,846.5414183696687,846.0563331472815,850.8447379086564,896.5951596442446
848.2706750230523,848.2706750230523,840.8297525609305,849.9300372301758,896.5951596442446
845.5777370000224,845.5777370000224,842.3518154231402,850.0847221835646,896.5951596442446
848.9162635222522,848.9162635222522,839.2563001804976,849.6002526716884,896.5951596442446
848.8984636810611,848.8984636810611,840.5125459675234,848.4831706102144,896.5951596442446
845.8222472629325,845.8222472629325,841.6289935997887,849.011147483094,896.5951596442446
845.0620754162359,845.0620754162359,844.0160599761024,849.296407767886,896.5951596442446
843.6821244649041,843.6821244649041,843.6037745766365,848.8248160109085,896.5951596442446
846.2129357741125,846.2129357741125,842.7233432064943,848.550373901981,896.5951596442446
846.9707299110414,846.9707299110414,842.2179947896769,847.4281372279719,896.5951596442446
848.430321736107,848.430321736107,843.7255319048811,847.6099850677195,896.5951596442446
847.2901140766437,847.2901140766437,845.6066492567927,847.831297674365,896.5951596442446
845.8295360121326,845.8295360121326,843.6696641492432,847.0450469093425,896.5951596442446
840.2342591615301,840.2342591615301,846.3079558250059,847.9274736850399,896.5951596442446
846.9412010683242,846.9412010683242,846.3050290721382,847.4422220574161,896.5951596442446
844.5863577333687,844.5863577333687,844.3777012073749,847.8245096168686,896.5951596442446
846.3909667854355,846.3909667854355,845.8845632289294,849.5142109483978,896.5951596442446
846.6424506108264,846.6424506108264,847.2098515568168,849.7406200234016,896.5951596442446
844.2223621602845,844.2223621602845,849.4821916461773,850.1872367233418,896.5951596442446
844.9853739606665,844.9853739606665,850.4092033678168,849.5818815026188,896.5951596442446
845.0981116773291,845.0981116773291,852.1962865125212,850.4478373322803,896.5951596442446
846.6934067539349,846.6934067539349,848.1565496230348,849.281656609643,896.5951596442446
847.7599986572546,847.7599986572546,849.0525207204812,849.1779945105482,896.5951596442446
844.7994500412184,844.7994500412184,850.1129861965186,849.7779381559661,896.5951596442446
846.0717008056189,846.0717008056189,851.9561822502594,849.9183398572621,896.5951596442446
845.1203592423914,845.1203592423914,850.242445055586,849.5856694069315,896.5951596442446
848.7285524619285,848.7285524619285,848.2742517215218,849.6302594906796,896.5951596442446
Average Episodic Reward,Average Episodic N-Reward,Avg Reward (last 10),Avg Reward (last 50),Best Reward
806.9853616463909,806.9853616463909,796.0607269622549,796.0607269622549,796.0607269622549
807.7791612867951,807.7791612867951,782.5601554016486,782.5601554016486,796.0607269622549
810.1446495415913,810.1446495415913,793.5316640344095,793.5316640344095,815.4746812999313
801.6420611853291,801.6420611853291,797.4310952843634,797.4310952843634,815.4746812999313
808.0832690203667,808.0832690203667,797.9849744734807,797.9849744734807,815.4746812999313
802.9976098078877,802.9976098078877,800.2224866455703,800.2224866455703,815.4746812999313
806.6317782956124,806.6317782956124,799.4734893415737,799.4734893415737,815.4746812999313
801.66420579529,801.66420579529,797.2552805807011,797.2552805807011,815.4746812999313
808.8663984419552,808.8663984419552,795.3862328167709,795.3862328167709,815.4746812999313
804.984025121302,804.984025121302,791.6577839238662,791.6577839238662,815.4746812999313
805.5717272042696,805.5717272042696,793.5561156569438,793.7838075937902,815.4746812999313
807.0389295423379,807.0389295423379,795.468373420641,793.3170037508089,815.4746812999313
809.0312121405484,809.0312121405484,793.8576034279022,793.7823866447884,815.4746812999313
803.4907559489967,803.4907559489967,794.4527975147583,795.3037397346454,815.4746812999313
800.3715882517314,800.3715882517314,794.6689456493048,795.7742885906966,815.4746812999313
809.6492652573096,809.6492652573096,795.2720696780947,797.128476040898,817.441287793918
805.9327404457483,805.9327404457483,795.1226654660904,796.9141811795247,817.441287793918
808.2771456964481,808.2771456964481,796.2058208046434,796.6722473717803,817.441287793918
806.1657817801508,806.1657817801508,798.977045694169,797.2761343311909,817.441287793918
806.6980337218058,806.6980337218058,805.0380582217113,798.3479210727887,818.7118691631476
809.9930618559981,809.9930618559981,805.2958206765963,799.2657185856028,818.7118691631476
806.9399471243655,806.9399471243655,810.2103511421126,800.9957980195835,837.327466133177
809.1966991782233,809.1966991782233,814.4786691905267,802.780770360327,842.0501618566834
805.489968673374,805.489968673374,813.3799768900807,802.8355052160769,842.0501618566834
806.4293087930303,806.4293087930303,812.522784543087,802.4736869716528,842.0501618566834
824.4233198911061,824.4233198911061,813.7938354502616,803.5382296598839,842.0501618566834
833.7564517362699,833.7564517362699,817.45511478542,804.5219343668933,842.0501618566834
838.3496848051161,838.3496848051161,824.4586246022051,806.5959535255033,862.5944708079737
836.0320572010552,836.0320572010552,829.3949198213074,808.3515776036448,862.5944708079737
838.7009902541554,838.7009902541554,834.4916142907716,810.3958188121162,869.6788138577878
843.1071721352376,843.1071721352376,836.5093761839653,811.2798016818485,869.6788138577878
839.7254802744991,839.7254802744991,837.1376740143345,812.2901342679431,869.6788138577878
847.9173586397093,847.9173586397093,834.5326530999002,812.4025530086824,869.6788138577878
842.7960796621118,842.7960796621118,840.7129617432538,813.975933606423,869.6788138577878
837.0442424108769,837.0442424108769,844.9709942005109,814.6157747513266,869.6788138577878
843.7004054678771,843.7004054678771,847.8650467611815,815.8512344102445,869.6788138577878
841.4377503321339,841.4377503321339,847.7522008206519,816.2057901652065,869.6788138577878
844.9697373429465,844.9697373429465,848.3948665232149,817.5956674722696,869.6788138577878
844.9658941305757,844.9658941305757,848.0364377487624,818.5271827690597,869.6788138577878
844.2010264687422,844.2010264687422,842.6620341235177,818.4623726399666,869.6788138577878
848.6120991098546,848.6120991098546,845.176930006159,819.5473939560707,869.6788138577878
843.2403478414689,843.2403478414689,846.1527773249751,820.3526683291411,869.6788138577878
845.9917547915144,845.9917547915144,847.9259759238018,820.6638141517334,869.6788138577878
844.2059123742048,844.2059123742048,849.3429759824405,822.0138977827905,880.0674939182485
844.9615295510947,844.9615295510947,845.4730246017773,821.47294138476,880.0674939182485
847.6000060569829,847.6000060569829,844.5364267168063,822.0871457812361,880.0674939182485
845.3113309707935,845.3113309707935,845.8677968680228,822.5168554211248,880.0674939182485
846.5541195149084,846.5541195149084,843.028375849232,822.8941483841367,880.0674939182485
846.5325315272972,846.5325315272972,845.309012049943,823.9928622141377,880.0674939182485
845.9420232687183,845.9420232687183,847.2031109140431,824.2105202947818,880.0674939182485
842.8485862486659,842.8485862486659,846.9008572334624,825.4878199514253,880.0674939182485
846.6710367160273,846.6710367160273,848.6540374803997,827.5246426764927,880.0674939182485
843.7769696382472,843.7769696382472,847.2588685335443,827.6107540351348,880.0674939182485
846.2207130716681,846.2207130716681,845.5036008016663,828.6784625864399,880.0674939182485
848.3030800677216,848.3030800677216,850.0234572322397,829.5318412453838,880.0674939182485
844.3397011284029,844.3397011284029,850.9825628726064,830.48998829579,880.0674939182485
846.1308090344397,846.1308090344397,849.9346294878736,831.2264814856118,880.0674939182485
845.969753571124,845.969753571124,851.4075657532325,832.6990507065055,880.0674939182485
846.1009588766075,846.1009588766075,843.9851895084682,833.14052096453,880.0674939182485
845.9828760552132,845.9828760552132,847.2640650338999,835.3317765167885,880.0674939182485
848.7159220503625,848.7159220503625,844.3130038354818,835.6391975871328,880.0674939182485
848.2905745766781,848.2905745766781,841.8660725146303,836.8041824952904,880.0674939182485
849.0462747213592,849.0462747213592,845.8737780704784,838.0139889636504,880.0674939182485
847.6412108646833,847.6412108646833,843.7648404398653,838.5408711714613,880.0674939182485
848.3654054560668,848.3654054560668,845.3378018051274,839.6656124765484,880.0674939182485
849.3364617117055,849.3364617117055,843.1820426749842,840.0719828951679,880.0674939182485
851.3039227096712,851.3039227096712,846.362193501207,841.474387092635,880.0674939182485
849.6547240907812,849.6547240907812,849.2582929042339,843.3095451264236,884.3172743295513
849.7613648720691,849.7613648720691,854.4640402821667,844.2379198821295,884.3172743295513
848.1080400993077,848.1080400993077,847.7305270084904,843.8702702741444,884.3172743295513
848.2601285939284,848.2601285939284,852.6091511260099,845.1018636770157,884.3172743295513
849.452457310397,849.452457310397,851.3946577077235,845.0410438084126,884.3172743295513
848.7907272507869,848.7907272507869,845.7425718367965,844.2667694929042,884.3172743295513
849.9103029453377,849.9103029453377,844.3944116620081,844.743758125847,884.3172743295513
847.9146717079462,847.9146717079462,844.9751052651511,846.1560766209612,884.3172743295513
847.674090194915,847.674090194915,848.6632084878017,847.0458575026761,884.3172743295513
848.962828203714,848.962828203714,848.3542358154233,847.6542112986358,884.3172743295513
848.9654773912984,848.9654773912984,845.2439933568318,847.4666188773491,884.3172743295513
847.3100227615427,847.3100227615427,844.4726748696705,847.2534708918023,884.3172743295513
848.3330276039322,848.3330276039322,850.0533153284229,846.9826104816748,884.3172743295513
851.2460374020283,851.2460374020283,846.0152345116624,847.0030353425551,884.3172743295513
851.2339848861574,851.2339848861574,848.2993798851464,847.2733849825751,884.3172743295513
852.03735569807,852.03735569807,856.8146117693034,848.7231612267849,888.4887649228355
851.5526300189503,851.5526300189503,857.5026114543423,848.1016880680644,888.4887649228355
849.9078819953294,849.9078819953294,853.8104429340871,847.9239663676765,888.4887649228355
848.7061035403291,848.7061035403291,852.1025403943992,847.8933562293196,888.4887649228355
850.5949958743249,850.5949958743249,852.7336448172324,848.6505000979519,888.4887649228355
849.4948441282402,849.4948441282402,852.2299264955373,848.2336308718135,888.4887649228355
847.6956237539795,847.6956237539795,852.7944771670329,848.2050787754564,888.4887649228355
852.2850956864954,852.2850956864954,849.8032463302209,848.4108529230155,888.4887649228355
855.1803956888045,855.1803956888045,846.8486273745239,847.337374816228,888.4887649228355
848.6498824751808,848.6498824751808,847.0120529363655,847.4452401048532,888.4887649228355
847.3420971821428,847.3420971821428,841.8723462096181,847.5124352839481,888.4887649228355
849.3590631153113,849.3590631153113,841.395929883384,846.5122788482533,888.4887649228355
848.4341548502475,848.4341548502475,845.1919061809158,847.8677426835042,888.4887649228355
845.7110127518636,845.7110127518636,845.4338670705207,848.0728443000625,888.4887649228355
852.0592687501216,852.0592687501216,846.9196605997388,848.8608728442948,888.4887649228355
850.2887016917396,850.2887016917396,844.7283008135585,848.5736158646787,888.4887649228355
850.7286840748426,850.7286840748426,843.7328928096774,847.8898549274031,888.4887649228355
850.3829788345872,850.3829788345872,849.0643054291779,848.7830918260423,888.4887649228355
845.6685719048405,845.6685719048405,854.4936617482351,848.8559357191828,888.4887649228355
848.086013203547,848.086013203547,856.1443066138785,848.9432939315489,888.4887649228355
851.6553890169542,851.6553890169542,858.8222994270724,849.8251214626538,888.4887649228355
853.197824904101,853.197824904101,858.102167731797,849.0319922342794,888.4887649228355
847.4895062297506,847.4895062297506,857.0952388109775,849.2820989992517,888.4887649228355
851.3725934725559,851.3725934725559,858.2921750966483,849.5347667448707,888.4887649228355
857.4145130838765,857.4145130838765,854.7350545603346,849.8209578587871,888.4887649228355
853.3475108013226,853.3475108013226,854.3753497681786,849.167172667668,888.4887649228355
851.1311185321642,851.1311185321642,854.708776871634,850.0345724000363,888.4887649228355
851.285233565917,851.285233565917,849.382880751089,849.2068549694802,888.4887649228355
852.3513760044344,852.3513760044344,847.6337296542772,849.5200808829417,888.4887649228355
848.1590316080418,848.1590316080418,846.5217736410857,849.8744341568398,888.4887649228355
847.1213649970974,847.1213649970974,844.8085467354598,849.6120751956499,888.4887649228355
851.4811689619294,851.4811689619294,849.1373980327098,850.1065037528482,888.4887649228355
850.6253115661731,850.6253115661731,853.2594377545572,850.8664261891377,896.5951596442446
852.2436874568807,852.2436874568807,853.5007048707042,851.5984991840148,896.5951596442446
851.5600217177644,851.5600217177644,851.7310567828747,850.8947305151206,896.5951596442446
852.4083173863277,852.4083173863277,853.5264156264287,850.020797212107,896.5951596442446
851.7891885951924,851.7891885951924,857.5172439458038,850.6452131327636,896.5951596442446
849.6360643987298,849.6360643987298,857.9397308970329,851.2486957471888,896.5951596442446
851.3004140637894,851.3004140637894,860.1246146737851,851.0231735924966,896.5951596442446
853.4848009106241,853.4848009106241,854.5768168629198,850.5108659878792,896.5951596442446
850.5312969304961,850.5312969304961,853.7739569035906,851.2183522090089,896.5951596442446
847.6172514425978,847.6172514425978,850.8878540530322,851.4051922310532,896.5951596442446
852.5914801177879,852.5914801177879,846.9242058918304,851.2562463144736,896.5951596442446
851.4558761878206,851.4558761878206,843.3942321872,850.5447039238948,896.5951596442446
848.9957483758061,848.9957483758061,847.7636938643769,850.7766221249116,896.5951596442446
856.0512715290181,856.0512715290181,846.457323748298,850.2634632904003,896.5951596442446
850.2482745207387,850.2482745207387,838.208681980793,849.3924145549882,896.5951596442446
848.3633070720715,848.3633070720715,840.6503516500225,849.3681030115085,896.5951596442446
854.3373319314086,854.3373319314086,840.3948253438888,849.899091758942,896.5951596442446
849.9675179463329,849.9675179463329,843.1497388919549,849.480937789241,896.5951596442446
848.4991838322981,848.4991838322981,844.571503091076,848.7697304733633,896.5951596442446
847.1172762760841,847.1172762760841,847.0579563943229,849.3162612190492,896.5951596442446
852.7123505520937,852.7123505520937,848.5153712897569,850.1972319856075,896.5951596442446
851.845544584687,851.845544584687,852.3369881380626,850.5915934726273,896.5951596442446
850.3858179567194,850.3858179567194,847.2307938772908,849.6760519369232,896.5951596442446
850.639019592942,850.639019592942,849.5202482638185,849.7215276440567,896.5951596442446
850.8657965259283,850.8657965259283,854.8137518762062,849.7962694968229,896.5951596442446
848.5693742104924,848.5693742104924,851.9419977079372,849.7958532870518,896.5951596442446
849.876982316974,849.876982316974,849.3647987701506,850.4023260380674,896.5951596442446
850.371709141863,850.371709141863,853.1880866169735,850.7161445253624,896.5951596442446
845.9766276695784,845.9766276695784,853.0425732155167,851.0037758745431,896.5951596442446
847.7364302577553,847.7364302577553,853.517893837559,851.7406540098841,896.5951596442446
851.0996049475324,851.0996049475324,846.0363665833383,850.366124066092,896.5951596442446
849.091529003344,849.091529003344,841.8630902177672,849.8774381020766,896.5951596442446
854.3918071220719,854.3918071220719,841.1529442149956,848.5227086599745,896.5951596442446
852.7750179823273,852.7750179823273,838.670412616654,848.5099500046756,896.5951596442446
853.0209077726284,853.0209077726284,838.7870084015615,848.8070926151996,896.5951596442446
850.1969718559616,850.1969718559616,842.8522116810161,848.5534345374195,896.5951596442446
851.3185935759948,851.3185935759948,843.8657886455816,848.2767514175367,896.5951596442446
849.8245985554203,849.8245985554203,842.3352954365153,847.95434228989,896.5951596442446
851.485734543085,851.485734543085,839.7638917762628,847.1920943443812,896.5951596442446
849.9327530285044,849.9327530285044,840.6862127180441,848.2574630071337,896.5951596442446
850.4650770395732,850.4650770395732,844.8159208506144,847.9102604740193,896.5951596442446
850.0587714680703,850.0587714680703,847.3371134741974,847.6864257775861,896.5951596442446
854.2168116120553,854.2168116120553,854.0943295619712,848.3945636603016,896.5951596442446
855.0451173728413,855.0451173728413,855.7647701773076,848.7878340865012,896.5951596442446
851.8654135751297,851.8654135751297,855.0831199141251,848.8819612236978,896.5951596442446
850.4863489241837,850.4863489241837,855.5781876032955,849.7924959078608,896.5951596442446
849.7437892346774,849.7437892346774,855.90552308184,849.9311101030491,896.5951596442446
848.1790514917172,848.1790514917172,857.9118105058109,850.2323496628347,896.5951596442446
846.8283199573518,846.8283199573518,859.8992961095652,850.2102442192023,896.5951596442446
853.0249752679437,853.0249752679437,856.100347035847,849.650052807761,896.5951596442446
849.1593450753071,849.1593450753071,858.8680405203526,849.0319810271784,896.5951596442446
850.2145158257545,850.2145158257545,854.671850758248,847.9206549550951,896.5951596442446
850.5423712041147,850.5423712041147,851.5097718361297,848.3503066709527,896.5951596442446
852.5822700630551,852.5822700630551,850.3108905385021,848.144729068916,896.5951596442446
846.9298804150135,846.9298804150135,844.7955473263704,846.3376218998112,896.5951596442446
846.8107172503428,846.8107172503428,842.6308314943532,846.7307160273248,896.5951596442446
847.7935528338459,847.7935528338459,841.2978775393719,846.1657626761667,896.5951596442446
853.9852249765992,853.9852249765992,839.6404819945823,847.2450826891675,896.5951596442446
852.5181073544597,852.5181073544597,838.0070251897171,847.0568578764276,896.5951596442446
851.570770266182,851.570770266182,840.9047549466441,847.6534329864835,896.5951596442446
847.1934524541116,847.1934524541116,838.3877827144536,847.3246963917031,896.5951596442446
849.9838231372719,849.9838231372719,840.8606638418881,847.4139412860328,896.5951596442446
850.4909502047775,850.4909502047775,839.575593251029,846.7126865482834,896.5951596442446
847.7000054917564,847.7000054917564,841.4366461052712,847.1405935403108,896.5951596442446
851.4246089905457,851.4246089905457,847.6940090101125,848.2346873056752,896.5951596442446
847.464735171123,847.464735171123,851.6234830341393,848.9253423041482,896.5951596442446
850.2932754356721,850.2932754356721,853.6791732395532,848.8226322552996,896.5951596442446
849.804566637773,849.804566637773,853.4085644823444,849.2968478072454,896.5951596442446
848.8087355417483,848.8087355417483,855.1475215476946,849.1720615677514,896.5951596442446
847.8757409450556,847.8757409450556,856.9038751238244,849.6226167323836,896.5951596442446
850.7339432159009,850.7339432159009,859.4990262615653,849.5214273860647,896.5951596442446
847.0912008315789,847.0912008315789,857.6199263955732,848.4705289375349,896.5951596442446
849.4453309230486,849.4453309230486,857.6696929007688,848.800466352979,896.5951596442446
841.9074984440474,841.9074984440474,857.5845676854008,848.7534574246273,896.5951596442446
846.6934511693511,846.6934511693511,856.4548667682478,848.5629102840835,896.5951596442446
847.015244680014,847.015244680014,855.8975225887476,849.7164472803104,896.5951596442446
844.2999939515925,844.2999939515925,856.3093184701135,850.211536195292,896.5951596442446
848.0804113131314,848.0804113131314,854.7668084595332,849.6125921757572,896.5951596442446
850.1471038987221,850.1471038987221,855.1135135490237,849.5862496344529,896.5951596442446
845.5735228887338,845.5735228887338,854.911456483633,849.9013292615986,896.5951596442446
852.0967157650671,852.0967157650671,851.316945998311,850.5775432690592,896.5951596442446
847.4887816117764,847.4887816117764,855.5925221822345,851.2164153304283,896.5951596442446
849.8577535776235,849.8577535776235,853.1482490956205,851.1995273291041,896.5951596442446
848.5637654036154,848.5637654036154,854.094639486507,851.8383027985977,896.5951596442446
843.9597916739248,843.9597916739248,853.5215557585968,851.5098197554906,896.5951596442446
850.2410448845804,850.2410448845804,850.3684683606665,851.2196986162405,896.5951596442446
849.0321183936252,849.0321183936252,848.7421570543709,851.1868098770498,896.5951596442446
847.1557330575838,847.1557330575838,847.1068364137227,850.5669003711987,896.5951596442446
846.5414183696687,846.5414183696687,846.0563331472815,850.8447379086564,896.5951596442446
848.2706750230523,848.2706750230523,840.8297525609305,849.9300372301758,896.5951596442446
845.5777370000224,845.5777370000224,842.3518154231402,850.0847221835646,896.5951596442446
848.9162635222522,848.9162635222522,839.2563001804976,849.6002526716884,896.5951596442446
848.8984636810611,848.8984636810611,840.5125459675234,848.4831706102144,896.5951596442446
845.8222472629325,845.8222472629325,841.6289935997887,849.011147483094,896.5951596442446
845.0620754162359,845.0620754162359,844.0160599761024,849.296407767886,896.5951596442446
843.6821244649041,843.6821244649041,843.6037745766365,848.8248160109085,896.5951596442446
846.2129357741125,846.2129357741125,842.7233432064943,848.550373901981,896.5951596442446
846.9707299110414,846.9707299110414,842.2179947896769,847.4281372279719,896.5951596442446
848.430321736107,848.430321736107,843.7255319048811,847.6099850677195,896.5951596442446
847.2901140766437,847.2901140766437,845.6066492567927,847.831297674365,896.5951596442446
845.8295360121326,845.8295360121326,843.6696641492432,847.0450469093425,896.5951596442446
840.2342591615301,840.2342591615301,846.3079558250059,847.9274736850399,896.5951596442446
846.9412010683242,846.9412010683242,846.3050290721382,847.4422220574161,896.5951596442446
844.5863577333687,844.5863577333687,844.3777012073749,847.8245096168686,896.5951596442446
846.3909667854355,846.3909667854355,845.8845632289294,849.5142109483978,896.5951596442446
846.6424506108264,846.6424506108264,847.2098515568168,849.7406200234016,896.5951596442446
844.2223621602845,844.2223621602845,849.4821916461773,850.1872367233418,896.5951596442446
844.9853739606665,844.9853739606665,850.4092033678168,849.5818815026188,896.5951596442446
845.0981116773291,845.0981116773291,852.1962865125212,850.4478373322803,896.5951596442446
846.6934067539349,846.6934067539349,848.1565496230348,849.281656609643,896.5951596442446
847.7599986572546,847.7599986572546,849.0525207204812,849.1779945105482,896.5951596442446
844.7994500412184,844.7994500412184,850.1129861965186,849.7779381559661,896.5951596442446
846.0717008056189,846.0717008056189,851.9561822502594,849.9183398572621,896.5951596442446
845.1203592423914,845.1203592423914,850.242445055586,849.5856694069315,896.5951596442446
848.7285524619285,848.7285524619285,848.2742517215218,849.6302594906796,896.5951596442446
845.391287018071,845.391287018071,848.9142743663222,849.1987782898378,896.5951596442446
844.8763496002513,844.8763496002513,844.1985918522043,848.291120445872,896.5951596442446
843.6752859066951,843.6752859066951,846.8712482650783,848.2744182591657,896.5951596442446
842.7617749555137,842.7617749555137,842.9758749141087,848.0135080055634,896.5951596442446
846.7941470457072,846.7941470457072,849.2250790079146,847.7458973864611,896.5951596442446
844.155951177056,844.155951177056,850.122757402973,847.3027407388297,896.5951596442446
847.0357738056207,847.0357738056207,849.3226660151018,848.1184860798718,896.5951596442446
843.5261474917301,843.5261474917301,848.8770623046869,848.1598137380456,896.5951596442446
844.7223085599757,844.7223085599757,850.6382017767395,848.1963962251992,896.5951596442446
846.738328546497,846.738328546497,847.4603728813778,847.8313607133056,896.5951596442446
844.9685593917933,844.9685593917933,847.5393505610455,847.5271438842975,896.5951596442446
843.0893009353704,843.0893009353704,846.1552492804007,846.2603066079294,896.5951596442446
842.275334832783,842.275334832783,843.0113307106012,845.9233227093791,896.5951596442446
846.7499537591376,846.7499537591376,841.6775086256441,845.3263070208872,896.5951596442446
843.0711678449555,843.0711678449555,838.0000283952626,844.363611768787,896.5951596442446
839.0034617336721,839.0034617336721,836.9887495322025,844.4371014456079,896.5951596442446
838.2537514403235,838.2537514403235,832.4134027388516,843.4826621911951,896.5951596442446
839.3338544076001,839.3338544076001,833.0007684056312,844.1303176000478,896.5951596442446
847.0306472596867,847.0306472596867,833.1445511405198,844.0063785560018,896.5951596442446
839.1183078615062,839.1183078615062,833.7884622420918,843.8847420100047,896.5951596442446
843.185056781063,843.185056781063,832.4954524710041,843.9525407063649,896.5951596442446
845.6307314440143,845.6307314440143,839.161269588954,844.3441291148462,896.5951596442446
844.9617344902263,844.9617344902263,841.4999424761447,844.8019439218635,896.5951596442446
841.3809652433448,841.3809652433448,839.0599198947637,843.9270243703837,896.5951596442446
838.9835169895789,838.9835169895789,836.7383147121989,843.5453241990406,896.5951596442446
840.986170568628,840.986170568628,836.9745927838339,843.3616569177467,896.5951596442446
838.0154326022997,838.0154326022997,840.8532559539177,843.8020533458792,896.5951596442446
844.1948833818526,844.1948833818526,839.5445485449503,843.9367181155333,896.5951596442446
847.9073504712276,847.9073504712276,837.3495007065764,843.1504799773594,896.5951596442446
849.2190727638531,849.2190727638531,839.1188125114428,842.9052925170726,896.5951596442446
840.4244623013562,840.4244623013562,835.5366646049617,842.3391187120301,896.5951596442446
840.9283536458865,840.9283536458865,832.0157989441734,842.202620262382,896.5951596442446
848.1777519186602,848.1777519186602,830.0726293375714,842.3728708314426,896.5951596442446
847.0076140430308,847.0076140430308,832.4336076184405,841.6686395130955,896.5951596442446
843.2067896313125,843.2067896313125,836.0426936451219,841.6325330767064,896.5951596442446
842.8203550955726,842.8203550955726,837.6167764690465,842.1510793817074,896.5951596442446
843.4549543004188,843.4549543004188,836.4046861156997,841.8213994040178,896.5951596442446
839.4107018658864,839.4107018658864,838.0888265029013,842.2934776016857,896.5951596442446
838.4448015414133,838.4448015414133,839.1870724250705,842.1123542208984,896.5951596442446
839.8927982432292,839.8927982432292,838.4514841073078,841.4186766927484,896.5951596442446
839.5577442142962,839.5577442142962,842.8334241272903,841.4638332261247,896.5951596442446
841.4730304912658,841.4730304912658,843.6450988300303,841.0352016991525,896.5951596442446
839.7620521582993,839.7620521582993,846.1398517423111,841.5190005063413,896.5951596442446
840.7562582967928,840.7562582967928,849.3520951354409,841.0998012376795,896.5951596442446
845.6400015510702,845.6400015510702,850.1695704329775,842.0351372386951,896.5951596442446
843.0183091868779,843.0183091868779,850.6990315652514,842.4803815506617,896.5951596442446
838.0396795788822,838.0396795788822,849.5426056214947,841.7073232890132,896.5951596442446
840.0608702142619,840.0608702142619,848.4620592914949,841.5946530099329,896.5951596442446
842.8281191139024,842.8281191139024,852.8803415246718,842.6399335147155,896.5951596442446
837.9154205572095,837.9154205572095,851.583011793409,842.0804287071259,896.5951596442446
838.2675146267436,838.2675146267436,848.5135829426774,841.3836949413957,896.5951596442446
836.6915042251951,836.6915042251951,848.2551854463254,841.8465204179768,896.5951596442446
840.1538430770147,840.1538430770147,844.9828183232072,841.1413145179671,896.5951596442446
839.3866026210488,839.3866026210488,847.1032064029674,841.9252675354513,896.5951596442446
843.7516575932677,843.7516575932677,847.1861342719221,841.6273482914964,896.5951596442446
838.946351145771,838.946351145771,845.9167475151705,841.639179573101,896.5951596442446
836.9939741999477,836.9939741999477,851.7968664228968,842.2021633705721,896.5951596442446
838.3739453217548,838.3739453217548,855.0537113281498,842.8299828146257,896.5951596442446
836.904519786736,836.904519786736,847.9546639981569,842.1032259589989,896.5951596442446
842.0013547567106,842.0013547567106,849.9570784221942,842.5797698152891,896.5951596442446
836.2526532451631,836.2526532451631,851.7217524308089,842.2201753153486,896.5951596442446
843.3596600580765,843.3596600580765,850.5292628843056,842.7213231387577,896.5951596442446
842.0123130579415,842.0123130579415,852.4708119974537,843.0332107753378,896.5951596442446
836.4588496150753,836.4588496150753,850.2944139205258,843.6486485944278,896.5951596442446
840.9352595790829,840.9352595790829,848.0960322175397,843.646549055952,896.5951596442446
836.6340725701604,836.6340725701604,844.6296431597823,843.1673582986169,896.5951596442446
837.8609379455016,837.8609379455016,839.9140572666395,843.7022942761296,896.5951596442446
841.5738192458782,841.5738192458782,838.2823326435131,843.8862956622019,896.5951596442446
840.9717633868215,840.9717633868215,845.1443898883642,844.503193708568,896.5951596442446
837.0878927864558,837.0878927864558,842.7937839956442,844.3808341659995,896.5951596442446
839.3927030249193,839.3927030249193,839.1866682655934,843.5584184742663,896.5951596442446
841.2666791509157,841.2666791509157,842.6356091067349,843.4161910423139,896.5951596442446
836.5017685318727,836.5017685318727,840.2539107846253,842.7840044370337,896.5951596442446
835.9181304764741,835.9181304764741,838.5028608140226,843.5372367782795,896.5951596442446
835.2993512538953,835.2993512538953,839.1527955360013,844.1294452207126,896.5951596442446
835.1314660557421,835.1314660557421,842.742233166388,844.3208863751279,896.5951596442446
837.7490005933905,837.7490005933905,843.7526577486967,844.2821746350854,896.5951596442446
836.6763729537607,836.6763729537607,838.0715396845966,843.5916938901313,896.5951596442446
839.5633199113886,839.5633199113886,836.5248993366218,844.3382734345771,896.5951596442446
837.5236483496525,837.5236483496525,838.600017121259,844.2770750879629,896.5951596442446
839.3684098420849,839.3684098420849,841.4034342279261,844.7317723988593,896.5951596442446
835.2413752872162,835.2413752872162,838.768328136612,844.7666968808016,896.5951596442446
834.188815060248,834.188815060248,841.2027112604889,845.0100208216172,896.5951596442446
838.754504598629,838.754504598629,838.5889981438037,844.7683148833519,896.5951596442446
839.2428528000397,839.2428528000397,839.3410859615718,844.7891236840026,896.5951596442446
835.5403526518031,835.5403526518031,836.4397737110054,844.0854858235194,896.5951596442446
838.3754551030459,838.3754551030459,837.3060596426467,844.4624493404749,896.5951596442446
837.508431171528,837.508431171528,839.2596958993756,843.8258677694259,896.5951596442446
839.5422189342526,839.5422189342526,834.6760038327653,843.4360597161161,896.5951596442446
838.2011881723687,838.2011881723687,835.0504871630001,843.5968756991015,896.5951596442446
834.8940290070781,834.8940290070781,830.4192980332111,842.2489471800436,896.5951596442446
836.0053677151716,836.0053677151716,828.4784737575746,841.7333718663107,896.5951596442446
838.3957047108285,838.3957047108285,828.4591314216848,841.4738767574921,896.5951596442446
838.2783633428219,838.2783633428219,831.9538547648821,841.2886668092402,896.5951596442446
841.0917100156487,841.0917100156487,828.1134935120415,840.3779082998154,896.5951596442446
835.608280512971,835.608280512971,828.1791431366157,839.5815081377925,896.5951596442446
838.7383607067405,838.7383607067405,825.8135094716752,839.7166301105109,896.5951596442446
835.8289543917286,835.8289543917286,825.954364538216,839.3243288187703,896.5951596442446
838.0417762785332,838.0417762785332,828.9699977123375,838.6539909536492,896.5951596442446
836.4390718284686,836.4390718284686,826.2704235798626,838.5343580563921,896.5951596442446
834.8503163342501,834.8503163342501,832.8037303381692,839.1069766591418,896.5951596442446
834.1184723190215,834.1184723190215,833.6082922606665,838.8039932291788,896.5951596442446
833.8459338586705,833.8459338586705,830.8922131727224,838.655755727395,896.5951596442446
835.3539787284934,835.3539787284934,829.9900686545891,837.8660392595646,896.5951596442446
833.4263661757417,833.4263661757417,832.542577177167,837.4491968808643,896.5951596442446
835.8189855960812,835.8189855960812,835.1732207313964,837.4328027810376,896.5951596442446
836.3852524412754,836.3852524412754,838.7842408710073,837.114105000133,896.5951596442446
834.3432943434927,834.3432943434927,842.946452731588,836.9028770994578,896.5951596442446
836.6942265867884,836.6942265867884,842.9433628636059,837.6517307267387,896.5951596442446
835.6489107928205,835.6489107928205,845.6786726803933,837.6786769080319,896.5951596442446
836.3517999182097,836.3517999182097,843.7807161715452,837.518769407289,896.5951596442446
834.8126073061817,834.8126073061817,845.002242808433,837.6985892140042,896.5951596442446
833.8224343872836,833.8224343872836,841.7442089516429,836.5104351182329,896.5951596442446
831.3287449886141,831.3287449886141,839.689389947461,835.7450344649516,896.5951596442446
834.6337864205921,834.6337864205921,840.6092248442872,835.951835406214,896.5951596442446
837.8205267297833,837.8205267297833,839.7359336532334,836.4540608797278,896.5951596442446
835.7339364234582,835.7339364234582,834.7519967920265,836.0816929052106,896.5951596442446
836.5355167966723,836.5355167966723,833.805897941802,836.0075901591157,896.5951596442446
836.2616889370806,836.2616889370806,833.2849313501878,835.2798390191036,896.5951596442446
833.7313529497841,833.7313529497841,833.611948524891,835.8423098138813,896.5951596442446
832.6416566816505,832.6416566816505,830.2367948030587,835.7287947147821,896.5951596442446
835.0160068989762,835.0160068989762,827.9025914820447,834.7519856890663,896.5951596442446
837.7993865495274,837.7993865495274,833.5799347402168,835.1756399093512,896.5951596442446
833.723725047652,833.723725047652,836.8772878207886,835.419919866305,896.5951596442446
836.098980237628,836.098980237628,833.2224600775714,834.7657683145278,896.5951596442446
836.0697778472613,836.0697778472613,833.8123326159506,834.6680807696404,896.5951596442446
835.71831957463,835.71831957463,835.1393511836119,834.3590315921934,896.5951596442446
837.1167540887393,837.1167540887393,830.1549608119616,834.4242743845888,896.5951596442446
832.755503385034,832.755503385034,824.7438466008746,832.9236284719541,896.5951596442446
830.5509899085044,830.5509899085044,824.7187912403685,833.0660646377031,896.5951596442446
836.5195092618134,836.5195092618134,828.1985194149396,833.0878117521847,896.5951596442446
833.8824625471675,833.8824625471675,833.618422368981,833.7220045355399,896.5951596442446
834.1645128797533,834.1645128797533,835.6200909914824,834.0591158555499,896.5951596442446
831.8689555646898,831.8689555646898,833.9557600560411,834.4932722487523,896.5951596442446
833.4352532321777,833.4352532321777,834.5309784945819,833.80374682113,896.5951596442446
834.053376977324,834.053376977324,834.3681380980827,834.2537536470558,896.5951596442446
832.5703460009757,832.5703460009757,833.3041463613794,833.5586489359401,896.5951596442446
837.3196533126654,837.3196533126654,835.335605739637,833.6394563526407,896.5951596442446
839.444739444872,839.444739444872,841.3217082703284,834.2527693594669,896.5951596442446
833.0078475683645,833.0078475683645,838.0540244005085,833.6667720852047,896.5951596442446
832.4994093324957,832.4994093324957,834.3355374217447,833.8710596298915,896.5951596442446
834.7553051247704,834.7553051247704,828.8220905318846,833.7907278904019,896.5951596442446
836.1582685102916,836.1582685102916,828.9336767201794,834.1540249152489,896.5951596442446
833.5155889526501,833.5155889526501,829.3251271802617,833.9675267318285,896.5951596442446
835.2892518622658,835.2892518622658,831.6776655842444,834.5165812355704,896.5951596442446
834.6667196203884,834.6667196203884,830.0344120699965,834.6248074337319,896.5951596442446
833.3306561600108,833.3306561600108,829.3320086569154,834.2623487729882,896.5951596442446
832.230169856437,832.230169856437,831.6676997810266,834.782123401203,896.5951596442446
830.6000435642318,830.6000435642318,833.3357223681327,835.1259142906258,896.5951596442446
833.5620300785833,833.5620300785833,830.354335519836,834.4835544731994,896.5951596442446
833.1154046932929,833.1154046932929,835.7791341505379,834.4661403923653,896.5951596442446
832.6661470925376,832.6661470925376,831.9760122386613,833.4642718860009,896.5951596442446
832.8635394664998,832.8635394664998,827.2368524657395,833.4229527738523,896.5951596442446
830.7616724939345,830.7616724939345,822.9758461542857,832.5646822317675,896.5951596442446
836.8582147224457,836.8582147224457,822.5369806387725,832.5154619278916,896.5951596442446
832.3893912958276,832.3893912958276,824.3407146085077,832.4583062091542,896.5951596442446
832.5137280476331,832.5137280476331,826.7184114097539,831.8491828807375,896.5951596442446
830.8953197624808,830.8953197624808,824.9645403828296,831.1857409314514,896.5951596442446
831.6859592174001,831.6859592174001,823.1875913966971,831.1747599972441,896.5951596442446
836.6545679147983,836.6545679147983,832.1165857189059,831.7711370809021,896.5951596442446
830.2641292776118,830.2641292776118,832.6848969786646,832.2469765537893,896.5951596442446
832.971393784013,832.971393784013,840.2408076469349,832.5119848537013,896.5951596442446
835.5066714504518,835.5066714504518,841.004915949642,833.2750941734521,896.5951596442446
828.3147340282599,828.3147340282599,845.2509782358372,833.6769998894429,896.5951596442446
832.2555803783462,832.2555803783462,846.7139237705999,833.736401713154,896.5951596442446
835.0779465830669,835.0779465830669,845.5718196781329,833.6254834141341,896.5951596442446
832.4027146814308,832.4027146814308,844.524197015892,833.8036229255107,896.5951596442446
833.5329432265046,833.5329432265046,847.6201369188548,833.9485887268619,896.5951596442446
832.7630021571516,832.7630021571516,842.3687071557373,832.9915151583541,896.5951596442446
833.1175120899945,833.1175120899945,833.8294062222656,831.8146286203769,896.5951596442446
832.1290440035738,832.1290440035738,829.4484075478083,832.089299102739,896.5951596442446
834.4947068832276,834.4947068832276,825.9047694564497,832.1124204485822,896.5951596442446
831.9056049513057,831.9056049513057,824.5902098133732,831.4771491880833,896.5951596442446
830.7747547470093,830.7747547470093,822.0150071125474,830.7045437477946,896.5951596442446
830.9602392583942,830.9602392583942,824.0317515032648,831.8982599982926,896.5951596442446
829.6602489812943,829.6602489812943,823.4094377821457,831.5449044473731,896.5951596442446
832.9207737096804,832.9207737096804,820.3926286598228,830.8542784207526,896.5951596442446
834.9823337271486,834.9823337271486,819.424750751036,831.8025467146769,896.5951596442446
832.8950106124896,832.8950106124896,824.5750023862192,832.957746315423,896.5951596442446
835.3909234069558,835.3909234069558,827.7914569000793,832.4291617523194,896.5951596442446
828.8732000708555,828.8732000708555,825.8376115379626,831.6171175273438,896.5951596442446
830.9496118613133,830.9496118613133,824.22030982388,830.2327979395621,896.5951596442446
828.9763703164925,828.9763703164925,831.0756380334581,830.5682585964784,896.5951596442446
833.4306363118676,833.4306363118676,829.323277977254,829.7780473320374,896.5951596442446
835.068696874527,835.068696874527,823.8257795900287,829.7572202173822,896.5951596442446
831.3013252762503,831.3013252762503,830.5362897283301,830.7785347734224,896.5951596442446
835.5712950097827,835.5712950097827,834.4916157595881,831.0917723003944,896.5951596442446
833.1010683456718,833.1010683456718,830.0428062963313,830.7439868260158,896.5951596442446
834.6029939125458,834.6029939125458,824.5689214216454,829.6071889456865,896.5951596442446
829.5700731785895,829.5700731785895,823.0001319606569,829.4183832643488,896.5951596442446
827.6364987638939,827.6364987638939,827.4888237182228,830.2477747866392,896.5951596442446
830.3535661156296,830.3535661156296,833.6088945368714,831.1901587405595,896.5951596442446
829.6963428197008,829.6963428197008,829.3121526440827,830.6439537812591,896.5951596442446
831.7277157852517,831.7277157852517,832.4553897660765,830.4040998492,896.5951596442446
832.2265222487057,832.2265222487057,837.4168956385058,830.9050662282342,896.5951596442446
834.4843531518205,834.4843531518205,832.535661126977,831.2787845848188,896.5951596442446
830.9844812758841,830.9844812758841,828.6133762591296,830.9480458208373,896.5951596442446
834.3684618894924,834.3684618894924,832.940703177502,830.9985875053108,896.5951596442446
830.4426703311381,830.4426703311381,834.4691101231435,829.8338664966884,896.5951596442446
830.5652649500142,830.5652649500142,836.4130967280262,830.6301355059867,896.5951596442446
831.2331721494761,831.2331721494761,832.4787827795928,829.58770451245,896.5951596442446
832.7990640656617,832.7990640656617,830.540530816684,830.9030624561639,896.5951596442446
832.3503311111486,832.3503311111486,831.0722058569323,831.4110244594975,896.5951596442446
827.5841871215194,827.5841871215194,832.7255509903164,832.3540408164062,896.5951596442446
830.8468597697025,830.8468597697025,832.1131170284918,832.820293506178,896.5951596442446
834.1170824271252,834.1170824271252,833.3505482456251,833.0807513122421,896.5951596442446
831.6104007930236,831.6104007930236,837.354263638386,833.0752162665636,896.5951596442446
828.3675371104838,828.3675371104838,836.2914027065406,833.2639599700528,896.5951596442446
826.2993030316015,826.2993030316015,838.5820414250395,832.912756502357,896.5951596442446
826.9043005774124,826.9043005774124,834.8025990128936,831.1673381647843,896.5951596442446
831.5838591418538,831.5838591418538,836.3273551704812,830.3161961508133,896.5951596442446
832.4268239106991,832.4268239106991,837.0536612161156,830.2656331700001,896.5951596442446
831.768123360151,831.768123360151,839.3194527366211,831.0739318168935,896.5951596442446
828.0782614181278,828.0782614181278,836.1979215983105,830.5434294889009,896.5951596442446
831.4930392186471,831.4930392186471,835.4767369240338,830.572856136865,896.5951596442446
831.7067811086034,831.7067811086034,833.7118938890198,830.7087661544195,896.5951596442446
833.0196498230019,833.0196498230019,833.413805703537,830.8531380040927,896.5951596442446
829.2818997397557,829.2818997397557,832.0901705181543,830.1579666899128,896.5951596442446
832.00617331708,832.00617331708,830.3033866269977,830.499692396609,896.5951596442446
826.9488226326171,826.9488226326171,832.6364008373881,830.9287370878088,896.5951596442446
831.0121983714789,831.0121983714789,836.1188074622958,831.650276133711,896.5951596442446
829.117054866647,829.117054866647,836.3739899585498,832.3594772704201,896.5951596442446
831.3482440758131,831.3482440758131,835.736922140374,833.3032742822937,896.5951596442446
834.4066302318272,834.4066302318272,836.1376963895251,833.3679673442963,896.5951596442446
833.7054572309436,833.7054572309436,832.711642029533,832.3088342421186,896.5951596442446
829.8477444889353,829.8477444889353,831.5096172586734,832.3288020497254,896.5951596442446
829.1364654126382,829.1364654126382,831.1469751837652,833.0040073088812,896.5951596442446
831.2962199236604,831.2962199236604,826.2193507429629,831.5168866882981,896.5951596442446
830.0103121808129,830.0103121808129,830.1383328410451,831.6123584875744,896.5951596442446
829.1358429385364,829.1358429385364,829.6375562174899,831.2979569512911,896.5951596442446
832.2077995271952,832.2077995271952,827.5984420265302,832.0024422314245,896.5951596442446
832.1554088530626,832.1554088530626,823.5077426964979,832.216963844944,896.5951596442446
826.6300514569026,826.6300514569026,820.1435424887288,831.1168551733477,896.5951596442446
831.1963009821999,831.1963009821999,821.2877829445209,831.7608683377498,896.5951596442446
830.6311093647205,830.6311093647205,822.6039125453783,832.0644608331886,896.5951596442446
827.526860097947,827.526860097947,823.6763182897328,830.9568077620056,896.5951596442446
827.1328459496325,827.1328459496325,821.2986163987691,830.3654074367173,896.5951596442446
829.7548444654763,829.7548444654763,826.2132330246229,830.7509720339566,896.5951596442446
828.5929516750963,828.5929516750963,823.4838159688345,831.3953373970122,896.5951596442446
832.1853651334405,832.1853651334405,826.1876740564054,831.9354653704409,896.5951596442446
827.9729305607855,827.9729305607855,823.5213837459307,831.2089542369663,896.5951596442446
829.5713370885085,829.5713370885085,824.3689464176678,830.3689742211031,896.5951596442446
831.5379905067851,831.5379905067851,826.7587483629983,830.6061743171308,896.5951596442446
828.8603709595678,828.8603709595678,825.3258206276566,830.3349545100659,896.5951596442446
829.0455379352512,829.0455379352512,826.1554686677313,829.8121754390337,896.5951596442446
826.2253181943008,826.2253181943008,824.835240566725,829.4167236499552,896.5951596442446
828.0792396996671,828.0792396996671,826.118607920824,829.8664537690564,896.5951596442446
828.7567958372457,828.7567958372457,826.0191877892155,829.3666689562992,896.5951596442446
830.9983938693326,830.9983938693326,824.0369807901773,829.3089115304189,896.5951596442446
830.0811629352446,830.0811629352446,823.8739116363643,829.4276283521083,896.5951596442446
827.322291118676,827.322291118676,823.2272123558332,829.3586401522142,896.5951596442446
832.4272623841479,832.4272623841479,824.1691916911519,829.0947063959968,896.5951596442446
832.0633040644727,832.0633040644727,825.0654543379991,829.4048240133442,896.5951596442446
826.1425326451168,826.1425326451168,827.7046712145836,829.3307785549193,896.5951596442446
825.4856656393432,825.4856656393432,824.760830616975,828.3417181567302,896.5951596442446
827.3527886126803,827.3527886126803,820.5115292105747,826.8489198429452,896.5951596442446
829.3809505631231,829.3809505631231,821.3875418637483,826.6731094141288,896.5951596442446
833.549179661451,833.549179661451,819.6306674589505,826.0345219067813,896.5951596442446
829.2567119254937,829.2567119254937,824.6668382335531,826.5258708921216,896.5951596442446
826.5218673445789,826.5218673445789,822.1990281225278,826.906914174035,896.5951596442446
829.2052551634504,829.2052551634504,822.9260041942871,826.6783699569755,896.5951596442446
830.215660701918,830.215660701918,825.8829585839649,826.8605658695665,896.5951596442446
825.852772459261,825.852772459261,824.3109949306305,826.4031324521462,896.5951596442446
830.419517335799,830.419517335799,825.3202167070771,827.1552375766728,896.5951596442446
832.4394383503918,832.4394383503918,825.6225047887403,826.3708717296716,896.5951596442446
830.1526885412354,830.1526885412354,830.6920932107262,826.2449597072865,896.5951596442446
827.6046131516924,827.6046131516924,829.5235088249303,825.8950500384075,896.5951596442446
831.5767696385019,831.5767696385019,829.9676356810405,825.6100149393586,896.5951596442446
829.9363883652027,829.9363883652027,832.091991528451,826.8835918724122,896.5951596442446
834.0955554902107,834.0955554902107,834.7658607912796,827.3328061648132,896.5951596442446
830.7891647343064,830.7891647343064,837.2640242884585,826.9074133222078,896.5951596442446
831.4946078239205,831.4946078239205,834.5010610507467,826.4859800880056,896.5951596442446
830.4332398808413,830.4332398808413,831.2176662967852,825.4992812834283,896.5951596442446
830.8615506687348,830.8615506687348,829.4430972688115,825.81631775253,896.5951596442446
828.5604121356338,828.5604121356338,831.9495223611755,826.218447796,896.5951596442446
829.5989396582316,829.5989396582316,833.4855759784143,826.6401514512344,896.5951596442446
828.2595816122607,828.2595816122607,836.4276983205673,826.9511946657677,896.5951596442446
827.7115324738187,827.7115324738187,840.8886840566129,828.5438816020885,896.5951596442446
828.5508835325777,828.5508835325777,834.8356200658573,827.8230493173745,896.5951596442446
827.7390043261813,827.7390043261813,832.4054475302095,827.8863844273573,896.5951596442446
827.3651409951566,827.3651409951566,831.900232536462,827.7677714241944,896.5951596442446
824.5215500178535,824.5215500178535,835.0812871699311,828.8006889826923,896.5951596442446
829.869118425417,829.869118425417,833.6338779985159,828.1973483853858,896.5951596442446
830.6458069702724,830.6458069702724,833.8109819959825,828.3209575628223,896.5951596442446
827.0728986047122,827.0728986047122,829.3696812916567,827.5716015452557,896.5951596442446
830.439533830745,830.439533830745,827.4989612126644,827.4046800358209,896.5951596442446
828.3816314766372,828.3816314766372,825.0908972836147,827.7096508427369,896.5951596442446
823.9707424311142,823.9707424311142,822.2344649891584,827.7481279949956,896.5951596442446
830.706556118053,830.706556118053,826.1197536793527,828.3502368594782,896.5951596442446
822.8693480318126,822.8693480318126,828.3295359034322,828.3147567967627,896.5951596442446
831.1186315074876,831.1186315074876,823.748520388324,827.8131987526729,896.5951596442446
828.9601098309811,828.9601098309811,821.361935001108,828.1992866993803,896.5951596442446
828.6911606338887,828.6911606338887,824.4485082145399,827.7353003556941,896.5951596442446
829.7585762399011,829.7585762399011,824.5326176119254,828.1623169596762,896.5951596442446
829.5260284781223,829.5260284781223,826.1465790694489,827.5698236255993,896.5951596442446
829.5930960591156,829.5930960591156,826.3183132831276,827.7012945791014,896.5951596442446
828.2687819324896,828.2687819324896,823.7054518435077,827.2270196272735,896.5951596442446
830.4382487259064,830.4382487259064,822.0215977935657,826.9486099958657,896.5951596442446
830.2933201557437,830.2933201557437,820.138985823575,827.5706378661578,896.5951596442446
830.4241838861973,830.4241838861973,819.079867053407,827.3559478801711,896.5951596442446
827.901774379969,827.901774379969,821.1313666247418,827.3940296064548,896.5951596442446
833.1453779268081,833.1453779268081,818.8332929541828,827.1321069519867,896.5951596442446
829.4144247569482,829.4144247569482,821.2607804927745,826.9743655866492,896.5951596442446
832.5344870630839,832.5344870630839,822.2199787166398,827.0653784600872,896.5951596442446
831.0469175949626,831.0469175949626,827.229954451099,828.063648392424,896.5951596442446
828.405313021927,828.405313021927,827.9079161201996,829.1805719610264,896.5951596442446
825.1851917879742,825.1851917879742,828.1178538878612,828.5730820320962,896.5951596442446
829.6351356062748,829.6351356062748,831.7394584521338,829.3703681945024,896.5951596442446
830.422928204825,830.422928204825,831.4522542240278,828.927721064253,896.5951596442446
830.5621885773129,830.5621885773129,831.4681394607896,829.2097701478236,896.5951596442446
829.3626751685753,829.3626751685753,832.6114298234436,829.331114732286,896.5951596442446
829.4202657766175,829.4202657766175,833.475879360436,828.6506911072809,896.5951596442446
830.8833075277573,830.8833075277573,833.0428504090902,828.7207366823412,896.5951596442446
826.5795903442141,826.5795903442141,831.8063807881994,828.3626112763118,896.5951596442446
827.5914442072742,827.5914442072742,828.1438880109392,828.5679250368639,896.5951596442446
830.0868768874011,830.0868768874011,825.5046133198563,828.1430759828525,896.5951596442446
828.7407429957902,828.7407429957902,830.6729198430397,828.8029642357182,896.5951596442446
826.0590607412503,826.0590607412503,828.3948059460963,829.0558022475135,896.5951596442446
826.2148191510354,826.2148191510354,829.5009581816464,828.4095143948919,896.5951596442446
823.5130452961146,823.5130452961146,827.53076629654,827.7627512488756,896.5951596442446
828.1100131553034,828.1100131553034,828.7291945661611,827.6241487878265,896.5951596442446
827.3808758452456,827.3808758452456,829.0072342562496,827.5519257483814,896.5951596442446
831.0581069162404,831.0581069162404,831.6803133240528,828.8132660877947,896.5951596442446
827.6595012447663,827.6595012447663,831.602481563618,828.794488135273,896.5951596442446
826.3169695191458,826.3169695191458,832.6539681232331,828.7088141892752,896.5951596442446
832.1602537808712,832.1602537808712,833.8247692715146,828.2109146414726,896.5951596442446
827.9005174674373,827.9005174674373,829.7836708559923,827.4741587428033,896.5951596442446
826.907166808667,826.907166808667,832.1497881751341,827.3080230712176,896.5951596442446
828.2205922356424,828.2205922356424,830.4285715590274,827.5281046935258,896.5951596442446
829.154077053186,829.154077053186,830.8213148039456,827.4459247036228,896.5951596442446
830.4257135277028,830.4257135277028,829.3075324929621,827.1056087791263,896.5951596442446
827.2890187500462,827.2890187500462,831.3688595553233,826.80944022546,896.5951596442446
827.3748775849017,827.3748775849017,827.32928750464,827.5523479890195,896.5951596442446
828.2551788406422,828.2551788406422,825.3238780254472,827.0970673411662,896.5951596442446
829.2504278707471,829.2504278707471,821.6637261030488,827.1676231515538,896.5951596442446
828.1524344046873,828.1524344046873,825.9738472278452,827.9058918445087,896.5951596442446
826.9415493621818,826.9415493621818,828.107125077735,828.0774043016272,896.5951596442446
824.9574778857145,824.9574778857145,824.6929955747006,827.7997291883262,896.5951596442446
828.3793676128932,828.3793676128932,826.4823093931988,827.6006158362953,896.5951596442446
826.2517703261797,826.2517703261797,829.7643988382515,827.7328972905868,896.5951596442446
826.5549226617269,826.5549226617269,827.9630347132224,827.9485116441064,896.5951596442446
830.6228133800112,830.6228133800112,823.881120420416,827.3132773093216,896.5951596442446
827.9520385036707,827.9520385036707,826.7251249087518,828.0076713278619,896.5951596442446
827.4464713621095,827.4464713621095,829.8388485245443,828.1583135236897,896.5951596442446
829.4221598245008,829.4221598245008,837.9913949959731,829.5365863368586,896.5951596442446
825.5689527242198,825.5689527242198,834.1953565903284,829.4813005059488,896.5951596442446
829.8104403081821,829.8104403081821,831.8943416761664,829.715182268159,896.5951596442446
828.4750638388392,828.4750638388392,836.1896730087992,830.6333442313728,896.5951596442446
826.8681767641347,826.8681767641347,831.7401554253504,829.9208497566501,896.5951596442446
832.4174810611986,832.4174810611986,830.9717007469329,830.1112640292921,896.5951596442446
829.1419414132229,829.1419414132229,835.4235722767178,830.8069527745015,896.5951596442446
827.7400360197342,827.7400360197342,834.4120271807706,830.4290241546391,896.5951596442446
825.1464636624372,825.1464636624372,829.4419455116224,829.6439043316313,896.5951596442446
824.5805750368626,824.5805750368626,827.8046605298771,829.2752498863371,896.5951596442446
827.2118049849156,827.2118049849156,822.392257033254,828.5690468532896,896.5951596442446
831.2778296179758,831.2778296179758,822.9392960770659,828.4875764973222,896.5951596442446
830.4624291270692,830.4624291270692,821.6415300155693,828.4199174937006,896.5951596442446
828.8081855768826,828.8081855768826,817.004877246453,827.6864279902366,896.5951596442446
830.1046364786906,830.1046364786906,817.5211965492433,827.1346382216933,896.5951596442446
829.7071220151644,829.7071220151644,813.0751948732991,826.4326751117937,896.5951596442446
825.2029310254024,825.2029310254024,809.9598807722473,826.2766429642621,896.5951596442446
828.6528864604057,828.6528864604057,815.9281094015302,826.919470162858,896.5951596442446
834.4759996190788,834.4759996190788,822.3997696326202,827.5152881763373,896.5951596442446
829.3202666594864,829.3202666594864,822.065535880363,827.32708090477,896.5951596442446
830.9975922484123,830.9975922484123,821.6105471998846,827.2623786910788,896.5951596442446
827.9826880703382,827.9826880703382,815.8694000490652,826.5605338431639,896.5951596442446
830.9283515035114,830.9283515035114,821.6691729746442,826.6191681200213,896.5951596442446
823.4473861785535,823.4473861785535,820.6207847439073,826.1316237497989,896.5951596442446
828.9836417297156,828.9836417297156,818.8530598729711,825.0050585599582,896.5951596442446
833.042441343374,833.042441343374,823.446763984694,825.6158746494245,896.5951596442446
824.6106828785844,824.6106828785844,824.9011176386282,825.5110275787556,896.5951596442446
829.6955523225811,829.6955523225811,825.3170098498379,826.1814252815757,896.5951596442446
825.7541621527203,825.7541621527203,820.0683634675057,825.1928982050281,896.5951596442446
827.9817239347642,827.9817239347642,817.2038621489215,824.4473570218305,896.5951596442446
832.2391568671576,832.2391568671576,821.4290403449477,825.0173931354217,896.5951596442446
827.7381394542765,827.7381394542765,826.0197230464184,824.9995245981446,896.5951596442446
823.3401199613623,823.3401199613623,824.7229338453326,825.6070207178894,896.5951596442446
827.3497520316475,827.3497520316475,828.2899907229994,825.3596642593719,896.5951596442446
826.9862538870942,826.9862538870942,830.7998672661106,825.0793177013749,896.5951596442446
829.7398563771094,829.7398563771094,829.8877422204654,825.4291601327286,896.5951596442446
827.9536884089166,827.9536884089166,831.0028023182851,825.8500815438202,896.5951596442446
826.7311112466258,826.7311112466258,824.5219012405056,824.8120336186121,896.5951596442446
824.3805652533084,824.3805652533084,827.0229308250102,825.1316268691021,896.5951596442446
826.765432340631,826.765432340631,829.5981972729958,825.3022208713403,896.5951596442446
831.3130110317105,831.3130110317105,823.9080176932657,825.4662514534651,896.5951596442446
830.6857357939717,830.6857357939717,822.9886424667706,824.4024836459296,896.5951596442446
826.4386261952823,826.4386261952823,823.2710278906185,824.639801280466,896.5951596442446
827.7582577647215,827.7582577647215,826.9980686763168,825.8206788796949,896.5951596442446
826.9002444667672,826.9002444667672,829.5854386490868,825.6999435525523,896.5951596442446
832.6429513239573,832.6429513239573,833.6046000680893,826.1972003786962,896.5951596442446
828.1688879060272,828.1688879060272,832.7298122286959,826.803437046915,896.5951596442446
826.4953587350846,826.4953587350846,831.2876228852338,826.2933341115755,896.5951596442446
824.8057722771081,824.8057722771081,824.7569882764826,824.7379995426484,896.5951596442446
825.3678335054898,825.3678335054898,827.1955524190978,824.7735616502509,896.5951596442446
827.7381868624664,827.7381868624664,829.4768573492254,823.7633439241155,896.5951596442446
826.2685625257138,826.2685625257138,833.3644421146134,824.2363007507868,896.5951596442446
832.9185622065863,832.9185622065863,830.3313423364946,824.3272014125318,896.5951596442446
830.199428030982,830.199428030982,825.3294063301415,823.6486255439636,896.5951596442446
826.163902054782,826.163902054782,827.5534722339089,824.8626069142643,896.5951596442446
826.3319759122569,826.3319759122569,821.9579810025358,824.3944564298167,896.5951596442446
830.0434607370944,830.0434607370944,820.6038681415764,823.8394962198865,896.5951596442446
828.8751037456661,828.8751037456661,826.9511936565053,824.8011674067224,896.5951596442446
828.6791552694965,828.6791552694965,835.4328508992279,825.9361806201691,896.5951596442446
830.5311417716243,830.5311417716243,835.0898258475739,826.2305947137903,896.5951596442446
825.9162078619568,825.9162078619568,835.9853754021653,826.4819675978979,896.5951596442446
826.961032599084,826.961032599084,835.2229473752557,826.6930310104246,896.5951596442446
829.2829975516889,829.2829975516889,835.4129154761625,827.0814785046502,896.5951596442446
826.3775472026153,826.3775472026153,834.6122934579005,827.1701087862531,896.5951596442446
825.1670144089028,825.1670144089028,831.0889755756452,827.5761627195446,896.5951596442446
826.6348918526996,826.6348918526996,831.4039355489407,828.0602045649451,896.5951596442446
826.7585689529827,826.7585689529827,830.9796846315706,828.0434569917513,896.5951596442446
829.7504734858942,829.7504734858942,833.0720162909554,828.2299487846077,896.5951596442446
824.6996347582322,824.6996347582322,823.467467370316,826.1497201677084,896.5951596442446
828.9633789802432,828.9633789802432,824.423783736408,826.7022442849994,896.5951596442446
829.2847749826678,829.2847749826678,825.1058306108285,827.1810242800864,896.5951596442446
829.3666272986839,829.3666272986839,824.7517957660369,828.4695101538191,896.5951596442446
830.7670838802773,830.7670838802773,827.2257651392322,828.192796937568,896.5951596442446
825.6671313633107,825.6671313633107,829.9320134523183,829.0323545279352,896.5951596442446
831.9753473492331,831.9753473492331,826.1627703184525,829.0381048086406,896.5951596442446
827.000575954898,827.000575954898,826.1252448156238,828.595900731131,896.5951596442446
827.5854155233629,827.5854155233629,822.6367061645491,827.5905746969354,896.5951596442446
827.1754123096657,827.1754123096657,820.1204038810813,827.1906275908561,896.5951596442446
831.6347571382835,831.6347571382835,826.1814214916307,827.3723317725335,896.5951596442446
827.8677653685841,827.8677653685841,824.4102106504906,828.1435139853133,896.5951596442446
827.6809126287061,827.6809126287061,823.0427713697123,827.5037704850396,896.5951596442446
830.1495017627005,830.1495017627005,822.325785133515,827.7307225712384,896.5951596442446
827.7670706850989,827.7670706850989,818.7266285407798,826.9935358766575,896.5951596442446
827.6278545960682,827.6278545960682,816.5358959447246,826.6815355722803,896.5951596442446
828.727721384545,828.727721384545,821.1741975129058,827.1129708579999,896.5951596442446
826.9362763020255,826.9362763020255,822.3926121343131,827.0968747139007,896.5951596442446
822.4153282039672,822.4153282039672,825.8804555799334,826.5661053492653,896.5951596442446
827.1854264553689,827.1854264553689,823.8275779836101,827.0517629394772,896.5951596442446
825.5713300843526,825.5713300843526,823.1371107981852,826.5951677671685,896.5951596442446
828.6911435103971,828.6911435103971,821.7240885411177,826.5686922389376,896.5951596442446
827.9714236516079,827.9714236516079,818.2551305938243,826.3731930651513,896.5951596442446
828.3234359193475,828.3234359193475,820.4610544216812,827.2252049622206,896.5951596442446
828.1554597439588,828.1554597439588,819.9117084763993,826.3216719938138,896.5951596442446
831.1750826439337,831.1750826439337,816.4448854655903,824.5708989301352,896.5951596442446
830.887386548242,830.887386548242,812.7830459461892,823.7524923174205,896.5951596442446
830.1992940645532,830.1992940645532,810.1946609665276,822.4148868935882,896.5951596442446
828.6912230679669,828.6912230679669,811.8357353648869,822.3872899765032,896.5951596442446
829.0184820082212,829.0184820082212,812.4167232990387,823.2775830222382,896.5951596442446
826.5822974386687,826.5822974386687,813.0829646380421,824.2603630394802,896.5951596442446
820.5422036815819,820.5422036815819,811.3409790500389,823.3977775651259,896.5951596442446
826.5442704816778,826.5442704816778,813.8529243856838,823.2484064724428,896.5951596442446
829.9452747526624,829.9452747526624,811.0836679621609,822.7690501317301,896.5951596442446
830.029596683337,830.029596683337,815.0254774199195,823.2604990104985,896.5951596442446
826.8273152071711,826.8273152071711,820.6317672596266,823.6313711160321,896.5951596442446
827.1902977713444,827.1902977713444,820.2293096272581,822.2876597960903,896.5951596442446
827.2272472315215,827.2272472315215,819.234070937091,821.8701048804994,896.5951596442446
827.9583557258042,827.9583557258042,817.6898246683177,821.8044812818515,896.5951596442446
827.0231503558705,827.0231503558705,817.4813136904786,821.3836070290329,896.5951596442446
825.377944114714,825.377944114714,816.2920600118912,820.432204862013,896.5951596442446
829.0332025195199,829.0332025195199,819.6245810045073,820.3047285965126,896.5951596442446
824.24907722673,824.24907722673,822.8796087624445,820.6272531444987,896.5951596442446
827.9735664890984,827.9735664890984,823.1610645002295,820.3566735567247,896.5951596442446
826.37461184414,826.37461184414,819.4631658714743,820.0705490895612,896.5951596442446
828.0225240560017,828.0225240560017,817.6513649430282,820.2391854130576,896.5951596442446
827.760961293395,827.760961293395,819.078241788503,819.8855130386618,896.5951596442446
826.2686265053359,826.2686265053359,821.7156826383892,819.9324542983891,896.5951596442446
829.1220121954585,829.1220121954585,822.3584090161528,820.0802261587679,896.5951596442446
829.2524835434572,829.2524835434572,821.6513912513808,819.0994820211179,896.5951596442446
831.4278088063435,831.4278088063435,822.6899755429707,820.276706496544,896.5951596442446
824.8270145266004,824.8270145266004,818.6219902186048,819.1443698929517,896.5951596442446
827.7269180856938,827.7269180856938,817.1478590894342,819.0356588402196,896.5951596442446
829.722059698433,829.722059698433,816.881144481584,818.7825432998341,896.5951596442446
830.998329060398,830.998329060398,821.6724807715785,818.9598922160301,896.5951596442446
826.4544856053042,826.4544856053042,824.6865916354858,819.1901010496908,896.5951596442446
826.6722150947328,826.6722150947328,826.168990210391,819.8867570170493,896.5951596442446
828.2005957976779,828.2005957976779,827.7716962464153,820.2617445845473,896.5951596442446
827.3431114751833,827.3431114751833,824.44637365843,820.4421596575439,896.5951596442446
825.6534016797477,825.6534016797477,822.814512570618,819.6383037590251,896.5951596442446
827.2284193681833,827.2284193681833,821.3301427620845,819.3064507506347,896.5951596442446
827.675632293692,827.675632293692,826.3720291104452,819.5367335849427,896.5951596442446
827.40110353085,827.40110353085,822.3600695349845,818.8991184732741,896.5951596442446
826.3779581397154,826.3779581397154,819.0817784620494,818.1337419655408,896.5951596442446
829.2050521499536,829.2050521499536,813.751488996546,817.9648643071835,896.5951596442446
830.4172168499342,830.4172168499342,808.1476535686563,817.5124525744775,896.5951596442446
828.9719463541292,828.9719463541292,808.804928659492,817.4129032463666,896.5951596442446
828.391948182453,828.391948182453,807.9596958625348,817.3751613301916,896.5951596442446
824.7651081007253,824.7651081007253,813.950163625085,818.0561012665745,896.5951596442446
828.5746276969736,828.5746276969736,814.3192388424699,817.7366359307972,896.5951596442446
827.5508060435075,827.5508060435075,818.4478996696942,818.3686085249366,896.5951596442446
827.117963866113,827.117963866113,816.7793695900235,818.5477897947239,896.5951596442446
828.6108180392326,828.6108180392326,818.5922698375788,818.9665463220251,896.5951596442446
822.8579570611547,822.8579570611547,825.2924707813333,819.1000252374714,896.5951596442446
829.6397219345112,829.6397219345112,829.9765898898073,819.9778405898651,896.5951596442446
829.2491210675332,829.2491210675332,832.0889093640557,820.6412573541705,896.5951596442446
826.6919224868669,826.6919224868669,833.2434107490533,821.5049762069397,896.5951596442446
829.2259799009771,829.2259799009771,828.419556240533,821.0201403849928,896.5951596442446
829.4628334987522,829.4628334987522,826.5656203614996,821.002078265897,896.5951596442446
828.6516460206408,828.6516460206408,828.1913747883098,820.8915662286513,896.5951596442446
828.3716330282712,828.3716330282712,822.7685101319723,820.3057176237224,896.5951596442446
831.932309222348,831.932309222348,820.564761642089,820.3925463131338,896.5951596442446
829.4092719856459,829.4092719856459,823.5386843896879,820.9036983228259,896.5951596442446
831.1712539386583,831.1712539386583,820.3138716363634,820.9460659723119,896.5951596442446
827.1880541574837,827.1880541574837,819.1845853727917,820.8096621804397,896.5951596442446
827.9299780483186,827.9299780483186,820.4792669295564,820.6107572881565,896.5951596442446
828.7786361829402,828.7786361829402,819.312146143966,821.321543510281,896.5951596442446
828.6705818084495,828.6705818084495,828.0862794961768,822.7905820968098,896.5951596442446
829.149911136531,829.149911136531,828.5861538550578,823.181344103245,896.5951596442446
826.4526474023604,826.4526474023604,829.7440760218403,823.3441186949236,896.5951596442446
827.6530596987908,827.6530596987908,832.753085407132,823.5979227027706,896.5951596442446
828.0614533459616,828.0614533459616,835.186131269262,823.5048563660848,896.5951596442446
830.8639630530139,830.8639630530139,831.9361699586603,822.7150105620692,896.5951596442446
827.2876282511747,827.2876282511747,828.8286834368744,822.079589759641,896.5951596442446
831.6775090402766,831.6775090402766,828.3021940940164,822.5774678249479,896.5951596442446
823.345884177668,823.345884177668,826.1801077620503,822.3165058519609,896.5951596442446
833.3472156831558,833.3472156831558,825.7132568347004,822.6485465195204,896.5951596442446
828.6920969098167,828.6920969098167,823.2141215570743,823.0902698805469,896.5951596442446
824.8111711526024,824.8111711526024,822.7767768285519,823.2650176657248,896.5951596442446
829.8950647409052,829.8950647409052,822.6718939834798,823.5482192413436,896.5951596442446
826.4520812357455,826.4520812357455,825.3703051105547,824.1339886162876,896.5951596442446
826.139185145626,826.139185145626,826.6913168559225,825.1187216935485,896.5951596442446
828.4425178535643,828.4425178535643,831.3348479190538,825.5524083279931,896.5951596442446
825.9721923166363,825.9721923166363,835.7209373480089,825.847548332926,896.5951596442446
825.9743053725236,825.9743053725236,831.9692150096904,824.6368146725704,896.5951596442446
826.1311453843489,826.1311453843489,832.1778420511328,823.8147559350904,896.5951596442446
830.8605719032871,830.8605719032871,831.9880072949045,823.8123499364234,896.5951596442446
826.7883825741659,826.7883825741659,830.9968065582592,823.7352919429156,896.5951596442446
827.2254506603057,827.2254506603057,833.6707227753443,825.1098874891077,896.5951596442446
828.4015929503581,828.4015929503581,832.2818456523471,825.4416858576894,896.5951596442446
827.9043849684524,827.9043849684524,826.1810778135468,825.1041756265798,896.5951596442446
828.9996875036481,828.9996875036481,823.7302827331592,824.5903724180912,896.5951596442446
828.1475375408106,828.1475375408106,819.9497748144607,825.0703493838881,896.5951596442446
828.0910322510233,828.0910322510233,819.9579185534367,826.0227763512033,896.5951596442446
826.5031270952335,826.5031270952335,825.0052552461162,826.8875679224844,896.5951596442446
827.6302114395179,827.6302114395179,828.9929259175009,827.9838104048594,896.5951596442446
828.7965998185651,828.7965998185651,826.239480351054,827.2992602747357,896.5951596442446
826.1181515364319,826.1181515364319,823.1466062972653,826.7726740298618,896.5951596442446
830.3568108030082,830.3568108030082,816.6003053303614,825.639915830163,896.5951596442446
830.6204757736965,830.6204757736965,817.6381678494334,826.1054716590821,896.5951596442446
827.3995039116962,827.3995039116962,819.8789237153038,825.3903804357019,896.5951596442446
824.5263726731681,824.5263726731681,819.1871098892487,825.0719204779364,896.5951596442446
827.9267965312295,827.9267965312295,818.9299350932458,825.1378824350218,896.5951596442446
826.551471351778,826.551471351778,816.2191963430093,824.2081214635385,896.5951596442446
826.7194091354951,826.7194091354951,816.8722965065048,824.266709245824,896.5951596442446
824.0631518426322,824.0631518426322,813.8424965062586,824.3345278333,896.5951596442446
827.1244855200897,827.1244855200897,815.5162178727953,823.753821699484,896.5951596442446
827.6165531299722,827.6165531299722,819.4460813177759,824.9779790453103,896.5951596442446
830.8913923721756,830.8913923721756,825.4569733373843,825.41818642534,896.5951596442446
825.20187889487,825.20187889487,825.7928431519283,825.6257653318058,896.5951596442446
830.3080900036684,830.3080900036684,827.7862884350623,826.3939360963199,896.5951596442446
829.6272463021721,829.6272463021721,828.873459185811,826.7336599866808,896.5951596442446
830.2299496107837,830.2299496107837,828.3028034935656,826.0907062557972,896.5951596442446
828.7571697476365,828.7571697476365,828.3674160943976,825.8188303551453,896.5951596442446
823.9263383900585,823.9263383900585,826.7448749160305,825.7787671544717,896.5951596442446
826.9488715902521,826.9488715902521,830.8684845967858,826.4123713667457,896.5951596442446
831.5961411228142,831.5961411228142,833.501096625492,826.591611795789,896.5951596442446
824.4110630144002,824.4110630144002,832.0038461779495,825.7614923816648,896.5951596442446
828.2818353026726,828.2818353026726,830.2979921089279,825.7605540761137,896.5951596442446
829.9196183223579,829.9196183223579,830.0301679453141,825.6829837165006,896.5951596442446
825.1053273106113,825.1053273106113,828.2680493527274,825.4969288854388,896.5951596442446
827.9336241406722,827.9336241406722,830.298778530608,825.7561894389501,896.5951596442446
827.7004664945655,827.7004664945655,833.4510148917128,826.3936752424078,896.5951596442446
826.8231742670401,826.8231742670401,836.4261776412408,827.3383291960188,896.5951596442446
824.4410838986582,824.4410838986582,835.3204724079515,827.1824228172586,896.5951596442446
826.4856493738724,826.4856493738724,834.2998102416195,828.0363118626597,896.5951596442446
828.9000748817244,828.9000748817244,831.0622686658708,827.6614141620233,896.5951596442446
825.4668883362929,825.4668883362929,831.0430827293501,827.3272846161199,896.5951596442446
829.2352221821892,829.2352221821892,832.4419377860324,827.6935862676099,896.5951596442446
825.5874735746928,825.5874735746928,830.0325055633751,827.1551060324798,896.5951596442446
826.1197217815835,826.1197217815835,833.0960607571672,827.0420800147615,896.5951596442446
829.1317288318136,829.1317288318136,834.5599026545548,827.3299065986763,896.5951596442446
829.6951767152042,829.6951767152042,832.269278028497,826.5805612642963,896.5951596442446
828.4398212868415,828.4398212868415,828.1623472765302,825.8266111817231,896.5951596442446
827.8097662836371,827.8097662836371,824.9985265759112,825.7882851305029,896.5951596442446
828.0497625028279,828.0497625028279,824.7376158883314,826.5482666300992,896.5951596442446
831.8875453023949,831.8875453023949,824.8739014465293,826.2385929923482,896.5951596442446
828.0861571721646,828.0861571721646,825.9883065068086,826.32558460583,896.5951596442446
828.1916330053592,828.1916330053592,827.9850546638233,826.556452645306,896.5951596442446
832.6107217931961,832.6107217931961,832.3478691834791,827.1683107387059,896.5951596442446
827.9700173792253,827.9700173792253,834.1992635891659,828.6457171698852,896.5951596442446
827.6391821760153,827.6391821760153,827.6734953085204,828.1185491137487,896.5951596442446
827.9324495734072,827.9324495734072,827.7015320216196,828.1309127057284,896.5951596442446
829.2483858216168,829.2483858216168,831.9767292283726,828.2303733167101,896.5951596442446
827.6233008102515,827.6233008102515,837.2241925230735,828.2320725858943,896.5951596442446
823.3736090823284,823.3736090823284,838.2004478906256,828.3897710247243,896.5951596442446
829.5582318818731,829.5582318818731,840.9649191995026,829.1836807620381,896.5951596442446
829.3646107869157,829.3646107869157,838.4831725447284,829.3928978553225,896.5951596442446
827.5927674003369,827.5927674003369,835.4666923883312,830.3297300568998,896.5951596442446
826.9517143438075,826.9517143438075,835.4424547032464,830.7291681094688,896.5951596442446
825.5751477506301,825.5751477506301,830.136291875119,830.6971908018484,896.5951596442446
831.9767462164375,831.9767462164375,831.0971846395148,830.5005640638017,896.5951596442446
830.2121222538393,830.2121222538393,831.7343717156707,830.6918000302132,896.5951596442446
829.0926398496554,829.0926398496554,830.09596061231,831.0057261705701,896.5951596442446
825.7348143777724,825.7348143777724,825.6014887509255,829.9779110347783,896.5951596442446
830.2351736843888,830.2351736843888,821.7402397136826,829.9693196662092,896.5951596442446
828.005571059655,828.005571059655,819.0414763851746,829.8887324645139,896.5951596442446
826.9632888501903,826.9632888501903,821.2910552542793,829.761892642623,896.5951596442446
828.4978277847543,828.4978277847543,816.9741513274582,828.6331656549146,896.5951596442446
826.2594893869166,826.2594893869166,816.8753877343725,828.9456770259576,896.5951596442446
829.9280931025027,829.9280931025027,817.3630982854011,828.612552771916,896.5951596442446
827.1598015763028,827.1598015763028,821.2753681423512,828.9809458551098,896.5951596442446
830.0640606790046,830.0640606790046,821.6787892550459,829.3669971825094,896.5951596442446
826.5030278354617,826.5030278354617,821.7181182014913,829.6758665919892,896.5951596442446
821.4669142253292,821.4669142253292,828.1106309918345,830.2510622499393,896.5951596442446
829.8136965765568,829.8136965765568,830.9421679450531,829.9840563358624,896.5951596442446
829.6614558455259,829.6614558455259,831.5142001517974,829.4913531697749,896.5951596442446
829.8262722049753,829.8262722049753,826.020123890427,828.5651481851187,896.5951596442446
830.6434904274432,830.6434904274432,829.6118573547714,828.4959387040835,896.5951596442446
827.6379192114282,827.6379192114282,826.8132463662023,828.3022927101351,896.5951596442446
828.2768690229407,828.2768690229407,827.53019827761,828.4649825568923,896.5951596442446
829.4161384264996,829.4161384264996,825.4720185402082,828.0155938570298,896.5951596442446
828.496212488048,828.496212488048,827.1904474114365,828.1148836864539,896.5951596442446
825.6449300363136,825.6449300363136,827.9915874087458,827.98894854549,896.5951596442446
823.8554344876497,823.8554344876497,825.6900093888482,828.3249696461186,896.5951596442446
826.4046330050073,826.4046330050073,820.9399162782771,827.312077543194,896.5951596442446
831.6146396672344,831.6146396672344,822.2816467036712,827.735228777335,896.5951596442446
831.0677196350782,831.0677196350782,826.0287408889124,827.5622798170313,896.5951596442446
829.0322966976103,829.0322966976103,824.534291856562,826.9144095181892,896.5951596442446
829.8934222435116,829.8934222435116,826.0772944099547,827.511250479451,896.5951596442446
826.0863136038507,826.0863136038507,827.9232219138003,827.4304147882192,896.5951596442446
827.6437127480698,827.6437127480698,831.3746642425247,827.378546174624,896.5951596442446
834.9434954379102,834.9434954379102,833.3404867579715,828.329125432349,896.5951596442446
829.2687915410299,829.2687915410299,837.1110317026472,829.7786854307134,896.5951596442446
824.5108883864563,824.5108883864563,836.6220827534595,830.6496808816281,896.5951596442446
830.7217199601436,830.7217199601436,840.0815356394469,830.380861493417,896.5951596442446
825.1889139219171,825.1889139219171,836.1175312374241,829.983954735514,896.5951596442446
832.1499327387799,832.1499327387799,842.4343463241418,830.8514877804977,896.5951596442446
830.2068957073003,830.2068957073003,846.7818772344438,830.6737740323132,896.5951596442446
829.2341315801309,829.2341315801309,846.5430294796897,830.3502825386931,896.5951596442446
825.9293162173091,825.9293162173091,844.9893118032844,829.588424431043,896.5951596442446
830.2415789699064,830.2415789699064,839.5743618573977,829.7587194843993,896.5951596442446
826.4589858687893,826.4589858687893,836.7072515752446,830.1302693430739,896.5951596442446
829.9030819811481,829.9030819811481,833.5368644970697,830.0907124844529,896.5951596442446
829.5488494823304,829.5488494823304,833.460167715655,829.8968759201443,896.5951596442446
825.7450167863248,825.7450167863248,830.2536780564396,828.7915075265798,896.5951596442446
829.4560430217203,829.4560430217203,834.0989582770289,828.6107625510191,896.5951596442446
828.4320167578077,828.4320167578077,826.5383962576568,828.4625325230834,896.5951596442446
828.4778172341324,828.4778172341324,821.2284019749519,827.8261159496374,896.5951596442446
823.7754765704392,823.7754765704392,822.0451027854394,827.6708121551317,896.5951596442446
830.5525851295381,830.5525851295381,819.7946117014328,827.5200883963058,896.5951596442446
828.986112688255,828.986112688255,823.6574354520271,828.2707696469017,896.5951596442446
823.7133746277054,823.7133746277054,823.4764924854211,828.4786934970239,896.5951596442446
825.6951784791022,825.6951784791022,824.9971588746239,829.0709521369156,896.5951596442446
827.2888141745348,827.2888141745348,823.1623937825782,829.409056926475,896.5951596442446
828.6347170581626,828.6347170581626,824.3809167624037,829.319642936324,896.5951596442446
829.10921048641,829.10921048641,826.3252644190563,830.0675201577957,896.5951596442446
828.0863168326027,828.0863168326027,825.7442188785541,829.3531652479385,896.5951596442446
828.9227785138762,828.9227785138762,825.644276645645,829.560141013275,896.5951596442446
831.295249175034,831.295249175034,823.6772890747036,829.0311924231979,896.5951596442446
825.5526927585273,825.5526927585273,824.8117299598456,829.0098147311945,896.5951596442446
827.0649285174595,827.0649285174595,822.6092296434166,828.5375419471148,896.5951596442446
828.7500959989085,828.7500959989085,820.8536401799154,828.3136636819977,896.5951596442446
826.6354979062859,826.6354979062859,818.9594936081377,828.5192272182447,896.5951596442446
829.5661096046164,829.5661096046164,817.9672800585487,827.380386739818,896.5951596442446
830.064710066994,830.064710066994,820.7702224823837,827.2852538437904,896.5951596442446
829.4897975177928,829.4897975177928,820.0086083548791,827.766401798412,896.5951596442446
831.7546539896545,831.7546539896545,821.0025388311058,828.3496482360741,896.5951596442446
831.7303037691358,831.7303037691358,821.4551549009195,827.9288005225043,896.5951596442446
830.1116089141526,830.1116089141526,821.7727220950668,828.0230875689708,896.5951596442446
830.5643528567031,830.5643528567031,820.4029905625308,827.5843731881787,896.5951596442446
831.8764975768656,831.8764975768656,821.3144958046141,827.706037399996,896.5951596442446
827.9099979155488,827.9099979155488,823.8610059232864,827.6477753843677,896.5951596442446
828.1976737807811,828.1976737807811,823.8736568972465,827.695641115945,896.5951596442446
828.8985498828246,828.8985498828246,825.7692393570766,827.3962327334635,896.5951596442446
827.8982914065116,827.8982914065116,820.2909731661179,827.1554652213584,896.5951596442446
829.759461167811,829.759461167811,820.6086639847672,827.4318052546312,896.5951596442446
828.32921945828,828.32921945828,818.1879571687099,826.7814914920336,896.5951596442446
824.5150352533996,824.5150352533996,818.0721379144331,826.6363697340785,896.5951596442446
826.8052404018281,826.8052404018281,816.8660969348043,826.1808480739408,896.5951596442446
828.8747609676639,828.8747609676639,818.2262889319333,825.6449865918054,896.5951596442446
829.5599009336527,829.5599009336527,819.7410761463523,825.3793197807615,896.5951596442446
823.022013635703,823.022013635703,820.4398431103187,825.0676466548372,896.5951596442446
828.8122032030843,828.8122032030843,818.7885902838207,824.0311528321796,896.5951596442446
828.851931660916,828.851931660916,818.6647116040533,823.8047585035824,896.5951596442446
831.4982605572569,831.4982605572569,820.2272339096728,823.1846048754036,896.5951596442446
829.155883633634,829.155883633634,818.2671765876131,823.8617343246691,896.5951596442446
830.7736986956651,830.7736986956651,823.6902900143405,823.0326802300734,896.5951596442446
825.1429552169586,825.1429552169586,824.2373616460267,822.1274666163953,896.5951596442446
825.7229502293033,825.7229502293033,826.1165803889826,822.0955582557992,896.5951596442446
827.2230430154526,827.2230430154526,824.0129154796037,821.4497073270693,896.5951596442446
833.8643531657887,833.8643531657887,824.2276287350469,822.3099731562913,896.5951596442446
828.5384975776652,828.5384975776652,819.1848605532875,821.5631684504457,896.5951596442446
831.2374075005105,831.2374075005105,818.5694557199673,821.0376710767592,896.5951596442446
832.2753638442794,832.2753638442794,816.483265205306,820.4093780015126,896.5951596442446
828.0274954222349,828.0274954222349,818.938417269666,820.9215527180488,896.5951596442446
825.8336774116437,825.8336774116437,818.9205037550134,820.8260434202656,896.5951596442446
828.8373544332483,828.8373544332483,815.8554915766128,820.8960992938647,896.5951596442446
826.0019096588665,826.0019096588665,815.1254967008826,820.9068855615812,896.5951596442446
828.9628158609086,828.9628158609086,815.9739303336731,820.881323765446,896.5951596442446
826.6582527364266,826.6582527364266,816.3600368403107,820.7627923548448,896.5951596442446
830.0959093432975,830.0959093432975,818.6115371994332,821.3007935057727,896.5951596442446
828.6490955313071,828.6490955313071,817.7354240237572,820.414954758113,896.5951596442446
828.5293317406315,828.5293317406315,817.511221271911,819.5404835562166,896.5951596442446
828.2127146185419,828.2127146185419,818.6365793185317,819.5042151087032,896.5951596442446
829.7588612406894,829.7588612406894,820.4085608252329,820.1270815306148,896.5951596442446
827.138793005143,827.138793005143,823.1605693737907,820.1931044112129,896.5951596442446
830.2070603684932,830.2070603684932,825.0659254283161,820.7604406038171,896.5951596442446
828.1409923924641,828.1409923924641,825.3636005206257,820.8507503365777,896.5951596442446
827.0426279358927,827.0426279358927,827.889571855668,821.723780321639,896.5951596442446
827.8556705259393,827.8556705259393,824.5865518359957,820.7177567300747,896.5951596442446
827.4422663437488,827.4422663437488,821.4022723376131,821.0594020446119,896.5951596442446
826.5822249579745,826.5822249579745,825.4850541744797,821.341237557026,896.5951596442446
827.3837853322307,827.3837853322307,823.6898623344165,820.4865573014725,896.5951596442446
830.8635925767845,830.8635925767845,821.0248948644372,820.1157380698809,896.5951596442446
825.4046169895172,825.4046169895172,821.2005511228866,820.2131472587154,896.5951596442446
827.0393855770234,827.0393855770234,820.7075646312667,820.3328956664902,896.5951596442446
830.3842831376924,830.3842831376924,823.2483478533392,821.2096024082635,896.5951596442446
828.3434574065479,828.3434574065479,826.7676152423321,821.9132424048601,896.5951596442446
826.5333696174152,826.5333696174152,818.9373560381651,821.1567071102586,896.5951596442446
827.7300147817233,827.7300147817233,823.4348988729535,821.3241383921594,896.5951596442446
827.2020369883735,827.2020369883735,821.9455759887954,821.1856180814482,896.5951596442446
827.6122667494714,827.6122667494714,821.6814235008602,820.9053210725408,896.5951596442446
825.3646545811705,825.3646545811705,823.1029082778157,820.3324075775863,896.5951596442446
829.0578037594289,829.0578037594289,828.6050794915179,820.6829060967691,896.5951596442446
825.1352395324416,825.1352395324416,824.4233113358663,821.039614892665,896.5951596442446
826.2948717021488,826.2948717021488,823.7269904808866,820.9565609657142,896.5951596442446
828.1755591190973,828.1755591190973,819.74497056573,821.5210050876677,896.5951596442446
825.8588071189929,825.8588071189929,819.9878588385484,822.2963865896829,896.5951596442446
824.8002223534736,824.8002223534736,823.5586817305006,822.4952240693979,896.5951596442446
830.7041255729621,830.7041255729621,823.5681362612331,822.3925078580194,896.5951596442446
828.3067085845626,828.3067085845626,826.138248237003,822.4650524995784,896.5951596442446
827.1680854027161,827.1680854027161,826.4279065426824,822.1029337590136,896.5951596442446
825.9016869402885,825.9016869402885,827.1591364565468,822.0065168121316,896.5951596442446
829.08499582847,829.08499582847,827.6574191376745,822.4814476034936,896.5951596442446
826.6168500279181,826.6168500279181,828.5562046901305,822.7054090487565,896.5951596442446
829.9233023269418,829.9233023269418,826.9302719407511,822.6891800363417,896.5951596442446
827.4624371138459,827.4624371138459,829.8551041245531,822.7539679097102,896.5951596442446
829.7652551132195,829.7652551132195,829.0056744199832,823.2500491444741,896.5951596442446
826.3912604623422,826.3912604623422,833.9630878628111,824.0645255641634,896.5951596442446
833.713712723562,833.713712723562,835.2467257084434,824.6392699037872,896.5951596442446
829.2746491717122,829.2746491717122,834.650012325394,824.5495292176477,896.5951596442446
825.9268616365206,825.9268616365206,835.7741732445096,825.4207962972579,896.5951596442446
824.7877088388368,824.7877088388368,835.2855676682809,825.3497392017941,896.5951596442446
825.2567681586535,825.2567681586535,834.6117943824495,826.1071534389221,896.5951596442446
825.83289970378,825.83289970378,833.6025883837829,825.6382432715799,896.5951596442446
828.5137791882636,828.5137791882636,836.4276448761213,826.1906082605633,896.5951596442446
827.2658668184412,827.2658668184412,836.1237748094625,826.8076245562802,896.5951596442446
824.7421155476196,824.7421155476196,832.1295420685835,826.6508582180145,896.5951596442446
827.4615872641922,827.4615872641922,827.4225445368705,826.3542484048031,896.5951596442446
829.4535928565099,829.4535928565099,826.6326419176655,826.6937909192582,896.5951596442446
829.0059313323135,829.0059313323135,828.1221298056735,826.4516477388956,896.5951596442446
829.0207797560087,829.0207797560087,829.6367865740606,827.8010688073184,896.5951596442446
826.3578157148477,826.3578157148477,832.0600107686129,828.2594971011346,896.5951596442446
829.6296623245778,829.6296623245778,830.6090953767896,828.5016566505738,896.5951596442446
830.9235239599855,830.9235239599855,833.0803234626043,828.1725957990543,896.5951596442446
832.3100179918724,832.3100179918724,830.996548761352,827.7578041380755,896.5951596442446
826.7916762882221,826.7916762882221,828.4236801761865,827.4791755058541,896.5951596442446
833.0406381720294,833.0406381720294,829.336653276205,827.4454687691303,896.5951596442446
830.0977345236698,830.0977345236698,829.5173329667981,826.6798006270293,896.5951596442446
832.3384254039245,832.3384254039245,834.0015050762393,828.5767815673071,896.5951596442446
826.1238094615292,826.1238094615292,831.9306974781878,828.5573327670105,896.5951596442446
828.1056329371438,828.1056329371438,829.8115458679465,828.6663671460119,896.5951596442446
828.4895289836038,828.4895289836038,822.3739855457694,827.9963217434052,896.5951596442446
826.1659408309372,826.1659408309372,821.883525289302,828.6733827355467,896.5951596442446
830.2906035489301,830.2906035489301,821.4948035765123,828.2314462897792,896.5951596442446
824.0209027364319,824.0209027364319,825.7129642845745,828.758884068737,896.5951596442446
831.1043430386917,831.1043430386917,830.7970328377518,828.9889125027368,896.5951596442446
826.1374731264115,826.1374731264115,832.1385773219848,828.5196611850608,896.5951596442446
829.1834952475083,829.1834952475083,834.4559020104086,829.7835098214779,896.5951596442446
827.9361398130031,827.9361398130031,829.1708165617235,829.7239651050609,896.5951596442446
830.5611779909212,830.5611779909212,828.5686736389986,829.8819522970513,896.5951596442446
829.7647478693174,829.7647478693174,831.0658269280244,830.5432478314449,896.5951596442446
828.0172018416727,828.0172018416727,834.0475194758753,830.1852439830171,896.5951596442446
829.2405856802006,829.2405856802006,838.4749144696036,830.6473497311639,896.5951596442446
829.8393077916289,829.8393077916289,837.4218608222079,830.8311561870476,896.5951596442446
826.5073595759346,826.5073595759346,836.5216230018262,831.3178105729249,896.5951596442446
828.4020048074344,828.4020048074344,831.8518489276,831.4102881751106,896.5951596442446
831.1640058573087,831.1640058573087,832.3448991423227,830.9910692458158,896.5951596442446
827.3016652731708,827.3016652731708,837.5208602151021,832.575945518398,896.7862849683642
828.1387597768803,828.1387597768803,836.1923686601606,832.2488115848464,896.7862849683642
829.1918849991962,829.1918849991962,834.070422420197,831.4683871336902,896.7862849683642
829.0876828666525,829.0876828666525,827.5164057374066,830.7609476703896,896.7862849683642
832.24630688197,832.24630688197,832.2429138997547,831.2019994716586,896.7862849683642
830.6312114580169,830.6312114580169,828.259531850663,830.7677722737617,896.7862849683642
830.0647450688243,830.0647450688243,828.8145475178393,830.8828247525893,896.7862849683642
829.1997328898631,829.1997328898631,824.3496361854206,830.8016834218588,896.7862849683642
828.9785552858951,828.9785552858951,822.3234283529076,829.9039530207817,896.7862849683642
826.8147474353644,826.8147474353644,819.3179131409036,829.05351699,896.7862849683642
829.2988687562034,829.2988687562034,812.149065662743,828.2131410783845,896.7862849683642
828.7293128677165,828.7293128677165,817.7030859846203,828.7400836400818,896.7862849683642
827.5690477926499,827.5690477926499,820.4124255486338,828.6208697783379,896.7862849683642
829.4742773484224,829.4742773484224,823.2591203121995,828.2579370839277,896.7862849683642
829.6813915482765,829.6813915482765,823.1371406128101,828.7723140605646,896.7862849683642
827.5066886599404,827.5066886599404,823.9757104988206,828.6405554970358,896.7862849683642
829.2754737600854,829.2754737600854,828.0655245344981,829.7754119827323,896.7862849683642
823.7009744861738,823.7009744861738,828.6843059007675,829.253015626788,896.7862849683642
827.5188994172177,827.5188994172177,832.0733214649108,829.0938623518714,896.7862849683642
824.4875409697302,824.4875409697302,834.9905975674832,829.6257280897797,896.7862849683642
828.8507181177199,828.8507181177199,835.0306218528247,829.7347565415753,896.7862849683642
830.833244843954,830.833244843954,829.197726359275,829.2531005284037,896.7862849683642
826.9397006329759,826.9397006329759,825.6942298335404,828.1352897839116,896.7862849683642
829.4604650083763,829.4604650083763,827.215407959565,827.7736613610285,896.7862849683642
828.0098919922316,828.0098919922316,825.4338807945114,827.4470880657443,896.7862849683642
826.3619685586438,826.3619685586438,824.2911653421546,827.3769694901089,896.7862849683642
827.892271970827,827.892271970827,820.3473549324592,827.2288182767034,896.7862849683642
828.5270156961037,828.5270156961037,822.2210462714777,827.4979151288134,896.7862849683642
828.5608831312429,828.5608831312429,821.5374930347289,827.71662492358,896.7862849683642
828.433433759901,828.433433759901,824.5405726322424,828.6665119609872,896.7862849683642
830.1410564394465,830.1410564394465,825.3730206023076,828.9058940686773,896.7862849683642
828.3721545426316,828.3721545426316,827.4056927567639,827.9339380645087,896.7862849683642
830.7661964487932,830.7661964487932,825.9103163007534,826.9312135484247,896.7862849683642
829.0329477248574,829.0329477248574,822.6564008279945,826.342632353038,896.7862849683642
827.9080627768474,827.9080627768474,820.1120579099918,826.9947025385886,896.7862849683642
827.8808976845102,827.8808976845102,815.8596756570241,826.1721995636531,896.7862849683642
824.0599462258817,824.0599462258817,814.8653880119151,825.9029351637838,896.7862849683642
827.9489212364629,827.9489212364629,812.8280889667785,824.920940065254,896.7862849683642
827.6427375576012,827.6427375576012,811.6034307067155,823.8779044973725,896.7862849683642
826.5704192836585,826.5704192836585,811.7666834088016,824.5921331783507,896.7862849683642
825.6081001588439,825.6081001588439,808.8130937560946,823.7773324178145,896.7862849683642
827.7262744372325,827.7262744372325,810.6646466901846,824.2327040902009,896.7862849683642
824.0026152012122,824.0026152012122,817.9990439893343,824.8172876184917,896.7862849683642
829.7417265052821,829.7417265052821,821.9294862351126,824.5153642144558,896.7862849683642
827.970782192097,827.970782192097,825.2013690911466,825.2254724616429,896.7862849683642
825.7991042676683,825.7991042676683,831.1029650831267,824.6978096863579,896.7862849683642
824.863257283346,824.863257283346,833.83112677399,825.1847883541403,896.7862849683642
827.845387445226,827.845387445226,836.0527886883441,824.8271732025578,896.7862849683642
829.5139843512302,829.5139843512302,834.4854741768904,824.4046295472307,896.7862849683642
829.0454368752621,829.0454368752621,827.1102314255377,823.5451996349937,896.7862849683642
828.4149966876305,828.4149966876305,829.2024290487668,822.1136461845473,896.7862849683642
827.0755864883831,827.0755864883831,830.6557862582555,823.1253876098198,896.7862849683642
828.750085927442,828.750085927442,825.7316506594477,823.1495332663419,896.7862849683642
826.3212137079754,826.3212137079754,825.5725407676676,824.1265912205079,896.7862849683642
826.7159832077168,826.7159832077168,826.6214062126685,824.1011709242256,896.7862849683642
826.248962004637,826.248962004637,826.4346218069325,824.3328276776119,896.7862849683642
825.3372526734016,825.3372526734016,826.8491659653497,824.7917120436425,896.7862849683642
830.6157701492717,830.6157701492717,824.2810278500774,824.8134515354891,896.7862849683642
823.475882505197,823.475882505197,829.4353041827778,825.8270047132048,896.7862849683642
825.8680516647858,825.8680516647858,830.8689304700196,825.8554031008169,896.7862849683642
824.0285936395696,824.0285936395696,831.5432633106238,825.9924857141235,896.7862849683642
829.5131974283785,829.5131974283785,834.4161248578703,826.4679953844699,896.7862849683642
831.1238588144264,831.1238588144264,836.2821313902762,826.3234744346704,896.7862849683642
823.9895140220822,823.9895140220822,836.2983071692373,826.7344285919156,896.7862849683642
828.3552878196547,828.3552878196547,835.0663541106221,826.4870136237882,896.7862849683642
828.6989099956137,828.6989099956137,836.3801457550284,826.8137147288533,896.7862849683642
826.2414725383685,826.2414725383685,835.0507212760542,826.1887513919536,896.7862849683642
824.6380204959195,824.6380204959195,832.7350136874902,825.6235930928335,896.7862849683642
831.3442320284914,831.3442320284914,830.6740310855408,825.5471466373307,896.7862849683642
829.083869411658,829.083869411658,833.9121438363427,825.6397123545888,896.7862849683642
829.5706501262,829.5706501262,833.7575854718409,825.7378784379267,896.7862849683642
832.7308887801385,832.7308887801385,830.5001353540271,826.7284771834202,896.7862849683642
826.830731257789,826.830731257789,831.4800539241426,827.4806392527908,896.7862849683642
823.172218125629,823.172218125629,831.4746770425321,827.5862824085089,896.7862849683642
828.0867132055241,828.0867132055241,827.6502345235488,826.9302843695955,896.7862849683642
824.8249673625446,824.8249673625446,826.6329773335398,827.2820771271304,896.7862849683642
828.9256756509415,828.9256756509415,823.3445860947052,826.788197624403,896.7862849683642
825.790792696017,825.790792696017,821.0006025207592,825.3795043426898,896.7862849683642
828.9582401028473,828.9582401028473,822.7631860855943,825.7922852475037,896.7862849683642
826.6739004118076,826.6739004118076,823.970656576918,825.5257291435239,896.7862849683642
825.2423447795828,825.2423447795828,828.2347425526223,826.3102228279898,896.7862849683642
828.2406850694163,828.2406850694163,827.4459867621563,826.7365359844986,896.7862849683642
829.3668047576989,829.3668047576989,827.6366912543114,827.8259142435024,896.7862849683642
826.327191622251,826.327191622251,826.9639558104225,828.4477934049946,896.7862849683642
826.433361102043,826.433361102043,834.2767510797652,829.7632230035504,896.7862849683642
824.871858769618,824.871858769618,830.5588178902675,830.221905573779,896.7862849683642
828.1908438228834,828.1908438228834,832.2261016342478,830.2603403488694,896.7862849683642
825.5931240381299,825.5931240381299,837.8485502413885,830.3835965976119,896.7862849683642
829.0826629146123,829.0826629146123,835.4811468805516,830.567828482271,896.7862849683642
826.7970819505492,826.7970819505492,830.2386371474822,829.22011989126,896.7862849683642
831.5799034363854,831.5799034363854,823.1249492473074,829.1725939262323,896.7862849683642
825.557028635814,825.557028635814,824.1132301071002,829.426252667882,896.7862849683642
829.5680934360597,829.5680934360597,821.2814234990896,828.4823901454536,896.7862849683642
828.8343533530824,828.8343533530824,812.7862783250217,826.6191518229764,896.7862849683642
827.5408914170034,827.5408914170034,804.0448456189919,825.5319183091193,896.7862849683642
826.6630934675377,826.6630934675377,804.487273025655,824.8987671622848,896.7862849683642
826.4206809823814,826.4206809823814,804.097287673859,824.3135725288431,896.7862849683642
822.9658772102983,822.9658772102983,802.4693109814509,823.6669010562333,896.7862849683642
829.1998922061628,829.1998922061628,801.5465362875552,823.9800409044038,896.7862849683642
827.6500151739333,827.6500151739333,801.7650198646631,824.1510775790849,896.7862849683642
825.9715904084463,825.9715904084463,803.265376589498,823.9851834343784,896.7862849683642
831.121107543665,831.121107543665,800.1852130877646,823.3321380337838,896.7862849683642
831.7328461070334,831.7328461070334,805.3201247161489,824.4000849567939,896.7862849683642
825.1442620898914,825.1442620898914,814.804832975021,824.4656102644469,896.7862849683642
827.2980976542088,827.2980976542088,819.6067143559665,824.1289799377789,896.7862849683642
826.6784921607249,826.6784921607249,821.0273214288061,823.8173070866594,896.7862849683642
827.2957721285273,827.2957721285273,825.1941332258482,823.9825659809429,896.7862849683642
829.061581777676,829.061581777676,824.202434240452,823.6511823343081,896.7862849683642
827.941187287671,827.941187287671,829.2120734547946,823.9353947588074,896.7862849683642
825.4639961803539,825.4639961803539,829.1154580533064,823.8003830957424,896.7862849683642
830.6679341661667,830.6679341661667,828.5697490689065,823.390480586035,896.7862849683642
832.1772454331976,832.1772454331976,827.1361060781497,821.8761342778397,896.7862849683642
827.6757768305439,827.6757768305439,816.9941343897356,820.5424855566856,896.7862849683642
826.9815804963159,826.9815804963159,813.5293047001115,819.9118097706217,896.7862849683642
829.3594384527923,829.3594384527923,809.9371640352455,819.1031419227035,896.7862849683642
829.8733044828836,829.8733044828836,808.4265863881581,818.2265952132855,896.7862849683642
826.9873783023619,826.9873783023619,810.0969112111466,818.9918039679613,896.7862849683642
824.0741701936809,824.0741701936809,811.1265768624645,819.329494969303,896.7862849683642
831.139375663471,831.139375663471,807.0125422217559,819.2030969860504,896.7862849683642
828.0736762863262,828.0736762863262,808.1604747266435,818.6500492738028,896.7862849683642
824.2757789748181,824.2757789748181,813.9177655057257,819.4225165928119,896.7862849683642
825.4655583601858,825.4655583601858,819.3898376398462,819.6540747350034,896.7862849683642
830.2734363837409,830.2734363837409,824.0892765972283,819.0643300913027,896.7862849683642
828.4348678033502,828.4348678033502,825.2431969948641,818.6655137610883,896.7862849683642
829.9313658852351,829.9313658852351,828.3900141759643,819.2510978531869,896.7862849683642
824.5893642045884,824.5893642045884,832.3015275415233,819.3603052548821,896.7862849683642
826.0268873299706,826.0268873299706,827.9502433926898,819.9129354275581,896.7862849683642
828.872197759672,828.872197759672,827.741774615319,820.677729388215,896.7862849683642
829.2278807320013,829.2278807320013,829.3273336800423,820.51592650494,896.7862849683642
829.0100651590321,829.0100651590321,830.1084607635041,819.8776101111199,896.7862849683642
830.2699990668935,830.2699990668935,825.9230264596848,818.9601733742244,896.7862849683642
826.4406686788525,826.4406686788525,817.665181956092,817.6979137737907,896.7862849683642
827.4639445822653,827.4639445822653,818.9748654194029,817.331964924321,896.7862849683642
826.6014386425297,826.6014386425297,821.734701513602,817.619662901724,896.7862849683642
829.0012840283971,829.0012840283971,822.7495890170136,816.9456654406366,896.7862849683642
823.6087679409434,823.6087679409434,821.9362863634082,817.6357989495101,896.7862849683642
824.9138202746726,824.9138202746726,820.4608298628837,817.5598810732855,896.7862849683642
822.5655188793415,822.5655188793415,821.5094947386493,817.409918287667,896.7862849683642
825.6536782750238,825.6536782750238,818.1872845158731,817.0571540320042,896.7862849683642
827.2445163015125,827.2445163015125,819.7852500150257,817.7869326846284,896.7862849683642
829.8082440657367,829.8082440657367,819.4635849016479,818.2279005050925,896.7862849683642
824.2347291275499,824.2347291275499,821.9241842339497,817.2601045991605,896.7862849683642
828.2584077037109,828.2584077037109,820.6194964556814,817.1995795156395,896.7862849683642
827.207600925218,827.207600925218,820.0592633168683,819.0742599000934,896.7862849683642
827.7143901665595,827.7143901665595,819.8268429763644,820.1020649121109,896.7862849683642
823.7051951468536,823.7051951468536,819.5036802712973,820.6390803986386,896.7862849683642
828.6707137103538,828.6707137103538,824.7406728682097,821.6885581121555,896.7862849683642
826.4179409675754,826.4179409675754,827.0714391649497,822.3303439243668,896.7862849683642
825.8366339441071,825.8366339441071,831.1142073089438,822.9706882362822,896.7862849683642
827.9899096133548,827.9899096133548,830.9892316002886,823.6317750317536,896.7862849683642
830.9730116318898,830.9730116318898,829.2418455270351,823.4231942926,896.7862849683642
824.3966250746353,824.3966250746353,834.1497554719232,824.0530130759922,896.7862849683642
827.9697763511931,827.9697763511931,834.9115224969134,823.1178590717925,896.7862849683642
822.2801835486904,822.2801835486904,829.7288387145521,822.0590610479995,896.7862849683642
830.2316517933982,830.2316517933982,827.6566197822,821.7120459973574,896.7862849683642
832.3441669310828,832.3441669310828,826.0193184465339,821.637479802184,896.7862849683642
827.9844407987448,827.9844407987448,821.5039808536861,820.9505276377231,896.7862849683642
826.9645548819359,826.9645548819359,820.8394594106273,821.657748958402,896.7862849683642
826.86875987822,826.86875987822,820.1790970330267,821.1640929519283,896.7862849683642
823.3279969959823,823.3279969959823,817.8957215910782,821.387827739308,896.7862849683642
822.3797988477115,822.3797988477115,818.4979356709522,821.4088316130093,896.7862849683642
823.2306828788269,823.2306828788269,817.1458802200208,822.0549679043663,896.7862849683642
828.0062850575009,828.0062850575009,825.4025920110209,824.7995505960494,896.7862849683642
827.0871537130603,827.0871537130603,830.2884789929589,825.410895906569,896.7862849683642
828.454519719277,828.454519719277,829.3474418050039,825.5941015513091,896.7862849683642
828.6303492207281,828.6303492207281,829.7414250646361,825.9004475374796,896.7862849683642
828.6260722690162,828.6260722690162,826.8215956206202,824.2954645196178,896.7862849683642
823.487543172348,823.487543172348,830.7817010961251,825.588773805134,896.7862849683642
826.4765142183089,826.4765142183089,829.6483708400859,825.6912586755943,896.7862849683642
826.0809269087366,826.0809269087366,833.5549803945502,826.4667288728895,896.7862849683642
826.6430139341742,826.6430139341742,835.3205347275882,825.6893854573816,896.7862849683642
824.3600576305989,824.3600576305989,832.2135393480783,824.6197082460127,896.7862849683642
826.1514594184898,826.1514594184898,827.9308436261572,825.5678640018351,896.7862849683642
829.8114106762026,829.8114106762026,826.33212982782,825.6286824731603,896.7862849683642
826.5230692496646,826.5230692496646,833.2064553022686,826.5573897765701,896.7862849683642
829.2462341732087,829.2462341732087,833.9054117696784,826.2212243831108,896.7862849683642
822.3356746229215,822.3356746229215,837.5473031941556,826.2148764799111,896.7862849683642
828.8929600757084,828.8929600757084,831.2982862697739,826.3000761360252,896.7862849683642
826.2496246191815,826.2496246191815,834.2627601713482,826.6783439738555,896.7862849683642
826.6520254085212,826.6520254085212,830.4679732025883,826.5386313607062,896.7862849683642
828.7322821266316,828.7322821266316,831.2461377387069,826.7540077131862,896.7862849683642
822.7875728227255,822.7875728227255,833.6318197957595,827.8130358139464,896.7862849683642
824.4478247110233,824.4478247110233,828.8140134701678,827.5356936119881,896.7862849683642
824.7253743800123,824.7253743800123,830.0403658551811,827.2898153414762,896.7862849683642
826.7712192641472,826.7712192641472,827.2627537970651,827.4600227325805,896.7862849683642
828.0776772500441,828.0776772500441,823.8151861238105,826.5970043351912,896.7862849683642
826.6083783052927,826.6083783052927,822.7174179993024,826.6661941071948,896.7862849683642
832.542118033309,832.542118033309,825.5592034931913,827.1100178869336,896.7862849683642
831.3101355841795,831.3101355841795,825.9915882349189,828.2392047176647,896.7862849683642
828.8868674072971,828.8868674072971,827.1985506298345,828.021291483668,896.7862849683642
827.4484661515063,827.4484661515063,828.1201522810728,828.485321189071,896.7862849683642
825.9565212628572,825.9565212628572,827.380246345321,828.9042482362206,896.7862849683642
825.4121241129925,825.4121241129925,831.490523018149,829.7098989244815,896.7862849683642
828.6730902562786,828.6730902562786,830.5085952379792,829.3796817256982,896.7862849683642
825.7674572645486,825.7674572645486,827.4978559360986,828.9942253245271,896.7862849683642
821.5325178196831,821.5325178196831,830.649894036758,828.8262470882834,896.7862849683642
828.3725290125049,828.3725290125049,835.2938291364947,828.776825360852,896.7862849683642
830.670667087617,830.670667087617,830.2071293082657,827.7371559155966,896.7862849683642
829.6599097877277,829.6599097877277,830.5354821812356,828.123459692123,896.7862849683642
826.3574032656248,826.3574032656248,833.8724834951472,828.5979418626396,896.7862849683642
828.5693501364663,828.5693501364663,829.8507651482499,828.607105113314,896.7862849683642
826.8098820618081,826.8098820618081,828.8147411993566,827.8372453817074,896.7862849683642
826.7337993228243,826.7337993228243,826.8497287931954,828.097540183738,896.7862849683642
827.8335360185785,827.8335360185785,824.0877102454793,828.2514560318835,896.7862849683642
828.6957747248227,828.6957747248227,827.1867668749144,828.9002547430701,896.7862849683642
827.0752952316699,827.0752952316699,826.2203461919571,828.866452637368,896.7862849683642
829.1788943338178,829.1788943338178,825.7458581208139,829.6252008142775,896.7862849683642
824.896439805047,824.896439805047,831.3397862590091,829.8372212852731,896.7862849683642
824.6784583148841,824.6784583148841,828.8328443278613,829.8542091510902,896.7862849683642
827.8825819222463,827.8825819222463,830.2166296846779,831.0621234813598,896.7862849683642
