Average Episodic Reward,Average Episodic N-Reward,Avg Reward (last 10),Avg Reward (last 50),Best Reward
443.352697102936,443.352697102936,495.11570544128296,495.11570544128296,495.11570544128296
441.08072391404596,441.08072391404596,422.5740078473192,422.5740078473192,495.11570544128296
442.1735309537016,442.1735309537016,426.9479129192268,426.9479129192268,495.11570544128296
438.16976952765674,438.16976952765674,442.76776444131906,442.76776444131906,495.11570544128296
444.51253731627236,444.51253731627236,453.9951749059281,453.9951749059281,498.9048167643639
440.9278863069448,440.9278863069448,450.59664152704227,450.59664152704227,498.9048167643639
441.417675159966,441.417675159966,451.4616050644512,451.4616050644512,498.9048167643639
441.7376251962389,441.7376251962389,452.0521564516774,452.0521564516774,498.9048167643639
439.1068871545481,439.1068871545481,447.9320149033056,447.9320149033056,498.9048167643639
441.4169420374495,441.4169420374495,443.6895144437134,443.6895144437134,498.9048167643639
441.7594622134209,441.7594622134209,442.5500962558881,447.32878800001487,498.9048167643639
439.39062774898065,439.39062774898065,451.99463902877943,447.091200498536,498.9048167643639
438.1689586569757,438.1689586569757,446.62610778147643,442.084985890188,498.9048167643639
439.4875097667365,439.4875097667365,435.2615855674227,437.40620810282155,498.9048167643639
441.60326118490923,441.60326118490923,426.50079212456893,435.66558638502187,498.9048167643639
443.8974882545814,443.8974882545814,426.28662548348467,435.4028814998187,498.9048167643639
442.8402192243433,442.8402192243433,422.8462891496927,434.6290662910638,498.9048167643639
439.7827680934975,439.7827680934975,420.79725983977085,434.6883250006182,498.9048167643639
441.5024570536927,441.5024570536927,422.85081756224326,434.7313847237992,498.9048167643639
441.9356754771038,441.9356754771038,423.18186374383504,433.4356890937744,498.9048167643639
442.933159371903,442.933159371903,419.26816596004085,433.9665870285988,498.9048167643639
440.9443830704591,440.9443830704591,414.685714873346,432.36143430526795,498.9048167643639
446.3398253614963,446.3398253614963,419.7682958954868,432.38207719683976,498.9048167643639
437.6712643524807,437.6712643524807,427.1094266536834,433.11588249901405,498.9048167643639
443.1777392155202,443.1777392155202,431.6211841018659,434.0478254717595,498.9048167643639
440.36889618182875,440.36889618182875,431.1904774332411,433.7827260895965,498.9048167643639
447.3730395099738,447.3730395099738,439.11135154933345,436.2891719422748,501.4567641119098
438.84756779308987,438.84756779308987,437.9239645545455,435.8439105555922,501.4567641119098
444.29773161575446,444.29773161575446,437.0055008590058,435.5155627014566,501.4567641119098
442.1694874605713,442.1694874605713,439.2287450423596,435.3667077433027,501.4567641119098
446.880091710218,446.880091710218,443.0430487242015,436.89447789814795,501.4567641119098
442.7755439498975,442.7755439498975,446.43937106621877,436.760789543065,501.4567641119098
436.76443333360896,436.76443333360896,445.34011683311553,436.308755874499,501.4567641119098
443.36733503461227,443.36733503461227,441.3323393135332,435.53248744446086,501.4567641119098
440.69102927359853,440.69102927359853,443.35333639857964,436.7065428794224,501.4567641119098
441.7190882599589,441.7190882599589,447.83265537127744,437.68548422339677,501.4567641119098
449.3542696156092,449.3542696156092,445.3819439700924,438.74667789573897,501.4567641119098
439.20110398068107,439.20110398068107,450.52378394240003,439.70703513106787,501.4567641119098
446.6658756449111,446.6658756449111,450.95800586978567,439.47516351384866,501.4567641119098
447.3292300740583,447.3292300740583,448.1469263441968,438.56176239352624,501.4567641119098
440.9239838492886,440.9239838492886,441.6333058932578,438.05028960427234,501.4567641119098
442.34979929678127,442.34979929678127,439.74875281906543,437.47220937068425,501.4567641119098
441.3020338940112,441.3020338940112,436.9052304949904,436.44747090252037,501.4567641119098
436.0734571175489,436.0734571175489,441.1136293983641,436.8009287976207,501.4567641119098
443.8621146766137,443.8621146766137,434.5339127998985,436.2237361950838,501.4567641119098
444.93659022769947,444.93659022769947,430.06093690270717,436.0279739362904,501.4567641119098
444.91858542799287,444.91858542799287,424.9322582256406,435.8074396680585,501.4567641119098
439.5052829442326,439.5052829442326,421.5719248093425,435.9288871473752,501.4567641119098
441.4063863101975,441.4063863101975,421.31260055908353,435.76851801287626,501.4567641119098
435.8800949126552,435.8800949126552,425.60735294342396,435.97088050350584,501.4567641119098
442.41766216873935,442.41766216873935,424.86574852244803,434.27207307116726,501.4567641119098
437.43884176509744,437.43884176509744,432.0330766381109,436.98031088510413,501.4567641119098
443.68951983407374,443.68951983407374,433.7901156339153,436.48597332779684,501.4567641119098
441.60059885186865,441.60059885186865,431.2416465325597,435.2117254931126,501.4567641119098
448.5827815925861,448.5827815925861,426.93394160962737,432.58863340690806,501.4567641119098
436.12881616992274,436.12881616992274,428.95736186621355,432.8656114113847,501.4567641119098
441.79928239565,441.79928239565,430.2409416125166,432.5025569014552,501.4567641119098
441.75214744448107,441.75214744448107,432.66422108569776,432.69623084635134,501.4567641119098
436.3482619947915,436.3482619947915,431.7692896420711,432.7792428984379,501.4567641119098
439.3127783727564,439.3127783727564,432.12591245122314,433.6581601050077,501.4567641119098
443.2669704195134,443.2669704195134,438.1389644592732,433.3898467118443,501.4567641119098
445.25619059175983,445.25619059175983,432.50549154644597,433.08248138863746,501.4567641119098
438.5412844011773,438.5412844011773,430.5510367967865,433.2709591308589,501.4567641119098
440.61336963348475,440.61336963348475,423.56539301209796,432.87248698204763,501.4567641119098
439.61498194804597,439.61498194804597,434.1615171584014,434.1207784136745,501.4567641119098
440.1283836044055,440.1283836044055,429.34891654434915,433.4780696235577,501.4567641119098
443.240410575922,443.240410575922,432.8587165400694,434.5050423795305,501.4567641119098
439.5927752756638,439.5927752756638,430.0402019225361,434.54481926290435,501.4567641119098
445.64589950477534,445.64589950477534,429.6574578765074,434.14057096129073,501.4567641119098
439.16399947025343,439.16399947025343,429.6429719715508,434.9503817505509,501.4567641119098
444.46930968333413,444.46930968333413,423.57043602265776,434.2503007243676,501.4567641119098
439.4145386841925,439.4145386841925,419.63415401218936,434.07216921640605,501.4567641119098
443.8751894184999,443.8751894184999,425.13180840438065,434.3436616326376,501.4567641119098
444.5081787077312,444.5081787077312,431.44299004979314,433.7391996612696,501.4567641119098
438.66368795960375,438.66368795960375,425.0092525500677,432.7983921033149,501.4567641119098
434.0209984841895,434.0209984841895,431.49126490732954,433.53822711837546,501.4567641119098
439.58016639823336,439.58016639823336,423.67873456653587,431.418518982971,501.4567641119098
440.6871340874459,440.6871340874459,419.30643646266265,430.82131364452783,501.4567641119098
444.33127108058756,444.33127108058756,424.46317658562475,431.6321061066145,501.4567641119098
436.5672481250222,436.5672481250222,425.16295722211925,432.1372241865028,501.4567641119098
442.9453762998969,442.9453762998969,427.47555420250694,431.1368018200287,501.4567641119098
438.59189033077337,438.59189033077337,430.95801241699337,430.975897486561,501.4567641119098
441.1035257960154,441.1035257960154,432.0206743943484,431.6797731448842,501.4567641119098
439.39194644865233,439.39194644865233,428.42575176394394,431.1578821513517,501.4567641119098
440.4952549568695,440.4952549568695,428.9787136977776,429.92346756315453,501.4567641119098
444.9447615297732,444.9447615297732,422.4576344038154,428.463222924883,501.4567641119098
447.49263311397453,447.49263311397453,424.78536150497956,427.2992024899484,501.4567641119098
445.8037439311505,445.8037439311505,429.5212163499191,426.62080012603167,501.4567641119098
435.15492803949144,435.15492803949144,423.2754453589805,426.0955940044535,501.4567641119098
448.84398929238296,448.84398929238296,422.97149312204857,427.1021375420731,501.4567641119098
440.71877921034235,440.71877921034235,416.80938708514225,426.17201805840557,501.4567641119098
448.48811315238817,448.48811315238817,417.73889640195813,426.57392620313954,501.4567641119098
441.6090394534074,441.6090394534074,419.99465169394654,428.2976573846756,501.4567641119098
443.6719308362527,443.6719308362527,429.87601246144914,428.9103587639688,501.4567641119098
441.58782832548076,441.58782832548076,431.4510226996751,429.3068895431099,501.4567641119098
444.57789710845407,444.57789710845407,439.2325182077851,430.2975391858986,501.4567641119098
441.2193677021272,441.2193677021272,444.17762786762904,431.14827641834614,501.4567641119098
446.5180415226954,446.5180415226954,441.1590199817924,430.5382191605217,501.4567641119098
440.26428026166315,440.26428026166315,450.66297453437363,431.96566879951155,501.4567641119098
445.2397842589076,445.2397842589076,448.95238916677465,431.77114478674326,501.4567641119098
449.4025473759196,449.4025473759196,458.101696018507,432.8192075576174,501.4567641119098
451.610158243353,451.610158243353,457.4143792320964,431.6501867219367,501.4567641119098
449.50773892983597,449.50773892983597,451.0686055411714,431.7533553661267,501.4567641119098
439.03787149673815,439.03787149673815,450.08561761009526,432.6791529794758,501.4567641119098
439.39537102274755,439.39537102274755,454.41456581259416,434.8030143837031,501.4567641119098
437.97917059126956,437.97917059126956,452.2474179596562,434.95555040458703,501.4567641119098
439.54355442879984,439.54355442879984,444.07590735697613,433.91526956723794,501.4567641119098
444.0435389986869,444.0435389986869,448.2282302261403,433.6510209886101,501.4567641119098
446.2705987271575,446.2705987271575,444.6163033337667,434.5350715378506,501.4567641119098
442.4337750491619,442.4337750491619,445.74001564509,434.4939654255166,501.4567641119098
437.9658502923901,437.9658502923901,448.2440229846367,434.84021926269,501.4567641119098
444.72203829741056,444.72203829741056,449.95539614264817,435.14016764117713,501.4567641119098
443.27422449191357,443.27422449191357,455.41374279933507,436.7258965666364,501.4567641119098
443.4613435786336,443.4613435786336,459.8185901861084,439.929792414278,516.8532818085747
444.196807390341,444.196807390341,457.339202845411,439.438551521105,516.8532818085747
438.85949745724565,438.85949745724565,456.9037326881461,440.4665136333465,516.8532818085747
442.0721789779281,442.0721789779281,460.3090687281557,439.40534000485525,516.8532818085747
441.0031129662906,441.0031129662906,459.67974809422486,439.5789302229478,516.8532818085747
440.24825602651583,440.24825602651583,456.8153281110593,439.966645584761,516.8532818085747
446.01013128563864,446.01013128563864,455.7181373579533,439.70899850279716,516.8532818085747
443.26621301354055,443.26621301354055,448.6276536264415,439.8516627834469,516.8532818085747
443.9157233134683,443.9157233134683,446.77778391468456,440.5688936216762,516.8532818085747
439.35109720971565,439.35109720971565,450.13895031479916,441.72732494872014,516.8532818085747
436.9342068697475,436.9342068697475,446.8792827589303,443.01705095610544,516.8532818085747
443.9080069202502,443.9080069202502,447.8907314896134,444.01484730901427,516.8532818085747
445.4756737225902,445.4756737225902,450.2392414808596,444.2161089480525,516.8532818085747
443.29767472356764,443.29767472356764,454.58678238138174,445.5869495678245,516.8532818085747
444.8676775793715,444.8676775793715,457.5939272380653,447.23642837802845,516.8532818085747
439.7616984001042,439.7616984001042,457.8862380400163,446.65125787563926,516.8532818085747
439.74878347817287,439.74878347817287,459.70484578709045,446.61737621579135,516.8532818085747
442.35034166036553,442.35034166036553,458.74492046016786,446.105536034979,516.8532818085747
438.47452499266126,438.47452499266126,460.0930298068949,446.3958970996563,516.8532818085747
437.7151579203284,437.7151579203284,447.2901567976758,444.7812214293856,516.8532818085747
441.51774856859805,441.51774856859805,441.67783009374915,445.6674666220664,516.8532818085747
437.5268656351735,437.5268656351735,436.93434680278796,445.6059739300163,516.8532818085747
440.8812985834863,440.8812985834863,433.7215616251673,446.46889439232285,516.8532818085747
445.48006385978164,445.48006385978164,433.41454512027275,447.3127862908831,516.8532818085747
440.81065131730134,440.81065131730134,432.76514819596997,447.8852147472386,516.8532818085747
439.63042897375016,439.63042897375016,430.80288433104107,448.1567456700514,516.8532818085747
443.78926553176564,443.78926553176564,426.10917118200604,447.2449118277829,516.8532818085747
439.4315353773785,439.4315353773785,432.4498234045479,449.2336232988602,516.8532818085747
444.41759234914366,444.41759234914366,433.45823825263795,449.5397654697924,516.8532818085747
437.01539773271304,437.01539773271304,438.0421093181247,448.3907129542212,516.8532818085747
439.73928945361405,439.73928945361405,439.9907826464479,447.69042065906615,516.8532818085747
439.78800311573235,439.78800311573235,439.1181874333861,447.1394068767585,516.8532818085747
438.5900003584178,438.5900003584178,446.5484368234769,447.9320781154613,516.8532818085747
441.7516202458239,441.7516202458239,447.75674235790336,448.028609188938,516.8532818085747
444.3274214655903,444.3274214655903,441.4911166382046,447.951634078521,516.8532818085747
447.5058251146464,447.5058251146464,443.74214319140935,446.7725794014586,516.8532818085747
440.4308260628399,440.4308260628399,443.370510601491,446.12853611472616,516.8532818085747
442.33912887641645,442.33912887641645,443.2463511130445,446.2625543177677,516.8532818085747
437.4961167300956,437.4961167300956,438.71690629052046,445.8002708814772,516.8532818085747
440.18138091587434,440.18138091587434,438.4299846541896,445.8629887768248,516.8532818085747
442.6684459211878,442.6684459211878,432.0589551428722,444.0850881656216,516.8532818085747
442.0647606494712,442.0647606494712,432.14667001922845,442.6858277180854,516.8532818085747
441.53145932042503,441.53145932042503,429.5594686977185,443.39448826307375,516.8532818085747
436.90436812721106,436.90436812721106,424.8471895952912,444.182865636601,516.8532818085747
443.4549874302184,443.4549874302184,422.57347282539195,442.82068259837126,516.8532818085747
439.77753022479317,439.77753022479317,420.5516800137528,441.9596547374557,516.8532818085747
441.04804335322547,441.04804335322547,415.77388323418853,440.13530963254584,516.8532818085747
439.7017641353044,439.7017641353044,413.6472068519556,439.3431910912314,516.8532818085747
440.48325861595333,440.48325861595333,421.7240072870912,440.1539931103658,516.8532818085747
439.5854315839507,439.5854315839507,427.27774112025037,440.2357884410079,516.8532818085747
438.7582005565233,438.7582005565233,430.06439299869135,438.1342487281382,516.8532818085747
440.57766495617557,440.57766495617557,439.08046662269845,439.0340804735429,516.8532818085747
438.6697516561564,438.6697516561564,440.91586736571537,440.19691519858753,516.8532818085747
445.92840903784287,445.92840903784287,443.02833236187655,440.7267183633451,516.8532818085747
441.78845896641025,441.78845896641025,455.5230360896714,441.98934019746065,516.8532818085747
442.6698373020882,442.6698373020882,460.2309579729578,442.6427807098355,516.8532818085747
449.36094072839364,449.36094072839364,462.9129875767113,441.5742796762975,516.8532818085747
440.08769308640484,440.08769308640484,467.5596851458534,443.1295973951139,516.8532818085747
440.60850086709036,440.60850086709036,462.01487632538675,443.2014115925062,516.8532818085747
443.98093390004135,443.98093390004135,458.0163182257417,441.8112620231965,516.8532818085747
440.78810581695717,440.78810581695717,460.897306340533,440.93785344445877,516.8532818085747
443.9948378546685,443.9948378546685,454.57639007515417,440.3712121906511,516.8532818085747
439.64977723946424,439.64977723946424,444.73593321176605,439.09625354476884,516.8532818085747
444.40818376793163,444.40818376793163,442.31468372179614,438.27229863142804,516.8532818085747
438.43904175653284,438.43904175653284,432.66074433185247,437.002703616218,516.8532818085747
443.38168854726166,443.38168854726166,433.3940568397037,437.7443444697729,516.8532818085747
439.0168344516698,439.0168344516698,443.91315095045627,438.41594070897065,516.8532818085747
440.5164643223444,440.5164643223444,432.788519293598,437.93831716179994,516.8532818085747
442.5425548425829,442.5425548425829,430.6404092311016,437.3108874773476,516.8532818085747
440.13468941621,440.13468941621,435.01949708193706,439.3571300800486,516.8532818085747
445.34406583444195,445.34406583444195,436.02545424994116,439.80737827569715,516.8532818085747
440.09115973697794,440.09115973697794,436.423050372109,440.26895290451523,516.8532818085747
436.9171376981318,436.9171376981318,442.43690673189985,440.8393225661153,516.8532818085747
442.0509305602721,442.0509305602721,444.5468494588872,440.4987594991508,516.8532818085747
445.91854951278054,445.91854951278054,445.82532396923114,439.61473877087025,516.8532818085747
441.3547036367699,441.3547036367699,445.9540803661406,440.7745836767929,516.8532818085747
435.8358754311358,435.8358754311358,445.9448218847726,442.38307084952385,516.8532818085747
437.58958796302767,437.58958796302767,451.112556784182,441.6708638377267,516.8532818085747
443.8923996846228,443.8923996846228,453.5284359907847,441.324927024977,516.8532818085747
439.24222108641123,439.24222108641123,454.11264978100735,442.5712381726252,516.8532818085747
441.242125658341,441.242125658341,457.04397824041763,443.2180173944911,516.8532818085747
446.4038979914222,446.4038979914222,460.32495440869735,444.5103062995775,516.8532818085747
441.1025172251523,441.1025172251523,460.3873420332379,443.60710360806746,516.8532818085747
447.98046825666506,447.98046825666506,465.53129805955285,444.05367063948074,516.8532818085747
441.8757670827316,441.8757670827316,469.64921169428226,445.24635778208585,516.8532818085747
438.21912427795235,438.21912427795235,466.96856204442264,445.4198674473956,516.8532818085747
438.98308847829026,438.98308847829026,463.19417026106873,446.34780278143955,516.8532818085747
442.9486560850202,442.9486560850202,462.55863302231717,445.5333202195813,516.8532818085747
440.1391095038244,440.1391095038244,462.1759704255148,446.0167398519758,516.8532818085747
439.11021151393413,439.11021151393413,450.88444960761336,445.06213116330997,516.8532818085747
438.5587967048223,438.5587967048223,445.43216374422553,445.8926591147617,516.8532818085747
441.2550872183344,441.2550872183344,445.5688439557995,447.19474108689167,516.8532818085747
449.86942751886056,449.86942751886056,446.50832524384407,446.99687491729264,516.8532818085747
441.6526400772072,441.6526400772072,442.37653298809926,447.5595393180424,516.8532818085747
442.51825166611206,442.51825166611206,440.00730449731384,448.73312411647026,516.8532818085747
440.3557720589472,440.3557720589472,441.4136754426254,449.59226653317006,516.8532818085747
445.94632797867916,445.94632797867916,451.8903682599004,453.57109978658184,555.1219724442735
436.8505249109634,436.8505249109634,451.2797414949021,453.0598271481706,555.1219724442735
439.05903143877947,439.05903143877947,451.55913957533966,451.9837663096255,555.1219724442735
441.84002498231973,441.84002498231973,464.24874326076934,452.4563315914137,555.1219724442735
446.44634062258797,446.44634062258797,466.6339296221994,453.20656643946336,555.1219724442735
442.9739887821445,442.9739887821445,464.704616357191,452.3195710337903,555.1219724442735
444.95243397638916,444.95243397638916,461.6381880120367,451.141339046557,555.1219724442735
446.128966588244,446.128966588244,460.75685332576916,451.105243510821,555.1219724442735
440.40428472263756,440.40428472263756,457.9645110184809,449.2214191022322,555.1219724442735
440.4300456277589,440.4300456277589,459.7388153222415,449.49383800302684,555.1219724442735
442.90048208921274,442.90048208921274,448.29818909186986,450.6481400896136,555.1219724442735
443.420495631306,443.420495631306,448.3263095662837,449.21315203225663,555.1219724442735
439.48191422837897,439.48191422837897,460.424605244899,451.66571209352793,555.1219724442735
438.9101105828311,438.9101105828311,450.2288011312943,450.8988281725243,555.1219724442735
440.7349101495362,440.7349101495362,450.65826848856125,451.15875886906906,555.1219724442735
440.17599858035953,440.17599858035953,452.11646727203305,451.82758647316604,555.1219724442735
442.00062087714366,442.00062087714366,448.9187195652248,451.9778963172487,555.1219724442735
438.7539329996642,438.7539329996642,446.99786309515747,452.04187938549325,555.1219724442735
437.45551591179725,437.45551591179725,456.63666294097175,454.01660282405595,555.1219724442735
441.9580227307212,441.9580227307212,450.88308579669973,452.99164379442595,555.1219724442735
438.3457199306204,438.3457199306204,451.8843808657455,452.24238607267137,555.1219724442735
443.0748389998453,443.0748389998453,455.33251735652146,453.7219516448412,555.1219724442735
445.5555693278329,445.5555693278329,438.54722539119786,453.2470753255472,555.1219724442735
438.59945061970734,438.59945061970734,441.2791133646433,452.1507514290655,555.1219724442735
443.6537750476549,443.6537750476549,441.6967517523384,452.29301836954846,555.1219724442735
435.46322500455165,435.46322500455165,440.90917193237283,452.7248107852187,555.1219724442735
438.86606022553286,438.86606022553286,441.9235359353229,451.8752221579333,555.1219724442735
439.11154868100414,439.11154868100414,442.107570358318,451.55402356537934,555.1219724442735
444.73982025059786,444.73982025059786,437.0545214389146,452.2624423179926,555.1219724442735
439.648618427976,439.648618427976,444.59127358976065,452.71908243915,555.1219724442735
438.0118336900058,438.0118336900058,439.999199797245,451.05326165516584,555.1219724442735
442.9979910891041,442.9979910891041,441.4559903323763,451.7906383544801,555.1219724442735
438.0615100301455,438.0615100301455,443.1104734018642,451.16348280776305,555.1219724442735
443.0084289155617,443.0084289155617,446.4180481628453,450.6118311054331,555.1219724442735
436.21213358432897,436.21213358432897,445.4674122434807,449.9777051701611,555.1219724442735
441.18642613401926,441.18642613401926,443.93473210516277,449.44676632451177,555.1219724442735
437.54309978705953,437.54309978705953,440.3307189776589,447.86389754681744,555.1219724442735
439.41232649599124,439.41232649599124,439.0236651640222,446.2524969862732,555.1219724442735
443.97967294247246,443.97967294247246,436.95277255975907,445.72315449108805,555.1219724442735
441.72354993067444,441.72354993067444,426.50981548310136,444.6273331268858,555.1219724442735
440.0442542505202,440.0442542505202,434.437614834371,445.3019505698264,555.1219724442735
443.4229406451516,443.4229406451516,433.5858278991167,445.99607732984003,555.1219724442735
443.475906129202,443.475906129202,437.85496254672614,446.2992812320054,555.1219724442735
441.4947342417774,441.4947342417774,432.5054192540094,446.9360250347124,555.1219724442735
446.73337637062986,446.73337637062986,434.172825221316,447.72583746557916,555.1219724442735
439.99437289713745,439.99437289713745,437.822127583003,447.89742304995247,555.1219724442735
447.19822122454053,447.19822122454053,439.0884538599562,446.37992327003985,555.1219724442735
446.2044376646408,446.2044376646408,443.438818295728,446.46495404779904,555.1219724442735
442.2821626944083,442.2821626944083,449.62452629607435,447.64659885084006,555.1219724442735
440.9868096632085,440.9868096632085,458.025988897984,447.9497958179574,555.1219724442735
439.99464706929115,439.99464706929115,457.96224888361996,446.5163266945703,555.1219724442735
440.2969333221352,440.2969333221352,455.66786565758014,446.8737021623757,555.1219724442735
441.069869928542,441.069869928542,456.297723748756,447.2469980666886,555.1219724442735
436.1409671775927,436.1409671775927,463.2106558127292,446.7284075451043,555.1219724442735
443.1356390378433,443.1356390378433,461.8751673118546,446.7740850035102,555.1219724442735
442.1451153781862,442.1451153781862,460.8688425202792,447.1302682825701,555.1219724442735
438.2293904548007,438.2293904548007,463.55400448374485,446.7630865643815,555.1219724442735
441.17163414778554,441.17163414778554,464.96372925277336,447.3063292331998,555.1219724442735
444.53216297281654,444.53216297281654,457.9462653073668,447.6429497086173,555.1219724442735
442.49547243831347,442.49547243831347,451.8797702932969,446.3779868121685,555.1219724442735
443.77376528121715,443.77376528121715,444.3207046199558,445.7208298001875,555.1219724442735
441.63468768623915,441.63468768623915,440.4180325962096,445.2920467683609,555.1219724442735
448.05081682911907,448.05081682911907,440.2113586444522,443.20434874659935,555.1219724442735
442.0050414107976,442.0050414107976,437.41541861580197,444.16573104200586,555.1219724442735
446.23607126828267,446.23607126828267,433.81374692321276,443.40518069044055,555.1219724442735
443.7155673339105,443.7155673339105,428.7435072723473,442.455676282633,555.1219724442735
441.5165212731413,441.5165212731413,425.1680641652326,442.01295548438316,555.1219724442735
445.18128481918677,445.18128481918677,421.2479019041231,442.15633699499296,555.1219724442735
441.89233491731835,441.89233491731835,420.78399503715207,440.47241612785336,555.1219724442735
439.4425810993835,439.4425810993835,419.9757996938084,440.1965295915902,555.1219724442735
444.5139028370509,444.5139028370509,421.7544748582598,439.6948485986904,555.1219724442735
442.10475305415173,442.10475305415173,429.5214590176257,440.1298351005818,555.1219724442735
444.56061476196896,444.56061476196896,426.53740183505533,440.80238403537084,555.1219724442735
443.41356254990666,443.41356254990666,424.5496714843712,440.81984266595146,555.1219724442735
444.07886763503916,444.07886763503916,426.65384851402416,440.39660004277766,555.1219724442735
443.09215209949565,443.09215209949565,422.45958450770183,438.7657587976988,555.1219724442735
441.54484539637474,441.54484539637474,424.04601774447553,438.43745184621366,555.1219724442735
440.93948180779233,440.93948180779233,426.3406619316103,439.0029553096514,555.1219724442735
440.40329446713554,440.40329446713554,422.8017148551227,437.621854811095,555.1219724442735
441.4318801517353,441.4318801517353,423.9754086328571,436.07335660020954,555.1219724442735
441.0747406374543,441.0747406374543,428.4869524330141,437.3923991258442,555.1219724442735
443.53373049659314,443.53373049659314,416.59549137306215,435.1577353087188,555.1219724442735
439.95661044978107,439.95661044978107,415.84101622165343,435.34849259932867,555.1219724442735
445.9278159923286,445.9278159923286,415.15815170483455,434.56786337434926,555.1219724442735
440.1237945844355,440.1237945844355,413.0647035657515,433.9160583072318,555.1219724442735
439.0530842035208,439.0530842035208,419.4410646865943,433.86702531398515,555.1219724442735
444.2790168831499,444.2790168831499,419.05476293892707,434.18226063846726,555.1219724442735
437.694619285365,437.694619285365,420.2226236138279,435.24274699961256,555.1219724442735
445.76936579557923,445.76936579557923,425.4677655673304,435.32485341260923,555.1219724442735
444.00707919730746,444.00707919730746,428.73458005610553,436.51830951481037,555.1219724442735
442.1068201144359,442.1068201144359,424.77822593430335,435.46052134583056,555.1219724442735
438.53671539810233,438.53671539810233,433.03269103805343,435.0471079365062,555.1219724442735
445.308719006675,445.308719006675,427.31424262833224,433.24034861564985,555.1219724442735
448.0334102069227,448.0334102069227,428.45662868074015,433.7581052596954,555.1219724442735
439.42608767948377,439.42608767948377,432.3670643899742,433.5549061409635,555.1219724442735
444.7755468659746,444.7755468659746,431.8788143692674,432.67836267123806,555.1219724442735
441.52240841548587,441.52240841548587,430.0997855598258,432.38452697844116,555.1219724442735
444.0898258783415,444.0898258783415,423.63947683564095,431.28287870759516,555.1219724442735
439.12623302628737,439.12623302628737,427.7043261567179,430.940813384738,555.1219724442735
444.50401380275724,444.50401380275724,421.77059900814686,429.2672315368429,555.1219724442735
446.49271466959465,446.49271466959465,424.7146683170437,428.8110052325153,555.1219724442735
446.38217546878263,446.38217546878263,431.09857570212137,430.1332499454145,555.1219724442735
440.2856928646373,440.2856928646373,439.04147856091515,429.78909957808173,555.1219724442735
441.5407580713872,441.5407580713872,440.6840883737444,429.2527917718985,555.1219724442735
442.3265704618906,442.3265704618906,438.4908350157733,428.8780396817472,555.1219724442735
440.1722258302028,440.1722258302028,441.52048076299525,428.8086903197813,555.1219724442735
442.613321603016,442.613321603016,450.3515089832953,429.7440278783513,555.1219724442735
441.8964515196718,441.8964515196718,459.0599291766147,430.1021186923634,555.1219724442735
443.92468313171116,443.92468313171116,454.50243964662315,430.25204825258925,555.1219724442735
442.5915078232736,442.5915078232736,458.1895758081822,430.5291926398201,555.1219724442735
444.1999192711812,444.1999192711812,455.6959450961308,431.08605332775034,555.1219724442735
439.63013144748555,439.63013144748555,447.71331415116083,431.5923062564047,555.1219724442735
441.8072835933773,441.8072835933773,446.16967357999346,430.9807625651899,555.1219724442735
445.6955290355148,445.6955290355148,443.20882362948305,430.4114727746346,555.1219724442735
441.325480348513,441.325480348513,441.8462511783649,430.4845405327776,555.1219724442735
440.1658469085346,440.1658469085346,437.8531237035712,430.63061360602603,555.1219724442735
445.04052055202897,445.04052055202897,430.12165372755635,430.7347457908161,555.1219724442735
438.48933610770683,438.48933610770683,423.3097804429946,430.5144944001378,555.1219724442735
441.8666148594223,441.8666148594223,418.68349820529994,429.8319488862188,555.1219724442735
442.1379638754894,442.1379638754894,417.31171053908395,429.9963748088752,555.1219724442735
439.7117445723596,439.7117445723596,415.08638725848397,429.75243580779517,555.1219724442735
442.0551922485018,442.0551922485018,422.25658467376763,430.13933138763315,555.1219724442735
438.7121387985304,438.7121387985304,420.45438030780986,429.76415825974095,555.1219724442735
440.0213306680143,440.0213306680143,427.2607293971728,430.9536843571951,555.1219724442735
441.10883435402025,441.10883435402025,424.8751880597397,430.1288084419207,555.1219724442735
440.6226529788521,440.6226529788521,427.35266026810024,431.60922875810576,555.1219724442735
441.5252466605465,441.5252466605465,432.01619167844336,432.3287805776097,555.1219724442735
439.7293376298156,439.7293376298156,430.8279096905582,431.41194395192724,555.1219724442735
440.4742485580014,440.4742485580014,434.26856224952263,432.1253183650988,555.1219724442735
443.2131840423714,443.2131840423714,441.64317064217164,433.5299272107381,555.1219724442735
440.2996429926843,440.2996429926843,441.8691993690687,432.42888519500616,555.1219724442735
442.97217749807373,442.97217749807373,431.1343310032952,433.0470993136797,555.1219724442735
440.5911450479639,440.5911450479639,439.09516185511256,434.4149873864327,555.1219724442735
437.83338006958627,437.83338006958627,430.13898408006526,433.9498508322411,555.1219724442735
437.06118767664424,437.06118767664424,433.28618199836075,434.1731041284427,555.1219724442735
444.3846189133408,444.3846189133408,432.1483131584666,434.1506784524802,555.1219724442735
439.26565970779455,439.26565970779455,437.8681369863032,436.09145538708486,555.1219724442735
436.5195198884396,436.5195198884396,441.65204100221507,435.69782742960473,555.1219724442735
445.5753932457327,445.5753932457327,441.69001684661106,435.36976862095486,555.1219724442735
439.3833709648871,439.3833709648871,432.7525215291006,434.3335155053371,555.1219724442735
444.1703574195828,444.1703574195828,437.3357328086464,434.9403865698746,555.1219724442735
441.6027440131678,441.6027440131678,442.5493596606067,434.9504330381904,555.1219724442735
448.2018675628847,448.2018675628847,441.5245494715226,437.2570487550708,555.1219724442735
440.40794102300265,440.40794102300265,443.9554172458922,437.04960854527155,555.1219724442735
443.4504164538473,443.4504164538473,442.16021803926253,436.13173485830026,555.1219724442735
447.51912793190405,447.51912793190405,448.0451008113938,437.38393574090543,555.1219724442735
440.42562886768394,440.42562886768394,439.5805839191542,437.98761505895055,555.1219724442735
445.0194179268917,445.0194179268917,440.17328583861917,439.0045892302003,555.1219724442735
440.8073398469551,440.8073398469551,439.0364919998489,437.6362017895811,555.1219724442735
444.28367442162033,444.28367442162033,440.34262197359214,438.04792009842606,555.1219724442735
442.9122487239306,442.9122487239306,439.85317681774393,437.9680882700148,555.1219724442735
436.6141158514944,436.6141158514944,436.26719178587484,435.98415625494096,555.1219724442735
441.8348774568435,441.8348774568435,429.5563806809772,435.3600291790832,555.1219724442735
439.6861019575227,439.6861019575227,436.87151218985946,436.2870933084945,555.1219724442735
440.8104318570859,440.8104318570859,436.92629332406375,435.8188265199584,555.1219724442735
443.01675235717653,443.01675235717653,435.9140286460556,436.2626453175175,555.1219724442735
444.963544732983,444.963544732983,445.2120705054525,436.95972736338206,555.1219724442735
443.41032203201246,443.41032203201246,441.1075333219251,435.41411005926244,555.1219724442735
441.2925210411679,441.2925210411679,445.2735900838851,435.7904318770334,555.1219724442735
445.6361590745089,445.6361590745089,455.5833371501124,437.52667236681214,555.1219724442735
436.71121622989546,436.71121622989546,454.90295702435577,437.8094906556598,555.1219724442735
445.8371859209763,445.8371859209763,451.50726931831497,436.74294728837185,555.1219724442735
439.38988477540784,439.38988477540784,454.1647175454451,436.9590379721734,555.1219724442735
441.20195337966567,441.20195337966567,452.06609299890863,438.05854718237964,555.1219724442735
442.9601526280732,442.9601526280732,460.7190335772939,439.5933829997441,555.1219724442735
443.0198588001331,443.0198588001331,454.2007531174704,439.5321712002973,555.1219724442735
444.6089729128508,444.6089729128508,442.7727486712917,439.489946352129,555.1219724442735
443.290662973621,443.290662973621,444.5789415309272,439.6679422768489,555.1219724442735
440.25968843712457,440.25968843712457,443.05220526749844,440.6641732894732,555.1219724442735
440.6729148400584,440.6729148400584,429.02169036436953,439.8686683318693,555.1219724442735
435.51657774504025,435.51657774504025,429.6804109184559,440.72829538765416,555.1219724442735
441.61790102875364,441.61790102875364,436.50673638835843,439.59297763129007,555.1219724442735
441.82442905886694,441.82442905886694,437.42636544498674,440.35343499960885,555.1219724442735
435.24296226525826,435.24296226525826,436.7867122140421,439.9637437457535,555.1219724442735
439.97227011797804,439.97227011797804,433.02943007065824,441.22423140192785,555.1219724442735
444.5268653003561,444.5268653003561,433.1199472701088,440.68562860069903,555.1219724442735
441.1425831655859,441.1425831655859,438.0031094357507,440.6873299035904,555.1219724442735
441.7408896290527,441.7408896290527,436.4672316881144,440.79580667636014,555.1219724442735
443.9654196140459,443.9654196140459,435.4750879823746,440.90547843604355,555.1219724442735
442.2640410209525,442.2640410209525,442.70481998154094,440.080998199743,555.1219724442735
441.3139457009585,441.3139457009585,440.3404339098106,440.4225422958025,555.1219724442735
441.3676687385455,441.3676687385455,440.17685404379546,441.4014822393901,555.1219724442735
441.4766465593854,441.4766465593854,445.7104674166414,441.6764961119146,555.1219724442735
439.6629562157851,439.6629562157851,440.4759077724092,442.03112848422234,555.1219724442735
439.93851010554084,439.93851010554084,435.7694257757712,441.7208801574099,555.1219724442735
439.59874450090234,439.59874450090234,434.4946885038472,441.15490366977514,555.1219724442735
442.4309863675153,442.4309863675153,431.3340386371509,439.38051023376005,555.1219724442735
443.34755190492353,443.34755190492353,435.1087769089862,439.4871538577144,555.1219724442735
438.29982583265087,438.29982583265087,433.8120532073992,439.32988570820123,555.1219724442735
442.7262905128402,442.7262905128402,427.6282512461531,439.05614414315363,555.1219724442735
435.89335349885516,435.89335349885516,425.19772134058366,437.99494000219,555.1219724442735
445.55413204790005,445.55413204790005,429.40384931207717,438.7723801696843,555.1219724442735
441.8956433509201,441.8956433509201,426.1455373874499,438.60069369510006,555.1219724442735
447.5832716402305,447.5832716402305,424.63318363630276,438.1666817623045,555.1219724442735
438.43549613586896,438.43549613586896,425.961939674528,438.48122448446304,555.1219724442735
445.97737281426834,445.97737281426834,438.93510107795737,439.33290372308795,555.1219724442735
441.40344897200083,441.40344897200083,444.23850394506564,440.3120942389422,555.1219724442735
442.9541432287017,442.9541432287017,444.9905295584217,440.4506026016749,555.1219724442735
441.183099648317,441.183099648317,447.05309002193746,440.9332053126189,555.1219724442735
438.5394415783069,438.5394415783069,453.98275687318966,441.784171123073,555.1219724442735
437.8576627912022,437.8576627912022,458.26010935907095,441.6763265104553,555.1219724442735
439.44744716822817,439.44744716822817,449.72161785485105,441.46326538347944,555.1219724442735
441.1308859222483,441.1308859222483,446.6735163144408,442.02412082179274,555.1219724442735
439.55165900115355,439.55165900115355,454.5219162012765,441.69676256458786,555.1219724442735
441.44836721947917,441.44836721947917,454.00100961910846,441.89616774347195,555.1219724442735
443.136878423831,443.136878423831,447.16127010978335,441.58235201583346,555.1219724442735
441.81717330102344,441.81717330102344,447.2745309309519,440.72458632404215,555.1219724442735
444.9747035436249,444.9747035436249,441.12495392183166,440.45408672165627,555.1219724442735
444.54924463521905,444.54924463521905,436.3991628418318,439.1583198642083,555.1219724442735
440.4761097075846,440.4761097075846,439.6514359799182,438.59779088903423,555.1219724442735
443.38369341269447,443.38369341269447,444.38014469405726,439.5717640443956,555.1219724442735
438.5261277701426,438.5261277701426,454.23161707097205,442.0081349340109,555.1219724442735
446.3728553697514,446.3728553697514,457.78422792403006,442.7480228975098,555.1219724442735
440.97526698951356,440.97526698951356,455.4596665748337,442.3754772797729,555.1219724442735
440.1575596683482,440.1575596683482,456.56258788338727,441.06487860469065,555.1219724442735
443.45023538407725,443.45023538407725,452.19168107034676,441.1805376064087,555.1219724442735
437.342134294574,437.342134294574,450.17256087395947,442.2045487645757,555.1219724442735
443.3468793596484,443.3468793596484,450.592215567929,441.6567415290566,555.1219724442735
442.82224364369773,442.82224364369773,450.91008991527553,440.7298967937637,555.1219724442735
443.41025959946205,443.41025959946205,450.480177729207,442.8894883620017,555.1219724442735
440.90762855514896,440.90762855514896,441.90353739958084,442.01638934062066,555.1219724442735
443.2174970125259,443.2174970125259,434.12207942096103,441.53120354053135,555.1219724442735
442.0151216790739,442.0151216790739,439.2882497269493,443.1203997539023,555.1219724442735
438.5407340441026,438.5407340441026,438.3133158091804,442.68079799880053,555.1219724442735
444.0262436969464,444.0262436969464,435.04011172731305,441.4670149360216,555.1219724442735
444.264477255329,444.264477255329,435.67066691133476,441.69068153465383,555.1219724442735
443.5173464894595,443.5173464894595,433.22161492684046,441.24824986279367,555.1219724442735
443.86790022154287,443.86790022154287,434.9838500408863,441.36006519961103,555.1219724442735
443.049232493837,443.049232493837,439.32435540194246,441.4997502776772,555.1219724442735
443.5497341869526,443.5497341869526,430.7600676441558,440.50053789452477,555.1219724442735
440.32277314597604,440.32277314597604,437.4562802073342,441.4395586001254,555.1219724442735
441.3615340331788,441.3615340331788,439.10897663928864,441.31762805963,555.1219724442735
439.85286922617115,439.85286922617115,432.75269616292707,440.5288455031594,555.1219724442735
448.01714980608034,448.01714980608034,434.87358096306787,441.5603326369323,555.1219724442735
443.0590389612614,443.0590389612614,436.8802807246131,441.68918592579,555.1219724442735
437.59873024769263,437.59873024769263,445.0287534921305,443.7974945323105,555.1219724442735
442.54372105072287,442.54372105072287,446.82252679293254,444.34594749395,555.1219724442735
442.3137198599959,442.3137198599959,444.14473054046147,443.1672559259061,555.1219724442735
445.475087805378,445.475087805378,445.4912470006162,443.83558903632075,555.1219724442735
440.02825206448637,440.02825206448637,457.4133808203163,446.4575638093574,555.1219724442735
446.57921162052634,446.57921162052634,455.8035909986356,447.5607325317357,555.1219724442735
443.0319405647391,443.0319405647391,456.1453469005496,446.6659275773244,555.1219724442735
439.10890394811025,439.10890394811025,456.76056706978824,446.6518514396272,555.1219724442735
440.65332939227045,440.65332939227045,452.72567729679287,447.1788313690303,555.1219724442735
440.1437186410138,440.1437186410138,459.3475065935021,448.36629930958475,555.1219724442735
442.37037179153145,442.37037179153145,456.0050521061036,447.21148473793966,555.1219724442735
447.5544554301886,447.5544554301886,459.8214584014546,447.4625383852277,555.1219724442735
442.1687774444254,442.1687774444254,462.1195669173847,446.59306339769864,555.1219724442735
440.67726343654556,440.67726343654556,464.0236751344545,447.22970605882404,555.1219724442735
440.9775671478048,440.9775671478048,458.5873968824177,447.378491811203,555.1219724442735
439.81207073682816,439.81207073682816,454.0175286270063,446.71221638532285,555.1219724442735
439.28804281855514,439.28804281855514,453.506918789727,447.4229877642997,555.1219724442735
437.01959186245176,437.01959186245176,451.1579019183544,447.5487285604097,555.1219724442735
440.52190570688947,440.52190570688947,447.8956618701628,445.8535805028076,555.1219724442735
442.2162487718111,442.2162487718111,440.3715678994792,445.64041096565893,555.1219724442735
446.5169054871683,446.5169054871683,437.2384658528851,445.2269238865602,555.1219724442735
436.3476888660643,436.3476888660643,432.116923376642,444.4310168743658,555.1219724442735
443.3443049137068,443.3443049137068,432.9883315404976,444.9657389214319,555.1219724442735
444.0148818273478,444.0148818273478,424.4556198798412,444.84099746642596,555.1219724442735
437.97184305015793,437.97184305015793,422.431164852134,443.93443758564615,555.1219724442735
444.8300382895005,444.8300382895005,428.6491071756923,443.56600888164996,555.1219724442735
438.6723366743408,438.6723366743408,428.31014375898724,442.2386931019027,555.1219724442735
443.91444510225386,443.91444510225386,436.9763096464141,443.38714490488667,555.1219724442735
442.99334438507634,442.99334438507634,437.2559261681892,442.21283242147865,555.1219724442735
439.58125058079963,439.58125058079963,443.73401736220774,443.07469686142315,555.1219724442735
438.4995533536922,438.4995533536922,442.0456132832659,443.1977103291439,555.1219724442735
438.4136191578949,438.4136191578949,442.8272013867564,442.9619449769252,555.1219724442735
444.72967584651366,444.72967584651366,446.01042929677953,444.04938166720194,555.1219724442735
443.9263303661671,443.9263303661671,455.8731085995672,445.83360120328433,555.1219724442735
440.9920236871627,440.9920236871627,454.99227157103513,444.8368563540117,555.1219724442735
440.27217973813646,440.27217973813646,453.24233154056003,445.83376770984563,555.1219724442735
443.1266950117146,443.1266950117146,455.5983690984307,446.5339510373967,555.1219724442735
441.93710943615486,441.93710943615486,449.0172157109323,445.3329381016832,555.1219724442735
434.16620139005914,434.16620139005914,454.2681359569216,445.4037964510268,555.1219724442735
440.578370303324,440.578370303324,449.67899765956633,446.0024740478737,555.1219724442735
440.25665476067763,440.25665476067763,453.5654123931412,446.7766594255053,555.1219724442735
446.3226463305415,446.3226463305415,445.49259279414275,445.4161405503857,555.1219724442735
440.92384745661826,440.92384745661826,445.7553074504507,446.2036731491148,555.1219724442735
442.26915210553744,442.26915210553744,442.39982650876084,446.44869542464795,555.1219724442735
446.1603251815985,446.1603251815985,438.0694477650127,446.2987323781832,555.1219724442735
445.41777274080886,445.41777274080886,436.9615922980238,445.73483012798357,555.1219724442735
438.4033721994204,438.4033721994204,439.0271271615138,446.51758114184173,555.1219724442735
444.34292483777574,444.34292483777574,439.7568248305256,446.7337638352029,555.1219724442735
435.37788691082574,435.37788691082574,438.6152366117397,446.15212758076115,555.1219724442735
444.3894516413999,444.3894516413999,440.8918268868235,446.80478328031575,555.1219724442735
443.8963773896168,443.8963773896168,434.797266684867,444.7303620640526,555.1219724442735
444.45424932750444,444.45424932750444,442.95080597506774,444.64179638681276,555.1219724442735
448.0140419635066,448.0140419635066,443.2766898097564,446.0300650029738,555.1219724442735
442.15572343461383,442.15572343461383,437.59548359659857,444.8695427438445,555.1219724442735
444.6547706131067,444.6547706131067,443.3185060907608,443.4797574322721,555.1219724442735
439.90057853134664,439.90057853134664,441.6683544282296,442.90778281390243,555.1219724442735
441.9398083989617,441.9398083989617,433.3460549246598,441.95772274666376,555.1219724442735
444.2590039269521,444.2590039269521,432.89358988489613,441.96036839822455,555.1219724442735
443.96846109198896,443.96846109198896,433.96213835611434,442.39941979262557,555.1219724442735
445.85211716632796,445.85211716632796,433.0770549804856,441.55069295771244,555.1219724442735
440.45422347183137,440.45422347183137,430.7070962677967,439.67077089639116,555.1219724442735
445.5884459367729,445.5884459367729,424.7325795922572,437.6240206249733,555.1219724442735
441.7650531520269,441.7650531520269,422.6932567885798,438.1448029772129,555.1219724442735
437.43313180319734,437.43313180319734,430.2317400198822,438.11115572092996,555.1219724442735
443.4455390296675,443.4455390296675,428.83699364753227,437.52967678529507,555.1219724442735
444.5886503319487,444.5886503319487,427.5119290146487,437.606662891431,555.1219724442735
442.6911539606715,442.6911539606715,434.1402775016194,438.08439448904227,555.1219724442735
439.4989731811666,439.4989731811666,427.02775771477445,437.13433955750855,555.1219724442735
439.03632569213494,439.03632569213494,425.7388646809977,437.96806035479256,555.1219724442735
439.4177678358585,439.4177678358585,419.83714910819674,437.443809199456,555.1219724442735
444.58162326715683,444.58162326715683,428.80270756907004,437.9836192396282,555.1219724442735
440.27027620486575,440.27027620486575,439.06661585454606,439.013959120554,555.1219724442735
443.76566102757846,443.76566102757846,438.53981016781944,439.2550987026771,555.1219724442735
440.41930808530407,440.41930808530407,438.1344374513378,440.8469192352292,555.1219724442735
440.7912903415826,440.7912903415826,436.15194292973445,440.2738324008151,555.1219724442735
441.3544718658531,441.3544718658531,437.94889364834125,439.46662018596066,555.1219724442735
442.95804609043523,442.95804609043523,433.6331940832207,439.14900455388874,555.1219724442735
435.6773499719616,435.6773499719616,436.876576752061,437.1143929786379,555.1219724442735
447.13617476482773,447.13617476482773,436.4558786653436,437.8080508542233,555.1219724442735
440.2823487482055,440.2823487482055,439.75669592249596,436.6483449115136,555.1219724442735
443.04049094299756,443.04049094299756,434.53556887619516,436.481610358214,555.1219724442735
441.49616399816546,441.49616399816546,432.92423707121804,437.03336625744635,555.1219724442735
447.8794809835292,447.8794809835292,430.3750870523298,436.1280302537873,555.1219724442735
445.02526991955637,445.02526991955637,429.6856028892829,435.6094180931725,555.1219724442735
439.39074665570996,439.39074665570996,432.0194774650963,435.6792735796273,555.1219724442735
439.76906680255144,439.76906680255144,427.0291995378815,434.223993785425,555.1219724442735
442.1698293134607,442.1698293134607,422.59212541891327,432.5477558179854,555.1219724442735
438.25711167466795,438.25711167466795,428.03714673586194,432.91837918362376,555.1219724442735
435.19637775446864,435.19637775446864,424.20146758956827,431.7947171807528,555.1219724442735
438.0157397545499,438.0157397545499,425.3543970175159,431.7834247831036,555.1219724442735
443.53098417722185,443.53098417722185,420.2589706497791,429.82032200954166,555.1219724442735
440.5601902239686,440.5601902239686,421.09098967145394,432.1530456329085,555.1219724442735
438.29722838774745,438.29722838774745,431.7037327059521,433.31771530488754,555.1219724442735
441.43406343459515,441.43406343459515,433.0173113838866,433.7329150681976,555.1219724442735
443.99031760850323,443.99031760850323,433.4678631709561,434.758956660816,555.1219724442735
440.5112198045507,440.5112198045507,443.678899185372,435.56745516289465,555.1219724442735
437.68844912634324,437.68844912634324,446.7732858880162,434.0969875632858,555.1219724442735
445.88704444594646,445.88704444594646,444.41767852617716,433.85054992275417,555.1219724442735
441.6154120532296,441.6154120532296,455.6918672362638,435.2100433056575,555.1219724442735
448.0717760388783,448.0717760388783,458.79995348897717,435.3650501035343,555.1219724442735
447.12652602305263,447.12652602305263,467.97653010174554,436.45617469291733,555.1219724442735
443.0392967920177,443.0392967920177,458.97886323942214,435.35865708577944,555.1219724442735
442.31720558255336,442.31720558255336,452.58645695586574,435.1796687341094,555.1219724442735
445.21824843038513,445.21824843038513,445.2063274158483,435.25508383204755,555.1219724442735
439.63394754851606,439.63394754851606,444.5176223215029,434.9987799069644,555.1219724442735
442.8310211406813,442.8310211406813,439.1731883624404,435.06842194973683,555.1219724442735
438.56586796048583,438.56586796048583,447.1326269103147,436.8543019604169,555.1219724442735
438.7329853183037,438.7329853183037,447.6291830449174,436.79766855475833,555.1219724442735
442.9839230890633,442.9839230890633,441.44922393672175,436.70746042177905,555.1219724442735
440.4985346143539,440.4985346143539,437.05634509687945,436.160908126813,555.1219724442735
437.877386515044,437.877386515044,431.3889133427344,436.59253810790483,555.1219724442735
444.29872311088076,444.29872311088076,438.53658748776934,438.1194586648819,555.1219724442735
445.2250022610792,445.2250022610792,434.9305716255899,437.6271317015115,555.1219724442735
439.0519436998474,439.0519436998474,444.63316452450425,438.135368732972,555.1219724442735
445.9267030588152,445.9267030588152,446.8253183534358,438.5964448481452,555.1219724442735
439.56796014510996,439.56796014510996,450.93104883873804,439.75224591455463,555.1219724442735
444.9140679254623,444.9140679254623,451.92382822478396,440.4110121050497,555.1219724442735
444.1901221684895,444.1901221684895,449.87116609859675,441.3663502315228,555.1219724442735
437.17763309471263,437.17763309471263,453.85415304215456,442.3305180940105,555.1219724442735
440.30981738687586,440.30981738687586,460.946314699886,444.38274124515095,555.1219724442735
444.09357790143747,444.09357790143747,468.17751829536826,444.46750025316453,555.1219724442735
447.9851317472634,447.9851317472634,469.69886145350995,444.2459077846747,555.1219724442735
438.6379415945176,438.6379415945176,472.1883735495985,444.35684437786716,555.1219724442735
447.09541028720724,447.09541028720724,471.1836431347459,444.74520986965365,555.1219724442735
440.4823018220086,440.4823018220086,467.98852211301175,444.9637606848005,555.1219724442735
442.09336055784564,442.09336055784564,460.5828299126796,444.27903316742226,555.1219724442735
446.55704401326386,446.55704401326386,461.8317765715354,446.05072860271264,555.1219724442735
445.57120191621135,445.57120191621135,459.7054417999687,445.93212324110436,555.1219724442735
441.1514137529435,441.1514137529435,456.646530251281,446.3686484111978,555.1219724442735
438.8231652732947,438.8231652732947,453.96430451330826,447.2242629633133,555.1219724442735
443.2566026056052,443.2566026056052,452.0140151413959,447.9631895062046,555.1219724442735
438.2370724396268,438.2370724396268,452.27925437803367,448.1169112460378,555.1219724442735
443.12424868369476,443.12424868369476,451.4333299411749,448.5684929556362,555.1219724442735
442.106451133677,442.106451133677,447.6272037393559,448.3335300396681,555.1219724442735
447.0513983755604,447.0513983755604,452.1316258636187,448.98619036450503,555.1219724442735
443.396764516592,443.396764516592,448.8539808406276,448.64398942797146,555.1219724442735
438.56560716622056,438.56560716622056,448.9475969020764,451.3218228993452,555.1219724442735
442.3620958547292,442.3620958547292,448.0860300311125,449.94189990015445,555.1219724442735
443.9190244149363,443.9190244149363,445.3923346227369,450.6068218178316,555.1219724442735
447.1051694833807,447.1051694833807,443.58789802725767,450.8709631652616,555.1219724442735
438.50870073848586,438.50870073848586,439.88614865107576,451.88862510646396,555.1219724442735
435.8928054759316,435.8928054759316,439.7418043671499,451.84707418517695,555.1219724442735
443.2276762681879,443.2276762681879,443.8943682697236,451.00662006839053,555.1219724442735
444.8892016522595,444.8892016522595,439.6678900524249,449.66364577337583,555.1219724442735
439.3323983450282,439.3323983450282,439.21967323818825,450.13655237795143,555.1219724442735
437.52277162440873,437.52277162440873,447.3408724791194,449.3763840867209,555.1219724442735
441.1483840719335,441.1483840719335,445.4889764636199,451.064961014466,555.1219724442735
443.45262191252993,443.45262191252993,454.01206039335665,451.8607762735904,555.1219724442735
435.83230538200434,435.83230538200434,454.27538155121783,450.3235246808224,555.1219724442735
452.18727209096556,452.18727209096556,447.79226688302936,448.6694258440721,555.1219724442735
439.7307272971121,439.7307272971121,449.2752851616359,448.148376118442,555.1219724442735
442.849268111839,442.849268111839,446.2556899036649,449.3024395180255,555.1219724442735
442.49122817888855,442.49122817888855,441.3012794823552,448.7495845736885,555.1219724442735
445.6704832022079,445.6704832022079,444.9791839798507,449.6182170861764,555.1219724442735
436.03144939638594,436.03144939638594,442.12476926828396,449.65798176730766,555.1219724442735
439.5064174379726,439.5064174379726,445.65011484595925,450.67176938342476,555.1219724442735
444.54829836799837,444.54829836799837,443.42083353039834,450.3226023384829,555.1219724442735
442.42680067735165,442.42680067735165,435.1835317970802,449.371646024023,555.1219724442735
443.4041966139092,443.4041966139092,439.6094766651164,449.9555752265013,555.1219724442735
441.27142051062225,441.27142051062225,453.08977698071624,451.87611222083945,555.1219724442735
439.21810879739945,439.21810879739945,457.1834253493462,453.3072785197644,555.1219724442735
443.4993710458422,443.4993710458422,455.984396473748,452.7920013152213,555.1219724442735
441.2669905330495,441.2669905330495,457.50054020052846,453.26357828867623,555.1219724442735
443.5764013306383,443.5764013306383,456.02246604542114,451.8960773903597,555.1219724442735
444.26033221434534,444.26033221434534,453.7867985672475,451.05027781007004,555.1219724442735
440.95171146965055,440.95171146965055,449.0867082623278,450.3029012681428,555.1219724442735
441.35124257853823,441.35124257853823,447.97879914153066,449.53359652183224,555.1219724442735
445.4313876997074,445.4313876997074,457.8904205574471,450.97549691579314,555.1219724442735
439.0892158030921,439.0892158030921,456.6725717271711,450.5192589635047,555.1219724442735
446.4803380680454,446.4803380680454,445.77172818828046,448.84119491851845,555.1219724442735
445.80719945989273,445.80719945989273,442.1065131618578,448.0930774930623,555.1219724442735
437.9517925487752,437.9517925487752,445.84167915297456,448.0205648551141,555.1219724442735
435.35737482607686,435.35737482607686,444.75620167900024,447.7771439145565,555.1219724442735
446.15800041037505,446.15800041037505,448.36516057449705,447.33238087831,555.1219724442735
442.5210628304409,442.5210628304409,455.23016389867473,448.4986061672026,555.1219724442735
444.9400914279515,444.9400914279515,454.2179966370795,449.0299346130227,555.1219724442735
446.94959274438924,446.94959274438924,448.52867712585055,446.87297663269516,555.1219724442735
444.83799787615425,444.83799787615425,444.631016762085,447.9606119082163,555.1219724442735
441.08993556659794,441.08993556659794,435.9267745422241,446.3753078216932,555.1219724442735
436.73856774321985,436.73856774321985,441.68651812327226,446.3856376405111,555.1219724442735
440.08294162743533,440.08294162743533,442.54602303095453,446.19947907097395,555.1219724442735
439.64550526663874,439.64550526663874,436.1982662070007,444.80436722090764,555.1219724442735
446.09984946452755,446.09984946452755,441.2475453819161,445.7399870027047,555.1219724442735
447.53370739366875,447.53370739366875,437.381756340356,445.2832913985099,555.1219724442735
446.22254345458964,446.22254345458964,433.45891419179964,444.7640638328387,555.1219724442735
439.9594035024695,439.9594035024695,437.8505402028506,446.82924648546725,555.1219724442735
442.51521180042613,442.51521180042613,447.9703795553034,446.6775331633406,555.1219724442735
448.29294789435716,448.29294789435716,446.79232721876826,447.7018713457475,555.1219724442735
436.82825708632424,436.82825708632424,457.3332133306374,448.7634835632734,555.1219724442735
439.6200793414439,439.6200793414439,452.5149874336021,448.1710555217801,555.1219724442735
442.2895689826774,442.2895689826774,449.44908988126497,448.1120673170119,555.1219724442735
437.21618608960875,437.21618608960875,459.63857542760763,448.78372143299913,555.1219724442735
445.3827653938925,445.3827653938925,457.3587463695474,448.4328626226696,555.1219724442735
446.57965446564464,446.57965446564464,461.22346481894954,449.5944063518149,555.1219724442735
442.3412049525835,442.3412049525835,460.9854384540755,449.1172168760162,555.1219724442735
441.7799643040898,441.7799643040898,462.6850252674256,449.8980770431285,555.1219724442735
445.70851590633987,445.70851590633987,450.68565170091017,447.7168682107986,555.1219724442735
445.4500426628051,445.4500426628051,453.0559182901019,447.5106429250965,555.1219724442735
445.15500568572344,445.15500568572344,456.05881146274567,449.12016954557896,555.1219724442735
442.10106160455564,442.10106160455564,452.9460067431188,449.2018034937979,555.1219724442735
441.8882773868767,441.8882773868767,456.0702570794002,449.4710617005647,555.1219724442735
441.6466158562292,441.6466158562292,455.61925693770837,450.65643483980784,555.1219724442735
444.7826957251234,444.7826957251234,449.1242849205697,449.9974637103124,555.1219724442735
445.830520354741,445.830520354741,445.4081346212946,449.6801964801037,555.1219724442735
441.1015155251449,441.1015155251449,445.4139956251255,449.7750621473846,555.1219724442735
440.64207722619625,440.64207722619625,441.2611503911747,449.02028415217166,555.1219724442735
439.39564312167005,439.39564312167005,452.74313900909135,449.5813293065372,555.1219724442735
435.71090752605,435.71090752605,452.73376967587666,451.02069050085584,555.1219724442735
442.1556093703882,442.1556093703882,449.3194952290387,451.06217325836354,555.1219724442735
441.01644439404794,441.01644439404794,454.35682070950963,449.45521223955666,555.1219724442735
443.73295801219246,443.73295801219246,459.45420829178585,449.92521828905274,555.1219724442735
439.6678617693836,439.6678617693836,456.4917679910861,450.7579091432755,555.1219724442735
439.84501027502955,439.84501027502955,462.3686747951556,450.9710906292379,555.1219724442735
440.6241875785688,440.6241875785688,461.1437153145247,450.7044463339244,555.1219724442735
444.9102219983454,444.9102219983454,459.38253342258395,450.89420911845184,555.1219724442735
440.8411313956973,440.8411313956973,457.3311264672433,450.6691677931547,555.1219724442735
445.5096098921949,445.5096098921949,448.1929444468742,449.624158367606,555.1219724442735
446.4555603405009,446.4555603405009,448.2288883392595,449.0883840572184,555.1219724442735
443.1683991325515,443.1683991325515,444.0478734637486,448.5372336056789,555.1219724442735
440.98379653800845,440.98379653800845,441.7700994223436,448.65488648636926,555.1219724442735
439.9712651715902,439.9712651715902,437.58809006366636,449.0215336694145,555.1219724442735
440.2996592561278,440.2996592561278,430.15013401800013,447.61960011628065,555.1219724442735
443.12983461000346,443.12983461000346,428.4035480286726,447.7005598991723,555.1219724442735
444.76267768199017,444.76267768199017,429.7347980859204,446.978373836209,555.1219724442735
441.5210617793901,441.5210617793901,431.48015553255055,446.1442074452271,555.1219724442735
441.1111368228082,441.1111368228082,430.78969337086994,445.98350713991283,555.1219724442735
444.30774405638107,444.30774405638107,436.4964902443471,447.21772099130516,555.1219724442735
443.1396287742605,443.1396287742605,437.65793198191415,447.69376710118405,555.1219724442735
439.848141446433,439.848141446433,437.34617615879176,448.8211139289924,555.1219724442735
440.5098267617897,440.5098267617897,440.85297213130104,448.4881772879751,555.1219724442735
439.97675633227345,439.97675633227345,435.17893577051007,447.54811621732557,555.1219724442735
440.1232030479888,440.1232030479888,438.3864727515017,448.0572414251808,555.1219724442735
442.174940489902,442.174940489902,442.5110832098555,447.95326746476013,555.1219724442735
435.6240923371923,435.6240923371923,441.98652055255855,447.8993266786496,555.1219724442735
440.12565671679295,440.12565671679295,447.5688003517456,448.96618467721623,555.1219724442735
441.78065504279795,441.78065504279795,455.3984548199877,449.4930900633403,555.1219724442735
438.78739686638744,438.78739686638744,450.6920938407603,447.7620638483966,555.1219724442735
446.4737372675023,446.4737372675023,446.141608922291,447.5636234418887,555.1219724442735
444.20999538782416,444.20999538782416,454.1318257965489,448.18083642217476,555.1219724442735
443.87623877270823,443.87623877270823,455.0023800138538,448.9856558040254,555.1219724442735
442.053351118121,442.053351118121,455.00975663971684,448.66024956901595,555.1219724442735
443.6134305015287,443.6134305015287,457.4412591693181,447.6177781735229,555.1219724442735
440.6771532440676,440.6771532440676,448.0744900706774,446.09641620498616,555.1219724442735
441.3882249120338,441.3882249120338,450.3426627902353,445.72316627290667,555.1219724442735
442.03983519931563,442.03983519931563,446.90399420910217,446.1498958282216,555.1219724442735
439.1659526668188,439.1659526668188,439.67061464018315,444.89020793789166,555.1219724442735
441.93650057514685,441.93650057514685,443.84249070795687,446.39343164980596,555.1219724442735
441.3051193777558,441.3051193777558,439.10707604394764,444.7738549926578,555.1219724442735
441.0915754334863,441.0915754334863,432.6348445480975,443.49604303924514,555.1219724442735
440.5866057984325,440.5866057984325,436.9097813311144,445.7784107216245,555.1219724442735
442.2792189828367,442.2792189828367,436.44233420073124,444.7346649932821,555.1219724442735
439.1373291311066,439.1373291311066,429.8182366254484,442.45757411107087,555.1219724442735
437.37521197716137,437.37521197716137,440.522326709144,444.37602456270093,555.1219724442735
438.1252391164939,438.1252391164939,435.9238036858584,443.8263000858195,555.1219724442735
438.96821089987907,438.96821089987907,435.3879791937259,444.1446925419417,555.1219724442735
439.509873216544,439.509873216544,437.12146300412485,444.0622704604819,555.1219724442735
438.9762696252665,438.9762696252665,440.20373427711985,443.88555070341164,555.1219724442735
443.15923168971756,443.15923168971756,442.06992020157224,442.6410850977969,555.1219724442735
436.3259029270845,436.3259029270845,435.77661250643496,440.7874664947243,555.1219724442735
446.30457785740725,446.30457785740725,427.8827738437055,440.4836013484637,555.1219724442735
442.3092771394074,442.3092771394074,437.2212428458062,440.28807190408617,555.1219724442735
440.9647217961528,440.9647217961528,438.2951994968671,438.8182604122271,555.1219724442735
442.6480727036048,442.6480727036048,432.9592788536841,438.49414537440674,555.1219724442735
435.81862496377374,435.81862496377374,436.9844826270508,438.99445354832477,555.1219724442735
446.3080424364513,446.3080424364513,430.2425803953632,438.3167019364975,555.1219724442735
435.1932623201187,435.1932623201187,426.34748616061444,437.865542399156,555.1219724442735
439.1992579694974,439.1992579694974,418.88963464980736,438.0248887439983,555.1219724442735
436.09331679426293,436.09331679426293,420.07254746271747,437.00981692248854,555.1219724442735
445.1312312106556,445.1312312106556,425.78070440164413,437.13403268230354,555.1219724442735
439.92324509391716,439.92324509391716,429.1336469296187,437.9563108499187,555.1219724442735
444.12775843904916,444.12775843904916,421.648559718848,437.10016583512237,555.1219724442735
438.80444875454197,438.80444875454197,425.69202831477224,437.9266392715815,555.1219724442735
447.3292051766603,447.3292051766603,425.85789676351334,437.9850151213749,555.1219724442735
442.7479538361394,442.7479538361394,423.62076195284664,437.77164632171,555.1219724442735
440.68091195916566,440.68091195916566,431.38730075353425,438.2981309806943,555.1219724442735
441.48024788750894,441.48024788750894,432.47411514857606,438.2024267546973,555.1219724442735
444.0592297713015,444.0592297713015,431.47467641492904,437.0205259781146,555.1219724442735
439.5390783913619,439.5390783913619,434.70782038085054,436.4197946022757,555.1219724442735
440.1806596950306,440.1806596950306,434.7652890210802,436.61785525476114,555.1219724442735
444.51455537246824,444.51455537246824,432.228834248751,436.2314832734087,555.1219724442735
441.09297195715715,441.09297195715715,435.51983568745055,437.16834581851055,555.1219724442735
440.84924241911244,440.84924241911244,440.6893249599847,438.3872097132781,555.1219724442735
433.14031049303463,433.14031049303463,443.5261959844449,438.1880376762927,555.1219724442735
443.2529777362675,443.2529777362675,442.32974600583395,437.84029141236505,555.1219724442735
440.25054571960254,440.25054571960254,437.93061222644764,436.3704933556346,555.1219724442735
444.9024128881316,444.9024128881316,444.2121651675927,435.9651688242182,555.1219724442735
440.2639971251823,440.2639971251823,450.67153373039974,437.0164139560425,555.1219724442735
442.83811051719056,442.83811051719056,446.25342145181975,436.4421571081815,555.1219724442735
440.8598198077011,440.8598198077011,442.756973538632,434.34288480317787,555.1219724442735
444.847151387911,444.847151387911,438.5277513616612,432.93655754297026,555.1219724442735
442.64233297215355,442.64233297215355,439.33937944078417,434.03427037872405,555.1219724442735
440.6449044763156,440.6449044763156,430.3022130078483,432.95940048098413,555.1219724442735
437.34232921642615,437.34232921642615,427.4363209138326,434.06040384492377,555.1219724442735
435.9482348768893,435.9482348768893,425.9620789210729,432.96417463853254,555.1219724442735
437.9950606236938,437.9950606236938,427.22727451510934,432.43514941683605,555.1219724442735
439.0038062893907,439.0038062893907,424.95622988370314,433.0222918729222,555.1219724442735
438.40783979925646,438.40783979925646,419.47008115634816,432.14193204572075,555.1219724442735
443.0812272310022,443.0812272310022,423.3024052690774,433.2812229532075,555.1219724442735
446.2152817689644,446.2152817689644,430.73155923256445,433.9622277400711,555.1219724442735
437.7651368980376,437.7651368980376,438.55878290438557,433.26635785762437,555.1219724442735
442.4821856122312,442.4821856122312,435.58126784317,433.86205710721174,555.1219724442735
439.4301388998701,439.4301388998701,444.93918794622004,435.9835907451385,555.1219724442735
445.4281036855167,445.4281036855167,445.9967980092855,435.15529810495207,555.1219724442735
441.898970611931,441.898970611931,448.42055112252535,435.46352412586594,555.1219724442735
441.5314503263164,441.5314503263164,445.52316202698483,434.4621859834878,555.1219724442735
442.30550594681625,442.30550594681625,437.9710784826076,433.1922149686187,555.1219724442735
441.94294009756396,441.94294009756396,440.44814551609295,432.19081429351553,555.1219724442735
441.79333209839797,441.79333209839797,437.47377352499495,432.361993617892,555.1219724442735
445.022810216001,445.022810216001,432.74596224058325,433.35609768690074,555.1219724442735
438.56524158985644,438.56524158985644,436.71906179413907,435.0336154477111,555.1219724442735
440.86930891604317,440.86930891604317,434.2545184775343,433.2687122335574,555.1219724442735
442.69120238885523,442.69120238885523,427.27342948642433,433.77923674304986,555.1219724442735
442.3341446852506,442.3341446852506,424.7071084809195,433.5048640303992,555.1219724442735
444.008322045929,444.008322045929,435.55482635960755,435.1775928723772,555.1219724442735
440.4837881230012,440.4837881230012,438.6845918247106,436.15058826935734,555.1219724442735
444.99793846177505,444.99793846177505,448.35728718547387,437.59417517359066,555.1219724442735
443.7732963085992,443.7732963085992,451.01417591250595,438.61572254605517,555.1219724442735
444.78539723056565,444.78539723056565,449.613833748037,438.270250874956,555.1219724442735
451.49046580555614,451.49046580555614,450.48531516389767,438.29701983935155,555.1219724442735
438.8405010534066,438.8405010534066,436.3087310331375,436.46863226841486,555.1219724442735
444.93820778499736,444.93820778499736,441.41830040524894,437.2226603708376,555.1219724442735
437.5355790711374,437.5355790711374,445.83810555288784,437.808452190673,555.1219724442735
440.856791517942,440.856791517942,450.2101023252767,438.3753051427518,555.1219724442735
444.51316289028773,444.51316289028773,443.4685860031656,439.14715768244105,555.1219724442735
436.37853542526244,436.37853542526244,440.11077388352004,437.8952828953545,555.1219724442735
444.03092297313293,444.03092297313293,438.0828459144028,438.715921326756,555.1219724442735
440.1087126979752,440.1087126979752,437.1967255591675,439.7601323749029,555.1219724442735
441.80474187451614,441.80474187451614,439.21572212735475,439.1718312242567,555.1219724442735
439.5312239888299,439.5312239888299,435.41828543230565,438.4276191215966,555.1219724442735
443.18998298052304,443.18998298052304,441.3434441827765,438.29155425522,555.1219724442735
441.11913517627545,441.11913517627545,448.7337349055873,439.8654402144649,555.1219724442735
440.3547180477269,440.3547180477269,447.0931778590815,439.0892227704925,555.1219724442735
443.9771410530259,443.9771410530259,453.2260537757853,440.3152767010199,555.1219724442735
440.8201747892923,440.8201747892923,449.43326220521766,440.56786092231783,555.1219724442735
443.8371030651835,443.8371030651835,458.2495274932834,441.9590659487216,555.1219724442735
447.808138216572,447.808138216572,454.4932925424173,440.7721468017209,555.1219724442735
444.49286297037287,444.49286297037287,452.81479752045726,440.1887851329144,555.1219724442735
439.30136726366936,439.30136726366936,456.1603950754972,441.15322594899226,555.1219724442735
441.44382441587396,441.44382441587396,458.18650962369173,441.5135263386086,555.1219724442735
448.33459260953447,448.33459260953447,462.52499129792767,443.0910022424733,555.1219724442735
440.35553519861423,440.35553519861423,454.65308227594414,442.9281807814969,555.1219724442735
443.5434211679492,443.5434211679492,455.6983187284932,444.1684439146214,555.1219724442735
438.10738063386566,438.10738063386566,449.62519256004924,444.75305103026324,555.1219724442735
441.9480569365153,441.9480569365153,446.4340819102023,444.6622615201436,555.1219724442735
438.1328729240717,438.1328729240717,442.63351747517834,445.0403145407355,555.1219724442735
441.8292467094259,441.8292467094259,445.6234658526693,444.9055939955142,555.1219724442735
444.4844473126541,444.4844473126541,446.74785057155543,445.6443390159558,555.1219724442735
437.6107706864219,437.6107706864219,443.52269320089164,445.19728353535504,555.1219724442735
439.13191143359967,439.13191143359967,442.23407009276843,443.8140285106493,555.1219724442735
442.261327023915,442.261327023915,438.33254460080406,443.04575458175697,555.1219724442735
440.0096658408572,440.0096658408572,438.72902170903916,443.55773155467074,555.1219724442735
445.14019813432054,445.14019813432054,432.89214755365384,441.7590358361082,555.1219724442735
441.76996491291607,441.76996491291607,427.7260096169304,441.0988933517922,555.1219724442735
443.96891495294307,443.96891495294307,428.070357046156,440.59222270486976,555.1219724442735
436.48991364181546,436.48991364181546,427.8030544767962,441.4962930306977,555.1219724442735
442.45064565206303,442.45064565206303,428.6335010829408,443.03807851558076,555.1219724442735
442.3120870513699,442.3120870513699,424.87601776845383,442.52991346642807,555.1219724442735
445.9304708689469,445.9304708689469,421.7598803454348,442.05450489944303,555.1219724442735
446.12728002612596,446.12728002612596,422.39440263359256,441.7437165892512,555.1219724442735
440.83504538178596,440.83504538178596,425.3470984600043,440.77136191493,555.1219724442735
446.02198643370417,446.02198643370417,424.2489816692365,441.5566241930112,555.1219724442735
437.46953219755034,437.46953219755034,434.59156281025736,443.2226625008747,555.1219724442735
440.8247613638983,440.8247613638983,445.8970318086382,445.3368780173359,555.1219724442735
442.47149801483073,442.47149801483073,453.82937095986915,444.247131624922,555.1219724442735
445.7304618770197,445.7304618770197,458.8040629979044,445.5201872653364,555.1219724442735
441.3563852731492,441.3563852731492,459.86147319711546,445.3389157179091,555.1219724442735
437.0980895781712,437.0980895781712,466.5689491276984,445.6408681094664,555.1219724442735
444.04476785176485,444.04476785176485,472.2649435133071,446.58472685249694,555.1219724442735
441.46913664099816,441.46913664099816,472.0197170520143,446.0505969668746,555.1219724442735
437.7103813439018,437.7103813439018,473.79395113204583,448.2684059347117,555.1219724442735
441.51608510521953,441.51608510521953,474.80454461453553,448.23387303486845,555.1219724442735
438.9761402249215,438.9761402249215,469.7638748823404,448.00781636676527,555.1219724442735
440.12869669513367,440.12869669513367,462.13171711530197,447.72120097534105,555.1219724442735
443.89358349144754,443.89358349144754,455.4274630059823,446.6389070254855,555.1219724442735
441.70581086709984,441.70581086709984,448.9797782324682,447.29398813512597,555.1219724442735
439.4413964762136,439.4413964762136,443.9794740189701,446.51824133882263,555.1219724442735
445.3846344299657,445.3846344299657,439.97925328327165,446.1973736542874,555.1219724442735
445.78090212282405,445.78090212282405,442.9464953830646,447.33088150363903,555.1219724442735
447.0396086705498,447.0396086705498,449.16693370428254,448.80032662126985,555.1219724442735
438.77414138397313,438.77414138397313,448.65573357939667,449.7308638140357,555.1219724442735
435.78105928604685,435.78105928604685,449.44972261112633,448.37707057597635,555.1219724442735
440.27591216969216,440.27591216969216,448.6678693656243,448.32275466807386,555.1219724442735
442.71746837051023,442.71746837051023,449.1747219213656,446.91093460445717,555.1219724442735
444.8121250081024,444.8121250081024,459.10580880606375,448.5734163456547,555.1219724442735
444.7293241580945,444.7293241580945,458.0440157757542,447.2528857916202,555.1219724442735
444.1094889570452,444.1094889570452,456.3964591152544,446.89887465339,555.1219724442735
437.00517115349356,437.00517115349356,455.55430035543105,446.7452742212821,555.1219724442735
444.3645441539445,444.3645441539445,445.0040201100199,445.0996065105436,555.1219724442735
441.9185666584944,441.9185666584944,441.8874037788831,445.5405054523082,555.1219724442735
444.13489422251735,444.13489422251735,436.58894622638326,444.5436547997269,555.1219724442735
439.7904165479724,439.7904165479724,437.5369811994573,444.953850360679,555.1219724442735
443.92001473892515,443.92001473892515,442.02164557884936,445.58742003814507,555.1219724442735
438.33402599592375,438.33402599592375,437.50759871272504,444.4874158349923,555.1219724442735
441.6375245604839,441.6375245604839,433.1271821466668,445.9120363929476,555.1219724442735
438.60237259251767,438.60237259251767,435.05040068783194,445.736262434151,555.1219724442735
444.275492924503,444.275492924503,436.7651250103169,445.1272064849196,555.1219724442735
440.04528926334757,440.04528926334757,442.85169968845605,445.9660440446623,555.1219724442735
439.8196716339649,439.8196716339649,447.780362397623,445.9511403498899,555.1219724442735
444.04037023379004,444.04037023379004,446.2075015438744,446.33519174252945,555.1219724442735
440.37101420920123,440.37101420920123,447.4212016820467,446.3613862159753,555.1219724442735
446.98759621258165,446.98759621258165,447.6496059336502,446.73796720560125,555.1219724442735
438.1553502318079,438.1553502318079,439.18709150754023,446.8464088289223,555.1219724442735
444.6582909075715,444.6582909075715,442.6321648402204,447.4686468796502,555.1219724442735
436.4814689195383,436.4814689195383,440.7754627550924,448.4530575347349,555.1219724442735
440.86201694794875,440.86201694794875,436.2217977024203,447.4200110792758,555.1219724442735
447.08087095817245,447.08087095817245,442.81499149921166,447.96350456817373,555.1219724442735
441.2851989183546,441.2851989183546,442.74304930889474,449.5394503527504,555.1219724442735
439.95555312674406,439.95555312674406,440.9364744340517,449.78645916761326,555.1219724442735
436.67508386053197,436.67508386053197,443.23387817300136,450.50308685041114,555.1219724442735
438.70565854252914,438.70565854252914,443.8578597562679,450.063538475228,555.1219724442735
444.1782397954422,444.1782397954422,443.4942631017687,450.5870234921077,555.1219724442735
441.335017314038,441.335017314038,444.0987733001401,448.7478509268989,555.1219724442735
441.11544694679156,441.11544694679156,442.93055065838735,446.8753506496001,555.1219724442735
438.87533700885206,438.87533700885206,440.1605900765977,445.71930135808054,555.1219724442735
441.9797024228317,441.9797024228317,444.9185891668265,444.64291631306025,555.1219724442735
439.7733284396583,439.7733284396583,439.9728840736927,443.9857867434892,555.1219724442735
441.9551131086996,441.9551131086996,433.7570037045387,442.9770612681184,555.1219724442735
442.2805360729181,442.2805360729181,434.71286593112757,442.2760436511773,555.1219724442735
439.8637575472088,439.8637575472088,431.6970210044503,442.4385476408983,555.1219724442735
443.16558249649466,443.16558249649466,435.9873878558428,442.5022258199874,555.1219724442735
438.1954397043103,438.1954397043103,432.8827892535711,442.20267241991473,555.1219724442735
444.91082513947583,444.91082513947583,438.1505434333536,442.42518463710155,555.1219724442735
448.9206255104899,448.9206255104899,440.781898143328,442.60538685520527,555.1219724442735
441.16883276832107,441.16883276832107,451.2027566498791,444.87436008685995,555.1219724442735
440.3665767097227,440.3665767097227,443.9583628292856,443.6386332324236,555.1219724442735
438.94484068667543,438.94484068667543,446.9467184297174,444.57923562563866,555.1219724442735
441.3505775429458,441.3505775429458,445.86161491134743,444.1535335937336,555.1219724442735
444.6235831423482,444.6235831423482,447.7969874144458,443.2461420574535,555.1219724442735
442.16035438197997,442.16035438197997,449.13344604603964,442.4318501092498,555.1219724442735
445.2113111050476,445.2113111050476,445.0509428712885,441.78126767836585,555.1219724442735
440.2827972520029,440.2827972520029,441.1753777420765,440.54780344610475,555.1219724442735
442.63083705472377,442.63083705472377,440.65557625814864,440.8227260156063,555.1219724442735
445.47806864292914,445.47806864292914,437.6366234244077,440.2977671558137,555.1219724442735
439.85136330065984,439.85136330065984,428.40018443558586,438.7332352127644,555.1219724442735
444.9815002459254,444.9815002459254,431.45463631002133,438.3207573392771,555.1219724442735
442.5685268267521,442.5685268267521,433.0415254884755,439.9082489002829,555.1219724442735
438.267305759198,438.267305759198,435.16475811462834,440.075625145573,555.1219724442735
445.75790279622674,445.75790279622674,432.92125408344384,440.8295888521384,555.1219724442735
440.2171264891541,440.2171264891541,430.70088086361636,440.1945455261964,555.1219724442735
440.2986411363633,440.2986411363633,429.3050242788384,440.3244832888569,555.1219724442735
441.18124088267245,441.18124088267245,427.1631302003305,438.47303324627944,555.1219724442735
443.24496345935717,443.24496345935717,421.18955767290424,436.6563084344174,555.1219724442735
443.0568932984905,443.0568932984905,423.0251628806627,437.40127998940113,555.1219724442735
440.14609322367255,440.14609322367255,424.51895344915783,437.0115894732626,555.1219724442735
445.0210273575609,445.0210273575609,434.03521143597675,438.11771948890606,555.1219724442735
440.4651955034601,440.4651955034601,429.66837021733244,438.48889794168593,555.1219724442735
440.5071100975294,440.5071100975294,426.66431488007584,436.8381481838971,555.1219724442735
442.7844271545039,442.7844271545039,427.2070378819353,436.7149239490009,555.1219724442735
442.9318385178376,442.9318385178376,426.2027936381364,436.19360394504884,555.1219724442735
446.77492956674337,446.77492956674337,428.38143417172523,436.51652978679266,555.1219724442735
452.02069357705994,452.02069357705994,435.6871123483339,436.0805345292161,555.1219724442735
440.31423829115374,440.31423829115374,443.4248671391045,437.5038635607302,555.1219724442735
446.00018440059085,446.00018440059085,441.89982881055494,437.2548127834682,555.1219724442735
441.9478730446356,441.9478730446356,443.7652644051783,437.6095498032797,555.1219724442735
440.3817382822519,440.3817382822519,433.6773552943896,437.60883100729984,555.1219724442735
442.3708156165805,442.3708156165805,429.8888589244237,435.90367142672835,555.1219724442735
437.7349641743898,437.7349641743898,435.6755915620064,435.42465663451935,555.1219724442735
444.65814678867275,444.65814678867275,434.2675932618931,435.38114771456924,555.1219724442735
442.4186216253562,442.4186216253562,437.1597368994709,434.97877569034273,555.1219724442735
443.214456010759,443.214456010759,438.44015717480454,435.43298927049995,555.1219724442735
440.1497908652616,440.1497908652616,440.11564233934723,435.40481037673186,555.1219724442735
439.0416953100721,439.0416953100721,439.8355395600255,436.6512168127072,555.1219724442735
439.5853308055344,439.5853308055344,436.9365379551252,436.05601024281566,555.1219724442735
443.3992563315073,443.3992563315073,433.855653357793,436.34856245951886,555.1219724442735
442.16686918546037,442.16686918546037,430.90860770075244,434.80683471408514,555.1219724442735
440.0594215155663,440.0594215155663,438.5656597918534,435.62222657036045,555.1219724442735
438.94859622449263,438.94859622449263,432.0710708986694,435.08747007334546,555.1219724442735
439.7270912476891,439.7270912476891,433.4609060393227,435.13075573620824,555.1219724442735
442.6766193147181,442.6766193147181,428.2332503573133,434.28602156091534,555.1219724442735
438.2988296640882,438.2988296640882,430.035382119641,434.2425881232595,555.1219724442735
442.28760161890773,442.28760161890773,429.574552012865,434.74316292859055,555.1219724442735
444.2842352407062,444.2842352407062,420.62084774376933,433.14527767479046,555.1219724442735
448.0065847612157,448.0065847612157,423.5583618875729,432.61130299166473,555.1219724442735
443.04176412291883,443.04176412291883,428.63881364723665,431.8357738589902,555.1219724442735
447.50510055790573,447.50510055790573,435.1499329378331,433.04514873579467,555.1219724442735
447.02083331855334,447.02083331855334,429.03782081377057,432.0404470471712,555.1219724442735
436.0427062506594,436.0427062506594,431.69117143275116,432.2533813776262,555.1219724442735
445.38589575307,445.38589575307,428.1309367494917,431.19754560321735,555.1219724442735
440.4849407939866,440.4849407939866,432.15328554130656,430.8899894599687,555.1219724442735
439.0177938006728,439.0177938006728,435.1586237864866,432.26412430629915,555.1219724442735
437.30851571698435,437.30851571698435,429.651275675345,432.43834251524424,555.1219724442735
444.3482271783481,444.3482271783481,437.32696880110126,432.47955618338096,555.1219724442735
441.10304756486687,441.10304756486687,438.57177040371914,432.79833238752695,555.1219724442735
442.2746918910466,442.2746918910466,434.1605678402175,432.9878505399167,555.1219724442735
440.90028970922214,440.90028970922214,434.39505890008115,433.6332332538066,555.1219724442735
440.2400939801932,440.2400939801932,435.55149898574444,432.54244174662495,555.1219724442735
436.32025088846154,436.32025088846154,439.7153973753972,433.16350922978,555.1219724442735
445.2257271246022,445.2257271246022,443.2845267568314,433.27020013789485,555.1219724442735
443.4179394152128,443.4179394152128,441.1762998513547,432.98507325751643,555.1219724442735
438.146740843136,438.146740843136,434.1371873387314,433.2305569182778,555.1219724442735
441.4402412595453,441.4402412595453,432.8814100421694,433.5819984836121,555.1219724442735
440.4956460273736,440.4956460273736,429.61656706612104,434.1649580620244,555.1219724442735
442.6041112535916,442.6041112535916,429.30709466156276,434.054718743707,555.1219724442735
449.0971522889737,449.0971522889737,425.26169571031033,433.13639899214706,555.1219724442735
436.1537033404483,436.1537033404483,420.8679164204083,430.99977425069295,555.1219724442735
439.54331099788607,439.54331099788607,428.5554721266106,432.3198621284806,555.1219724442735
443.21106438646603,443.21106438646603,426.7064138259824,433.1719290189614,555.1219724442735
446.2815501021544,446.2815501021544,426.4524224184047,433.1192770451887,555.1219724442735
440.95467826993985,440.95467826993985,428.77736405166786,433.49998734022273,555.1219724442735
442.2207250971241,442.2207250971241,428.3625147006727,433.2267730240673,555.1219724442735
437.48471239738114,437.48471239738114,429.85148144014863,432.41487230197504,555.1219724442735
440.66441927284075,440.66441927284075,430.1012067061086,431.5002259754252,555.1219724442735
440.3915688234594,440.3915688234594,421.5391284457784,429.9825786707517,555.1219724442735
443.28956841424116,443.28956841424116,424.8693448859396,429.3572150882995,555.1219724442735
443.741216793395,443.741216793395,424.4351879477528,429.1513407813656,555.1219724442735
443.57038339194753,443.57038339194753,420.53128246652057,430.4483468368999,555.1219724442735
446.35628179319247,446.35628179319247,416.242685593824,429.2853478253248,555.1219724442735
440.3490109681186,440.3490109681186,418.63486025301034,429.99273044341214,555.1219724442735
440.4516974863398,440.4516974863398,417.55653415140966,429.57934679061043,555.1219724442735
444.5631721521992,444.5631721521992,416.0634125724631,428.7514241035988,555.1219724442735
441.99656637625884,441.99656637625884,419.14693066053076,428.22112996621166,555.1219724442735
439.4646696530074,439.4646696530074,419.9798208592518,427.5290822352704,555.1219724442735
437.957665650338,437.957665650338,428.26641727143704,428.24855453401403,555.1219724442735
441.82936993811205,441.82936993811205,431.90789509807956,428.96766343635664,555.1219724442735
436.5672862014002,436.5672862014002,434.9640227198967,429.9624237851944,555.1219724442735
438.051649853836,438.051649853836,433.7881219715565,429.49283927284057,555.1219724442735
439.73912893678175,439.73912893678175,442.6308615530399,431.397305956199,555.1219724442735
440.5635245452527,440.5635245452527,445.15884925220763,432.3323190859891,555.1219724442735
444.6075669562562,444.6075669562562,453.61943534278396,434.65658378770456,555.1219724442735
444.12294574225086,444.12294574225086,451.11821696878013,432.96799107342684,555.1219724442735
441.37912969217876,441.37912969217876,451.1451080625151,432.5352411761417,555.1219724442735
439.7017105213665,439.7017105213665,453.29901724030606,434.0647161345777,555.1219724442735
441.78990150162394,441.78990150162394,459.4585205392749,435.42858626435446,555.1219724442735
448.1704692834543,448.1704692834543,455.46474155133,434.3328490171754,555.1219724442735
443.44777578210085,443.44777578210085,460.96972733152234,435.12638266393225,555.1219724442735
444.98099870634144,444.98099870634144,456.6384820461655,435.01297151931954,555.1219724442735
439.33630375509216,439.33630375509216,453.3066020049567,435.72039207064006,555.1219724442735
438.9643138999456,438.9643138999456,451.86524593721543,437.07918092353384,555.1219724442735
442.15830841646465,442.15830841646465,449.83041256403305,438.1920091922498,555.1219724442735
443.987664860376,443.987664860376,452.6416450541122,436.4645953269519,555.1219724442735
444.9218443700713,444.9218443700713,448.58085252995727,436.32115654706433,555.1219724442735
443.9064126488105,443.9064126488105,444.64918354713484,435.5291590837845,555.1219724442735
444.9992598778342,444.9992598778342,445.5803333443038,436.83029885247146,555.1219724442735
438.1513437607857,438.1513437607857,450.7431438410175,437.64936421733546,555.1219724442735
438.27965934330894,438.27965934330894,449.33908863685554,438.1151886112872,555.1219724442735
445.5332195256279,445.5332195256279,453.26230470057317,438.55513266228525,555.1219724442735
441.80996356626633,441.80996356626633,451.60032279307705,438.097377154176,555.1219724442735
438.6152595127481,438.6152595127481,445.7379493278821,437.56986543774406,555.1219724442735
444.52754588921954,444.52754588921954,442.84162145714816,438.5250735134086,555.1219724442735
443.1347054947494,443.1347054947494,442.4015978885238,438.1174774369104,555.1219724442735
446.91201342482134,446.91201342482134,442.25843952737193,438.1965624441047,555.1219724442735
441.8131601655286,441.8131601655286,441.20095481712326,437.84603663398485,555.1219724442735
442.5303544797614,442.5303544797614,433.65118416356927,437.69911675287267,555.1219724442735
438.1584168803596,438.1584168803596,430.80711194316444,438.7584474639062,555.1219724442735
443.6315860606646,443.6315860606646,430.4930378247729,440.0402128921601,555.1219724442735
443.5851768043248,443.5851768043248,427.16469811863027,438.27697786068916,555.1219724442735
443.591618755868,443.591618755868,421.4716185528814,437.0504180995559,555.1219724442735
439.22088521887775,439.22088521887775,421.24103101290564,436.52758715664424,555.1219724442735
443.1788313059802,443.1788313059802,419.48858256174844,436.6673172154247,555.1219724442735
441.71312042537545,441.71312042537545,422.6527826580359,436.975531028383,555.1219724442735
441.2755605574323,441.2755605574323,425.78499850692515,437.38326585746,555.1219724442735
437.78065330307015,437.78065330307015,429.4670634235782,437.7192079774788,555.1219724442735
440.81782825383226,440.81782825383226,432.8731271277322,439.9659164892634,555.1219724442735
433.7797614234109,433.7797614234109,438.15904717118127,441.41638792095466,555.1219724442735
445.46956499560133,445.46956499560133,439.5826787205298,443.06971104671544,555.1219724442735
442.82494373771885,442.82494373771885,443.0604307245625,442.7828075122976,555.1219724442735
437.205083465016,437.205083465016,449.4482890356001,443.6915387879111,555.1219724442735
438.74464997653524,438.74464997653524,449.43970694039035,442.6885564941203,555.1219724442735
441.48419474987645,441.48419474987645,447.34524222959874,442.62505883106246,555.1219724442735
444.8237915342245,444.8237915342245,441.6964039870612,442.10212931130263,555.1219724442735
436.10741291116415,436.10741291116415,434.27251739130105,440.40838320361405,555.1219724442735
442.4065668956814,442.4065668956814,427.1683223261977,439.1569082708679,555.1219724442735
440.6630438754047,440.6630438754047,424.21285438420074,439.1552039118162,555.1219724442735
441.3213795379828,441.3213795379828,415.9019527782328,438.2151994569852,555.1219724442735
445.21921127654065,445.21921127654065,413.93361075753944,438.86362865424394,555.1219724442735
440.9662706449163,440.9662706449163,411.8389964639813,438.39298241078245,555.1219724442735
438.438020879843,438.438020879843,409.4023180393322,437.0458300851695,555.1219724442735
441.2737268920793,441.2737268920793,414.28058644439716,436.5129039325582,555.1219724442735
441.25155862050417,441.25155862050417,413.8931336731465,434.679798497135,555.1219724442735
440.4636564161207,440.4636564161207,420.57913628871574,435.9943131752896,555.1219724442735
441.9747769610445,441.9747769610445,427.92109985293183,435.7635815616974,555.1219724442735
440.45705726875616,440.45705726875616,435.33704325098125,435.5645134730031,555.1219724442735
436.63841251258077,436.63841251258077,433.01232475244615,433.8659647544505,555.1219724442735
449.43194823389393,449.43194823389393,432.4897319036231,433.6201975274438,555.1219724442735
444.3000437226144,444.3000437226144,430.39969067325376,432.74962132259026,555.1219724442735
440.6355955112497,440.6355955112497,429.6909130991088,433.00346862137116,555.1219724442735
443.41821609291713,443.41821609291713,428.16201675251295,432.0169130346808,555.1219724442735
441.44566770608685,441.44566770608685,429.4341255595285,432.0266798570207,555.1219724442735
444.91790918879224,444.91790918879224,430.74125703847494,430.8619673920234,555.1219724442735
440.1036487855624,440.1036487855624,427.1591098278918,430.8978061300458,555.1219724442735
442.70968127841746,442.70968127841746,428.21502355530583,431.6904157667673,555.1219724442735
438.5637632158092,438.5637632158092,422.0616409147369,431.04700494652343,555.1219724442735
442.4827972758121,442.4827972758121,428.18257724505764,430.3864135346012,555.1219724442735
438.6042987951932,438.6042987951932,435.489142302877,430.5693972198158,555.1219724442735
439.8777924162216,439.8777924162216,434.6200314122194,429.805809877663,555.1219724442735
441.7769942565268,441.7769942565268,438.1109591330495,429.9731995078665,555.1219724442735
438.6405967818027,438.6405967818027,436.3290797044082,428.962664416947,555.1219724442735
443.4891245504652,443.4891245504652,441.7912245368151,431.2373348988074,555.1219724442735
440.7494705637167,440.7494705637167,438.43786303819616,429.981215708233,555.1219724442735
443.5739888008632,443.5739888008632,443.5877790347031,431.13504235928156,555.1219724442735
439.5508554621091,439.5508554621091,443.25853137149244,431.89043413559125,555.1219724442735
440.36918534459977,440.36918534459977,445.79540452567744,431.96589488823423,555.1219724442735
444.5018775231793,444.5018775231793,440.72725452893354,431.8016276076741,555.1219724442735
443.1140511458793,443.1140511458793,438.38850475092994,432.08567578136893,555.1219724442735
442.7923716741475,442.7923716741475,442.67679527257087,432.2425613672227,555.1219724442735
441.46231442055256,441.46231442055256,437.4289818840563,432.0260562609517,555.1219724442735
444.0827644970487,444.0827644970487,444.33667669730147,433.53567604583105,555.1219724442735
443.51911895234497,443.51911895234497,435.0576409255335,434.000656881333,555.1219724442735
435.4634392929966,435.4634392929966,442.01465288893525,434.4864297736704,555.1219724442735
439.31412765299063,439.31412765299063,432.2497318450364,433.05443219668166,555.1219724442735
440.61642896237515,440.61642896237515,422.48643685130565,431.2307218044674,555.1219724442735
438.44793186268595,438.44793186268595,426.9097198939474,431.45442618230817,555.1219724442735
440.1720313698893,440.1720313698893,431.0155188655136,431.4301059552304,555.1219724442735
438.4895590401878,438.4895590401878,428.63847190148635,430.1815607274298,555.1219724442735
441.31276515117673,441.31276515117673,426.0738623790363,429.5407980989239,555.1219724442735
443.34142184254466,443.34142184254466,426.7394568717558,428.76186149039034,555.1219724442735
443.7946235630987,443.7946235630987,425.64434843948567,428.7748879266081,555.1219724442735
446.37387611570716,446.37387611570716,420.79211352923204,428.27113819910124,555.1219724442735
441.22659212292064,441.22659212292064,425.5637767847059,430.1301366846918,555.1219724442735
446.30366675098026,446.30366675098026,439.0034803815671,432.51584747558286,555.1219724442735
442.47322907048544,442.47322907048544,444.7551093120842,433.327240188624,555.1219724442735
445.5128803575065,445.5128803575065,442.52397861110956,434.5255574392906,555.1219724442735
446.95106064710075,446.95106064710075,435.07687496390463,433.60291007117115,555.1219724442735
451.2151744981995,451.2151744981995,435.26774489498496,434.0547191507803,555.1219724442735
439.38762252701764,439.38762252701764,436.12677900332847,433.97943174808177,555.1219724442735
441.7877735799383,441.7877735799383,435.4951376500775,433.49308972760963,555.1219724442735
448.0499379245397,448.0499379245397,426.7398778930884,432.24239989735935,555.1219724442735
441.6251182326523,441.6251182326523,437.60870576212585,432.93676206264695,555.1219724442735
442.11082603326815,442.11082603326815,429.1317753482461,433.1778650197117,555.1219724442735
441.47846903788724,441.47846903788724,417.96654123413066,431.9933284646658,555.1219724442735
446.2058370489624,446.2058370489624,417.51076665886586,431.2451735498107,555.1219724442735
441.556628317599,441.556628317599,421.8236631595372,431.82288142100174,555.1219724442735
451.5358582045921,451.5358582045921,425.77901432114487,432.1562479849108,555.1219724442735
444.6280465376484,444.6280465376484,425.2140651889429,432.5995858078442,555.1219724442735
437.7730834409583,437.7730834409583,427.326915083226,433.3648766300761,555.1219724442735
448.9457372613663,448.9457372613663,426.9501188927012,432.94493088632805,555.1219724442735
441.06005713598387,441.06005713598387,434.99502730182667,433.6090020072221,555.1219724442735
443.80616403195665,443.80616403195665,430.0735664852233,433.06465024778595,555.1219724442735
441.6171253021298,441.6171253021298,429.92263033853794,433.0141396797242,555.1219724442735
443.0561580315688,443.0561580315688,437.5904391067893,434.07959432044527,555.1219724442735
440.0420994030387,440.0420994030387,441.3697828206108,433.87612540287176,555.1219724442735
443.0279528164506,443.0279528164506,434.36260197176614,434.28307363240754,555.1219724442735
441.7971769426123,441.7971769426123,430.0671034592271,432.5331532277447,555.1219724442735
440.65420978685063,440.65420978685063,431.25623457633066,431.7530042625349,555.1219724442735
442.05885846272736,442.05885846272736,433.93857859892205,433.2285860674167,555.1219724442735
445.02546767310264,445.02546767310264,435.5607733252797,432.4348937247741,555.1219724442735
440.6368199725546,440.6368199725546,438.9406235279559,434.1313107719317,555.1219724442735
443.4166463189355,443.4166463189355,438.57598346807646,432.4216020340383,555.1219724442735
445.545862784321,445.545862784321,440.1790202139176,433.3623711148685,555.1219724442735
442.5912216265419,442.5912216265419,435.09629081282594,432.3812966760699,555.1219724442735
440.0240604702425,440.0240604702425,436.93184158667344,432.610787445908,555.1219724442735
440.12623070860644,440.12623070860644,436.5076406351348,432.425520854299,555.1219724442735
444.29354469889483,444.29354469889483,443.31010588748103,433.0497234994543,555.1219724442735
440.50156409306715,440.50156409306715,441.61344806399984,432.3979929251489,555.1219724442735
444.6655730600476,444.6655730600476,435.83259832023066,431.8597466769487,555.1219724442735
438.8284240296256,438.8284240296256,443.39307648315116,433.62771264459303,555.1219724442735
447.0873198647971,447.0873198647971,440.3103270809414,433.3260408486596,555.1219724442735
443.9506742523787,443.9506742523787,441.15904674888,433.6418831987075,555.1219724442735
440.6222476780354,440.6222476780354,446.27505009182266,434.21445055544604,555.1219724442735
439.56207263496367,439.56207263496367,443.75445213691665,434.6822407344458,555.1219724442735
441.417053895357,441.417053895357,438.8379608893115,435.88109225350905,555.1219724442735
436.3903840627895,436.3903840627895,445.6256206071583,436.16870099694114,555.1219724442735
438.8978152932889,438.8978152932889,447.94003988649166,436.4346277036499,555.1219724442735
443.6190474356891,443.6190474356891,451.6173836494057,436.99377527473274,555.1219724442735
440.87032859492655,440.87032859492655,446.12681696935607,435.8703375950126,555.1219724442735
441.5180097598701,441.5180097598701,436.20967819973265,435.5217569101884,555.1219724442735
441.88185404541554,441.88185404541554,431.46244298355475,434.4896597574734,555.1219724442735
435.4999254479892,435.4999254479892,422.7403312711734,434.0315267470958,555.1219724442735
438.23473686440286,438.23473686440286,420.4789870843526,433.19749261537544,555.1219724442735
443.2321258147781,443.2321258147781,425.05019861967264,431.89158438206704,555.1219724442735
446.6805656491444,446.6805656491444,433.20978357326277,433.57202710574484,555.1219724442735
437.3044795901818,437.3044795901818,430.1112288337207,433.68615104146346,555.1219724442735
442.5572530404971,442.5572530404971,423.3689757403813,434.0930478589453,555.1219724442735
443.9909643851612,443.9909643851612,422.74180629508635,434.4885875547531,555.1219724442735
442.52792466868965,442.52792466868965,425.93530432423694,433.83204265919426,555.1219724442735
437.26734691596613,437.26734691596613,430.9539037931586,434.61351013880466,555.1219724442735
441.1627067574082,441.1627067574082,435.55716915959636,436.2531180107751,555.1219724442735
447.01300150905195,447.01300150905195,448.139822157281,436.1377500261268,555.1219724442735
445.26445687550915,445.26445687550915,448.1130896322068,436.99375547216755,555.1219724442735
441.9232664812987,441.9232664812987,438.4183507386774,435.98194628297637,555.1219724442735
439.1506258916787,439.1506258916787,437.989817663835,437.6678373067387,555.1219724442735
444.27489503318486,444.27489503318486,440.2947344608859,437.3803653017332,555.1219724442735
444.4437600625255,444.4437600625255,450.77379413459903,439.0920038216361,555.1219724442735
440.86641324719005,440.86641324719005,446.79795610250164,438.8053657374649,555.1219724442735
439.8785132941367,439.8785132941367,446.851223152927,437.7369042731345,555.1219724442735
443.07509649881905,443.07509649881905,440.6273477578463,437.3489559118337,555.1219724442735
445.49663144097855,445.49663144097855,438.05154444877223,436.86442144016416,555.1219724442735
444.1470212949997,444.1470212949997,434.1145494255321,436.9459466141886,555.1219724442735
444.5363422317194,444.5363422317194,430.0259084479917,437.0144110940583,555.1219724442735
440.3520584562419,440.3520584562419,443.68226799137426,437.20031205989335,555.1219724442735
441.45124484387014,441.45124484387014,437.71309634899126,436.93650001241474,555.1219724442735
440.9175837185176,440.9175837185176,431.9663663184025,436.90111817106043,555.1219724442735
441.50967673157635,441.50967673157635,421.0441794605317,437.28741902189694,555.1219724442735
440.0467257585127,440.0467257585127,421.1789649470182,436.78991181160234,555.1219724442735
444.46134144603013,444.46134144603013,421.2046278512561,435.1901141236014,555.1219724442735
442.62237125915243,442.62237125915243,431.7512078003213,436.5870428068421,555.1219724442735
442.2498887770487,442.2498887770487,437.4150297929103,436.55930269315496,555.1219724442735
436.7428631800129,436.7428631800129,442.6382488896067,437.7583996984947,555.1219724442735
439.3017713850546,439.3017713850546,441.6430308877022,437.3072132288153,555.1219724442735
444.3232517781705,444.3232517781705,439.7921897938192,438.13949185609204,555.1219724442735
439.231414372886,439.231414372886,446.2474936255461,438.79963042018926,555.1219724442735
442.3549853969372,442.3549853969372,447.85337386523196,439.1702648170798,555.1219724442735
446.9034273860172,446.9034273860172,449.0371053105908,438.43281890651895,555.1219724442735
448.0487935578458,448.0487935578458,451.7016539579066,438.8075529903837,555.1219724442735
443.37195514201363,443.37195514201363,452.22084310510024,438.46776308057525,555.1219724442735
443.5070466179925,443.5070466179925,451.9015020281307,438.28872791583785,555.1219724442735
436.9266131940013,436.9266131940013,451.5487045969755,438.8069781963619,555.1219724442735
438.33645199063415,438.33645199063415,445.90715414154346,438.7080211770273,555.1219724442735
438.59158200569743,438.59158200569743,447.8958738451264,437.63137797947593,555.1219724442735
439.08461726684874,439.08461726684874,447.55298652831243,438.89919873437117,555.1219724442735
442.74600923732675,442.74600923732675,438.80382974961475,438.79280419224995,555.1219724442735
437.3654296376528,437.3654296376528,431.8539306161986,436.4159268188879,555.1219724442735
442.74654036092966,442.74654036092966,435.8389253159844,436.0125959924174,555.1219724442735
440.5594010813552,440.5594010813552,433.3267239978865,435.1494210600798,555.1219724442735
446.9216386207892,446.9216386207892,434.84426624404597,436.21125293551324,555.1219724442735
440.52750679546045,440.52750679546045,428.35979406090416,436.7187510880722,555.1219724442735
437.9621762007625,437.9621762007625,424.7523499881665,437.4649595972842,555.1219724442735
435.39250532189624,435.39250532189624,420.71642315321014,438.3032395534347,555.1219724442735
447.4436371594343,447.4436371594343,426.92634162834804,438.9208488882751,555.1219724442735
442.8122450006338,442.8122450006338,421.9095755641209,438.2710741232609,555.1219724442735
440.11064823292713,440.11064823292713,423.02722899705486,436.75629327700847,555.1219724442735
442.91321702785956,442.91321702785956,429.04531242437315,436.2027435370185,555.1219724442735
444.34825693276895,444.34825693276895,426.91885128742143,436.7225711018255,555.1219724442735
442.77236362086705,442.77236362086705,428.2635660119883,436.25377300346025,555.1219724442735
441.00801743457595,441.00801743457595,424.24453777055106,435.8730996247761,555.1219724442735
436.9125605749258,436.9125605749258,425.78196196725,435.6843627228905,555.1219724442735
442.6653520760966,442.6653520760966,427.77953572230524,435.9094329098259,555.1219724442735
440.3157981052816,440.3157981052816,433.21540890589193,435.3183569031569,555.1219724442735
438.41927655162624,438.41927655162624,426.74296767297955,434.64682449642964,555.1219724442735
437.9887108178217,437.9887108178217,429.6025811123056,436.50792019798655,555.1219724442735
442.40157927411997,442.40157927411997,435.1318854185185,436.18470682794504,555.1219724442735
443.6188522622275,443.6188522622275,435.48666514807474,435.2411296744561,555.1219724442735
438.19283002829377,438.19283002829377,437.40750048912196,434.04931237273007,555.1219724442735
442.21442631879165,442.21442631879165,432.57548113211953,433.40927800938385,555.1219724442735
440.11234666867944,440.11234666867944,437.12243730038637,433.92734245426794,555.1219724442735
442.18403048310734,442.18403048310734,432.77828648576025,434.11455046847334,555.1219724442735
439.6406933912947,439.6406933912947,427.06476848346875,433.7120777167653,555.1219724442735
445.3764858513618,445.3764858513618,423.10798552422176,433.1170441228948,555.1219724442735
444.92007805023263,444.92007805023263,420.79136196432063,432.7999151996953,555.1219724442735
436.9985611330706,436.9985611330706,418.705744840852,431.5126155678821,555.1219724442735
441.46266526964456,441.46266526964456,414.39244737860975,431.52057703386885,555.1219724442735
440.3380358433949,440.3380358433949,423.26526105975046,433.50090862272583,555.1219724442735
444.96953233520003,444.96953233520003,417.76225449723717,433.3929273800711,555.1219724442735
444.62275330234456,444.62275330234456,420.66527886779056,433.3065407935383,555.1219724442735
444.12850677378816,444.12850677378816,423.5247520362378,434.3913672912643,555.1219724442735
443.7565052139398,443.7565052139398,426.4018009225964,433.04466909292836,555.1219724442735
445.4167182611547,445.4167182611547,434.6914466669631,433.1673610915758,555.1219724442735
441.5628950792455,441.5628950792455,437.69992810130344,432.12937996523414,555.1219724442735
442.330511660424,442.330511660424,439.35486235070005,432.34228149229494,555.1219724442735
440.09365983696375,440.09365983696375,438.2777092968121,431.20971946848067,555.1219724442735
442.5438911003015,442.5438911003015,439.28651050805837,430.1283804103712,555.1219724442735
444.02787406570815,444.02787406570815,430.24089584441947,429.9784130185633,555.1219724442735
444.98743703024377,444.98743703024377,434.1501458682502,430.415535491603,555.1219724442735
447.5840140700819,447.5840140700819,437.5657762560594,430.47936525316885,555.1219724442735
440.69211648073673,440.69211648073673,436.431113096012,431.23342128944665,555.1219724442735
442.765753455935,442.765753455935,430.6442460562478,428.79321789855175,555.1219724442735
442.39291259704856,442.39291259704856,423.43783549034185,427.54518727024913,555.1219724442735
439.8628167901418,439.8628167901418,427.51340371425215,428.45062987977593,555.1219724442735
445.2866097258755,445.2866097258755,428.7769268871217,428.5184921006939,555.1219724442735
441.37733113374173,441.37733113374173,432.59700641411325,428.21852344564076,555.1219724442735
442.4687669506764,442.4687669506764,434.3057036808067,429.22875519660954,555.1219724442735
435.2030204001684,435.2030204001684,434.59813335312873,430.5272535659493,555.1219724442735
442.11472185857156,442.11472185857156,432.4372417810599,429.7351987846181,555.1219724442735
445.03730411246016,445.03730411246016,430.0330258936786,429.8206256323273,555.1219724442735
439.02523958316556,439.02523958316556,420.94608113237484,428.4537842671123,555.1219724442735
441.497375100343,441.497375100343,427.22321061467864,428.5659012093066,555.1219724442735
439.54364180154886,439.54364180154886,436.5309607039815,429.900909413412,555.1219724442735
448.9494406478484,448.9494406478484,432.260757194663,430.75949668806635,555.1219724442735
439.7993282380397,439.7993282380397,432.34390871341964,429.6020055177082,555.1219724442735
438.99429752933213,438.99429752933213,434.16215844947857,430.6690400227123,555.1219724442735
438.7990632947471,438.7990632947471,432.10799211309313,431.04490781981724,555.1219724442735
438.4121413793169,438.4121413793169,430.3795592197075,430.7941029250162,555.1219724442735
442.06211739449907,442.06211739449907,435.5495014047675,431.46132880808733,555.1219724442735
442.8842077305142,442.8842077305142,432.57383166311445,430.68267876255254,555.1219724442735
445.027145592892,445.027145592892,435.62777660945784,430.7304320348937,555.1219724442735
443.8711200130267,443.8711200130267,435.68543353752904,430.5465955233623,555.1219724442735
444.0443942236394,444.0443942236394,431.9774915470215,430.74050057835535,555.1219724442735
440.9312252337207,440.9312252337207,429.5593886920736,430.02829264530277,555.1219724442735
440.2628161093091,440.2628161093091,435.54891623726826,431.36319523056596,555.1219724442735
440.3484366283662,440.3484366283662,434.0743917385641,431.563402147964,555.1219724442735
446.07540904484966,446.07540904484966,435.5348707152597,431.12550487916553,555.1219724442735
441.95510187924464,441.95510187924464,443.37005718281523,432.37078133196434,555.1219724442735
443.1336301520954,443.1336301520954,439.5777999378358,431.8953886978301,555.1219724442735
438.80675871881607,438.80675871881607,439.9709545624435,432.1617734486172,555.1219724442735
443.02674634832385,443.02674634832385,445.4487092995614,432.3956864347287,555.1219724442735
439.6399007621234,439.6399007621234,447.7109463048165,433.5331274871737,555.1219724442735
445.30093203033755,445.30093203033755,444.193161344224,434.16617915050637,555.1219724442735
436.0172332462545,436.0172332462545,447.8845357451686,434.9836026894921,555.1219724442735
444.87656015875996,444.87656015875996,451.1241920359486,437.42976124489155,555.1219724442735
439.77402916897995,439.77402916897995,453.47694009881343,438.51764119955624,555.1219724442735
444.2183061938153,444.2183061938153,457.2354663596989,439.6941086753834,555.1219724442735
442.0409515785864,442.0409515785864,448.6530193743653,437.44833299488727,555.1219724442735
439.50532038923774,439.50532038923774,450.58167926616244,438.4592736516152,555.1219724442735
440.7221883125921,440.7221883125921,457.8404341120937,439.5968044974779,555.1219724442735
443.87959501366623,443.87959501366623,458.40334777931014,439.37140558334323,555.1219724442735
442.56598771954975,442.56598771954975,450.35417086765455,438.32360147618533,555.1219724442735
438.05898978602295,438.05898978602295,448.2245668157728,436.8728031802683,555.1219724442735
445.12209197529637,445.12209197529637,443.31302415631944,436.1062219004953,555.1219724442735
442.75831715266065,442.75831715266065,434.90504958774125,436.5397986922999,555.1219724442735
446.91158371555866,446.91158371555866,431.2359333084889,437.1092860018917,555.1219724442735
444.7462927100034,444.7462927100034,425.4300195074501,436.9228104752617,555.1219724442735
444.54777547919423,444.54777547919423,427.02332696649466,436.8048192193022,555.1219724442735
437.87832514526997,437.87832514526997,428.9033231771058,437.4099091133862,555.1219724442735
440.30548825902804,440.30548825902804,432.3394714231041,438.55154353088676,555.1219724442735
437.0609823255643,437.0609823255643,429.09307599370675,437.90379816288214,555.1219724442735
441.9393073508021,441.9393073508021,432.75978576447125,438.74670941783,555.1219724442735
437.09188630350866,437.09188630350866,439.3750854644824,440.0602531750964,555.1219724442735
442.87214420644375,442.87214420644375,450.3740047920578,440.67834211605646,555.1219724442735
441.79333486574404,441.79333486574404,450.40945203676955,440.8663037222294,555.1219724442735
441.8987171169593,441.8987171169593,447.5103097111456,440.09194666129815,555.1219724442735
439.02527983428683,439.02527983428683,442.85577163692767,438.6328240664859,555.1219724442735
440.6893841359288,440.6893841359288,448.95358835946934,439.67591022057036,555.1219724442735
443.940737908656,443.940737908656,453.5722140987332,441.63690357692104,555.1219724442735
445.2004274586849,445.2004274586849,447.25504063312064,441.9959464787753,555.1219724442735
446.001196278572,446.001196278572,444.8624235912328,442.68706665465385,555.1219724442735
442.28150674988655,442.28150674988655,447.03545758088393,442.7091588110711,555.1219724442735
440.7217358781433,440.7217358781433,440.5546519076109,440.8649914158224,555.1219724442735
440.1247831466781,440.1247831466781,432.96371119056903,440.8189329152377,555.1219724442735
441.03778624127597,441.03778624127597,434.7549961199505,441.34852120353565,555.1219724442735
439.4176602621389,439.4176602621389,440.4160992425709,441.34273481991653,555.1219724442735
441.1905265960279,441.1905265960279,450.07847859313836,442.2269213624949,555.1219724442735
442.4829991361355,442.4829991361355,445.7257967893411,442.7451577344972,555.1219724442735
433.21696503907833,433.21696503907833,442.25846753754803,442.9786968034771,555.1219724442735
441.6744378203209,441.6744378203209,443.6380355209327,444.20878725033896,555.1219724442735
439.0400560074937,439.0400560074937,447.5574818477638,445.073007702315,555.1219724442735
444.8230489491457,444.8230489491457,445.8601422704963,444.7441005576646,555.1219724442735
446.8085312105405,446.8085312105405,446.58186285126146,443.78586567667037,555.1219724442735
443.4836363641638,443.4836363641638,452.2914712684158,445.36534943050617,555.1219724442735
441.6731852417277,441.6731852417277,448.20598403854746,443.87993476379137,555.1219724442735
441.9616173274603,441.9616173274603,440.126655370277,442.5531875462591,555.1219724442735
442.5788739935625,442.5788739935625,440.14624374175054,443.1491959677931,555.1219724442735
442.3708961874497,442.3708961874497,437.7891046616285,441.62896723025983,555.1219724442735
445.43997191591166,445.43997191591166,433.76843154757546,441.816823125425,555.1219724442735
443.145411490878,443.145411490878,432.22722308142664,442.66004095413547,555.1219724442735
441.10159795253827,441.10159795253827,432.4986101998953,442.4829878823818,555.1219724442735
443.3468000175151,443.3468000175151,436.3585315412344,442.47361760494806,555.1219724442735
442.1901981253346,442.1901981253346,442.03888948270304,443.35501130436614,555.1219724442735
437.8892765478507,437.8892765478507,435.8201920553355,442.95248069253955,555.1219724442735
445.94484726632254,445.94484726632254,439.01308602266363,441.45771356113454,555.1219724442735
442.4021385428005,442.4021385428005,443.2255337639617,440.5029062792888,555.1219724442735
437.68367181451487,437.68367181451487,439.96203654156,439.69451000416535,555.1219724442735
444.28197909940855,444.28197909940855,440.6827065665211,440.03490466869096,555.1219724442735
446.4051168504264,446.4051168504264,436.9753211785387,439.0955515079002,555.1219724442735
445.18198969702195,445.18198969702195,437.6154296844464,438.6150400686061,555.1219724442735
446.3726559288981,446.3726559288981,432.86576672707224,437.3754716719343,555.1219724442735
443.29302230197374,443.29302230197374,428.35644330981205,438.07407209337964,555.1219724442735
444.0666198606759,444.0666198606759,424.9232653531594,438.6947510118435,555.1219724442735
442.95147057554124,442.95147057554124,422.5784964907988,438.8055751594354,555.1219724442735
443.48400893242035,443.48400893242035,421.0811432708103,438.69293229774826,555.1219724442735
442.6117966704925,442.6117966704925,420.8496943207413,438.4256584817393,555.1219724442735
440.4045399190621,440.4045399190621,426.31999128711624,439.87250436009856,555.1219724442735
440.3526593931236,440.3526593931236,430.8696879096218,440.80417685731635,555.1219724442735
443.16477662117745,443.16477662117745,431.4295657189374,439.6008000162666,555.1219724442735
445.8092797159819,445.8092797159819,427.8665968402068,437.7204651520266,555.1219724442735
440.41890834868144,440.41890834868144,431.2666268264826,437.81018183848937,555.1219724442735
443.62096525951443,443.62096525951443,435.9124419086879,438.7046033222229,555.1219724442735
439.23251732683696,439.23251732683696,434.7967600986209,437.7790859386711,555.1219724442735
436.9706111049527,436.9706111049527,438.01226716291166,436.33322763360616,555.1219724442735
441.38330270515803,441.38330270515803,438.10841540947024,436.2327249722885,555.1219724442735
441.9312977793325,441.9312977793325,437.0639587242902,436.33638828436824,555.1219724442735
444.76624121811415,444.76624121811415,429.709293449462,437.2432087226054,555.1219724442735
440.98725463916963,440.98725463916963,429.23866935706747,436.86119305683593,555.1219724442735
439.11543365554724,439.11543365554724,432.00825168770035,435.28800753406,555.1219724442735
438.79739326138935,438.79739326138935,432.1076133703239,434.6909796994672,555.1219724442735
440.1092908895493,440.1092908895493,436.05738580687176,436.0491742816172,555.1219724442735
445.33989131420066,445.33989131420066,434.17097904689507,436.13170761542517,555.1219724442735
440.34885623518966,440.34885623518966,438.019027250373,437.2719610072236,555.1219724442735
439.78719801836144,439.78719801836144,435.72029629748323,436.884544654989,555.1219724442735
440.68703252196764,440.68703252196764,441.0833977867298,437.4984053056442,555.1219724442735
443.80400169149414,443.80400169149414,445.41429209111254,437.3360268540766,555.1219724442735
447.19960012820576,447.19960012820576,439.5279086311821,435.1330947302142,555.1219724442735
440.5053955988583,440.5053955988583,438.65812583524047,435.4476588660159,555.1219724442735
436.3328922978038,436.3328922978038,432.3715301597684,433.3106200585041,555.1219724442735
443.06621677688304,443.06621677688304,432.7553079102743,432.51443417733554,555.1219724442735
447.0426273121244,447.0426273121244,423.33698041765746,431.2050739955958,555.1219724442735
442.9216694884107,442.9216694884107,420.0185234545017,430.9633838522261,555.1219724442735
440.6609918329784,440.6609918329784,418.9764916255168,431.7508867620746,555.1219724442735
441.63131908613553,441.63131908613553,428.661518028622,432.15855400703026,555.1219724442735
443.16749976472863,443.16749976472863,422.61293404800836,432.37979530753654,555.1219724442735
442.4502937544662,442.4502937544662,420.5391652758079,433.4185288351827,555.1219724442735
442.872540505488,442.872540505488,434.6978197032314,434.0434099225103,555.1219724442735
448.59813764695434,448.59813764695434,430.27120912396765,433.9440797584837,555.1219724442735
441.33915206340185,441.33915206340185,431.98044722867087,432.95302319472313,555.1219724442735
438.79746526369524,438.79746526369524,433.0016728552705,432.66932413210435,555.1219724442735
438.96745485161665,438.96745485161665,443.434973441478,433.39234664391245,555.1219724442735
440.67052426964847,440.67052426964847,444.921866457141,432.6760508354076,555.1219724442735
439.3231371958585,439.3231371958585,439.6228314797453,431.267675161483,555.1219724442735
440.45259941185,440.45259941185,428.282131143058,430.6509418245748,555.1219724442735
439.4372231582387,439.4372231582387,428.34241743589763,430.2456615901832,555.1219724442735
443.27550350831785,443.27550350831785,430.5407160434691,430.88156529108414,555.1219724442735
442.63008594756093,442.63008594756093,421.56049783338085,430.3631021808745,555.1219724442735
437.7134399961849,437.7134399961849,430.00136176690205,431.80781079855996,555.1219724442735
438.7632328681351,438.7632328681351,432.4233422351519,432.04262740604577,555.1219724442735
439.91784279629763,439.91784279629763,431.78004878333087,431.5022479518814,555.1219724442735
439.5043540137774,439.5043540137774,435.38655285089396,433.8965038686768,555.1219724442735
440.4472269551669,440.4472269551669,445.84804733989085,436.17437164142325,555.1219724442735
443.4467973200028,443.4467973200028,454.5316321436793,437.18934851958693,555.1219724442735
448.6936607638016,448.6936607638016,456.2846716449418,437.39217685540325,555.1219724442735
447.5408790755461,447.5408790755461,454.57702875028315,436.9448386860778,555.1219724442735
443.6142281571147,443.6142281571147,446.3111650068216,435.9738594283003,555.1219724442735
445.09296036319125,445.09296036319125,451.5779204900629,435.41468802146386,555.1219724442735
442.96899322054253,442.96899322054253,440.9139476922346,433.8166627550825,555.1219724442735
442.2257115276471,442.2257115276471,443.53171076558795,434.46305641537583,555.1219724442735
439.85658125676804,439.85658125676804,444.62187214123196,434.8533030120863,555.1219724442735
445.92529806508196,445.92529806508196,431.7145972863665,433.9860979606535,555.1219724442735
438.0708699219676,438.0708699219676,421.3974000499155,433.27136326966894,555.1219724442735
439.3181491645575,439.3181491645575,417.2427562064666,433.6785477411562,555.1219724442735
441.3229226853106,441.3229226853106,412.9216645692997,432.37405633668095,555.1219724442735
446.33755007869615,446.33755007869615,414.45863638020666,432.2148828802252,555.1219724442735
443.6637369607816,443.6637369607816,427.4529512715586,434.051657937754,555.1219724442735
440.4349974625726,440.4349974625726,422.19336235697,433.9115018029654,555.1219724442735
441.92595923021395,441.92595923021395,425.6666541992346,433.10225972351594,555.1219724442735
436.7594608435266,436.7594608435266,427.52213544385285,433.5658331666065,555.1219724442735
441.6749974560673,441.6749974560673,427.31532233024075,433.89484480406975,555.1219724442735
441.73215842009813,441.73215842009813,427.4970591272164,432.2740326247225,555.1219724442735
450.8507278443163,450.8507278443163,428.11954020862925,432.06107550201574,555.1219724442735
445.73638140985236,445.73638140985236,423.47608365557574,430.7699590221967,555.1219724442735
444.206479741809,444.206479741809,428.4271921413808,430.9154355054605,555.1219724442735
440.75163343180117,440.75163343180117,424.8146120339813,428.9611257296755,555.1219724442735
440.4585228463073,440.4585228463073,411.8022010524911,427.32923973002966,555.1219724442735
448.8304237390013,448.8304237390013,411.05416095644205,428.21675226801744,555.1219724442735
443.2354675489853,443.2354675489853,415.149692123729,428.4005729812136,555.1219724442735
437.6129672292396,437.6129672292396,409.10007157143536,428.9115414489398,555.1219724442735
441.6964826723263,441.6964826723263,411.36646148655365,429.61707551932557,555.1219724442735
448.16979313475167,448.16979313475167,422.1111758646104,432.02887171411305,555.1219724442735
443.34203450947973,443.34203450947973,421.8566874825004,432.42870830761535,555.1219724442735
438.20848706324864,438.20848706324864,427.60952846512134,432.49656639011766,555.1219724442735
442.85757828536384,442.85757828536384,423.42950579374383,429.8690330584848,555.1219724442735
438.49518436447113,438.49518436447113,427.35723865581224,429.9099866512362,555.1219724442735
443.6044130000462,443.6044130000462,437.96722557408447,430.814851789685,555.1219724442735
445.66000826919577,445.66000826919577,437.5436181212984,428.78591195163085,555.1219724442735
438.64799534896804,438.64799534896804,430.0880433939037,428.3639398352007,555.1219724442735
437.76117611327027,437.76117611327027,431.0901353618844,428.7334790755825,555.1219724442735
440.3934606747541,440.3934606747541,426.7314639567673,428.3630337396249,555.1219724442735
440.146575929696,440.146575929696,421.05459893484783,427.55279681278705,555.1219724442735
442.0552058673719,442.0552058673719,419.60861401752464,427.3660578196921,555.1219724442735
443.1721808289575,443.1721808289575,412.64093368898614,427.1001868319659,555.1219724442735
439.0640223595938,439.0640223595938,415.1571736691932,427.24404156371185,555.1219724442735
438.2065313990808,438.2065313990808,410.6944803682727,426.38039923771134,555.1219724442735
444.4074999386187,444.4074999386187,411.2806669607647,426.9628419731441,555.1219724442735
441.21699742420344,441.21699742420344,420.1901235196754,428.5118370888897,555.1219724442735
440.4019939804885,440.4019939804885,421.48189014445035,426.6600455107104,555.1219724442735
435.6445233537095,435.6445233537095,423.86012718535466,427.0208360656231,555.1219724442735
442.37745181467466,442.37745181467466,422.51379313961996,426.50978261088267,555.1219724442735
441.8639637137273,441.8639637137273,424.10092100630766,425.29567044386977,555.1219724442735
437.81560488748846,437.81560488748846,428.6169739826244,423.9198431482388,555.1219724442735
437.4632872763357,437.4632872763357,437.3176321645884,423.6573868361476,555.1219724442735
439.0813423125936,439.0813423125936,437.72632650121915,423.5323725349673,555.1219724442735
441.3700789688987,441.3700789688987,443.34285723159235,424.1335649339731,555.1219724442735
442.10362787771277,442.10362787771277,442.63795427748283,426.22819982727634,555.1219724442735
443.94691310110414,443.94691310110414,436.3243528749931,425.4611235658758,555.1219724442735
442.71795403168517,442.71795403168517,440.07491531111674,426.49223903448683,555.1219724442735
442.3199019592152,442.3199019592152,435.51727828214024,425.41794956893364,555.1219724442735
447.32539678385774,447.32539678385774,434.6512851572911,424.51566521409455,555.1219724442735
443.65833764856984,443.65833764856984,430.4324744821928,425.03924588303505,555.1219724442735
443.8351028038079,443.8351028038079,428.6041702602626,425.36119719030825,555.1219724442735
439.2102165486256,439.2102165486256,426.30145732300207,425.46912705945476,555.1219724442735
439.9025036810222,439.9025036810222,424.24581580091916,425.7972027812913,555.1219724442735
441.0184408963519,441.0184408963519,419.74464577879934,425.1907668136916,555.1219724442735
443.03109374877647,443.03109374877647,416.6660798212345,424.0708255372116,555.1219724442735
443.975380863021,443.975380863021,422.882280744564,425.5989072433946,555.1219724442735
437.4633679093294,437.4633679093294,423.51551275623615,426.0620107458871,555.1219724442735
442.6710785773572,442.6710785773572,428.4670246955667,425.6069274192762,555.1219724442735
439.95325947182374,439.95325947182374,432.79327407656075,425.6112555633585,555.1219724442735
439.438395051575,439.438395051575,434.5085652525785,426.4415471081074,555.1219724442735
445.8147496540127,445.8147496540127,433.9411341303372,426.52551597464975,555.1219724442735
442.9210076873713,442.9210076873713,429.9801156577647,426.7699334598925,555.1219724442735
447.2234318525893,447.2234318525893,433.61014386221734,426.83379312545844,555.1219724442735
446.5322773481883,446.5322773481883,444.2435696340481,429.0765583337049,555.1219724442735
439.9942515892013,439.9942515892013,441.0542894204385,429.921243210801,555.1219724442735
443.2403624966503,443.2403624966503,434.70954176933645,430.32998340597345,555.1219724442735
444.8918521483041,444.8918521483041,432.5515343465487,429.54237919045113,555.1219724442735
439.2677991453339,439.2677991453339,431.4700280618992,430.08091871736906,555.1219724442735
445.5185781366443,445.5185781366443,428.60154461024433,429.0582721880967,555.1219724442735
439.8034737581849,439.8034737581849,429.274772529515,427.8742664410883,555.1219724442735
440.7866387443162,440.7866387443162,436.72188651697843,429.49855578154546,555.1219724442735
448.5925425130917,448.5925425130917,441.84307992181294,429.6166437512308,555.1219724442735
441.7535744666468,441.7535744666468,447.31280706686937,431.61045338008364,555.1219724442735
444.4180977080211,444.4180977080211,439.3338273832748,431.4718760791974,555.1219724442735
441.93747836870693,441.93747836870693,441.69656008306686,430.6671101125975,555.1219724442735
440.0736239730982,440.0736239730982,440.80018310134363,430.98129640198255,555.1219724442735
438.684631642279,438.684631642279,442.9458262701278,432.11393576569594,555.1219724442735
442.98002157235976,442.98002157235976,434.3879737805669,430.7404864011056,555.1219724442735
441.693584705443,441.693584705443,438.40255979381516,431.39249135550637,555.1219724442735
440.0407770452864,440.0407770452864,434.55560625215696,430.5744679045502,555.1219724442735
441.4439724070933,441.4439724070933,426.8172338352835,430.9402797450973,555.1219724442735
447.0745605680836,447.0745605680836,426.44926525056223,432.3783100635461,555.1219724442735
445.8222143635791,445.8222143635791,424.82019404043683,433.54305745433237,555.1219724442735
445.9977273476605,445.9977273476605,421.13018298609876,433.55901660276254,555.1219724442735
443.68232875886576,443.68232875886576,419.3330464109175,432.27758600262814,555.1219724442735
441.20503317335783,441.20503317335783,424.4972759658338,431.8427268912143,555.1219724442735
444.7139171375253,444.7139171375253,421.0484744460996,432.0272526260258,555.1219724442735
443.66364690820905,443.66364690820905,436.84672007171775,433.3378049783782,555.1219724442735
434.59573354069835,434.59573354069835,438.2233217560844,434.53439707879915,555.1219724442735
435.8620066707474,435.8620066707474,441.9894184781141,434.15216739891156,555.1219724442735
444.17860334432305,444.17860334432305,448.1406439166867,434.8450137319097,555.1219724442735
441.7873466798403,441.7873466798403,448.24524579940646,434.56383279050965,555.1219724442735
437.83318655897097,437.83318655897097,444.487220557429,434.89523626557434,555.1219724442735
442.58151115217044,442.58151115217044,452.6531238176293,435.4210699199701,555.1219724442735
441.8476919836871,441.8476919836871,452.46274443075055,434.24254403328155,555.1219724442735
439.97629328607553,439.97629328607553,449.5233062803829,434.4825175722921,555.1219724442735
442.2478157003446,442.2478157003446,458.6934748148734,435.7509645267771,555.1219724442735
438.48212261094625,438.48212261094625,450.10572616657436,436.25549455526505,555.1219724442735
445.07600262943345,445.07600262943345,451.9983462752915,438.00380930239925,555.1219724442735
446.2747954028807,446.2747954028807,456.0634964741008,439.27837179729306,555.1219724442735
443.1362544213258,443.1362544213258,446.82644277557176,438.4894682349716,555.1219724442735
443.43136205537417,443.43136205537417,441.7229141490493,437.6481241557191,555.1219724442735
440.59851071934673,440.59851071934673,441.7883267680503,438.4037384590005,555.1219724442735
439.22337872273135,439.22337872273135,438.23629782174567,439.1194003285593,555.1219724442735
441.9872346832836,441.9872346832836,440.1448860042704,438.93830526988876,555.1219724442735
443.0579799035866,443.0579799035866,440.11813738330665,437.92968890004073,555.1219724442735
444.68861977797,444.68861977797,428.9517997607081,436.83822192767155,555.1219724442735
440.72110593570176,440.72110593570176,428.3703815113191,436.2361659184155,555.1219724442735
443.7273095377935,443.7273095377935,424.00866039021565,436.2468865651302,555.1219724442735
440.15182385988805,440.15182385988805,419.62088865638515,436.3008364780544,555.1219724442735
440.4089947530738,440.4089947530738,420.29092022443893,435.75942545379183,555.1219724442735
441.5188757768821,441.5188757768821,418.3453150575754,435.3211640356812,555.1219724442735
447.0757701489264,447.0757701489264,422.86471471673576,436.25465262990423,555.1219724442735
441.7397291412513,441.7397291412513,431.3935476075616,436.54939592326195,555.1219724442735
438.3696601797812,438.3696601797812,427.2038702717251,436.16822144014606,555.1219724442735
443.3704035080996,443.3704035080996,432.5542787408567,437.49863629434475,555.1219724442735
445.117329731435,445.117329731435,439.25352021175667,438.1786191007131,555.1219724442735
443.52790583619475,443.52790583619475,433.3399848302991,436.6101572720955,555.1219724442735
437.56528715017674,437.56528715017674,433.0289804972961,437.1323737425406,555.1219724442735
438.5036608007592,438.5036608007592,431.3919722441621,436.7242764209838,555.1219724442735
443.43690620130474,443.43690620130474,434.863027019762,435.3876535543485,555.1219724442735
444.2968076272079,444.2968076272079,442.558656322063,435.4642793157312,555.1219724442735
447.57079759022474,447.57079759022474,433.34246736248645,433.4605846890276,555.1219724442735
443.10396558784737,443.10396558784737,426.7127011451479,434.0251706756366,555.1219724442735
441.563980857064,441.563980857064,438.574781686016,435.5438657607359,555.1219724442735
448.09134059097215,448.09134059097215,434.93561230269387,436.32572213461486,555.1219724442735
438.62412574487564,438.62412574487564,428.7742806630555,435.34430997929866,555.1219724442735
441.87499504009975,441.87499504009975,435.3834698900391,436.80925649398984,555.1219724442735
445.3858938809873,445.3858938809873,440.51862458507804,437.5555867007931,555.1219724442735
443.28367226987297,443.28367226987297,448.04472380003597,439.4220999305597,555.1219724442735
444.3865499510896,444.3865499510896,450.2059268941116,440.0653921661142,555.1219724442735
440.93064412965595,440.93064412965595,449.1027216273909,439.99497059109694,555.1219724442735
442.78988259983043,442.78988259983043,456.6711325674372,439.8307723944277,555.1219724442735
440.22791688079894,440.22791688079894,457.8942365075085,441.37798137991865,555.1219724442735
445.5404734571994,445.5404734571994,446.8546137085524,441.04817922026285,555.1219724442735
443.88808521381407,443.88808521381407,443.03150253836037,440.0325674491201,555.1219724442735
438.91387478934973,438.91387478934973,449.4931363182218,441.0332423537231,555.1219724442735
440.2491291198777,440.2491291198777,446.1989230144533,438.67969708253696,555.1219724442735
443.66468026591957,443.66468026591957,445.6750285039399,439.04592805036424,555.1219724442735
440.49161141946524,440.49161141946524,434.5294527095737,437.9301067768515,555.1219724442735
442.98797571502814,442.98797571502814,429.7920039720367,436.39566417718413,555.1219724442735
436.977762523094,436.977762523094,424.9398637850565,435.3338941882269,555.1219724442735
444.5549996206001,444.5549996206001,426.497871742453,436.2329026314325,555.1219724442735
440.50684090290054,440.50684090290054,423.0221115453002,435.4517789254528,555.1219724442735
442.163521674859,442.163521674859,427.3129686362375,436.01822406136023,555.1219724442735
444.3743267582036,444.3743267582036,426.59928857076295,435.44776390719613,555.1219724442735
445.0657630107229,445.0657630107229,430.12758749386074,435.3200648895205,555.1219724442735
441.54499346439763,441.54499346439763,436.7476632417386,436.00808449756994,555.1219724442735
442.00111530434003,442.00111530434003,434.3713053609471,435.5205198674953,555.1219724442735
440.05125982513704,440.05125982513704,444.85929322105085,435.6892661262416,555.1219724442735
442.4998431889026,442.4998431889026,448.84360238379793,436.79909609882947,555.1219724442735
438.68339348929396,438.68339348929396,449.0172833862833,436.7927680356738,555.1219724442735
442.95341995285014,442.95341995285014,446.9115780303115,437.2575528838847,555.1219724442735
441.9431372579386,441.9431372579386,449.7534434743185,437.7552080559674,555.1219724442735
443.2059390799285,443.2059390799285,447.74000744564654,437.53724834963555,555.1219724442735
446.401899201164,446.401899201164,457.63702523549154,438.9515414776331,555.1219724442735
446.08325890023787,446.08325890023787,455.1940265910924,440.56851025559735,555.1219724442735
440.49595886047814,440.49595886047814,455.41297216097007,441.4166026275,555.1219724442735
445.2770789126055,445.2770789126055,459.22318154537135,442.56342409852647,555.1219724442735
442.9183546307602,442.9183546307602,455.8233395227534,442.9297562995152,555.1219724442735
442.2135309464177,442.2135309464177,453.3509200388445,443.4110960617105,555.1219724442735
