Average Episodic Reward,Average Episodic N-Reward,Avg Reward (last 10),Avg Reward (last 50),Best Reward
-168.11781964695126,-168.11781964695126,-171.3361281885493,-171.3361281885493,-171.3361281885493
-167.52938051818967,-167.52938051818967,-157.0122046399308,-157.0122046399308,-142.68828109131226
-170.75973108022797,-170.75973108022797,-133.8021148466726,-133.8021148466726,-87.38193526015618
-168.51684462117993,-168.51684462117993,-145.42080436314973,-145.42080436314973,-87.38193526015618
-168.4035443240689,-168.4035443240689,-148.26046189718375,-148.26046189718375,-87.38193526015618
-169.36494123478099,-169.36494123478099,-155.75585927953728,-155.75585927953728,-87.38193526015618
-171.92963292962352,-171.92963292962352,-166.27284832986248,-166.27284832986248,-87.38193526015618
-170.1915533633043,-170.1915533633043,-174.5826297482148,-174.5826297482148,-87.38193526015618
-168.36418257364744,-168.36418257364744,-173.41189152634888,-173.41189152634888,-87.38193526015618
-174.3308872381858,-174.3308872381858,-173.48102645386754,-173.48102645386754,-87.38193526015618
-166.2028679099034,-166.2028679099034,-171.7107476110744,-171.67669129993573,-87.38193526015618
-163.707738811242,-163.707738811242,-171.60047408985548,-169.16909584820138,-87.38193526015618
-165.55879254861534,-165.55879254861534,-184.32687162037956,-172.66731236490872,-87.38193526015618
-165.7784175512887,-165.7784175512887,-190.0352586628099,-177.28827172004986,-87.38193526015618
-173.04313546486654,-173.04313546486654,-184.05810667225282,-172.12555841389647,-87.38193526015618
-171.90068459011104,-171.90068459011104,-176.19428587073452,-168.52987589903557,-87.38193526015618
-168.83416667117842,-168.83416667117842,-170.8837515307269,-168.98514433037099,-87.38193526015618
-170.46559530548734,-170.46559530548734,-166.13347767161673,-169.888656372327,-87.38193526015618
-172.34362053084686,-172.34362053084686,-167.0808130429442,-170.0797449561359,-87.38193526015618
-168.80940305244687,-168.80940305244687,-169.46141302735086,-171.47121974060923,-87.38193526015618
-168.35163465670306,-168.35163465670306,-171.08534605747786,-171.39509832733677,-87.38193526015618
-167.3568459459407,-167.3568459459407,-173.13489047616753,-170.97172977000417,-87.38193526015618
-176.08686689937818,-176.08686689937818,-165.2505005120268,-169.4426115593079,-87.38193526015618
-166.2897860486941,-166.2897860486941,-160.86038167033817,-170.44331753267002,-87.38193526015618
-161.95473269410996,-161.95473269410996,-164.87898043595666,-169.22692722272055,-87.38193526015618
-127.96311248602552,-127.96311248602552,-166.45265902316933,-167.73094633139468,-87.38193526015618
-106.92860854027748,-106.92860854027748,-157.3108100787605,-164.66131682977448,-84.8509497876495
-107.57411502707775,-107.57411502707775,-142.1602536342843,-159.98565539445457,-33.742796640816955
-109.73262179075988,-109.73262179075988,-133.80200293414555,-157.57017874165643,-33.742796640816955
-109.98228860275759,-109.98228860275759,-125.81091522895213,-156.25111823672347,-33.742796640816955
-108.44990859009522,-108.44990859009522,-122.88376617533599,-155.74628150411067,-33.742796640816955
-105.416051883314,-105.416051883314,-122.72278124930617,-155.89393335728604,-33.742796640816955
-115.0480214328269,-115.0480214328269,-116.03436296403852,-153.25829380316566,-33.742796640816955
-106.41810171907264,-106.41810171907264,-107.51656734785308,-151.93544983125327,-33.742796640816955
-101.83756380436348,-101.83756380436348,-100.93351241440955,-149.71452299177457,-33.742796640816955
-111.79069303152419,-111.79069303152419,-93.24223787270316,-147.0396384262026,-33.742796640816955
-109.93437016228668,-109.93437016228668,-96.66432134968464,-146.28375048380428,-33.742796640816955
-95.84270108455445,-95.84270108455445,-104.34498862223911,-145.3433746649242,-33.742796640816955
-97.65865619909044,-97.65865619909044,-105.00727547887918,-144.09251123838024,-33.742796640816955
-97.6494939090223,-97.6494939090223,-100.0925229673325,-142.21146941937576,-33.742796640816955
-104.80275462260123,-104.80275462260123,-92.38333041032799,-140.29190318855396,-33.742796640816955
-100.96849402158358,-100.96849402158358,-84.72620827243469,-138.94923690851195,-33.742796640816955
-108.36786718878525,-108.36786718878525,-87.04299706511294,-137.8593875850139,-33.742796640816955
-93.26923521252468,-93.26923521252468,-90.07725949657434,-137.87677020973535,-33.742796640816955
-99.31837416054606,-99.31837416054606,-94.97905382391393,-137.55108539891668,-33.742796640816955
-97.26685227263755,-97.26685227263755,-96.77528310310367,-136.11260466031158,-33.742796640816955
-111.80720952246098,-111.80720952246098,-89.46362827817723,-134.1943627804794,-33.742796640816955
-103.0550988927185,-103.0550988927185,-88.06413545732924,-133.4101998300086,-33.742796640816955
-105.23363484524705,-105.23363484524705,-85.27596504742493,-132.0891344647159,-33.742796640816955
-98.70822757138984,-98.70822757138984,-85.064143990175,-130.7820043335356,-33.742796640816955
-104.19821624137938,-104.19821624137938,-96.98903677771602,-131.01044540638645,-33.742796640816955
-103.68942231215136,-103.68942231215136,-103.5292529042712,-131.14272139840702,-33.742796640816955
-100.364847639425,-100.364847639425,-99.97030623202048,-130.52500767871567,-33.742796640816955
-94.7745733419203,-94.7745733419203,-94.509774364925,-128.5998483085001,-33.742796640816955
-100.85938965613416,-100.85938965613416,-92.08290897505026,-127.38651246431665,-33.742796640816955
-97.00857947856186,-97.00857947856186,-92.5043365718794,-125.03376048831802,-33.742796640816955
-97.90443151879899,-97.90443151879899,-100.62873630658882,-122.99024950878761,-33.742796640816955
-96.28933416746646,-96.28933416746646,-100.2158900903809,-120.18374909517006,-33.742796640816955
-103.90836637644577,-103.90836637644577,-101.66092890073655,-118.5653970808261,-33.742796640816955
-100.45108652696237,-100.45108652696237,-106.17985913661941,-117.32177087008598,-33.742796640816955
-101.56122073411593,-101.56122073411593,-95.08851622131233,-115.68599912843406,-33.742796640816955
-100.26926681587065,-100.26926681587065,-84.49082235439411,-113.72079105131473,-33.742796640816955
-87.68528697748776,-87.68528697748776,-88.27744267810779,-111.31512189026131,-33.742796640816955
-99.12997756749033,-99.12997756749033,-90.10825413637842,-108.6144474032138,-33.742796640816955
-90.53022537828647,-90.53022537828647,-89.30992237971489,-108.43687560580908,-33.742796640816955
-98.73324015085363,-98.73324015085363,-93.61275888112284,-108.51745509039567,-33.742796640816955
-99.33370739161326,-99.33370739161326,-87.42320987689155,-106.29814117802054,-33.742796640816955
-99.89715602193338,-99.89715602193338,-90.05142259904646,-104.96733808065599,-33.742796640816955
-101.90298469461864,-101.90298469461864,-89.62443276844205,-103.07412102592566,-33.742796640816955
-97.57293251311825,-97.57293251311825,-88.78943232782508,-101.1873747301808,-33.742796640816955
-99.25954771150347,-99.25954771150347,-87.63817210801099,-98.99656433854067,-33.742796640816955
-94.60418569667424,-94.60418569667424,-95.1807266684875,-98.12995828977873,-33.742796640816955
-86.38074383725305,-86.38074383725305,-95.64404777991071,-97.39383134383809,-33.742796640816955
-101.51146424355856,-101.51146424355856,-93.8931913472474,-95.22100933859564,-33.742796640816955
-92.93752436817549,-92.93752436817549,-99.34097609193499,-95.32927473700472,-33.742796640816955
-157.24884297392964,-157.24884297392964,-95.7783427130307,-94.38259182836796,-33.742796640816955
-157.18837197423662,-157.18837197423662,-104.561324730508,-95.74824410837007,-33.742796640816955
-149.06619979284787,-149.06619979284787,-108.20201568460178,-98.17569049071948,-33.742796640816955
-152.48707356868852,-152.48707356868852,-114.90526285540895,-99.29477301017835,-33.742796640816955
-151.6673122465083,-151.6673122465083,-120.67568448291354,-100.16032858097313,-33.742796640816955
-150.511044675937,-150.511044675937,-130.17316247090278,-100.45444359765402,-33.742796640816955
-153.25654818337804,-153.25654818337804,-134.38822423476307,-100.4630468868701,-33.742796640816955
-150.4848042511513,-150.4848042511513,-135.62903507256334,-101.31276576554305,-33.742796640816955
-152.61473481343307,-152.61473481343307,-136.12066078615558,-100.94182802625618,-33.742796640816955
-147.261985803441,-147.261985803441,-135.28474465341318,-102.19952118480545,-33.742796640816955
-149.2559981791112,-149.2559981791112,-144.75343049621148,-104.68483035306963,-33.742796640816955
-146.00501471192945,-146.00501471192945,-147.32157567905244,-105.8796949742436,-33.742796640816955
-147.0776797149258,-147.0776797149258,-150.45782424879138,-107.39825761602994,-33.742796640816955
-148.56348593024458,-148.56348593024458,-147.20516863004266,-107.73435164041103,-33.742796640816955
-145.38992852551763,-145.38992852551763,-139.95294379977366,-108.13241274746133,-33.742796640816955
-145.93511504930206,-145.93511504930206,-137.9192949009054,-109.5616364957695,-33.742796640816955
-139.32394278391558,-139.32394278391558,-133.35619632968158,-110.18904449831949,-33.742796640816955
-140.03554633032576,-140.03554633032576,-136.01606238130654,-111.10737882878176,-33.742796640816955
-141.29776786312195,-141.29776786312195,-138.23573618550625,-110.57352336404254,-33.742796640816955
-136.5628548348296,-136.5628548348296,-140.7995123992356,-111.3636128998698,-33.742796640816955
-138.1757931325321,-138.1757931325321,-139.8247330432063,-113.29472034109014,-33.742796640816955
-138.0258145628821,-138.0258145628821,-138.04502430604958,-115.5959741798181,-33.742796640816955
-130.97780037571732,-130.97780037571732,-126.33300116124062,-115.05203075681224,-33.742796640816955
-129.04522316167046,-129.04522316167046,-126.23399188903048,-115.92595700873215,-33.742796640816955
-129.235969661392,-129.235969661392,-132.03160542451633,-117.52590503432961,-33.742796640816955
-133.38625700715883,-133.38625700715883,-130.1862698264207,-116.20108310551045,-33.742796640816955
-128.19995792153915,-128.19995792153915,-133.06535853117987,-116.09626562370121,-33.742796640816955
-121.27299914211432,-121.27299914211432,-137.9970506524042,-118.71272771285852,-33.742796640816955
-122.38507786025536,-122.38507786025536,-139.26480555070845,-119.52452960119923,-33.742796640816955
-124.87596429020641,-124.87596429020641,-138.28760517658947,-120.60455214017762,-33.742796640816955
-125.60140839225426,-125.60140839225426,-135.3045657367051,-121.85476617405527,-33.742796640816955
-125.79142392536089,-125.79142392536089,-132.09011988612514,-121.88825089572533,-33.742796640816955
-122.1603548006737,-122.1603548006737,-136.18779231105796,-122.24641120094762,-33.742796640816955
-118.13359170317912,-118.13359170317912,-134.2777207374531,-122.44931537607545,-33.742796640816955
-119.61017792199003,-119.61017792199003,-126.45410538630378,-121.58075428426648,-33.742796640816955
-114.56775848237434,-114.56775848237434,-127.97980477247829,-122.77934081574365,-33.742796640816955
-111.21413694028472,-111.21413694028472,-124.66385329992264,-124.1308718128069,-33.742796640816955
-114.998598143401,-114.998598143401,-120.45556658566663,-125.14835249437027,-33.742796640816955
-114.454734118031,-114.454734118031,-119.75792476464703,-125.45446372685294,-33.742796640816955
-115.1832469549989,-115.1832469549989,-117.34944347581738,-126.21245635939813,-33.742796640816955
-113.21072864876948,-113.21072864876948,-119.5516795823614,-127.04255031430299,-33.742796640816955
-116.04728778539712,-116.04728778539712,-120.20097203939478,-128.443803328226,-33.742796640816955
-106.15511408201601,-106.15511408201601,-117.54098133464666,-127.74432294806768,-33.742796640816955
-110.4774426585808,-110.4774426585808,-117.64006897245663,-128.05244261687838,-33.742796640816955
-113.42440822664861,-113.42440822664861,-118.27053743315032,-127.47697530533152,-33.742796640816955
-108.08682777926411,-108.08682777926411,-116.13605200294482,-128.47891679473042,-33.742796640816955
-104.63252941345999,-104.63252941345999,-120.45163152849514,-129.18505278480848,-33.742796640816955
-108.11772471127904,-108.11772471127904,-115.3032675463714,-129.0801964476624,-33.742796640816955
-110.39289122971115,-110.39289122971115,-116.30588470432414,-129.93700239826828,-33.742796640816955
-105.36971419764943,-105.36971419764943,-117.672059695373,-129.87867308008572,-33.742796640816955
-106.88240889841968,-106.88240889841968,-110.50125668055807,-129.9871331078085,-33.742796640816955
-107.32473615698228,-107.32473615698228,-103.6889679793804,-128.26933197800045,-33.742796640816955
-104.15610870490895,-104.15610870490895,-107.90111445792256,-127.68414270273182,-33.742796640816955
-108.28879135833233,-108.28879135833233,-106.34035724074735,-126.33946149394606,-33.742796640816955
-104.93234433364172,-104.93234433364172,-112.25604006356609,-125.79304642146204,-33.742796640816955
-105.15740122957557,-105.15740122957557,-108.06261427099803,-124.05680715474948,-33.742796640816955
-98.94563055632958,-98.94563055632958,-103.61193669674715,-123.02979527720525,-33.742796640816955
-104.13043211803597,-104.13043211803597,-107.50875281904739,-123.45613999695921,-33.742796640816955
-98.92594451588023,-98.92594451588023,-107.8572747381813,-124.28432518867345,-33.742796640816955
-103.46409319530281,-103.46409319530281,-102.82699345945916,-123.38712284129491,-33.742796640816955
-101.6495433105166,-101.6495433105166,-103.01916554876823,-121.64028011831982,-33.742796640816955
-104.77948283963346,-104.77948283963346,-101.42265830694195,-119.08954850357837,-33.742796640816955
-104.94909121913861,-104.94909121913861,-99.31579132138619,-117.45573611725082,-33.742796640816955
-99.30524443138108,-99.30524443138108,-95.49302780671067,-115.99703332927965,-33.742796640816955
-103.63715432224897,-103.63715432224897,-96.00602665457417,-117.00366299242214,-33.742796640816955
-96.68255726635783,-96.68255726635783,-105.40736382131088,-117.55442093883053,-33.742796640816955
-101.97572813463458,-101.97572813463458,-108.68701557670929,-118.09595912661084,-33.742796640816955
-99.12262285518246,-99.12262285518246,-105.21767904865699,-117.29646333042932,-33.742796640816955
-100.04033599195101,-100.04033599195101,-105.19948253272408,-117.677074458117,-33.742796640816955
-97.66357310339623,-97.66357310339623,-108.2409948138139,-116.87541932421055,-33.742796640816955
-98.99397805880184,-98.99397805880184,-107.98797506031799,-115.27292852174216,-33.742796640816955
-98.9172961284989,-98.9172961284989,-110.57160331303729,-113.59486430497593,-33.742796640816955
-99.20857552449603,-99.20857552449603,-112.3827886264439,-114.66569361029144,-33.742796640816955
-100.07086764837145,-100.07086764837145,-113.67371936849682,-113.48497882517292,-33.742796640816955
-96.33866822751457,-96.33866822751457,-108.96277087476999,-112.38989608247286,-33.742796640816955
-99.08544896356872,-99.08544896356872,-101.02944962649353,-111.72305689884512,-33.742796640816955
-102.28520102815433,-102.28520102815433,-95.16260440754327,-110.5154083018835,-33.742796640816955
-101.15960255218872,-101.15960255218872,-95.28015211499333,-108.75308362294716,-33.742796640816955
-95.56670245841207,-95.56670245841207,-88.19464838522784,-107.4630430250209,-33.742796640816955
-97.8525656515516,-97.8525656515516,-87.00711690137669,-106.61932166916804,-33.742796640816955
-97.16840272061422,-97.16840272061422,-93.35753154613167,-106.88352168362749,-33.742796640816955
-98.49472524654284,-98.49472524654284,-97.16678396598289,-106.61019712094745,-33.742796640816955
-101.86410708509122,-101.86410708509122,-95.74156827775839,-106.57644880363154,-33.742796640816955
-97.9616162242123,-97.9616162242123,-97.36624542403891,-106.10268376249007,-33.742796640816955
-96.2232023025731,-96.2232023025731,-101.53399239993544,-107.40587348519921,-33.742796640816955
-95.12595759318258,-95.12595759318258,-105.04999819435784,-107.13709558322101,-33.742796640816955
-96.60494100159453,-96.60494100159453,-103.47519116485617,-106.2776758748702,-33.742796640816955
-99.30601321080825,-99.30601321080825,-103.9672219471494,-105.4554146952437,-33.742796640816955
-98.93450599575212,-98.93450599575212,-105.43879560518496,-104.59921719312847,-33.742796640816955
-96.14460415013275,-96.14460415013275,-104.58382154771455,-104.06619728354747,-33.742796640816955
-93.80915821063583,-93.80915821063583,-97.94450639341021,-102.56208704583723,-33.742796640816955
-96.54520518270496,-96.54520518270496,-91.24462253632512,-100.81892722033352,-33.742796640816955
-92.34102508801105,-92.34102508801105,-87.92483642578574,-100.65321982185935,-33.742796640816955
-95.02765999236124,-95.02765999236124,-90.92930625363076,-100.7605312187249,-33.742796640816955
-96.56940954066374,-96.56940954066374,-86.75672894081167,-101.1031117867315,-33.742796640816955
-93.65087566784361,-93.65087566784361,-88.70357320321311,-101.6505998232747,-33.742796640816955
-99.36243677477744,-99.36243677477744,-90.7421470461962,-100.33577897841042,-33.742796640816955
-92.88526873179867,-92.88526873179867,-86.40964175298276,-99.67668953656597,-33.742796640816955
-97.05670380470247,-97.05670380470247,-87.56537987086362,-98.85111622643639,-33.742796640816955
-95.77527399553259,-95.77527399553259,-88.55059776946564,-98.24190489836599,-33.742796640816955
-92.23046157845296,-92.23046157845296,-87.11686141205811,-97.88520799213725,-33.742796640816955
-96.92637616535657,-96.92637616535657,-90.83276373031815,-98.24768637052108,-33.742796640816955
-98.0465355251731,-98.0465355251731,-92.3820506998898,-97.5494070702528,-33.742796640816955
-96.6544494455854,-96.6544494455854,-91.2948544842146,-97.75143066741835,-33.742796640816955
-91.95692428323548,-91.95692428323548,-88.30750334150727,-96.31340444231972,-33.742796640816955
-95.45508327381101,-95.45508327381101,-79.97356793730162,-96.0327905565354,-33.742796640816955
-94.69870099404734,-94.69870099404734,-78.0067762783846,-95.21474689473791,-33.742796640816955
-93.9357475355375,-93.9357475355375,-80.06685226561669,-94.18830942587984,-33.742796640816955
-97.40106846107572,-97.40106846107572,-81.62900345635819,-93.60546197007174,-33.742796640816955
-94.04094164237566,-94.04094164237566,-80.70507014100698,-93.81752023467556,-33.742796640816955
-95.3557691297802,-95.3557691297802,-82.30757055363284,-93.74288899311017,-33.742796640816955
-94.71669589221672,-94.71669589221672,-85.03710496186713,-94.9705757015061,-33.742796640816955
-95.41171687817261,-95.41171687817261,-85.46000549031717,-94.778249904039,-33.742796640816955
-96.5039155662148,-96.5039155662148,-84.04894768003328,-95.46261464208287,-33.742796640816955
-96.26672721040941,-96.26672721040941,-87.17035967034963,-94.54627104547481,-33.742796640816955
-95.04412664573601,-95.04412664573601,-87.68090457928392,-92.48749870813,-33.742796640816955
-95.54397105606544,-95.54397105606544,-89.19265121283647,-91.31587402196335,-33.742796640816955
-95.4741828021953,-95.4741828021953,-92.65829464739863,-91.67643254562816,-33.742796640816955
-93.47524508134957,-93.47524508134957,-92.5758627868423,-91.08073802089538,-33.742796640816955
-93.87370560636145,-93.87370560636145,-91.19540875871016,-90.40840302365481,-33.742796640816955
-94.47802521451905,-94.47802521451905,-93.11344896682897,-90.76798377441236,-33.742796640816955
-96.6311860370262,-96.6311860370262,-94.69321754307944,-91.79489854751453,-33.742796640816955
-89.65833207950203,-89.65833207950203,-91.03842180959741,-90.50937654066969,-33.742796640816955
-96.70782548954224,-96.70782548954224,-90.10202964194204,-90.7482766967719,-33.742796640816955
-96.4302858810608,-96.4302858810608,-90.69362213106612,-90.89244129673402,-33.742796640816955
-94.32552744131495,-94.32552744131495,-93.79525674832578,-91.04066013249647,-33.742796640816955
-91.29983781407273,-91.29983781407273,-93.76811881848144,-91.03697690415098,-33.742796640816955
-95.7309686470703,-95.7309686470703,-92.23665424497123,-91.06773297162371,-33.742796640816955
-96.37342608702063,-96.37342608702063,-92.99035415090447,-92.03987917403069,-33.742796640816955
-94.95033399790722,-94.95033399790722,-90.99712635005774,-91.206404913391,-33.742796640816955
-95.29019430476616,-95.29019430476616,-89.65691348126705,-90.02786016143943,-33.742796640816955
-93.45809548144246,-93.45809548144246,-88.87918786399204,-90.13737932711638,-33.742796640816955
-95.1775552870272,-95.1775552870272,-88.79807968111668,-89.12067882134137,-33.742796640816955
-96.65398932752882,-96.65398932752882,-90.82403619935498,-89.43983485183513,-33.742796640816955
-96.74839884250106,-96.74839884250106,-92.82407396685662,-89.15045761011827,-33.742796640816955
-89.25717504756457,-89.25717504756457,-94.94613634519594,-89.0198877626641,-33.742796640816955
-93.47527119550936,-93.47527119550936,-98.79166236385721,-90.10027114395119,-33.742796640816955
-93.22118956917934,-93.22118956917934,-99.45693192127474,-90.16567496644882,-33.742796640816955
-94.89136557368771,-94.89136557368771,-94.11061868217249,-89.7742437894282,-33.742796640816955
-93.34105722272675,-93.34105722272675,-95.58097438122573,-89.40583548009324,-33.742796640816955
-95.80493534246467,-95.80493534246467,-96.20285553655533,-89.67952999006846,-33.742796640816955
-89.69432869380289,-89.69432869380289,-96.86254529850693,-91.26096387955275,-33.742796640816955
-94.17313793615288,-94.17313793615288,-99.33878514652007,-91.40346856548824,-33.742796640816955
-95.84929537542655,-95.84929537542655,-95.68019877479254,-90.39001335606748,-33.742796640816955
-94.64838359834823,-94.64838359834823,-91.85315278635818,-90.16974237922757,-33.742796640816955
-96.11951210513354,-96.11951210513354,-91.0296171546074,-89.48509655294292,-33.742796640816955
-94.03072534038984,-94.03072534038984,-86.54877474789704,-89.26159668429136,-33.742796640816955
-98.63644557077102,-98.63644557077102,-87.09080563643052,-90.30190774313836,-33.742796640816955
-95.03618438616617,-95.03618438616617,-90.7132710977422,-90.40382203480392,-33.742796640816955
-89.55943551343233,-89.55943551343233,-88.25948853753059,-89.34761363370625,-33.742796640816955
-95.81936435857605,-95.81936435857605,-91.93474489497763,-90.64310668665236,-33.742796640816955
-95.71837042241582,-95.71837042241582,-89.36683522729822,-90.96777817894876,-33.742796640816955
-97.13267833111613,-97.13267833111613,-90.80615564410266,-91.08828955433083,-33.742796640816955
-96.57548236418135,-96.57548236418135,-93.85870966593453,-90.90278439241146,-33.742796640816955
-94.7229368564299,-94.7229368564299,-93.68425669946016,-91.24509305081814,-33.742796640816955
-92.52955783486269,-92.52955783486269,-92.03448160197435,-91.89727928587746,-33.742796640816955
-95.80354330748526,-95.80354330748526,-93.48434200177243,-92.35710982896892,-33.742796640816955
-93.4625833742996,-93.4625833742996,-93.03084663784094,-92.89470661758321,-33.742796640816955
-92.60927208438201,-92.60927208438201,-92.4729353926945,-92.57260842207118,-33.742796640816955
-93.70811762377488,-93.70811762377488,-95.08446042153824,-92.22349168981249,-33.742796640816955
-91.46559397322237,-91.46559397322237,-94.08254759847448,-92.9981020956207,-33.742796640816955
-92.70881939133022,-92.70881939133022,-89.6652784436427,-91.89341287530388,-33.742796640816955
-94.49823679533992,-94.49823679533992,-87.79753803196559,-91.5557960626605,-33.742796640816955
-94.73290321649121,-94.73290321649121,-91.20690036774008,-92.33437492995283,-33.742796640816955
-91.49753355063466,-91.49753355063466,-92.40891790980476,-92.29280469870915,-33.742796640816955
-92.52831551460497,-92.52831551460497,-95.66028300573569,-93.49315497116783,-33.742796640816955
-96.09630933172268,-96.09630933172268,-94.11727376195861,-93.34203433879333,-33.742796640816955
-95.60249433783544,-95.60249433783544,-92.07701435018423,-92.77845055814034,-33.742796640816955
-96.17132309381437,-96.17132309381437,-88.39856088496168,-91.7371480416951,-33.742796640816955
-96.45557954493798,-96.45557954493798,-88.80638706438272,-91.74568735094698,-33.742796640816955
-91.87438038266629,-91.87438038266629,-87.49802870703157,-91.8750180436612,-33.742796640816955
-93.08101522575994,-93.08101522575994,-95.95039578438158,-92.14484852356432,-33.742796640816955
-98.34545416898555,-98.34545416898555,-96.50259835356471,-92.64863137145396,-33.742796640816955
-92.52339066381002,-92.52339066381002,-93.82732023838248,-93.07943304924092,-33.742796640816955
-92.02231385340421,-92.02231385340421,-91.11124970164337,-92.37633021282461,-33.742796640816955
-90.39552468626685,-90.39552468626685,-87.42795011199561,-92.21969364390179,-33.742796640816955
-95.70013617666336,-95.70013617666336,-88.3833750092426,-92.26508557694557,-33.742796640816955
-97.90540841143957,-97.90540841143957,-85.73015355651754,-91.4771504204496,-33.742796640816955
-92.02890645206402,-92.02890645206402,-89.16934108024734,-90.97294542756363,-33.742796640816955
-89.03807592344087,-89.03807592344087,-89.52260927506431,-91.4507839359483,-33.742796640816955
-97.16334592429331,-97.16334592429331,-90.56705375705322,-92.05704609881845,-33.742796640816955
-94.70811330736466,-94.70811330736466,-85.54228260435409,-91.47746747163674,-33.742796640816955
-97.18368199531533,-97.18368199531533,-84.38004265534796,-91.76502396630022,-33.742796640816955
-94.01389949200879,-94.01389949200879,-81.45100122040789,-91.20482605345151,-33.742796640816955
-93.99264276462321,-93.99264276462321,-85.60373395674624,-90.93226221080253,-33.742796640816955
-94.52843062703009,-94.52843062703009,-85.58160682494648,-90.34678773985189,-33.742796640816955
-94.60847955727995,-94.60847955727995,-88.61536067086975,-90.22982523834811,-33.742796640816955
-95.22893820777627,-95.22893820777627,-92.86494968157305,-90.15875397250926,-33.742796640816955
-94.58419563124212,-94.58419563124212,-95.96634954663205,-91.34409160045554,-33.742796640816955
-93.98182979622106,-93.98182979622106,-95.37181995559575,-91.4089530508223,-33.742796640816955
-92.00121107814284,-92.00121107814284,-93.26269884599576,-91.46901476070653,-33.742796640816955
-95.81016790647242,-95.81016790647242,-91.68553496855105,-90.44206540564552,-33.742796640816955
-93.78648287558067,-93.78648287558067,-89.86969536092901,-89.87120600918198,-33.742796640816955
-92.57378991682388,-92.57378991682388,-93.07532310607527,-90.68385091970804,-33.742796640816955
-94.78408753581186,-94.78408753581186,-93.41525604252442,-91.24468286203577,-33.742796640816955
-94.63141603483771,-94.63141603483771,-92.54215116389629,-90.64929454170968,-33.742796640816955
-92.7621977458184,-92.7621977458184,-91.37154150588991,-91.19437858994667,-33.742796640816955
-94.51935718143963,-94.51935718143963,-92.94723210961729,-91.33003926714662,-33.742796640816955
-93.18532491229534,-93.18532491229534,-90.98708874333133,-91.39885512957339,-33.742796640816955
-93.81383637048178,-93.81383637048178,-89.57363483929564,-91.6717823111753,-33.742796640816955
-91.88540343710216,-91.88540343710216,-86.34244250671247,-90.35055428305348,-33.742796640816955
-95.89696805826733,-95.89696805826733,-85.8028166467976,-89.7292616895454,-33.742796640816955
-94.32321819711908,-94.32321819711908,-90.23362129955991,-89.75669914027345,-33.742796640816955
-93.03559153339387,-93.03559153339387,-88.61253843220422,-89.63461667296198,-33.742796640816955
-93.01124259891576,-93.01124259891576,-86.41845157306768,-89.7915218367573,-33.742796640816955
-97.6470873145103,-97.6470873145103,-89.61336497284637,-90.1650712158841,-33.742796640816955
-93.03007131351433,-93.03007131351433,-87.69171934588039,-90.03585405876828,-33.742796640816955
-92.03653329021296,-92.03653329021296,-84.53879260281545,-89.63162846014151,-33.742796640816955
-95.52934021848225,-95.52934021848225,-85.31295976367514,-89.96686000376951,-33.742796640816955
-90.90685875952494,-90.90685875952494,-85.25626053202322,-89.70614233327233,-33.742796640816955
-93.68233451049166,-93.68233451049166,-87.54906516670965,-89.04385779670054,-33.742796640816955
-96.20909845859167,-96.20909845859167,-87.41461076894846,-89.27912815460657,-33.742796640816955
-99.12841600856163,-99.12841600856163,-87.25540417237735,-89.64827236835578,-33.742796640816955
-95.10288584746336,-95.10288584746336,-87.70770779376662,-88.9347781581673,-33.742796640816955
-93.07093041713497,-93.07093041713497,-89.29644602359356,-89.16902745951508,-33.742796640816955
-92.0740369930602,-92.0740369930602,-86.53902046125421,-88.34081870698779,-33.742796640816955
-94.05065197624371,-94.05065197624371,-90.20917583525868,-89.25423447342826,-33.742796640816955
-94.59860374472777,-94.59860374472777,-94.25014055376448,-90.06625370085756,-33.742796640816955
-90.39924861635427,-90.39924861635427,-90.18922333795933,-90.32499249436904,-33.742796640816955
-92.48829904593512,-92.48829904593512,-88.47832033407461,-89.64052898721071,-33.742796640816955
-94.47188149464168,-94.47188149464168,-86.7742385486915,-88.89909976503252,-33.742796640816955
-94.24940410767836,-94.24940410767836,-91.3501309929684,-88.3590751963239,-33.742796640816955
-93.60755177222204,-93.60755177222204,-90.68452342786526,-88.48465738321589,-33.742796640816955
-96.89318426886632,-96.89318426886632,-91.8347816176024,-88.53627043401126,-33.742796640816955
-94.11508365130847,-94.11508365130847,-91.28447614175012,-89.2036727475364,-33.742796640816955
-93.72206290534474,-93.72206290534474,-93.11520215311484,-89.47826911521165,-33.742796640816955
-91.00026542679377,-91.00026542679377,-92.09496320271386,-89.99655211212252,-33.742796640816955
-92.27806480250712,-92.27806480250712,-90.84437176015373,-91.0890973415848,-33.742796640816955
-92.66669790616699,-92.66669790616699,-93.00675133156237,-91.09247454463204,-33.742796640816955
-92.72234917815551,-92.72234917815551,-94.91290472638278,-90.71858807747441,-33.742796640816955
-91.57059197848143,-91.57059197848143,-95.33485418856144,-89.85265985133418,-33.742796640816955
-92.60838266460249,-92.60838266460249,-92.94617287591083,-89.83985325063527,-33.742796640816955
-89.87659486060497,-89.87659486060497,-93.19726557611641,-90.24810196736958,-33.742796640816955
-95.43222315412224,-95.43222315412224,-93.91547036558184,-91.02916426304606,-33.742796640816955
-94.4412518926739,-94.4412518926739,-92.81075754283387,-90.64507746475394,-33.742796640816955
-88.18207593276817,-88.18207593276817,-89.63249482093082,-90.28844671440851,-33.742796640816955
-86.04694647628476,-86.04694647628476,-86.94330273940427,-89.66214052582941,-33.742796640816955
-90.51197915725054,-90.51197915725054,-83.95903563725287,-89.30791453272079,-33.742796640816955
-91.40093552839681,-91.40093552839681,-80.01079854062934,-87.90136434343151,-33.742796640816955
-91.66789057600202,-91.66789057600202,-80.26272240251875,-87.696768566859,-33.742796640816955
-93.6192459329229,-93.6192459329229,-83.37421526317584,-87.87496313477017,-33.742796640816955
-92.67678116358574,-92.67678116358574,-85.35688094169284,-88.57412244526363,-33.742796640816955
-93.96364241840675,-93.96364241840675,-87.15886864149869,-89.70593662348351,-33.742796640816955
-93.99275650618029,-93.99275650618029,-83.90492162026682,-89.19508396588436,-33.742796640816955
-95.28459562413029,-95.28459562413029,-84.25619601970071,-88.81326546018917,-33.742796640816955
-94.32611049346264,-94.32611049346264,-85.66971644477984,-88.91395977058521,-33.742796640816955
-93.9409204575269,-93.9409204575269,-83.82665480034922,-88.15316318472125,-33.742796640816955
-90.44689765783296,-90.44689765783296,-86.61800879248825,-88.04206986929495,-33.742796640816955
-94.72076060604437,-94.72076060604437,-90.83886261831739,-87.87171911842871,-33.742796640816955
-91.36286484323277,-91.36286484323277,-95.82431691965242,-88.94690498293035,-33.742796640816955
-91.22501217419261,-91.22501217419261,-90.74358273299299,-88.75519118002627,-33.742796640816955
-93.24371785823412,-93.24371785823412,-88.37486998182996,-89.08853311227008,-33.742796640816955
-91.77915118368243,-91.77915118368243,-85.06458396348205,-88.67212915626797,-33.742796640816955
-89.4743402495445,-89.4743402495445,-88.8477466232624,-89.24212560409602,-33.742796640816955
-91.24998038915356,-91.24998038915356,-92.31208759004615,-89.9919926635849,-33.742796640816955
-96.22030545382883,-96.22030545382883,-93.3442857052388,-89.66014391706369,-33.742796640816955
-93.2115218592486,-93.2115218592486,-97.48215270227328,-90.11124985599987,-33.742796640816955
-94.0007913710354,-94.0007913710354,-98.41394262051203,-90.81709987283428,-33.742796640816955
-94.26600967620251,-94.26600967620251,-97.41161654161931,-90.29145047401757,-33.742796640816955
-89.10480367384304,-89.10480367384304,-92.96170793527781,-90.48799446358127,-33.742796640816955
-98.05409785400835,-98.05409785400835,-97.4138469076515,-90.72814752821466,-33.742796640816955
-92.7743505352156,-92.7743505352156,-102.15673532854373,-92.03695802418915,-33.742796640816955
-91.55281447901454,-91.55281447901454,-104.35668644519441,-92.09238561083136,-33.742796640816955
-95.82543827110896,-95.82543827110896,-103.54739814490567,-92.41006367432381,-33.742796640816955
-93.98946459501659,-93.98946459501659,-101.49886852664613,-92.43247716419539,-33.742796640816955
-95.01566968525758,-95.01566968525758,-101.1703232749798,-92.58640447980882,-33.742796640816955
-94.47363100427792,-94.47363100427792,-99.67877856823512,-92.00517040259514,-33.742796640816955
-94.50356791324255,-94.50356791324255,-96.72667069457881,-91.31240590099715,-33.742796640816955
-90.85191728646781,-90.85191728646781,-100.75501872074504,-92.40460955057469,-33.742796640816955
-92.04616692878255,-92.04616692878255,-101.7054811699612,-93.13342663075859,-33.742796640816955
-93.51491221238128,-93.51491221238128,-102.07539555638887,-93.78837892975413,-33.742796640816955
-90.1153800019958,-90.1153800019958,-98.01363217407011,-93.36965826040951,-33.742796640816955
-92.15369119329475,-92.15369119329475,-98.73568213577678,-93.70261735241367,-33.742796640816955
-99.33090449244263,-99.33090449244263,-102.15773264074971,-94.47465387895326,-33.742796640816955
-92.42391853085046,-92.42391853085046,-100.27227289050892,-94.23003651394716,-33.742796640816955
-96.96369086411373,-96.96369086411373,-101.43937693107287,-94.25123943540042,-33.742796640816955
-94.89619705030422,-94.89619705030422,-100.55388927504475,-93.69695561706132,-33.742796640816955
-90.7641667675906,-90.7641667675906,-101.25981519630184,-93.39549458822675,-33.742796640816955
-93.22697084245934,-93.22697084245934,-99.68788790539462,-93.74083686534115,-33.742796640816955
-91.1608510682541,-91.1608510682541,-103.39885319375942,-94.83061632423393,-33.742796640816955
-94.6060230276934,-94.6060230276934,-103.76431276080805,-95.47427064420344,-33.742796640816955
-90.99539554143088,-90.99539554143088,-102.62347440126837,-95.305118565481,-33.742796640816955
-92.05367767568877,-92.05367767568877,-98.80003277066419,-94.82317079132322,-33.742796640816955
-89.17623923189268,-89.17623923189268,-96.44497095010824,-94.98055399585857,-33.742796640816955
-94.01169559877079,-94.01169559877079,-95.63864590031336,-94.79561418544304,-33.742796640816955
-90.93933939899452,-90.93933939899452,-96.7512160154563,-95.67498367430551,-33.742796640816955
-92.9244691166356,-92.9244691166356,-99.86306177170124,-96.28090742352072,-33.742796640816955
-92.75350330878922,-92.75350330878922,-97.24712201933842,-96.05311186464391,-33.742796640816955
-93.4309590119809,-93.4309590119809,-92.20638236691994,-96.17995363059927,-33.742796640816955
-95.40075434382469,-95.40075434382469,-88.79761367081862,-96.53759457789391,-33.742796640816955
-93.9646052607481,-93.9646052607481,-86.14258596378787,-96.02794478432584,-33.742796640816955
-92.01089736167431,-92.01089736167431,-84.36704267500181,-95.1071509121428,-33.742796640816955
-94.56588677318477,-94.56588677318477,-84.43213458510081,-94.27782398004365,-33.742796640816955
-91.83743617647816,-91.83743617647816,-82.0202618534793,-94.60362204250106,-33.742796640816955
-94.43965094808354,-94.43965094808354,-83.7864616240213,-94.70166730630717,-33.742796640816955
-92.90831117394984,-92.90831117394984,-82.20077234544947,-94.98119485443945,-33.742796640816955
-92.06272737462457,-92.06272737462457,-80.48781821831588,-95.61314010711405,-33.742796640816955
-91.41267584880747,-91.41267584880747,-82.06997719113812,-95.14350554437385,-33.742796640816955
-94.40883119516238,-94.40883119516238,-89.0073619312985,-95.81365349319549,-33.742796640816955
-90.99204105081589,-90.99204105081589,-87.92007230945254,-94.95674565585392,-33.742796640816955
-92.05738825148995,-92.05738825148995,-90.96631692140198,-96.07249162200766,-33.742796640816955
-89.50318956234943,-89.50318956234943,-96.49066457848656,-96.73030983147412,-33.742796640816955
-90.34833019030607,-90.34833019030607,-93.96954428457042,-96.05881604426135,-33.742796640816955
-93.33998919792464,-93.33998919792464,-94.43042303378621,-95.72015732460585,-33.742796640816955
-91.83517639439948,-91.83517639439948,-93.26804728397626,-94.89285924509319,-33.742796640816955
-95.06511465020668,-95.06511465020668,-95.02307102308353,-95.31695191800839,-33.742796640816955
-90.51701929678774,-90.51701929678774,-93.11743262448013,-94.7401960915554,-33.742796640816955
-92.55622318665878,-92.55622318665878,-93.04416828331892,-94.06955067693521,-33.742796640816955
-92.94239844259964,-92.94239844259964,-88.12372920388218,-93.95607602564807,-33.742796640816955
-95.44505427161238,-95.44505427161238,-87.23420882347189,-93.81124583349272,-33.742796640816955
-92.38244108677397,-92.38244108677397,-81.70403434788321,-92.93052911005398,-33.742796640816955
-90.3503539627437,-90.3503539627437,-80.65404811113876,-92.42977238799313,-33.742796640816955
-93.14610976444246,-93.14610976444246,-84.63067958987173,-92.11361467319679,-33.742796640816955
-92.96892527142802,-92.96892527142802,-86.6056679209523,-92.33181127981516,-33.742796640816955
-95.50782508602195,-95.50782508602195,-89.2975542752703,-92.45259639481802,-33.742796640816955
-92.82995714277811,-92.82995714277811,-84.16998571669335,-91.91688440635109,-33.742796640816955
-94.87303032564225,-94.87303032564225,-90.21333986846909,-92.84710835160222,-33.742796640816955
-96.69737514899653,-96.69737514899653,-92.03045548324693,-93.13030763466887,-33.742796640816955
-97.12831570550074,-97.12831570550074,-92.62816583246548,-92.33070544799214,-33.742796640816955
-97.40247869089595,-97.40247869089595,-91.30137678122989,-91.73042495574646,-33.742796640816955
-94.82394229633866,-94.82394229633866,-94.77921293785063,-91.47129258634634,-33.742796640816955
-91.88122767230087,-91.88122767230087,-90.37113207986478,-90.90127236915205,-33.742796640816955
-97.34033390210172,-97.34033390210172,-89.83712430594082,-90.3339031072296,-33.742796640816955
-93.39424081632549,-93.39424081632549,-88.16938930906073,-89.53414261347736,-33.742796640816955
-92.1548990455248,-92.1548990455248,-85.09319344886687,-89.41678050648962,-33.742796640816955
-94.26318762314267,-94.26318762314267,-88.5500505850371,-89.33901913714394,-33.742796640816955
-90.2313324449062,-90.2313324449062,-81.94358612501692,-89.12504772159667,-33.742796640816955
-92.59145306023176,-92.59145306023176,-76.61839084621828,-88.20202276465214,-33.742796640816955
-90.9366225213443,-90.9366225213443,-76.560563977522,-87.70524066241762,-33.742796640816955
-92.76119262478517,-92.76119262478517,-82.13082649171186,-87.47681961533695,-33.742796640816955
-93.58075190686696,-93.58075190686696,-78.83390937095695,-86.48521190837613,-33.742796640816955
-93.11340466728538,-93.11340466728538,-83.67241584917798,-87.11106065873399,-33.742796640816955
-94.22009850105749,-94.22009850105749,-83.84081465119543,-87.34205948333585,-33.742796640816955
-91.59619479768335,-91.59619479768335,-86.19000117030298,-87.48314865751632,-33.742796640816955
-95.90903594629552,-95.90903594629552,-89.88241511133756,-88.26553434869446,-33.742796640816955
-93.38449995534582,-93.38449995534582,-87.38964093954807,-87.46670412196231,-33.742796640816955
-90.61939723188405,-90.61939723188405,-87.65567902382955,-86.68357117202231,-33.742796640816955
-96.30377746273979,-96.30377746273979,-93.55977060967983,-87.46455248272042,-33.742796640816955
-92.20391257102261,-92.20391257102261,-93.66997758689628,-87.9979597064129,-33.742796640816955
-92.108159483947,-92.108159483947,-91.32768533287587,-87.98283394774842,-33.742796640816955
-95.81869761483156,-95.81869761483156,-95.1698778466922,-88.290670284957,-33.742796640816955
-94.45875510940435,-94.45875510940435,-94.6762685394962,-89.17290583163283,-33.742796640816955
-94.84301439868113,-94.84301439868113,-96.84225747375676,-89.82408406106701,-33.742796640816955
-92.45402983780131,-92.45402983780131,-97.48897288026632,-90.57689086287371,-33.742796640816955
-92.39723009462055,-92.39723009462055,-96.06702866682618,-90.72164775725543,-33.742796640816955
-97.05745796124368,-97.05745796124368,-99.12647137892219,-90.85184392865683,-33.742796640816955
-92.0034588421975,-92.0034588421975,-101.42020928187526,-90.87004938473417,-33.742796640816955
-92.67248361287064,-92.67248361287064,-97.4754154619811,-90.54564013688903,-33.742796640816955
-91.83764493414107,-91.83764493414107,-95.45665842297885,-89.28781900474897,-33.742796640816955
-97.53692570982572,-97.53692570982572,-95.27389949816006,-89.45359938548992,-33.742796640816955
-94.93361752999073,-94.93361752999073,-94.95717529433274,-89.08884195954315,-33.742796640816955
-94.39770059914247,-94.39770059914247,-93.21159344849006,-88.51709160563355,-33.742796640816955
-93.33695468528387,-93.33695468528387,-93.9692836139237,-89.82403192693769,-33.742796640816955
-94.91847968311644,-94.91847968311644,-90.31346885512583,-89.75350002714164,-33.742796640816955
-91.08053881478003,-91.08053881478003,-88.90982787556835,-89.85000387557388,-33.742796640816955
-97.68402495127921,-97.68402495127921,-87.37763577729403,-89.32275687949895,-33.742796640816955
-92.26404487442487,-92.26404487442487,-88.45104712390977,-89.93677228462013,-33.742796640816955
-95.19865822034609,-95.19865822034609,-92.03648386391617,-90.34410325300846,-33.742796640816955
-94.06820309685637,-94.06820309685637,-94.59557583836751,-90.58218833164602,-33.742796640816955
-91.77931791995789,-91.77931791995789,-96.47004732878,-91.30076708655153,-33.742796640816955
-92.45648597047578,-92.45648597047578,-95.2443666462655,-91.79690841921962,-33.742796640816955
-90.86814840560055,-90.86814840560055,-98.88839484355877,-92.16396095211758,-33.742796640816955
-93.99321889569197,-93.99321889569197,-99.76415384383543,-92.85072677773043,-33.742796640816955
-94.38573035434551,-94.38573035434551,-99.3160905226214,-92.29558454747544,-33.742796640816955
-94.82900980997437,-94.82900980997437,-100.1524772385973,-92.02098846823927,-33.742796640816955
-90.33990878663552,-90.33990878663552,-101.71910954540294,-92.83258164524086,-33.742796640816955
-94.67196186402613,-94.67196186402613,-99.60857970408617,-91.81582025174352,-33.742796640816955
-94.10069580090989,-94.10069580090989,-97.12183823414323,-91.36237980318772,-33.742796640816955
-93.4194355321775,-93.4194355321775,-97.34967673908154,-91.52649051296922,-33.742796640816955
-90.99173357410642,-90.99173357410642,-97.28969133933916,-92.49842999817338,-33.742796640816955
-88.7085746492004,-88.7085746492004,-101.64462278922011,-93.1699903894935,-33.742796640816955
-89.92420150743726,-89.92420150743726,-100.11168950742446,-94.11207243762951,-33.742796640816955
-93.87031105440727,-93.87031105440727,-97.36009028216066,-94.3553199729744,-33.742796640816955
-94.07570355983397,-94.07570355983397,-98.76431597645451,-94.4145698809542,-33.742796640816955
-95.52685997908789,-95.52685997908789,-97.22714662857311,-94.4477791041805,-33.742796640816955
-89.06013740975217,-89.06013740975217,-98.99354431585168,-94.92128039140378,-33.742796640816955
-92.80243945252091,-92.80243945252091,-101.4408082771647,-95.71526468217309,-33.742796640816955
-93.35677039942487,-93.35677039942487,-101.9847430080993,-96.43565023556391,-33.742796640816955
-94.07103981436053,-94.07103981436053,-104.18169489585662,-97.05071669663616,-33.742796640816955
-96.60531567326716,-96.60531567326716,-102.57368882580995,-96.587002464993,-33.742796640816955
-89.97672301570478,-89.97672301570478,-98.15307825628477,-97.03382416655909,-33.742796640816955
-93.12270191684964,-93.12270191684964,-93.80652924342317,-96.13889511647854,-33.742796640816955
-94.72240292880583,-94.72240292880583,-94.66089031764888,-96.51933510626507,-33.742796640816955
-91.18388817891655,-91.18388817891655,-91.66007544171813,-95.50858473523724,-33.742796640816955
-97.39426635873339,-97.39426635873339,-94.30467874576195,-95.33223183106539,-33.742796640816955
-95.45327486654804,-95.45327486654804,-89.67271774900834,-95.37789575329585,-33.742796640816955
-91.66205975956446,-91.66205975956446,-88.25491055890822,-95.83511098918883,-33.742796640816955
-90.00953114071068,-90.00953114071068,-87.17775433588751,-95.15924698080548,-33.742796640816955
-93.78426292754689,-93.78426292754689,-86.73321145079791,-95.66336346941647,-33.742796640816955
-95.40205207444042,-95.40205207444042,-88.8574142048061,-96.09294823937906,-33.742796640816955
-90.50397854680665,-90.50397854680665,-92.69397527313336,-96.53864365184731,-33.742796640816955
-92.15307937570851,-92.15307937570851,-97.42304801951211,-96.68825101248173,-33.742796640816955
-89.08609932158976,-89.08609932158976,-98.45032632912462,-96.84094887733863,-33.742796640816955
-91.65029283711685,-91.65029283711685,-101.08238176988954,-96.22726651316187,-33.742796640816955
-90.66257128434374,-90.66257128434374,-99.8740732654574,-96.09364075079164,-33.742796640816955
-94.54697286858213,-94.54697286858213,-99.72364558388247,-95.4973305942879,-33.742796640816955
-93.13234936745785,-93.13234936745785,-98.7534107538414,-95.30175128358205,-33.742796640816955
-92.53725028972467,-92.53725028972467,-99.82421119577486,-95.62900612756422,-33.742796640816955
-91.37952168048018,-91.37952168048018,-100.13285234775665,-96.59860225437204,-33.742796640816955
-88.68572937476866,-88.68572937476866,-97.30686208876797,-96.49954075750064,-33.742796640816955
-90.53369123574367,-90.53369123574367,-90.6002404346951,-95.66725667991977,-33.742796640816955
-93.40658998531926,-93.40658998531926,-86.79214839828413,-95.40436200244052,-33.742796640816955
-95.93502146320638,-95.93502146320638,-85.57561421024047,-95.162214996602,-33.742796640816955
-92.1124434925076,-92.1124434925076,-84.70217638004792,-95.10500801814631,-33.742796640816955
-91.84742230493866,-91.84742230493866,-82.90416731499722,-94.89250863867741,-33.742796640816955
-90.27962640378952,-90.27962640378952,-85.81385059873233,-95.18457355857555,-33.742796640816955
-89.2836265558228,-89.2836265558228,-85.43372248984663,-94.69828635676942,-33.742796640816955
-93.71316142613642,-93.71316142613642,-86.557092279401,-94.53312781066118,-33.742796640816955
-91.01554625092703,-91.01554625092703,-83.49454262842308,-94.37839561238316,-33.742796640816955
-92.71750450285428,-92.71750450285428,-83.56521707797968,-93.91857470734055,-33.742796640816955
-89.85370939086177,-89.85370939086177,-88.94961532847088,-94.40830641636086,-33.742796640816955
-94.02888775319433,-94.02888775319433,-91.48574202280233,-93.92383143828926,-33.742796640816955
-95.30610283826807,-95.30610283826807,-88.3872840204501,-92.88684103192497,-33.742796640816955
-90.94153603746743,-90.94153603746743,-87.00389161855489,-92.64256823733302,-33.742796640816955
-92.84706416419971,-92.84706416419971,-85.92219494311692,-92.04645217958134,-33.742796640816955
-96.74216075581892,-96.74216075581892,-85.31339312729882,-91.90343027495473,-33.742796640816955
-90.32602195351032,-90.32602195351032,-85.0941474003912,-91.79539989603045,-33.742796640816955
-96.46353958347889,-96.46353958347889,-83.43082459201511,-91.79492508223557,-33.742796640816955
-93.38087008208554,-93.38087008208554,-85.37221190691494,-91.98290264594985,-33.742796640816955
-93.31252123363356,-93.31252123363356,-82.95282675958804,-91.05120179139035,-33.742796640816955
-96.69949778389635,-96.69949778389635,-81.38452621401339,-90.35628710131951,-33.742796640816955
-93.42972383203283,-93.42972383203283,-80.54881546195561,-90.01125662919547,-33.742796640816955
-96.43263857954267,-96.43263857954267,-81.44443863255503,-89.70371070200383,-33.742796640816955
-93.80030186949091,-93.80030186949091,-85.92958655166214,-90.07562235237454,-33.742796640816955
-93.55262555356357,-93.55262555356357,-90.4266443519181,-90.68635172425033,-33.742796640816955
-90.40835668723413,-90.40835668723413,-89.35938464500232,-89.97659834078488,-33.742796640816955
-93.99410661520403,-93.99410661520403,-92.81500971064834,-90.07024018272718,-33.742796640816955
-90.65333234385525,-90.65333234385525,-92.92596455740177,-89.98316939209606,-33.742796640816955
-89.01425748608706,-89.01425748608706,-91.02876430483613,-89.35231652774573,-33.742796640816955
-92.49024478845928,-92.49024478845928,-94.23795859996868,-89.38405574622209,-33.742796640816955
-90.06266733488407,-90.06266733488407,-94.90444505324692,-89.70656046071194,-33.742796640816955
-92.76867100395107,-92.76867100395107,-98.26233915324718,-90.90241861116029,-33.742796640816955
-94.83252898100615,-94.83252898100615,-96.43841381800588,-90.05921540207522,-33.742796640816955
-94.44879230124427,-94.44879230124427,-95.30696633582781,-90.80500053119646,-33.742796640816955
-91.37855981010117,-91.37855981010117,-92.85176477063516,-90.39576892922496,-33.742796640816955
-93.04177966935109,-93.04177966935109,-92.42384319300011,-90.52682342958322,-33.742796640816955
-90.26779837853151,-90.26779837853151,-89.15442810043623,-90.25014369103273,-33.742796640816955
-94.55720574396672,-94.55720574396672,-86.55686812472032,-89.85899214986259,-33.742796640816955
-91.60119702525826,-91.60119702525826,-85.58916033313486,-89.12350630421311,-33.742796640816955
-90.57130203262436,-90.57130203262436,-82.63960456109679,-88.14049381748023,-33.742796640816955
-89.04536659206605,-89.04536659206605,-81.05720266360355,-87.37920593880597,-33.742796640816955
-91.63836188307967,-91.63836188307967,-75.22435570874784,-86.46268014900741,-33.742796640816955
-93.84643044259644,-93.84643044259644,-80.3808879520091,-86.44532772665212,-33.742796640816955
-90.86727958243105,-90.86727958243105,-79.873133141192,-86.56315080545696,-33.742796640816955
-94.7470505549608,-94.7470505549608,-79.00353974771933,-86.22166222567733,-33.742796640816955
-90.47264522350329,-90.47264522350329,-80.99827927166635,-86.78175016713998,-33.742796640816955
-93.98515224598101,-93.98515224598101,-80.43882804158821,-86.5872271485821,-33.742796640816955
-91.42648514973143,-91.42648514973143,-82.41412084991009,-86.37697408068965,-33.742796640816955
-93.78031660858225,-93.78031660858225,-85.39922965011324,-86.17678176468445,-33.742796640816955
-92.77609831054559,-92.77609831054559,-90.79866954073313,-86.83885530787326,-33.742796640816955
-92.85802566495256,-92.85802566495256,-95.93250228805331,-88.44565830947761,-33.742796640816955
-92.79292536397502,-92.79292536397502,-97.87241999333091,-88.67873446801677,-33.742796640816955
-90.98908630415744,-90.98908630415744,-91.99064258584295,-87.72833340177262,-33.742796640816955
-92.87041233772037,-92.87041233772037,-93.96710136308573,-88.41613580206453,-33.742796640816955
-93.40625869561467,-93.40625869561467,-97.19466784434768,-89.07976233154743,-33.742796640816955
-92.33398082650338,-92.33398082650338,-98.21421961557901,-89.26182397050933,-33.742796640816955
-90.94231954037417,-90.94231954037417,-100.92411194596494,-89.68530503980577,-33.742796640816955
-93.97141951150518,-93.97141951150518,-105.4355137966713,-90.15265838414372,-33.742796640816955
-98.02613350210089,-98.02613350210089,-106.69787067138327,-90.8174473732765,-33.742796640816955
-91.30363955167113,-91.30363955167113,-102.22504431678092,-90.57082075563352,-33.742796640816955
-90.35493195452102,-90.35493195452102,-97.10311910676327,-90.07635906513607,-33.742796640816955
-93.23941085852879,-93.23941085852879,-95.72179540505847,-89.52594514446801,-33.742796640816955
-94.13706958001798,-94.13706958001798,-99.98141332608304,-90.0471592628992,-33.742796640816955
-93.80936244280403,-93.80936244280403,-95.96616379009583,-90.20859023637269,-33.742796640816955
-93.00112455027335,-93.00112455027335,-96.67812785116499,-91.23094891315705,-33.742796640816955
-91.01738026760884,-91.01738026760884,-97.10424965550763,-91.61999527615107,-33.742796640816955
-93.4793449385598,-93.4793449385598,-95.0447153117902,-91.67541862208559,-33.742796640816955
-90.32304673792903,-90.32304673792903,-91.41246226676769,-91.74898591909422,-33.742796640816955
-93.87781245894203,-93.87781245894203,-87.24114225993358,-91.19123344388021,-33.742796640816955
-90.5228332981786,-90.5228332981786,-89.2257967421141,-91.82541475213873,-33.742796640816955
-91.96888532704142,-91.96888532704142,-89.88983359302867,-91.77742054093915,-33.742796640816955
-97.62272365042601,-97.62272365042601,-93.32903557764789,-92.08198916760644,-33.742796640816955
-96.42915557852822,-96.42915557852822,-90.79053604721466,-91.91637874583114,-33.742796640816955
-94.48747061927652,-94.48747061927652,-94.26636645942726,-91.87594621792574,-33.742796640816955
-93.12014566677789,-93.12014566677789,-91.16235719047137,-91.37809148086771,-33.742796640816955
-94.47652845568237,-94.47652845568237,-86.41515248645537,-91.03114884444169,-33.742796640816955
-94.00045997891357,-94.00045997891357,-83.9054149088348,-89.89349966172288,-33.742796640816955
-94.58468303994319,-94.58468303994319,-83.43687623588562,-89.85116825479103,-33.742796640816955
-92.63518255942262,-92.63518255942262,-84.20105521927374,-89.82569162676775,-33.742796640816955
-94.75812924428661,-94.75812924428661,-84.079070478869,-89.79363712791879,-33.742796640816955
-91.15608790259739,-91.15608790259739,-84.09463504277821,-89.61545853884542,-33.742796640816955
-91.27374001318748,-91.27374001318748,-86.75243581284244,-89.78000849952554,-33.742796640816955
-93.7252543453427,-93.7252543453427,-90.34580886023652,-90.69785775427728,-33.742796640816955
-93.20784615413771,-93.20784615413771,-90.5918781541944,-90.93292858159906,-33.742796640816955
-93.22385968902032,-93.22385968902032,-90.50594997950226,-90.90892852264113,-33.742796640816955
-95.06678930443682,-95.06678930443682,-95.366515317581,-91.61968326935788,-33.742796640816955
-90.9153705500855,-90.9153705500855,-98.11276865531491,-91.6851677726986,-33.742796640816955
-90.17675808235641,-90.17675808235641,-100.26261410761838,-92.59231745137062,-33.742796640816955
-89.46667342156701,-89.46667342156701,-101.81440146566135,-93.07073985327304,-33.742796640816955
-94.2730411502635,-94.2730411502635,-101.22358710861323,-93.51043363742207,-33.742796640816955
-93.14428816978646,-93.14428816978646,-103.34918659124716,-94.07385532437415,-33.742796640816955
-88.77639820089834,-88.77639820089834,-93.4164545277821,-93.41842826333237,-33.742796640816955
-93.84419121903628,-93.84419121903628,-93.65073441926896,-93.35182704772922,-33.742796640816955
-94.57736351308176,-94.57736351308176,-95.9010442094325,-94.13851079524714,-33.742796640816955
-95.62214072296052,-95.62214072296052,-93.23501688751497,-93.75522395060028,-33.742796640816955
-94.69965452844598,-94.69965452844598,-93.7810743290608,-94.17624228083676,-33.742796640816955
-92.95211565451467,-92.95211565451467,-93.91727159781249,-94.38085648394346,-33.742796640816955
-91.1563517740846,-91.1563517740846,-91.17992698800671,-94.34547867898995,-33.742796640816955
-89.89052834292204,-89.89052834292204,-89.51504258968052,-93.8939024411865,-33.742796640816955
-99.50248970135772,-99.50248970135772,-92.44687503545163,-93.84007473636576,-33.742796640816955
-94.55240091879583,-94.55240091879583,-89.2710727735597,-92.74156942147538,-33.742796640816955
-95.18604102923729,-95.18604102923729,-91.73715388451068,-92.19137504156832,-33.742796640816955
-95.81471399109803,-95.81471399109803,-89.37443682360312,-92.82858589528126,-33.742796640816955
-90.60102155243955,-90.60102155243955,-85.18805732145492,-92.38270198692098,-33.742796640816955
-93.12252752393438,-93.12252752393438,-87.42715617638945,-91.80172161700861,-33.742796640816955
-91.87792295914765,-91.87792295914765,-86.98209403810125,-91.9298171653412,-33.742796640816955
-92.96205370920586,-92.96205370920586,-90.99529118706538,-92.39509233216354,-33.742796640816955
-91.72974528901895,-91.72974528901895,-92.918518533656,-91.84207962638686,-33.742796640816955
-91.74286050069921,-91.74286050069921,-96.13405608534845,-91.7811395239795,-33.742796640816955
-93.47063306006345,-93.47063306006345,-95.95248065263257,-92.58556200353611,-33.742796640816955
-91.52681144143357,-91.52681144143357,-99.53416224015828,-93.22777804815439,-33.742796640816955
-92.78272489602554,-92.78272489602554,-105.59105768771208,-94.16522749809903,-33.742796640816955
-93.92139114741565,-93.92139114741565,-105.42527191198653,-93.91735761246194,-33.742796640816955
-90.84053060812381,-90.84053060812381,-103.7563574974974,-93.94074072840131,-33.742796640816955
-94.32878661128824,-94.32878661128824,-103.20740314164375,-93.10757667510435,-33.742796640816955
-91.04215545760164,-91.04215545760164,-104.31178525936869,-93.37132428611343,-33.742796640816955
-91.54818388102655,-91.54818388102655,-99.8869136662419,-93.36353200305389,-33.742796640816955
-93.9520150893987,-93.9520150893987,-96.42053371807428,-92.8436939166482,-33.742796640816955
-96.69730910251818,-96.69730910251818,-96.22788312489779,-93.57848769697237,-33.742796640816955
-95.9619690965635,-95.9619690965635,-92.79095111718712,-93.29859287855072,-33.742796640816955
-92.51733175304807,-92.51733175304807,-88.43845578824704,-92.93750248719809,-33.742796640816955
-92.13103259397016,-92.13103259397016,-83.10758331017553,-92.12093704460457,-33.742796640816955
-90.36125473444456,-90.36125473444456,-82.21032938928579,-92.20131628087618,-33.742796640816955
-89.21635164851882,-89.21635164851882,-84.48022100619905,-91.98351163775565,-33.742796640816955
-94.88979000742795,-94.88979000742795,-85.75798983211945,-92.026703203434,-33.742796640816955
-92.05301520255162,-92.05301520255162,-86.95360278302078,-93.4790143454265,-33.742796640816955
-95.91537422715224,-95.91537422715224,-87.00042616572368,-93.98253425443164,-33.742796640816955
-92.1654861027369,-92.1654861027369,-94.43110093495085,-95.04253885646123,-33.742796640816955
-97.64941032164845,-97.64941032164845,-92.19969894101789,-95.1782164413212,-33.742796640816955
-91.48943152472009,-91.48943152472009,-94.27986329588676,-95.33875144195426,-33.742796640816955
-92.37666573577587,-92.37666573577587,-98.07304265558346,-95.73318400975916,-33.742796640816955
-95.11034854146271,-95.11034854146271,-101.24313701973348,-95.01907728598279,-33.742796640816955
-94.86492177154614,-94.86492177154614,-103.41520932578212,-94.81519637398529,-33.742796640816955
-94.44440694840915,-94.44440694840915,-101.8940776407536,-94.2439515350675,-33.742796640816955
-91.41566957571605,-91.41566957571605,-103.23458839277957,-94.57243088608942,-33.742796640816955
-96.47675075531862,-96.47675075531862,-97.41700438426287,-93.88911215876287,-33.742796640816955
-90.82767819550429,-90.82767819550429,-95.94337140092736,-93.54865480355416,-33.742796640816955
-89.61861588374757,-89.61861588374757,-88.93854094329798,-92.77772422359718,-33.742796640816955
-95.43653770815276,-95.43653770815276,-93.5285400854628,-93.5210441652815,-33.742796640816955
-93.81068883631498,-93.81068883631498,-94.38383317070264,-93.97080065437214,-33.742796640816955
-90.80771247571985,-90.80771247571985,-90.02982377929007,-93.06931144736772,-33.742796640816955
-94.08827091940542,-94.08827091940542,-88.86094858280573,-94.1079760969875,-33.742796640816955
-94.02559856507071,-94.02559856507071,-88.20159008572467,-93.72536750727645,-33.742796640816955
-91.67114552301656,-91.67114552301656,-89.83884285429693,-93.03151126404038,-33.742796640816955
-90.41409021546055,-90.41409021546055,-89.44244100643154,-93.81391570987276,-33.742796640816955
-91.16877665720551,-91.16877665720551,-91.70414290693107,-93.47372587433694,-33.742796640816955
-92.60682124051168,-92.60682124051168,-98.53481271941405,-94.47216302787447,-33.742796640816955
-90.74271183382717,-90.74271183382717,-97.44466857555543,-94.03067254110692,-33.742796640816955
-96.42469442489046,-96.42469442489046,-94.59420643904348,-94.53687693515411,-33.742796640816955
-92.19927619262216,-92.19927619262216,-92.68708263033578,-94.01884217334897,-33.742796640816955
-91.21186086383491,-91.21186086383491,-94.1192878350982,-94.03895445967541,-33.742796640816955
-92.32463754337712,-92.32463754337712,-96.27867644129893,-95.01628060834513,-33.742796640816955
-90.1660426949529,-90.1660426949529,-97.52843137480616,-95.35616641751704,-33.742796640816955
-92.55700211257226,-92.55700211257226,-93.95755256909885,-94.78541031356917,-33.742796640816955
-91.58056020215922,-91.58056020215922,-96.95180613217266,-95.71884570102941,-33.742796640816955
-91.52277967941185,-91.52277967941185,-97.70327960276681,-95.61796298727006,-33.742796640816955
-93.69468906727354,-93.69468906727354,-91.96465655648346,-94.6660361017581,-33.742796640816955
-89.77572909179759,-89.77572909179759,-92.7478051687244,-93.99652986812058,-33.742796640816955
-90.83246257678734,-90.83246257678734,-91.98465316594333,-93.70699635127305,-33.742796640816955
-89.92928749234883,-89.92928749234883,-91.52817870618333,-93.13398178405913,-33.742796640816955
-91.5981389536374,-91.5981389536374,-91.39743145230815,-92.41160830210538,-33.742796640816955
-92.61152840673007,-92.61152840673007,-86.32870700350996,-91.16381047150472,-33.742796640816955
-92.935624436401,-92.935624436401,-85.04827242145811,-91.28076651941137,-33.742796640816955
-88.8555304291246,-88.8555304291246,-88.83111431332392,-91.80036167673447,-33.742796640816955
-90.46021214048173,-90.46021214048173,-87.81863708996798,-92.64109249069423,-33.742796640816955
-92.20112514775983,-92.20112514775983,-86.59142489205453,-92.0738909138072,-33.742796640816955
-90.64933546660022,-90.64933546660022,-91.07330962489982,-92.90331529348968,-33.742796640816955
-91.39055217239837,-91.39055217239837,-94.13588884193915,-93.53960089289356,-33.742796640816955
-88.67638793588888,-88.67638793588888,-95.89750208290934,-93.64092014287536,-33.742796640816955
-94.20893260178133,-94.20893260178133,-97.36888372531334,-94.04956830568437,-33.742796640816955
-93.28642716909877,-93.28642716909877,-98.1880404354919,-94.36152523155437,-33.742796640816955
-90.09859890125004,-90.09859890125004,-102.50967137921495,-95.04422808531261,-33.742796640816955
-94.3831951124457,-94.3831951124457,-104.14852485962396,-95.66840561347901,-33.742796640816955
-94.94958969580473,-94.94958969580473,-103.69327768875681,-95.64297301324603,-33.742796640816955
-93.14738692979161,-93.14738692979161,-101.20562470396297,-95.73061946506297,-33.742796640816955
-94.42594215398609,-94.42594215398609,-99.19645290899496,-94.52246093900204,-33.742796640816955
-95.49152367236415,-95.49152367236415,-96.92472240228724,-94.88817454080237,-33.742796640816955
-92.75230197241598,-92.75230197241598,-93.28547608165621,-93.31047592223463,-33.742796640816955
-94.92184341940975,-94.92184341940975,-91.62688013069888,-93.52635638081159,-33.742796640816955
-92.90036599677234,-92.90036599677234,-89.95538531008476,-93.18467270852399,-33.742796640816955
-96.81684324504845,-96.81684324504845,-87.99660882963873,-92.3462384663654,-33.742796640816955
-91.29819282923789,-91.29819282923789,-84.77583874555225,-91.75076843047637,-33.742796640816955
-89.17394276704637,-89.17394276704637,-84.66891571061765,-91.91914689044611,-33.742796640816955
-91.09007732805962,-91.09007732805962,-83.4119404227301,-91.94654556964132,-33.742796640816955
-91.15893435118744,-91.15893435118744,-83.14426234106126,-91.71255425471927,-33.742796640816955
-92.8571857106103,-92.8571857106103,-89.44916672136011,-92.92889340642151,-33.742796640816955
-92.50736905833732,-92.50736905833732,-90.95975289640126,-93.89145083989715,-33.742796640816955
-89.95175535071223,-89.95175535071223,-91.7235696065591,-93.86748165488683,-33.742796640816955
-93.59136752536328,-93.59136752536328,-94.40839786916109,-93.70232793755122,-33.742796640816955
-91.98828419773277,-91.98828419773277,-92.57318975032571,-92.82254402444858,-33.742796640816955
-94.44107179914454,-94.44107179914454,-93.10521828664746,-92.96131736783687,-33.742796640816955
-90.74280687284117,-90.74280687284117,-95.97910115047974,-93.17439894401116,-33.742796640816955
-95.61379193873174,-95.61379193873174,-96.87978574468676,-93.65478602223851,-33.742796640816955
-93.73732452633325,-93.73732452633325,-97.31899881378143,-93.44257676153822,-33.742796640816955
-94.83149984261856,-94.83149984261856,-97.25005375898047,-93.27407680522907,-33.742796640816955
-94.12305910169144,-94.12305910169144,-93.62994289987152,-93.31405340500959,-33.742796640816955
-95.15732959185716,-95.15732959185716,-91.12626316553455,-92.40974092912127,-33.742796640816955
-94.40749289926444,-94.40749289926444,-95.906987545938,-93.55994544896338,-33.742796640816955
-92.5803741187729,-92.5803741187729,-95.3991431744673,-93.86331528463597,-33.742796640816955
-96.93199878071911,-96.93199878071911,-97.45734058232935,-93.77659561484728,-33.742796640816955
-91.23777611572754,-91.23777611572754,-99.14364705974275,-93.96618921276578,-33.742796640816955
-91.86378421473411,-91.86378421473411,-99.07198466831478,-93.73306058941432,-33.742796640816955
-91.80439924931859,-91.80439924931859,-99.31162842257127,-94.01142543179158,-33.742796640816955
-91.90661540825799,-91.90661540825799,-98.76773152538739,-94.40461255279591,-33.742796640816955
-92.94062066345727,-92.94062066345727,-97.90170838438621,-93.46405725567178,-33.742796640816955
-93.9176008171149,-93.9176008171149,-95.65063501609927,-92.90352448767607,-33.742796640816955
-93.80710480181409,-93.80710480181409,-94.54092223666883,-92.92499406515833,-33.742796640816955
-89.12925431427338,-89.12925431427338,-90.66600877835167,-93.14358617088882,-33.742796640816955
-91.96044461652437,-91.96044461652437,-86.19477463959308,-92.70533957936595,-33.742796640816955
-93.26862304440336,-93.26862304440336,-85.86821527591873,-92.6446029287944,-33.742796640816955
-92.201407641949,-92.201407641949,-86.85706846063889,-93.05811661443195,-33.742796640816955
-89.6821988436804,-89.6821988436804,-84.98651051902002,-93.46462129251637,-33.742796640816955
-92.1828116004247,-92.1828116004247,-78.40972399429836,-92.68371574635961,-33.742796640816955
-94.43409544205882,-94.43409544205882,-84.48759474650441,-93.53590863943204,-33.742796640816955
-93.20098711330968,-93.20098711330968,-84.15607285409844,-92.73154440849787,-33.742796640816955
-92.86829861260522,-92.86829861260522,-84.2063954820226,-92.42651860566971,-33.742796640816955
-87.43089164742898,-87.43089164742898,-83.74318928863445,-91.45896999790529,-33.742796640816955
-92.65732769483164,-92.65732769483164,-87.52433878907411,-91.82127616031583,-33.742796640816955
-94.04885300623317,-94.04885300623317,-89.09480172019646,-91.34479950682336,-33.742796640816955
-91.92862086018751,-91.92862086018751,-86.07646824123405,-90.38611983197853,-33.742796640816955
-91.20223040027513,-91.20223040027513,-85.53120628472162,-90.5267497842779,-33.742796640816955
-91.59138868706063,-91.59138868706063,-87.03392139730248,-90.36947129613387,-33.742796640816955
-92.77848249457656,-92.77848249457656,-90.00266559171676,-89.85454389277817,-33.742796640816955
-91.43976274712111,-91.43976274712111,-86.58113388700403,-90.11347987908148,-33.742796640816955
-90.45281241123688,-90.45281241123688,-86.77482364716363,-89.84538419713799,-33.742796640816955
-90.28083610524291,-90.28083610524291,-86.56155177788968,-89.89953837944863,-33.742796640816955
-94.58265628471989,-94.58265628471989,-84.01069250108687,-88.87616401766518,-33.742796640816955
-91.3646171114635,-91.3646171114635,-80.59291488879464,-89.28276392174352,-33.742796640816955
-94.02455252158688,-94.02455252158688,-81.53963158905734,-89.32734979849505,-33.742796640816955
-94.17768653078467,-94.17768653078467,-84.63491695662267,-89.3220261612861,-33.742796640816955
-91.22028888443771,-91.22028888443771,-86.43321879285648,-90.21407177692144,-33.742796640816955
-94.77601486033643,-94.77601486033643,-88.01675708205167,-91.01765496343373,-33.742796640816955
-90.91580168519847,-90.91580168519847,-90.43761661622126,-91.00828407389886,-33.742796640816955
-92.51176322240224,-92.51176322240224,-87.98795249169754,-91.02868229287496,-33.742796640816955
-89.16956300630603,-89.16956300630603,-90.8306347906098,-91.38265868704771,-33.742796640816955
-90.71782813452558,-90.71782813452558,-91.5643798103514,-90.32258099724687,-33.742796640816955
-94.72082720036443,-94.72082720036443,-95.71234821227726,-89.8266830808404,-33.742796640816955
-94.59765198426844,-94.59765198426844,-99.7951877848557,-90.89708755740281,-33.742796640816955
-94.41989615633311,-94.41989615633311,-100.62070961161946,-90.56981214698673,-33.742796640816955
-91.00420723034806,-91.00420723034806,-101.73660734272671,-91.1547096797663,-33.742796640816955
-92.3132668441586,-92.3132668441586,-99.80013408417872,-91.55305493642769,-33.742796640816955
-91.99648130080604,-91.99648130080604,-95.67156347024623,-90.95614742738702,-33.742796640816955
-94.13626869885579,-94.13626869885579,-95.57972905919632,-90.74827273680079,-33.742796640816955
-91.92789068947856,-91.92789068947856,-96.0816875145047,-90.7812200330196,-33.742796640816955
-90.89131490349942,-90.89131490349942,-92.6262235011997,-90.45789263549155,-33.742796640816955
-89.75731961171049,-89.75731961171049,-93.5125932017549,-90.29911105762356,-33.742796640816955
-91.33929032809303,-91.33929032809303,-96.39165261220208,-90.8797609701739,-33.742796640816955
-91.1465061348611,-91.1465061348611,-92.87020754964276,-90.28973155814376,-33.742796640816955
-93.64258849540187,-93.64258849540187,-90.98499601405817,-89.68698271490491,-33.742796640816955
-96.81709019009242,-96.81709019009242,-90.20184353777174,-89.70361027085477,-33.742796640816955
-91.59066935415065,-91.59066935415065,-87.56982860281182,-89.23829124504151,-33.742796640816955
-92.71471852413237,-92.71471852413237,-88.41488939505436,-88.82472837273495,-33.742796640816955
-87.28686894314679,-87.28686894314679,-85.15384471812375,-87.91671599591129,-33.742796640816955
-93.02131284625993,-93.02131284625993,-84.2411942586496,-87.87591257967206,-33.742796640816955
-94.7825693512667,-94.7825693512667,-86.18409985922521,-88.11437093045937,-33.742796640816955
-92.34626403618445,-92.34626403618445,-87.34253240405728,-88.63749053521516,-33.742796640816955
-92.30295132224632,-92.30295132224632,-89.84371508329359,-89.94031953949884,-33.742796640816955
-94.9799785612913,-94.9799785612913,-91.52639777790506,-90.46180935805447,-33.742796640816955
-90.99796222009826,-90.99796222009826,-95.61138952643105,-91.5703056922725,-33.742796640816955
-92.54193438838581,-92.54193438838581,-94.1874827193744,-91.3674637595459,-33.742796640816955
-92.71643683964794,-92.71643683964794,-96.65026748224265,-91.19693104936225,-33.742796640816955
-90.239983455115,-90.239983455115,-98.84109063098961,-91.59564439512886,-33.742796640816955
-92.75851945144757,-92.75851945144757,-104.76974215646237,-93.18871962834406,-33.742796640816955
-96.56896788039835,-96.56896788039835,-104.03285028561035,-91.78496368749323,-33.742796640816955
-91.66676655148311,-91.66676655148311,-100.81403511902836,-91.44596338344535,-33.742796640816955
-91.71173168547149,-91.71173168547149,-99.63214100673109,-91.72263964015687,-33.742796640816955
-92.50611815704575,-92.50611815704575,-98.01737432737352,-92.79515654724666,-33.742796640816955
-92.42048439882893,-92.42048439882893,-96.74335158636399,-92.30561191751241,-33.742796640816955
-90.29405459889205,-90.29405459889205,-93.25655727326645,-92.40265680288648,-33.742796640816955
-92.16504749630718,-92.16504749630718,-94.85633652881498,-93.12343741706209,-33.742796640816955
-97.41390788102228,-97.41390788102228,-92.88490532008232,-92.66767085643438,-33.742796640816955
-94.36996493025119,-94.36996493025119,-95.10530932357963,-93.2099219803843,-33.742796640816955
-91.25857652677166,-91.25857652677166,-91.3608615301695,-93.46035881603464,-33.742796640816955
-91.3028518726033,-91.3028518726033,-89.41928180048694,-92.35259327018983,-33.742796640816955
-90.88496958669201,-90.88496958669201,-95.18337783096156,-93.12767422020492,-33.742796640816955
-93.87236860564411,-93.87236860564411,-96.22268200694427,-93.65486568596779,-33.742796640816955
-95.85053661340214,-95.85053661340214,-88.58525231291394,-93.71006850961209,-33.742796640816955
-93.73612741131434,-93.73612741131434,-91.21836700832147,-94.4307023414178,-33.742796640816955
-92.5089662564846,-92.5089662564846,-92.50272533715403,-94.59527555250583,-33.742796640816955
-90.17503748321566,-90.17503748321566,-91.19248008517357,-94.43495004277227,-33.742796640816955
-90.99247864066521,-90.99247864066521,-95.37409438602387,-94.45584597506787,-33.742796640816955
-91.0796503915398,-91.0796503915398,-91.84812264313813,-93.97619509260161,-33.742796640816955
-90.70035357819845,-90.70035357819845,-92.9411663433462,-93.96106876145963,-33.742796640816955
-91.98975006056482,-91.98975006056482,-96.36199634489384,-94.02740204082909,-33.742796640816955
-94.2064694286437,-94.2064694286437,-91.31330154590609,-93.2242075712642,-33.742796640816955
-90.96896417707876,-90.96896417707876,-89.85465019273711,-93.31291976244495,-33.742796640816955
-92.5575175706117,-92.5575175706117,-96.02594323008006,-93.77278751317263,-33.742796640816955
-89.75306535031625,-89.75306535031625,-93.68302945458376,-93.20827067536338,-33.742796640816955
-93.23228693725787,-93.23228693725787,-91.82608138229334,-92.8363499066406,-33.742796640816955
-94.31908700869087,-94.31908700869087,-92.89558939020812,-92.66674645226853,-33.742796640816955
-97.13347343258552,-97.13347343258552,-93.1791141982043,-93.13164199787298,-33.742796640816955
-90.77581397591275,-90.77581397591275,-93.80025843847072,-93.60193408624649,-33.742796640816955
-97.13327902573648,-97.13327902573648,-97.57289762583694,-94.35970247478777,-33.742796640816955
-92.83444220109054,-92.83444220109054,-97.12298065075507,-94.23566066807916,-33.742796640816955
-92.44387168637982,-92.44387168637982,-102.92846393999628,-95.2846556590235,-33.742796640816955
-91.73286088579826,-91.73286088579826,-101.49729885910753,-94.90986089391545,-33.742796640816955
-91.93104081133035,-91.93104081133035,-100.23268094380254,-94.54099317949274,-33.742796640816955
-94.6594046652256,-94.6594046652256,-100.02081623973629,-94.63839241338214,-33.742796640816955
-90.845199291976,-90.845199291976,-102.44494405956114,-95.12833951574123,-33.742796640816955
-93.27588240913622,-93.27588240913622,-102.02980043531561,-95.03233783177731,-33.742796640816955
-90.25209601516812,-90.25209601516812,-98.0067333092516,-95.21902293916096,-33.742796640816955
-93.53580861400634,-93.53580861400634,-98.67073719980357,-95.65310364719636,-33.742796640816955
-89.7908605066485,-89.7908605066485,-94.85226015663243,-96.29938556248952,-33.742796640816955
-93.48357473845083,-93.48357473845083,-96.93316859061076,-96.77405553447139,-33.742796640816955
-91.57569600775345,-91.57569600775345,-95.31048541770089,-97.10993277071863,-33.742796640816955
-92.78784729182858,-92.78784729182858,-94.95513014514862,-96.43238044213375,-33.742796640816955
-87.18465410327616,-87.18465410327616,-94.9903127177518,-95.57031270638437,-33.742796640816955
-94.20769497604522,-94.20769497604522,-99.90829667134616,-96.31477219207034,-33.742796640816955
-94.40013948815223,-94.40013948815223,-96.30270692513912,-95.26660299548283,-33.742796640816955
-90.69689572461306,-90.69689572461306,-95.81478678115394,-95.35779864413324,-33.742796640816955
-94.46026829912786,-94.46026829912786,-97.10462734872372,-95.30989491245717,-33.742796640816955
-97.64959872455158,-97.64959872455158,-95.14097921323616,-94.91308136364563,-33.742796640816955
-90.48564870587579,-90.48564870587579,-90.3251681244343,-93.41047075608387,-33.742796640816955
-89.56638995772806,-89.56638995772806,-92.08980624385549,-94.38544672612042,-33.742796640816955
-90.58027048865742,-90.58027048865742,-89.59209557315319,-94.8655448615436,-33.742796640816955
-94.65973953248667,-94.65973953248667,-89.40135641862635,-94.38622352451279,-33.742796640816955
-92.78531230810908,-92.78531230810908,-89.40224748360478,-93.84728733763066,-33.742796640816955
-92.02417390408918,-92.02417390408918,-86.64548877397607,-94.29519962959276,-33.742796640816955
-91.86620058789907,-91.86620058789907,-90.09165351288931,-94.63362224340739,-33.742796640816955
-91.17239585398389,-91.17239585398389,-91.7305723238798,-94.73264580314621,-33.742796640816955
-95.97391358665223,-95.97391358665223,-93.86083617889129,-95.50508108421896,-33.742796640816955
-91.48490337180874,-91.48490337180874,-95.38125353749071,-94.96827020642785,-33.742796640816955
-92.06802363828047,-92.06802363828047,-100.8737702761767,-95.3130525052853,-33.742796640816955
-92.7312001732187,-92.7312001732187,-98.48065942352628,-96.19772225072829,-33.742796640816955
-91.63885510857342,-91.63885510857342,-97.91116703965066,-95.41110270328144,-33.742796640816955
-94.22647679466115,-94.22647679466115,-99.61560179794067,-95.06480748271206,-33.742796640816955
-90.35809974256944,-90.35809974256944,-98.88242620360045,-95.90672211576793,-33.742796640816955
-91.53806608911725,-91.53806608911725,-100.24750142466593,-96.10102651286162,-33.742796640816955
-93.03304028058315,-93.03304028058315,-97.93491010580985,-95.72005919713857,-33.742796640816955
-95.44254438917078,-95.44254438917078,-97.53578771411391,-96.00130732893427,-33.742796640816955
-93.77025548406714,-93.77025548406714,-92.4716769009736,-94.92459758720888,-33.742796640816955
-93.05930005100502,-93.05930005100502,-95.51159507014252,-95.70096469182872,-33.742796640816955
-92.75688587127965,-92.75688587127965,-93.80629494802706,-95.48607822622147,-33.742796640816955
-93.37755685897584,-93.37755685897584,-93.52107735871648,-95.6295384534928,-33.742796640816955
-91.83026607724919,-91.83026607724919,-97.45240255843981,-96.63892290578815,-33.742796640816955
-92.89691501929784,-92.89691501929784,-98.14901433936137,-96.7236803120369,-33.742796640816955
-93.89347054651755,-93.89347054651755,-99.75486657737547,-96.65250678522699,-33.742796640816955
-93.98672758667527,-93.98672758667527,-98.04087137127422,-96.97259489619974,-33.742796640816955
-92.79150916067022,-92.79150916067022,-98.02082754018902,-96.95900842871767,-33.742796640816955
-92.1041443254101,-92.1041443254101,-101.56570903819222,-97.73533125853109,-33.742796640816955
-90.85472367863734,-90.85472367863734,-110.77277711440183,-98.4433301704484,-33.742796640816955
-90.37926448844381,-90.37926448844381,-108.098200927827,-98.56055318969999,-33.742796640816955
-91.0949420809639,-91.0949420809639,-107.88878475866352,-97.5492556527868,-33.742796640816955
-94.2336139982028,-94.2336139982028,-106.31221551502543,-97.46738542634688,-33.742796640816955
-93.59045416182283,-93.59045416182283,-105.64045223996618,-97.18132056578213,-33.742796640816955
-94.13345085569257,-94.13345085569257,-105.65978421396224,-97.55617738300785,-33.742796640816955
-94.4158936481905,-94.4158936481905,-103.05950430949588,-97.21787145836569,-33.742796640816955
-92.16326733580426,-92.16326733580426,-100.50300803955358,-97.06903325616318,-33.742796640816955
-96.26405202836384,-96.26405202836384,-104.37993484528913,-97.34600658586326,-33.742796640816955
-90.18683662582296,-90.18683662582296,-101.70700063736088,-97.67077129894014,-33.742796640816955
-94.20392411249571,-94.20392411249571,-91.53367878336742,-97.14871926527158,-33.742796640816955
-94.04969339082925,-94.04969339082925,-89.28390921020119,-96.68318759177951,-33.742796640816955
-89.71262842353948,-89.71262842353948,-88.85935610504518,-96.35067484246936,-33.742796640816955
-90.90458686435446,-90.90458686435446,-89.89306295340586,-96.0593642989059,-33.742796640816955
-91.55901564799288,-91.55901564799288,-87.99485482523279,-95.71819444728854,-33.742796640816955
-93.6125114205953,-93.6125114205953,-88.97772031066727,-96.36069541611158,-33.742796640816955
-90.5245429748637,-90.5245429748637,-89.79877161226773,-96.17956323726887,-33.742796640816955
-92.26645863624702,-92.26645863624702,-90.83376878329486,-95.25412767855295,-33.742796640816955
-91.66027698247865,-91.66027698247865,-88.07880156425111,-95.7012255136857,-33.742796640816955
-91.57503076369217,-91.57503076369217,-87.05722281411934,-95.91925850553322,-33.742796640816955
-92.80324803206598,-92.80324803206598,-91.05903650897338,-95.93960109732151,-33.742796640816955
-89.8616277522833,-89.8616277522833,-89.38426268371113,-95.5318442858745,-33.742796640816955
-91.26720197186503,-91.26720197186503,-90.50205647617824,-96.38605251281811,-33.742796640816955
-94.5468561634835,-94.5468561634835,-94.81653821897845,-96.6047106939305,-33.742796640816955
-94.0597422137113,-94.0597422137113,-95.10672955950201,-96.82112124455828,-33.742796640816955
-98.13240978008872,-98.13240978008872,-93.84931721573317,-97.25028757553297,-33.742796640816955
-94.79386183670753,-94.79386183670753,-91.77248839340353,-96.65361141922862,-33.742796640816955
-94.5979955032995,-94.5979955032995,-93.14233821235241,-96.5534975662282,-33.742796640816955
-93.19238365014195,-93.19238365014195,-91.81912145418781,-96.04671910194538,-33.742796640816955
-91.59969765038076,-91.59969765038076,-92.65909612177933,-96.10496326511313,-33.742796640816955
-96.87402729408984,-96.87402729408984,-89.13535649671954,-94.99450516088714,-33.742796640816955
-93.61582942072354,-93.61582942072354,-88.49324424175099,-94.15424242672655,-33.742796640816955
-92.86642995955788,-92.86642995955788,-87.61057427787587,-93.733413313158,-33.742796640816955
-89.17370955058544,-89.17370955058544,-81.01980668741996,-93.11254014670924,-33.742796640816955
-95.84273284024994,-95.84273284024994,-80.85478430676747,-93.40984469798167,-33.742796640816955
-93.28855424807152,-93.28855424807152,-81.35832608646567,-93.59883243323794,-33.742796640816955
-87.94880086366001,-87.94880086366001,-81.24954392729478,-93.12703496396749,-33.742796640816955
-94.02303903011922,-94.02303903011922,-79.7220985105219,-92.4484169833994,-33.742796640816955
-94.30984347849439,-94.30984347849439,-80.19756014719573,-92.49924911022255,-33.742796640816955
-94.1332146777167,-94.1332146777167,-76.3551548377678,-91.8688366898439,-33.742796640816955
-93.09641306947786,-93.09641306947786,-78.09456162027098,-92.11908210474662,-33.742796640816955
-93.841871638453,-93.841871638453,-85.12072665993087,-92.07606874468424,-33.742796640816955
-95.33266830439341,-95.33266830439341,-82.99344577246534,-91.57084347804563,-33.742796640816955
-91.32731945207004,-91.32731945207004,-87.81144366713075,-91.97061340839211,-33.742796640816955
-93.83836142987944,-93.83836142987944,-89.2398611002966,-91.76733640635302,-33.742796640816955
-94.15147896352133,-94.15147896352133,-88.8812276191986,-91.74527508920539,-33.742796640816955
-93.82223696636693,-93.82223696636693,-91.64354677720779,-91.50477100393395,-33.742796640816955
-93.59090552517037,-93.59090552517037,-90.51604961564183,-90.94345263227292,-33.742796640816955
-88.61380651609107,-88.61380651609107,-93.9268656699182,-91.6804567361684,-33.742796640816955
-94.19620338471053,-94.19620338471053,-96.00847823042648,-90.75739052829076,-33.742796640816955
-91.10770810497745,-91.10770810497745,-98.53561579758654,-89.67164984138357,-33.742796640816955
-93.745685034664,-93.745685034664,-95.04241992077804,-89.46491254327447,-33.742796640816955
-91.9999680459079,-91.9999680459079,-96.39907471133485,-89.27290146857992,-33.742796640816955
-94.4341431661364,-94.4341431661364,-93.586899138636,-89.42555013311421,-33.742796640816955
-91.61906711137088,-91.61906711137088,-96.54494191525791,-89.94823434141136,-33.742796640816955
-90.70083048721362,-90.70083048721362,-100.06873242892277,-90.62706473219748,-33.742796640816955
-94.47848441559798,-94.47848441559798,-99.51574709357723,-90.79601956075022,-33.742796640816955
-93.08957436975004,-93.08957436975004,-103.32401768703801,-91.50765456176981,-33.742796640816955
-91.23391114115597,-91.23391114115597,-104.16325809641837,-91.63712138639424,-33.742796640816955
-93.05315413931199,-93.05315413931199,-107.35188057519835,-91.88636651585826,-33.742796640816955
-92.93484710866085,-92.93484710866085,-106.1898879766131,-92.60289168003271,-33.742796640816955
-92.67048789702531,-92.67048789702531,-104.6149119661399,-92.5311130944622,-33.742796640816955
-92.56871624786278,-92.56871624786278,-110.48060686027137,-93.59715161962515,-33.742796640816955
-94.55231556371491,-94.55231556371491,-113.96745966318176,-94.24042947506938,-33.742796640816955
-93.24314762786203,-93.24314762786203,-112.03023451902081,-94.75531028016898,-33.742796640816955
-92.15980662451179,-92.15980662451179,-111.27029299440264,-95.08557926894457,-33.742796640816955
-90.49879513044704,-90.49879513044704,-112.55128176591802,-95.34652159148027,-33.742796640816955
-94.63813841984108,-94.63813841984108,-109.02381387166892,-95.1456635794446,-33.742796640816955
-90.34443019123573,-90.34443019123573,-107.93713609687707,-95.60878829291946,-33.742796640816955
-93.57377034091387,-93.57377034091387,-107.44114631633724,-95.96315121630187,-33.742796640816955
-92.08371320370004,-92.08371320370004,-106.59430901566547,-95.70994618137114,-33.742796640816955
-90.96287382014152,-90.96287382014152,-107.37363171713912,-96.1289869011478,-33.742796640816955
-95.12001127449821,-95.12001127449821,-101.94709729354932,-95.88615978309936,-33.742796640816955
-93.70423796993983,-93.70423796993983,-99.20375617570446,-95.11787306641459,-33.742796640816955
-91.62394444738344,-91.62394444738344,-95.60981227422208,-94.85592682311298,-33.742796640816955
-93.83812556258677,-93.83812556258677,-89.61339167033877,-94.23839415986573,-33.742796640816955
-90.40557238811787,-90.40557238811787,-86.97601591381944,-94.38722709556346,-33.742796640816955
-96.18862694068984,-96.18862694068984,-89.92704121662169,-94.50260418029848,-33.742796640816955
-92.6233470614923,-92.6233470614923,-88.27742657478788,-94.90044931703943,-33.742796640816955
-94.53764059201701,-94.53764059201701,-88.33370944932375,-95.0980738818107,-33.742796640816955
-94.44015240493401,-94.44015240493401,-88.04816569629676,-95.49250802128658,-33.742796640816955
-92.70389123377691,-92.70389123377691,-85.9861023881407,-95.62755853042572,-33.742796640816955
-95.0958134838605,-95.0958134838605,-85.9111145770224,-95.54626784292864,-33.742796640816955
-91.5998046577435,-91.5998046577435,-85.06424839017635,-95.92676140696585,-33.742796640816955
-91.80866912200963,-91.80866912200963,-82.51921543865734,-95.18881304949095,-33.742796640816955
-90.40613836586442,-90.40613836586442,-87.02820431250264,-95.37236980507309,-33.742796640816955
-92.18367732472312,-92.18367732472312,-89.08806517248343,-95.95493134460119,-33.742796640816955
-93.4464097160042,-93.4464097160042,-87.46088290221994,-96.05036105863806,-33.742796640816955
-93.45346520130785,-93.45346520130785,-86.45849179306295,-96.1526356462129,-33.742796640816955
-95.28110250122074,-95.28110250122074,-83.36423418870271,-96.49988975199769,-33.742796640816955
-93.24095058133271,-93.24095058133271,-85.72663818592557,-97.01892333441751,-33.742796640816955
-90.54541199107243,-90.54541199107243,-88.42371866135937,-96.28815693071142,-33.742796640816955
-92.59373333517884,-92.59373333517884,-86.69194327179797,-96.28596734279522,-33.742796640816955
-92.27416731586207,-92.27416731586207,-89.55478799095116,-96.27543027172996,-33.742796640816955
-92.37575955986767,-92.37575955986767,-95.10760652345628,-96.3623621341229,-33.742796640816955
-93.98184418792495,-93.98184418792495,-95.24541730688733,-96.64520774261082,-33.742796640816955
-92.73930272278967,-92.73930272278967,-94.20848691353706,-96.46791937186703,-33.742796640816955
-93.59684841362717,-93.59684841362717,-97.25447288753912,-97.39804571301752,-33.742796640816955
-90.28219031368975,-90.28219031368975,-94.99808468137283,-96.36687944850382,-33.742796640816955
-90.35471018476463,-90.35471018476463,-96.45464545970667,-96.58912319785374,-33.742796640816955
-89.42716081138346,-89.42716081138346,-94.9838979471047,-96.30857976432111,-33.742796640816955
-90.7949438231899,-90.7949438231899,-99.52342402485371,-97.18435775152655,-33.742796640816955
-94.35765494338153,-94.35765494338153,-97.58772298035092,-96.52369699659839,-33.742796640816955
-93.99889687130151,-93.99889687130151,-95.62359487640221,-96.68276941928318,-33.742796640816955
-95.18787100418241,-95.18787100418241,-89.81523169058542,-95.0164200891884,-33.742796640816955
-92.56418643964993,-92.56418643964993,-89.3695816183133,-94.50537758048895,-33.742796640816955
-90.4619500670071,-90.4619500670071,-86.75065030050436,-93.91490001325246,-33.742796640816955
-90.99864196820222,-90.99864196820222,-80.54057197544579,-92.84135657069908,-33.742796640816955
-93.76334912286644,-93.76334912286644,-83.11593260609651,-92.15741435043945,-33.742796640816955
-94.06783892028042,-94.06783892028042,-83.30856955185885,-91.78046099318584,-33.742796640816955
-91.10165816668008,-91.10165816668008,-82.53332183957973,-91.57726653691445,-33.742796640816955
-91.99708250364237,-91.99708250364237,-77.69894148168689,-91.80116365463594,-33.742796640816955
-93.52979330878536,-93.52979330878536,-84.743391137567,-91.37625385205753,-33.742796640816955
-94.15196433337823,-94.15196433337823,-88.15899745976431,-91.52107697859968,-33.742796640816955
-92.2983171757671,-92.2983171757671,-93.6712285941435,-91.34461890421295,-33.742796640816955
-94.70560086435547,-94.70560086435547,-89.67561408791043,-90.1864417991905,-33.742796640816955
-93.2974985601515,-93.2974985601515,-93.29425608523549,-90.06349487711596,-33.742796640816955
-92.4442323224567,-92.4442323224567,-94.84388812478355,-90.00537142132201,-33.742796640816955
-92.43171891506537,-92.43171891506537,-93.76334251793635,-89.32265563465131,-33.742796640816955
-91.44513401912431,-91.44513401912431,-92.86066918878453,-88.8643655676753,-33.742796640816955
-94.89061620690707,-94.89061620690707,-94.22695718671841,-89.10379617112505,-33.742796640816955
-91.62412062504653,-91.62412062504653,-93.20929228587792,-88.96829576838373,-33.742796640816955
-91.98093590571474,-91.98093590571474,-90.71485290911087,-89.12980497516986,-33.742796640816955
-92.38506207096849,-92.38506207096849,-82.73279584576963,-88.22688491261273,-33.742796640816955
-90.68843538017714,-90.68843538017714,-82.7101845914199,-88.76469336765251,-33.742796640816955
-94.07474441390741,-94.07474441390741,-83.15358693306248,-88.89448085173524,-33.742796640816955
-90.29545441137893,-90.29545441137893,-81.35061369446973,-88.938414433246,-33.742796640816955
-91.15239586247833,-91.15239586247833,-81.07921939863478,-88.23580705772463,-33.742796640816955
-89.00695141912296,-89.00695141912296,-81.82303340159297,-88.03177700001234,-33.742796640816955
-93.50819190664383,-93.50819190664383,-83.38011566860168,-87.87364681153089,-33.742796640816955
-91.6598194633234,-91.6598194633234,-81.17277549720345,-87.72871813130637,-33.742796640816955
-90.25891607731418,-90.25891607731418,-82.02291721357608,-88.1756587334708,-33.742796640816955
-93.6394521961049,-93.6394521961049,-82.85935829530766,-88.5194537188269,-33.742796640816955
-97.30510426368139,-97.30510426368139,-87.27712970768839,-88.66946117611515,-33.742796640816955
-95.77731321975683,-95.77731321975683,-86.47167669756753,-89.55518561943454,-33.742796640816955
-94.42434375046973,-94.42434375046973,-87.8433940018127,-89.05751878959724,-33.742796640816955
-91.18480614446888,-91.18480614446888,-89.83610824825963,-89.08802304840124,-33.742796640816955
-94.92587143171613,-94.92587143171613,-90.3567181561489,-88.81497410851041,-33.742796640816955
-96.77456401019285,-96.77456401019285,-89.19192248856865,-88.57846313911347,-33.742796640816955
-91.91940706987606,-91.91940706987606,-88.35985353473293,-88.87277068073692,-33.742796640816955
-93.3769394807442,-93.3769394807442,-88.77604446830637,-88.33859938778257,-33.742796640816955
-89.74321347080668,-89.74321347080668,-86.97440749521976,-87.88579650024286,-33.742796640816955
-91.95584284958586,-91.95584284958586,-85.59044104902463,-88.29915327427221,-33.742796640816955
-88.77980082587192,-88.77980082587192,-84.44889451076708,-87.64828248007832,-33.742796640816955
-94.20985882754964,-94.20985882754964,-83.89746931473863,-87.31315817769101,-33.742796640816955
-94.38635706276304,-94.38635706276304,-86.23358489924803,-87.2551523080694,-33.742796640816955
-95.53305254493958,-95.53305254493958,-82.46638691545931,-86.73960304878568,-33.742796640816955
-92.86029671623932,-92.86029671623932,-82.30531431643213,-85.82514239428903,-33.742796640816955
-91.51596073470307,-91.51596073470307,-83.04890712944521,-86.18862762872796,-33.742796640816955
-90.377115461755,-90.377115461755,-82.0689624174531,-85.99563407228621,-33.742796640816955
-89.85200199875148,-89.85200199875148,-85.2705043389719,-86.39592066615597,-33.742796640816955
-89.36789312908208,-89.36789312908208,-88.16358715855958,-85.61382912698404,-33.742796640816955
-92.0920448885724,-92.0920448885724,-90.13695565033825,-86.80899980826966,-33.742796640816955
-94.02477430670133,-94.02477430670133,-88.67235206256933,-86.25803391731174,-33.742796640816955
-92.82902969616082,-92.82902969616082,-85.79168009824099,-86.5084478592221,-33.742796640816955
-92.25150949745544,-92.25150949745544,-84.2722958926172,-86.23569516293017,-33.742796640816955
-93.73013112461844,-93.73013112461844,-86.14176051191188,-86.6178250910672,-33.742796640816955
-91.81945352213766,-91.81945352213766,-88.35314378231763,-87.38765675566339,-33.742796640816955
-97.70072019792813,-97.70072019792813,-91.47067336426545,-87.85957578036172,-33.742796640816955
-93.0632044530263,-93.0632044530263,-91.49135211921438,-87.63219058575733,-33.742796640816955
-95.21461428235288,-95.21461428235288,-91.73373253408498,-88.23600280505703,-33.742796640816955
-90.40784061282655,-90.40784061282655,-90.46548674633225,-88.16713817991312,-33.742796640816955
-92.825650725202,-92.825650725202,-91.06292750694624,-88.07290708214553,-33.742796640816955
-89.52337897170366,-89.52337897170366,-93.86065519978531,-87.39836546531593,-33.742796640816955
-92.81839272790505,-92.81839272790505,-95.12783165184753,-86.79976847076291,-33.742796640816955
-92.55594824779098,-92.55594824779098,-94.8471852510682,-87.27000939556171,-33.742796640816955
-93.46080448745096,-93.46080448745096,-93.70486122381843,-86.69994611878377,-33.742796640816955
-93.27987239655823,-93.27987239655823,-90.39455999927782,-86.49779113056225,-33.742796640816955
-94.34355511477031,-94.34355511477031,-86.2592834895654,-86.35876397468755,-33.742796640816955
-94.52516651004191,-94.52516651004191,-83.30885295753801,-85.72182733950804,-33.742796640816955
-87.61956484543474,-87.61956484543474,-82.85885600330226,-85.96238256837381,-33.742796640816955
-92.99804794971226,-92.99804794971226,-86.39556444077459,-86.80439261089245,-33.742796640816955
-96.23972866062995,-96.23972866062995,-85.80449721453219,-87.09083594322978,-33.742796640816955
-95.19174379345033,-95.19174379345033,-83.31164752301524,-87.51413580076505,-33.742796640816955
-96.58603620153058,-96.58603620153058,-81.90975116309612,-86.63968178509815,-33.742796640816955
-96.37257730090559,-96.37257730090559,-83.89164261706969,-87.41762053236316,-33.742796640816955
-92.23717182214759,-92.23717182214759,-85.06822061767252,-87.44346750342436,-33.742796640816955
-92.36618146978158,-92.36618146978158,-89.47137997620716,-88.17622324607672,-33.742796640816955
-92.87573079661217,-92.87573079661217,-92.19897701041191,-88.43395269645133,-33.742796640816955
-93.26962261166325,-93.26962261166325,-95.04386921725578,-88.05457804923884,-33.742796640816955
-94.94837177714389,-94.94837177714389,-94.40270548955893,-88.60836856684489,-33.742796640816955
-91.87148500616475,-91.87148500616475,-95.09935309057111,-89.41967978629145,-33.742796640816955
-94.22485058905619,-94.22485058905619,-97.13068771830574,-89.94510182782942,-33.742796640816955
-91.46064100215284,-91.46064100215284,-97.88957493985244,-89.6366248471979,-33.742796640816955
-93.74273813188282,-93.74273813188282,-97.36108090755138,-88.81756262709494,-33.742796640816955
-95.81411034347491,-95.81411034347491,-95.52501489099075,-88.95394471019877,-33.742796640816955
-97.78950420442499,-97.78950420442499,-95.03652216501283,-88.48355028677499,-33.742796640816955
-92.86123515705808,-92.86123515705808,-91.8857453744525,-88.48202868973743,-33.742796640816955
-95.04196361479646,-95.04196361479646,-89.18700574398687,-88.43296934753499,-33.742796640816955
-95.97011140310458,-95.97011140310458,-88.4274980547981,-88.0681069532519,-33.742796640816955
-94.93911374206647,-94.93911374206647,-88.57849707680433,-88.56885908854449,-33.742796640816955
-95.19749040693658,-95.19749040693658,-85.70614840482726,-89.16602796821294,-33.742796640816955
-90.8549206594561,-90.8549206594561,-79.40944354545107,-88.7089023271147,-33.742796640816955
-93.05238736916226,-93.05238736916226,-82.90848780111013,-89.3285435052665,-33.742796640816955
-93.53268156654487,-93.53268156654487,-83.36034875965726,-88.71013851607866,-33.742796640816955
-97.21228944142058,-97.21228944142058,-83.05450352307327,-88.31812843496384,-33.742796640816955
-91.62358452604653,-91.62358452604653,-82.24362903953012,-88.43899871158915,-33.742796640816955
-92.5622201068149,-92.5622201068149,-83.12405890297933,-88.64577760704691,-33.742796640816955
-91.17227854402883,-91.17227854402883,-83.81319304446903,-88.58582653053975,-33.742796640816955
-90.93659010859041,-90.93659010859041,-86.22103067686541,-88.89852060513432,-33.742796640816955
-89.41309209377687,-89.41309209377687,-85.53650057380437,-88.62205833551096,-33.742796640816955
-92.05820746624589,-92.05820746624589,-83.31608754620747,-88.19652804574253,-33.742796640816955
-94.19911646776121,-94.19911646776121,-85.70837791329997,-87.82318677970703,-33.742796640816955
-92.38023185751256,-92.38023185751256,-86.4113574809252,-88.87634458893767,-33.742796640816955
-93.63931337243014,-93.63931337243014,-93.55563451254933,-90.26292939894033,-33.742796640816955
-95.23206909332542,-95.23206909332542,-95.83386005480074,-90.63044126740054,-33.742796640816955
-92.11374980259548,-92.11374980259548,-98.12253539925301,-90.83515368905739,-33.742796640816955
-94.88411060811296,-94.88411060811296,-98.01149892357772,-90.57744863529892,-33.742796640816955
-95.61214910444993,-95.61214910444993,-100.88212754553825,-90.4681173667943,-33.742796640816955
-92.74742906701347,-92.74742906701347,-99.78068986682902,-90.55638815465726,-33.742796640816955
-98.99666182100218,-98.99666182100218,-97.7807396391,-89.83145975651396,-33.742796640816955
-94.88682395928801,-94.88682395928801,-98.58213068916174,-89.81985683430842,-33.742796640816955
-93.55228824508255,-93.55228824508255,-101.50237005100446,-89.91107528851867,-33.742796640816955
-91.71543386197,-91.71543386197,-96.56201768569893,-89.41661708612038,-33.742796640816955
-91.6734772241915,-91.6734772241915,-92.83829828820346,-89.8050227262115,-33.742796640816955
-91.90865630200618,-91.90865630200618,-90.71818211950725,-89.80464064108834,-33.742796640816955
-96.05576451745699,-96.05576451745699,-88.66153876375509,-89.82648919704471,-33.742796640816955
-94.50642040967882,-94.50642040967882,-88.46169446117652,-90.19087552767866,-33.742796640816955
-93.75938317777693,-93.75938317777693,-84.88253873078035,-90.19276841503728,-33.742796640816955
-94.04929458940681,-94.04929458940681,-84.1703470431592,-90.7286869717815,-33.742796640816955
-92.1162869554611,-92.1162869554611,-87.57171724869738,-90.77403200559301,-33.742796640816955
-91.53424185691608,-91.53424185691608,-87.50871674028038,-90.04248729420961,-33.742796640816955
-90.9132054429298,-90.9132054429298,-83.4090978994674,-89.43199542550572,-33.742796640816955
-92.21594184759728,-92.21594184759728,-87.45837876954127,-90.2459633354256,-33.742796640816955
-90.07657528791842,-90.07657528791842,-88.10586015213809,-91.0442445240199,-33.742796640816955
-92.18208955398136,-92.18208955398136,-88.47939611182866,-90.72219134004015,-33.742796640816955
-94.52825529362723,-94.52825529362723,-90.82832643368107,-90.97851036024643,-33.742796640816955
-92.94441246696883,-92.94441246696883,-92.52400655258968,-90.80140084295516,-33.742796640816955
-91.51543131178622,-91.51543131178622,-91.78537242095335,-90.11004749714559,-33.742796640816955
-92.25272198031969,-92.25272198031969,-92.97391294998522,-90.3146957183274,-33.742796640816955
-92.44397823260749,-92.44397823260749,-89.95426403528757,-89.88434371473872,-33.742796640816955
-92.08886935477085,-92.08886935477085,-91.3461513331566,-89.29184694272669,-33.742796640816955
-95.14139447984986,-95.14139447984986,-95.31579840996645,-89.06901756383786,-33.742796640816955
-93.71979577031709,-93.71979577031709,-94.66656679025616,-89.60136170550635,-33.742796640816955
-95.10655913671046,-95.10655913671046,-92.64218386562519,-90.10046511563465,-33.742796640816955
-93.4297021948949,-93.4297021948949,-91.02316042777808,-89.8218204473976,-33.742796640816955
-91.8882258086115,-91.8882258086115,-90.00236606186601,-89.97167913961704,-33.742796640816955
-93.5951595863109,-93.5951595863109,-90.26382110589438,-90.47701598924354,-33.742796640816955
-94.56825358438728,-94.56825358438728,-92.90512009088975,-90.85367036652615,-33.742796640816955
-92.25742656761928,-92.25742656761928,-96.46081522060933,-91.92135915148964,-33.742796640816955
-94.33817323383055,-94.33817323383055,-98.39747457052367,-91.8481392134826,-33.742796640816955
-94.38221740907537,-94.38221740907537,-97.15082709340699,-91.58078268044262,-33.742796640816955
-91.18130608671123,-91.18130608671123,-93.53260939747022,-91.89365073424169,-33.742796640816955
-94.45650242393776,-94.45650242393776,-92.35731910779798,-91.49112796684389,-33.742796640816955
-91.47557777165355,-91.47557777165355,-90.18197810781514,-91.46479098526623,-33.742796640816955
-92.54996258290195,-92.54996258290195,-95.82490964412145,-92.37590167160724,-33.742796640816955
-92.14904642752869,-92.14904642752869,-96.73539483830142,-92.87003229937132,-33.742796640816955
-91.81750812247432,-91.81750812247432,-94.94728526973196,-92.84166126259406,-33.742796640816955
-95.97047094260917,-95.97047094260917,-93.83027989888214,-92.85708773740879,-33.742796640816955
-93.74251847210552,-93.74251847210552,-88.28823428865313,-92.3347998738472,-33.742796640816955
-92.59392260755727,-92.59392260755727,-85.93581231339463,-91.92800156140066,-33.742796640816955
-91.2711627781253,-91.2711627781253,-88.75645700150002,-92.66885657150115,-33.742796640816955
-95.50136238685178,-95.50136238685178,-89.7838763158228,-92.70875041474628,-33.742796640816955
-94.08081165230057,-94.08081165230057,-89.4395778990762,-92.09677205047412,-33.742796640816955
-92.93355596715776,-92.93355596715776,-92.98953759584451,-91.35157160192529,-33.742796640816955
-94.28936679730936,-94.28936679730936,-91.05776396518714,-91.4206824536845,-33.742796640816955
-93.19476365937113,-93.19476365937113,-92.37745911410327,-91.72101704234137,-33.742796640816955
-95.53099611844964,-95.53099611844964,-91.75426531895486,-91.59021454166948,-33.742796640816955
-93.6425257590326,-93.6425257590326,-91.65500437601557,-91.01166310350423,-33.742796640816955
-93.58962302490207,-93.58962302490207,-91.49858584030964,-90.67837906854331,-33.742796640816955
-92.21737683449733,-92.21737683449733,-93.93443755930375,-91.15874114544138,-33.742796640816955
-97.62026042168411,-97.62026042168411,-91.31241933173067,-91.21491430001494,-33.742796640816955
-94.04982851204504,-94.04982851204504,-90.91064474886949,-90.59040535431926,-33.742796640816955
-92.5157912826492,-92.5157912826492,-91.21231243458925,-91.02683100025217,-33.742796640816955
-92.41993749866283,-92.41993749866283,-91.51231370509237,-91.08637468530307,-33.742796640816955
-92.10172006195296,-92.10172006195296,-86.84082568910694,-90.64521116760447,-33.742796640816955
-96.1149681333032,-96.1149681333032,-92.90806042853876,-92.57032137529812,-33.742796640816955
-95.05384508027547,-95.05384508027547,-92.45366216881425,-92.38860808319703,-33.742796640816955
-92.77364793825191,-92.77364793825191,-93.69547191897982,-92.77424974114412,-33.742796640816955
-93.81874570054556,-93.81874570054556,-93.67962399424441,-92.58023445876034,-33.742796640816955
-91.24005145529593,-91.24005145529593,-94.35082828789916,-92.51456335328176,-33.742796640816955
-92.62493136317794,-92.62493136317794,-94.48448152389555,-92.61006725673798,-33.742796640816955
-94.28112206288296,-94.28112206288296,-93.82035371592686,-92.67265651761117,-33.742796640816955
-93.12387468670892,-93.12387468670892,-94.9547908733442,-92.52611342101277,-33.742796640816955
-92.11580509443412,-92.11580509443412,-94.81364638079434,-92.42793193103431,-33.742796640816955
-91.70975737072213,-91.70975737072213,-94.48628538057946,-91.84658902135462,-33.742796640816955
-90.02673093731846,-90.02673093731846,-87.86150633139235,-91.97695735484037,-33.742796640816955
-95.26684187754887,-95.26684187754887,-87.3353046414122,-91.35086770096153,-33.742796640816955
-90.86986467068282,-90.86986467068282,-87.906692631792,-91.99851378331186,-33.742796640816955
-92.47364943889146,-92.47364943889146,-88.77901049028246,-91.7412539668198,-33.742796640816955
-96.39500996168948,-96.39500996168948,-88.89426526542411,-92.30256359930907,-33.742796640816955
-89.28321024879826,-89.28321024879826,-89.52982984303318,-92.24680295871329,-33.742796640816955
-90.36384347455723,-90.36384347455723,-89.99851931371836,-91.60920069836155,-33.742796640816955
-94.93367133284802,-94.93367133284802,-90.31721529622263,-91.65624312220605,-33.742796640816955
-94.47208441968321,-94.47208441968321,-93.31736041614518,-92.56296724113828,-33.742796640816955
-95.8818393978044,-95.8818393978044,-95.31636914458177,-92.70523076471537,-33.742796640816955
-99.07736674409755,-99.07736674409755,-94.24201901911104,-92.82488794628937,-33.742796640816955
-90.07252892041944,-90.07252892041944,-97.74129615405315,-92.8463627105933,-33.742796640816955
-92.93838010451462,-92.93838010451462,-95.23296384062652,-92.46408253325923,-33.742796640816955
-89.80969808814434,-89.80969808814434,-97.10982735650346,-91.87105639399863,-33.742796640816955
-94.00821354586309,-94.00821354586309,-94.0231843888285,-91.42770556297005,-33.742796640816955
-92.93155242670227,-92.93155242670227,-93.53307294444902,-91.52325212892173,-33.742796640816955
-93.90086172604262,-93.90086172604262,-96.03707768874447,-92.11009435661641,-33.742796640816955
-91.41675183112575,-91.41675183112575,-92.47937548858653,-91.68065439836377,-33.742796640816955
-92.83716745690899,-92.83716745690899,-85.52531932349038,-91.63163548427336,-33.742796640816955
-95.25749806241146,-95.25749806241146,-86.91947772907201,-90.92414438170546,-33.742796640816955
-93.87452958173468,-93.87452958173468,-83.80795206611205,-90.23939939185149,-33.742796640816955
-95.21000531188359,-95.21000531188359,-80.82515831084012,-90.02193731881492,-33.742796640816955
-94.49588955456422,-94.49588955456422,-81.54723599506885,-90.00747375249654,-33.742796640816955
-95.67686350266723,-95.67686350266723,-77.36762982646312,-89.6869355015606,-33.742796640816955
-97.9594691894883,-97.9594691894883,-77.69023532852367,-89.77859016599585,-33.742796640816955
-91.05005923578283,-91.05005923578283,-74.52225386138926,-88.67641150089953,-33.742796640816955
-92.98533498230738,-92.98533498230738,-74.79394598451583,-89.112108290355,-33.742796640816955
-94.09012761580749,-94.09012761580749,-77.0256151184681,-89.19786184224213,-33.742796640816955
-96.34205828896354,-96.34205828896354,-79.974387353029,-89.02860543571025,-33.742796640816955
-94.3072116244225,-94.3072116244225,-83.27634037385201,-89.36785966343842,-33.742796640816955
-91.42961418162659,-91.42961418162659,-85.51000056152245,-88.8659076813353,-33.742796640816955
-91.74702933281321,-91.74702933281321,-87.37842967015423,-89.14677018905479,-33.742796640816955
-92.8359524642859,-92.8359524642859,-86.49824991174896,-88.97612285964324,-33.742796640816955
-95.36010170998595,-95.36010170998595,-92.41407143984628,-89.87003262146796,-33.742796640816955
-91.90547582326113,-91.90547582326113,-93.28501227824843,-89.64870510978477,-33.742796640816955
-91.56552073524873,-91.56552073524873,-94.3129185722631,-89.27651134900606,-33.742796640816955
-92.828460840656,-92.828460840656,-92.96156156406178,-89.52229165339348,-33.742796640816955
-92.9496313823319,-92.9496313823319,-90.9414199600046,-89.14368334732524,-33.742796640816955
-97.28573881502545,-97.28573881502545,-92.49432155166355,-89.22500700502451,-33.742796640816955
-96.14323530189515,-96.14323530189515,-88.9090361697279,-89.78150175956266,-33.742796640816955
-95.5781286612437,-95.5781286612437,-90.48111040643259,-88.38051767691408,-33.742796640816955
-91.69457139016359,-91.69457139016359,-87.20444578980302,-88.09692691325256,-33.742796640816955
-91.91202308198739,-91.91202308198739,-87.6402411822232,-87.76507671229191,-33.742796640816955
-96.6586267466718,-96.6586267466718,-87.44628923176228,-88.62336566897154,-33.742796640816955
-91.54391747777109,-91.54391747777109,-89.17596998612446,-88.61373344942984,-33.742796640816955
-92.81138304790503,-92.81138304790503,-94.47436872898437,-89.27448879002381,-33.742796640816955
-93.53111461437923,-93.53111461437923,-95.87907926142574,-89.93403676249324,-33.742796640816955
-93.2972892018044,-93.2972892018044,-95.37191570991138,-89.22710831463864,-33.742796640816955
-93.14631307729645,-93.14631307729645,-98.32839666486646,-89.92795706183891,-33.742796640816955
-89.67005579590399,-89.67005579590399,-98.92069270570771,-90.66838322458827,-33.742796640816955
-90.07243131157658,-90.07243131157658,-98.11259191573518,-90.43073479378266,-33.742796640816955
-91.46908493012626,-91.46908493012626,-98.57772118088197,-90.34541022114651,-33.742796640816955
-93.35494839898736,-93.35494839898736,-104.57452951268972,-91.09864408847145,-33.742796640816955
-91.49847947080765,-91.49847947080765,-102.16228189624496,-91.30001995016403,-33.742796640816955
-92.3733231282566,-92.3733231282566,-98.1963580934465,-90.47415201503432,-33.742796640816955
-92.81020242583566,-92.81020242583566,-96.42478065862869,-90.6534789531429,-33.742796640816955
-91.91391232374276,-91.91391232374276,-93.17870886323026,-90.5700746723956,-33.742796640816955
-95.96275783917416,-95.96275783917416,-93.68410217890964,-89.90048569117603,-33.742796640816955
-93.64745378170574,-93.64745378170574,-86.70757935182289,-88.60600084897446,-33.742796640816955
-94.3793474815716,-94.3793474815716,-85.71513185784859,-88.74813576724164,-33.742796640816955
-92.19942628903851,-92.19942628903851,-83.46369632937613,-88.27507025583567,-33.742796640816955
-93.06616445175484,-93.06616445175484,-85.52500489267736,-87.90215196887135,-33.742796640816955
-94.02703472924624,-94.02703472924624,-80.91670254843811,-88.23539183003376,-33.742796640816955
-93.92486881225994,-93.92486881225994,-80.60263371410178,-87.9985812216837,-33.742796640816955
-93.08243136976971,-93.08243136976971,-83.18187071063107,-88.30588927939483,-33.742796640816955
-93.147066505417,-93.147066505417,-82.06332662353218,-88.35952968895954,-33.742796640816955
-96.1208018865125,-96.1208018865125,-82.79523680514637,-87.92170649567599,-33.742796640816955
-93.34918002002561,-93.34918002002561,-81.82218587857135,-87.76904776917303,-33.742796640816955
-94.02470978181546,-94.02470978181546,-82.811839022227,-88.0633047887218,-33.742796640816955
-95.43372491223455,-95.43372491223455,-82.5829702110448,-87.8808342636362,-33.742796640816955
-93.69744898370818,-93.69744898370818,-81.04697541420971,-87.7228749254552,-33.742796640816955
-91.80596067329765,-91.80596067329765,-81.64383086450745,-88.06588647960481,-33.742796640816955
-90.49088548584534,-90.49088548584534,-81.25122527817503,-88.176189686655,-33.742796640816955
-88.32047800521858,-88.32047800521858,-79.92007119457313,-88.50906949530568,-33.742796640816955
-93.38219182954884,-93.38219182954884,-83.1037497941613,-89.38859217252237,-33.742796640816955
-90.30877096714455,-90.30877096714455,-81.38262770233955,-89.73160445714959,-33.742796640816955
-94.8584663320147,-94.8584663320147,-84.86625143135959,-89.93616758504476,-33.742796640816955
-89.34409072013018,-89.34409072013018,-85.18953750078495,-89.4018322456364,-33.742796640816955
-92.0600629169562,-92.0600629169562,-86.74018905917342,-89.41646512995067,-33.742796640816955
-92.68667351551376,-92.68667351551376,-85.28396429888663,-88.28235904864312,-33.742796640816955
-91.1417703582255,-91.1417703582255,-85.9044295480918,-87.80176072276909,-33.742796640816955
-89.63192864930778,-89.63192864930778,-83.94009013417828,-87.37821857240962,-33.742796640816955
-94.1324044971985,-94.1324044971985,-82.77419073804279,-87.43137785191377,-33.742796640816955
-92.36039840350732,-92.36039840350732,-84.53914222435147,-86.93408365220674,-33.742796640816955
-94.15013120051555,-94.15013120051555,-79.19905285574094,-86.57140028802085,-33.742796640816955
-92.65796433346739,-92.65796433346739,-79.73643567299696,-86.81630787729637,-33.742796640816955
-92.71143012709562,-92.71143012709562,-76.2355326532381,-86.59096180288002,-33.742796640816955
-90.16815529651933,-90.16815529651933,-78.96855958872571,-87.00726017138061,-33.742796640816955
-93.15273770676555,-93.15273770676555,-81.77512082895262,-87.27262498540846,-33.742796640816955
-97.85692953935285,-97.85692953935285,-83.73012671829576,-87.2465771583567,-33.742796640816955
-93.40380053167995,-93.40380053167995,-87.10232595639177,-87.12600383276093,-33.742796640816955
-89.99005138950102,-89.99005138950102,-86.38398936047916,-87.21412728654482,-33.742796640816955
-92.338341074519,-92.338341074519,-88.01308186773056,-87.50594598901522,-33.742796640816955
-93.08236376313704,-93.08236376313704,-88.35871638740828,-87.1165690833359,-33.742796640816955
-91.08479137714158,-91.08479137714158,-87.37494793196659,-86.21119587718927,-33.742796640816955
-90.73696802322422,-90.73696802322422,-91.91528199935816,-86.3044905313711,-33.742796640816955
-90.506103373542,-90.506103373542,-94.84581227161024,-86.38430840491691,-33.742796640816955
-95.59676218590977,-95.59676218590977,-95.6196005770512,-87.05679714480857,-33.742796640816955
-96.81878014731161,-96.81878014731161,-94.46763807180632,-86.50047326679643,-33.742796640816955
-90.1212863574618,-90.1212863574618,-92.59416857382419,-85.98127233197998,-33.742796640816955
-91.57829874960726,-91.57829874960726,-93.40712095401355,-86.18490964041659,-33.742796640816955
-90.33472769285227,-90.33472769285227,-95.62523132754572,-86.6236293158776,-33.742796640816955
-93.4166946639022,-93.4166946639022,-96.25576656590057,-85.8421933996574,-33.742796640816955
-92.0974325649726,-92.0974325649726,-94.09049605112821,-85.50221191431257,-33.742796640816955
-93.23987406168628,-93.23987406168628,-95.58159298958297,-85.68824285641657,-33.742796640816955
-93.31370587905153,-93.31370587905153,-91.14663279709072,-85.2488609590635,-33.742796640816955
-95.81455185488907,-95.81455185488907,-91.83814109147333,-86.11619485056552,-33.742796640816955
-93.81841448958635,-93.81841448958635,-89.2733572842973,-86.17464816588613,-33.742796640816955
-93.71912678734505,-93.71912678734505,-86.38731454693105,-86.43642030581809,-33.742796640816955
