Average Episodic Reward,Average Episodic N-Reward,Avg Reward (last 10),Avg Reward (last 50),Best Reward
-71.62403535922202,-71.62403535922202,-104.14313694206946,-104.14313694206946,-104.14313694206946
-69.5470225281454,-69.5470225281454,-71.22985580787211,-71.22985580787211,-38.316574673674765
-69.8755757453114,-69.8755757453114,-84.09942986679161,-84.09942986679161,-38.316574673674765
-67.38110890807317,-67.38110890807317,-82.34679449446323,-82.34679449446323,-38.316574673674765
-72.80659177667148,-72.80659177667148,-79.16792020671498,-79.16792020671498,-38.316574673674765
-64.91043031752291,-64.91043031752291,-76.11355206843072,-76.11355206843072,-38.316574673674765
-68.55829028570025,-68.55829028570025,-77.58012441280839,-77.58012441280839,-38.316574673674765
-73.9797851657309,-73.9797851657309,-76.726850368518,-76.726850368518,-38.316574673674765
-65.26618704513297,-65.26618704513297,-77.70736494946908,-77.70736494946908,-38.316574673674765
-69.76026795657953,-69.76026795657953,-76.31549901418659,-76.31549901418659,-38.316574673674765
-67.92276517251219,-67.92276517251219,-68.78220145296683,-71.99683195197616,-28.81016132987191
-68.38128665104615,-68.38128665104615,-68.93835542511572,-69.32027215557511,-28.81016132987191
-68.7361090288807,-68.7361090288807,-66.83242598679838,-70.81711918987375,-28.81016132987191
-67.87385715355686,-67.87385715355686,-67.12925832946269,-71.47712580517711,-28.81016132987191
-69.07552941790233,-69.07552941790233,-71.05062869570544,-73.7563925327086,-28.81016132987191
-70.16288089635503,-70.16288089635503,-68.77825243033074,-71.52898979461823,-28.81016132987191
-67.82737891339967,-67.82737891339967,-70.90864569144667,-73.65572516494855,-28.81016132987191
-69.26027994479128,-69.26027994479128,-73.43106223737895,-74.89585696232965,-28.81016132987191
-68.72095086838345,-68.72095086838345,-74.00790873360727,-75.76028273059444,-28.81016132987191
-71.79215738553846,-71.79215738553846,-71.77175258367438,-74.04362579893049,-28.81016132987191
-73.86711732312949,-73.86711732312949,-77.2463663525972,-74.49661023798618,-28.81016132987191
-67.0524679164419,-67.0524679164419,-80.02113139519835,-74.18429908267659,-28.81016132987191
-69.01728745706743,-69.01728745706743,-78.0550078838025,-73.96402731766887,-28.81016132987191
-65.28494289115996,-65.28494289115996,-76.95575649208715,-73.75988859138964,-28.81016132987191
-70.4475337444199,-70.4475337444199,-72.72955111221611,-73.34565596451162,-28.81016132987191
-72.63940432730115,-72.63940432730115,-74.78719481661773,-72.78214557231034,-28.81016132987191
-57.361212896704934,-57.361212896704934,-73.4856582868096,-73.59273743230449,-28.81016132987191
-53.02102042538754,-53.02102042538754,-70.63765206983325,-73.3750695007238,-28.81016132987191
-62.921962975604764,-62.921962975604764,-67.45448468792424,-72.89621444001851,-28.81016132987191
-60.54790099491389,-60.54790099491389,-67.52376996779756,-71.87034052188618,-28.81016132987191
-66.01830410638432,-66.01830410638432,-63.989266109905635,-71.10714439021827,-28.81016132987191
-64.75599778555954,-64.75599778555954,-62.95757317310829,-70.67594723593649,-28.81016132987191
-65.74093846229594,-65.74093846229594,-61.00905993853538,-70.03827962702235,-28.81016132987191
-64.21891565871314,-64.21891565871314,-60.34719256445264,-69.81497799523169,-28.81016132987191
-60.704034126162306,-60.704034126162306,-59.20260834686152,-69.30478521661158,-28.81016132987191
-63.156579795357956,-63.156579795357956,-59.578884146834106,-69.11457295412248,-28.81016132987191
-61.72519248867161,-61.72519248867161,-58.199685266667075,-69.43245306321329,-28.81016132987191
-64.6922038904533,-64.6922038904533,-55.61167803715667,-68.70049279978507,-28.81016132987191
-60.397499630227564,-60.397499630227564,-52.99750205918592,-67.79398049621528,-28.81016132987191
-66.96818148254792,-66.96818148254792,-55.418622755689796,-67.75741108033708,-28.81016132987191
-61.322852051461126,-61.322852051461126,-55.992573649428266,-67.42066372173291,-28.81016132987191
-65.4949362871015,-65.4949362871015,-55.62339650666943,-67.09200658611101,-28.81016132987191
-63.03548615627515,-63.03548615627515,-57.21332823907009,-67.05573279261485,-28.81016132987191
-63.793656596336405,-63.793656596336405,-55.33291941102664,-66.52360104427599,-28.81016132987191
-60.740645853985825,-60.740645853985825,-58.51686879729566,-66.9074704567636,-28.81016132987191
-62.35172059640926,-62.35172059640926,-62.43015487806639,-67.66143858976247,-28.81016132987191
-65.45421681544367,-65.45421681544367,-60.240236047454104,-67.47666220879644,-28.81016132987191
-59.04904471517987,-59.04904471517987,-61.83607468189562,-67.27040569189144,-28.81016132987191
-61.09205172288837,-61.09205172288837,-63.54519777953732,-66.92688198260754,-28.81016132987191
-64.18671136331787,-64.18671136331787,-61.451413155879415,-66.49621149544555,-28.81016132987191
-62.6847425952942,-62.6847425952942,-62.88898589827162,-65.77987869263391,-28.81016132987191
-57.587107552158514,-57.587107552158514,-63.27760581438937,-66.16361246289624,-28.81016132987191
-60.22184996031574,-60.22184996031574,-58.77280048527715,-64.37652450669671,-20.484180174654128
-62.705160339047055,-62.705160339047055,-58.2013252597471,-63.59329041135525,-20.484180174654128
-62.56427711946695,-62.56427711946695,-52.768419448460044,-62.85361528010775,-20.484180174654128
-60.3734413215456,-60.3734413215456,-51.73401854534639,-63.46170096343907,-20.484180174654128
-63.83311143009539,-63.83311143009539,-53.022078391218336,-63.17126073671916,-20.484180174654128
-56.99645510061931,-56.99645510061931,-52.23100433136945,-62.74949427152679,-20.484180174654128
-58.92259839057519,-58.92259839057519,-55.41531420446654,-62.68408149294426,-20.484180174654128
-64.61819436394056,-64.61819436394056,-61.00897763421011,-63.43490721945026,-20.484180174654128
-59.820413464545055,-59.820413464545055,-59.021643228879306,-63.82776704781641,-20.484180174654128
-60.28710102118057,-60.28710102118057,-60.302148243385055,-64.4363710265501,-20.484180174654128
-57.75359623900785,-57.75359623900785,-66.20860153365861,-64.25175961606874,-20.484180174654128
-58.23337625425008,-58.23337625425008,-67.73272144029258,-63.71398303352122,-20.484180174654128
-57.882317339310504,-57.882317339310504,-71.14727524905335,-62.87294459077734,-20.484180174654128
-58.539255933007034,-58.539255933007034,-69.76030891496654,-63.65811226036622,-20.484180174654128
-56.63635546781967,-56.63635546781967,-68.16922062338699,-62.623375723107216,-20.484180174654128
-56.68766870563582,-56.68766870563582,-69.20132554138546,-61.90354693232809,-20.484180174654128
-60.85415185503354,-60.85415185503354,-69.16834090994509,-61.716167928211824,-20.484180174654128
-60.531926674645256,-60.531926674645256,-63.846319730993095,-61.84982064891399,-20.484180174654128
-60.15947097002146,-60.15947097002146,-62.76096710319174,-60.93068719793532,-20.484180174654128
-55.88147821459806,-55.88147821459806,-61.56786158395089,-60.74571706430061,-20.484180174654128
-56.123660368997044,-56.123660368997044,-61.28200475438963,-60.89715899018617,-20.484180174654128
-60.73569072579781,-60.73569072579781,-60.52162099694484,-60.427155934492745,-20.484180174654128
-60.170164201109664,-60.170164201109664,-58.80495783543736,-60.088025935421584,-20.484180174654128
-59.48905143709043,-59.48905143709043,-57.4109087802888,-60.18285505310045,-20.484180174654128
-59.0265495913754,-59.0265495913754,-56.963751481057656,-59.31899436195684,-20.484180174654128
-59.26971031102142,-59.26971031102142,-57.07702432059757,-59.19142138248095,-20.484180174654128
-59.938182893751026,-59.938182893751026,-56.03773640632678,-59.43281827189233,-20.484180174654128
-57.92330951759238,-57.92330951759238,-54.68888549482606,-59.28284375431969,-20.484180174654128
-59.73603158324727,-59.73603158324727,-57.224680928010045,-59.57777016155619,-20.484180174654128
-60.7010093730393,-60.7010093730393,-56.669349296692495,-59.48807228901745,-20.484180174654128
-60.66722101224911,-60.66722101224911,-52.75168842916129,-59.24568468831136,-20.484180174654128
-60.769587391632776,-60.769587391632776,-54.98473689698627,-59.35466480099948,-20.484180174654128
-58.2192440837651,-58.2192440837651,-54.04755844905441,-59.05701595586017,-20.484180174654128
-57.255518722932976,-57.255518722932976,-52.323610494837375,-58.73180032270109,-20.484180174654128
-56.244790470644794,-56.244790470644794,-53.103912383674164,-58.299839785358245,-20.484180174654128
-59.04133139229425,-59.04133139229425,-50.430836536212475,-58.15525308229211,-20.484180174654128
-57.41145839970919,-57.41145839970919,-46.44368900917139,-58.12205566188942,-20.484180174654128
-57.1122621506213,-57.1122621506213,-49.02198437482129,-58.003516078145985,-20.484180174654128
-60.165974642930095,-60.165974642930095,-48.204656200605704,-58.02018667179168,-20.484180174654128
-59.24626776433272,-59.24626776433272,-50.05814144062381,-58.37502127580832,-20.484180174654128
-60.76740172227209,-60.76740172227209,-52.36120823281264,-58.27526068705986,-20.484180174654128
-59.95368904555233,-59.95368904555233,-51.84540844778157,-58.657162608350475,-20.484180174654128
-55.39168690190669,-55.39168690190669,-54.11706709729756,-58.177055615860546,-20.484180174654128
-60.203402295189086,-60.203402295189086,-54.310596184102295,-57.10788858390827,-20.484180174654128
-54.82002504274824,-54.82002504274824,-52.615529595211726,-56.77489849490976,-20.484180174654128
-57.77235860015285,-57.77235860015285,-54.0334153258497,-56.59472121108293,-20.484180174654128
-56.275707908480435,-56.275707908480435,-54.191803495441754,-56.251376805070315,-20.484180174654128
-58.99188847645664,-58.99188847645664,-53.10952340704755,-56.33513812837962,-20.484180174654128
-58.5092998734691,-58.5092998734691,-53.74635657982442,-56.19166080810224,-20.484180174654128
-58.26779870779953,-58.26779870779953,-50.709346720583866,-55.86136945704723,-20.484180174654128
-59.57383207149882,-59.57383207149882,-50.111555883546686,-56.54301176671378,-20.484180174654128
-54.96946450726066,-54.96946450726066,-48.406722133223354,-56.69824198304572,-20.484180174654128
-57.86924121139416,-57.86924121139416,-50.405174817400436,-57.70440668964862,-20.484180174654128
-59.01674043041504,-59.01674043041504,-50.35853130198736,-56.83279113523648,-20.484180174654128
-59.02437079271229,-59.02437079271229,-53.86461618559033,-56.943406053784166,-20.484180174654128
-56.009059049382834,-56.009059049382834,-56.69424815027098,-57.487369974863235,-20.484180174654128
-58.01452391486244,-58.01452391486244,-59.85075896343784,-57.13846575686456,-20.484180174654128
-53.553387374476145,-53.553387374476145,-61.28764942555618,-56.39087248664883,-20.484180174654128
-55.27690270160184,-55.27690270160184,-57.764293410123834,-55.940190844351136,-20.484180174654128
-54.769825631834536,-54.769825631834536,-61.54773148787821,-56.11048610594585,-20.484180174654128
-55.55891008363698,-55.55891008363698,-60.19544737970701,-55.34038093592345,-20.484180174654128
-56.296645421821886,-56.296645421821886,-61.088033035688944,-55.36930430212498,-20.484180174654128
-53.75022096738721,-53.75022096738721,-57.545023451995846,-54.98395633023711,-20.484180174654128
-59.90539171124939,-59.90539171124939,-58.917402044028826,-54.66420976104892,-20.484180174654128
-56.45881428936443,-56.45881428936443,-56.024907597983045,-54.51454344870338,-20.484180174654128
-54.50617624389761,-54.50617624389761,-52.93407355998445,-54.233919578583034,-20.484180174654128
-55.44353803813865,-55.44353803813865,-49.97933063397418,-53.300663701670395,-20.484180174654128
-52.27733973963892,-52.27733973963892,-46.694393175398915,-52.960487175530005,-20.484180174654128
-54.781780766539995,-54.781780766539995,-50.67249748651517,-53.522496921015836,-20.484180174654128
-54.42211148294745,-54.42211148294745,-50.20514137605746,-53.83794206436717,-20.484180174654128
-54.548735061989426,-54.548735061989426,-52.41272138978145,-53.56652426300183,-20.484180174654128
-53.52733674784882,-53.52733674784882,-53.22376309874852,-53.90973272248572,-20.484180174654128
-52.93887615021661,-52.93887615021661,-53.140948859089576,-53.85115453496756,-20.484180174654128
-52.873175182043745,-52.873175182043745,-50.55385738855274,-53.29279948270171,-20.484180174654128
-52.20729614010102,-52.20729614010102,-47.65891877766427,-52.65357690802472,-19.513962501121483
-51.5993332458151,-51.5993332458151,-50.07904382964587,-52.834323480392705,-19.513962501121483
-51.85351636598512,-51.85351636598512,-54.30392647445748,-52.95390171529653,-19.513962501121483
-52.558201494775176,-52.558201494775176,-56.930446434655586,-53.4087993634959,-19.513962501121483
-55.50151408697298,-55.50151408697298,-55.708614808240576,-53.21928369706194,-19.513962501121483
-55.48555857849233,-55.48555857849233,-52.132632307509915,-52.93059866653065,-19.513962501121483
-55.55821320181355,-55.55821320181355,-50.005174183722104,-53.01722141391397,-19.513962501121483
-54.15098915521432,-54.15098915521432,-47.01170085633407,-52.31512551435529,-19.513962501121483
-53.00605523121948,-53.00605523121948,-47.330662296587164,-52.50777530447411,-19.513962501121483
-51.82348958700882,-51.82348958700882,-47.80023145044523,-52.38812367382329,-19.513962501121483
-55.06264557575947,-55.06264557575947,-54.150380629777,-52.86287055724528,-19.513962501121483
-53.054128207266594,-53.054128207266594,-51.82909180439579,-53.11397453402937,-19.513962501121483
-51.648768504216015,-51.648768504216015,-49.98574047855073,-53.6623120091724,-19.513962501121483
-52.80340164929732,-52.80340164929732,-50.94231754408166,-53.792865997347974,-19.513962501121483
-51.87139031034607,-51.87139031034607,-52.39210078535625,-54.056772614012054,-19.513962501121483
-52.95620138970152,-52.95620138970152,-56.100743453008974,-54.13911906900769,-19.513962501121483
-51.08555427008195,-51.08555427008195,-54.60469566208834,-53.46591889976912,-19.513962501121483
-52.08021089387323,-52.08021089387323,-55.40675811583137,-53.02739544796525,-19.513962501121483
-49.7145839519418,-49.7145839519418,-57.57059991358871,-53.19848186773234,-19.513962501121483
-53.69957444469411,-53.69957444469411,-58.50381055285559,-53.22676654757396,-19.513962501121483
-51.94480954921584,-51.94480954921584,-55.601295124866134,-53.46002366317615,-19.513962501121483
-48.646752703181235,-48.646752703181235,-57.270984488965894,-53.76148836665259,-19.513962501121483
-53.46526569444152,-53.46526569444152,-55.07242673274838,-53.83843665663373,-19.513962501121483
-50.63129817473535,-50.63129817473535,-50.84875345897875,-53.34071200773421,-19.513962501121483
-51.815643075046474,-51.815643075046474,-46.728633760485124,-52.653228050144186,-19.513962501121483
-52.77737089784007,-52.77737089784007,-42.45366925991731,-52.48798357687438,-19.513962501121483
-52.09992473038889,-52.09992473038889,-44.15740894319528,-52.275089511698845,-19.513962501121483
-52.16131226343366,-52.16131226343366,-43.65666191530956,-52.07738340438249,-19.513962501121483
-49.06478243840223,-49.06478243840223,-41.86217808720913,-51.48988252169409,-19.513962501121483
-52.81796759935264,-52.81796759935264,-39.560711299894855,-51.067202547155446,-19.513962501121483
-51.61204428581817,-51.61204428581817,-38.82061238131692,-50.451222902321476,-19.513962501121483
-50.095257090317354,-50.095257090317354,-37.98444016478998,-50.01952676955641,-19.513962501121483
-51.78183836374208,-51.78183836374208,-40.38654683534535,-49.94559423101523,-19.513962501121483
-48.12129409703252,-48.12129409703252,-43.589568312159116,-49.801095785054805,-19.513962501121483
-49.656230177561426,-49.656230177561426,-44.51925470474335,-50.00422030906809,-19.513962501121483
-49.10373271074581,-49.10373271074581,-45.89126131755988,-49.356689542810706,-19.513962501121483
-49.8734310190053,-49.8734310190053,-46.14753809777069,-49.465507655311576,-19.513962501121483
-51.43249044260457,-51.43249044260457,-49.24327455728817,-49.708431708702335,-19.513962501121483
-48.764744800768,-48.764744800768,-50.39274812341363,-50.05942745597763,-19.513962501121483
-52.129344405782895,-52.129344405782895,-54.70203365437019,-50.224128869223726,-19.513962501121483
-48.73064155779045,-48.73064155779045,-56.00871448422107,-50.447984279569084,-19.513962501121483
-47.450589361853424,-47.450589361853424,-53.202837051658626,-50.07327946789123,-19.513962501121483
-50.57861908654156,-50.57861908654156,-53.9878257931944,-50.74729326285927,-19.513962501121483
-48.90785031448563,-48.90785031448563,-53.855370915672964,-51.23329133310962,-19.513962501121483
-47.85504111694182,-47.85504111694182,-55.53121393003922,-50.975963597772896,-19.513962501121483
-49.37131000636554,-49.37131000636554,-58.71788731401627,-51.05923873040247,-19.513962501121483
-45.12385321334579,-45.12385321334579,-59.76857490511763,-50.93667835837881,-19.513962501121483
-48.31690242071532,-48.31690242071532,-57.58817393921754,-50.58131387679613,-19.513962501121483
-48.3099319171352,-48.3099319171352,-58.3637348068212,-51.10398464552396,-19.513962501121483
-46.714514852847714,-46.714514852847714,-53.788059481725284,-50.870969287858216,-19.513962501121483
-45.349932529398146,-45.349932529398146,-57.298854364402004,-52.37597139691663,-19.513962501121483
-47.70698680901836,-47.70698680901836,-58.239283855179984,-51.70532747299804,-19.513962501121483
-46.54107111447359,-46.54107111447359,-56.61410540949962,-51.209329049867705,-19.513962501121483
-46.23315326594064,-46.23315326594064,-56.36989293637398,-51.121180633453285,-19.513962501121483
-50.13841163098996,-50.13841163098996,-56.672179591232656,-51.16867655437132,-19.513962501121483
-46.71975510359673,-46.71975510359673,-52.11018217813935,-51.05474870452835,-19.513962501121483
-46.53500284850612,-46.53500284850612,-51.45279558320324,-51.22620263827503,-19.513962501121483
-47.957690207404355,-47.957690207404355,-52.17646356689444,-51.614266418908215,-19.513962501121483
-46.551304346007186,-46.551304346007186,-48.82806808516821,-51.40346580324018,-19.513962501121483
-46.017538728931726,-46.017538728931726,-52.92817757077396,-51.89655851192398,-19.513962501121483
-46.116391655030405,-46.116391655030405,-46.23394211047778,-50.79268369305678,-19.513962501121483
-46.57089532544047,-46.57089532544047,-49.48517472996117,-51.23654405811114,-19.513962501121483
-46.55880164651242,-46.55880164651242,-49.05677954284193,-51.02353686272594,-19.513962501121483
-46.866591179556956,-46.866591179556956,-47.41236903966742,-50.41519093257045,-19.513962501121483
-47.062206362548714,-47.062206362548714,-46.98413603234927,-50.08708360376991,-19.513962501121483
-42.870908039890566,-42.870908039890566,-47.14894418304204,-49.26438885053497,-19.513962501121483
-43.68481135197469,-43.68481135197469,-44.02087238848897,-49.10943798355516,-19.136652217435067
-43.33129575047296,-43.33129575047296,-44.083092036906045,-49.34953320312316,-19.136652217435067
-42.25955308758541,-42.25955308758541,-44.46279756550108,-48.78190533362265,-19.136652217435067
-44.38265560455629,-44.38265560455629,-43.792995811605266,-48.95439556367391,-19.136652217435067
-41.19126488330425,-41.19126488330425,-44.09017297130623,-48.4904592623448,-19.136652217435067
-42.11469343496714,-42.11469343496714,-40.40721791721963,-47.86379074376188,-19.136652217435067
-44.916165563879204,-44.916165563879204,-43.51237200697325,-48.71152591757091,-19.136652217435067
-42.10468180867731,-42.10468180867731,-44.225846577718166,-49.090609556318334,-19.136652217435067
-42.24009240456208,-42.24009240456208,-45.973358978411135,-49.93602864735512,-19.136652217435067
-43.43684278489968,-43.43684278489968,-47.575688526789435,-50.288792703909394,-19.136652217435067
-40.71607206666887,-40.71607206666887,-50.33763137997927,-50.34548247091195,-19.136652217435067
-38.953295314134046,-38.953295314134046,-47.06001851806223,-50.03020452367368,-19.136652217435067
-39.786914137200085,-39.786914137200085,-46.918921318740686,-49.793253979928956,-19.136652217435067
-40.43102478202855,-40.43102478202855,-46.98071030902132,-50.43839536549921,-19.136652217435067
-40.11651381765692,-40.11651381765692,-48.17286423952963,-50.36090963398735,-19.136652217435067
-39.39354677477223,-39.39354677477223,-48.963042766579065,-50.05951126411969,-19.136652217435067
-40.131532491960236,-40.131532491960236,-44.32895728593054,-49.500008007687946,-19.136652217435067
-37.43598223562325,-37.43598223562325,-43.84348811354289,-49.14139351659508,-19.136652217435067
-38.27306447773007,-38.27306447773007,-41.577886238514694,-49.3477549541094,-19.136652217435067
-38.27021721725053,-38.27021721725053,-42.89096953114895,-49.68873434662721,-19.136652217435067
-41.633280781966405,-41.633280781966405,-39.065788633621146,-48.92913257808205,-8.50427177405542
-40.57838713387943,-40.57838713387943,-41.198518118530714,-48.4212532359222,-8.50427177405542
-40.37887822268827,-40.37887822268827,-40.73404022541721,-47.86151240032969,-8.50427177405542
-37.913806705931236,-37.913806705931236,-38.39587784221932,-47.177164203069026,-8.50427177405542
-36.92117583747873,-36.92117583747873,-37.57089228107468,-46.67334519335807,-8.50427177405542
-38.01317676920066,-38.01317676920066,-37.10176928808564,-46.839297711405095,-8.50427177405542
-36.64567238454571,-36.64567238454571,-39.15478175557153,-46.533399200163366,-8.50427177405542
-37.624097657936844,-37.624097657936844,-41.95189480499948,-46.76069829446038,-8.50427177405542
-35.23133439903328,-35.23133439903328,-40.1431005161473,-46.270132271331015,-8.50427177405542
-36.9382503496115,-36.9382503496115,-35.25167307417851,-44.995491498659646,-8.50427177405542
-34.516116112237626,-34.516116112237626,-38.48521409059165,-44.67246041517685,-8.50427177405542
-35.095425148490634,-35.095425148490634,-39.367531406536884,-44.77712472938607,-8.50427177405542
-35.37674134302523,-35.37674134302523,-40.691325052163485,-44.327030449398144,-8.50427177405542
-36.2688123480239,-36.2688123480239,-39.62431027882978,-44.344414362489935,-8.50427177405542
-36.351254099194115,-36.351254099194115,-38.41377328522201,-42.89632897752206,-8.50427177405542
-33.7236048106742,-33.7236048106742,-41.05576586774055,-43.40259411391721,-8.50427177405542
-33.70034655923325,-33.70034655923325,-40.8262380666817,-43.37582573159979,-8.50427177405542
-36.69189802327923,-36.69189802327923,-41.06263088109886,-43.69924588340537,-8.50427177405542
-37.2071678096325,-37.2071678096325,-43.46090336176301,-43.62787702543707,-8.50427177405542
-33.87118631272936,-33.87118631272936,-44.97659394621359,-43.56877385227451,-8.50427177405542
-33.53517505347062,-33.53517505347062,-43.87730417939286,-43.15736213441477,-8.50427177405542
-35.726744790792864,-35.726744790792864,-43.49666326639379,-43.041164669285926,-8.50427177405542
-34.95454085401797,-34.95454085401797,-42.3292542942468,-43.02726769121386,-8.50427177405542
-35.79201986408219,-35.79201986408219,-41.86462763547349,-42.13170437542985,-8.50427177405542
-34.07639654246815,-34.07639654246815,-41.52640622658625,-41.95482180074376,-8.50427177405542
-33.42430175621066,-33.42430175621066,-36.32894232036277,-40.771347631997536,-8.50427177405542
-33.516084724673235,-33.516084724673235,-33.14223205229272,-40.19291623348995,-8.50427177405542
-32.804972026956655,-32.804972026956655,-28.894821451257496,-39.99573636572338,-8.50427177405542
-37.31781878842697,-37.31781878842697,-28.052033195204768,-39.84145645800818,-8.50427177405542
-33.57921868768783,-33.57921868768783,-29.071248337165894,-39.95323468309928,-8.50427177405542
-31.79988955368891,-31.79988955368891,-29.916346103727186,-40.336456877462425,-8.50427177405542
-30.90900216861282,-30.90900216861282,-28.338218734765555,-39.89219000885783,-8.50427177405542
-31.646209732548826,-31.646209732548826,-28.190491452935994,-39.77280646870083,-8.50427177405542
-33.71085127440917,-33.71085127440917,-29.605827718652517,-39.29427075683929,-8.50427177405542
-33.08401025739898,-33.08401025739898,-29.822874653217887,-39.101362137126095,-8.50427177405542
-35.03600627203221,-35.03600627203221,-32.93069324864372,-39.27604269828235,-8.50427177405542
-32.45403147169076,-32.45403147169076,-34.734960322363484,-38.437433896567995,-8.50427177405542
-30.027431744486844,-30.027431744486844,-35.84715649336367,-38.31999834885249,-8.50427177405542
-30.98580375979907,-30.98580375979907,-36.30358277989506,-37.907501218304965,-8.50427177405542
-31.346576177122785,-31.346576177122785,-36.0058138802122,-37.63925975378383,-8.50427177405542
-29.217333650999652,-29.217333650999652,-34.63459805321475,-37.19585021210952,-8.50427177405542
-30.351253881446183,-30.351253881446183,-36.07265694252044,-37.694717693749475,-8.50427177405542
-32.7165610813633,-32.7165610813633,-35.610779117558266,-37.51117802846435,-8.50427177405542
-31.685059908782716,-31.685059908782716,-33.76458535976265,-36.65104576698756,-8.50427177405542
-29.945957615245362,-29.945957615245362,-35.2871945574096,-36.52422820070208,-8.50427177405542
-29.47659108056051,-29.47659108056051,-32.969753165937306,-36.077384778154,-8.50427177405542
-30.34584637273109,-30.34584637273109,-31.348440124535955,-35.84133046428908,-8.50427177405542
-28.86615922546671,-28.86615922546671,-29.98380033017682,-35.548060792179264,-8.50427177405542
-26.87562415777983,-26.87562415777983,-29.289953971122333,-35.449914764826495,-8.50427177405542
-26.9657795266893,-26.9657795266893,-26.127572122129163,-34.28658027197987,-5.3287830822741
-28.845129127608594,-28.845129127608594,-25.626216457640034,-34.5079357769133,-5.3287830822741
-28.497283128840667,-28.497283128840667,-23.190941902735236,-34.09320245059038,-5.3287830822741
-26.373772418431646,-26.373772418431646,-23.058024825385807,-33.97597494845807,-5.3287830822741
-29.017035410475042,-29.017035410475042,-22.303472301206337,-33.43256465878495,-5.3287830822741
-29.474362567112973,-29.474362567112973,-23.54478197648341,-33.71900613978383,-5.3287830822741
-29.360402504250192,-29.360402504250192,-24.454279743995432,-33.547886869335954,-5.3287830822741
-25.846629798771332,-25.846629798771332,-25.065213901428198,-33.02341689346041,-5.3287830822741
-25.468585540228336,-25.468585540228336,-24.756333170692578,-32.10894846531789,-5.3287830822741
-29.27587935253564,-29.27587935253564,-22.48048697291252,-31.917392056179533,-5.3287830822741
-25.43669457073518,-25.43669457073518,-26.131335353390476,-32.46251272782226,-5.3287830822741
-29.14681122625765,-29.14681122625765,-29.201881995601052,-32.65126935791517,-5.3287830822741
-27.14228443252068,-27.14228443252068,-30.567729476562544,-32.33324206459551,-5.3287830822741
-24.85178672546185,-24.85178672546185,-28.285738127400634,-31.494857563505494,-5.22826297246625
-26.67755336604679,-26.67755336604679,-33.052254648535445,-32.11815353272609,-5.22826297246625
-26.405325558632722,-26.405325558632722,-30.288548762186075,-32.09396123517665,-5.22826297246625
-29.61391757124126,-29.61391757124126,-29.975781328557947,-31.33188996149943,-5.22826297246625
-26.983943816745338,-26.983943816745338,-27.85264197897221,-30.428697675918514,-5.22826297246625
-27.388263734296494,-27.388263734296494,-30.89701931956364,-30.075826153010844,-5.22826297246625
-28.99204503587747,-28.99204503587747,-31.15299160440291,-29.455809704707526,-5.22826297246625
-26.573502414260684,-26.573502414260684,-29.45589854250097,-29.358373647079745,-5.22826297246625
-27.387441523147633,-27.387441523147633,-25.900831918497563,-29.055974905736115,-5.22826297246625
-24.61042398953303,-24.61042398953303,-24.896779884389296,-28.613265388194613,-5.22826297246625
-22.643644468259605,-22.643644468259605,-26.958270892122517,-28.42066088308064,-5.22826297246625
-24.733283171414197,-24.733283171414197,-22.486239031056673,-28.242475811842723,-5.22826297246625
-24.494935907000148,-24.494935907000148,-25.175176308705858,-28.82371525160057,-5.22826297246625
-23.191597430682222,-23.191597430682222,-24.948344635225663,-29.055770424472012,-5.22826297246625
-24.512952611718973,-24.512952611718973,-26.76395093449358,-29.153041452358686,-5.22826297246625
-22.939491687182002,-22.939491687182002,-22.834446985029356,-28.863751259765213,-5.22826297246625
-24.2093368602252,-24.2093368602252,-22.0261023714163,-28.250623539949824,-5.22826297246625
-22.98032465864911,-22.98032465864911,-22.160531951313306,-27.97623036990922,-5.22826297246625
-23.676505172710545,-23.676505172710545,-22.979442220998965,-27.668594129190474,-5.22826297246625
-23.699671511364155,-23.699671511364155,-20.55463475092362,-27.056548591426232,0.0
-23.123066257096212,-23.123066257096212,-19.63066975927029,-26.708696544347504,0.0
-21.797889238890445,-21.797889238890445,-18.854709858072944,-26.092252239726815,0.0
-22.647319466540093,-22.647319466540093,-18.260214328002753,-26.51118318655754,0.0
-23.91770738628999,-23.91770738628999,-18.390313727913373,-26.147694520325942,0.0
-21.353615822397746,-21.353615822397746,-18.000614498527238,-25.806172287591433,0.0
-21.80295854644349,-21.80295854644349,-18.992949053192255,-25.49290977173093,0.0
-24.296135891355615,-24.296135891355615,-18.010696559080024,-24.59204629578682,0.0
-20.572818716224255,-20.572818716224255,-18.05686360870337,-24.386440315607455,0.0
-21.638718848492996,-21.638718848492996,-17.76466304415331,-24.294607127378185,0.0
-23.949500628800642,-23.949500628800642,-18.900116645776077,-23.622040532077357,0.0
-21.789870983876675,-21.789870983876675,-18.56024130465071,-23.29858898176599,0.0
-18.63124348596504,-18.63124348596504,-20.906474509577386,-23.520630069689755,0.0
-21.572946026033154,-21.572946026033154,-17.203370958426074,-22.894418466760836,0.0
-21.869466801180756,-21.869466801180756,-15.773043958225681,-22.708352678783626,0.0
-22.16573446573494,-22.16573446573494,-17.553323562529112,-23.047148975190076,0.0
-20.812676573923994,-20.812676573923994,-15.565202317782333,-22.609190169252035,0.0
-20.44238275077306,-20.44238275077306,-16.497103218073526,-22.03347614517705,0.0
-22.809007854464827,-22.809007854464827,-17.8684653842895,-22.734618968039523,0.0
-20.937699723064092,-20.937699723064092,-18.35388653033578,-22.840141141917332,0.0
-21.530323816818,-21.530323816818,-21.008537681736758,-23.185559687877664,0.0
-21.01821618527915,-21.01821618527915,-22.33263914750989,-23.153511846190803,0.0
-19.877269103746475,-19.877269103746475,-22.129034021201488,-23.485742413688786,0.0
-17.94864424021797,-17.94864424021797,-22.029514874277467,-22.59136504631965,0.0
-19.031387546804282,-19.031387546804282,-21.884842306078315,-22.194465191200198,0.0
-19.209047691166656,-19.209047691166656,-20.325007895539056,-22.099107774012236,0.0
-19.17114339894725,-19.17114339894725,-20.73828300338927,-21.805580135791374,0.0
-21.757325705059166,-21.757325705059166,-20.970021421950026,-21.73138303498456,0.0
-18.38960588966453,-18.38960588966453,-18.625278900237824,-21.233407677408994,0.0
-19.670826789125293,-19.670826789125293,-16.14046332877612,-20.227857408552346,0.0
-18.804487486268247,-18.804487486268247,-15.67854450832478,-20.207722694230103,0.0
-17.62407254496165,-17.62407254496165,-16.001443269189316,-20.696652874548544,0.0
-19.222547017070152,-19.222547017070152,-14.560776244927904,-19.78744673296728,0.0
-19.07416376836402,-19.07416376836402,-15.74345181859942,-19.68234565760231,0.0
-19.65660701223355,-19.65660701223355,-16.610972497617286,-19.52150342501206,0.0
-17.860999739578677,-17.860999739578677,-15.95521377776528,-19.71962213377085,0.0
-19.262484621493286,-19.262484621493286,-16.497208989204367,-18.925618069719516,0.0
-18.876264108320665,-18.876264108320665,-15.880880215991402,-18.676960757302258,0.0
-16.388245741593142,-16.388245741593142,-14.833614381614748,-18.30895084523175,0.0
-18.353038354524713,-18.353038354524713,-16.395996265690442,-18.326890277990923,0.0
-17.84756203677813,-17.84756203677813,-13.692352339253791,-17.966837185203005,0.0
-19.437555407373,-19.437555407373,-11.197953999171919,-17.544589495958427,0.0
-18.175132074841155,-18.175132074841155,-11.174924431605053,-17.525183813076957,0.0
-19.979052917776297,-19.979052917776297,-10.801234087452816,-16.807557213351707,0.0
-18.5058354615041,-18.5058354615041,-11.357708932055646,-16.80337628437806,0.0
-16.737572604330342,-16.737572604330342,-13.002546893867441,-16.967341325645627,0.0
-19.053746084361098,-19.053746084361098,-13.157211587023676,-16.990170990118383,0.0
-16.749722887036533,-16.749722887036533,-13.453395595105608,-16.96241940204012,0.0
-16.50740066069652,-16.50740066069652,-13.089425246644254,-16.49472950429794,0.0
-18.230758107273083,-18.230758107273083,-11.940205366426465,-16.119042907076427,0.0
-17.331869551465573,-17.331869551465573,-11.929204484299444,-16.24175113187817,0.0
-17.266809891786426,-17.266809891786426,-13.855987262308554,-16.389652996566078,0.0
-14.548172831384544,-14.548172831384544,-16.32949410736446,-17.020140662935262,0.0
-15.937098851668182,-15.937098851668182,-15.113671445523945,-16.17824863685594,0.0
-16.386732050697045,-16.386732050697045,-15.271703407029054,-16.179654220201197,0.0
-17.677188025794948,-17.677188025794948,-12.62507035322675,-15.892232496585528,0.0
-15.617080428386801,-15.617080428386801,-15.55448976752496,-16.30247913298492,0.0
-15.604893881649053,-15.604893881649053,-15.183641833182346,-16.39700845686058,0.0
-17.260232298251644,-17.260232298251644,-15.61895140115646,-16.007147062788558,0.0
-16.525484144314195,-16.525484144314195,-17.804838658544732,-16.12707802995471,0.0
-17.09337569779292,-17.09337569779292,-17.191297534535998,-15.899987309630154,0.0
-17.99112504200291,-17.99112504200291,-16.02817498600549,-15.883239732837035,0.0
-15.014637691892828,-15.014637691892828,-13.218858833187998,-15.48261752765738,0.0
-16.88673119798508,-16.88673119798508,-13.218858833187998,-15.38134621180833,0.0
-14.162011045511438,-14.162011045511438,-13.912072405924215,-15.807459909740903,0.0
-16.171722710904238,-16.171722710904238,-13.976419023565759,-15.176851588792859,0.0
-16.683067762436764,-16.683067762436764,-11.420621121072585,-15.473562893642972,0.0
-15.054919255090988,-15.054919255090988,-10.982046939139543,-15.293997201073784,0.0
-16.874866820097306,-16.874866820097306,-10.264123653175885,-14.486278716565835,0.0
-14.68369821647101,-14.68369821647101,-8.343489800982265,-14.124998684084005,0.0
-13.79553921975682,-13.79553921975682,-8.826537169964075,-13.463587207275616,0.0
-15.78789145315003,-15.78789145315003,-8.887057947902392,-13.194123492915532,0.0
-14.66379769856149,-14.66379769856149,-9.325368254542692,-12.921884374325623,0.0
-12.905533912129448,-12.905533912129448,-12.208877360771073,-13.417218709107049,0.0
-12.911696342858997,-12.911696342858997,-11.153043430761945,-13.661100134677628,0.0
-15.61375753168047,-15.61375753168047,-12.703248813313209,-13.652499772347687,0.0
-14.941364387366864,-14.941364387366864,-13.752363592281403,-14.076379011421398,0.0
-14.821032069613588,-14.821032069613588,-17.07931190422828,-14.515855297529434,0.0
-12.59064435181421,-12.59064435181421,-17.16266032005837,-14.193755000529945,0.0
-15.65251344916927,-15.65251344916927,-18.749369144062314,-14.646779847141245,0.0
-14.147879490068824,-14.147879490068824,-18.713678471101737,-14.070613999831009,0.0
-15.125823949533645,-15.125823949533645,-19.69920018061125,-13.933674875199921,0.0
-13.318885786160907,-13.318885786160907,-21.442314344754873,-14.298191994291015,0.0
-15.400140675519198,-15.400140675519198,-21.307840688339766,-14.530096483055122,0.0
-13.928743724347278,-13.928743724347278,-20.205246024822568,-14.379954840118687,0.0
-14.88309519866439,-14.88309519866439,-21.108691455987717,-14.683195307992174,0.0
-14.244097972458155,-14.244097972458155,-18.931185580028448,-14.563174329586213,0.0
-14.81288559709298,-14.81288559709298,-15.232029117098765,-14.38608507775091,0.0
-14.328087666945821,-14.328087666945821,-15.955156469848756,-14.418063418176748,0.0
-15.3252910716511,-15.3252910716511,-14.742580177334279,-14.316096629470012,0.0
-15.26397928475406,-15.26397928475406,-15.139427643306533,-14.360029060641555,0.0
-14.30760994448105,-14.30760994448105,-14.825923458217531,-14.659268767009044,0.0
-13.51308919232141,-13.51308919232141,-14.01677131610793,-14.86656137119159,0.0
-13.428852153851432,-13.428852153851432,-13.986948732300686,-15.167239412024696,0.0
-14.521440317180657,-14.521440317180657,-15.545420807550252,-15.217497215217609,0.0
-15.074119485561587,-15.074119485561587,-12.414717483929232,-14.565629426004532,0.0
-14.182291454509715,-14.182291454509715,-12.94997529184555,-14.521727070550588,0.0
-11.772581070802515,-11.772581070802515,-14.814199279411307,-14.658245814612046,0.0
-13.055980637938776,-13.055980637938776,-14.007723510831216,-14.601723071014137,0.0
-12.157269630337167,-12.157269630337167,-14.60487669859613,-14.849030895903944,0.0
-13.781645338522514,-13.781645338522514,-14.640294101078222,-14.902246983997314,0.0
-13.041166632552244,-13.041166632552244,-13.480277797237648,-14.584126873994862,0.0
-11.291544816456572,-11.291544816456572,-12.990949011237841,-14.19885235196627,0.0
-13.571264778702993,-13.571264778702993,-11.060403377460684,-14.356585798412045,0.0
-13.99624851137193,-13.99624851137193,-11.71987394746767,-14.507131323305332,0.0
-13.076485350237498,-13.076485350237498,-13.094742678644007,-14.659563891087988,0.0
-12.316169596059302,-12.316169596059302,-12.684407079857278,-13.947710533017052,0.0
-14.136171718667367,-14.136171718667367,-10.82018309229152,-13.785554066433884,0.0
-13.364552322254864,-13.364552322254864,-12.204611284929218,-13.918855047768691,0.0
-13.097856072168458,-13.097856072168458,-13.68442185900135,-14.024947535995269,0.0
-14.372406292233274,-14.372406292233274,-13.87666789609196,-14.239321056308507,0.0
-13.231419412800475,-13.231419412800475,-14.277095313211595,-14.233910939436084,0.0
-13.849548991209913,-13.849548991209913,-13.872439186087572,-14.329568422546183,0.0
-13.440797495795104,-13.440797495795104,-14.89101016839688,-14.691016065453818,0.0
-13.158780859899544,-13.158780859899544,-15.116927167729864,-14.748102275666461,0.0
-12.99527043218966,-12.99527043218966,-15.438050124065082,-14.951890111187852,0.0
-13.133027093650009,-13.133027093650009,-16.531840935399018,-14.969954495882341,0.0
-14.237914364796433,-14.237914364796433,-19.39038717699923,-15.467222114005821,0.0
-11.788143506522887,-11.788143506522887,-21.180516437816884,-16.102133604696892,0.0
-11.810978876703928,-11.810978876703928,-19.95816858606792,-16.347883293012398,0.0
-14.125989534187147,-14.125989534187147,-19.377309811136364,-16.34947558454296,0.0
-12.77435783890705,-12.77435783890705,-19.265657759843,-16.309630901824207,0.0
-12.181080027172825,-12.181080027172825,-19.606735882495343,-16.38584194813671,0.0
-11.178505522405684,-11.178505522405684,-18.21668821830684,-15.892578236960972,0.0
-12.452623497454658,-12.452623497454658,-16.813612804040574,-15.880216150322187,0.0
-10.77344432712589,-10.77344432712589,-15.246420222311894,-15.460524392987587,0.0
-10.925548472155821,-10.925548472155821,-14.878112650894721,-15.195104307605,0.0
-14.00142200690546,-14.00142200690546,-14.190232634100061,-14.889406259980175,0.0
-11.518168475641335,-11.518168475641335,-13.580600055850365,-15.385721551855289,0.0
-10.133439522874578,-10.133439522874578,-12.78067775226749,-15.154145014653434,0.0
-11.88831643771774,-11.88831643771774,-12.856467596143252,-15.178033409551267,0.0
-12.678775676184113,-12.678775676184113,-14.892945534545694,-15.348379972611093,0.0
-13.945408827508963,-13.945408827508963,-15.013986216877901,-15.100176322561317,0.0
-13.175449045349493,-13.175449045349493,-15.97783171178989,-14.826576441650992,0.0
-13.043511950009249,-13.043511950009249,-15.789184667854972,-14.997003878928664,0.0
-13.13440487450113,-13.13440487450113,-20.16513275140054,-15.271812652070153,0.0
-13.774571158425871,-13.774571158425871,-20.878022100304392,-15.584471611660192,0.0
-11.986453718698188,-11.986453718698188,-20.622148345801268,-15.967430105720675,0.0
-11.841291510083943,-11.841291510083943,-20.132400260566385,-16.22117030999881,0.0
-13.604291731895612,-13.604291731895612,-20.560200727509383,-16.317669124688454,0.0
-12.187229326240947,-12.187229326240947,-20.725196057562407,-16.295187092402443,0.0
-11.429195558847391,-11.429195558847391,-18.769396284086984,-16.137074537784983,0.0
-11.660709259717901,-11.660709259717901,-17.35796884731487,-15.768415828802704,0.0
-11.167125802853157,-11.167125802853157,-16.32725558916919,-15.294637813024696,0.0
-11.50727255754774,-11.50727255754774,-16.919605939366388,-15.271840905291892,0.0
-11.78222088890333,-11.78222088890333,-13.365927972303988,-15.4620547497451,0.0
-12.064746717118974,-12.064746717118974,-12.289520866284217,-15.452380726547926,0.0
-12.468636879356307,-12.468636879356307,-10.910534346765298,-15.186697119191479,0.0
-11.884735116076508,-11.884735116076508,-11.078372559464905,-15.635300119725553,0.0
-10.442725250617302,-10.442725250617302,-10.416162730495895,-15.479926331068407,0.0
-13.012623796991738,-13.012623796991738,-10.802821031926523,-15.527692478572101,0.0
-12.355203658478459,-12.355203658478459,-12.315979584217141,-15.904214895180882,0.0
-12.784593527150863,-12.784593527150863,-12.611260960803722,-15.69247821871588,0.0
-11.706606281562337,-11.706606281562337,-12.642431378422328,-15.611043413217024,0.0
-13.452700916504226,-13.452700916504226,-10.785349388076183,-15.084935993413596,0.0
-12.020184079818925,-12.020184079818925,-10.77568718829385,-14.998243651675073,0.0
-11.925562155720902,-11.925562155720902,-12.124235327960275,-15.340346376168524,0.0
-12.830106059340784,-12.830106059340784,-13.108657434818848,-15.644391987696942,0.0
-10.898670827466416,-10.898670827466416,-12.823341382117757,-15.75904613916326,0.0
-10.935342491221245,-10.935342491221245,-13.42607417942661,-15.428256795153459,0.0
-12.358765812267775,-12.358765812267775,-14.39830901543236,-15.632020702440181,0.0
-13.710304834817505,-13.710304834817505,-12.8077448090251,-15.610344794343582,0.0
-10.641392435807647,-10.641392435807647,-13.178752152349698,-15.553740811968305,0.0
-11.878507671717971,-11.878507671717971,-16.81669793099192,-15.996180965736032,0.0
-9.049208684533628,-9.049208684533628,-19.038620950288465,-15.869274749925314,0.0
-10.57133884249338,-10.57133884249338,-18.519551214128796,-15.614543869687811,0.0
-10.329083549088839,-10.329083549088839,-16.6134133443697,-15.35666085796266,0.0
-9.92190001005033,-9.92190001005033,-16.90430397880844,-15.147175348058784,0.0
-12.015764965854647,-12.015764965854647,-15.848493273566168,-14.692641506313116,0.0
-12.61064408292855,-12.61064408292855,-16.11423655427952,-14.659470388795775,0.0
-9.82603725057087,-9.82603725057087,-16.147484433644813,-14.986055626941868,0.0
-11.263730071168855,-11.263730071168855,-17.223806507796205,-15.20197454393422,0.0
-9.68077475629139,-9.68077475629139,-17.480657992626284,-15.128525233994491,0.0
-11.942299700545616,-11.942299700545616,-15.179299735549076,-15.38870326918448,0.0
-12.014743786031813,-12.014743786031813,-12.964623153684386,-15.099476819854075,0.0
-10.588202909548848,-10.588202909548848,-13.704909801873686,-15.306241785600168,0.0
-11.757304282260424,-11.757304282260424,-13.79283242973158,-15.139604813730031,0.0
-10.714898478109376,-10.714898478109376,-12.350255469060388,-14.779179915050847,0.0
-10.028259769331001,-10.028259769331001,-12.16653309316906,-14.409828113776856,0.0
-12.513233806789355,-12.513233806789355,-13.017454070783788,-14.706825652499042,0.0
-10.237308515263535,-10.237308515263535,-12.564877959199244,-14.92773769955307,0.0
-10.301125453254315,-10.301125453254315,-11.233164907687682,-14.470018418562622,0.0
-10.500874670658028,-10.500874670658028,-11.602459797224245,-14.446219950063762,0.0
-11.983600137112171,-11.983600137112171,-11.0853430547137,-14.410205537769244,0.0
-10.552648257387588,-10.552648257387588,-11.201869205097378,-14.182013727302557,0.0
-9.857239658085401,-9.857239658085401,-10.156141071442928,-13.30444344960865,0.0
-10.769816599678338,-10.769816599678338,-10.357585471874737,-13.035517488044102,0.0
-10.234582264554097,-10.234582264554097,-11.792648386693667,-13.013279923229328,0.0
-9.75448723086825,-9.75448723086825,-11.385166078917191,-12.660381277447016,0.0
-9.982515641205353,-9.982515641205353,-8.792936838259056,-12.353372874648974,0.0
-10.131274346762453,-10.131274346762453,-7.729065769667582,-12.328511641974105,0.0
-10.921434448357886,-10.921434448357886,-10.092031889527933,-12.73454553965081,0.0
-11.04806044152,-11.04806044152,-9.099155975053927,-12.794457375611575,0.0
-10.807465424225704,-10.807465424225704,-8.222545376044174,-12.789263495144244,0.0
-10.906622211951483,-10.906622211951483,-9.37215991303386,-12.672524522036056,0.0
-10.182700627701596,-10.182700627701596,-9.835656670581233,-12.598389189264097,0.0
-9.953304201935795,-9.953304201935795,-10.202134397368628,-12.618040194260987,0.0
-9.864865597312573,-9.864865597312573,-8.724425453131216,-12.576058144502513,0.0
-10.491097173566493,-10.491097173566493,-8.899042776894465,-12.224515320932927,0.0
-6.921600959298523,-6.921600959298523,-9.372188099735501,-12.144577948496895,0.0
-10.325467927433454,-10.325467927433454,-9.874089114550328,-12.142765258498866,0.0
-9.237441337089543,-9.237441337089543,-6.821704584885467,-11.635690539784477,0.0
-9.286134606412382,-9.286134606412382,-7.399705617708183,-11.752146306992467,0.0
-10.229339667382442,-10.229339667382442,-8.33772906601597,-11.928323032662968,0.0
-10.9035119001421,-10.9035119001421,-8.595432568228983,-12.234541158066612,0.0
-9.181114827381514,-9.181114827381514,-9.2526068575377,-12.293773123112867,0.0
-8.731556855771508,-8.731556855771508,-10.056575783844531,-12.204508285437838,0.0
-9.516308202959557,-9.516308202959557,-11.039767579948357,-12.162280173528416,0.0
-10.558257249896892,-10.558257249896892,-11.229573579303633,-11.905761760370105,0.0
-8.335605408374521,-8.335605408374521,-11.36899320687203,-11.733161753985978,0.0
-8.101880644855324,-8.101880644855324,-10.711691560051634,-11.405441767422722,0.0
-9.348455499519105,-9.348455499519105,-11.526888613176672,-11.379519300614794,0.0
-8.401340170117786,-8.401340170117786,-12.343710399142754,-11.58513795635108,0.0
-9.09098420379713,-9.09098420379713,-12.609441283364742,-11.08687170313753,0.0
-9.568757420259255,-9.568757420259255,-11.463457751810347,-10.71950851837099,0.0
-9.948319059009757,-9.948319059009757,-11.019758258669823,-10.793814532021074,0.0
-9.332801892698187,-9.332801892698187,-9.352702095189617,-10.752366035601819,0.0
-10.439433026852091,-10.439433026852091,-8.971299838105589,-10.575679345387844,0.0
-8.197023230645707,-8.197023230645707,-9.052394632093995,-10.54654203207567,0.0
-9.780385489054906,-9.780385489054906,-8.439829681684563,-10.198280379466986,0.0
-9.121845295447345,-9.121845295447345,-8.613507157257626,-9.898646312145283,0.0
-9.102960771835438,-9.102960771835438,-9.33145819872016,-9.801049638799581,0.0
-9.524204499154239,-9.524204499154239,-9.317704578668756,-9.952547273559572,0.0
-11.217036422425043,-11.217036422425043,-10.104384978844271,-10.071888751796571,0.0
-9.502211610845027,-9.502211610845027,-9.711340601198271,-10.068852007873767,0.0
-7.99064592849807,-7.99064592849807,-9.926959973866628,-10.038224566419663,0.0
-8.619904495609035,-8.619904495609035,-9.626413301255592,-9.919082209906621,0.0
-10.503621609550999,-10.503621609550999,-9.016159368100348,-9.908860125195838,0.0
-10.30909962343866,-10.30909962343866,-9.388460792851728,-9.990927572012204,0.0
-8.715201667341928,-8.715201667341928,-9.682081937955747,-9.53120595290138,0.0
-9.458316415911247,-9.458316415911247,-9.056317257199177,-9.19693417174527,0.0
-8.565967092142923,-8.565967092142923,-7.366669586385842,-9.027750574539215,0.0
-10.242532918805306,-10.242532918805306,-5.832169305126184,-8.798489175139961,0.0
-8.478533831085304,-8.478533831085304,-4.515700133527598,-8.757960167559352,0.0
-10.078919470944594,-10.078919470944594,-5.240347666350561,-8.876547700124407,0.0
-7.811803918772606,-7.811803918772606,-4.881598082098189,-8.983315968550716,0.0
-8.692978331693755,-8.692978331693755,-5.922919803741453,-9.032149076279964,0.0
-9.341926895949037,-9.341926895949037,-7.597663522349213,-9.069863152326944,0.0
-8.881256525746569,-8.881256525746569,-7.609504408175871,-9.23579523786394,0.0
-9.309470407892539,-9.309470407892539,-7.315883263071851,-9.23579523786394,0.0
-7.540052748122476,-7.540052748122476,-9.332363889493772,-9.517593795710507,0.0
-9.228038715624091,-9.228038715624091,-9.866837017512239,-8.982711600136076,0.0
-8.9798462391741,-8.9798462391741,-10.871349149910294,-9.152927810111233,0.0
-9.68552245043249,-9.68552245043249,-9.873030204024278,-9.088057133155372,0.0
-9.468721264001642,-9.468721264001642,-8.74041259151564,-8.75019823582076,0.0
-7.545224853395622,-7.545224853395622,-8.319281987412412,-8.68004103191695,0.0
-9.022232800593136,-9.022232800593136,-8.349189371794271,-8.661560071165093,0.0
-8.622559126895236,-8.622559126895236,-7.033252026512626,-8.731628467003228,0.0
-9.702963436067867,-9.702963436067867,-6.3936809782948085,-8.734722878144007,0.0
-9.175585995601176,-9.175585995601176,-7.708015508769892,-8.902960719670816,0.0
-7.980688785552096,-7.980688785552096,-7.372385614343057,-9.017253095669053,0.0
-7.539962833341796,-7.539962833341796,-9.313352495775757,-9.481041182314135,0.0
-7.152239116521879,-7.152239116521879,-9.410598777821212,-9.55510644213384,0.0
-8.950018459229867,-8.950018459229867,-9.410598777821212,-9.302631075516421,0.0
-9.400067198374797,-9.400067198374797,-9.41059877782121,-8.913231477739208,0.0
-7.696913328970388,-7.696913328970388,-9.180992238933994,-8.66571810819621,0.0
-7.360727417009246,-7.360727417009246,-10.374284519577742,-8.725101818311735,0.0
-8.08586824492384,-8.08586824492384,-11.948056821488048,-8.913286315311165,0.0
-9.097753319269128,-9.097753319269128,-11.54713942610444,-8.798236047504169,0.0
-8.903904136121907,-8.903904136121907,-11.529655958627071,-8.935093270021826,0.0
-9.0074409516338,-9.0074409516338,-10.59366772738069,-8.993648329134865,0.0
-9.23372022838694,-9.23372022838694,-8.118227717929525,-8.799309003264705,0.0
-8.658166956929843,-8.658166956929843,-6.656100478650174,-8.417584458035325,0.0
-10.043680806074253,-10.043680806074253,-6.931035096680745,-8.16694983817962,0.0
-7.101856686182158,-7.101856686182158,-6.931035096680745,-8.006746946713285,0.0
-7.87935705778118,-7.87935705778118,-7.6979891129854305,-8.001364279059331,0.0
-8.750141198294047,-8.750141198294047,-6.109282436647786,-8.07641788660337,0.0
-8.200612465755594,-8.200612465755594,-4.656866523936995,-8.050399652477445,0.0
-7.421305271506286,-7.421305271506286,-4.983739047080523,-7.984504930501474,0.0
-7.670677193129611,-7.670677193129611,-4.901794274108577,-8.227486188506628,0.0
-6.982850839698605,-6.982850839698605,-5.003822237724084,-8.271711345228157,0.0
-7.349610968666249,-7.349610968666249,-5.471303297794056,-8.027278023079484,0.0
-9.404367588788011,-9.404367588788011,-5.471303297794056,-7.648304201860384,0.0
-7.996256728333724,-7.996256728333724,-5.196368679763485,-7.185346578363465,0.0
-8.248130406333738,-8.248130406333738,-5.196368679763486,-7.103752562426329,0.0
-7.690067642440701,-7.690067642440701,-6.055592084447623,-7.22709070117553,0.0
-6.81463526070399,-6.81463526070399,-6.3701840237532235,-7.425172031102895,0.0
-7.383952308826123,-7.383952308826123,-5.572589953371887,-7.361685769531755,0.0
-8.423270245826702,-8.423270245826702,-5.145861885085605,-7.135985148948249,0.0
-9.093239080838346,-9.093239080838346,-5.732235471885613,-7.437516895292601,0.0
-7.82737895617841,-7.82737895617841,-6.074517930454644,-7.675351479879249,0.0
-7.8334224509742025,-7.8334224509742025,-7.674685568491386,-8.088881219500593,0.0
-8.983920660172764,-8.983920660172764,-9.61537522093482,-8.40494538502211,0.0
-8.241718658221256,-8.241718658221256,-9.615375220934819,-8.205281595844909,0.0
-7.81919692178719,-7.81919692178719,-9.615375220934823,-7.9787580733431795,0.0
-7.800866169949701,-7.800866169949701,-8.62643160192431,-7.976057405140753,0.0
-8.919598587916969,-8.919598587916969,-8.618278227788698,-7.964243715912343,0.0
-7.497628512943106,-7.497628512943106,-9.606567904807978,-7.763466646023506,0.0
-8.426963901776805,-8.426963901776805,-10.200624871573018,-7.654209241627679,0.0
-7.787331550632696,-7.787331550632696,-9.475114987444462,-7.869363240167122,0.0
-7.161295314372398,-7.161295314372398,-10.24335886921546,-7.8575504758235875,0.0
-9.211959572701563,-9.211959572701563,-10.094503831123134,-8.134414582222771,0.0
-6.876592636473053,-6.876592636473053,-9.183022014649197,-8.067279957969893,0.0
-8.895567647205874,-8.895567647205874,-9.622267447031547,-8.155129044446362,0.0
-7.542804044633297,-7.542804044633297,-9.622267447031543,-8.155129044446364,0.0
-8.430840795354122,-8.430840795354122,-8.985033645053234,-8.109207736668917,0.0
-7.568950216862326,-7.568950216862326,-8.552590003633519,-8.004923842280194,0.0
-7.160297035231842,-7.160297035231842,-7.564300326614237,-7.869676306043829,0.0
-7.851983913131165,-7.851983913131165,-7.872462977646893,-7.949965641498096,0.0
-8.210540729466613,-8.210540729466613,-6.79669298494967,-7.6870987354030795,0.0
-7.499108459147738,-7.499108459147738,-5.424080804567739,-7.467889513868523,0.0
-8.489780314698097,-8.489780314698097,-4.7673341697896365,-7.225210917025547,0.0
-7.466715320666858,-7.466715320666858,-4.18998859764679,-7.023157921935007,0.0
-7.187642899271469,-7.187642899271469,-4.0826237942000905,-7.089534047722139,0.0
-7.5747779672151205,-7.5747779672151205,-5.566168502357238,-7.386242989353568,0.0
-7.253484708953955,-7.253484708953955,-6.390426225652251,-7.55109453401257,0.0
-7.7876013372241575,-7.7876013372241575,-7.054150087022033,-7.340896955769051,0.0
-7.738406140434335,-7.738406140434335,-8.990136479941706,-7.27809223773456,0.0
-8.148325809250098,-8.148325809250098,-9.12838611529549,-7.466214979336306,0.0
-7.57808100395487,-7.57808100395487,-9.338632258770273,-7.24889399543172,0.0
-8.64086416012263,-8.64086416012263,-8.753827634447964,-7.099921495281978,0.0
-7.612201457228468,-7.612201457228468,-8.500001820727448,-7.301565737585133,0.0
-10.334611647664737,-10.334611647664737,-11.600256393436045,-8.011989104892182,0.0
-7.708801666708245,-7.708801666708245,-12.376164560826023,-8.178559940551192,0.0
-6.4445790590937975,-6.4445790590937975,-11.288823973740632,-8.257800764765545,0.0
-7.353475448265703,-7.353475448265703,-12.182975022634022,-8.448091715942288,0.0
-7.757049629226112,-7.757049629226112,-11.508858613172723,-8.420812191074042,0.0
-7.442765388982585,-7.442765388982585,-11.93945344938901,-8.734609622824964,0.0
-7.637499333986362,-7.637499333986362,-12.071084767023347,-8.88368412332487,0.0
-7.291652716535582,-7.291652716535582,-11.860838623548563,-8.640702865319716,0.0
-7.362322104674747,-7.362322104674747,-13.038054518541523,-8.706767951445466,0.0
-6.97132637252834,-6.97132637252834,-13.312372656171513,-8.869779609260625,0.0
-7.044897658713224,-7.044897658713224,-10.927592954515756,-9.103247036236523,0.0
-7.542711436864375,-7.542711436864375,-10.332595409435914,-9.205805286485678,0.0
-7.706911310060593,-7.706911310060593,-10.569781974810692,-9.332483423774985,0.0
-7.102712215622144,-7.102712215622144,-10.690626315445035,-9.37509856214177,0.0
-6.187303249733392,-6.187303249733392,-11.272898111300503,-9.401355008583495,0.0
-6.417086862092386,-6.417086862092386,-9.57273222308778,-9.534638076768141,0.0
-6.808986848261149,-6.808986848261149,-9.229889169103279,-9.700489580128405,0.0
-6.1685882257110265,-6.1685882257110265,-9.229889169103279,-9.340233604763249,0.0
-7.994301681974064,-7.994301681974064,-8.599538688748186,-9.211772103104176,0.0
-7.081498649321711,-7.081498649321711,-9.029902309571014,-9.14082295747655,0.0
-7.651966595133977,-7.651966595133977,-8.207739154508143,-8.821719822951186,0.0
-7.173518781558917,-7.173518781558917,-8.20915533794641,-8.924561309887997,0.0
-8.453226056230324,-8.453226056230324,-8.413076438447314,-9.092023667277486,0.0
-7.38507307806784,-7.38507307806784,-8.163088726684476,-9.282429987093803,0.0
-7.07270803318126,-7.07270803318126,-7.540453878346024,-9.18579013869496,0.0
-8.356360237094428,-8.356360237094428,-6.874038537422793,-8.988132203291105,0.0
-8.28146456921733,-8.28146456921733,-6.044781020621478,-8.869320809938097,0.0
-7.011845830728609,-7.011845830728609,-6.81901690593183,-8.809013988460721,0.0
-8.038837298105925,-8.038837298105925,-9.377701627503681,-9.038640654761819,0.0
-8.212638017570844,-8.212638017570844,-9.461276749942888,-9.0141775412405,0.0
-7.168513969772439,-7.168513969772439,-9.116102770126266,-8.8083359740466,0.0
-5.7520349029613325,-5.7520349029613325,-9.127212649485081,-8.825550350378704,0.0
-6.760650811814455,-6.760650811814455,-8.289900862537642,-8.825550350378704,0.0
-7.088615229185783,-7.088615229185783,-6.700635461477731,-8.825550350378704,0.0
-7.369315139934409,-7.369315139934409,-6.778731187334922,-8.831018375435242,0.0
-7.242042643122431,-7.242042643122431,-8.01423329740336,-9.07811879744893,0.0
-7.650769872389476,-7.650769872389476,-8.01423329740336,-8.89767487388939,0.0
-7.142212631192536,-7.142212631192536,-7.7286618119717065,-8.99540775386513,0.0
-7.720666061138838,-7.720666061138838,-6.223175007697795,-9.19845949538783,0.0
-7.6769613224112865,-7.6769613224112865,-4.426696915290002,-8.946050090340572,0.0
-6.8353956105069,-6.8353956105069,-5.180061390679116,-9.006350532653066,0.0
-8.075841541531814,-8.075841541531814,-6.456316019650326,-9.300288795468752,0.0
-7.17280873274079,-7.17280873274079,-6.82054642440975,-9.076425934789206,0.0
-6.117415072273915,-6.117415072273915,-7.3223664437138325,-9.01193839399102,0.0
-7.77412636509154,-7.77412636509154,-7.399552696352951,-8.900098897301426,0.0
-6.307026961709758,-6.307026961709758,-6.6262456618963155,-8.605340633839852,0.0
-7.51152745530759,-7.51152745530759,-7.86727758576321,-8.645453167982934,0.0
-7.350264729204856,-7.350264729204856,-8.114962785688592,-8.750673859248792,0.0
-6.621791192451772,-6.621791192451772,-6.730827242468402,-8.793859416991916,0.0
-6.742112549192562,-6.742112549192562,-6.730827242468403,-8.592215174688763,0.0
-7.158964945529171,-7.158964945529171,-5.977462767079288,-7.881791807381714,0.0
-7.529674329426613,-7.529674329426613,-4.1758908240652115,-7.660234048116588,0.0
-7.438743711294688,-7.438743711294688,-4.915885302887723,-7.801838200618624,0.0
-7.697296280653722,-7.697296280653722,-5.383939966627052,-7.652131382789626,0.0
-7.765372492142625,-7.765372492142625,-4.902967354981462,-7.578920645663172,0.0
-7.079520181369627,-7.079520181369627,-4.739402451474755,-7.165330434257,0.0
-7.7362984193750295,-7.7362984193750295,-3.4983705276078587,-6.930910320099838,0.0
-8.17298724880409,-8.17298724880409,-3.5442049252702015,-7.0873471195931215,0.0
-7.7365343856598825,-7.7365343856598825,-3.328277136554582,-6.851903940594529,0.0
-6.656444003049958,-6.656444003049958,-5.548426811961592,-7.03942600584678,0.0
-6.440299974739975,-6.440299974739975,-5.548426811961592,-6.8059585788708805,0.0
-8.077448459622808,-8.077448459622808,-8.179754760898414,-7.229665918409088,0.0
-6.262821236969314,-6.262821236969314,-8.228040100120657,-7.333489825680617,0.0
-7.31527682789192,-7.31527682789192,-8.291890385939583,-7.172384196888535,0.0
-7.889312234282837,-7.889312234282837,-9.145707478723143,-7.153482519147701,0.0
-7.247847319036393,-7.247847319036393,-8.84707730661805,-7.020199450963055,0.0
-6.537109197622499,-6.537109197622499,-9.366755392774236,-6.958283564834028,0.0
-6.250432710757053,-6.250432710757053,-9.540616620518794,-7.149492609876223,0.0
-6.640082870503863,-6.640082870503863,-10.743659230264784,-7.280728048897848,0.0
-7.454580337992891,-7.454580337992891,-9.07036845606237,-7.04751923514505,0.0
-6.226324496698639,-6.226324496698639,-9.070368456062372,-6.978484439181727,0.0
-6.489724169514532,-6.489724169514532,-6.43904050712555,-6.875642952244915,0.0
-5.764601168510381,-5.764601168510381,-6.412147514112503,-6.933304040813655,0.0
-7.5404321052090415,-7.5404321052090415,-5.875861772021802,-6.714938805956,0.0
-7.79245246292397,-7.79245246292397,-5.627115640051415,-6.7708148714887795,0.0
-7.5254916847590145,-7.5254916847590145,-5.886832827764939,-6.8227583090314825,0.0
-8.810412093064606,-8.810412093064606,-5.8346358016787265,-6.916254521045477,0.0
-6.386502089319441,-6.386502089319441,-5.590152322361271,-6.903719693162111,0.0
-6.7603387132816035,-6.7603387132816035,-5.819916369275489,-6.569170997252211,0.0
-7.804213698904374,-7.804213698904374,-7.6831261709392376,-6.691889119344321,0.0
-6.873208826901351,-6.873208826901351,-9.410830733269236,-7.037430031810322,0.0
-7.441852742399244,-7.441852742399244,-9.410830733269236,-6.932366569001747,0.0
-6.225176511836001,-6.225176511836001,-8.285213503478104,-6.932366569001747,0.0
-7.58148396381421,-7.58148396381421,-10.157177299045465,-7.406247173469547,0.0
-6.315717461588184,-6.315717461588184,-10.78395914873912,-7.571860463769618,0.0
-6.933582732505674,-6.933582732505674,-10.724277902367934,-7.364767230024399,0.0
-5.780264815937009,-5.780264815937009,-11.097622438512184,-7.532932349267242,0.0
-6.896620821829494,-6.896620821829494,-12.589785159861764,-7.875944362740125,0.0
-7.9596405795657965,-7.9596405795657965,-11.156978503201554,-7.555931696352962,0.0
-7.4368467537461775,-7.4368467537461775,-9.359767058042287,-7.678503147894779,0.0
-7.498522092768387,-7.498522092768387,-8.012343053293463,-7.603886364333191,0.0
-7.443845234733991,-7.443845234733991,-8.723154031762629,-7.3857341714242075,0.0
-7.420918924455955,-7.420918924455955,-9.151670750236523,-7.398591434167103,0.0
-7.241879408035843,-7.241879408035843,-6.7822677278975245,-7.2982274303062855,0.0
-6.464508020177942,-6.464508020177942,-6.573232894401068,-7.406596503379243,0.0
-6.752253943056024,-6.752253943056024,-7.528555778442465,-7.545229253333629,0.0
-5.98232588183946,-5.98232588183946,-6.687730182228243,-7.2970228685602505,0.0
-6.074104837531003,-6.074104837531003,-4.48400571498514,-7.149752948599433,0.0
-6.36568362894293,-6.36568362894293,-4.979142170345198,-7.205594681928321,0.0
-6.580373649559765,-6.580373649559765,-4.9950021234453725,-7.331338124090172,0.0
-6.309372272340226,-6.309372272340226,-5.444245137845113,-7.497242838486355,0.0
-6.637867717874078,-6.637867717874078,-5.455566370265421,-7.641669280664249,0.0
-7.140187902525656,-7.140187902525656,-5.027049651791527,-7.420824303947862,0.0
-7.340063523198674,-7.340063523198674,-6.082586762621008,-7.437956789505076,0.0
-6.797820805904958,-6.797820805904958,-4.886405385252914,-7.403284109433532,0.0
-6.988442331361342,-6.988442331361342,-5.930715116827301,-7.783491786404138,0.0
-7.47502917094235,-7.47502917094235,-6.267097494661792,-7.850768261971036,0.0
-7.070801913333466,-7.070801913333466,-6.485808075461027,-7.738073578637599,0.0
-6.582787257865798,-6.582787257865798,-6.536201076331078,-7.84717946988362,0.0
-6.615944719360934,-6.615944719360934,-5.907483865521826,-7.403149534802218,0.0
-5.951454207579675,-5.951454207579675,-5.628683698471734,-7.513294215788384,0.0
-6.970157129939824,-6.970157129939824,-5.055976350989729,-7.016913598682512,0.0
-8.974353713171178,-8.974353713171178,-5.442634864795769,-6.863743256882884,0.0
-8.040487851686883,-8.040487851686883,-5.037720513730049,-6.787122815063172,0.0
-6.8904384903278455,-6.8904384903278455,-5.03772051373005,-6.5816867164349135,0.0
-7.510675041856302,-7.510675041856302,-2.8380519567719276,-6.581686716434913,0.0
-8.91417113457668,-8.91417113457668,-2.5016695789374364,-6.477751099203676,0.0
-6.881198517597149,-6.881198517597149,-2.282958998138201,-6.286542054161481,0.0
-7.663123791401351,-7.663123791401351,-2.467757591392375,-6.191999142109138,0.0
-6.293792666071364,-6.293792666071364,-2.898759110541431,-6.16882766569803,0.0
-7.580030679523321,-7.580030679523321,-3.1240622007021264,-6.324032964716334,0.0
-7.029874022194564,-7.029874022194564,-3.4487579327012825,-6.41885708379766,0.0
-6.194219557374599,-6.194219557374599,-3.409735296979143,-6.263260813456212,0.0
-6.99519933213544,-6.99519933213544,-3.3017301612979844,-6.2722964929184055,0.0
-7.457445168307569,-7.457445168307569,-4.0984596115934355,-6.275955510743318,0.0
-6.077851541321175,-6.077851541321175,-5.163175323196183,-6.436955215521163,0.0
-7.322195353402022,-7.322195353402022,-5.95809530592624,-6.502443000053179,0.0
-5.961325055012232,-5.961325055012232,-6.601512418627385,-6.488814073414703,0.0
-7.49812187789686,-7.49812187789686,-5.871184369143104,-6.202252742082661,0.0
-5.72615606916768,-5.72615606916768,-7.074256328655403,-6.047053697241264,0.0
-6.493744297773065,-6.493744297773065,-6.946464439208491,-5.831159705904184,0.0
-6.930409535573926,-6.930409535573926,-7.015479771793146,-5.93978689150244,0.0
-7.338945747471074,-7.338945747471074,-7.4006174068011985,-6.0863415941208325,0.0
-5.494604511954695,-5.494604511954695,-6.857999782718596,-5.612460989653033,0.0
-8.7895785473123,-8.7895785473123,-6.744010465378993,-5.467965774071292,0.0
-7.383036148768331,-7.383036148768331,-5.679294753776248,-5.427958585802824,0.0
-5.487606179587856,-5.487606179587856,-6.276839787263837,-5.538286469803511,0.0
-6.978035589299314,-6.978035589299314,-6.019227225410541,-5.174702486524459,0.0
-7.4190751682325775,-7.4190751682325775,-6.788664731680745,-5.328589987778499,0.0
-7.736056853467439,-7.736056853467439,-5.1545912530193885,-5.206018536236685,0.0
-7.534655260357985,-7.534655260357985,-5.81453754486634,-5.391598604218761,0.0
-6.489652001468497,-6.489652001468497,-5.565791946455474,-5.30831447444101,0.0
-6.435294149809717,-6.435294149809717,-5.167240472586963,-5.28945553859092,0.0
-7.355026605429361,-7.355026605429361,-5.167240472586963,-5.28945553859092,0.0
-6.645879793097858,-6.645879793097858,-6.394843708823342,-5.432287936955747,0.0
-7.63504534029977,-7.63504534029977,-6.774155541827264,-5.277078538479786,0.0
-6.377658377651776,-6.377658377651776,-7.001143656716055,-5.600969164701073,0.0
-6.989367256628433,-6.989367256628433,-7.109938833161219,-5.699889110159675,0.0
-6.232182285903044,-6.232182285903044,-6.90569459242395,-5.713900472194251,0.0
-6.897780621464369,-6.897780621464369,-7.282930827949019,-5.663604277137414,0.0
-8.038409382435763,-8.038409382435763,-5.974749930457462,-5.497699562741231,0.0
-6.321378519953044,-6.321378519953044,-6.022365865277388,-5.421674373443404,0.0
-7.150546356080983,-7.150546356080983,-5.688143826053944,-5.421674373443404,0.0
-7.3022901059860486,-7.3022901059860486,-5.688143826053944,-5.210566951277508,0.0
-7.09971776043065,-7.09971776043065,-3.7778004568617165,-5.210566951277508,0.0
-7.230020390948593,-7.230020390948593,-5.045640566285238,-5.100063628371371,0.0
-7.078846317845221,-7.078846317845221,-4.685633343229379,-5.2846763344145895,0.0
-5.880481782401445,-5.880481782401445,-4.638060618014568,-5.330339618670382,0.0
-7.034412364196937,-7.034412364196937,-5.519156332844632,-5.51049152349696,0.0
-7.372588141004437,-7.372588141004437,-5.141920097319562,-5.51049152349696,0.0
-7.51335959281447,-7.51335959281447,-5.815689975542521,-5.535100818155388,0.0
-6.927496791491417,-6.927496791491417,-6.084347110305801,-5.627348525306618,0.0
-6.741401542490699,-6.741401542490699,-8.285196597351309,-5.990186719954511,0.0
-7.174449529757186,-7.174449529757186,-8.61805498830401,-5.9266338461923,0.0
-6.710483462291243,-6.710483462291243,-10.012971524294693,-6.2056171533904365,0.0
-6.291233177287191,-6.291233177287191,-8.722044464844267,-6.27686212998584,0.0
-6.718587421929738,-6.718587421929738,-7.462598556793688,-6.2768621299858385,0.0
-6.566520642194372,-6.566520642194372,-8.201227304264698,-6.513993279895682,0.0
-7.638852038871586,-7.638852038871586,-6.754938323901699,-6.367927669998826,0.0
-6.486682193068276,-6.486682193068276,-7.295315250522968,-6.389802751493267,0.0
-6.120493502522399,-6.120493502522399,-6.834786201528717,-6.2772456183207055,0.0
-5.232651373162066,-5.232651373162066,-6.224122802365097,-6.182421499239381,0.0
-6.206579978800971,-6.206579978800971,-4.149923799944649,-6.138224420547613,0.0
-7.622264435549138,-7.622264435549138,-4.711661807001039,-6.2086201753329116,0.0
-7.01020708189658,-7.01020708189658,-3.8195266835170143,-6.149830567775151,0.0
-7.1777281967882445,-7.1777281967882445,-4.268314328017619,-6.097889930950126,0.0
-7.066226940076637,-7.066226940076637,-4.931322606237805,-6.071507590048153,0.0
-7.838686944510331,-7.838686944510331,-5.857467330480839,-6.3651842622663715,0.0
-6.693242401216387,-6.693242401216387,-7.226009178642736,-6.638892631898751,0.0
-6.585133598213954,-6.585133598213954,-7.6640073378351286,-6.507752953329213,0.0
-8.583390263009862,-8.583390263009862,-8.172450320778378,-6.522442794634682,0.0
-6.35117702955277,-6.35117702955277,-8.813806135343908,-6.542086771949533,0.0
-6.5074021601704475,-6.5074021601704475,-9.203090709973809,-6.498719081182136,0.0
-6.494388592714391,-6.494388592714391,-9.923755719145298,-6.821771362618251,0.0
-6.532273152982505,-6.532273152982505,-9.420974306638643,-6.685223336027081,0.0
-6.656783721887649,-6.656783721887649,-10.032197028902257,-6.968470385975329,0.0
-7.852225694045374,-7.852225694045374,-9.936611238207574,-6.803461880236901,0.0
-6.740490683429027,-6.740490683429027,-7.824810764415328,-6.726300970067331,0.0
-5.72355038201925,-5.72355038201925,-7.560034035601804,-6.793166492682964,0.0
-8.076061551090062,-8.076061551090062,-6.58165894978814,-6.793166492682965,0.0
-7.493313943822828,-7.493313943822828,-6.610753445007113,-6.681685974662838,0.0
-5.230389366926572,-5.230389366926572,-6.3168439353898425,-6.692297169736407,0.0
-7.137776646962265,-7.137776646962265,-6.126120732977083,-6.69049513326016,0.0
-7.481881800277535,-7.481881800277535,-6.399704001412919,-7.068264068383444,0.0
-7.3647886784644605,-7.3647886784644605,-6.3997040014129185,-6.686195394544998,0.0
-7.7933639375855535,-7.7933639375855535,-7.144656200688971,-7.04257051774767,0.0
-7.435781400955381,-7.435781400955381,-8.609234189086255,-7.12507998671094,0.0
-6.473847396813235,-6.473847396813235,-10.017215751809365,-7.307756353796959,0.0
-8.13061060407619,-8.13061060407619,-9.339326728937777,-7.279892919985729,0.0
-6.643513941432742,-6.643513941432742,-9.339326728937776,-7.204445672880715,0.0
-8.319514058274951,-8.319514058274951,-8.588548421546848,-7.204445672880715,0.0
-5.92668599189383,-5.92668599189383,-9.069433610240829,-7.301710718729096,0.0
-7.09645554836511,-7.09645554836511,-9.80582987830238,-7.514032343709846,0.0
-7.457951236109612,-7.457951236109612,-10.84144100058321,-8.098923503289296,0.0
-6.214004130773599,-6.214004130773599,-11.392702022177067,-8.209175707608066,0.0
-5.5458797306218655,-5.5458797306218655,-10.230082698512902,-8.079458944193204,0.0
-5.479717052511676,-5.479717052511676,-9.127169158414588,-8.013387149747983,0.0
-7.847758224998217,-7.847758224998217,-8.676300167535482,-8.11540426370114,0.0
-6.763083778069743,-6.763083778069743,-8.250424071058697,-7.826146467628542,0.0
-7.6042634874249435,-7.6042634874249435,-8.84855576195101,-7.945772805807004,0.0
-6.357229754805437,-6.357229754805437,-9.352141351042611,-7.911735947980733,0.0
-6.1775073379719,-6.1775073379719,-9.256999588687282,-7.93624121440539,0.0
-7.4008289988934495,-7.4008289988934495,-9.060218731443664,-7.669036770528315,0.0
-6.007550021669299,-6.007550021669299,-6.135762933546415,-7.602465092337775,0.0
-8.408945365273468,-8.408945365273468,-6.202105728519698,-7.447002548453067,0.0
-6.508169787846824,-6.508169787846824,-5.614344649747801,-7.4579189811739095,0.0
-7.3410300690969095,-7.3410300690969095,-5.647251084792562,-7.650317655347756,0.0
-6.220742783140618,-6.220742783140618,-5.243764574274879,-7.523911717703178,0.0
-5.301219381125133,-5.301219381125133,-5.243764574274879,-7.523911717703178,0.0
-5.569268778578358,-5.569268778578358,-6.425065192299326,-7.771722794162276,0.0
-7.535277699666094,-7.535277699666094,-5.921479603207724,-7.729074628316535,0.0
-6.1658995250921524,-6.1658995250921524,-5.188289871920811,-7.729074628316535,0.0
-6.962797568468776,-6.962797568468776,-4.323462604260679,-7.703744531391521,0.0
-6.766041091584583,-6.766041091584583,-5.360628602168866,-7.732258451371342,0.0
-6.719046184460297,-6.719046184460297,-4.743024785601724,-7.63170216887001,0.0
-7.576553973815335,-7.576553973815335,-4.623111046653674,-7.528878324901122,0.0
-5.747060324066008,-5.747060324066008,-4.502761355625847,-7.564605405225365,0.0
-5.2092636801231045,-5.2092636801231045,-4.514626320990903,-7.255343515805191,0.0
-7.520766324699917,-7.520766324699917,-5.162984694870531,-7.111306820948737,0.0
-7.11662185221018,-7.11662185221018,-5.6189145542080015,-7.362704237436851,0.0
-7.154012506074968,-7.154012506074968,-7.510464487260828,-7.596677461613025,0.0
-6.4773008272602945,-6.4773008272602945,-7.891877210679961,-7.544688843383744,0.0
-6.685881982997335,-6.685881982997335,-7.891877210679961,-7.441501831532753,0.0
-8.753108225526915,-8.753108225526915,-7.583019201087405,-7.264111147759762,0.0
-6.47855619145119,-6.47855619145119,-7.583019201087405,-7.264111147759762,0.0
-6.93203597791634,-6.93203597791634,-7.7517515425380425,-7.072789227628278,0.0
-6.521869653297784,-6.521869653297784,-9.629702852906949,-7.503223728165239,0.0
-7.722602397993996,-7.722602397993996,-9.681328084859004,-7.626646979893927,0.0
-7.399370867587083,-7.399370867587083,-9.032969710979376,-7.405893956024252,0.0
-7.1673067866592906,-7.1673067866592906,-9.076511097398201,-7.861674666958863,0.0
-6.016958931522814,-6.016958931522814,-8.638837541279534,-8.00229428086751,0.0
-7.02512014108151,-7.02512014108151,-8.898603360424591,-8.061040728390696,0.0
-7.033679381569287,-7.033679381569287,-9.352990817732044,-8.086875848483746,0.0
-7.56347113264307,-7.56347113264307,-9.790568391524525,-7.942284025782084,0.0
-6.206501048583601,-6.206501048583601,-11.678269660284563,-8.31982427953409,0.0
-6.5055968015755505,-6.5055968015755505,-11.989866806018956,-8.041831348694275,0.0
-7.924806132778145,-7.924806132778145,-9.270271815808645,-7.635431253509719,0.0
-7.469032871162974,-7.469032871162974,-9.489496902436631,-7.521103210019379,0.0
-7.226621712142921,-7.226621712142921,-9.87407913505561,-7.512844437247817,0.0
-7.1534765768381785,-7.1534765768381785,-8.160485699390213,-7.6259064610493486,0.0
-8.078686324969562,-8.078686324969562,-7.611788588512757,-7.8069423142606915,0.0
-6.380430013869929,-6.380430013869929,-8.489253892057052,-7.945004784753939,0.0
-6.578390480704392,-6.578390480704392,-8.234359291348316,-7.772581731092931,0.0
-5.625154496074376,-5.625154496074376,-7.680479179401715,-7.310091661545784,0.0
-7.486074363668236,-7.486074363668236,-6.533770522512079,-7.348037979601095,0.0
-8.378158392489018,-8.378158392489018,-6.1337924521111855,-7.2225732994139324,0.0
-7.097850425108407,-7.097850425108407,-6.1337924521111855,-7.0367559122490375,0.0
-7.656394493809078,-7.656394493809078,-5.297451106839768,-6.845333397880238,0.0
-6.4391764359159565,-6.4391764359159565,-5.086066871215055,-6.87997299727909,0.0
-8.634169685258993,-8.634169685258993,-5.3516769933134345,-6.9265307073218345,0.0
-7.001970466356437,-7.001970466356437,-4.446497727256731,-6.825813589503515,0.0
-5.929647602461457,-5.929647602461457,-5.698724830377837,-7.233349833092051,0.0
-6.702906281504048,-6.702906281504048,-5.978459191393868,-7.156229823082974,0.0
-6.142505062771638,-6.142505062771638,-5.366453741232356,-7.156229823082973,0.0
-6.632972566577369,-6.632972566577369,-4.840906440485692,-7.075798121994293,0.0
-7.430973331648653,-7.430973331648653,-4.469661716068377,-6.993636712678048,0.0
-7.381922512397731,-7.381922512397731,-4.743842502782163,-6.856074195846958,0.0
-6.918462206623235,-6.918462206623235,-5.327195843884859,-6.862019651802234,0.0
-7.165222250143723,-7.165222250143723,-5.713609672685116,-6.9739420169611375,0.0
-7.021201126411683,-7.021201126411683,-7.352329733509788,-7.111983615563929,0.0
-6.682054405615102,-6.682054405615102,-9.85332296909778,-7.612182262681528,0.0
-6.621565897871437,-6.621565897871437,-7.634768203745795,-7.722645499457047,0.0
-6.924299829091418,-6.924299829091418,-8.317685294408445,-7.955074361112526,0.0
-7.5403728940425,-7.5403728940425,-8.965859721535704,-7.877276046956342,0.0
-8.161257476539614,-8.161257476539614,-10.092131715821813,-8.14561950803831,0.0
-6.834263931371326,-6.834263931371326,-10.092131715821813,-8.087440846511676,0.0
-8.170272404772563,-8.170272404772563,-9.817950929108026,-7.919112110543394,0.0
-7.539343127392429,-7.539343127392429,-9.234597588005332,-7.806013905205118,0.0
-7.977914560492954,-7.977914560492954,-9.449886909551982,-7.831322459897427,0.0
-7.092316554504522,-7.092316554504522,-7.696387074247258,-7.5274781195717795,0.0
-6.727041109449878,-6.727041109449878,-5.195393838659264,-7.149168132961215,0.0
-6.637586024150142,-6.637586024150142,-5.052070318030478,-7.15468412092715,0.0
-8.084677649747844,-8.084677649747844,-4.690406503155548,-7.314780219607643,0.0
-7.373456915534639,-7.373456915534639,-5.233178345714593,-7.407307875881778,0.0
-7.1970955602765265,-7.1970955602765265,-3.891461040304745,-7.407307875881778,0.0
-7.160365451030611,-7.160365451030611,-4.609924199698995,-7.459075377943866,0.0
-6.730649982350393,-6.730649982350393,-5.977475592393565,-7.188666658440717,0.0
-7.563491573232067,-7.563491573232067,-6.902064949819933,-7.2501612781973055,0.0
-6.641295647668086,-6.641295647668086,-7.19918212402848,-7.4645649425072484,0.0
-5.9547542807474505,-5.9547542807474505,-7.741348725529809,-7.2604456451981,0.0
-7.467288757508687,-7.467288757508687,-7.902558026478954,-7.001912230001099,0.0
-7.56795971505596,-7.56795971505596,-8.081281781797365,-6.991219805201705,0.0
-7.311766939602212,-7.311766939602212,-9.55632917803048,-7.355447891667332,0.0
-7.71850530632424,-7.71850530632424,-9.109567227687593,-7.271107643114392,0.0
-6.894613180720458,-6.894613180720458,-9.109567227687593,-6.893567389362385,0.0
-7.382392068647223,-7.382392068647223,-9.176885570745677,-6.89647913088921,0.0
-8.494650412424287,-8.494650412424287,-9.346302401874391,-7.203872775653867,0.0
-7.902694977037514,-7.902694977037514,-8.96020754164255,-7.144303406038489,0.0
-6.8028265557848435,-6.8028265557848435,-8.533059983641985,-7.1963611122245235,0.0
-8.437655364975665,-8.437655364975665,-7.274752915514666,-7.083299088422993,0.0
-7.192391015985676,-7.192391015985676,-7.113543614565522,-6.9022632352116515,0.0
-7.575324757503989,-7.575324757503989,-6.686069771327858,-6.630582981055867,0.0
-6.710839803814439,-6.710839803814439,-5.058164619826574,-6.720208957362984,0.0
-7.2923343695125755,-7.2923343695125755,-6.994681176449329,-7.133948042523914,0.0
-7.101403027622569,-7.101403027622569,-6.994681176449329,-6.9857495201498345,0.0
-6.654669415441837,-6.654669415441837,-6.8422903604435295,-7.038178712555679,0.0
-7.950880735345469,-7.950880735345469,-6.055241359076554,-7.18816255704694,0.0
-7.81470710882984,-7.81470710882984,-5.5167468618820275,-7.18816255704694,0.0
-8.064092391679605,-8.064092391679605,-5.149466428185008,-7.209041023618515,0.0
-7.536346067849889,-7.536346067849889,-5.689298676083419,-7.1508234249769895,0.0
-7.917220216608729,-7.917220216608729,-7.771139756409414,-7.567191641042187,0.0
-8.69596462058879,-8.69596462058879,-8.120776524114833,-7.114993319803267,0.0
-8.674664972879942,-8.674664972879942,-7.737855458544372,-7.072088210793086,0.0
-7.8547877984365035,-7.8547877984365035,-5.521764492494588,-7.165010192776362,0.0
-8.106674036395457,-8.106674036395457,-5.521764492494588,-7.121921130551613,0.0
-7.4566089719084445,-7.4566089719084445,-6.026054396254604,-7.349457248592924,0.0
-8.757312953325236,-8.757312953325236,-6.938210574154446,-7.6270361713213966,0.0
-7.9348977570774215,-7.9348977570774215,-7.737608548963607,-7.67024509806269,0.0
-7.3501130207348035,-7.3501130207348035,-7.717796153004866,-7.609878319682464,0.0
-8.741483394123794,-8.741483394123794,-8.349667252964503,-7.35029092886793,0.0
-7.971694183969468,-7.971694183969468,-7.839955198468923,-7.1645180869164165,0.0
-8.349604404049272,-8.349604404049272,-7.330075855433944,-7.054054850140895,0.0
-6.836450497300968,-6.836450497300968,-7.493689655634161,-6.907289083038227,0.0
-7.4042024607251,-7.4042024607251,-8.43128014607044,-7.058094277683308,0.0
-8.02108295815122,-8.02108295815122,-8.43128014607044,-6.789750816601338,0.0
-7.024292032911473,-7.024292032911473,-9.80352026362765,-7.291734958154091,0.0
-6.792897431444707,-6.792897431444707,-9.387639116131503,-7.540973808726092,0.0
-9.562524101856718,-9.562524101856718,-9.77699013619224,-7.778723607700072,0.0
-7.34344349908309,-7.34344349908309,-12.872278326835769,-8.294356603139223,0.0
-8.51780960912871,-8.51780960912871,-12.641573805407553,-8.33932827509999,0.0
-6.5327718040649145,-6.5327718040649145,-11.069444779577136,-8.33932827509999,0.0
-6.459589010847745,-6.459589010847745,-13.995374466159998,-8.8427156797668,0.0
-8.253823201834404,-8.253823201834404,-14.569302552814241,-8.883068292969968,0.0
-9.089185001495077,-9.089185001495077,-13.167102152461581,-8.644879039032707,0.0
-7.479489843220913,-7.479489843220913,-14.606700600529612,-8.932798728646311,0.0
-8.120582151114927,-8.120582151114927,-12.541679722071065,-8.878086062628507,0.0
-7.0264267085882075,-7.0264267085882075,-11.648917697029844,-8.675262229653349,0.0
-6.331919498741522,-6.331919498741522,-12.030548598384403,-8.804420337412965,0.0
-8.028402447293546,-8.028402447293546,-9.670641032569412,-8.78864838484741,0.0
-7.314549254640845,-7.314549254640845,-8.876971036812035,-8.566452737356435,0.0
-9.556824745945457,-9.556824745945457,-10.512573978949135,-8.861331465594027,0.0
-9.059955711692014,-9.059955711692014,-9.521180664105767,-9.13069545622848,0.0
-7.963504139616356,-7.963504139616356,-9.380773302820977,-8.847957117928066,0.0
-7.12178638465146,-7.12178638465146,-10.05051738765924,-8.833069071027037,0.0
-8.966125576503975,-8.966125576503975,-9.087901643759851,-8.928465611860764,0.0
-10.464574027894399,-10.464574027894399,-9.949990774738465,-9.032707103427063,0.0
-7.800256910863833,-7.800256910863833,-10.09039302246718,-8.824080353771906,0.0
-8.528736768106022,-8.528736768106022,-10.040207810342983,-9.020420391153053,0.0
-9.641766922071373,-9.641766922071373,-9.35009789334334,-8.952055966787679,0.0
-7.958155250659539,-7.958155250659539,-9.202769062670885,-8.952055966787679,0.0
-7.480833476651498,-7.480833476651498,-7.567166120533786,-8.952055966787679,0.0
-7.8909014064475045,-7.8909014064475045,-5.816288350909807,-8.95673917214487,0.0
-8.564422040590086,-8.564422040590086,-7.361639968766511,-9.308652187716053,0.0
-7.236071412407431,-7.236071412407431,-9.516679450982377,-9.337468725933645,0.0
-8.252216443199599,-8.252216443199599,-9.78523118297046,-9.48657561316499,0.0
-7.719367303136068,-7.719367303136068,-8.713936132359356,-9.407036257810228,0.0
-7.248456723284408,-7.248456723284408,-8.909026502543893,-9.394837382465374,0.0
-6.7401912737400735,-6.7401912737400735,-7.6451520916814655,-9.44610143711294,0.0
-7.030099955857871,-7.030099955857871,-7.563143002772485,-9.434791281705174,0.0
-7.828997447973044,-7.828997447973044,-7.563143002772485,-9.326824832125492,0.0
-8.93156646450048,-8.93156646450048,-8.020615453953408,-9.001951106296476,0.0
-7.202617488966062,-7.202617488966062,-9.657786506789396,-9.264141168679783,0.0
-7.034092376106107,-7.034092376106107,-7.250598690799184,-9.211200834167014,0.0
-7.6334374746695355,-7.6334374746695355,-7.343084781949938,-9.701732783824717,0.0
-7.26647664288955,-7.26647664288955,-7.132776066164543,-9.80877792789898,0.0
-7.510999120137205,-7.510999120137205,-7.6393364907058485,-9.729692676700477,0.0
-7.7331470858477545,-7.7331470858477545,-6.950411644973812,-9.397277596629246,0.0
-8.516880224588844,-8.516880224588844,-7.831910704858819,-9.464961868291983,0.0
-7.8483569200230185,-7.8483569200230185,-8.073527645862757,-9.505937580276754,0.0
-6.481482317878598,-6.481482317878598,-8.073527645862757,-9.271596910705144,0.0
-9.818716399744575,-9.818716399744575,-8.525448257054268,-9.139049718013547,0.0
-7.927378474388653,-7.927378474388653,-6.7046186021027605,-9.139049718013547,0.0
-8.43156595884514,-8.43156595884514,-7.743842922395262,-9.261231487519234,0.0
-10.35415688952231,-10.35415688952231,-5.954502651386352,-9.206377284887898,0.0
-9.709980049937002,-9.709980049937002,-5.419276931015027,-9.206377284887898,0.0
-7.3538536200534175,-7.3538536200534175,-4.6770225968009935,-8.704393143335146,0.0
-7.84139021090854,-7.84139021090854,-5.960954068151096,-8.711940587033165,0.0
-8.270554716115418,-8.270554716115418,-5.174133498983503,-8.544390540850236,0.0
-7.4360990218242975,-7.4360990218242975,-5.205161476902883,-7.972514210290175,0.0
-8.88141765424744,-8.88141765424744,-7.240256966635575,-8.191333542950748,0.0
-8.119541059319232,-8.119541059319232,-6.330863904263138,-8.191333542950748,0.0
-9.394003563897202,-9.394003563897202,-6.330863904263138,-7.606147605634174,0.0
-8.491467182092563,-8.491467182092563,-8.449576372960005,-8.037286251548387,0.0
-8.029868033870775,-8.029868033870775,-8.341537013158222,-8.241264257027225,0.0
-9.230990823487101,-9.230990823487101,-9.028388751425068,-8.09071491506699,0.0
-8.062515858469867,-8.062515858469867,-9.02838875142507,-8.001734949205947,0.0
-8.406618761682724,-8.406618761682724,-7.874671630004255,-7.957091373628048,0.0
-7.958006863622291,-7.958006863622291,-9.267101007411549,-7.991701022655665,0.0
-9.02528659398178,-9.02528659398178,-9.494612119986012,-7.937308427773495,0.0
-8.610711065801937,-8.610711065801937,-7.459516630253324,-7.907842661639004,0.0
-9.351635617178701,-9.351635617178701,-7.708926449681061,-7.630604037097132,0.0
-7.621948515405091,-7.621948515405091,-8.582422735456761,-7.418396019904373,0.0
-9.386128072088102,-9.386128072088102,-6.202616269636079,-7.401654844911408,0.0
-6.6761422148175775,-6.6761422148175775,-5.770418200640741,-7.385244419623527,0.0
-7.16590689874783,-7.16590689874783,-5.083566462373897,-7.289847878789799,0.0
-7.526620209354038,-7.526620209354038,-7.186461262804798,-7.449029046819213,0.0
-8.991948193276844,-8.991948193276844,-7.056246912875508,-7.350262151709713,0.0
-7.663506619525432,-7.663506619525432,-6.113893777097467,-7.206438216006561,0.0
-8.827931474888501,-8.827931474888501,-5.495221436731198,-7.166333136451068,0.0
-7.834234423551253,-7.834234423551253,-6.219103733648243,-7.311109595834478,0.0
-7.808419640547702,-7.808419640547702,-7.153624564703975,-7.54789572593117,0.0
-6.38773146392303,-6.38773146392303,-7.510046938047161,-7.757147737331844,0.0
-8.020700192608386,-8.020700192608386,-7.6791799293262155,-7.465162837023348,0.0
-8.730808019413528,-8.730808019413528,-7.091487970927358,-6.900206123612524,0.0
-7.839761436989181,-7.839761436989181,-7.091487970927359,-6.751099236381179,0.0
-7.131575338018249,-7.131575338018249,-5.72147943099773,-6.850537706546887,0.0
-6.483035283089836,-6.483035283089836,-10.137263190986635,-7.59590948939826,0.0
-7.671433262828476,-7.671433262828476,-9.663036159244488,-7.6100150295191655,0.0
-7.419406340731042,-7.419406340731042,-9.793929527352883,-7.612490441367148,0.0
-7.980073825348132,-7.980073825348132,-10.233569240049741,-7.845194843289929,0.0
-7.949202499752097,-7.949202499752097,-10.06722383864366,-7.9572174028692215,0.0
-7.880481218191473,-7.880481218191473,-9.827698615435642,-7.791130159061092,0.0
-7.257631582190718,-7.257631582190718,-9.359429193553252,-7.886928937574163,0.0
-7.706646143546031,-7.706646143546031,-10.485952641592277,-7.528779695540991,0.0
-7.948999179448197,-7.948999179448197,-11.133461051649698,-7.55123623347821,0.0
-7.8362916562848115,-7.8362916562848115,-10.400574791148426,-7.402785366635403,0.0
-7.396509816659185,-7.396509816659185,-5.98479103115952,-7.402785366635403,0.0
-8.985034247515374,-8.985034247515374,-6.301445299349565,-7.303921948417314,0.0
-9.214462523489924,-9.214462523489924,-6.408592728223174,-7.27950345783923,0.0
-7.180677329699501,-7.180677329699501,-5.5516361959809615,-7.3408165533135685,0.0
-9.184620960325539,-9.184620960325539,-4.534050946903573,-7.158937940839081,0.0
-8.964256695991704,-8.964256695991704,-5.192470987598459,-7.488700636160233,0.0
-7.820215558275686,-7.820215558275686,-6.200875579802772,-7.578335469055665,0.0
-7.894740773202566,-7.894740773202566,-5.885061738671395,-7.514891512997999,0.0
-7.098949157228183,-7.098949157228183,-6.877519278612482,-7.842884702997701,0.0
-7.6492095082420155,-7.6492095082420155,-7.8577492741195005,-8.038930702099105,0.0
-7.86304036082711,-7.86304036082711,-9.922281217085404,-8.195050796422263,0.0
-7.571541243669643,-7.571541243669643,-9.278778975053012,-8.124851043631216,0.0
-7.565625923906316,-7.565625923906316,-9.394550460893104,-8.117381254637273,0.0
-8.72805159424652,-8.72805159424652,-9.246136243981091,-7.7419924087826715,0.0
-9.099171706877767,-9.099171706877767,-12.799515968941245,-8.452668353774703,0.0
-7.672850433473932,-7.672850433473932,-11.150702492335489,-8.452668353774703,0.0
-7.197817618888191,-7.197817618888191,-13.03489161682532,-8.495398517828727,0.0
-9.086789794082932,-9.086789794082932,-13.693065323446163,-8.585197175055589,0.0
-8.06550483955028,-8.06550483955028,-13.705548952021285,-8.778316743116942,0.0
-8.764878200739062,-8.764878200739062,-13.679683725164395,-8.96918969684697,0.0
-8.22759088194153,-8.22759088194153,-12.502749079685774,-9.120666286358569,0.0
-8.90105682541486,-8.90105682541486,-12.502749079685774,-8.771980658086061,0.0
-7.977205120246083,-7.977205120246083,-12.04641355291886,-8.627741541223843,0.0
-7.9713813794016675,-7.9713813794016675,-11.888262292459181,-8.627741541223845,0.0
-6.426420465588847,-6.426420465588847,-8.334882567499028,-8.577859577338296,0.0
-8.448208720065898,-8.448208720065898,-8.726281418444984,-8.481440090372347,0.0
-9.111446626215798,-9.111446626215798,-5.651036984530355,-8.385082660807583,0.0
-9.665887161706278,-9.665887161706278,-6.5212816200297326,-8.735369858933387,0.0
-7.533030762664951,-7.533030762664951,-4.868832041456106,-8.735369858933387,0.0
-6.894355950408575,-6.894355950408575,-5.641375396948526,-8.660172523675715,0.0
-7.868910764170062,-7.868910764170062,-5.1139137344930266,-8.732199650682073,0.0
-9.984744328388553,-9.984744328388553,-6.377795519462493,-8.824761006559067,0.0
-8.168400564930156,-8.168400564930156,-7.1026950325932985,-8.949236260396264,0.0
-8.398757777917588,-8.398757777917588,-7.933097480899095,-8.970540290674014,0.0
-8.216576676616226,-8.216576676616226,-8.47661619460985,-8.84245790331947,0.0
-7.553591403881223,-7.553591403881223,-8.794899113887764,-8.738410525540468,0.0
-7.714466206290442,-7.714466206290442,-8.4985559385429,-8.548957862650921,0.0
-7.589112290496891,-7.589112290496891,-8.512380582019428,-9.0195483811518,0.0
-8.307255235202849,-8.307255235202849,-8.512380582019428,-9.0195483811518,0.0
-8.794292296444517,-8.794292296444517,-8.535447478756748,-9.22296613322752,0.0
-7.677743957313703,-7.677743957313703,-8.614695128758656,-8.427686038236477,0.0
-7.685108763349214,-7.685108763349214,-7.977091931024068,-8.487572160914983,0.0
-9.833412155874658,-9.833412155874658,-7.252192417893265,-8.440888838504339,0.0
-7.608776530692788,-7.608776530692788,-8.878760052711177,-8.699578453206302,0.0
-8.343968637885984,-8.343968637885984,-8.335241339000424,-8.496061403390824,0.0
-8.622020850947989,-8.622020850947989,-9.132374772753383,-8.599345757004016,0.0
-9.352432359140137,-9.352432359140137,-9.688371286028882,-8.614746281146045,0.0
-8.423724995100072,-8.423724995100072,-8.044859841485087,-8.531329821130361,0.0
-8.760837331506485,-8.760837331506485,-8.224132879179262,-8.437682746657714,0.0
-8.227106114620572,-8.227106114620572,-9.174114689582272,-8.977674112914288,0.0
-8.856326912205558,-8.856326912205558,-9.145168280326569,-9.059761488069887,0.0
-8.626715771175325,-8.626715771175325,-10.76820228756364,-9.380923558557798,0.0
-8.632509922119871,-8.632509922119871,-11.42413224554201,-9.443996741968109,0.0
-6.590399118978585,-6.590399118978585,-9.369909862836815,-9.463233186577474,0.0
-9.489643568642181,-9.489643568642181,-10.367360015850554,-9.66272321718022,0.0
-8.018771405827424,-8.018771405827424,-10.979999196549619,-9.756851398794248,0.0
-8.510878047893282,-8.510878047893282,-11.862059546265701,-9.746983074438631,0.0
-8.802563855982712,-8.802563855982712,-12.841313183700288,-9.922580110136142,0.0
-10.513482636691645,-10.513482636691645,-13.315183364431068,-9.725215563821429,0.0
-8.666293160783454,-8.666293160783454,-11.645909665069597,-9.735306191104309,0.0
-9.401253941165617,-9.401253941165617,-13.587179787045637,-9.792741202061933,0.0
-9.998086298982951,-9.998086298982951,-11.337867192573686,-9.792741202061933,0.0
-6.850703400997321,-6.850703400997321,-11.869150054951461,-9.93891666077978,0.0
-9.522335789976074,-9.522335789976074,-12.316398174715388,-10.077285572724332,0.0
-7.381170566295535,-7.381170566295535,-12.747727202844205,-9.652365463960813,0.0
-7.256753404646328,-7.256753404646328,-11.63036974753722,-9.852784849834595,0.0
-8.604726979958702,-8.604726979958702,-10.708331153531745,-9.281670981779916,0.0
-7.6502172482294215,-7.6502172482294215,-9.019636368136554,-8.987894319074218,0.0
-9.978179228266873,-9.978179228266873,-9.741732396709818,-8.932452252759138,0.0
-7.999114756032936,-7.999114756032936,-10.125603898911642,-9.024490225853757,0.0
-8.308559412042536,-8.308559412042536,-9.553147776746417,-9.202820941474062,0.0
-7.4801691155290735,-7.4801691155290735,-12.371932039769437,-9.766577794078666,0.0
-9.221309000241614,-9.221309000241614,-12.835999139963661,-10.09683377818874,0.0
-8.065796228942624,-8.065796228942624,-12.381459878621298,-10.175925089956754,0.0
-7.675994175102392,-7.675994175102392,-10.952680697478744,-10.175925089956756,0.0
-9.130865497556597,-9.130865497556597,-9.950583768109832,-10.097645319767564,0.0
-9.044597880954472,-9.044597880954472,-10.19822783818508,-10.191109152510862,0.0
-7.813386259360585,-7.813386259360585,-10.19822783818508,-9.723283562705287,0.0
-9.771345019403624,-9.771345019403624,-8.822988591186865,-9.723283562705287,0.0
-7.4189472210063085,-7.4189472210063085,-7.960010997563087,-9.48821734597667,0.0
-8.425250319444016,-8.425250319444016,-7.856979835803844,-9.751434161736226,0.0
-7.416441632253201,-7.416441632253201,-5.8452148175361005,-9.660061653693386,0.0
-9.225536271868286,-9.225536271868286,-6.9859754581912865,-10.073489863308337,0.0
-10.38811225507263,-10.38811225507263,-6.855072256297693,-9.960320045036475,0.0
-8.426176263270452,-8.426176263270452,-7.024285096263471,-9.885458870287481,0.0
-7.30666503395155,-7.30666503395155,-7.024285096263471,-9.743522516242706,0.0
-7.572794774566334,-7.572794774566334,-7.033309443702954,-9.898059853542872,0.0
-10.42555108428155,-10.42555108428155,-7.380124549640678,-9.496832356229538,0.0
-8.850704003173691,-8.850704003173691,-7.811681858229676,-9.583143817947338,0.0
-9.106194789924833,-9.106194789924833,-9.282548511368793,-9.63763755249908,0.0
-9.573485968487944,-9.573485968487944,-7.9023705045534225,-9.608969236895177,0.0
-7.090919898172815,-7.090919898172815,-7.095351259798152,-9.483713519448202,0.0
-8.016484534571385,-8.016484534571385,-7.395209459925248,-10.102093271714732,0.0
-8.157875071172336,-8.157875071172336,-8.054345564094472,-9.795437147313134,0.0
-9.96697101200052,-9.96697101200052,-8.086790865680102,-9.835768775623414,0.0
-9.622926862598856,-9.622926862598856,-8.473402248192098,-9.611728011330447,0.0
-7.318343335930399,-7.318343335930399,-8.36232607214753,-9.632850810766604,0.0
-6.335170936738932,-6.335170936738932,-9.728423075430864,-9.833545003018692,0.0
-8.729119255218798,-8.729119255218798,-9.296865766841865,-9.79769039547986,0.0
-7.719534713744206,-7.719534713744206,-7.940461500682559,-9.390906914719135,0.0
-6.3987255940173045,-6.3987255940173045,-9.555791857304936,-9.691093952290851,0.0
-7.542928142264566,-7.542928142264566,-10.722374398704428,-9.47454794167636,0.0
-8.918125037636287,-8.918125037636287,-8.066228589294074,-9.430512540465147,0.0
-7.958810736435099,-7.958810736435099,-7.142539128178366,-9.349963000381445,0.0
-7.871872437902581,-7.871872437902581,-7.939666665545886,-9.350230105562481,0.0
-8.525652889951024,-8.525652889951024,-8.120434700864555,-9.039815112193434,0.0
-7.232910228111347,-7.232910228111347,-8.748706822936104,-9.010180266100683,0.0
-9.956240622080866,-9.956240622080866,-7.273971341933998,-8.720076634665435,0.0
-7.730403989774893,-7.730403989774893,-7.72916752801154,-8.680487228195952,0.0
-8.426966367309445,-8.426966367309445,-7.063128100532275,-8.474350601811672,0.0
-8.025072579304089,-8.025072579304089,-5.151756036895702,-8.004009202260864,0.0
-9.14318613109666,-9.14318613109666,-4.9951153816602325,-8.205997579493669,0.0
-8.056443581551692,-8.056443581551692,-4.777446725336881,-8.01217187454223,0.0
-7.2158317010513375,-7.2158317010513375,-5.265532343337197,-7.939789834105804,0.0
-8.376462071801994,-8.376462071801994,-7.441521888803139,-8.288989042754269,0.0
-9.211778638888996,-9.211778638888996,-11.123153594601732,-8.938371881606338,0.0
-8.869382008983623,-8.869382008983623,-9.833270962073911,-8.835168227809115,0.0
-8.132605237184555,-8.132605237184555,-9.595094333854961,-8.835168227809117,0.0
-7.873163277203604,-7.873163277203604,-9.440198681465143,-8.620180485147017,0.0
-8.880122630263026,-8.880122630263026,-9.440198681465143,-8.33726955832237,0.0
-7.723636793263422,-7.723636793263422,-10.303579507607868,-8.154095548433155,0.0
-9.499045559696206,-9.499045559696206,-9.497936882486165,-7.631198548037016,0.0
-9.786461459652148,-9.786461459652148,-10.140983221204642,-7.473168690790426,0.0
-9.555870597219409,-9.555870597219409,-9.652897603204325,-7.394077379022411,0.0
-7.356994398392008,-7.356994398392008,-9.787689331975528,-8.055990769653626,0.0
-8.154679392684896,-8.154679392684896,-9.521633550258404,-8.852581838036052,0.0
-10.471011511149293,-10.471011511149293,-9.921639995154768,-8.779850659203055,0.0
-9.627449630600392,-9.627449630600392,-11.270719428149393,-9.04966654580198,0.0
-7.190209489957265,-7.190209489957265,-12.056384491214846,-9.266859665152614,0.0
-7.845924261225873,-7.845924261225873,-12.48416218480413,-9.24209979577058,0.0
-8.71204752621168,-8.71204752621168,-13.832012987879313,-9.349102178848248,0.0
-7.135201007937532,-7.135201007937532,-13.627713726836987,-9.187698329897195,0.0
-8.707965203917404,-8.707965203917404,-14.183777881493208,-8.91272917545081,0.0
-8.380673146897761,-8.380673146897761,-16.547676891624462,-9.332598306087766,0.0
-8.301144671129856,-8.301144671129856,-13.238109938468389,-9.29875573809461,0.0
-8.324256143702396,-8.324256143702396,-9.255154596556258,-9.29875573809461,0.0
-8.715447474848306,-8.715447474848306,-8.855148151659893,-9.144218400794442,0.0
-6.924634699300904,-6.924634699300904,-8.832215941201813,-9.340084824114207,0.0
-8.347557132693831,-8.347557132693831,-8.334393832630544,-9.371402060032787,0.0
-8.23860929794565,-8.23860929794565,-8.64833332157259,-9.115256757811338,0.0
-10.741113524716637,-10.741113524716637,-6.997056743915097,-9.168039426720584,0.0
-9.99547119505999,-9.99547119505999,-7.6594966024826245,-9.30052739843409,0.0
-8.61977258389779,-8.61977258389779,-7.8347488080019145,-9.000637045066144,0.0
-8.807548668644365,-8.807548668644365,-5.470849797870659,-8.815899152843,0.0
-7.074791394178892,-7.074791394178892,-6.147003765062886,-8.910798317971166,0.0
-8.134548047204111,-8.134548047204111,-6.292599083334142,-8.862595105123019,0.0
-11.144093282561414,-11.144093282561414,-6.82884688252466,-8.837522562869868,0.0
-8.844132121042291,-8.844132121042291,-5.502699659988115,-8.494940141025655,0.0
-9.089823147422145,-9.089823147422145,-5.615335883269978,-8.63509608331841,0.0
-9.577376864720936,-9.577376864720936,-4.873618700738651,-8.501888197822558,0.0
-9.829996486286584,-9.829996486286584,-4.895876112153961,-8.23605627769039,0.0
-10.254613315755089,-10.254613315755089,-5.195562748389266,-8.195165068371058,0.0
-9.786563048246292,-9.786563048246292,-5.3157555227788,-8.45054243176309,0.0
-6.784895811029122,-6.784895811029122,-6.234262774341845,-8.634243882075697,0.0
-9.57775991706069,-9.57775991706069,-8.956156603448227,-9.114096305551634,0.0
-7.113946346213005,-7.113946346213005,-8.81056128517697,-9.0006204219855,0.0
-7.920654663179621,-7.920654663179621,-9.085669387911684,-8.904915075864983,0.0
-7.8084274501433,-7.8084274501433,-10.032283528960052,-9.046602578430866,0.0
-7.744346735158196,-7.744346735158196,-10.947933455279324,-9.278849268771967,0.0
-8.305342061478596,-8.305342061478596,-11.676189903734386,-9.424500558462977,0.0
-8.20356998545159,-8.20356998545159,-11.093977440758659,-9.424500558462979,0.0
-10.078803250448674,-10.078803250448674,-10.677327195890111,-9.331607431217032,0.0
-7.573783988252997,-7.573783988252997,-9.186841763241917,-9.332421439344095,0.0
-8.464935612844846,-8.464935612844846,-8.26833451167887,-9.234804315744032,0.0
-8.77058758954774,-8.77058758954774,-6.79312386493635,-8.984416700778276,0.0
-8.300571269217501,-8.300571269217501,-8.499758091628653,-8.475941321390884,0.0
-7.959350654236304,-7.959350654236304,-8.161754826236416,-8.570611848697485,0.0
-8.972399174901826,-8.972399174901826,-8.095155057262803,-8.746614723112435,0.0
-8.47306576529975,-8.47306576529975,-6.929141241774208,-8.77663778083378,0.0
-6.995309601150692,-6.995309601150692,-6.200884793319146,-8.77663778083378,0.0
-8.43821211461497,-8.43821211461497,-8.83416758095467,-9.13061817313234,0.0
-8.149613246637895,-8.149613246637895,-9.280212790992298,-9.288062612918258,0.0
-9.317548815690657,-9.317548815690657,-10.653043637147258,-9.43483352253262,0.0
-8.07716518890306,-8.07716518890306,-10.909091999732642,-9.486043195049694,0.0
-9.883693734434269,-9.883693734434269,-10.653611471734646,-9.1576011287301,0.0
-9.03534186698624,-9.03534186698624,-8.946977245042344,-8.361010060347674,0.0
-8.086602751863456,-8.086602751863456,-10.230213737539286,-8.632326597174387,0.0
-7.9307223029671965,-7.9307223029671965,-10.588884319382217,-8.610247701358999,0.0
-9.239048534422675,-9.239048534422675,-10.138468497087764,-8.393054582008364,0.0
