Average Episodic Reward,Average Episodic N-Reward,Avg Reward (last 10),Avg Reward (last 50),Best Reward
-221.9002419871689,-221.9002419871689,-278.54461841691835,-278.54461841691835,-278.54461841691835
-225.02867552687403,-225.02867552687403,-242.8875768491448,-242.8875768491448,-207.2305352813713
-231.71615444168808,-231.71615444168808,-236.66918964124622,-236.66918964124622,-207.2305352813713
-229.57538492667155,-229.57538492667155,-221.55941508889245,-221.55941508889245,-176.23009143183114
-216.24074427357561,-216.24074427357561,-233.19163249941622,-233.19163249941622,-176.23009143183114
-225.8530917826609,-225.8530917826609,-231.33543048285458,-231.33543048285458,-176.23009143183114
-224.9460666073167,-224.9460666073167,-214.92385845976784,-214.92385845976784,-116.45442632124751
-225.10451373648152,-225.10451373648152,-212.1932142519451,-212.1932142519451,-116.45442632124751
-223.77745793705927,-223.77745793705927,-217.59638014544106,-217.59638014544106,-116.45442632124751
-225.53419311469176,-225.53419311469176,-215.0195200884772,-215.0195200884772,-116.45442632124751
-238.41253509268162,-238.41253509268162,-215.81623618945224,-221.51881639194914,-116.45442632124751
-233.49766813573453,-233.49766813573453,-214.3921843056243,-219.14141639621107,-116.45442632124751
-228.19855527761516,-228.19855527761516,-226.52058775588085,-228.8625728063498,-116.45442632124751
-236.17542118546353,-236.17542118546353,-231.32082013524263,-228.53184726485688,-116.45442632124751
-230.41758256046307,-230.41758256046307,-225.40686799476083,-228.00178949631265,-116.45442632124751
-228.65685437758654,-228.65685437758654,-213.72346941875654,-220.32795481779328,-105.22043464000313
-227.28209037224406,-227.28209037224406,-220.66863821524413,-218.30314066887155,-105.22043464000313
-222.03975321216302,-222.03975321216302,-231.47174034128057,-222.90350652379811,-105.22043464000313
-225.26230494408395,-225.26230494408395,-225.52477842334574,-221.76922134433826,-105.22043464000313
-232.36076627148483,-232.36076627148483,-217.82594157764396,-216.4227308330606,-105.22043464000313
-229.5438371362535,-229.5438371362535,-207.6862431479366,-214.93187675194315,-105.22043464000313
-225.0212319625155,-225.0212319625155,-210.44533957729672,-215.18865420579547,-105.22043464000313
-224.3370155730368,-224.3370155730368,-195.92656280056676,-214.54256845600935,-105.22043464000313
-228.9186700987556,-228.9186700987556,-191.17800952408894,-212.96774820620354,-105.22043464000313
-231.1106358168738,-231.1106358168738,-192.152193284936,-213.661951011762,-105.22043464000313
-252.8285585847465,-252.8285585847465,-207.67432602772396,-215.4611745139205,-105.22043464000313
-250.63450500331368,-250.63450500331368,-219.55686378464878,-218.7674825636039,-105.22043464000313
-263.24107520212556,-263.24107520212556,-221.61269931848102,-222.44250395047058,-105.22043464000313
-273.6533382050128,-273.6533382050128,-230.11058658589118,-224.64555418625307,-105.22043464000313
-268.0420274772823,-268.0420274772823,-246.86523771037724,-226.57023312549947,-105.22043464000313
-265.3583602910925,-265.3583602910925,-252.64810820099706,-227.0984030258315,-105.22043464000313
-266.8221733387556,-266.8221733387556,-252.1577755253223,-226.7415046181476,-105.22043464000313
-264.90046910432653,-264.90046910432653,-258.6932999116093,-227.9215779880093,-105.22043464000313
-254.2514714337536,-254.2514714337536,-264.12881101314645,-228.01511962001027,-105.22043464000313
-251.4062720300292,-251.4062720300292,-265.437243922537,-228.45489184341196,-105.22043464000313
-257.61192935043414,-257.61192935043414,-269.8313377626087,-230.5639976385561,-105.22043464000313
-259.7122346450337,-259.7122346450337,-266.75443737537523,-231.73692981002853,-105.22043464000313
-272.08692741655136,-272.08692741655136,-255.0051565541649,-231.01162305670587,-105.22043464000313
-250.80026509190483,-250.80026509190483,-251.89801222376687,-231.6333639394617,-105.22043464000313
-253.85809085480972,-253.85809085480972,-253.78171838604345,-233.37310444063547,-105.22043464000313
-259.9312258717891,-259.9312258717891,-248.13615451722177,-232.2295619261706,-105.22043464000313
-243.97487936653906,-243.97487936653906,-253.43309600259272,-233.09664542396786,-105.22043464000313
-241.50029074822527,-241.50029074822527,-260.12172278471246,-235.40998375468448,-105.22043464000313
-238.19397881659978,-238.19397881659978,-254.2933085640581,-233.98743528911209,-105.22043464000313
-244.67359650843488,-244.67359650843488,-252.85043989110483,-233.8761247428993,-105.22043464000313
-231.57532121734667,-231.57532121734667,-249.17418357835533,-234.60969023416462,-105.22043464000313
-236.17466920148357,-236.17466920148357,-241.94707740315567,-233.9093016383535,-105.22043464000313
-248.5853595766284,-248.5853595766284,-242.58761679220774,-233.4232884182688,-105.22043464000313
-241.06251278730136,-241.06251278730136,-249.66162733885818,-235.31260136791,-105.22043464000313
-246.13276146765165,-246.13276146765165,-240.64877653543758,-234.82823885959587,-105.22043464000313
-252.23713565385734,-252.23713565385734,-238.75096429142528,-232.60754126940657,-105.22043464000313
-256.1360716425359,-256.1360716425359,-243.81707317101922,-234.84909371637107,-105.22043464000313
-262.1567298733582,-262.1567298733582,-232.38296484310564,-234.72902761917499,-105.22043464000313
-258.33561057567897,-258.33561057567897,-238.12288492220478,-235.8087668317482,-105.22043464000313
-263.89003548017615,-263.89003548017615,-252.03226027437745,-237.57580107354326,-105.22043464000313
-262.30853999133257,-262.30853999133257,-246.90680503754774,-237.46202436499843,-105.22043464000313
-264.61993826918757,-264.61993826918757,-256.5499146043261,-241.09538627655,-105.22043464000313
-252.47932020865647,-252.47932020865647,-261.29705969532455,-242.39485454029173,-105.22043464000313
-266.51952259196054,-266.51952259196054,-264.0042905547795,-244.23985902532834,-105.22043464000313
-265.1467271733625,-265.1467271733625,-269.61389252886846,-245.74711334767414,-105.22043464000313
-268.05571064502385,-268.05571064502385,-286.30246069870776,-246.70478617125767,-105.22043464000313
-256.57396993934805,-256.57396993934805,-290.27805224283077,-250.02626730381235,-105.22043464000313
-263.46026036630474,-263.46026036630474,-295.10161407511913,-248.4452328830227,-105.22043464000313
-269.0438000065832,-269.0438000065832,-297.4331427600167,-249.031231356703,-105.22043464000313
-273.2086701932626,-273.2086701932626,-291.398081365047,-250.77404374760042,-105.22043464000313
-264.419236204736,-264.419236204736,-295.7397589778245,-253.86528227681202,-105.22043464000313
-276.1637883865154,-276.1637883865154,-289.48889571277203,-254.85943777605556,-105.22043464000313
-270.62760825562543,-270.62760825562543,-287.9167494396303,-253.6838563599617,-105.22043464000313
-267.0882491389713,-267.0882491389713,-274.09884121833244,-253.95467158432564,-105.22043464000313
-274.9819775221825,-274.9819775221825,-267.29465986490476,-255.64085700512626,-105.22043464000313
-271.1868954343043,-271.1868954343043,-261.2397281590379,-257.4154831734779,-105.22043464000313
-267.78544965869355,-267.78544965869355,-259.29022945436026,-259.79524527922507,-105.22043464000313
-260.20601666616807,-260.20601666616807,-266.45981058189733,-262.55188243928876,-105.22043464000313
-264.0870771890049,-264.0870771890049,-268.22311355728516,-264.44025216334217,-105.22043464000313
-265.39583671982336,-265.39583671982336,-259.2662828490946,-264.19686166043215,-105.22043464000313
-256.0359322021136,-256.0359322021136,-266.8673693610097,-265.7038909434692,-105.22043464000313
-259.70225371016807,-259.70225371016807,-273.43322430334786,-265.6347098797953,-105.22043464000313
-257.35266091933784,-257.35266091933784,-275.19756354713047,-264.40082920569165,-105.22043464000313
-260.59742603472336,-260.59742603472336,-281.91750629045873,-264.3160555252391,-105.22043464000313
-254.06189830040887,-254.06189830040887,-285.2397383479018,-263.3157571326312,-105.22043464000313
-258.83916339541724,-258.83916339541724,-282.4360015879714,-263.3730618508728,-105.22043464000313
-249.99184878602927,-249.99184878602927,-272.7230886172805,-263.90830789761674,-105.22043464000313
-263.2711780522942,-263.2711780522942,-267.91127604761516,-264.39547766648997,-105.22043464000313
-248.00998914922326,-248.00998914922326,-260.3092767517615,-263.6763453110653,-105.22043464000313
-258.42363188683413,-258.42363188683413,-258.54288689050344,-262.8179902540254,-105.22043464000313
-240.68563171638635,-240.68563171638635,-251.65417761418615,-262.0684589137847,-105.22043464000313
-254.4211868898384,-254.4211868898384,-254.80645357668155,-263.24511312005666,-105.22043464000313
-242.7770412756585,-242.7770412756585,-263.50988025149275,-266.10177394515716,-105.22043464000313
-237.73516593829697,-237.73516593829697,-254.52010288845364,-264.8404736581765,-105.22043464000313
-235.17725419052988,-235.17725419052988,-253.0704382057831,-263.1735010965791,-105.22043464000313
-240.41162328015244,-240.41162328015244,-254.98842078695878,-264.74351510482023,-105.22043464000313
-247.35926758968566,-247.35926758968566,-252.33187714521773,-263.68806412614174,-105.22043464000313
-248.9406251468582,-248.9406251468582,-249.8410031056641,-262.3393337306803,-105.22043464000313
-256.6995501237553,-256.6995501237553,-255.3028458308795,-263.8782527644296,-105.22043464000313
-257.1593776508123,-257.1593776508123,-263.90627545349184,-265.0291573665029,-105.22043464000313
-270.90369663505646,-270.90369663505646,-273.1538581073329,-266.8643938195802,-105.22043464000313
-271.65384170834403,-271.65384170834403,-262.5197288569674,-267.359643410819,-105.22043464000313
-280.97018936014734,-280.97018936014734,-256.634745104937,-268.911199607703,-105.22043464000313
-281.6456130365848,-281.6456130365848,-272.21419413712226,-269.3509870178293,-105.22043464000313
-289.1077053873956,-289.1077053873956,-276.19351365434306,-270.2824485203602,-105.22043464000313
-284.7166107468996,-284.7166107468996,-272.49256745481284,-271.4918357374977,-105.22043464000313
-278.746674806932,-278.746674806932,-274.7579562557919,-269.8762407430962,-105.22043464000313
-283.4246675857888,-283.4246675857888,-275.80025063156234,-271.0227908883716,-105.22043464000313
-278.3971618528612,-278.3971618528612,-276.4861970388444,-271.5509151877574,-105.22043464000313
-260.2544684414198,-260.2544684414198,-281.6478833837342,-270.9522819883742,-105.22043464000313
-280.3352173496667,-280.3352173496667,-272.3924267164851,-271.9615181553677,-105.22043464000313
-265.51688399274974,-265.51688399274974,-271.0894164533552,-270.2675437806248,-105.22043464000313
-272.0083376078172,-272.0083376078172,-271.8939241755958,-271.0305725037573,-105.22043464000313
-261.34839418952674,-261.34839418952674,-258.90226861434195,-268.3305826297418,-105.22043464000313
-269.8641748798866,-269.8641748798866,-255.3236244147021,-267.42439489752695,-105.22043464000313
-266.3363002422408,-266.3363002422408,-254.84083552348184,-265.1995107024526,-105.22043464000313
-259.93242199488316,-259.93242199488316,-255.20730029448274,-262.86209035342665,-105.22043464000313
-260.7930808145593,-260.7930808145593,-254.18346092770895,-262.8391602588896,-105.22043464000313
-254.19516226015952,-254.19516226015952,-256.900778870655,-263.44444240988514,-105.22043464000313
-256.4105324944483,-256.4105324944483,-249.83888560699643,-262.64044283676407,-105.22043464000313
-262.16902580186076,-262.16902580186076,-250.44290319185902,-262.9021469981746,-105.22043464000313
-259.8768178556535,-259.8768178556535,-247.12638011734128,-261.7950406615387,-105.22043464000313
-272.0468577336332,-272.0468577336332,-241.49553463028974,-261.74632954188917,-105.22043464000313
-253.50476975065962,-253.50476975065962,-252.34809268332864,-263.98043292274104,-105.22043464000313
-259.253720938321,-259.253720938321,-253.42334070491583,-264.6501310655292,-105.22043464000313
-257.41272071809215,-257.41272071809215,-252.7290747589481,-263.4973800224345,-105.22043464000313
-247.75110308187973,-247.75110308187973,-255.8568948322949,-262.17542342901356,-105.22043464000313
-245.44952778200047,-245.44952778200047,-259.94086777577843,-261.53537169766577,-105.22043464000313
-249.0115234710365,-249.0115234710365,-251.73400534828323,-260.1466207680847,-105.22043464000313
-246.2274360408345,-246.2274360408345,-252.0425904777333,-261.1957043624918,-105.22043464000313
-262.9836815587542,-262.9836815587542,-253.50451510872364,-260.22957614771735,-105.22043464000313
-256.74987390013763,-256.74987390013763,-261.66527145135814,-259.44145009114067,-105.22043464000313
-261.401585190126,-261.401585190126,-269.0183040821017,-260.5104776488834,-105.22043464000313
-253.23650912331362,-253.23650912331362,-261.1073302076757,-259.8183977061844,-105.22043464000313
-256.21251642276457,-256.21251642276457,-253.99350506140354,-258.40088440822944,-105.22043464000313
-276.64223787965403,-276.64223787965403,-254.51485487914678,-257.9131506806696,-105.22043464000313
-272.7166808622314,-272.7166808622314,-247.4702022594,-257.12484615743745,-105.22043464000313
-271.2222332846771,-271.2222332846771,-248.44318217907986,-257.6417529239588,-105.22043464000313
-269.88770930336216,-269.88770930336216,-255.20932229070004,-259.1266298758724,-105.22043464000313
-279.0097390803652,-279.0097390803652,-253.56372798469062,-260.19987258132926,-105.22043464000313
-277.529670410628,-277.529670410628,-257.37938370679973,-261.37461736624005,-105.22043464000313
-277.19033733534593,-277.19033733534593,-256.0914647077493,-259.6984523173542,-105.22043464000313
-280.65114138987644,-280.65114138987644,-254.5967673422192,-258.7278550670287,-105.22043464000313
-279.3041844618147,-279.3041844618147,-256.32292706093443,-260.17896254068063,-105.22043464000313
-281.6746423992528,-281.6746423992528,-267.47455837685607,-261.28170844244414,-105.22043464000313
-290.22744493823205,-290.22744493823205,-269.7253480432517,-260.86053613192826,-105.22043464000313
-288.26909642895754,-288.26909642895754,-272.58934093928866,-261.1763389162516,-105.22043464000313
-284.9336885524473,-284.9336885524473,-263.5470921137388,-260.38297072557367,-105.22043464000313
-287.73013016736155,-287.73013016736155,-271.953762778517,-262.4568132653999,-105.22043464000313
-287.8754822291679,-287.8754822291679,-266.90736344153584,-260.8000901789381,-105.22043464000313
-282.3585761938663,-282.3585761938663,-259.4485946260139,-258.6335646699763,-105.22043464000313
-285.60149456777026,-285.60149456777026,-268.5688534414845,-260.9082772342577,-105.22043464000313
-288.625246475576,-288.625246475576,-262.5914963178129,-259.9192053096039,-105.22043464000313
-298.13479707825377,-298.13479707825377,-266.03746440156107,-258.9436165935684,-105.22043464000313
-299.5682950487991,-299.5682950487991,-267.2743267428765,-259.4978710601508,-105.22043464000313
-290.06253801003254,-290.06253801003254,-276.26146183244066,-261.6143150074538,-105.22043464000313
-294.38153319520467,-294.38153319520467,-281.0715282037619,-262.43905330584556,-105.22043464000313
-297.32558157510863,-297.32558157510863,-288.71854258187307,-262.9666291156358,-105.22043464000313
-293.76687570982847,-293.76687570982847,-283.12277517572835,-263.78412889277666,-105.22043464000313
-297.85523675533045,-297.85523675533045,-289.7270531845972,-262.41592413911064,-105.22043464000313
-296.54164713204665,-296.54164713204665,-294.3301516994138,-263.021109666562,-105.22043464000313
-302.34362041436856,-302.34362041436856,-286.5204709507613,-263.9944881337389,-105.22043464000313
-298.68609532163185,-298.68609532163185,-292.2920676883697,-263.9988340121587,-105.22043464000313
-300.2333409540178,-300.2333409540178,-299.5063394124607,-267.06443075319214,-105.22043464000313
-304.97869966561535,-304.97869966561535,-304.17918991781386,-269.2689841607732,-105.22043464000313
-313.1950538653059,-313.1950538653059,-303.3132035849294,-271.30878861974327,-105.22043464000313
-310.2737628684849,-310.2737628684849,-308.3649793563824,-273.0705891182255,-105.22043464000313
-313.3108512968761,-313.3108512968761,-304.3764264712446,-273.00522222434296,-105.22043464000313
-320.4429173103521,-320.4429173103521,-306.4833632814615,-273.70064577493804,-105.22043464000313
-316.8833122152325,-316.8833122152325,-308.7484215826073,-274.19783133423283,-105.22043464000313
-317.9902674704616,-317.9902674704616,-306.43413435399333,-274.2193558989889,-105.22043464000313
-321.08494713873444,-321.08494713873444,-313.83476658371774,-277.3361654270142,-105.22043464000313
-327.0527692404005,-327.0527692404005,-313.3717293459378,-278.3740729552883,-105.22043464000313
-317.7236163785561,-317.7236163785561,-306.6183122688441,-277.91847467029515,-105.22043464000313
-323.9591560569676,-323.9591560569676,-309.3081923997106,-280.4459544997321,-105.22043464000313
-321.153044662872,-321.153044662872,-309.70943174912907,-282.7048600177795,-105.22043464000313
-322.22786887732923,-322.22786887732923,-308.28724127781294,-283.5566584073292,-105.22043464000313
-320.3700895141964,-320.3700895141964,-311.5884258612788,-283.33473384144304,-105.22043464000313
-325.0259426570915,-325.0259426570915,-310.77772281160685,-285.5093892676027,-105.22043464000313
-320.19541165908004,-320.19541165908004,-312.6958243111275,-286.3284781009117,-105.22043464000313
-321.4310149540938,-321.4310149540938,-321.04014058010205,-287.72648099326454,-105.22043464000313
-329.3429674920862,-329.3429674920862,-319.09560364909026,-288.8222318665606,-105.22043464000313
-326.2606672710705,-326.2606672710705,-324.4596254012723,-289.4623372191224,-105.22043464000313
-327.57240601381216,-327.57240601381216,-328.46074972603594,-291.3891585739672,-105.22043464000313
-325.6762976230165,-325.6762976230165,-320.08851291911117,-293.66495607127365,-105.22043464000313
-333.24503936218207,-333.24503936218207,-317.4812785345498,-295.2981447488601,-105.22043464000313
-331.0634188957492,-331.0634188957492,-318.87083647174717,-297.8367852497986,-105.22043464000313
-331.3060977606022,-331.3060977606022,-323.39271785032736,-298.32464097569255,-105.22043464000313
-333.14265791877233,-333.14265791877233,-325.09140897915717,-299.48580660529416,-105.22043464000313
-330.09378238899967,-330.09378238899967,-328.719335369087,-301.35959957779096,-105.22043464000313
-325.47420124656327,-325.47420124656327,-322.17357748590086,-300.6853197490848,-105.22043464000313
-329.67465632477797,-329.67465632477797,-321.0724245185338,-301.8184238287175,-105.22043464000313
-334.4573633607992,-334.4573633607992,-317.2164578017722,-301.98627531103307,-105.22043464000313
-329.4978698152731,-329.4978698152731,-315.08033933975713,-303.1406410297318,-105.22043464000313
-327.25226208457536,-327.25226208457536,-320.53247731018683,-304.2765398579398,-105.22043464000313
-327.11666763249974,-327.11666763249974,-318.5194503201411,-305.056965204238,-105.22043464000313
-329.3953852789085,-329.3953852789085,-321.3030763147307,-307.57953232488694,-105.22043464000313
-329.11017142627753,-329.11017142627753,-316.43713489127117,-308.9026495311989,-105.22043464000313
-327.74645651139775,-327.74645651139775,-316.05581055371056,-308.3062161603329,-105.22043464000313
-325.9619809654116,-325.9619809654116,-311.37119355703,-310.2523656008898,-105.22043464000313
-331.7323442184352,-331.7323442184352,-310.4024560130073,-310.87609202648343,-105.22043464000313
-331.08379448192943,-331.08379448192943,-313.55034381033846,-310.8147219024883,-105.22043464000313
-331.13804450304195,-331.13804450304195,-312.0459095673194,-311.87715796093437,-105.22043464000313
-334.1584953908868,-334.1584953908868,-309.28285912764375,-311.7897199749483,-105.22043464000313
-334.79476043638437,-334.79476043638437,-305.81137213250537,-311.98394893586556,-105.22043464000313
-334.5739592546357,-334.5739592546357,-307.3946918202013,-311.2836112017901,-105.22043464000313
-329.0470400957506,-329.0470400957506,-305.69084538588226,-312.503395761311,-105.22043464000313
-328.23288364351646,-328.23288364351646,-308.4689429499167,-312.85272960480773,-105.22043464000313
-331.35479713409853,-331.35479713409853,-310.3556444962794,-313.7527900244431,-105.22043464000313
-332.1922584364976,-332.1922584364976,-313.58011933959204,-315.02297883188874,-105.22043464000313
-330.61790440528455,-330.61790440528455,-318.9313112012493,-315.7963239268505,-105.22043464000313
-320.5502758744976,-320.5502758744976,-313.28512374458415,-316.1676524612528,-105.22043464000313
-323.94747296651616,-323.94747296651616,-311.1855127561368,-315.6558469744877,-105.22043464000313
-326.282040319014,-326.282040319014,-311.08244410512225,-314.1049409134806,-105.22043464000313
-329.54650570524814,-329.54650570524814,-311.8389583059678,-313.51590261349634,-105.22043464000313
-327.77651489017785,-327.77651489017785,-317.3085684916201,-314.08268418312826,-105.22043464000313
-328.75419841354045,-328.75419841354045,-317.4785020047127,-314.32610029097714,-105.22043464000313
-332.47567257370656,-332.47567257370656,-314.4283200996262,-314.863108330484,-105.22043464000313
-335.5527265201357,-335.5527265201357,-310.2413878247595,-314.50439493310273,-105.22043464000313
-336.7248160297864,-336.7248160297864,-308.1220567952241,-314.8977058744121,-105.22043464000313
-338.1855644705485,-338.1855644705485,-308.5960244281293,-316.22870194167774,-105.22043464000313
-334.1890912333028,-334.1890912333028,-313.1258968690405,-316.0258785183174,-105.22043464000313
-331.7525819984289,-331.7525819984289,-319.3656552014192,-316.854632145584,-105.22043464000313
-333.7561643444845,-333.7561643444845,-322.16506442763296,-317.2142913452384,-105.22043464000313
-329.3024108030466,-329.3024108030466,-323.8652575684286,-316.42731564723994,-105.22043464000313
-334.0320803385273,-334.0320803385273,-320.5645354311858,-316.25370491953964,-105.22043464000313
-332.8220167858735,-332.8220167858735,-316.2424156731204,-315.91713517003865,-105.22043464000313
-334.10503929665384,-334.10503929665384,-320.0458698196398,-316.5545971221562,-105.22043464000313
-332.1558750138744,-332.1558750138744,-324.80283190032225,-317.3094167508458,-105.22043464000313
-330.32256539496854,-330.32256539496854,-331.40088374974323,-318.63871776213534,-105.22043464000313
-330.576371534252,-330.576371534252,-331.59457033464514,-318.3395878925864,-105.22043464000313
-335.3627947847357,-335.3627947847357,-334.4191556530863,-319.0905889191166,-105.22043464000313
-335.77171773352546,-335.77171773352546,-332.33547882183063,-318.42980282969563,-105.22043464000313
-338.8673655979726,-338.8673655979726,-327.8073613428212,-317.0836136685955,-105.22043464000313
-336.22985846837713,-336.22985846837713,-326.7471583360569,-317.75904473062906,-105.22043464000313
-336.2907543229183,-336.2907543229183,-327.0297805755838,-318.16340532774643,-105.22043464000313
-336.64616280066986,-336.64616280066986,-328.90856292418334,-317.9246804605259,-105.22043464000313
-336.3049197980523,-336.3049197980523,-329.38645026616456,-317.7533436053237,-105.22043464000313
-336.3049197980523,-336.3049197980523,-326.9066932174949,-317.6724735985133,-105.22043464000313
-336.3049197980523,-336.3049197980523,-323.1135188099452,-317.51755445030693,-105.22043464000313
-337.3874175326265,-337.3874175326265,-321.82197422662495,-318.26926724073115,-105.22043464000313
-336.2944112001686,-336.2944112001686,-319.59655685908456,-318.7954153872268,-105.22043464000313
-336.99824448314547,-336.99824448314547,-321.20788158358107,-319.2280875860574,-105.22043464000313
-337.71247085692585,-337.71247085692585,-327.9279037946477,-319.6531265595736,-105.22043464000313
-336.28141203440725,-336.28141203440725,-331.26022544456794,-319.9045943575053,-105.22043464000313
-335.74728175578343,-335.74728175578343,-329.4247240767313,-320.34446007906445,-105.22043464000313
-335.4167930765733,-335.4167930765733,-327.21925923067363,-319.10791704371445,-105.22043464000313
-336.95914275672885,-336.95914275672885,-325.18371428721383,-319.50265948451226,-105.22043464000313
-336.95914275672885,-336.95914275672885,-327.0467262142903,-319.8706567306293,-105.22043464000313
-336.95914275672885,-336.95914275672885,-330.40529226648573,-321.3243741921981,-105.22043464000313
-336.95914275672885,-336.95914275672885,-333.105882927627,-322.80995262365514,-105.22043464000313
-336.95914275672885,-336.95914275672885,-337.6332745504286,-323.6120015352448,-105.22043464000313
-336.95914275672885,-336.95914275672885,-340.3916946956289,-324.8972446117194,-105.22043464000313
-336.95914275672885,-336.95914275672885,-341.4494609257681,-326.08644691919847,-105.22043464000313
-336.95914275672885,-336.95914275672885,-343.6583934957964,-327.4739986301636,-105.22043464000313
-336.95914275672885,-336.95914275672885,-350.2221765033013,-328.9099570156845,-105.22043464000313
-336.95914275672885,-336.95914275672885,-355.1964449635248,-329.009036959243,-105.22043464000313
-336.95914275672885,-336.95914275672885,-356.6740100653804,-329.143672907605,-105.22043464000313
-336.95914275672885,-336.95914275672885,-357.178592727111,-329.2352463767956,-105.22043464000313
-336.95914275672885,-336.95914275672885,-353.3643743965134,-329.2812252035824,-105.22043464000313
-336.95914275672885,-336.95914275672885,-354.963023791102,-330.0162951416257,-105.22043464000313
-336.95914275672885,-336.95914275672885,-352.16983866612884,-331.3889445195537,-105.22043464000313
-336.95914275672885,-336.95914275672885,-350.56030406927084,-332.7722028743462,-105.22043464000313
-336.95914275672885,-336.95914275672885,-350.3498017446414,-333.93991844710234,-105.22043464000313
-336.95914275672885,-336.95914275672885,-351.25032921447536,-335.35627281186504,-105.22043464000313
-336.95914275672885,-336.95914275672885,-349.9225477928635,-335.4327528759331,-105.22043464000313
-336.95914275672885,-336.95914275672885,-349.09158396190196,-335.33165335068077,-105.22043464000313
-336.95914275672885,-336.95914275672885,-350.901206007163,-336.4382500891123,-105.22043464000313
-336.95914275672885,-336.95914275672885,-351.962591397525,-337.57948709134865,-105.22043464000313
-336.95914275672885,-336.95914275672885,-353.4842054650945,-338.35365493755637,-105.22043464000313
-336.95914275672885,-336.95914275672885,-350.3134524273023,-338.3597807414602,-105.22043464000313
-336.95914275672885,-336.95914275672885,-349.00690289002375,-338.5651457237504,-105.22043464000313
-336.95914275672885,-336.95914275672885,-348.9745232485821,-338.6939764837787,-105.22043464000313
-336.95914275672885,-336.95914275672885,-348.9101490306001,-339.2889353676957,-105.22043464000313
-335.57743431190715,-335.57743431190715,-345.84611329882785,-339.7524439579449,-105.22043464000313
-336.95914275672885,-336.95914275672885,-341.2734745401494,-339.5745406977259,-105.22043464000313
-336.95914275672885,-336.95914275672885,-343.1896293173312,-340.72109607952297,-105.22043464000313
-336.95914275672885,-336.95914275672885,-346.29696200708787,-341.6884685266019,-105.22043464000313
-336.95914275672885,-336.95914275672885,-346.17944126254525,-341.85480896379323,-105.22043464000313
-336.95914275672885,-336.95914275672885,-347.7455065080625,-341.6225794892203,-105.22043464000313
-336.95914275672885,-336.95914275672885,-349.8556380189332,-342.01199427831796,-105.22043464000313
-336.95914275672885,-336.95914275672885,-352.6658287497738,-342.2144803430879,-105.22043464000313
-336.95914275672885,-336.95914275672885,-352.55459055150453,-342.7377988297135,-105.22043464000313
-336.95914275672885,-336.95914275672885,-353.1649902494307,-344.36046114901757,-105.22043464000313
-336.95914275672885,-336.95914275672885,-356.0932870652516,-345.6216697037838,-105.22043464000313
-336.95914275672885,-336.95914275672885,-360.963898060606,-346.36136419473036,-105.22043464000313
-336.95914275672885,-336.95914275672885,-361.4690134830861,-347.2331861913036,-105.22043464000313
-336.95914275672885,-336.95914275672885,-360.62000536956145,-347.9351795472814,-105.22043464000313
-336.95914275672885,-336.95914275672885,-360.8623344957906,-348.64593721945243,-105.22043464000313
-336.95914275672885,-336.95914275672885,-359.89874674087054,-348.97962507540535,-105.22043464000313
-336.95914275672885,-336.95914275672885,-359.9299553909298,-349.6335905111789,-105.22043464000313
-336.95914275672885,-336.95914275672885,-360.25648083896857,-350.3464651390648,-105.22043464000313
-336.95914275672885,-336.95914275672885,-363.6155025634335,-351.219323025684,-105.22043464000313
-336.95914275672885,-336.95914275672885,-365.37591717124633,-351.8500638243373,-105.22043464000313
-336.95914275672885,-336.95914275672885,-365.5905268678704,-352.48772998844436,-105.22043464000313
-336.95914275672885,-336.95914275672885,-366.5400602406633,-353.7844314275168,-105.22043464000313
-336.95914275672885,-336.95914275672885,-365.89504633641883,-354.9683436124526,-105.22043464000313
-336.95914275672885,-336.95914275672885,-366.0540251313247,-356.1092417161035,-105.22043464000313
-336.95914275672885,-336.95914275672885,-365.58878448773686,-356.35434887414175,-105.22043464000313
-336.95914275672885,-336.95914275672885,-366.50120731996833,-356.19880808610185,-105.22043464000313
-336.95914275672885,-336.95914275672885,-367.2013927842763,-356.4526924825087,-105.22043464000313
-336.95914275672885,-336.95914275672885,-366.87196773881703,-356.1942037767424,-105.22043464000313
-336.95914275672885,-336.95914275672885,-364.832114966965,-356.1074070799512,-105.22043464000313
-336.95914275672885,-336.95914275672885,-363.3090340494738,-356.2219784490785,-105.22043464000313
-336.95914275672885,-336.95914275672885,-360.1767104184976,-355.79139337298454,-105.22043464000313
-336.95914275672885,-336.95914275672885,-360.17434724010195,-355.7748655748769,-105.22043464000313
-336.95914275672885,-336.95914275672885,-358.5150194429678,-355.63205850834123,-105.22043464000313
-336.95914275672885,-336.95914275672885,-357.32904407171316,-356.24024851737005,-105.22043464000313
-336.95914275672885,-336.95914275672885,-359.01216341326233,-356.72106301137205,-105.22043464000313
-336.95914275672885,-336.95914275672885,-357.51160684408103,-357.02825457561545,-105.22043464000313
-336.95914275672885,-336.95914275672885,-355.9692882130387,-356.653945366896,-105.22043464000313
-336.95914275672885,-336.95914275672885,-354.53620604077094,-356.6674772516708,-105.22043464000313
-336.95914275672885,-336.95914275672885,-354.4508239819727,-356.88551106249156,-105.22043464000313
-336.95914275672885,-336.95914275672885,-353.9082295056362,-356.9336640012774,-105.22043464000313
-336.95914275672885,-336.95914275672885,-353.70883317375115,-356.2830941648397,-105.22043464000313
-336.95914275672885,-336.95914275672885,-352.2205088835441,-356.2344577930129,-105.22043464000313
-336.95914275672885,-336.95914275672885,-353.2330310176482,-356.46034791949046,-105.22043464000313
-336.95914275672885,-336.95914275672885,-352.5774680701048,-356.57550092995837,-105.22043464000313
-336.95914275672885,-336.95914275672885,-350.9696897700313,-356.52248268587323,-105.22043464000313
-336.95914275672885,-336.95914275672885,-350.18894069831504,-356.3692016222595,-105.22043464000313
-336.95914275672885,-336.95914275672885,-353.83165664346296,-357.3575862101282,-105.22043464000313
-336.95914275672885,-336.95914275672885,-353.7742492500533,-357.62094652367676,-105.22043464000313
-336.95914275672885,-336.95914275672885,-355.01678194971373,-358.0939628027179,-105.22043464000313
-336.95914275672885,-336.95914275672885,-357.5144460906885,-358.6545234132951,-105.22043464000313
-336.95914275672885,-336.95914275672885,-357.9337981529466,-358.7006311356635,-105.22043464000313
-336.95914275672885,-336.95914275672885,-357.5676646794832,-359.4932958208797,-105.22043464000313
-336.95914275672885,-336.95914275672885,-357.32682379306465,-359.28778681463706,-105.22043464000313
-336.95914275672885,-336.95914275672885,-360.21158832579624,-359.3584261937001,-105.22043464000313
-336.95914275672885,-336.95914275672885,-361.3155021030917,-359.5496948539825,-105.22043464000313
-336.95914275672885,-336.95914275672885,-363.28680684359745,-359.4774616893665,-105.22043464000313
-336.95914275672885,-336.95914275672885,-360.0051190074044,-359.3874824078224,-105.22043464000313
-336.95914275672885,-336.95914275672885,-362.6762533586583,-359.6230314454536,-105.22043464000313
-336.95914275672885,-336.95914275672885,-359.0157707213444,-359.3861988366858,-105.22043464000313
-336.95914275672885,-336.95914275672885,-356.3230574792824,-359.28613685926547,-105.22043464000313
-336.95914275672885,-336.95914275672885,-356.09787131455926,-358.70154798552494,-105.22043464000313
-336.95914275672885,-336.95914275672885,-357.9090904081106,-358.8823342903806,-105.22043464000313
-336.95914275672885,-336.95914275672885,-357.124286038175,-358.41884132565485,-105.22043464000313
-336.95914275672885,-336.95914275672885,-357.8277354717069,-358.7999722141292,-105.22043464000313
-335.3485169672869,-335.3485169672869,-358.0303931531705,-358.98330658545854,-105.22043464000313
-336.08077762361097,-336.08077762361097,-351.24338148924255,-357.74638863904096,-105.22043464000313
-335.4167930765733,-335.4167930765733,-352.6457651137402,-357.93064435238455,-105.22043464000313
-335.26698777190245,-335.26698777190245,-344.62516415986545,-356.496768109633,-105.22043464000313
-335.9542856821197,-335.9542856821197,-341.9153979273351,-355.0461779094662,-105.22043464000313
-335.8701966631477,-335.8701966631477,-338.4172845561221,-353.89441033624064,-105.22043464000313
-335.667694851305,-335.667694851305,-343.1386655453654,-354.21117572102406,-105.22043464000313
-336.95914275672885,-336.95914275672885,-338.1247754848275,-353.1992773392134,-105.22043464000313
-335.90681291962125,-335.90681291962125,-338.5020163676609,-352.9402353319033,-105.22043464000313
-336.17068154305974,-336.17068154305974,-330.94321378485563,-351.7778099448353,-105.22043464000313
-335.5393529144833,-335.5393529144833,-331.97432227005385,-352.26041414192196,-105.22043464000313
-336.2095398812951,-336.2095398812951,-333.1155268167119,-351.0692525383896,-105.22043464000313
-335.57743431190715,-335.57743431190715,-331.4566108185115,-350.7816879592315,-105.22043464000313
-335.5393529144833,-335.5393529144833,-332.18892769819803,-349.56016010150927,-105.22043464000313
-336.09378010269415,-336.09378010269415,-331.8837889961011,-348.45651271529346,-105.22043464000313
-336.95914275672885,-336.95914275672885,-334.1200879408522,-348.0566211145163,-105.22043464000313
-336.95914275672885,-336.95914275672885,-332.0411219106244,-348.58405801944934,-105.22043464000313
-336.95914275672885,-336.95914275672885,-337.0067838145393,-348.56576465410086,-105.22043464000313
-336.95914275672885,-336.95914275672885,-336.7991321137347,-348.5970578660566,-105.22043464000313
-336.95914275672885,-336.95914275672885,-342.71384041153465,-348.8547692127997,-105.22043464000313
-336.95914275672885,-336.95914275672885,-341.5772927002346,-348.7734399993164,-105.22043464000313
-336.95914275672885,-336.95914275672885,-347.0852989699286,-348.9839909635591,-105.22043464000313
-336.95914275672885,-336.95914275672885,-348.7761325173962,-349.3430568201031,-105.22043464000313
-336.95914275672885,-336.95914275672885,-353.0833423617227,-349.26958736569964,-105.22043464000313
-336.95914275672885,-336.95914275672885,-359.47513238108564,-349.461374395116,-105.22043464000313
-336.95914275672885,-336.95914275672885,-361.293152619101,-349.5336057372093,-105.22043464000313
-336.95914275672885,-336.95914275672885,-358.2900920814809,-349.50030980099547,-105.22043464000313
-336.95914275672885,-336.95914275672885,-354.9815355416786,-349.1179699857279,-105.22043464000313
-336.95914275672885,-336.95914275672885,-358.6833245929832,-349.6871165811237,-105.22043464000313
-336.95914275672885,-336.95914275672885,-359.2468227261728,-350.1886401440133,-105.22043464000313
-336.95914275672885,-336.95914275672885,-358.49417036877537,-350.2783361190652,-105.22043464000313
-336.95914275672885,-336.95914275672885,-356.74797489372423,-350.29579780264095,-105.22043464000313
-336.95914275672885,-336.95914275672885,-356.0968038638915,-349.7960862641888,-105.22043464000313
-336.95914275672885,-336.95914275672885,-355.56694436289956,-349.62812638826887,-105.22043464000313
-336.95914275672885,-336.95914275672885,-355.60301931927984,-349.5786218690292,-105.22043464000313
-336.95914275672885,-336.95914275672885,-356.87113484090804,-349.4049434872532,-105.22043464000313
-336.95914275672885,-336.95914275672885,-358.6653451406989,-349.6466191985458,-105.22043464000313
-336.95914275672885,-336.95914275672885,-361.0022351322767,-349.8048840762866,-105.22043464000313
-336.95914275672885,-336.95914275672885,-361.58280653430836,-350.53831312937245,-105.22043464000313
-336.95914275672885,-336.95914275672885,-359.90485469788365,-350.1272934184306,-105.22043464000313
-336.95914275672885,-336.95914275672885,-360.1200793325875,-350.0392515649643,-105.22043464000313
-336.95914275672885,-336.95914275672885,-364.5508674664478,-350.548609927211,-105.22043464000313
-336.95914275672885,-336.95914275672885,-363.85180380099604,-350.56542322290704,-105.22043464000313
-336.95914275672885,-336.95914275672885,-363.46924743205915,-349.786725202949,-105.22043464000313
-336.95914275672885,-336.95914275672885,-360.8575597279517,-349.9469796703507,-105.22043464000313
-336.95914275672885,-336.95914275672885,-357.64749351362434,-349.6698306941216,-105.22043464000313
-336.95914275672885,-336.95914275672885,-357.54545055001074,-349.93613504563604,-105.22043464000313
-336.95914275672885,-336.95914275672885,-356.80256983065635,-349.58357996079576,-105.22043464000313
-336.95914275672885,-336.95914275672885,-353.29081266303035,-349.77161845434347,-105.22043464000313
-336.95914275672885,-336.95914275672885,-352.5938220496144,-349.0805107340122,-105.22043464000313
-336.95914275672885,-336.95914275672885,-352.0454117450162,-348.8422552833335,-105.22043464000313
-336.95914275672885,-336.95914275672885,-346.7507030068637,-349.6500742307352,-105.22043464000313
-336.95914275672885,-336.95914275672885,-347.0495394964882,-349.44617809945674,-105.22043464000313
-336.95914275672885,-336.95914275672885,-349.2844425624696,-350.71858088346977,-105.22043464000313
-336.95914275672885,-336.95914275672885,-352.43098535807735,-352.0500971564992,-105.22043464000313
-336.95914275672885,-336.95914275672885,-353.91083021046705,-352.76853982499057,-105.22043464000313
-336.95914275672885,-336.95914275672885,-353.3855473186476,-351.9855114002925,-105.22043464000313
-336.95914275672885,-336.95914275672885,-354.10513887109187,-352.77965263804856,-105.22043464000313
-336.95914275672885,-336.95914275672885,-353.70908073173734,-352.8130313271588,-105.22043464000313
-336.95914275672885,-336.95914275672885,-354.5093178171609,-353.7937315404733,-105.22043464000313
-336.95914275672885,-336.95914275672885,-353.822123677323,-353.21181556478734,-105.22043464000313
-336.95914275672885,-336.95914275672885,-356.61215053808667,-354.3493989750101,-105.22043464000313
-336.95914275672885,-336.95914275672885,-355.3721850986278,-354.22929295548,-105.22043464000313
-336.95914275672885,-336.95914275672885,-355.8990792716442,-355.46061119815903,-105.22043464000313
-336.95914275672885,-336.95914275672885,-356.87033895393927,-357.0474071480668,-105.22043464000313
-336.95914275672885,-336.95914275672885,-358.2435157844505,-357.59322539371016,-105.22043464000313
-336.95914275672885,-336.95914275672885,-358.4574999386342,-357.2687870058946,-105.22043464000313
-336.95914275672885,-336.95914275672885,-360.0122732658239,-357.3807505283055,-105.22043464000313
-336.95914275672885,-336.95914275672885,-360.0572296847137,-357.46465084135457,-105.22043464000313
-336.95914275672885,-336.95914275672885,-360.4672582861022,-357.3444151153867,-105.22043464000313
-336.95914275672885,-336.95914275672885,-360.7330990295403,-357.0429768306484,-105.22043464000313
-336.95914275672885,-336.95914275672885,-359.0782421266976,-356.74798760636395,-105.22043464000313
-336.95914275672885,-336.95914275672885,-359.41194920989244,-356.3564562939792,-105.22043464000313
-336.95914275672885,-336.95914275672885,-360.47945664367677,-356.93983405454986,-105.22043464000313
-336.95914275672885,-336.95914275672885,-358.44740584662304,-356.8418618411742,-105.22043464000313
-336.95914275672885,-336.95914275672885,-359.1410830498062,-357.1628114798512,-105.22043464000313
-336.95914275672885,-336.95914275672885,-360.47624042290886,-357.70601667418,-105.22043464000313
-336.95914275672885,-336.95914275672885,-357.41794619528747,-357.8680326590272,-105.22043464000313
-336.95914275672885,-336.95914275672885,-358.2748613114326,-357.38295818504446,-105.22043464000313
-336.95914275672885,-336.95914275672885,-358.11229701725387,-357.1175099736031,-105.22043464000313
-336.95914275672885,-336.95914275672885,-358.87143361425456,-357.1184294797443,-105.22043464000313
-336.95914275672885,-336.95914275672885,-359.9001530648558,-357.3784232405903,-105.22043464000313
-336.95914275672885,-336.95914275672885,-361.3529429738369,-357.4076841159682,-105.22043464000313
-336.95914275672885,-336.95914275672885,-357.60176557385176,-357.3467982967403,-105.22043464000313
-336.95914275672885,-336.95914275672885,-356.50999151701694,-357.0232562807217,-105.22043464000313
-336.95914275672885,-336.95914275672885,-354.4587213169067,-356.6803287750509,-105.22043464000313
-336.95914275672885,-336.95914275672885,-353.92762624802236,-356.75847289564473,-105.22043464000313
-336.95914275672885,-336.95914275672885,-354.7396459297312,-356.6155148185182,-105.22043464000313
-336.95914275672885,-336.95914275672885,-354.49299332940575,-355.964995544064,-105.22043464000313
-336.95914275672885,-336.95914275672885,-353.3901765692085,-355.81457434786796,-105.22043464000313
-336.95914275672885,-336.95914275672885,-353.7218587500455,-355.83878536323596,-105.22043464000313
-336.95914275672885,-336.95914275672885,-352.77199140972726,-355.0226480292463,-105.22043464000313
-336.95914275672885,-336.95914275672885,-352.0000553459165,-355.0373344249524,-105.22043464000313
-336.95914275672885,-336.95914275672885,-353.71561795202393,-355.39607240073326,-105.22043464000313
-336.95914275672885,-336.95914275672885,-354.0253803842571,-355.6568204119828,-105.22043464000313
-336.95914275672885,-336.95914275672885,-354.79293630090086,-356.10941733250627,-105.22043464000313
-336.95914275672885,-336.95914275672885,-356.64044239292105,-356.57747126422674,-105.22043464000313
-336.95914275672885,-336.95914275672885,-355.3464418781719,-356.3242892280213,-105.22043464000313
-336.95914275672885,-336.95914275672885,-354.4270156414865,-356.1922361397552,-105.22043464000313
-336.95914275672885,-336.95914275672885,-355.1682956019837,-356.3294690583418,-105.22043464000313
-336.95914275672885,-336.95914275672885,-357.06634329946735,-356.84297167412615,-105.22043464000313
-336.95914275672885,-336.95914275672885,-357.2800008879166,-357.12850760545683,-105.22043464000313
-336.95914275672885,-336.95914275672885,-354.87071249729604,-356.6015690251139,-105.22043464000313
-336.95914275672885,-336.95914275672885,-354.5729262755284,-356.45376914334497,-105.22043464000313
-336.95914275672885,-336.95914275672885,-354.87478642471484,-356.14558062531023,-105.22043464000313
-336.95914275672885,-336.95914275672885,-354.8579168546115,-356.29883466133515,-105.22043464000313
-336.95914275672885,-336.95914275672885,-351.77729785193475,-356.2558213708843,-105.22043464000313
-336.95914275672885,-336.95914275672885,-350.590038175966,-355.62126908899614,-105.22043464000313
-336.95914275672885,-336.95914275672885,-353.32667017146485,-356.1157540277007,-105.22043464000313
-336.95914275672885,-336.95914275672885,-352.23570822843783,-355.87474714059715,-105.22043464000313
-336.95914275672885,-336.95914275672885,-349.0434519972165,-355.8872373381048,-105.22043464000313
-336.95914275672885,-336.95914275672885,-348.3539369911275,-355.47686489606497,-105.22043464000313
-336.95914275672885,-336.95914275672885,-350.04651817638137,-355.5364356406647,-105.22043464000313
-336.95914275672885,-336.95914275672885,-351.7645175059626,-355.62685679020876,-105.22043464000313
-336.95914275672885,-336.95914275672885,-351.682379123033,-355.10798865912903,-105.22043464000313
-336.95914275672885,-336.95914275672885,-354.0963332858002,-355.4693981616051,-105.22043464000313
-336.95914275672885,-336.95914275672885,-354.1395678173298,-355.3922349466234,-105.22043464000313
-336.95914275672885,-336.95914275672885,-356.4484327101339,-354.90850097785807,-105.22043464000313
-336.95914275672885,-336.95914275672885,-353.24117337821156,-354.7525427664002,-105.22043464000313
-336.95914275672885,-336.95914275672885,-353.86888242863944,-354.5550719691047,-105.22043464000313
-336.95914275672885,-336.95914275672885,-353.8469570735372,-354.5100089469043,-105.22043464000313
-336.95914275672885,-336.95914275672885,-356.5838627052931,-354.977989011784,-105.22043464000313
-336.95914275672885,-336.95914275672885,-357.0672051938195,-355.06748683745013,-105.22043464000313
-336.95914275672885,-336.95914275672885,-355.22811758169837,-354.576588977813,-105.22043464000313
-336.95914275672885,-336.95914275672885,-354.82097581055416,-354.3827026519152,-105.22043464000313
-336.95914275672885,-336.95914275672885,-351.5242414018099,-353.9460298320058,-105.22043464000313
-336.95914275672885,-336.95914275672885,-352.9930468146509,-353.89559622497177,-105.22043464000313
-336.95914275672885,-336.95914275672885,-355.3232556904369,-354.489562876888,-105.22043464000313
-336.95914275672885,-336.95914275672885,-358.6358479866197,-354.8247401014377,-105.22043464000313
-336.95914275672885,-336.95914275672885,-358.9472096372701,-354.72205449310786,-105.22043464000313
-336.95914275672885,-336.95914275672885,-359.7347116982092,-354.6826645636952,-105.22043464000313
-336.95914275672885,-336.95914275672885,-358.34261735215716,-354.66648186924436,-105.22043464000313
-336.95914275672885,-336.95914275672885,-359.55888090455227,-354.7086744235932,-105.22043464000313
-336.95914275672885,-336.95914275672885,-361.34873319539923,-355.3259825021225,-105.22043464000313
-336.95914275672885,-336.95914275672885,-360.8629401647505,-355.25329238146196,-105.22043464000313
-336.95914275672885,-336.95914275672885,-360.1635579672121,-355.086997162067,-105.22043464000313
-336.95914275672885,-336.95914275672885,-359.5453832490997,-355.0191476251873,-105.22043464000313
-336.95914275672885,-336.95914275672885,-357.9692283508046,-355.1354793611028,-105.22043464000313
-336.95914275672885,-336.95914275672885,-356.9309321615384,-355.3123278678642,-105.22043464000313
-336.95914275672885,-336.95914275672885,-356.5847953517426,-355.3609782496148,-105.22043464000313
-336.95914275672885,-336.95914275672885,-357.1299112257867,-355.3642750588435,-105.22043464000313
-336.95914275672885,-336.95914275672885,-354.3415779652637,-354.9803991803517,-105.22043464000313
-336.95914275672885,-336.95914275672885,-352.1739235855546,-354.7434480715208,-105.22043464000313
-336.95914275672885,-336.95914275672885,-349.72174455824256,-354.52720782336627,-105.22043464000313
-336.95914275672885,-336.95914275672885,-350.7375051931516,-354.5957173432408,-105.22043464000313
-336.95914275672885,-336.95914275672885,-353.8486133951643,-354.89813258091965,-105.22043464000313
-336.95914275672885,-336.95914275672885,-355.01292349492746,-354.6936438455885,-105.22043464000313
-336.95914275672885,-336.95914275672885,-355.67454165070234,-355.20109931560876,-105.22043464000313
-336.95914275672885,-336.95914275672885,-356.41044778552185,-355.7090142966712,-105.22043464000313
-336.95914275672885,-336.95914275672885,-357.0972035462276,-355.7467598384635,-105.22043464000313
-336.95914275672885,-336.95914275672885,-354.9749141250463,-354.9459892239592,-105.22043464000313
-336.95914275672885,-336.95914275672885,-358.0793209639603,-355.14026319556035,-105.22043464000313
-336.95914275672885,-336.95914275672885,-360.0438004728869,-355.77806566663895,-105.22043464000313
-336.95914275672885,-336.95914275672885,-361.15108439735315,-355.8428394477312,-105.22043464000313
-336.95914275672885,-336.95914275672885,-361.5703364674555,-355.934827351789,-105.22043464000313
-336.95914275672885,-336.95914275672885,-359.529948886213,-355.8325389872399,-105.22043464000313
-336.95914275672885,-336.95914275672885,-356.27350260679515,-355.5928847965606,-105.22043464000313
-336.95914275672885,-336.95914275672885,-356.6524205399223,-356.41357578840007,-105.22043464000313
-336.95914275672885,-336.95914275672885,-355.8352311850048,-356.2107264993793,-105.22043464000313
-336.95914275672885,-336.95914275672885,-356.42549528786327,-356.5847172503486,-105.22043464000313
-336.95914275672885,-336.95914275672885,-358.1385128571388,-356.76500139594367,-105.22043464000313
-336.95914275672885,-336.95914275672885,-357.8396545765168,-357.03740671263824,-105.22043464000313
-336.95914275672885,-336.95914275672885,-356.53754394863364,-357.07627082108934,-105.22043464000313
-336.95914275672885,-336.95914275672885,-356.80587079738865,-356.85111010601645,-105.22043464000313
-336.95914275672885,-336.95914275672885,-355.88943644327605,-356.7762388158376,-105.22043464000313
-336.95914275672885,-336.95914275672885,-355.67172927079685,-356.14761818423926,-105.22043464000313
-336.95914275672885,-336.95914275672885,-356.5329600505521,-356.071563243205,-105.22043464000313
-336.95914275672885,-336.95914275672885,-357.90516327085004,-356.7049219005432,-105.22043464000313
-336.95914275672885,-336.95914275672885,-356.400321507841,-356.8425561253052,-105.22043464000313
-336.95914275672885,-336.95914275672885,-354.0108482902134,-356.61311042266345,-105.22043464000313
-336.95914275672885,-336.95914275672885,-353.7105353569059,-356.73771705261737,-105.22043464000313
-336.95914275672885,-336.95914275672885,-352.68590045615485,-356.2578142628106,-105.22043464000313
-336.95914275672885,-336.95914275672885,-352.24148984530694,-356.1111277513868,-105.22043464000313
-336.95914275672885,-336.95914275672885,-351.9955536436807,-356.2045973184129,-105.22043464000313
-336.95914275672885,-336.95914275672885,-352.22755680868556,-356.2575550154639,-105.22043464000313
-336.95914275672885,-336.95914275672885,-354.46036639004194,-356.73484318188565,-105.22043464000313
-336.95914275672885,-336.95914275672885,-355.75090795255284,-356.62313547078537,-105.22043464000313
-336.95914275672885,-336.95914275672885,-355.01234199220113,-356.6427391608961,-105.22043464000313
-336.95914275672885,-336.95914275672885,-355.5016952601976,-356.21572558002066,-105.22043464000313
-336.95914275672885,-336.95914275672885,-358.45507828140717,-356.5146841514907,-105.22043464000313
-336.95914275672885,-336.95914275672885,-359.72873472946384,-356.73652165886824,-105.22043464000313
-335.58323023282975,-335.58323023282975,-362.0761277454736,-357.00451634147385,-105.22043464000313
-336.95914275672885,-336.95914275672885,-358.05450385690165,-355.81025234185677,-105.22043464000313
-336.95914275672885,-336.95914275672885,-358.7627176761426,-355.6873942145615,-105.22043464000313
-336.95914275672885,-336.95914275672885,-359.57295272799377,-355.9995575281126,-105.22043464000313
-336.95914275672885,-336.95914275672885,-357.4032682517814,-356.18278523879957,-105.22043464000313
-336.95914275672885,-336.95914275672885,-357.6818617395343,-356.2504311688724,-105.22043464000313
-336.95914275672885,-336.95914275672885,-357.1065486949852,-356.47020322973214,-105.22043464000313
-335.5393529144833,-335.5393529144833,-357.6025910846834,-356.3500573646497,-105.22043464000313
-335.4167930765733,-335.4167930765733,-351.0386606194375,-355.4054572050298,-105.22043464000313
-336.07449972790994,-336.07449972790994,-345.7529252834142,-354.4611244703938,-105.22043464000313
-335.57743431190715,-335.57743431190715,-344.84651191988013,-355.10550313239713,-105.22043464000313
-336.95914275672885,-336.95914275672885,-346.048939620001,-354.585255548746,-105.22043464000313
-336.95914275672885,-336.95914275672885,-347.8865686974138,-355.3203590423958,-105.22043464000313
-336.95914275672885,-336.95914275672885,-347.2877663150954,-355.3096097525012,-105.22043464000313
-336.95914275672885,-336.95914275672885,-347.4753480347571,-354.9081321667181,-105.22043464000313
-336.95914275672885,-336.95914275672885,-347.04701244700766,-354.6572489592884,-105.22043464000313
-336.95914275672885,-336.95914275672885,-347.0528359351654,-354.74586208662475,-105.22043464000313
-336.95914275672885,-336.95914275672885,-347.02148599363596,-354.4722650062725,-105.22043464000313
-336.95914275672885,-336.95914275672885,-353.6909361585753,-354.72420372749934,-105.22043464000313
-336.95914275672885,-336.95914275672885,-358.08579473928614,-355.08330059324174,-105.22043464000313
-336.95914275672885,-336.95914275672885,-358.8481510396759,-355.25926914754024,-105.22043464000313
-336.95914275672885,-336.95914275672885,-362.76818061539143,-355.13013157724686,-105.22043464000313
-336.95914275672885,-336.95914275672885,-360.45297794948635,-355.1807377528224,-105.22043464000313
-336.95914275672885,-336.95914275672885,-360.35265258398505,-355.0660729758072,-105.22043464000313
-336.95914275672885,-336.95914275672885,-360.7191915940733,-355.14598070829015,-105.22043464000313
-336.95914275672885,-336.95914275672885,-360.22667665582566,-355.44788376909446,-105.22043464000313
-336.95914275672885,-336.95914275672885,-359.30622799165883,-355.2766235769721,-105.22043464000313
-336.95914275672885,-336.95914275672885,-359.3798623468187,-355.1811912386353,-105.22043464000313
-336.95914275672885,-336.95914275672885,-358.06527413361863,-355.0521594966504,-105.22043464000313
-336.95914275672885,-336.95914275672885,-360.11164007546097,-355.4779260369062,-105.22043464000313
-336.95914275672885,-336.95914275672885,-360.9459939929463,-355.88053703082625,-105.22043464000313
-336.95914275672885,-336.95914275672885,-361.8229706185343,-356.187216911227,-105.22043464000313
-336.95914275672885,-336.95914275672885,-362.4962976368777,-356.31882312072025,-105.22043464000313
-336.95914275672885,-336.95914275672885,-363.98667249813593,-356.6855201867791,-105.22043464000313
-336.95914275672885,-336.95914275672885,-366.21699725999366,-357.25503430612946,-105.22043464000313
-336.95914275672885,-336.95914275672885,-369.75785577506764,-358.0928629139976,-105.22043464000313
-336.95914275672885,-336.95914275672885,-370.97969099049175,-357.89152912090043,-105.22043464000313
-336.95914275672885,-336.95914275672885,-370.86600209916884,-358.0743273569008,-105.22043464000313
-336.95914275672885,-336.95914275672885,-369.68886360840975,-358.1877625602896,-105.22043464000313
-336.95914275672885,-336.95914275672885,-365.9448227209879,-357.9247835097226,-105.22043464000313
-336.95914275672885,-336.95914275672885,-364.4170172173709,-358.2267603830694,-105.22043464000313
-336.95914275672885,-336.95914275672885,-362.73778859698683,-358.28647666156314,-105.22043464000313
-336.95914275672885,-336.95914275672885,-362.97265890089835,-358.51424417216384,-105.22043464000313
-336.95914275672885,-336.95914275672885,-361.68865989725816,-358.57774080449366,-105.22043464000313
-336.95914275672885,-336.95914275672885,-358.15252707516987,-357.9934664431551,-105.22043464000313
-336.95914275672885,-336.95914275672885,-355.4667326665027,-358.0360278567877,-105.22043464000313
-336.95914275672885,-336.95914275672885,-353.2197434667877,-357.5330094158178,-105.22043464000313
-336.95914275672885,-336.95914275672885,-352.4199775766288,-357.45798382018717,-105.22043464000313
-336.95914275672885,-336.95914275672885,-352.2748812877094,-356.9517231615502,-105.22043464000313
-336.95914275672885,-336.95914275672885,-351.20313127572024,-356.219662818974,-105.22043464000313
-336.95914275672885,-336.95914275672885,-350.15269655086934,-355.8420741441485,-105.22043464000313
-336.95914275672885,-336.95914275672885,-351.02497455390136,-356.880570800963,-105.22043464000313
-336.95914275672885,-336.95914275672885,-349.9870731227319,-356.7591152614816,-105.22043464000313
-336.95914275672885,-336.95914275672885,-349.4960124634494,-356.56235275158485,-105.22043464000313
-336.95914275672885,-336.95914275672885,-349.907323104997,-356.4942774137983,-105.22043464000313
-336.95914275672885,-336.95914275672885,-349.67419691951034,-356.4344948927829,-105.22043464000313
-336.95914275672885,-336.95914275672885,-351.0752569589704,-356.32675106861495,-105.22043464000313
-336.95914275672885,-336.95914275672885,-350.74196454080777,-356.085858511412,-105.22043464000313
-336.95914275672885,-336.95914275672885,-352.11538915094,-357.1670688678506,-105.22043464000313
-336.95914275672885,-336.95914275672885,-356.3935545042633,-358.34778866314366,-105.22043464000313
-336.95914275672885,-336.95914275672885,-356.94650318882987,-358.2620723979385,-105.22043464000313
-336.95914275672885,-336.95914275672885,-357.0784551893747,-359.0864739148377,-105.22043464000313
-336.95914275672885,-336.95914275672885,-358.3230321682113,-358.84640795564104,-105.22043464000313
-336.95914275672885,-336.95914275672885,-361.11502029705537,-359.3278035479767,-105.22043464000313
-336.95914275672885,-336.95914275672885,-363.22035237087147,-359.64327828102114,-105.22043464000313
-336.95914275672885,-336.95914275672885,-362.2033188200654,-359.4657561673944,-105.22043464000313
-336.95914275672885,-336.95914275672885,-360.97019780487096,-359.11022344255593,-105.22043464000313
-336.95914275672885,-336.95914275672885,-361.89262889550525,-359.06008709178576,-105.22043464000313
-336.95914275672885,-336.95914275672885,-361.8716451746159,-358.8032106710587,-105.22043464000313
-336.95914275672885,-336.95914275672885,-359.00987932400096,-358.5326055800867,-105.22043464000313
-336.95914275672885,-336.95914275672885,-358.74579473282364,-358.2416011365681,-105.22043464000313
-336.95914275672885,-336.95914275672885,-360.56726562608935,-358.6462909169773,-105.22043464000313
-336.95914275672885,-336.95914275672885,-361.52172641244886,-359.0601576482335,-105.22043464000313
-336.95914275672885,-336.95914275672885,-361.7993975703372,-359.61715254524717,-105.22043464000313
-336.95914275672885,-336.95914275672885,-360.9746995498379,-359.69437987217395,-105.22043464000313
-336.95914275672885,-336.95914275672885,-361.2107346440211,-359.66256776503343,-105.22043464000313
-336.95914275672885,-336.95914275672885,-362.6216778023733,-359.7733134046989,-105.22043464000313
-336.95914275672885,-336.95914275672885,-363.7524115776613,-359.9345969379545,-105.22043464000313
-336.95914275672885,-336.95914275672885,-362.47279955812377,-359.6847157559598,-105.22043464000313
-336.95914275672885,-336.95914275672885,-364.3691608376839,-359.3841097325313,-105.22043464000313
-336.95914275672885,-336.95914275672885,-365.67211700819905,-359.18682573961866,-105.22043464000313
-336.95914275672885,-336.95914275672885,-362.03298299517894,-358.6882933923063,-105.22043464000313
-336.95914275672885,-336.95914275672885,-358.0142661063669,-358.1637513421315,-105.22043464000313
-336.95914275672885,-336.95914275672885,-359.3643502211374,-358.6926880898476,-105.22043464000313
-336.95914275672885,-336.95914275672885,-359.10697245049175,-358.27237491027364,-105.22043464000313
-336.95914275672885,-336.95914275672885,-360.2170577329185,-357.75440815660363,-105.22043464000313
-336.95914275672885,-336.95914275672885,-359.6021663750903,-357.49780848161856,-105.22043464000313
-336.95914275672885,-336.95914275672885,-357.31648988000296,-357.2246944941212,-105.22043464000313
-336.95914275672885,-336.95914275672885,-359.2628969573727,-357.59952242575235,-105.22043464000313
-336.95914275672885,-336.95914275672885,-358.2025164631623,-357.83564848096614,-105.22043464000313
-336.95914275672885,-336.95914275672885,-356.0477307517871,-357.51296844650176,-105.22043464000313
-336.95914275672885,-336.95914275672885,-357.2073773176485,-357.58221113643856,-105.22043464000313
-336.95914275672885,-336.95914275672885,-358.9105257205339,-357.3513247060585,-105.22043464000313
-336.95914275672885,-336.95914275672885,-357.09542520665207,-357.7740411517263,-105.22043464000313
-336.95914275672885,-336.95914275672885,-356.72170668833223,-357.98621083290607,-105.22043464000313
-336.95914275672885,-336.95914275672885,-356.1936818785099,-357.8997979990051,-105.22043464000313
-336.95914275672885,-336.95914275672885,-358.68225709334774,-358.59031120693055,-105.22043464000313
-336.95914275672885,-336.95914275672885,-360.8805706986637,-358.9168131185281,-105.22043464000313
-336.95914275672885,-336.95914275672885,-358.78229036059895,-358.9010042403303,-105.22043464000313
-336.95914275672885,-336.95914275672885,-357.8449198330574,-359.1640061924336,-105.22043464000313
-336.95914275672885,-336.95914275672885,-360.73798014459095,-359.63002516524614,-105.22043464000313
-336.95914275672885,-336.95914275672885,-361.5454174734002,-359.68629972033835,-105.22043464000313
-336.95914275672885,-336.95914275672885,-362.01185087091505,-359.7562802556952,-105.22043464000313
-336.95914275672885,-336.95914275672885,-363.38139387095987,-360.55111743322846,-105.22043464000313
-336.95914275672885,-336.95914275672885,-366.2674534194839,-361.2582368958035,-105.22043464000313
-336.95914275672885,-336.95914275672885,-368.0495852684093,-361.5748756687849,-105.22043464000313
-336.95914275672885,-336.95914275672885,-365.2637130755448,-361.4280024302454,-105.22043464000313
-336.95914275672885,-336.95914275672885,-364.1979858988483,-361.6080173901363,-105.22043464000313
-336.95914275672885,-336.95914275672885,-365.27231013898256,-361.5323884379388,-105.22043464000313
-336.95914275672885,-336.95914275672885,-367.01283708729386,-361.28786270903976,-105.22043464000313
-336.95914275672885,-336.95914275672885,-365.5574778678879,-361.35222010105775,-105.22043464000313
-336.95914275672885,-336.95914275672885,-367.7668445281548,-361.8239775880944,-105.22043464000313
-336.95914275672885,-336.95914275672885,-368.4977474312393,-361.79122330830086,-105.22043464000313
-336.95914275672885,-336.95914275672885,-366.64861927397106,-361.6578372286115,-105.22043464000313
-336.95914275672885,-336.95914275672885,-364.92562911268715,-361.5992922441666,-105.22043464000313
-336.95914275672885,-336.95914275672885,-364.4608729425042,-362.0263864932726,-105.22043464000313
-336.95914275672885,-336.95914275672885,-366.2843884971094,-362.4908405686931,-105.22043464000313
-336.95914275672885,-336.95914275672885,-369.51305013705166,-363.13210163844553,-105.22043464000313
-336.95914275672885,-336.95914275672885,-370.2768946620323,-363.2134383354221,-105.22043464000313
-336.95914275672885,-336.95914275672885,-371.0095715728369,-363.6878011588069,-105.22043464000313
-336.95914275672885,-336.95914275672885,-369.9385296311506,-363.59076708072314,-105.22043464000313
-336.95914275672885,-336.95914275672885,-366.93127773229065,-363.0967800093347,-105.22043464000313
-336.95914275672885,-336.95914275672885,-366.0170440880434,-362.69028684341976,-105.22043464000313
-336.95914275672885,-336.95914275672885,-364.18206385543857,-362.13437048563173,-105.22043464000313
-336.95914275672885,-336.95914275672885,-363.144513113471,-362.03325495689313,-105.22043464000313
-336.95914275672885,-336.95914275672885,-363.31735863411404,-362.4477112912911,-105.22043464000313
-336.95914275672885,-336.95914275672885,-362.52575218395276,-362.47165544500893,-105.22043464000313
-336.95914275672885,-336.95914275672885,-360.7614496750514,-362.53390925792354,-105.22043464000313
-336.95914275672885,-336.95914275672885,-360.44009046044323,-362.8068965158859,-105.22043464000313
-336.95914275672885,-336.95914275672885,-360.6278065035291,-362.9395302919758,-105.22043464000313
-336.95914275672885,-336.95914275672885,-361.21450226517356,-362.69924413211794,-105.22043464000313
-336.95914275672885,-336.95914275672885,-361.55449604226254,-363.00108261875124,-105.22043464000313
-336.95914275672885,-336.95914275672885,-362.73865814808295,-363.6351652517629,-105.22043464000313
-336.95914275672885,-336.95914275672885,-364.3358061535308,-363.1286616721104,-105.22043464000313
-336.95914275672885,-336.95914275672885,-364.936506068227,-363.1991616804402,-105.22043464000313
-336.95914275672885,-336.95914275672885,-363.75321399138096,-363.15494254298363,-105.22043464000313
-336.95914275672885,-336.95914275672885,-362.3275787863248,-363.0167379272558,-105.22043464000313
-336.95914275672885,-336.95914275672885,-359.24153367166207,-362.9189180162554,-105.22043464000313
-336.95914275672885,-336.95914275672885,-360.3904835954272,-363.03241384349684,-105.22043464000313
-336.95914275672885,-336.95914275672885,-358.99333130786323,-363.09769326091606,-105.22043464000313
-336.95914275672885,-336.95914275672885,-358.60219457188595,-363.2101368961377,-105.22043464000313
-336.95914275672885,-336.95914275672885,-357.84902872176895,-363.12941289957547,-105.22043464000313
-336.95914275672885,-336.95914275672885,-355.87664681101717,-363.0283894698595,-105.22043464000313
-336.95914275672885,-336.95914275672885,-358.80818546436086,-363.47121372365217,-105.22043464000313
-336.95914275672885,-336.95914275672885,-361.81260472183476,-364.21734128714075,-105.22043464000313
-336.95914275672885,-336.95914275672885,-360.71261793509944,-364.0587297543016,-105.22043464000313
-336.95914275672885,-336.95914275672885,-363.72994321325586,-364.0262751512375,-105.22043464000313
-336.95914275672885,-336.95914275672885,-368.2098587684615,-364.3847756302151,-105.22043464000313
-336.95914275672885,-336.95914275672885,-365.5517113810796,-364.386298047593,-105.22043464000313
-336.95914275672885,-336.95914275672885,-365.49370150248336,-364.62744959480136,-105.22043464000313
-336.95914275672885,-336.95914275672885,-365.2352823186037,-364.1095973309404,-105.22043464000313
-336.95914275672885,-336.95914275672885,-366.45727891470017,-364.11178518783544,-105.22043464000313
-336.95914275672885,-336.95914275672885,-365.72105293889496,-363.77022988345556,-105.22043464000313
-336.95914275672885,-336.95914275672885,-364.58284647416036,-363.71150424429237,-105.22043464000313
-336.95914275672885,-336.95914275672885,-363.75893402197914,-363.7156374076398,-105.22043464000313
-336.95914275672885,-336.95914275672885,-364.6003923835801,-363.36889117733574,-105.22043464000313
-336.95914275672885,-336.95914275672885,-360.21444189717397,-363.01642091556334,-105.22043464000313
-336.95914275672885,-336.95914275672885,-358.3753007639641,-363.2202386032381,-105.22043464000313
-336.95914275672885,-336.95914275672885,-359.8616772848614,-363.30417147676866,-105.22043464000313
-336.95914275672885,-336.95914275672885,-360.0032281962562,-363.22552781659374,-105.22043464000313
-336.95914275672885,-336.95914275672885,-361.9695461230735,-363.39201098197736,-105.22043464000313
-336.95914275672885,-336.95914275672885,-361.11475797539214,-362.78136787728295,-105.22043464000313
-336.95914275672885,-336.95914275672885,-362.4831154853597,-362.5673034942797,-105.22043464000313
-336.95914275672885,-336.95914275672885,-360.6524601532111,-362.51227242014033,-105.22043464000313
-336.95914275672885,-336.95914275672885,-359.1388066019391,-362.5582729054902,-105.22043464000313
-336.95914275672885,-336.95914275672885,-358.5244995720558,-362.1816165032461,-105.22043464000313
-336.95914275672885,-336.95914275672885,-359.7103600000952,-361.7016152161604,-105.22043464000313
-336.95914275672885,-336.95914275672885,-356.3839044696399,-360.5944094697559,-105.22043464000313
-336.95914275672885,-336.95914275672885,-356.5759290688817,-360.5639783581386,-105.22043464000313
-335.31942258516347,-335.31942258516347,-358.0596596865056,-360.63554543932753,-105.22043464000313
-336.02659744079904,-336.02659744079904,-350.7149281703589,-359.54729068981914,-105.22043464000313
-336.3303599722159,-336.3303599722159,-345.2328306864106,-358.441678468107,-105.22043464000313
-335.86265246850763,-335.86265246850763,-345.5231806786759,-358.4685308124062,-105.22043464000313
-335.667694851305,-335.667694851305,-346.8796264875546,-359.05178494656366,-105.22043464000313
-335.18199289285303,-335.18199289285303,-338.4303118183532,-357.61543264646673,-105.22043464000313
-336.19698278408873,-336.19698278408873,-334.23780326935605,-356.36570543029455,-105.22043464000313
-335.0865144295331,-335.0865144295331,-330.1896616741488,-355.23439711419974,-105.22043464000313
-336.1505705012927,-336.1505705012927,-328.2823070420524,-354.09858094315604,-105.22043464000313
-336.2252115290028,-336.2252115290028,-323.1497632313831,-353.10591291232663,-105.22043464000313
-335.1891026845657,-335.1891026845657,-316.1584789076509,-351.74167992015197,-105.22043464000313
-335.9746781351794,-335.9746781351794,-323.3772533223314,-351.9798409012507,-105.22043464000313
-336.3165176763755,-336.3165176763755,-330.2667308210919,-352.18412542387273,-105.22043464000313
-335.4948149388287,-335.4948149388287,-328.0954302705869,-351.5398852369069,-105.22043464000313
-335.9746781351794,-335.9746781351794,-322.0446146032645,-350.59354663651027,-105.22043464000313
-336.5083324167714,-336.5083324167714,-328.2459367878684,-350.2773187903949,-105.22043464000313
-335.66622985702196,-335.66622985702196,-330.17251908529636,-349.64956644907744,-105.22043464000313
-335.88175809900764,-335.88175809900764,-330.49062644968336,-348.86700664687146,-105.22043464000313
-335.08011213447367,-335.08011213447367,-334.25610119871453,-349.10149444856654,-105.22043464000313
-335.0865144295331,-335.0865144295331,-335.7912449484624,-348.18606518293365,-105.22043464000313
-335.9746781351794,-335.9746781351794,-337.2066284818757,-347.38433935495436,-105.22043464000313
-335.4730557468598,-335.4730557468598,-336.7695185274976,-347.61330569237305,-105.22043464000313
-335.99881028890354,-335.99881028890354,-332.6006055373547,-347.13444078698996,-105.22043464000313
-336.95914275672885,-336.95914275672885,-335.14014391395375,-347.3925846574943,-105.22043464000313
-336.95914275672885,-336.95914275672885,-339.01372370483165,-346.6346542846044,-105.22043464000313
-336.95914275672885,-336.95914275672885,-338.58011636616243,-345.6308211192604,-105.22043464000313
-336.95914275672885,-336.95914275672885,-340.7150614308212,-345.6500551482219,-105.22043464000313
-336.95914275672885,-336.95914275672885,-345.92847050591735,-345.30671210540373,-105.22043464000313
-336.95914275672885,-336.95914275672885,-347.86753050558355,-345.03302879599096,-105.22043464000313
-336.95914275672885,-336.95914275672885,-352.48123820148015,-345.5719705470138,-105.22043464000313
-336.95914275672885,-336.95914275672885,-358.5870674269528,-346.0030125398482,-105.22043464000313
-336.95914275672885,-336.95914275672885,-357.15288740996897,-345.9968267106461,-105.22043464000313
-336.95914275672885,-336.95914275672885,-358.41979556181826,-345.52694411641346,-105.22043464000313
-336.95914275672885,-336.95914275672885,-357.3002577456828,-345.70842561885183,-105.22043464000313
-336.95914275672885,-336.95914275672885,-357.6160305925382,-345.24129110828005,-105.22043464000313
-336.95914275672885,-336.95914275672885,-358.2645718175453,-344.53194867837374,-105.22043464000313
-336.95914275672885,-336.95914275672885,-356.58542268608323,-344.04706120872254,-105.22043464000313
-336.95914275672885,-336.95914275672885,-353.0237624671203,-343.86857621939305,-105.22043464000313
-336.95914275672885,-336.95914275672885,-351.2127204433139,-343.60051273186093,-105.22043464000313
-336.95914275672885,-336.95914275672885,-347.89213814968974,-343.17806271997944,-105.22043464000313
-336.95914275672885,-336.95914275672885,-344.9551420007543,-342.99339530074786,-105.22043464000313
-336.95914275672885,-336.95914275672885,-345.1260493321621,-342.62812735246376,-105.22043464000313
-336.95914275672885,-336.95914275672885,-346.4520104986163,-342.59439462105837,-105.22043464000313
-336.95914275672885,-336.95914275672885,-346.4978886933744,-342.5113802604547,-105.22043464000313
-336.95914275672885,-336.95914275672885,-344.8903283555443,-342.08886474874663,-105.22043464000313
-336.95914275672885,-336.95914275672885,-347.21319278038993,-342.146825914064,-105.22043464000313
-336.95914275672885,-336.95914275672885,-351.7623888741111,-342.69463906913353,-105.22043464000313
-336.95914275672885,-336.95914275672885,-357.8192598767663,-343.4903561947272,-105.22043464000313
-336.95914275672885,-336.95914275672885,-361.0689893279047,-344.5375297035139,-105.22043464000313
-336.95914275672885,-336.95914275672885,-365.08775530213285,-344.8804279666297,-105.22043464000313
-335.57479986739577,-335.57479986739577,-366.458926210525,-344.6732486055518,-105.22043464000313
-335.87159542081105,-335.87159542081105,-360.73912196938517,-344.632966112269,-105.22043464000313
-335.97127572829527,-335.97127572829527,-353.73389816534626,-344.2946081168455,-105.22043464000313
-335.5468801790827,-335.5468801790827,-347.79033932768624,-342.9648119902568,-105.22043464000313
-335.45992034050573,-335.45992034050573,-341.5182011008494,-341.0165796714056,-105.22043464000313
-335.9746781351794,-335.9746781351794,-334.9381485686546,-341.44839326412426,-105.22043464000313
-335.93399223693433,-335.93399223693433,-334.3204226233787,-342.71116293993816,-105.22043464000313
-336.09173062985695,-336.09173062985695,-325.61557919518003,-342.5755396989335,-105.22043464000313
-335.86468010044496,-335.86468010044496,-321.51722845449535,-343.18451398600234,-105.22043464000313
-335.88175809900764,-335.88175809900764,-319.2047934302382,-344.0914340064007,-105.22043464000313
-336.95914275672885,-336.95914275672885,-319.87206293306014,-345.41596541063353,-105.22043464000313
-336.95914275672885,-336.95914275672885,-328.77779047406796,-345.7130735426163,-105.22043464000313
-336.95914275672885,-336.95914275672885,-337.9734468179556,-345.83595131621826,-105.22043464000313
-336.95914275672885,-336.95914275672885,-346.80737961743546,-346.7072018596266,-105.22043464000313
-336.95914275672885,-336.95914275672885,-356.8077650551935,-347.96920976179143,-105.22043464000313
-336.95914275672885,-336.95914275672885,-362.255915227877,-348.2503889521259,-105.22043464000313
-336.95914275672885,-336.95914275672885,-361.43789061705024,-348.9642372462888,-105.22043464000313
-336.95914275672885,-336.95914275672885,-368.1844773662116,-350.114309882239,-105.22043464000313
-336.95914275672885,-336.95914275672885,-369.9327704140901,-350.3198478290775,-105.22043464000313
-336.95914275672885,-336.95914275672885,-370.2794545563678,-350.98907592798173,-105.22043464000313
-336.95914275672885,-336.95914275672885,-371.5289333790284,-352.2804263900641,-105.22043464000313
-336.95914275672885,-336.95914275672885,-369.3176176541721,-352.2226933679513,-105.22043464000313
-336.95914275672885,-336.95914275672885,-367.87851245532994,-352.8915326998133,-105.22043464000313
-336.95914275672885,-336.95914275672885,-365.8545411791587,-352.85008131266756,-105.22043464000313
-336.95914275672885,-336.95914275672885,-364.5084375217827,-353.0681525251816,-105.22043464000313
-336.95914275672885,-336.95914275672885,-364.1979745892819,-353.37396059674967,-105.22043464000313
-336.95914275672885,-336.95914275672885,-364.16763189453815,-353.6547513390322,-105.22043464000313
-336.95914275672885,-336.95914275672885,-361.7860268330255,-353.28582114766067,-105.22043464000313
-336.95914275672885,-336.95914275672885,-362.779006366759,-353.3021430013125,-105.22043464000313
-336.95914275672885,-336.95914275672885,-361.9644715732094,-352.8857226023275,-105.22043464000313
-336.95914275672885,-336.95914275672885,-360.02427606304,-352.56786811728153,-105.22043464000313
-336.95914275672885,-336.95914275672885,-361.0495930515996,-353.00203449627736,-105.22043464000313
-336.95914275672885,-336.95914275672885,-359.9458790676823,-353.1967494009861,-105.22043464000313
-336.95914275672885,-336.95914275672885,-359.49348346193153,-353.2887264559173,-105.22043464000313
-336.95914275672885,-336.95914275672885,-358.54324526730045,-353.2535954601341,-105.22043464000313
-336.95914275672885,-336.95914275672885,-357.0615269457043,-353.1333516223816,-105.22043464000313
-336.95914275672885,-336.95914275672885,-356.00484440114604,-353.53863568204486,-105.22043464000313
-336.95914275672885,-336.95914275672885,-358.94771948234603,-354.47061255070594,-105.22043464000313
-336.95914275672885,-336.95914275672885,-359.5058255433337,-354.96076402131655,-105.22043464000313
-336.95914275672885,-336.95914275672885,-361.67631757103453,-355.6425584865966,-105.22043464000313
-336.95914275672885,-336.95914275672885,-358.94262345854577,-355.36536440884,-105.22043464000313
-336.95914275672885,-336.95914275672885,-357.0929865051678,-355.39542193087857,-105.22043464000313
-336.95914275672885,-336.95914275672885,-358.9190797010141,-355.69016324146565,-105.22043464000313
-336.95914275672885,-336.95914275672885,-362.3261218510412,-356.45437308745056,-105.22043464000313
-336.95914275672885,-336.95914275672885,-365.3546656217967,-357.3464629133845,-105.22043464000313
-336.95914275672885,-336.95914275672885,-366.5386939771724,-356.9984518617381,-105.22043464000313
-336.95914275672885,-336.95914275672885,-366.98543900355173,-356.583245707933,-105.22043464000313
-336.95914275672885,-336.95914275672885,-364.86094884424944,-355.8789503442025,-105.22043464000313
-336.95914275672885,-336.95914275672885,-364.62880017462686,-355.67272619066097,-105.22043464000313
-336.95914275672885,-336.95914275672885,-363.85580580097013,-355.396168586364,-105.22043464000313
-336.95914275672885,-336.95914275672885,-367.5352623475388,-355.5806316362427,-105.22043464000313
-336.95914275672885,-336.95914275672885,-371.09143461084295,-357.4658844591701,-105.22043464000313
-336.95914275672885,-336.95914275672885,-370.7182949713816,-359.08704260267274,-105.22043464000313
-336.95914275672885,-336.95914275672885,-369.18786973259375,-360.73387916843217,-105.22043464000313
-336.95914275672885,-336.95914275672885,-368.21709277031124,-362.686241247277,-105.22043464000313
-336.95914275672885,-336.95914275672885,-368.7573329370481,-363.76228873541675,-105.22043464000313
-336.95914275672885,-336.95914275672885,-368.9261367671264,-363.5043885366826,-105.22043464000313
-336.95914275672885,-336.95914275672885,-369.52192100663285,-364.6602187064931,-105.22043464000313
-336.95914275672885,-336.95914275672885,-368.59726728991234,-365.0887339577444,-105.22043464000313
-336.95914275672885,-336.95914275672885,-367.69028411068837,-365.0932667224541,-105.22043464000313
-336.95914275672885,-336.95914275672885,-366.2754203420765,-364.8613031180459,-105.22043464000313
-336.95914275672885,-336.95914275672885,-361.48302750706637,-364.0069318657698,-105.22043464000313
-336.95914275672885,-336.95914275672885,-359.86191130563054,-363.4647355002078,-105.22043464000313
-336.95914275672885,-336.95914275672885,-356.7612490835591,-362.72465306165685,-105.22043464000313
-336.95914275672885,-336.95914275672885,-354.0908012633187,-362.14284848890196,-105.22043464000313
-336.95914275672885,-336.95914275672885,-354.8022539238625,-362.2715564746139,-105.22043464000313
-336.95914275672885,-336.95914275672885,-355.3646917290923,-362.28974875909097,-105.22043464000313
-336.95914275672885,-336.95914275672885,-353.843264800134,-361.7919761932776,-105.22043464000313
-336.95914275672885,-336.95914275672885,-350.9037768251668,-361.28293523995967,-105.22043464000313
-336.95914275672885,-336.95914275672885,-350.0616421346745,-361.0497042381153,-105.22043464000313
-336.95914275672885,-336.95914275672885,-349.8217738947883,-360.5198712211979,-105.22043464000313
-336.95914275672885,-336.95914275672885,-349.7422294172503,-360.09185421838544,-105.22043464000313
-336.95914275672885,-336.95914275672885,-351.8302109587829,-360.2550752008984,-105.22043464000313
-336.95914275672885,-336.95914275672885,-351.27194044918804,-359.80813291566267,-105.22043464000313
-336.95914275672885,-336.95914275672885,-350.44031519909726,-359.32922402436486,-105.22043464000313
-336.95914275672885,-336.95914275672885,-347.8825975485488,-359.0084810664672,-105.22043464000313
-336.95914275672885,-336.95914275672885,-347.5259922609737,-358.96142083237805,-105.22043464000313
-336.95914275672885,-336.95914275672885,-348.9680722394704,-359.22838527456656,-105.22043464000313
-336.95914275672885,-336.95914275672885,-351.71870983907615,-359.0708759344232,-105.22043464000313
-336.95914275672885,-336.95914275672885,-354.8294582827437,-359.6227015800222,-105.22043464000313
-336.95914275672885,-336.95914275672885,-355.1477383495782,-359.5445636785055,-105.22043464000313
-336.95914275672885,-336.95914275672885,-357.66567490046884,-359.41507058815927,-105.22043464000313
-336.95914275672885,-336.95914275672885,-358.25552628152775,-359.9170046436674,-105.22043464000313
-336.95914275672885,-336.95914275672885,-361.7385560650331,-360.257147436283,-105.22043464000313
-336.95914275672885,-336.95914275672885,-364.7592051741901,-360.57241600574275,-105.22043464000313
-336.95914275672885,-336.95914275672885,-367.77985428334705,-361.1521465339957,-105.22043464000313
-336.95914275672885,-336.95914275672885,-368.4604305680819,-361.45253806576517,-105.22043464000313
-336.95914275672885,-336.95914275672885,-368.42054522440833,-361.122950422979,-105.22043464000313
-336.95914275672885,-336.95914275672885,-368.5767685672771,-360.8850645392119,-105.22043464000313
-336.95914275672885,-336.95914275672885,-367.38638014220743,-360.76471409425676,-105.22043464000313
-336.95914275672885,-336.95914275672885,-369.7606783525781,-361.70817465731193,-105.22043464000313
-336.95914275672885,-336.95914275672885,-371.7395516672309,-362.3443836205718,-105.22043464000313
-336.95914275672885,-336.95914275672885,-368.3026824792396,-361.7937251993125,-105.22043464000313
-336.95914275672885,-336.95914275672885,-364.981516539494,-360.7882263739736,-105.22043464000313
-336.95914275672885,-336.95914275672885,-362.5770033002492,-360.0168835414333,-105.22043464000313
-336.95914275672885,-336.95914275672885,-360.17249006100457,-359.8789057507622,-105.22043464000313
-336.95914275672885,-336.95914275672885,-358.72429650461766,-359.8003095659784,-105.22043464000313
-336.95914275672885,-336.95914275672885,-357.6304227065941,-359.67684519544787,-105.22043464000313
-336.95914275672885,-336.95914275672885,-357.46575197516785,-359.45245489932006,-105.22043464000313
-336.95914275672885,-336.95914275672885,-355.743751174808,-359.1423031690244,-105.22043464000313
-336.95914275672885,-336.95914275672885,-353.32550071798033,-358.86622233140025,-105.22043464000313
-336.95914275672885,-336.95914275672885,-349.93839240390014,-358.1137751791833,-105.22043464000313
-336.95914275672885,-336.95914275672885,-350.8296502439558,-357.81599625382734,-105.22043464000313
-336.95914275672885,-336.95914275672885,-352.10076857022915,-357.3708061415007,-105.22043464000313
-336.95914275672885,-336.95914275672885,-352.11977095330263,-356.79741917803165,-105.22043464000313
-336.95914275672885,-336.95914275672885,-352.138773336376,-356.5551938306278,-105.22043464000313
-336.95914275672885,-336.95914275672885,-354.11514268501725,-356.83811074955656,-105.22043464000313
-336.95914275672885,-336.95914275672885,-354.293239222137,-356.6311088385487,-105.22043464000313
-336.95914275672885,-336.95914275672885,-353.12866030923504,-356.3587335031846,-105.22043464000313
-336.95914275672885,-336.95914275672885,-353.3616177771092,-356.27656990230855,-105.22043464000313
-336.95914275672885,-336.95914275672885,-351.3856886329828,-355.8882759895816,-105.22043464000313
-336.95914275672885,-336.95914275672885,-351.07527810270983,-356.03222529831197,-105.22043464000313
-336.95914275672885,-336.95914275672885,-350.5642601993348,-355.95646603256813,-105.22043464000313
-336.95914275672885,-336.95914275672885,-349.00244239010306,-355.81904480280946,-105.22043464000313
-336.95914275672885,-336.95914275672885,-347.02017146612025,-355.38329321859186,-105.22043464000313
-336.95914275672885,-336.95914275672885,-347.2267293095415,-355.04008890776356,-105.22043464000313
-336.95914275672885,-336.95914275672885,-347.11541679852974,-355.1882557634441,-105.22043464000313
-336.95914275672885,-336.95914275672885,-347.1787137516543,-355.2981986288527,-105.22043464000313
-336.95914275672885,-336.95914275672885,-345.7520894623738,-355.32839603062604,-105.22043464000313
-336.95914275672885,-336.95914275672885,-343.34816884192804,-354.9338752437593,-105.22043464000313
-336.95914275672885,-336.95914275672885,-342.3088973735632,-354.3857006853366,-105.22043464000313
-336.95914275672885,-336.95914275672885,-342.22981103203034,-354.529741621268,-105.22043464000313
-336.95914275672885,-336.95914275672885,-344.1266422914675,-354.41575229910507,-105.22043464000313
-336.95914275672885,-336.95914275672885,-346.94619670372697,-354.95389605371724,-105.22043464000313
-336.95914275672885,-336.95914275672885,-348.58749415999716,-355.0127290107719,-105.22043464000313
-336.95914275672885,-336.95914275672885,-348.0399628488634,-355.0715619678265,-105.22043464000313
-336.95914275672885,-336.95914275672885,-346.5944818990394,-355.0019536910571,-105.22043464000313
-336.95914275672885,-336.95914275672885,-346.75694674244244,-354.8559735294472,-105.22043464000313
-336.95914275672885,-336.95914275672885,-349.50580872549557,-354.8858158079099,-105.22043464000313
-336.95914275672885,-336.95914275672885,-353.0319155841283,-354.57436670403615,-105.22043464000313
-336.95914275672885,-336.95914275672885,-358.16881536068865,-354.9899160875585,-105.22043464000313
-336.95914275672885,-336.95914275672885,-361.64886925381603,-355.32638049193747,-105.22043464000313
-336.95914275672885,-336.95914275672885,-360.34797977412,-354.83424299762356,-105.22043464000313
-336.95914275672885,-336.95914275672885,-358.83724124929137,-354.3736330905689,-105.22043464000313
-336.95914275672885,-336.95914275672885,-359.20502212376624,-353.9018924006871,-105.22043464000313
-336.95914275672885,-336.95914275672885,-358.2502304077877,-353.16563719271466,-105.22043464000313
-336.95914275672885,-336.95914275672885,-355.517381898504,-352.41334395714165,-105.22043464000313
-336.95914275672885,-336.95914275672885,-354.7897575287033,-352.1298159903062,-105.22043464000313
-336.95914275672885,-336.95914275672885,-353.90634299416763,-351.951730693288,-105.22043464000313
-336.95914275672885,-336.95914275672885,-352.4496134245777,-351.58701336051024,-105.22043464000313
-336.95914275672885,-336.95914275672885,-348.46502693232776,-350.73078580350847,-105.22043464000313
-336.95914275672885,-336.95914275672885,-343.77109697820214,-349.73268955413164,-105.22043464000313
-336.95914275672885,-336.95914275672885,-346.0673583553767,-350.387178172851,-105.22043464000313
-336.95914275672885,-336.95914275672885,-346.64475020734744,-350.70627982413964,-105.22043464000313
-336.95914275672885,-336.95914275672885,-346.2731650556869,-350.64112475177456,-105.22043464000313
-336.95914275672885,-336.95914275672885,-349.0909677496507,-350.94933273044376,-105.22043464000313
-336.95914275672885,-336.95914275672885,-352.8746419874711,-351.2434130537123,-105.22043464000313
-336.95914275672885,-336.95914275672885,-353.97670858192623,-351.3990731653726,-105.22043464000313
-336.95914275672885,-336.95914275672885,-354.5515618272954,-351.3688926637135,-105.22043464000313
-336.95914275672885,-336.95914275672885,-354.8803371544501,-351.41433055643864,-105.22043464000313
-336.95914275672885,-336.95914275672885,-358.50762724134563,-351.7672111081816,-105.22043464000313
-336.95914275672885,-336.95914275672885,-363.03498722291204,-352.352008517934,-105.22043464000313
-336.95914275672885,-336.95914275672885,-363.3195347507477,-352.8851550742093,-105.22043464000313
-336.95914275672885,-336.95914275672885,-363.25578069456566,-352.9372822490069,-105.22043464000313
-336.95914275672885,-336.95914275672885,-364.14100364201494,-353.04537128951705,-105.22043464000313
-336.95914275672885,-336.95914275672885,-364.6619019412844,-353.4539584514255,-105.22043464000313
-336.95914275672885,-336.95914275672885,-365.7692203608693,-353.5742285888827,-105.22043464000313
-336.95914275672885,-336.95914275672885,-367.83337754609386,-354.10710083016403,-105.22043464000313
-336.95914275672885,-336.95914275672885,-369.8792604250836,-354.7190126868833,-105.22043464000313
-336.95914275672885,-336.95914275672885,-372.3275257567684,-355.20751215237055,-105.22043464000313
-336.95914275672885,-336.95914275672885,-372.59115822106395,-356.0083050257978,-105.22043464000313
-336.95914275672885,-336.95914275672885,-372.41484086858526,-356.6199210711091,-105.22043464000313
-336.95914275672885,-336.95914275672885,-369.49500106778845,-356.67130324790014,-105.22043464000313
-336.95914275672885,-336.95914275672885,-369.14948034545307,-356.9666898400769,-105.22043464000313
-336.95914275672885,-336.95914275672885,-369.2374286636596,-357.488822729025,-105.22043464000313
-336.95914275672885,-336.95914275672885,-367.07922623750306,-357.4244578370179,-105.22043464000313
-336.95914275672885,-336.95914275672885,-364.0782590345687,-356.96679703609055,-105.22043464000313
-336.95914275672885,-336.95914275672885,-363.23720606133855,-357.3187992921009,-105.22043464000313
-336.95914275672885,-336.95914275672885,-358.7921846735172,-357.32703172911187,-105.22043464000313
-336.95914275672885,-336.95914275672885,-356.8563084123472,-357.9091400664544,-105.22043464000313
-336.95914275672885,-336.95914275672885,-354.17062165420265,-358.3806498819257,-105.22043464000313
-336.95914275672885,-336.95914275672885,-352.6438676188267,-358.7027323884684,-105.22043464000313
-336.95914275672885,-336.95914275672885,-353.8973311165008,-358.6254410129067,-105.22043464000313
-336.95914275672885,-336.95914275672885,-354.4352518166799,-358.4645008626675,-105.22043464000313
-336.95914275672885,-336.95914275672885,-353.98199700898164,-358.5677232988219,-105.22043464000313
-336.95914275672885,-336.95914275672885,-355.18480977747987,-358.8534272227412,-105.22043464000313
-336.95914275672885,-336.95914275672885,-358.4379306941307,-359.33548679510875,-105.22043464000313
-336.95914275672885,-336.95914275672885,-358.94912481921244,-359.75723490745486,-105.22043464000313
-335.94865322069046,-335.94865322069046,-362.3556121679169,-359.8969924175962,-105.22043464000313
-335.94865322069046,-335.94865322069046,-363.7073849882749,-360.04423394728366,-105.22043464000313
-336.95914275672885,-336.95914275672885,-365.2857266909431,-359.8040321479766,-105.22043464000313
-336.95914275672885,-336.95914275672885,-365.59066795600495,-359.49109212890625,-105.22043464000313
-336.95914275672885,-336.95914275672885,-366.41971597917166,-359.83978825391705,-105.22043464000313
-336.95914275672885,-336.95914275672885,-369.0481831055317,-360.50668923391555,-105.22043464000313
-336.95914275672885,-336.95914275672885,-372.483772458099,-361.2234733656884,-105.22043464000313
-336.95914275672885,-336.95914275672885,-371.9089586825304,-361.5851728776897,-105.22043464000313
-336.95914275672885,-336.95914275672885,-368.7236482248254,-361.976740060373,-105.22043464000313
-336.95914275672885,-336.95914275672885,-369.513035585684,-362.701890518851,-105.22043464000313
-336.95914275672885,-336.95914275672885,-371.1565010111502,-363.3470240209926,-105.22043464000313
-336.95914275672885,-336.95914275672885,-369.99045878136815,-363.55240301864177,-105.22043464000313
-336.95914275672885,-336.95914275672885,-370.0386203322546,-364.11875082796195,-105.22043464000313
-336.95914275672885,-336.95914275672885,-368.39678569185,-364.4162298716358,-105.22043464000313
-336.95914275672885,-336.95914275672885,-366.36259436549597,-363.89883545594085,-105.22043464000313
-336.95914275672885,-336.95914275672885,-362.11107927385314,-363.59995504721667,-105.22043464000313
-336.95914275672885,-336.95914275672885,-358.17068766011533,-363.6029778865741,-105.22043464000313
-336.95914275672885,-336.95914275672885,-357.68654156411844,-363.3042876405832,-105.22043464000313
-336.95914275672885,-336.95914275672885,-361.3638854507421,-363.67458875302725,-105.22043464000313
-336.95914275672885,-336.95914275672885,-361.3641607539426,-364.1793809532543,-105.22043464000313
-336.95914275672885,-336.95914275672885,-360.2402570522312,-364.48476306597985,-105.22043464000313
-336.95914275672885,-336.95914275672885,-362.31481716771384,-365.0392990212945,-105.22043464000313
-336.95914275672885,-336.95914275672885,-362.4173189442831,-364.90068916854943,-105.22043464000313
-336.95914275672885,-336.95914275672885,-364.8991861471799,-364.7890696564893,-105.22043464000313
-336.95914275672885,-336.95914275672885,-363.3499029063497,-363.9049090870613,-105.22043464000313
-336.95914275672885,-336.95914275672885,-361.3302041511526,-363.21483973853407,-105.22043464000313
-336.95914275672885,-336.95914275672885,-360.79783796272824,-362.9343447507167,-105.22043464000313
-336.95914275672885,-336.95914275672885,-360.6348114314732,-362.498869538621,-105.22043464000313
-336.95914275672885,-336.95914275672885,-357.43705326388647,-362.0081553336308,-105.22043464000313
-336.95914275672885,-336.95914275672885,-352.6294846587603,-361.13860237578757,-105.22043464000313
-336.95914275672885,-336.95914275672885,-350.3746124299421,-360.58383346695155,-105.22043464000313
-336.95914275672885,-336.95914275672885,-347.0144778356027,-359.97668943706145,-105.22043464000313
-336.95914275672885,-336.95914275672885,-347.17465511718075,-359.81738854777285,-105.22043464000313
-336.95914275672885,-336.95914275672885,-345.8321049740095,-359.4725224775742,-105.22043464000313
-336.95914275672885,-336.95914275672885,-348.70651446865855,-359.74721176723534,-105.22043464000313
-336.95914275672885,-336.95914275672885,-352.5793123759845,-359.90080614464046,-105.22043464000313
-336.95914275672885,-336.95914275672885,-352.66488433098743,-359.6198358841823,-105.22043464000313
-336.95914275672885,-336.95914275672885,-352.7556865305381,-359.634161597228,-105.22043464000313
-336.95914275672885,-336.95914275672885,-352.0607278202459,-359.6046490907662,-105.22043464000313
-336.95914275672885,-336.95914275672885,-351.4734457256416,-358.7858503086482,-105.22043464000313
-336.95914275672885,-336.95914275672885,-352.03836084882016,-359.2330687020121,-105.22043464000313
-336.95914275672885,-336.95914275672885,-351.766481574003,-358.95872406939253,-105.22043464000313
-336.95914275672885,-336.95914275672885,-351.3009289009723,-359.24344999712673,-105.22043464000313
-336.95914275672885,-336.95914275672885,-350.93984650841406,-359.1317182554918,-105.22043464000313
-336.95914275672885,-336.95914275672885,-348.70672932377886,-358.70909140869094,-105.22043464000313
-336.95914275672885,-336.95914275672885,-346.95142799136113,-358.4040413795766,-105.22043464000313
-336.95914275672885,-336.95914275672885,-347.39403801205816,-358.30224408479756,-105.22043464000313
-336.95914275672885,-336.95914275672885,-346.4325703864149,-357.8837137190151,-105.22043464000313
-336.95914275672885,-336.95914275672885,-346.2511331805923,-357.1672895880585,-105.22043464000313
-336.95914275672885,-336.95914275672885,-348.63456366969615,-356.7229380787449,-105.22043464000313
-336.95914275672885,-336.95914275672885,-347.85069762325287,-356.3320857930792,-105.22043464000313
-336.95914275672885,-336.95914275672885,-348.0847299843316,-355.83419306860384,-105.22043464000313
-336.95914275672885,-336.95914275672885,-346.28963696874615,-355.4442320526874,-105.22043464000313
-336.95914275672885,-336.95914275672885,-346.2362177271032,-355.26082820971135,-105.22043464000313
-336.95914275672885,-336.95914275672885,-347.7315955550006,-354.97146732385664,-105.22043464000313
-336.95914275672885,-336.95914275672885,-348.0027427015813,-354.1949532987865,-105.22043464000313
-336.95914275672885,-336.95914275672885,-346.81817654871276,-353.1691249029204,-105.22043464000313
-336.95914275672885,-336.95914275672885,-347.87167275608647,-353.07625653372617,-105.22043464000313
-336.95914275672885,-336.95914275672885,-349.42242697584436,-353.3070453382622,-105.22043464000313
-336.95914275672885,-336.95914275672885,-349.7212360098932,-352.7645781635867,-105.22043464000313
-336.95914275672885,-336.95914275672885,-351.54752272181605,-352.4102901352124,-105.22043464000313
-336.95914275672885,-336.95914275672885,-353.38446506191474,-352.51299432471313,-105.22043464000313
-336.95914275672885,-336.95914275672885,-354.6459066147322,-352.3656893091829,-105.22043464000313
-336.95914275672885,-336.95914275672885,-355.23825340166434,-352.62912175167423,-105.22043464000313
-336.95914275672885,-336.95914275672885,-355.8040735823546,-352.8597631672285,-105.22043464000313
-336.95914275672885,-336.95914275672885,-355.9899782631231,-352.9707330966405,-105.22043464000313
-336.95914275672885,-336.95914275672885,-358.9258911765378,-353.3201656062049,-105.22043464000313
-336.95914275672885,-336.95914275672885,-359.5597634260928,-353.45090090612115,-105.22043464000313
-336.95914275672885,-336.95914275672885,-361.15978736021634,-353.26622572015714,-105.22043464000313
-336.95914275672885,-336.95914275672885,-362.3598976480907,-352.96372554241634,-105.22043464000313
-336.95914275672885,-336.95914275672885,-361.06341933101146,-352.5749225909686,-105.22043464000313
-336.95914275672885,-336.95914275672885,-360.29301304112096,-352.1086334993947,-105.22043464000313
-335.94865322069046,-335.94865322069046,-359.78342860935953,-351.83891124219815,-105.22043464000313
-335.94865322069046,-335.94865322069046,-359.92013195360914,-351.6333109129601,-105.22043464000313
-335.94865322069046,-335.94865322069046,-359.10831895214653,-352.0114463763879,-105.22043464000313
-335.94865322069046,-335.94865322069046,-360.01496694392216,-352.7076856551945,-105.22043464000313
-335.94865322069046,-335.94865322069046,-361.4718256037626,-353.45496313441174,-105.22043464000313
-336.95914275672885,-336.95914275672885,-363.6639204834138,-354.0567227165092,-105.22043464000313
-336.95914275672885,-336.95914275672885,-362.96066313697116,-354.37094769477403,-105.22043464000313
-336.95914275672885,-336.95914275672885,-360.52000323482264,-354.541829257629,-105.22043464000313
-336.95914275672885,-336.95914275672885,-360.44890569658185,-354.58978124429655,-105.22043464000313
-336.95914275672885,-336.95914275672885,-362.13272639462974,-355.1322832112001,-105.22043464000313
-336.95914275672885,-336.95914275672885,-363.14440227846455,-355.032860674455,-105.22043464000313
-336.95914275672885,-336.95914275672885,-364.44579683996074,-355.3560492861503,-105.22043464000313
-336.95914275672885,-336.95914275672885,-365.2288607676603,-355.3159156361881,-105.22043464000313
-336.95914275672885,-336.95914275672885,-363.999662869882,-354.9917557539739,-105.22043464000313
-336.95914275672885,-336.95914275672885,-361.9027851298122,-355.30254329417664,-105.22043464000313
-336.95914275672885,-336.95914275672885,-359.5861960047363,-355.4228246113489,-105.22043464000313
-336.95914275672885,-336.95914275672885,-358.64011309508555,-355.68682474974196,-105.22043464000313
-336.95914275672885,-336.95914275672885,-362.0170993024729,-356.6505599729951,-105.22043464000313
-336.95914275672885,-336.95914275672885,-363.3774593476772,-356.8576009440678,-105.22043464000313
-336.95914275672885,-336.95914275672885,-361.567823277783,-357.09255155195603,-105.22043464000313
-336.95914275672885,-336.95914275672885,-359.3584960279648,-356.64437409985345,-105.22043464000313
-336.95914275672885,-336.95914275672885,-359.0300477461414,-356.97408953369575,-105.22043464000313
-336.95914275672885,-336.95914275672885,-360.491035873242,-357.6727769460808,-105.22043464000313
-336.95914275672885,-336.95914275672885,-362.97599482539584,-358.1966691207809,-105.22043464000313
-336.95914275672885,-336.95914275672885,-364.02557081423845,-358.6288498546127,-105.22043464000313
-336.95914275672885,-336.95914275672885,-364.35920878214307,-359.0081522904945,-105.22043464000313
-336.95914275672885,-336.95914275672885,-364.68109262677433,-359.37281663897835,-105.22043464000313
-336.95914275672885,-336.95914275672885,-363.47601995919615,-359.6188512308951,-105.22043464000313
-336.95914275672885,-336.95914275672885,-361.81078956099145,-359.64961933161555,-105.22043464000313
-336.95914275672885,-336.95914275672885,-363.00262431730397,-360.07613041855046,-105.22043464000313
-336.95914275672885,-336.95914275672885,-363.76771613730295,-360.1399899335648,-105.22043464000313
-336.95914275672885,-336.95914275672885,-362.80083777200014,-360.2870135426752,-105.22043464000313
-336.95914275672885,-336.95914275672885,-360.5419959001077,-360.23485701510225,-105.22043464000313
-336.95914275672885,-336.95914275672885,-358.77764095646313,-360.35164877175725,-105.22043464000313
-336.95914275672885,-336.95914275672885,-357.55355121710625,-360.77592478829143,-105.22043464000313
-336.95914275672885,-336.95914275672885,-356.5722929438511,-360.74827632804744,-105.22043464000313
-336.95914275672885,-336.95914275672885,-355.5792882488728,-360.604188893584,-105.22043464000313
-336.95914275672885,-336.95914275672885,-352.93221406750683,-360.26104684241784,-105.22043464000313
-336.95914275672885,-336.95914275672885,-354.274110204969,-360.1949368282462,-105.22043464000313
-336.95914275672885,-336.95914275672885,-353.9615188592027,-360.19154117800804,-105.22043464000313
-336.95914275672885,-336.95914275672885,-353.774359499763,-359.96568051057096,-105.22043464000313
-336.95914275672885,-336.95914275672885,-353.704961029865,-359.9803550683153,-105.22043464000313
-336.95914275672885,-336.95914275672885,-352.81800984269086,-359.63764426716955,-105.22043464000313
-336.95914275672885,-336.95914275672885,-353.4196884757858,-359.83759081428985,-105.22043464000313
-336.95914275672885,-336.95914275672885,-353.0374583264233,-359.5982382182686,-105.22043464000313
-336.95914275672885,-336.95914275672885,-353.2067506345049,-359.4776737697299,-105.22043464000313
-336.95914275672885,-336.95914275672885,-352.93789442562496,-358.9598103066658,-105.22043464000313
-336.95914275672885,-336.95914275672885,-354.8657767600312,-358.76222266480596,-105.22043464000313
-336.95914275672885,-336.95914275672885,-353.78137045922097,-358.7385270538881,-105.22043464000313
-336.95914275672885,-336.95914275672885,-352.453508306311,-358.6236402310462,-105.22043464000313
-336.95914275672885,-336.95914275672885,-352.7875767766737,-358.5665101440338,-105.22043464000313
-336.95914275672885,-336.95914275672885,-354.4968600832614,-358.8957006942457,-105.22043464000313
-336.95914275672885,-336.95914275672885,-357.48209819097286,-359.3124001149347,-105.22043464000313
-336.95914275672885,-336.95914275672885,-355.48624547633233,-358.93184652077184,-105.22043464000313
-336.95914275672885,-336.95914275672885,-353.7341662441411,-358.0507063463442,-105.22043464000313
-336.95914275672885,-336.95914275672885,-353.51378083417467,-357.447645839882,-105.22043464000313
-336.95914275672885,-336.95914275672885,-352.79459510359493,-356.92659669999045,-105.22043464000313
-336.95914275672885,-336.95914275672885,-350.4825033208126,-356.75472268200394,-105.22043464000313
-336.95914275672885,-336.95914275672885,-351.0279588501218,-356.85433768459603,-105.22043464000313
-336.95914275672885,-336.95914275672885,-351.3740933257544,-356.47191361727096,-105.22043464000313
-336.95914275672885,-336.95914275672885,-351.16267836470445,-356.17016536128176,-105.22043464000313
-336.95914275672885,-336.95914275672885,-348.8135826646224,-355.769257859178,-105.22043464000313
-336.95914275672885,-336.95914275672885,-344.90229484922565,-355.24708693124774,-105.22043464000313
-336.95914275672885,-336.95914275672885,-347.8641887452629,-355.70475169584796,-105.22043464000313
-336.95914275672885,-336.95914275672885,-351.45456988150534,-355.96106329668294,-105.22043464000313
-336.95914275672885,-336.95914275672885,-350.1769776143186,-355.56580216179856,-105.22043464000313
-336.95914275672885,-336.95914275672885,-349.3905066251659,-355.07667540600664,-105.22043464000313
-336.95914275672885,-336.95914275672885,-352.598460135415,-354.8709948485924,-105.22043464000313
-336.95914275672885,-336.95914275672885,-351.4633616801653,-354.4715181510937,-105.22043464000313
-336.95914275672885,-336.95914275672885,-353.1585839163468,-354.7900657449838,-105.22043464000313
-336.95914275672885,-336.95914275672885,-355.5889777015016,-355.41626169598914,-105.22043464000313
-336.95914275672885,-336.95914275672885,-356.948231397372,-355.3528945894242,-105.22043464000313
-336.95914275672885,-336.95914275672885,-360.1147280487488,-355.17182536634914,-105.22043464000313
-336.95914275672885,-336.95914275672885,-360.9889583452379,-355.3073443998165,-105.22043464000313
-336.95914275672885,-336.95914275672885,-360.7692716228914,-355.3098034584135,-105.22043464000313
-336.95914275672885,-336.95914275672885,-363.34494417971456,-355.36294924131283,-105.22043464000313
-336.95914275672885,-336.95914275672885,-366.06856791506164,-355.35417046366405,-105.22043464000313
-336.95914275672885,-336.95914275672885,-365.8480041463108,-355.3453916860154,-105.22043464000313
-336.95914275672885,-336.95914275672885,-366.6343862513694,-355.43623748916934,-105.22043464000313
-336.95914275672885,-336.95914275672885,-365.639428629691,-355.31742660746124,-105.22043464000313
-336.95914275672885,-336.95914275672885,-364.07893328538074,-355.4785051256047,-105.22043464000313
-336.95914275672885,-336.95914275672885,-363.14936780725475,-355.4226005964751,-105.22043464000313
-336.95914275672885,-336.95914275672885,-364.8057021577045,-356.0245666178686,-105.22043464000313
-336.95914275672885,-336.95914275672885,-365.3735821536908,-356.626532639262,-105.22043464000313
-336.95914275672885,-336.95914275672885,-364.3129737428212,-356.66168796355646,-105.22043464000313
-336.95914275672885,-336.95914275672885,-363.80984263289776,-356.81045917912206,-105.22043464000313
-336.95914275672885,-336.95914275672885,-363.60024598067287,-356.9583620100241,-105.22043464000313
-336.95914275672885,-336.95914275672885,-363.2298576236741,-357.4049203972487,-105.22043464000313
-336.95914275672885,-336.95914275672885,-362.5996964257853,-357.10135473333247,-105.22043464000313
-336.95914275672885,-336.95914275672885,-361.1777170754851,-356.76066625071763,-105.22043464000313
-336.95914275672885,-336.95914275672885,-359.56236658131184,-356.6361065419144,-105.22043464000313
-336.95914275672885,-336.95914275672885,-359.43733923180224,-356.5690762368626,-105.22043464000313
-336.95914275672885,-336.95914275672885,-356.7935602353672,-356.81967669640375,-105.22043464000313
-336.95914275672885,-336.95914275672885,-354.1497812389322,-356.77255119189124,-105.22043464000313
-336.95914275672885,-336.95914275672885,-351.7991611181461,-356.41402852190106,-105.22043464000313
-336.95914275672885,-336.95914275672885,-352.6136890785219,-356.6918468679255,-105.22043464000313
-336.95914275672885,-336.95914275672885,-352.3142361957176,-356.8336303640426,-105.22043464000313
-336.95914275672885,-336.95914275672885,-352.3025503609777,-356.89227511743803,-105.22043464000313
-336.95914275672885,-336.95914275672885,-353.5883002980594,-357.06274070110027,-105.22043464000313
-336.95914275672885,-336.95914275672885,-355.31344422341414,-357.33265343413825,-105.22043464000313
-336.95914275672885,-336.95914275672885,-355.84999870814096,-357.24859092820793,-105.22043464000313
-336.95914275672885,-336.95914275672885,-355.0395992874337,-356.67762407769703,-105.22043464000313
-336.95914275672885,-336.95914275672885,-355.57562558455044,-356.43838217511933,-105.22043464000313
-336.95914275672885,-336.95914275672885,-355.085845959611,-356.6924712885469,-105.22043464000313
-336.95914275672885,-336.95914275672885,-357.3499712269921,-357.1371895184713,-105.22043464000313
-336.95914275672885,-336.95914275672885,-357.63882347559905,-357.51685539621036,-105.22043464000313
-336.95914275672885,-336.95914275672885,-358.44969189669405,-357.9646497226624,-105.22043464000313
-336.95914275672885,-336.95914275672885,-358.58508834905643,-358.51279212308674,-105.22043464000313
-336.95914275672885,-336.95914275672885,-358.72048480141876,-358.60124589135955,-105.22043464000313
-336.95914275672885,-336.95914275672885,-358.35864550690195,-358.7295638703677,-105.22043464000313
-336.95914275672885,-336.95914275672885,-360.7469428148131,-359.1654438182297,-105.22043464000313
-336.95914275672885,-336.95914275672885,-363.38138567748103,-359.5911846802687,-105.22043464000313
-336.95914275672885,-336.95914275672885,-365.0321309284949,-360.46434939097315,-105.22043464000313
-336.95914275672885,-336.95914275672885,-364.9757372972817,-360.11478099895066,-105.22043464000313
-336.95914275672885,-336.95914275672885,-364.3370995135529,-359.7136954448807,-105.22043464000313
-336.95914275672885,-336.95914275672885,-362.4796630926047,-359.9773924918676,-105.22043464000313
-336.95914275672885,-336.95914275672885,-360.8506404589877,-360.2566764894268,-105.22043464000313
-336.95914275672885,-336.95914275672885,-361.6905772050761,-360.33121553701903,-105.22043464000313
-336.95914275672885,-336.95914275672885,-360.415456183075,-360.3916647919416,-105.22043464000313
-336.95914275672885,-336.95914275672885,-359.1899660794679,-359.935840302992,-105.22043464000313
-336.95914275672885,-336.95914275672885,-356.54716928365605,-359.3570821346605,-105.22043464000313
-336.95914275672885,-336.95914275672885,-353.514857693858,-358.9045099395659,-105.22043464000313
-336.95914275672885,-336.95914275672885,-352.2489472109829,-358.89119322342,-105.22043464000313
-336.95914275672885,-336.95914275672885,-352.74917087719876,-358.46682350534286,-105.22043464000313
-336.95914275672885,-336.95914275672885,-353.0783632091674,-358.17551376213595,-105.22043464000313
-336.95914275672885,-336.95914275672885,-353.6451910502328,-358.0374418659712,-105.22043464000313
-336.95914275672885,-336.95914275672885,-354.188855233117,-357.88073395303786,-105.22043464000313
-336.95914275672885,-336.95914275672885,-352.43464826128263,-357.6485443600135,-105.22043464000313
-336.95914275672885,-336.95914275672885,-352.5891120858366,-357.582609958835,-105.22043464000313
-336.95914275672885,-336.95914275672885,-352.69394499199643,-357.34674357545305,-105.22043464000313
-336.95914275672885,-336.95914275672885,-354.3958919632331,-357.420473870231,-105.22043464000313
-336.95914275672885,-336.95914275672885,-355.20766737113,-357.316169852341,-105.22043464000313
-336.95914275672885,-336.95914275672885,-355.40275961391933,-357.0106047146629,-105.22043464000313
-336.95914275672885,-336.95914275672885,-357.2620862425001,-356.8445243231047,-105.22043464000313
-336.95914275672885,-336.95914275672885,-356.7645170115974,-356.6658224158911,-105.22043464000313
-336.95914275672885,-336.95914275672885,-356.69356964522774,-356.61418726843715,-105.22043464000313
-336.95914275672885,-336.95914275672885,-356.4160983709183,-356.4439044310868,-105.22043464000313
-336.95914275672885,-336.95914275672885,-356.51603549706414,-356.3057799346913,-105.22043464000313
-336.95914275672885,-336.95914275672885,-356.44156224519725,-356.3509831227173,-105.22043464000313
-336.95914275672885,-336.95914275672885,-356.36708899333036,-356.3846179590221,-105.22043464000313
-336.95914275672885,-336.95914275672885,-354.3848990020746,-356.3849803543835,-105.22043464000313
-336.95914275672885,-336.95914275672885,-355.25118431498794,-356.47893886897816,-105.22043464000313
-336.95914275672885,-336.95914275672885,-354.9677516860861,-356.64544300480674,-105.22043464000313
-336.95914275672885,-336.95914275672885,-353.9868953265851,-356.8119471406353,-105.22043464000313
-336.95914275672885,-336.95914275672885,-354.95927190127964,-357.2978445725179,-105.22043464000313
-336.95914275672885,-336.95914275672885,-352.997186697871,-356.6908867923071,-105.22043464000313
-336.95914275672885,-336.95914275672885,-352.8658476937038,-356.55422673068415,-105.22043464000313
-336.95914275672885,-336.95914275672885,-354.55551228415425,-356.7563723193268,-105.22043464000313
-336.95914275672885,-336.95914275672885,-357.6083957487343,-357.1550022128524,-105.22043464000313
-336.95914275672885,-336.95914275672885,-360.6612792133143,-357.45418495700216,-105.22043464000313
-336.95914275672885,-336.95914275672885,-364.27447207107934,-358.06987502697115,-105.22043464000313
-336.95914275672885,-336.95914275672885,-364.6017175173589,-358.3913625149632,-105.22043464000313
-336.95914275672885,-336.95914275672885,-363.48950529639814,-358.2282189471763,-105.22043464000313
-336.95914275672885,-336.95914275672885,-362.8845992737265,-358.3716978034585,-105.22043464000313
-336.95914275672885,-336.95914275672885,-361.1398457944167,-358.05581948600286,-105.22043464000313
-336.95914275672885,-336.95914275672885,-363.74657620731597,-357.9124373386504,-105.22043464000313
-336.95914275672885,-336.95914275672885,-364.3801427756757,-357.74031690648053,-105.22043464000313
-336.95914275672885,-336.95914275672885,-363.1927057494179,-357.67789579939904,-105.22043464000313
-336.95914275672885,-336.95914275672885,-360.358856254728,-357.48267650351426,-105.22043464000313
-336.95914275672885,-336.95914275672885,-357.9816993241526,-357.3787957204523,-105.22043464000313
-336.95914275672885,-336.95914275672885,-355.19451138815464,-356.9593887416395,-105.22043464000313
-336.95914275672885,-336.95914275672885,-353.6367599341517,-356.4424373662973,-105.22043464000313
-336.95914275672885,-336.95914275672885,-356.280052600334,-356.4778032815442,-105.22043464000313
-336.95914275672885,-336.95914275672885,-354.94691894814196,-356.3659341336305,-105.22043464000313
-336.95914275672885,-336.95914275672885,-355.8253035935162,-356.3534603019954,-105.22043464000313
-336.95914275672885,-336.95914275672885,-354.805524149797,-356.3776095500889,-105.22043464000313
-336.95914275672885,-336.95914275672885,-357.2117157259286,-357.0125319598686,-105.22043464000313
-336.95914275672885,-336.95914275672885,-359.6179073020602,-357.26336181879583,-105.22043464000313
-336.95914275672885,-336.95914275672885,-359.4149295372194,-357.28257117434305,-105.22043464000313
-336.95914275672885,-336.95914275672885,-360.602216093323,-357.6612457232233,-105.22043464000313
-336.95914275672885,-336.95914275672885,-362.19953365484923,-358.0898616158782,-105.22043464000313
-336.95914275672885,-336.95914275672885,-363.775724605314,-358.4946107485885,-105.22043464000313
-336.95914275672885,-336.95914275672885,-362.27376396833904,-358.48276663301533,-105.22043464000313
-336.95914275672885,-336.95914275672885,-364.2152202828573,-358.6591440147622,-105.22043464000313
-336.95914275672885,-336.95914275672885,-365.4886686817355,-358.83552139650897,-105.22043464000313
-336.95914275672885,-336.95914275672885,-369.31392905692076,-359.51135715142647,-105.22043464000313
-336.95914275672885,-336.95914275672885,-367.51028441634946,-359.6768177965152,-105.22043464000313
-336.95914275672885,-336.95914275672885,-363.231258765112,-359.4226839195617,-105.22043464000313
-336.95914275672885,-336.95914275672885,-364.2735135298586,-359.6194514631476,-105.22043464000313
-336.95914275672885,-336.95914275672885,-363.3680834342623,-359.79607341167656,-105.22043464000313
-336.95914275672885,-336.95914275672885,-362.51099564508195,-359.71288235224796,-105.22043464000313
-336.95914275672885,-336.95914275672885,-361.8088029935295,-359.81483787306837,-105.22043464000313
-336.95914275672885,-336.95914275672885,-362.9161736005615,-359.98544943034375,-105.22043464000313
-336.95914275672885,-336.95914275672885,-363.2992906441307,-359.8665848950883,-105.22043464000313
-336.95914275672885,-336.95914275672885,-364.72746186303414,-360.4281103667965,-105.22043464000313
-336.95914275672885,-336.95914275672885,-362.0205326557907,-360.5767497535391,-105.22043464000313
-336.95914275672885,-336.95914275672885,-359.1639262704419,-360.22638337641985,-105.22043464000313
-336.95914275672885,-336.95914275672885,-362.5772302681405,-360.634922873777,-105.22043464000313
-336.95914275672885,-336.95914275672885,-363.94241413484417,-361.1196218410769,-105.22043464000313
-336.95914275672885,-336.95914275672885,-365.40832597683163,-361.60432080837677,-105.22043464000313
-336.95914275672885,-336.95914275672885,-364.9531672616231,-361.8265360041577,-105.22043464000313
-336.95914275672885,-336.95914275672885,-364.46244720850893,-361.65709045177266,-105.22043464000313
-336.95914275672885,-336.95914275672885,-361.60643565977034,-361.31318622508064,-105.22043464000313
-336.95914275672885,-336.95914275672885,-361.36957742748774,-361.3431213152687,-105.22043464000313
-336.95914275672885,-336.95914275672885,-357.6368740734591,-360.96363080123234,-105.22043464000313
-336.95914275672885,-336.95914275672885,-357.5450228062966,-361.48631697522416,-105.22043464000313
-336.95914275672885,-336.95914275672885,-360.9199587341056,-361.8372055845003,-105.22043464000313
-336.95914275672885,-336.95914275672885,-358.6464239380012,-361.4531052045463,-105.22043464000313
-336.95914275672885,-336.95914275672885,-357.2621193698231,-361.05036656529467,-105.22043464000313
-336.95914275672885,-336.95914275672885,-355.72860625049833,-360.61778621581357,-105.22043464000313
-336.95914275672885,-336.95914275672885,-356.8152778771105,-360.3346971653638,-105.22043464000313
-336.95914275672885,-336.95914275672885,-356.0355075394175,-359.94384845618436,-105.22043464000313
-336.95914275672885,-336.95914275672885,-356.46596362578464,-359.9084778909579,-105.22043464000313
-336.95914275672885,-336.95914275672885,-355.0272231277505,-359.7716460860736,-105.22043464000313
-336.95914275672885,-336.95914275672885,-357.1324735980485,-360.16215636195864,-105.22043464000313
-336.95914275672885,-336.95914275672885,-358.4623635105674,-360.42947443587457,-105.22043464000313
-336.95914275672885,-336.95914275672885,-359.30397979914284,-360.82197298919374,-105.22043464000313
-336.95914275672885,-336.95914275672885,-361.99953743925033,-361.2144715425129,-105.22043464000313
-336.95914275672885,-336.95914275672885,-362.71226850021003,-361.52104901439105,-105.22043464000313
-336.95914275672885,-336.95914275672885,-364.2908108985608,-361.87960853069524,-105.22043464000313
-336.95914275672885,-336.95914275672885,-365.1218968017548,-362.320174248084,-105.22043464000313
-336.95914275672885,-336.95914275672885,-366.59041455796233,-362.53457938094647,-105.22043464000313
-336.95914275672885,-336.95914275672885,-368.5148588846822,-362.35543914782755,-105.22043464000313
-336.95914275672885,-336.95914275672885,-369.26814208977277,-362.6358907143998,-105.22043464000313
-336.95914275672885,-336.95914275672885,-368.928225272943,-362.7827406978441,-105.22043464000313
-336.95914275672885,-336.95914275672885,-367.27665203654215,-362.9237000132236,-105.22043464000313
-336.95914275672885,-336.95914275672885,-364.4746299203204,-362.27455582807204,-105.22043464000313
