Average Episodic Reward,Average Episodic N-Reward,Avg Reward (last 10),Avg Reward (last 50),Best Reward
300.5270410163459,300.5270410163459,326.216732005222,326.216732005222,326.216732005222
299.90662754826536,299.90662754826536,327.49154289734565,327.49154289734565,328.76635378946924
305.165358976795,305.165358976795,321.42100179865423,321.42100179865423,328.76635378946924
305.00383483729115,305.00383483729115,295.91449740640655,295.91449740640655,328.76635378946924
306.77860150589856,306.77860150589856,304.6334839223103,304.6334839223103,339.50942998592524
301.659355025894,301.659355025894,295.39080968420325,295.39080968420325,339.50942998592524
303.802711705807,303.802711705807,300.0652913392678,300.0652913392678,339.50942998592524
301.5792251967879,301.5792251967879,298.85660394138927,298.85660394138927,339.50942998592524
302.63504824260644,302.63504824260644,296.98678887779704,296.98678887779704,339.50942998592524
300.2518976369424,300.2518976369424,296.2401062956002,296.2401062956002,339.50942998592524
304.36661126722095,304.36661126722095,293.36199135034,296.34878595532933,339.50942998592524
303.4105431125761,303.4105431125761,287.60972932255356,294.2566982516855,339.50942998592524
302.5381025941474,302.5381025941474,284.559307960444,293.0658526923387,339.50942998592524
308.2928874963528,308.2928874963528,291.4911619691323,292.7549720940678,339.50942998592524
303.2746298763488,303.2746298763488,288.17162255103347,293.65890967479237,339.50942998592524
306.24250562507547,306.24250562507547,289.8879948443496,291.9515504092947,339.50942998592524
298.7623594617152,298.7623594617152,285.9481291490387,291.76107828619183,339.50942998592524
303.30419332460514,303.30419332460514,284.4621441392059,290.85968182906515,339.50942998592524
301.1426405636246,301.1426405636246,286.2212254093249,291.3207028417591,339.50942998592524
297.9653243256838,297.9653243256838,280.84298287278756,288.5415445841939,339.50942998592524
303.9399578185429,303.9399578185429,278.80040137958997,287.9924123478344,339.50942998592524
303.7602010772434,303.7602010772434,279.2329191173978,287.4277077361002,339.50942998592524
301.5427881013859,301.5427881013859,274.3581042182118,284.9320490079357,339.50942998592524
304.44755596726645,304.44755596726645,271.67631664733386,283.97219899126196,339.50942998592524
311.20953663005037,311.20953663005037,264.45304227315484,281.97656271413734,339.50942998592524
299.99139768999544,299.99139768999544,270.0166681188061,283.51505722064525,339.50942998592524
298.0234711065063,298.0234711065063,279.9172380431618,287.3744707887733,387.71922356010225
300.33321997712164,300.33321997712164,285.42898104585447,288.92014583506136,387.71922356010225
294.1081037026358,294.1081037026358,284.78053489611864,289.0654725156762,387.71922356010225
298.2193010728186,298.2193010728186,293.234446018454,290.1058450622806,387.71922356010225
297.8506601860158,297.8506601860158,294.2222062820715,290.0020232943625,387.71922356010225
301.02253507165165,301.02253507165165,300.7513560793462,291.5913478433646,387.71922356010225
297.57902658031605,297.57902658031605,311.99854730041017,293.13401818747343,387.71922356010225
297.0969151290875,297.0969151290875,316.2402719251195,293.46280867769065,387.71922356010225
296.0378892734123,296.0378892734123,323.5226272966363,293.84686688056564,387.71922356010225
291.57958780068014,291.57958780068014,324.585950138532,294.9236385867249,387.71922356010225
301.4845580655445,301.4845580655445,318.1039980177976,295.67974841823934,387.71922356010225
301.6100274931304,301.6100274931304,318.9448015280838,296.8213710174357,387.71922356010225
302.3635525296254,302.3635525296254,320.423317954343,297.10594570507794,387.71922356010225
294.1586149659729,294.1586149659729,314.8970246816475,296.3036399671223,387.71922356010225
295.1336697272478,295.1336697272478,318.71157628156135,297.00435329124025,387.71922356010225
301.2024845427114,301.2024845427114,318.51889440282264,298.0026684527594,387.71922356010225
299.07329922757776,299.07329922757776,314.565209327645,298.11801612704824,387.71922356010225
298.06612206049994,298.06612206049994,318.8587086787718,299.2346041324818,387.71922356010225
295.88440510102055,295.88440510102055,318.88009028849797,299.4098054156617,387.71922356010225
292.7338405980325,292.7338405980325,319.3962616896606,300.24377404388486,387.71922356010225
297.03824514224596,297.03824514224596,319.6976524387926,300.7899407630379,387.71922356010225
298.4215751505543,298.4215751505543,315.1629462167523,300.6425325172933,387.71922356010225
292.587273064837,292.587273064837,317.80439787624084,301.3301196175602,387.71922356010225
291.8713159824339,291.8713159824339,325.66588140536413,302.1760882547707,387.71922356010225
295.6415400791434,295.6415400791434,326.49082216956833,302.31739949262624,387.71922356010225
294.4896416109242,294.4896416109242,326.3124657471325,302.4850729338505,387.71922356010225
294.4337967987383,294.4337967987383,328.573272913179,302.81088834397804,387.71922356010225
294.4896416109242,294.4896416109242,325.0628665183655,304.6658651477446,387.71922356010225
294.4896416109242,294.4896416109242,324.81154299554964,303.96778508097447,387.71922356010225
294.4136424493217,294.4136424493217,322.25036213410874,305.2274473850914,387.71922356010225
294.4896416109242,294.4896416109242,322.6954657882585,305.27249668740984,387.71922356010225
290.09007296393133,290.09007296393133,323.1030532005485,305.420385226089,387.71922356010225
294.4896416109242,294.4896416109242,323.5778540920911,306.5614660456238,387.71922356010225
294.4896416109242,294.4896416109242,321.8228268446345,307.29263236457757,387.71922356010225
294.4896416109242,294.4896416109242,319.998768680526,307.64475495866344,387.71922356010225
294.4896416109242,294.4896416109242,317.9105050231907,308.545228073978,387.71922356010225
294.4896416109242,294.4896416109242,317.9564297081041,309.49031269351,387.71922356010225
294.4896416109242,294.4896416109242,318.57725349863296,310.08308345364475,387.71922356010225
294.6641014361158,294.6641014361158,318.1826399035921,309.96998855148615,387.71922356010225
294.4896416109242,294.4896416109242,314.2934766962154,310.10854375546455,387.71922356010225
294.6601089603473,294.6601089603473,311.8241601016854,310.44770287793915,387.71922356010225
293.6484667996172,293.6484667996172,309.6854853867603,310.46505347559986,387.71922356010225
295.26066868775297,295.26066868775297,309.67853684057246,311.2529283318732,387.71922356010225
293.4928910383738,293.4928910383738,306.0366233140005,312.3313604528201,387.71922356010225
294.4896416109242,294.4896416109242,306.26820089756114,313.13831486225763,387.71922356010225
294.4896416109242,294.4896416109242,303.653983788198,313.42944100813804,387.71922356010225
294.9040238535748,294.9040238535748,300.77608534858945,314.77390891958555,387.71922356010225
293.93526394168333,293.93526394168333,302.29718181208,316.20725648659396,387.71922356010225
291.9803249190881,291.9803249190881,303.8599424487057,317.8513685865964,387.71922356010225
295.325569994522,295.325569994522,310.9296380264692,318.2911377369972,387.71922356010225
294.52106657960843,294.52106657960843,315.3220901401984,317.52867329734653,387.71922356010225
293.94668017370657,293.94668017370657,318.99865268796265,317.1789878040215,387.71922356010225
293.8757936312192,293.8757936312192,317.5533230312779,317.80748595890503,387.71922356010225
295.63931302623365,295.63931302623365,321.32565725857205,317.94960270084374,387.71922356010225
290.4767151438155,290.4767151438155,320.9364377866185,318.4811611631671,387.71922356010225
290.4767151438155,290.4767151438155,321.88666087509563,317.6565019672879,387.71922356010225
295.6896728779617,295.6896728779617,321.7642754950922,316.7270545585219,387.71922356010225
292.6830979988555,292.6830979988555,317.2613133036281,316.41146476229574,387.71922356010225
290.43797325925135,290.43797325925135,315.3657990792498,316.2200029431191,387.71922356010225
290.4767151438155,290.4767151438155,315.96887922732884,316.5677235547566,387.71922356010225
293.8901932225734,293.8901932225734,310.8050797191921,316.06888963762543,387.71922356010225
292.6830979988555,292.6830979988555,312.71160598377026,315.93234869515885,387.71922356010225
290.46104346510145,290.46104346510145,308.67431684069066,315.4576857361746,387.71922356010225
290.4971780170106,290.4971780170106,304.31233102046866,315.832663968608,387.71922356010225
290.4416805550226,290.4416805550226,304.07810344921234,315.55446659669724,387.71922356010225
295.66716166548525,295.66716166548525,306.9983838628213,315.35239985928763,387.71922356010225
290.46479903315355,290.46479903315355,309.0099904880241,315.6160107905977,387.71922356010225
292.7015029825978,292.7015029825978,314.12847327921764,315.4654176823849,387.71922356010225
293.9305083114769,293.9305083114769,313.1050676670124,315.064998418822,387.71922356010225
295.6095983000776,295.6095983000776,310.08849539285904,314.70617029539625,387.71922356010225
295.6229730865114,295.6229730865114,311.169715638024,314.3633022774717,387.71922356010225
291.15025106827466,291.15025106827466,307.377212155871,314.37520188298254,387.71922356010225
291.09441095844136,291.09441095844136,308.8995151962086,313.6767092001681,387.71922356010225
295.63212707669237,295.63212707669237,310.94796092236083,312.8890798720073,387.71922356010225
291.1537561469413,291.1537561469413,311.07837273233866,312.4719767092513,387.71922356010225
293.97765576779517,293.97765576779517,311.78890543315777,312.4476877964927,387.71922356010225
292.749473661861,292.749473661861,313.66806374522963,312.63496895700786,387.71922356010225
293.73668224531406,293.73668224531406,308.2383490435416,312.10051418742006,387.71922356010225
290.38313657771397,290.38313657771397,310.69617849885555,312.24192551948306,387.71922356010225
291.0008907303686,291.0008907303686,309.4310289403638,312.1423036566473,387.71922356010225
291.04879572231687,291.04879572231687,310.8327347342929,311.99075606667856,387.71922356010225
293.8317633189637,293.8317633189637,309.04439569276917,311.5634703814267,387.71922356010225
291.0484445346181,291.0484445346181,304.66817651368126,309.8947736844862,387.71922356010225
293.8317633189637,293.8317633189637,306.5734852038175,309.83921154384393,387.71922356010225
292.24623299255416,292.24623299255416,306.93725678471003,309.8596743300881,387.71922356010225
291.0852642208148,291.0852642208148,307.72291033178743,310.4101688582121,387.71922356010225
292.1656474620172,292.1656474620172,305.6353720434447,310.17075742407604,387.71922356010225
293.85040693467295,293.85040693467295,307.48993144828466,309.88304977735044,387.71922356010225
291.0484445346181,291.0484445346181,304.8827984430312,309.58195722737094,387.71922356010225
290.38313657771397,290.38313657771397,305.25316575363416,310.33424146813104,387.71922356010225
292.1788898724802,292.1788898724802,302.49910726919086,310.1257455001797,387.71922356010225
292.193433860405,292.193433860405,307.3215095357767,311.09067521122995,387.71922356010225
294.06122083702866,294.06122083702866,314.6343865803672,310.88594363244516,387.71922356010225
291.0268102103339,291.0268102103339,313.38691981408635,311.3092708438611,387.71922356010225
291.0941042855804,291.0941042855804,314.9926180138831,311.60455775335254,387.71922356010225
292.1656474620172,292.1656474620172,310.5780074778314,311.79497359613873,387.71922356010225
290.38313657771397,290.38313657771397,311.96978666387366,312.40949768713284,387.71922356010225
292.1779754184764,292.1779754184764,312.1947109211127,311.86255559915696,387.71922356010225
291.0484445346181,291.0484445346181,319.30444134026794,312.67085700568344,387.71922356010225
290.4265434407342,290.4265434407342,321.83576997120394,312.5154678570779,387.71922356010225
291.04140479472227,291.04140479472227,322.5925722878999,311.57984192972,387.71922356010225
292.1872817863014,292.1872817863014,320.7364889251943,311.4382424586763,387.71922356010225
292.18879999099073,292.18879999099073,319.85008404764915,311.34529583571936,387.71922356010225
292.194672713896,292.194672713896,322.36548951319577,311.5172372947858,387.71922356010225
291.06390297654673,291.06390297654673,321.989341817754,311.8151385595796,387.71922356010225
292.1788898724802,292.1788898724802,321.991234125148,311.8158882461492,387.71922356010225
290.3765928501171,290.3765928501171,323.32150962115327,312.72094451234506,387.71922356010225
293.8317633189637,293.8317633189637,325.6445668556137,313.53920630955406,387.71922356010225
293.85040693467295,293.85040693467295,318.9855731014035,313.3948118101141,387.71922356010225
291.0872046385991,291.0872046385991,313.7118109938779,312.0640542103878,387.71922356010225
292.1563410941922,292.1563410941922,313.6456658801167,312.14795916190485,387.71922356010225
291.0565120489521,291.0565120489521,318.70402961230695,312.6367271843837,387.71922356010225
294.9429054176974,294.9429054176974,319.49915606024473,313.5102636796302,387.71922356010225
291.0082816579633,291.0082816579633,319.471128766384,314.5489968439689,387.71922356010225
294.8976938176795,294.8976938176795,315.6937326744733,314.1382644046318,387.71922356010225
291.0484445346181,291.0484445346181,317.8840267888077,313.9930168313465,387.71922356010225
292.194672713896,292.194672713896,316.5488772604208,314.2287218668244,387.71922356010225
291.05583546221277,291.05583546221277,317.96474071165386,314.3064597960413,387.71922356010225
292.1872817863014,292.1872817863014,318.6855286949979,314.5109040157112,387.71922356010225
291.1092115398103,291.1092115398103,324.02015792373834,314.85038671656366,387.71922356010225
293.8317633189637,293.8317633189637,323.7439625767403,314.6628085496481,387.71922356010225
291.0484445346181,291.0484445346181,316.1383911875347,314.3889629907164,387.71922356010225
291.0565120489521,291.0565120489521,315.6779177938671,314.8659441991619,387.71922356010225
292.1656474620172,292.1656474620172,314.371030326945,315.2336107248857,387.71922356010225
295.5465415574962,295.5465415574962,316.8421264830354,315.2910151547711,387.71922356010225
290.4265434407342,290.4265434407342,317.0427242633227,315.0437805973795,387.71922356010225
291.0268102103339,291.0268102103339,317.31356522110684,314.95782216199984,387.71922356010225
292.21479510467304,292.21479510467304,312.8618785376805,315.23116569486905,387.71922356010225
292.1779754184764,292.1779754184764,316.0924241557152,315.59015314708313,387.71922356010225
291.0008907303686,291.0008907303686,315.4145462572008,316.04709017993105,387.71922356010225
293.8943796811998,293.8943796811998,315.77946315861,315.65215423451156,387.71922356010225
292.194672713896,292.194672713896,316.64356469253505,315.9087967906696,387.71922356010225
292.1788898724802,292.1788898724802,320.57630480344875,318.0475698571154,387.71922356010225
293.8254332830684,293.8254332830684,324.2177704898685,318.76246778209594,387.71922356010225
292.1656474620172,292.1656474620172,320.9764758834105,318.09885897451124,387.71922356010225
291.0782241025058,291.0782241025058,320.3511377458134,317.56942608018466,387.71922356010225
292.1788898724802,292.1788898724802,317.8317554515051,317.39709884361196,387.71922356010225
295.22505265178813,295.22505265178813,319.7843606364056,317.69005153249327,387.71922356010225
294.07635707009695,294.07635707009695,316.5050600046048,317.9146054593979,387.71922356010225
292.1807324766568,292.1807324766568,317.9313853149227,318.5827340921888,387.71922356010225
293.83382519688956,293.83382519688956,321.5079853389052,319.4539298484544,387.71922356010225
291.0268102103339,291.0268102103339,319.6206353213882,318.3686219477918,387.71922356010225
290.38313657771397,290.38313657771397,313.5270103445173,317.82609460994536,387.71922356010225
292.1788898724802,292.1788898724802,307.47945861275355,317.58097554182933,387.71922356010225
293.85879884849413,293.85879884849413,312.788357293409,317.6580068304164,387.71922356010225
291.0426686257672,291.0426686257672,306.7011246351332,316.79404951164497,387.71922356010225
293.8121908726053,293.8121908726053,307.3169605644399,316.4665336237252,387.71922356010225
291.0565120489521,291.0565120489521,302.92147362138996,315.8354040725487,387.71922356010225
293.8254332830684,293.8254332830684,305.0666776063848,315.0670527126212,387.71922356010225
290.51242966974735,290.51242966974735,298.8351791352462,313.98261592499716,387.71922356010225
292.1872817863014,292.1872817863014,298.5776627257336,314.65094793602117,387.71922356010225
290.4644102255698,290.4644102255698,305.1749853454948,315.2563212318519,387.71922356010225
293.8317633189637,293.8317633189637,307.1383686808199,315.28375153657953,387.71922356010225
293.8254332830684,293.8254332830684,304.68591681932537,314.0450610030553,387.71922356010225
292.1788898724802,292.1788898724802,299.0310506519814,313.06634859726194,387.71922356010225
291.0377104165653,291.0377104165653,305.1100223560914,313.4178071578337,387.71922356010225
294.8976938176795,294.8976938176795,306.29887706776265,313.06200711304706,387.71922356010225
293.86618977608873,293.86618977608873,308.93236106234076,312.49296291389413,387.71922356010225
294.8883040180465,294.8883040180465,301.81312590697155,311.63256327373483,387.71922356010225
292.1788898724802,292.1788898724802,304.9816006259664,312.23657385141485,387.71922356010225
292.1788898724802,292.1788898724802,305.8485735302534,313.0915294660484,387.71922356010225
291.05583546221277,291.05583546221277,310.14778885824484,313.5450730810395,387.71922356010225
290.3905275053086,290.3905275053086,311.346843143052,313.653288953141,387.71922356010225
290.4210612430505,290.4210612430505,318.90167258119214,313.9311697660169,387.71922356010225
291.0565120489521,291.0565120489521,322.9767806048383,314.52295818333494,387.71922356010225
293.85040693467295,293.85040693467295,323.23827552595503,314.48865690526316,387.71922356010225
291.0565120489521,291.0565120489521,318.42949347895467,313.43813035675385,387.71922356010225
292.1656474620172,292.1656474620172,318.38385931296614,312.5767866341566,387.71922356010225
293.82785815638493,293.82785815638493,326.08494693374826,313.11244692148495,387.71922356010225
292.1788898724802,292.1788898724802,322.19220701697975,311.87098367006314,387.71922356010225
291.0268102103339,291.0268102103339,321.5820127197252,312.65913949464544,387.71922356010225
294.8883040180465,294.8883040180465,315.0496221276286,313.32731926905825,387.71922356010225
292.1563410941922,292.1563410941922,314.41675903030074,313.40105720042766,387.71922356010225
292.1656474620172,292.1656474620172,313.91197747170037,313.8393591949679,387.71922356010225
292.1788898724802,292.1788898724802,314.7676530124503,314.1080634892179,387.71922356010225
292.1788898724802,292.1788898724802,316.9401285468715,314.4681377619729,387.71922356010225
293.8317633189637,293.8317633189637,322.57701714917266,314.490820742367,387.71922356010225
291.0268102103339,291.0268102103339,322.21252065388506,314.4469150573975,387.71922356010225
291.09333173514875,291.09333173514875,320.89003379624785,314.0719688495914,387.71922356010225
291.0082816579633,291.0082816579633,325.14809220508954,313.81769285964094,387.71922356010225
292.1876708411791,292.1876708411791,321.9108975183964,313.88542636660276,387.71922356010225
291.04140479472227,291.04140479472227,325.94201441822815,315.1870092141969,387.71922356010225
292.1779754184764,292.1779754184764,327.3775994521953,314.761316130177,387.71922356010225
293.8254332830684,293.8254332830684,328.86580753240827,314.7689666034759,387.71922356010225
292.1788898724802,292.1788898724802,323.04359351165675,314.52148701486715,387.71922356010225
293.8317633189637,293.8317633189637,321.5706470971359,314.7120396322374,387.71922356010225
294.9040238535748,294.9040238535748,317.03465235809807,314.3314001236856,387.71922356010225
291.0484445346181,291.0484445346181,320.2529036195473,314.5406236540258,387.71922356010225
291.0268102103339,291.0268102103339,321.33055714436404,315.0370682775433,387.71922356010225
291.0268102103339,291.0268102103339,320.42284961732736,314.3159857201219,387.71922356010225
291.0268102103339,291.0268102103339,319.838535301756,313.55153635917287,387.71922356010225
291.0426686257672,291.0426686257672,313.40181995231774,313.9432461403828,387.71922356010225
294.8883040180465,294.8883040180465,310.3754135147891,314.1309967642314,387.71922356010225
293.83382519688956,293.83382519688956,305.4021769516986,314.35351027126495,387.71922356010225
291.0268102103339,291.0268102103339,305.2786538982858,313.0195463358425,387.71922356010225
291.0484445346181,291.0484445346181,303.3488513345107,314.04158497211284,387.71922356010225
292.15909815237256,292.15909815237256,304.06397177030965,313.68080236485946,387.71922356010225
292.18812340425137,292.18812340425137,306.01393843734536,315.1591166172169,387.71922356010225
293.8254332830684,293.8254332830684,308.3142108932857,315.6865749349235,387.71922356010225
291.05538289914045,291.05538289914045,303.64698262007147,315.2783464170869,387.71922356010225
293.83382519688956,293.83382519688956,303.69785555227594,314.57557492448143,387.71922356010225
291.0484445346181,291.0484445346181,304.2850398336319,313.76525703801025,387.71922356010225
290.3971146821322,290.3971146821322,302.6030103107989,313.2239250902271,387.71922356010225
292.1656474620172,292.1656474620172,300.9957314508681,313.61547319757346,387.71922356010225
292.22520645163786,292.22520645163786,305.5742150083026,314.32817920710676,387.71922356010225
291.0565120489521,291.0565120489521,307.456946846905,314.51096987027563,387.71922356010225
291.10681855895365,291.10681855895365,308.13114075220443,314.04725510174785,387.71922356010225
294.8883040180465,294.8883040180465,303.82092211442495,314.13682882763374,387.71922356010225
291.0268102103339,291.0268102103339,301.87099475988805,315.6981487055068,387.71922356010225
292.18812340425137,292.18812340425137,305.61542261833955,315.40511081556156,387.71922356010225
293.85040693467295,293.85040693467295,307.30829759603745,314.8675197376382,387.71922356010225
290.4485503419454,290.4485503419454,303.8904275859071,312.51378478354275,387.71922356010225
291.06390297654673,291.06390297654673,304.5810234901038,311.87076115963754,387.71922356010225
291.09333173514875,291.09333173514875,305.04177655104075,310.8434939915432,387.71922356010225
290.3971146821322,290.3971146821322,304.4434565856315,310.6215144032654,387.71922356010225
293.8371645242099,293.8371645242099,303.58464420354653,310.580243605794,387.71922356010225
290.3844004087589,290.3844004087589,301.0471713750491,310.57079068096675,387.71922356010225
291.05583546221277,291.05583546221277,302.70939204172885,311.00193537338623,387.71922356010225
292.1788898724802,292.1788898724802,301.5176491413717,310.7846891470315,387.71922356010225
291.0268102103339,291.0268102103339,303.16059833690645,311.5987890795469,387.71922356010225
292.1788898724802,292.1788898724802,302.97103635838937,311.14532446537106,387.71922356010225
293.8317633189637,293.8317633189637,308.31282580736575,311.16642551949013,387.71922356010225
292.1872817863014,292.1872817863014,306.5755874185553,310.30252683728844,387.71922356010225
291.0852642208148,291.0852642208148,311.96981062325705,310.45506062185456,387.71922356010225
293.8254332830684,293.8254332830684,311.2219446577868,309.9123727323327,387.71922356010225
291.0268102103339,291.0268102103339,305.0948839016964,308.2111946767589,387.71922356010225
290.3844004087589,290.3844004087589,307.69978517370987,307.59534428587426,387.71922356010225
290.4199562639106,290.4199562639106,305.91546895018575,307.7425250326464,387.71922356010225
291.06390297654673,291.06390297654673,305.9197503849149,307.7906324647649,387.71922356010225
291.0268102103339,291.0268102103339,302.6703983910119,307.1032503167313,387.71922356010225
292.1656474620172,292.1656474620172,298.67738254272524,306.49862147023674,387.71922356010225
293.8317633189637,293.8317633189637,298.1562672014595,305.60927607613644,387.71922356010225
291.0872046385991,291.0872046385991,299.3783401106687,304.7026749689831,387.71922356010225
293.8121908726053,293.8121908726053,298.6527908787092,304.4124572911147,387.71922356010225
292.1788898724802,292.1788898724802,297.2727892319577,304.75821187639286,387.71922356010225
292.1563410941922,292.1563410941922,306.3904316492245,305.1751515871767,387.71922356010225
290.38313657771397,290.38313657771397,312.6377298453316,306.71595978332084,387.71922356010225
291.0565120489521,291.0565120489521,315.08245065208405,306.70843443915385,387.71922356010225
292.1563410941922,292.1563410941922,314.9895612660988,306.52243328911186,387.71922356010225
291.00215456141365,291.00215456141365,320.1617670504219,307.05103380335026,387.71922356010225
293.8121908726053,293.8121908726053,320.4323770435484,306.6173898185953,387.71922356010225
292.15909815237256,292.15909815237256,314.321041186666,305.79312032300606,387.71922356010225
292.1656474620172,292.1656474620172,319.10483715221744,306.4485596964688,387.71922356010225
294.0975172119662,294.0975172119662,316.9806503909319,306.72815197896136,387.71922356010225
291.05583546221277,291.05583546221277,323.5940514665723,308.42129139005016,387.71922356010225
291.04879572231687,291.04879572231687,321.1126002931939,308.7279013789133,387.71922356010225
292.1788898724802,292.1788898724802,314.9042478568985,308.88401500063867,387.71922356010225
291.04879572231687,291.04879572231687,314.47657190023466,308.4009611317316,387.71922356010225
291.0484445346181,291.0484445346181,316.13075804967923,308.08574272039056,387.71922356010225
291.0565120489521,291.0565120489521,313.3560526268813,308.9928478047122,387.71922356010225
293.8317633189637,293.8317633189637,319.14785732638154,309.7073901734164,387.71922356010225
291.0268102103339,291.0268102103339,324.30662769280116,309.7974378948399,387.71922356010225
291.0565120489521,291.0565120489521,324.60228446584705,310.8484145274785,387.71922356010225
293.85040693467295,293.85040693467295,325.4928553140754,311.6275767516029,387.71922356010225
291.0268102103339,291.0268102103339,319.75936258348077,311.2583209050858,387.71922356010225
292.1872817863014,292.1872817863014,322.0247393192079,311.64145987337383,387.71922356010225
292.1788898724802,292.1788898724802,324.8228244586156,312.22235174192093,387.71922356010225
293.8317633189637,293.8317633189637,323.8330966735105,312.4033960435488,387.71922356010225
292.1656474620172,292.1656474620172,318.7028365417233,311.4521110767576,387.71922356010225
293.8317633189637,293.8317633189637,320.62057006256566,311.99387729355743,387.71922356010225
294.8883040180465,294.8883040180465,314.141639950188,311.07405864424646,387.71922356010225
292.194672713896,292.194672713896,313.59049442863017,311.7374512633845,387.71922356010225
293.8317633189637,293.8317633189637,312.392342010339,312.41067823152554,387.71922356010225
292.15909815237256,292.15909815237256,307.5619917388197,312.13161978915866,387.71922356010225
293.8254332830684,293.8254332830684,312.47777705165083,312.8651849982897,387.71922356010225
290.4138291673609,290.4138291673609,306.48990282353867,312.22251159737226,387.71922356010225
292.1872817863014,292.1872817863014,305.9865158562325,313.21022063815764,387.71922356010225
292.1656474620172,292.1656474620172,308.0078301086132,313.4630836569256,387.71922356010225
291.0268102103339,291.0268102103339,313.9183854524632,313.93225833897594,387.71922356010225
292.1788898724802,292.1788898724802,315.3713648686727,314.4360305999107,387.71922356010225
293.8317633189637,293.8317633189637,322.8978959566281,315.0594305638942,387.71922356010225
293.8317633189637,293.8317633189637,321.6466711049044,314.40422032289223,387.71922356010225
291.0426686257672,291.0426686257672,317.5876319624488,314.6130871403042,387.71922356010225
290.43583606857214,290.43583606857214,320.64371796037665,313.86640125658255,387.71922356010225
292.1788898724802,292.1788898724802,319.6168816190795,314.54417239054817,387.71922356010225
292.1788898724802,292.1788898724802,323.6917541171973,315.9418856404725,387.71922356010225
294.8883040180465,294.8883040180465,324.6704155498338,316.60434671338237,387.71922356010225
291.0268102103339,291.0268102103339,324.92134898036085,317.2642596629606,387.71922356010225
293.86618977608873,293.86618977608873,323.8332812726158,317.51496451651605,387.71922356010225
292.1656474620172,292.1656474620172,316.9044646744795,317.2828438566042,387.71922356010225
290.38313657771397,290.38313657771397,314.6460659806392,318.25316725147707,387.71922356010225
292.1788898724802,292.1788898724802,316.60898033741313,318.09476295008295,387.71922356010225
293.8371645242099,293.8371645242099,321.42685784585126,319.0227906873408,387.71922356010225
292.1656474620172,292.1656474620172,317.67560314980983,317.6709637108027,387.71922356010225
293.8317633189637,293.8317633189637,316.340589909783,318.3577325261133,387.71922356010225
292.1788898724802,292.1788898724802,312.38248825894703,317.1402969624169,387.71922356010225
291.0484445346181,291.0484445346181,311.29349797552925,316.3355003394219,387.71922356010225
294.1127043574839,294.1127043574839,309.9405931213863,316.23588815682103,387.71922356010225
292.1656474620172,292.1656474620172,309.08870252189683,316.3347927676756,387.71922356010225
290.48209676100606,290.48209676100606,316.53586045428517,316.5576625373768,387.71922356010225
292.1872817863014,292.1872817863014,318.5924614773406,317.88518413823545,387.71922356010225
294.8883040180465,294.8883040180465,322.81912153433314,319.79437901961643,387.71922356010225
290.38313657771397,290.38313657771397,320.79038343741155,319.35989994437955,387.71922356010225
292.194672713896,292.194672713896,323.5098726447603,318.9768081615684,387.71922356010225
292.1872817863014,292.1872817863014,324.75513586332744,318.5899494054643,387.71922356010225
293.8254332830684,293.8254332830684,329.3201752952517,318.7818119628285,387.71922356010225
291.0268102103339,291.0268102103339,327.63539928542133,318.8817306251265,387.71922356010225
291.0484445346181,291.0484445346181,324.90364622465887,318.32130302170594,387.71922356010225
291.04140479472227,291.04140479472227,322.43954886504747,317.59655093074934,387.71922356010225
292.1788898724802,292.1788898724802,318.5222976712263,317.5909115462458,387.71922356010225
292.1656474620172,292.1656474620172,317.19599806851187,317.49481228666156,387.71922356010225
293.8254332830684,293.8254332830684,314.8980532175909,317.91266412457446,387.71922356010225
292.1563410941922,292.1563410941922,310.2082029366878,316.4810836385477,387.71922356010225
292.1788898724802,292.1788898724802,315.196536620746,316.9175444229025,387.71922356010225
291.09333173514875,291.09333173514875,316.46408850456663,317.93089458968154,387.71922356010225
291.05777587999705,291.05777587999705,315.0432631685059,317.38551673268813,387.71922356010225
294.4896416109242,294.4896416109242,317.0764964215866,317.3324650177207,387.71922356010225
292.1788898724802,292.1788898724802,318.8972855437627,317.33414079575635,387.71922356010225
291.0268102103339,291.0268102103339,322.09409312358434,318.2748022471215,387.71922356010225
293.8317633189637,293.8317633189637,320.16863920085314,317.5005253739034,387.71922356010225
293.8317633189637,293.8317633189637,313.1608922938933,317.2986627554026,387.71922356010225
292.194672713896,292.194672713896,310.3087409773618,317.2563134343207,387.71922356010225
290.40602160871913,290.40602160871913,314.4162895025775,316.8858731369954,387.71922356010225
292.1872817863014,292.1872817863014,309.7555795503873,317.35626198521595,387.71922356010225
291.0008907303686,291.0008907303686,307.50543636250666,316.9364264518526,387.71922356010225
290.4644102255698,290.4644102255698,309.022974382916,317.8921310445636,387.71922356010225
295.2044162083915,295.2044162083915,310.7622416629646,318.28761017906703,387.71922356010225
291.0268102103339,291.0268102103339,308.52841657123486,317.43825808828063,387.71922356010225
293.83382519688956,293.83382519688956,305.57460982646455,316.60604712192173,387.71922356010225
292.1656474620172,292.1656474620172,305.15050559683885,315.45635351953655,387.71922356010225
292.1656474620172,292.1656474620172,313.61577732763243,315.44223902960346,387.71922356010225
292.1563410941922,292.1563410941922,319.5584670155594,316.8386726164517,387.71922356010225
293.8371645242099,293.8371645242099,321.7826836482018,317.724883474146,387.71922356010225
291.0484445346181,291.0484445346181,320.55952146929405,317.3394226869995,387.71922356010225
293.8317633189637,293.8317633189637,320.2173576419715,317.0565216564311,387.71922356010225
293.85879884849413,293.85879884849413,316.0376871017814,316.36131764148035,387.71922356010225
290.46121355061047,290.46121355061047,310.6965662167114,315.49284031244264,387.71922356010225
291.0268102103339,291.0268102103339,316.1269098364751,315.67937025950357,387.71922356010225
292.21479510467304,292.21479510467304,319.94445844154296,315.82828255570723,387.71922356010225
292.1788898724802,292.1788898724802,326.4940609184002,317.37427276832074,387.71922356010225
291.0484445346181,291.0484445346181,325.40491338666993,317.5940085108096,387.71922356010225
293.85040693467295,293.85040693467295,323.205863524621,318.15804925389324,387.71922356010225
292.1779754184764,292.1779754184764,319.01108789978684,317.2417294849331,387.71922356010225
292.1860429328104,292.1860429328104,323.14526397728906,318.43335485249537,387.71922356010225
290.3844004087589,290.3844004087589,327.58782856332226,319.3059693871389,387.71922356010225
294.8883040180465,294.8883040180465,328.0738556097648,319.49959111164395,387.71922356010225
291.0268102103339,291.0268102103339,331.33281564514226,319.50070384636524,387.71922356010225
290.3905275053086,290.3905275053086,328.504696101469,319.3921908555201,387.71922356010225
293.8121908726053,293.8121908726053,324.95802660440756,319.0021473722093,387.71922356010225
292.1788898724802,292.1788898724802,318.7911659035914,317.8253338581819,387.71922356010225
292.1563410941922,292.1563410941922,319.1751548793651,317.7105471912145,387.71922356010225
293.8317633189637,293.8317633189637,319.72631076967235,317.53948710096114,387.71922356010225
291.0268102103339,291.0268102103339,317.07716228031074,316.49908525351293,387.71922356010225
291.04879572231687,291.04879572231687,313.08778557559083,316.34893743866144,387.71922356010225
291.0268102103339,291.0268102103339,305.2534586274387,315.4056339399612,387.71922356010225
292.1860429328104,292.1860429328104,306.03090536048353,314.8417371246903,387.71922356010225
292.194672713896,292.194672713896,304.699935096279,314.91361100853675,387.71922356010225
292.22410147249803,292.22410147249803,305.3493101936697,315.48132364932223,387.71922356010225
290.4199562639106,290.4199562639106,308.5662147690415,316.22748055300815,387.71922356010225
293.7066609376879,293.7066609376879,313.189609930325,316.7587963100017,387.71922356010225
292.1788898724802,292.1788898724802,315.4095352808431,317.35325463368076,387.71922356010225
293.8494924806692,293.8494924806692,315.787400021724,317.7173564617877,387.71922356010225
291.0268102103339,291.0268102103339,317.9309434032591,318.0436333468272,387.71922356010225
292.1788898724802,292.1788898724802,322.04146655818346,317.7179234261489,387.71922356010225
292.2592490663322,292.2592490663322,327.09244703226744,317.5313056455013,387.71922356010225
293.8254332830684,293.8254332830684,331.9918762150029,318.2314597339897,387.71922356010225
292.22410147249803,292.22410147249803,331.4893491897452,317.7961815621685,387.71922356010225
290.3905275053086,290.3905275053086,334.2501856183464,318.551903664239,387.71922356010225
293.85040693467295,293.85040693467295,331.0791738216949,318.0244966926303,387.71922356010225
294.9040238535748,294.9040238535748,327.4021561439163,318.20549969861435,387.71922356010225
293.8254332830684,293.8254332830684,322.16847653097386,319.1547714810969,387.71922356010225
292.1788898724802,292.1788898724802,316.1040580931164,318.8764198849387,387.71922356010225
292.1656474620172,292.1656474620172,318.57240150695554,318.8748557477027,387.71922356010225
294.9040238535748,294.9040238535748,315.96492209264164,318.9597919345998,387.71922356010225
290.3905275053086,290.3905275053086,314.4687460583153,318.923967584663,387.71922356010225
292.1788898724802,292.1788898724802,309.37918790137155,318.30270243768086,387.71922356010225
291.0268102103339,291.0268102103339,311.4969083225555,317.94311489408665,387.71922356010225
290.3905275053086,290.3905275053086,307.0512759940112,318.2564755487943,387.71922356010225
292.185366346071,292.185366346071,310.38605694797684,318.98678611693276,387.71922356010225
291.0268102103339,291.0268102103339,313.99331654604106,319.9740618884548,387.71922356010225
292.1788898724802,292.1788898724802,315.23370190048934,319.47835639566824,387.71922356010225
291.0484445346181,291.0484445346181,321.1656678708559,319.1978600559979,387.71922356010225
291.0484445346181,291.0484445346181,320.1943707511431,318.55719316829106,387.71922356010225
292.21755216285345,292.21755216285345,319.7801016288425,318.8039079665095,387.71922356010225
291.0268102103339,291.0268102103339,320.7421509328716,319.02892624284306,387.71922356010225
290.38313657771397,290.38313657771397,321.84503908250315,319.46417283382516,387.71922356010225
291.0484445346181,291.0484445346181,321.14382560995205,320.03256677273487,387.71922356010225
291.0268102103339,291.0268102103339,321.2793573673054,319.2869650549603,387.71922356010225
291.0484445346181,291.0484445346181,317.1687563376404,318.43164569615226,387.71922356010225
292.1656474620172,292.1656474620172,313.94181677348143,317.463613059471,387.71922356010225
292.1872817863014,292.1872817863014,312.49422985035807,316.8962196884059,387.71922356010225
292.1779754184764,292.1779754184764,312.3489166193518,317.02647067494405,387.71922356010225
290.38313657771397,290.38313657771397,315.5364492575045,317.86226543983463,387.71922356010225
291.0268102103339,291.0268102103339,317.41025243219923,317.65690565749156,387.71922356010225
291.0268102103339,291.0268102103339,314.97281443333554,316.5059234168457,387.71922356010225
292.1779754184764,292.1779754184764,315.4512313990937,316.93964799169095,387.71922356010225
291.0484445346181,291.0484445346181,318.1545850705659,317.3969206578195,387.71922356010225
292.1788898724802,292.1788898724802,318.11389668066175,317.20880517079894,387.71922356010225
292.1788898724802,292.1788898724802,323.3667010484001,318.11338058495073,387.71922356010225
292.1807324766568,292.1807324766568,327.10218395416416,319.12581666958556,387.71922356010225
292.1872817863014,292.1872817863014,330.1592791947495,319.09304455148276,387.71922356010225
291.0268102103339,291.0268102103339,328.98361103663217,318.8779307283361,387.71922356010225
293.8317633189637,293.8317633189637,325.8216741414942,319.6111678120713,387.71922356010225
291.0268102103339,291.0268102103339,321.41356386724044,319.32206131582143,387.71922356010225
290.38313657771397,290.38313657771397,320.02189811620053,319.45961131459813,387.71922356010225
292.1656474620172,292.1656474620172,316.799868545338,319.0934406286618,387.71922356010225
294.8844514072165,294.8844514072165,311.4787758170104,318.7526888019658,387.71922356010225
290.38313657771397,290.38313657771397,309.7184656283117,318.08263625772724,387.71922356010225
291.0268102103339,291.0268102103339,304.9894106279262,317.3980197567277,387.71922356010225
292.1788898724802,292.1788898724802,299.87022891533894,316.4619404665884,387.71922356010225
292.1788898724802,292.1788898724802,298.4560482995183,315.7023471552178,387.71922356010225
292.1872817863014,292.1872817863014,297.74937321429644,315.2703253668506,387.71922356010225
292.1788898724802,292.1788898724802,299.21329940943946,315.86763901330744,387.71922356010225
292.1656474620172,292.1656474620172,303.29469977623637,315.572707959432,387.71922356010225
291.0565120489521,291.0565120489521,306.1826283750591,315.2776475831564,387.71922356010225
293.8254332830684,293.8254332830684,309.36662478927826,314.56839034351697,387.71922356010225
291.05583546221277,291.05583546221277,310.8839085506483,314.63160067414645,387.71922356010225
292.1779754184764,292.1779754184764,315.69567736807187,314.3717346076724,387.71922356010225
295.18692680311784,295.18692680311784,322.3445965581379,315.6511043040163,387.71922356010225
292.1788898724802,292.1788898724802,321.7599034959083,315.3334899369867,387.71922356010225
291.0565120489521,291.0565120489521,324.46014565965964,316.16068098095496,387.71922356010225
290.38313657771397,290.38313657771397,323.7879072354513,316.8070951953175,387.71922356010225
294.8883040180465,294.8883040180465,323.43617561461815,316.84039383483986,387.71922356010225
291.0268102103339,291.0268102103339,323.6057630470459,317.10087615031284,387.71922356010225
293.83382519688956,293.83382519688956,319.97573102306796,316.379044576107,387.71922356010225
292.1788898724802,292.1788898724802,314.6593057272527,315.6244139086932,387.71922356010225
292.1656474620172,292.1656474620172,317.04999544687973,315.7422180990113,387.71922356010225
294.9040238535748,294.9040238535748,316.40788034277875,316.2430554774259,387.71922356010225
293.8317633189637,293.8317633189637,311.0464204644555,315.783177007312,387.71922356010225
290.4199562639106,290.4199562639106,314.07274819280116,315.34937626633877,387.71922356010225
291.05583546221277,291.05583546221277,310.7108236281554,315.2561053264882,387.71922356010225
290.38313657771397,290.38313657771397,312.3464012270327,315.04324186655293,387.71922356010225
292.1563410941922,292.1563410941922,311.94831191621563,315.1911820678544,387.71922356010225
291.0852642208148,291.0852642208148,315.00215295722694,316.14528641598974,387.71922356010225
291.04140479472227,291.04140479472227,320.24527375018135,316.27966913956885,387.71922356010225
290.38313657771397,290.38313657771397,329.22144414849635,317.0996949218918,387.71922356010225
291.0268102103339,291.0268102103339,329.54909284533994,317.42327154608887,387.71922356010225
291.0268102103339,291.0268102103339,328.5465794590957,317.6964998957839,387.71922356010225
292.1788898724802,292.1788898724802,331.7380680220266,318.69703934418925,387.71922356010225
291.51098141602694,291.51098141602694,335.6683587401355,319.6946846596696,387.71922356010225
292.185366346071,292.185366346071,335.8104685814416,319.9193530727049,387.71922356010225
291.0268102103339,291.0268102103339,337.34165281029703,320.0417891047419,387.71922356010225
291.0268102103339,291.0268102103339,338.1424558267403,319.7123833817015,387.71922356010225
291.0268102103339,291.0268102103339,333.07364258404124,319.27796444635817,387.71922356010225
292.1788898724802,292.1788898724802,329.1763407729723,319.12037440749623,387.71922356010225
292.1788898724802,292.1788898724802,327.1325424154706,319.4359571251672,387.71922356010225
294.8976938176795,294.8976938176795,326.080415085574,319.0084375490905,387.71922356010225
291.0268102103339,291.0268102103339,327.02901207488867,319.4795229746294,387.71922356010225
292.1788898724802,292.1788898724802,323.04732143569146,318.63316342164757,387.71922356010225
291.0268102103339,291.0268102103339,322.7871772686056,318.83168332255786,387.71922356010225
292.1656474620172,292.1656474620172,322.7315709082664,318.4338114154083,387.71922356010225
292.1788898724802,292.1788898724802,323.5170660805978,318.948480113535,387.71922356010225
292.1656474620172,292.1656474620172,324.08907204149943,319.3658629617026,387.71922356010225
292.1788898724802,292.1788898724802,326.4321891826632,320.28168950944274,387.71922356010225
290.3905275053086,290.3905275053086,329.82679660325596,321.0813541049073,387.71922356010225
291.0268102103339,291.0268102103339,328.6561247064803,321.8072083573956,387.71922356010225
291.0268102103339,291.0268102103339,327.7145551188951,322.2555934094674,387.71922356010225
293.8317633189637,293.8317633189637,326.6439392625156,322.8646177014701,387.71922356010225
295.1503676631771,295.1503676631771,326.6481346349202,322.9649082230463,387.71922356010225
293.8317633189637,293.8317633189637,323.16177509262,323.4899925580141,387.71922356010225
291.0268102103339,291.0268102103339,320.2686179548376,322.7963253464721,387.71922356010225
290.38313657771397,290.38313657771397,313.9243065494935,322.18346678057446,387.71922356010225
291.0484445346181,291.0484445346181,314.08147781382246,322.33949864257914,387.71922356010225
292.15909815237256,292.15909815237256,315.37477925673556,322.69770540554254,387.71922356010225
291.0268102103339,291.0268102103339,313.1835886124971,322.48154615239497,387.71922356010225
291.0268102103339,291.0268102103339,311.27356412647504,322.18859622483507,387.71922356010225
291.0484445346181,291.0484445346181,309.9261798099137,322.0640476613205,387.71922356010225
291.0484445346181,291.0484445346181,308.7548780815203,321.47645784415977,387.71922356010225
291.0484445346181,291.0484445346181,310.23745075828185,320.54347906307515,387.71922356010225
292.1656474620172,292.1656474620172,309.91251211537383,321.1205142819072,387.71922356010225
292.1807324766568,292.1807324766568,314.31183269906546,320.7666627543533,387.71922356010225
291.0008907303686,291.0008907303686,318.277219950668,321.0813293236178,387.71922356010225
292.22410147249803,292.22410147249803,315.2391076287296,320.7000850454014,387.71922356010225
291.0484445346181,291.0484445346181,312.5985916317059,320.4962711224746,387.71922356010225
292.1788898724802,292.1788898724802,310.51150874747077,320.58870169727544,387.71922356010225
291.0268102103339,291.0268102103339,314.21202283727314,322.0991396468391,387.71922356010225
290.38313657771397,290.38313657771397,316.3025602289812,321.9145606177408,387.71922356010225
290.38313657771397,290.38313657771397,316.75820658813734,321.54652309323154,387.71922356010225
291.0484445346181,291.0484445346181,317.2565659737686,321.78550816493777,387.71922356010225
292.1656474620172,292.1656474620172,316.8471484386555,321.67539433107805,387.71922356010225
292.185366346071,292.185366346071,317.881680829408,322.2008341946038,387.71922356010225
291.0565120489521,291.0565120489521,318.58051890337396,322.328152858886,387.71922356010225
292.1563410941922,292.1563410941922,320.226052430226,322.35563314820354,387.71922356010225
292.1788898724802,292.1788898724802,322.59139319545847,322.01411917012086,387.71922356010225
292.1656474620172,292.1656474620172,325.18524670820966,321.5766962888811,387.71922356010225
290.38313657771397,290.38313657771397,325.30291175721084,321.31543316858193,387.71922356010225
291.0268102103339,291.0268102103339,325.4977496790722,321.1042919844872,387.71922356010225
290.3844004087589,290.3844004087589,325.60860693565485,320.95892858854336,387.71922356010225
293.8317633189637,293.8317633189637,322.729480263201,319.98379061317263,387.71922356010225
292.185366346071,292.185366346071,320.58936891091946,318.65959636523485,387.71922356010225
291.0268102103339,291.0268102103339,317.2473451737253,318.48820951306055,387.71922356010225
293.8254332830684,293.8254332830684,313.3072896963314,317.52128023609293,387.71922356010225
291.0268102103339,291.0268102103339,308.57573026107167,316.44228803506985,387.71922356010225
291.05777587999705,291.05777587999705,304.1854964842228,316.23648995015725,387.71922356010225
292.1872817863014,292.1872817863014,303.43984746225675,316.429397626738,387.71922356010225
291.0008907303686,291.0008907303686,301.9731379321688,316.2835522719216,387.71922356010225
290.38313657771397,290.38313657771397,302.8023989403758,316.44868875544756,387.71922356010225
292.1788898724802,292.1788898724802,303.71467787762555,316.2960617490907,387.71922356010225
291.0484445346181,291.0484445346181,308.9806527089287,317.17045686782006,387.71922356010225
292.1656474620172,292.1656474620172,313.3616463787339,316.77449018726054,387.71922356010225
292.15909815237256,292.15909815237256,316.5567392923947,317.25324318988623,387.71922356010225
291.06390297654673,291.06390297654673,321.0032343729642,317.0185138945662,387.71922356010225
291.0268102103339,291.0268102103339,325.30324801919016,316.685123230608,387.71922356010225
292.1788898724802,292.1788898724802,327.71694701964105,316.4934415175528,387.71922356010225
292.1788898724802,292.1788898724802,329.46854645376953,316.35774759684074,387.71922356010225
291.0872046385991,291.0872046385991,329.1571341918199,316.3837541689895,387.71922356010225
291.0484445346181,291.0484445346181,328.40212091810844,316.58620191529025,387.71922356010225
292.1788898724802,292.1788898724802,327.4921837190768,316.46571064040296,387.71922356010225
292.1788898724802,292.1788898724802,326.86354090933963,317.21353812270394,387.71922356010225
292.1779754184764,292.1779754184764,324.7884172152941,317.09981861179534,387.71922356010225
292.1656474620172,292.1656474620172,322.2693642922345,317.6533924573656,387.71922356010225
292.2167355224573,292.2167355224573,321.8777030906118,318.6091932027899,387.71922356010225
295.1503676631771,295.1503676631771,323.6931482808859,318.60745732402063,387.71922356010225
292.1788898724802,292.1788898724802,326.53883028976105,318.72625172415786,387.71922356010225
293.82785815638493,293.82785815638493,327.1465403485421,319.1503379440498,387.71922356010225
291.04140479472227,291.04140479472227,322.7516774230712,318.6793768283088,387.71922356010225
292.1872817863014,292.1872817863014,321.45034835767547,318.89103562484263,387.71922356010225
293.8317633189637,293.8317633189637,322.8233653630685,319.2794080967126,387.71922356010225
291.0268102103339,291.0268102103339,316.8279262880589,318.5316332286594,387.71922356010225
291.0484445346181,291.0484445346181,320.2874205055897,319.1748002898386,387.71922356010225
291.0565120489521,291.0565120489521,322.74729055436774,319.3404840284261,387.71922356010225
291.0268102103339,291.0268102103339,324.1191031886863,319.77756985039355,387.71922356010225
291.0484445346181,291.0484445346181,322.5841571697383,320.0764672322224,387.71922356010225
292.1788898724802,292.1788898724802,319.6806184049609,320.1426570788089,387.71922356010225
291.0484445346181,291.0484445346181,317.86004837301545,320.6200458691587,387.71922356010225
292.1788898724802,292.1788898724802,321.7416355384913,320.1852993685524,387.71922356010225
292.1656474620172,292.1656474620172,323.4571329005747,320.3219501591613,387.71922356010225
292.1788898724802,292.1788898724802,324.1427169270995,320.75631016450507,387.71922356010225
291.05583546221277,291.05583546221277,326.98974186268356,320.4782684064424,387.71922356010225
295.25627232289236,295.25627232289236,325.2241195573401,320.85019451357545,387.71922356010225
291.0268102103339,291.0268102103339,317.0573679904634,319.1756214606371,387.71922356010225
291.04140479472227,291.04140479472227,311.5399249252164,318.369451054762,387.71922356010225
292.1788898724802,292.1788898724802,311.53591878595216,318.33844050336774,387.71922356010225
292.1807324766568,292.1807324766568,312.0669430105283,318.03776704182286,387.71922356010225
292.1788898724802,292.1788898724802,312.8794389225391,318.1588843120246,387.71922356010225
293.8254332830684,293.8254332830684,313.1309222567092,317.7509014684521,387.71922356010225
292.1788898724802,292.1788898724802,306.6958743902927,316.5615751014055,387.71922356010225
295.17835094649377,295.17835094649377,303.62720284542627,316.3600293464593,387.71922356010225
291.0268102103339,291.0268102103339,301.3676826863307,316.2059088910683,387.71922356010225
291.0484445346181,291.0484445346181,301.73082533472143,317.0784857983358,387.71922356010225
292.1788898724802,292.1788898724802,309.71071105324256,317.66829463654057,387.71922356010225
295.63665140354436,295.63665140354436,313.7280653482082,318.4536061851374,387.71922356010225
294.4896416109242,294.4896416109242,314.7961336338436,319.58252117792205,387.71922356010225
294.4896416109242,294.4896416109242,316.5886060527929,320.51838895553686,387.71922356010225
294.4896416109242,294.4896416109242,315.21029656007306,320.51297413158784,387.71922356010225
294.4896416109242,294.4896416109242,313.4513063301661,320.0465351480516,387.71922356010225
294.4896416109242,294.4896416109242,316.5018546966176,319.3014662526538,387.71922356010225
294.4896416109242,294.4896416109242,318.70278182654664,319.35765013624354,387.71922356010225
294.4896416109242,294.4896416109242,322.44389111986595,318.8985565732558,387.71922356010225
294.4896416109242,294.4896416109242,322.5861010100055,318.9233767245902,387.71922356010225
294.4896416109242,294.4896416109242,321.74285334667337,318.70551744739635,387.71922356010225
294.4896416109242,294.4896416109242,321.4792281674755,318.54880494403966,387.71922356010225
294.4896416109242,294.4896416109242,320.6039563100938,318.6426628361027,387.71922356010225
294.4896416109242,294.4896416109242,318.86940395161594,318.7488803419318,387.71922356010225
294.4896416109242,294.4896416109242,319.6218811856912,318.54364107797215,387.71922356010225
294.4896416109242,294.4896416109242,320.2563728133081,318.2663828723492,387.71922356010225
294.4896416109242,294.4896416109242,322.51553332198597,318.1241487334293,387.71922356010225
294.4896416109242,294.4896416109242,320.1454193418689,317.8882972608019,387.71922356010225
294.4896416109242,294.4896416109242,317.215791985731,316.969006788534,387.71922356010225
294.4896416109242,294.4896416109242,312.47045458014213,316.4597841975597,387.71922356010225
294.4896416109242,294.4896416109242,309.112101422509,316.07406487345116,387.71922356010225
294.4896416109242,294.4896416109242,306.8467239419282,315.5426091143029,387.71922356010225
294.4896416109242,294.4896416109242,306.5209881898601,315.2082308178976,387.71922356010225
294.4896416109242,294.4896416109242,306.98080321107057,314.8372749261937,387.71922356010225
294.4896416109242,294.4896416109242,306.8596414023184,314.48626128872746,387.71922356010225
294.4896416109242,294.4896416109242,309.03091358097,315.5222301039289,387.71922356010225
294.4896416109242,294.4896416109242,311.72419650401224,316.17891836269666,387.71922356010225
294.4896416109242,294.4896416109242,313.7499731140805,316.07361881100434,387.71922356010225
294.4896416109242,294.4896416109242,318.9421131061125,317.39184415214476,387.71922356010225
294.4896416109242,294.4896416109242,323.8935246084137,317.18100501812455,387.71922356010225
294.4896416109242,294.4896416109242,324.6109949122866,316.44680574503496,387.71922356010225
294.4896416109242,294.4896416109242,324.1470624426096,315.5482009650876,387.71922356010225
294.4896416109242,294.4896416109242,324.8657269415135,315.6645447722526,387.71922356010225
294.4896416109242,294.4896416109242,323.8881005424431,315.67877135369014,387.71922356010225
294.4896416109242,294.4896416109242,323.67076024407174,315.6484036629387,387.71922356010225
294.4896416109242,294.4896416109242,321.2215303673725,315.4182090697052,387.71922356010225
294.4896416109242,294.4896416109242,318.79992664774176,315.24747711213007,387.71922356010225
294.4896416109242,294.4896416109242,318.1573077841975,314.87653698242394,387.71922356010225
294.4896416109242,294.4896416109242,316.87805242433114,315.36950626447424,387.71922356010225
294.4896416109242,294.4896416109242,316.7527406853943,315.48672924373545,387.71922356010225
294.4896416109242,294.4896416109242,319.7920141566808,316.99373497827844,387.71922356010225
294.4896416109242,294.4896416109242,322.1839519997193,317.67700637998814,387.71922356010225
294.4896416109242,294.4896416109242,319.8851786307478,317.3343967412118,387.71922356010225
294.4896416109242,294.4896416109242,319.94665515698705,317.25471378298187,387.71922356010225
294.4896416109242,294.4896416109242,321.72308135197716,317.4171321488263,387.71922356010225
294.4896416109242,294.4896416109242,324.6652355226579,317.72507172289494,387.71922356010225
294.4896416109242,294.4896416109242,324.45474506975336,318.7992512480222,387.71922356010225
294.4896416109242,294.4896416109242,324.16686587870504,318.9844695890797,387.71922356010225
294.4896416109242,294.4896416109242,324.76584884448914,320.0491394961059,387.71922356010225
294.4896416109242,294.4896416109242,321.8898905783851,319.51854229246817,387.71922356010225
294.4896416109242,294.4896416109242,321.40664848875974,319.3329224653819,387.71922356010225
294.4896416109242,294.4896416109242,321.6615739936152,319.26370810906957,387.71922356010225
294.4896416109242,294.4896416109242,324.6365715927291,319.30248433298885,387.71922356010225
294.4896416109242,294.4896416109242,323.27925368792444,318.5928433100082,387.71922356010225
294.4896416109242,294.4896416109242,320.23840499660685,318.42275383613304,387.71922356010225
294.4896416109242,294.4896416109242,317.08044324393893,318.45089910564946,387.71922356010225
294.4896416109242,294.4896416109242,314.9497700111096,318.4888343109206,387.71922356010225
294.4896416109242,294.4896416109242,313.87029463306646,318.0179721503837,387.71922356010225
294.4896416109242,294.4896416109242,309.8392656494144,317.5282144020156,387.71922356010225
294.4896416109242,294.4896416109242,309.65927692145107,316.93317747475726,387.71922356010225
294.4896416109242,294.4896416109242,306.71970771987066,316.32829334002133,387.71922356010225
294.4896416109242,294.4896416109242,303.8259031673387,315.7330431090422,387.71922356010225
294.4896416109242,294.4896416109242,301.8650298809874,315.5546990471676,387.71922356010225
294.4896416109242,294.4896416109242,303.386727909764,315.4963081016378,387.71922356010225
294.4896416109242,294.4896416109242,305.3578305610917,315.5699437112131,387.71922356010225
294.4896416109242,294.4896416109242,306.1380533841872,315.6272352198253,387.71922356010225
294.4896416109242,294.4896416109242,307.3026449975888,315.4462566460412,387.71922356010225
294.4896416109242,294.4896416109242,308.9858463593042,315.7860575538707,387.71922356010225
294.4896416109242,294.4896416109242,311.26887768623203,316.3388315421158,387.71922356010225
294.4896416109242,294.4896416109242,313.99391776351524,317.2378701114319,387.71922356010225
294.4896416109242,294.4896416109242,316.50015149226306,317.80590335397216,387.71922356010225
294.4896416109242,294.4896416109242,318.8491433153848,318.13352698373353,387.71922356010225
294.4896416109242,294.4896416109242,319.06988554797016,318.0644785187896,387.71922356010225
294.4896416109242,294.4896416109242,318.71915558159947,317.8439785757436,387.71922356010225
294.4896416109242,294.4896416109242,317.08714800906944,317.61544503256334,387.71922356010225
294.4896416109242,294.4896416109242,317.53006444743744,317.3270653931188,387.71922356010225
294.4896416109242,294.4896416109242,318.4947014041192,316.8003576260625,387.71922356010225
294.4896416109242,294.4896416109242,317.590713068803,316.5542055448152,387.71922356010225
294.4896416109242,294.4896416109242,318.2342106399029,316.1972510488739,387.71922356010225
294.4896416109242,294.4896416109242,319.60050295030834,316.37926577981074,387.71922356010225
294.4896416109242,294.4896416109242,317.7782491575641,316.4393542030277,387.71922356010225
294.4896416109242,294.4896416109242,319.2480534148763,317.1537251781869,387.71922356010225
294.4896416109242,294.4896416109242,319.89155412674734,317.06964395583634,387.71922356010225
294.4896416109242,294.4896416109242,320.45765560468755,317.15788958819246,387.71922356010225
294.4896416109242,294.4896416109242,322.6889555795525,317.41908409965947,387.71922356010225
294.4896416109242,294.4896416109242,322.83893416042395,317.6505461517291,387.71922356010225
294.4896416109242,294.4896416109242,323.47178411666806,317.73472911984777,387.71922356010225
294.4896416109242,294.4896416109242,322.1688143047081,317.3565068489173,387.71922356010225
294.4896416109242,294.4896416109242,319.7284967299104,316.76733990998974,387.71922356010225
294.4896416109242,294.4896416109242,316.32443790822043,316.29360522437605,387.71922356010225
294.4896416109242,294.4896416109242,315.8905897081726,315.65906931332603,387.71922356010225
294.4896416109242,294.4896416109242,314.6308774716097,315.64311027256497,387.71922356010225
294.4896416109242,294.4896416109242,315.2152145928016,316.1356511482471,387.71922356010225
294.4896416109242,294.4896416109242,313.6799242892077,315.90454341463663,387.71922356010225
294.4896416109242,294.4896416109242,312.3995640371166,315.5543806366874,387.71922356010225
294.4896416109242,294.4896416109242,312.25974908179904,315.16944886355736,387.71922356010225
294.4896416109242,294.4896416109242,311.6989229588207,315.18356469766127,387.71922356010225
294.4896416109242,294.4896416109242,313.69047080856626,315.2612278348896,387.71922356010225
294.4896416109242,294.4896416109242,315.60389401754253,314.9349489446004,387.71922356010225
294.4896416109242,294.4896416109242,314.94403362660125,314.90443383401924,387.71922356010225
294.4896416109242,294.4896416109242,314.6502247055661,314.30778455668735,387.71922356010225
294.4896416109242,294.4896416109242,311.6615454777817,313.64310456939825,387.71922356010225
294.4896416109242,294.4896416109242,312.6280000993355,313.7339368495684,387.71922356010225
294.4896416109242,294.4896416109242,314.91759170432454,314.23221101791665,387.71922356010225
294.4896416109242,294.4896416109242,315.2288597949287,314.55247159635184,387.71922356010225
294.4896416109242,294.4896416109242,316.293447726786,315.01204976012673,387.71922356010225
294.4896416109242,294.4896416109242,314.3042928186328,315.0544692591659,387.71922356010225
294.4896416109242,294.4896416109242,312.81868523068863,315.050905954414,387.71922356010225
294.4896416109242,294.4896416109242,311.85560882129283,315.3382175789761,387.71922356010225
294.4896416109242,294.4896416109242,313.69068146954294,315.71071474363765,387.71922356010225
294.4896416109242,294.4896416109242,313.86161991589955,315.7361669958931,387.71922356010225
294.4896416109242,294.4896416109242,315.7239596978701,316.0227158755045,387.71922356010225
294.4896416109242,294.4896416109242,313.36744742560296,316.0344203584915,387.71922356010225
294.4896416109242,294.4896416109242,311.6256777823427,315.8800009924324,387.71922356010225
294.4896416109242,294.4896416109242,311.1390888907824,315.7087232622899,387.71922356010225
294.4896416109242,294.4896416109242,310.36709429752284,315.8578579427938,387.71922356010225
294.4896416109242,294.4896416109242,312.2766791060943,316.049276080867,387.71922356010225
294.4896416109242,294.4896416109242,313.8806808604763,316.02987285464843,387.71922356010225
294.4896416109242,294.4896416109242,314.85089812990566,316.0546216677109,387.71922356010225
294.4896416109242,294.4896416109242,316.1994296055137,316.1518171120374,387.71922356010225
294.4896416109242,294.4896416109242,317.67243905798415,315.9706245090373,387.71922356010225
294.4896416109242,294.4896416109242,317.89547182757485,315.83198157794254,387.71922356010225
294.4896416109242,294.4896416109242,320.87032242478455,316.3945077338544,387.71922356010225
294.4896416109242,294.4896416109242,323.5181169568303,316.8397932674785,387.71922356010225
294.4896416109242,294.4896416109242,326.678909810125,317.627075622501,387.71922356010225
294.4896416109242,294.4896416109242,327.8859014063149,317.92902533456936,387.71922356010225
294.4896416109242,294.4896416109242,327.9730462256474,317.94494504517263,387.71922356010225
294.4896416109242,294.4896416109242,326.40471912652515,317.7926740661929,387.71922356010225
294.4896416109242,294.4896416109242,327.56812811328257,317.9214051623868,387.71922356010225
294.4896416109242,294.4896416109242,328.54885749225826,317.94148802042736,387.71922356010225
294.4896416109242,294.4896416109242,327.56978984012164,317.9289326455488,387.71922356010225
294.4896416109242,294.4896416109242,327.796489406701,317.54166877630746,387.71922356010225
294.4896416109242,294.4896416109242,327.2621605282787,317.8686290141606,387.71922356010225
294.4896416109242,294.4896416109242,326.4401450860134,318.03629116374367,387.71922356010225
294.4896416109242,294.4896416109242,322.87522676674416,317.66432985993936,387.71922356010225
294.4896416109242,294.4896416109242,319.48947126012746,317.25913275451,387.71922356010225
294.4896416109242,294.4896416109242,319.3562794551816,317.12184411287535,387.71922356010225
294.4896416109242,294.4896416109242,320.849711631815,317.52885353161423,387.71922356010225
294.4896416109242,294.4896416109242,317.16648020169475,317.4090018567437,387.71922356010225
294.4896416109242,294.4896416109242,312.8093966980585,317.238479778395,387.71922356010225
294.4896416109242,294.4896416109242,312.7728212796251,317.3053789598393,387.71922356010225
294.4896416109242,294.4896416109242,311.4250090859324,316.900495099172,387.71922356010225
294.4896416109242,294.4896416109242,309.28305182450504,316.6821964605013,387.71922356010225
294.4896416109242,294.4896416109242,307.1410945630776,316.7285252185177,387.71922356010225
294.4896416109242,294.4896416109242,307.04715858035706,316.59384876858746,387.71922356010225
294.4896416109242,294.4896416109242,308.5168370156838,316.510550341287,387.71922356010225
294.4896416109242,294.4896416109242,306.8892779613251,316.15991511337626,387.71922356010225
294.4896416109242,294.4896416109242,306.44029558971636,316.0788184878443,387.71922356010225
294.4896416109242,294.4896416109242,309.3014108240015,316.1485052180355,387.71922356010225
294.4896416109242,294.4896416109242,312.74113241563253,316.7978995362012,387.71922356010225
294.4896416109242,294.4896416109242,315.27089702267966,317.42951342326205,387.71922356010225
294.4896416109242,294.4896416109242,316.0414827280962,317.7764825492349,387.71922356010225
294.4896416109242,294.4896416109242,316.7916547192151,317.51492738447723,387.71922356010225
294.4896416109242,294.4896416109242,320.4850958714672,317.8420260519462,387.71922356010225
294.4896416109242,294.4896416109242,323.4310955441971,318.23429591844115,387.71922356010225
294.4896416109242,294.4896416109242,325.8753017248854,318.42692114090687,387.71922356010225
294.4896416109242,294.4896416109242,329.5315312514248,319.2053627999347,387.71922356010225
294.4896416109242,294.4896416109242,330.2994762130854,319.57497668432364,387.71922356010225
294.4896416109242,294.4896416109242,331.9635757904715,320.1700986118712,387.71922356010225
294.4896416109242,294.4896416109242,330.80083682450703,320.21993060719404,387.71922356010225
294.4896416109242,294.4896416109242,329.4981123063846,320.556811901359,387.71922356010225
294.4896416109242,294.4896416109242,329.9545666898929,320.62260394763945,387.71922356010225
294.4896416109242,294.4896416109242,331.4401687220853,321.12947164377374,387.71922356010225
294.4896416109242,294.4896416109242,330.1366385535643,321.5442182061905,387.71922356010225
294.4896416109242,294.4896416109242,326.0348300721691,321.2134441547185,387.71922356010225
294.4896416109242,294.4896416109242,321.6270318240228,320.6789086462068,387.71922356010225
294.4896416109242,294.4896416109242,319.42075143323547,320.63417726536284,387.71922356010225
294.4896416109242,294.4896416109242,316.82389092009646,320.1636186962477,387.71922356010225
294.4896416109242,294.4896416109242,314.68455064570037,320.13682911503014,387.71922356010225
294.4896416109242,294.4896416109242,313.70882991052963,319.72181066819724,387.71922356010225
294.4896416109242,294.4896416109242,312.5998352966578,319.5422911490938,387.71922356010225
294.4896416109242,294.4896416109242,312.08357748579283,319.4602250792831,387.71922356010225
294.4896416109242,294.4896416109242,310.5474235065736,319.0648918601315,387.71922356010225
294.4896416109242,294.4896416109242,310.1438720547425,318.86936922577297,387.71922356010225
294.4896416109242,294.4896416109242,311.7398827247876,318.22563873765097,387.71922356010225
294.4896416109242,294.4896416109242,314.0086903085192,317.9034664266477,387.71922356010225
294.4896416109242,294.4896416109242,313.599847935927,317.7595376074188,387.71922356010225
294.4896416109242,294.4896416109242,315.8431133697479,318.0512975448922,387.71922356010225
294.4896416109242,294.4896416109242,314.4437586080205,317.51195521397767,387.71922356010225
294.4896416109242,294.4896416109242,314.343782976969,316.88079576513934,387.71922356010225
294.4896416109242,294.4896416109242,315.57754635286153,317.1438424516418,387.71922356010225
294.4896416109242,294.4896416109242,317.1620545925624,317.33333811645537,387.71922356010225
294.4896416109242,294.4896416109242,313.0586758501806,316.2241949245119,387.71922356010225
294.4896416109242,294.4896416109242,310.9521364393396,315.77176749643826,387.71922356010225
294.4896416109242,294.4896416109242,308.8139658687523,315.41338655805265,387.71922356010225
294.4896416109242,294.4896416109242,306.25523113309475,315.25661840124116,387.71922356010225
294.4896416109242,294.4896416109242,304.0401165412201,314.6963050246265,387.71922356010225
294.4896416109242,294.4896416109242,304.41126249786385,314.76360771810204,387.71922356010225
294.4896416109242,294.4896416109242,305.2490414007808,315.12846745379494,387.71922356010225
294.4896416109242,294.4896416109242,307.01662518430425,315.7222414623885,387.71922356010225
294.4896416109242,294.4896416109242,307.17671833439084,316.0246218625949,387.71922356010225
294.4896416109242,294.4896416109242,307.16027634226276,316.48039156772137,387.71922356010225
294.4896416109242,294.4896416109242,310.4818686418305,316.463958287977,387.71922356010225
294.4896416109242,294.4896416109242,311.775708980905,316.6986903800037,387.71922356010225
294.4896416109242,294.4896416109242,315.55240849892544,317.1144365417663,387.71922356010225
294.4896416109242,294.4896416109242,319.32910801694595,317.4190726014936,387.71922356010225
294.4896416109242,294.4896416109242,324.10189158594966,318.1388277495514,387.71922356010225
294.4896416109242,294.4896416109242,325.889312531703,318.65341110649933,387.71922356010225
294.4896416109242,294.4896416109242,327.9714545958782,318.8624762081702,387.71922356010225
294.4896416109242,294.4896416109242,328.89005338424465,318.9520256561109,387.71922356010225
294.4896416109242,294.4896416109242,331.13738097124997,319.19791865230894,387.71922356010225
294.4896416109242,294.4896416109242,332.45954344973524,319.7640037120492,387.71922356010225
294.4896416109242,294.4896416109242,335.7584542044363,320.25731818502123,387.71922356010225
294.4896416109242,294.4896416109242,336.2413823738785,319.84994768048597,387.71922356010225
294.4896416109242,294.4896416109242,336.5841404849479,319.7450455299165,387.71922356010225
294.4896416109242,294.4896416109242,338.14345981838204,319.872704220193,387.71922356010225
294.4896416109242,294.4896416109242,338.20402403140014,319.8733263055464,387.71922356010225
294.4896416109242,294.4896416109242,338.98169160164394,320.38985418421106,387.71922356010225
294.4896416109242,294.4896416109242,338.2693506389836,320.1236311778727,387.71922356010225
294.4896416109242,294.4896416109242,337.4061384263008,320.2730859764697,387.71922356010225
294.4896416109242,294.4896416109242,335.61892203202467,320.42208059743695,387.71922356010225
294.4896416109242,294.4896416109242,333.5366837443741,320.48042712294546,387.71922356010225
294.4896416109242,294.4896416109242,330.83571509610215,320.13642745982463,387.71922356010225
294.4896416109242,294.4896416109242,328.0234816458816,319.4273162989494,387.71922356010225
294.4896416109242,294.4896416109242,325.8079194458513,319.6996634046529,387.71922356010225
294.4896416109242,294.4896416109242,322.0915052754749,319.9655989104834,387.71922356010225
294.4896416109242,294.4896416109242,321.0028402914337,320.18974407718616,387.71922356010225
294.4896416109242,294.4896416109242,317.4346994287595,320.51201588594364,387.71922356010225
294.4896416109242,294.4896416109242,315.54872142012425,320.2964653327574,387.71922356010225
294.4896416109242,294.4896416109242,315.03518795062575,320.5383575844889,387.71922356010225
294.4896416109242,294.4896416109242,313.77273231452284,320.6566600010099,387.71922356010225
294.4896416109242,294.4896416109242,312.7163868199157,320.60698898977006,387.71922356010225
294.4896416109242,294.4896416109242,312.2445633487273,320.4758554282554,387.71922356010225
294.4896416109242,294.4896416109242,315.11687748759107,320.4219173855192,387.71922356010225
294.4896416109242,294.4896416109242,316.06776311084957,320.5652394818653,387.71922356010225
294.4896416109242,294.4896416109242,316.7103518692605,320.5059312226316,387.71922356010225
294.4896416109242,294.4896416109242,315.0774864835004,320.4852717867008,387.71922356010225
294.4896416109242,294.4896416109242,312.8163910117024,319.90667141433454,387.71922356010225
294.4896416109242,294.4896416109242,311.7634876665565,319.7604111444647,387.71922356010225
294.4896416109242,294.4896416109242,312.962405184218,320.26208202593875,387.71922356010225
294.4896416109242,294.4896416109242,313.1844630990117,320.17804335024,387.71922356010225
294.4896416109242,294.4896416109242,314.0210026867618,319.9787786086099,387.71922356010225
294.4896416109242,294.4896416109242,314.9139921154575,320.8469186813108,387.71922356010225
294.4896416109242,294.4896416109242,314.5089638902546,321.13328287570215,387.71922356010225
294.4896416109242,294.4896416109242,314.8770273080983,321.7778517697345,387.71922356010225
294.4896416109242,294.4896416109242,315.03125180862196,322.26113535773703,387.71922356010225
294.4896416109242,294.4896416109242,315.74836330157626,322.82692113877204,387.71922356010225
294.4896416109242,294.4896416109242,318.1944484341304,322.6633086015878,387.71922356010225
294.4896416109242,294.4896416109242,318.1853219883991,322.34766726198836,387.71922356010225
294.4896416109242,294.4896416109242,314.2248901984823,321.7037350287743,387.71922356010225
294.4896416109242,294.4896416109242,313.9086788173924,321.5244354468403,387.71922356010225
294.4896416109242,294.4896416109242,315.2060899762213,321.5879413354016,387.71922356010225
294.4896416109242,294.4896416109242,314.66575871637656,321.6836966962199,387.71922356010225
294.4896416109242,294.4896416109242,313.88513890574757,321.5551688606706,387.71922356010225
294.4896416109242,294.4896416109242,315.07466618765903,321.6823033074812,387.71922356010225
294.4896416109242,294.4896416109242,315.14422133695666,321.42415802173923,387.71922356010225
294.4896416109242,294.4896416109242,317.4398296929736,321.4945087601768,387.71922356010225
294.4896416109242,294.4896416109242,319.6509943553059,321.4156449663084,387.71922356010225
294.4896416109242,294.4896416109242,323.33054990193915,321.4194863232005,387.71922356010225
294.4896416109242,294.4896416109242,327.11922807588996,321.3495699671034,387.71922356010225
294.4896416109242,294.4896416109242,329.3239652874036,321.16175231007105,387.71922356010225
294.4896416109242,294.4896416109242,327.26233063215875,320.5484987718863,387.71922356010225
294.4896416109242,294.4896416109242,327.9927239804375,320.13055065142015,387.71922356010225
294.4896416109242,294.4896416109242,326.5464217899617,319.6161767438873,387.71922356010225
294.4896416109242,294.4896416109242,324.765073361372,319.3184898827661,387.71922356010225
294.4896416109242,294.4896416109242,324.4067802441505,318.6768221068929,387.71922356010225
294.4896416109242,294.4896416109242,321.4099229550475,318.1356885449063,387.71922356010225
294.4896416109242,294.4896416109242,318.01839519019813,317.22298568401925,387.71922356010225
294.4896416109242,294.4896416109242,315.25922283060396,316.81746076152456,387.71922356010225
294.4896416109242,294.4896416109242,313.41253654343467,316.5508495905301,387.71922356010225
294.4896416109242,294.4896416109242,312.10136684796504,316.4582412732591,387.71922356010225
294.4896416109242,294.4896416109242,311.8114524667926,316.20345251637,387.71922356010225
294.4896416109242,294.4896416109242,311.4947762132124,316.2623628748422,387.71922356010225
294.4896416109242,294.4896416109242,313.3186782594822,316.67521606660745,387.71922356010225
294.4896416109242,294.4896416109242,312.7242449910533,316.70175499180647,387.71922356010225
294.4896416109242,294.4896416109242,313.6196672727008,316.98245450633806,387.71922356010225
294.4896416109242,294.4896416109242,313.8005139494861,316.69522327651674,387.71922356010225
294.4896416109242,294.4896416109242,315.22680513475336,316.781406825218,387.71922356010225
294.4896416109242,294.4896416109242,316.5129291389394,317.0103023052876,387.71922356010225
294.4896416109242,294.4896416109242,315.2630153733647,316.59641507507786,387.71922356010225
294.4896416109242,294.4896416109242,313.5929840425036,316.42229161885524,387.71922356010225
294.4896416109242,294.4896416109242,314.0916418739295,316.4785035271728,387.71922356010225
294.4896416109242,294.4896416109242,313.5128301188036,316.5160162288575,387.71922356010225
294.4896416109242,294.4896416109242,312.83572472556455,316.21898551420213,387.71922356010225
294.4896416109242,294.4896416109242,313.6464466436173,316.21749169836005,387.71922356010225
294.4896416109242,294.4896416109242,312.39560082616384,316.1195042977187,387.71922356010225
294.4896416109242,294.4896416109242,313.045052666639,316.28873651314444,387.71922356010225
294.4896416109242,294.4896416109242,310.5225872238349,316.32264606764454,387.71922356010225
294.4896416109242,294.4896416109242,307.6453013134735,316.186665034671,387.71922356010225
294.4896416109242,294.4896416109242,307.81531980206967,315.5669979986483,387.71922356010225
294.4896416109242,294.4896416109242,309.3770279486822,315.6608045887894,387.71922356010225
294.4896416109242,294.4896416109242,311.0405576649103,315.8824145228025,387.71922356010225
294.4896416109242,294.4896416109242,311.35583708530714,315.8043852228274,387.71922356010225
294.4896416109242,294.4896416109242,311.753886243176,315.66796998478645,387.71922356010225
294.4896416109242,294.4896416109242,311.5111796059819,315.5443221579368,387.71922356010225
294.4896416109242,294.4896416109242,312.3435285056128,315.58195963711694,387.71922356010225
294.4896416109242,294.4896416109242,312.94780920858017,315.7286256945453,387.71922356010225
294.4896416109242,294.4896416109242,317.9610759546423,316.27597157174694,387.71922356010225
294.4896416109242,294.4896416109242,323.0291928026395,317.1554391975191,387.71922356010225
294.4896416109242,294.4896416109242,326.21851072452847,317.9657221038575,387.71922356010225
294.4896416109242,294.4896416109242,327.05061848942177,318.28919252319525,387.71922356010225
294.4896416109242,294.4896416109242,326.1902557833776,318.07924768423374,387.71922356010225
294.4896416109242,294.4896416109242,326.8280892472743,318.2368513290069,387.71922356010225
294.4896416109242,294.4896416109242,329.16426517721294,318.7237952390795,387.71922356010225
294.4896416109242,294.4896416109242,332.79064988021213,319.0875188964474,387.71922356010225
294.4896416109242,294.4896416109242,334.82832553054317,319.5187804758342,387.71922356010225
294.4896416109242,294.4896416109242,335.90834732447115,319.42232922084474,387.71922356010225
294.4896416109242,294.4896416109242,334.81000163194216,319.3077730270742,387.71922356010225
294.4896416109242,294.4896416109242,333.9866657010635,319.28666235734397,387.71922356010225
294.4896416109242,294.4896416109242,333.83629330959525,319.30913515059854,387.71922356010225
294.4896416109242,294.4896416109242,334.3121919328587,319.2868378522863,387.71922356010225
294.4896416109242,294.4896416109242,335.4741929705412,319.72162015191026,387.71922356010225
294.4896416109242,294.4896416109242,336.0428728301945,319.84688109895836,387.71922356010225
294.4896416109242,294.4896416109242,336.00417782555996,320.6153464461991,387.71922356010225
294.4896416109242,294.4896416109242,333.49452850823013,320.833409925819,387.71922356010225
294.4896416109242,294.4896416109242,333.17718027882734,321.2728604827696,387.71922356010225
294.4896416109242,294.4896416109242,333.00485578448064,321.7413157867314,387.71922356010225
294.4896416109242,294.4896416109242,333.20623626965465,322.3453412429655,387.71922356010225
294.4896416109242,294.4896416109242,331.9568365261343,322.62618509645,387.71922356010225
294.4896416109242,294.4896416109242,330.77588038645854,322.7818039192033,387.71922356010225
294.4896416109242,294.4896416109242,329.7196090218699,322.8104862870672,387.71922356010225
294.4896416109242,294.4896416109242,328.1249077625789,322.98431121106745,387.71922356010225
294.4896416109242,294.4896416109242,326.48865522346466,322.84565690100885,387.71922356010225
294.4896416109242,294.4896416109242,323.1020525858897,322.5720213114806,387.71922356010225
294.4896416109242,294.4896416109242,321.4944610869172,322.58745314499174,387.71922356010225
294.4896416109242,294.4896416109242,320.31614985995776,322.612157000221,387.71922356010225
294.4896416109242,294.4896416109242,319.9280953341066,322.96683206365554,387.71922356010225
294.4896416109242,294.4896416109242,319.65363939382695,323.2307080947802,387.71922356010225
294.4896416109242,294.4896416109242,319.0990543532403,323.1434101393102,387.71922356010225
294.4896416109242,294.4896416109242,318.47293107837106,323.4237870602046,387.71922356010225
294.4896416109242,294.4896416109242,318.4236849068153,323.77662645992956,387.71922356010225
294.4896416109242,294.4896416109242,319.423559238446,324.0506946839708,387.71922356010225
294.4896416109242,294.4896416109242,320.6233960301269,324.2677700832735,387.71922356010225
294.4896416109242,294.4896416109242,322.39984558104254,324.4848454825762,387.71922356010225
294.4896416109242,294.4896416109242,324.73053850892666,324.8042715180536,387.71922356010225
294.4896416109242,294.4896416109242,323.32666856841126,324.79837054867045,387.71922356010225
294.4896416109242,294.4896416109242,323.3251812450791,325.0228577793435,387.71922356010225
294.4896416109242,294.4896416109242,322.9626616456145,325.7187229791361,387.71922356010225
294.4896416109242,294.4896416109242,325.4092254409617,326.69619496480783,387.71922356010225
294.4896416109242,294.4896416109242,328.003449172674,327.46141293432544,387.71922356010225
294.4896416109242,294.4896416109242,325.2484191608594,326.950904702365,387.71922356010225
294.4896416109242,294.4896416109242,326.314876922958,327.1055585355803,387.71922356010225
294.4896416109242,294.4896416109242,326.9709376883153,327.3907902038751,387.71922356010225
294.4896416109242,294.4896416109242,326.53317470727603,327.4407031753962,387.71922356010225
294.4896416109242,294.4896416109242,325.0766392350728,327.5173634438718,387.71922356010225
294.4896416109242,294.4896416109242,324.7773286643294,327.28513058041375,387.71922356010225
294.4896416109242,294.4896416109242,323.19510862655034,327.07231766293756,387.71922356010225
294.4896416109242,294.4896416109242,322.2232203636216,326.571151860932,387.71922356010225
294.4896416109242,294.4896416109242,321.02378025940965,326.29511245616186,387.71922356010225
294.4896416109242,294.4896416109242,318.99004386041474,326.0157195615027,387.71922356010225
294.4896416109242,294.4896416109242,320.2740361235064,325.59558822918194,387.71922356010225
294.4896416109242,294.4896416109242,319.449407057278,325.7573887903604,387.71922356010225
294.4896416109242,294.4896416109242,319.86246492731857,325.99766533988395,387.71922356010225
294.4896416109242,294.4896416109242,321.3984923627573,325.8875486125051,387.71922356010225
294.4896416109242,294.4896416109242,320.1761188322381,324.994457234277,387.71922356010225
294.4896416109242,294.4896416109242,324.45748762635117,325.2109629995754,387.71922356010225
294.4896416109242,294.4896416109242,327.7226608964199,325.4351803773273,387.71922356010225
294.4896416109242,294.4896416109242,330.1233206560982,325.63381566576317,387.71922356010225
294.4896416109242,294.4896416109242,332.2275306323722,325.94328544242364,387.71922356010225
294.4896416109242,294.4896416109242,334.53626050463697,326.155713000511,387.71922356010225
294.4896416109242,294.4896416109242,338.8678093456319,326.50671171173656,387.71922356010225
294.4896416109242,294.4896416109242,340.6768481693049,326.79791983011313,387.71922356010225
294.4896416109242,294.4896416109242,341.23765462438257,327.03662169872166,387.71922356010225
294.4896416109242,294.4896416109242,341.44052257764054,326.97481756292126,387.71922356010225
294.4896416109242,294.4896416109242,344.66177091676,327.22790571598296,387.71922356010225
294.4896416109242,294.4896416109242,340.7088544234924,326.71729782850844,387.71922356010225
294.4896416109242,294.4896416109242,336.9556705828396,326.2253433369991,387.71922356010225
294.4896416109242,294.4896416109242,335.6234638933919,326.1172611905106,387.71922356010225
294.4896416109242,294.4896416109242,334.3182464950548,326.4155674362077,387.71922356010225
294.4896416109242,294.4896416109242,333.498240189583,326.7001849611359,387.71922356010225
294.4896416109242,294.4896416109242,330.9236916748162,326.7475282423258,387.71922356010225
294.4896416109242,294.4896416109242,329.4070152212554,327.0543413218485,387.71922356010225
294.4896416109242,294.4896416109242,326.5855708343757,327.0560048209038,387.71922356010225
294.4896416109242,294.4896416109242,324.78862097217814,327.31213124017887,387.71922356010225
294.4896416109242,294.4896416109242,321.9028432396289,327.30958214652526,387.71922356010225
294.4896416109242,294.4896416109242,322.8275060867719,327.2195690738712,387.71922356010225
294.4896416109242,294.4896416109242,322.69046107822834,326.77781648582345,387.71922356010225
294.4896416109242,294.4896416109242,322.0747852508281,326.60149036191086,387.71922356010225
294.4896416109242,294.4896416109242,322.50231226620673,327.09621901880104,387.71922356010225
294.4896416109242,294.4896416109242,320.3551963629267,327.07663801804705,387.71922356010225
294.4896416109242,294.4896416109242,320.3283920366023,327.12846966828323,387.71922356010225
294.4896416109242,294.4896416109242,320.5664526568165,327.28292000552256,387.71922356010225
294.4896416109242,294.4896416109242,320.7589506053865,327.08311573595574,387.71922356010225
294.4896416109242,294.4896416109242,319.0437405490476,326.6409102337799,387.71922356010225
294.4896416109242,294.4896416109242,319.4854572510734,326.26056589495465,387.71922356010225
294.4896416109242,294.4896416109242,320.6906173539045,326.69235883096985,387.71922356010225
294.4896416109242,294.4896416109242,322.7191945975398,326.6566191563156,387.71922356010225
294.4896416109242,294.4896416109242,323.5394445668327,326.71684694615453,387.71922356010225
294.4896416109242,294.4896416109242,321.38006708449046,326.2903873475068,387.71922356010225
294.4896416109242,294.4896416109242,321.5846895302414,325.7928860895605,387.71922356010225
294.4896416109242,294.4896416109242,319.88825510874864,326.0564368578611,387.71922356010225
294.4896416109242,294.4896416109242,316.52768022292037,325.3254806655151,387.71922356010225
294.4896416109242,294.4896416109242,314.1719842354679,324.5233250453863,387.71922356010225
294.4896416109242,294.4896416109242,314.01326860809934,324.13692901394455,387.71922356010225
294.4896416109242,294.4896416109242,312.9378198694856,323.83280202183715,387.71922356010225
294.4896416109242,294.4896416109242,310.82240449618587,323.9013739973412,387.71922356010225
294.4896416109242,294.4896416109242,309.0419467238542,323.82598677577636,387.71922356010225
294.4896416109242,294.4896416109242,306.91655835152886,323.655514543736,387.71922356010225
294.4896416109242,294.4896416109242,305.9464093660101,323.27491316882686,387.71922356010225
294.4896416109242,294.4896416109242,306.5474401049694,323.3043653384714,387.71922356010225
294.4896416109242,294.4896416109242,305.7265956535634,323.14694876387244,387.71922356010225
294.4896416109242,294.4896416109242,304.8111508908099,322.3978294322214,387.71922356010225
294.4896416109242,294.4896416109242,306.4601898585828,321.8428700316391,387.71922356010225
294.4896416109242,294.4896416109242,305.31815462640435,320.92086146667395,387.71922356010225
294.4896416109242,294.4896416109242,302.1421908487833,320.2260164251462,387.71922356010225
294.4896416109242,294.4896416109242,302.6219498449029,319.53426644105156,387.71922356010225
294.4896416109242,294.4896416109242,302.24379708369884,318.73021401323217,387.71922356010225
294.4896416109242,294.4896416109242,302.2105749224884,318.072965397014,387.71922356010225
294.4896416109242,294.4896416109242,302.36077640695623,317.3015623237437,387.71922356010225
294.4896416109242,294.4896416109242,300.7459719412025,316.54630762578455,387.71922356010225
294.4896416109242,294.4896416109242,300.4973878334026,315.47286446142664,387.71922356010225
294.4896416109242,294.4896416109242,302.5536768612982,314.7731951706201,387.71922356010225
294.4896416109242,294.4896416109242,302.3538959910323,314.06611830496905,387.71922356010225
294.4896416109242,294.4896416109242,304.0016045248207,313.43307785611,387.71922356010225
294.4896416109242,294.4896416109242,306.77651121897077,312.64896448558835,387.71922356010225
294.4896416109242,294.4896416109242,306.0451368828002,312.60152293291304,387.71922356010225
294.4896416109242,294.4896416109242,304.99050605261334,312.3371811071869,387.71922356010225
294.4896416109242,294.4896416109242,307.0195610706256,312.3521848324608,387.71922356010225
294.4896416109242,294.4896416109242,307.581936177554,311.95430026024354,387.71922356010225
294.4896416109242,294.4896416109242,309.0210051833083,311.6508606245296,387.71922356010225
294.4896416109242,294.4896416109242,310.3035241902155,311.3488309645065,387.71922356010225
294.4896416109242,294.4896416109242,311.6314883362632,311.21808979362163,387.71922356010225
294.4896416109242,294.4896416109242,313.85905915426684,311.52081596894726,387.71922356010225
294.4896416109242,294.4896416109242,316.16473123441784,311.708299908558,387.71922356010225
294.4896416109242,294.4896416109242,318.09074430764866,311.88654469919237,387.71922356010225
294.4896416109242,294.4896416109242,319.5876007204596,311.95354185965056,387.71922356010225
294.4896416109242,294.4896416109242,323.49154413458655,312.49739771845856,387.71922356010225
294.4896416109242,294.4896416109242,324.4272227316982,312.8226723286348,387.71922356010225
294.4896416109242,294.4896416109242,325.0692614391937,312.4676900948409,387.71922356010225
294.4896416109242,294.4896416109242,323.13246976341543,312.20631530462737,387.71922356010225
294.4896416109242,294.4896416109242,324.05950697234704,312.0950539516555,387.71922356010225
294.4896416109242,294.4896416109242,323.3711826386261,311.77903578998354,387.71922356010225
294.4896416109242,294.4896416109242,322.18449200670256,311.8059242492105,387.71922356010225
294.4896416109242,294.4896416109242,320.18253905485864,311.93605960972013,387.71922356010225
294.4896416109242,294.4896416109242,317.90256537120587,311.56996632321886,387.71922356010225
294.4896416109242,294.4896416109242,316.1055831916513,311.0365350272,387.71922356010225
294.4896416109242,294.4896416109242,312.19466986408287,310.3924927717672,387.71922356010225
294.4896416109242,294.4896416109242,308.7990433126071,309.87459207778966,387.71922356010225
294.4896416109242,294.4896416109242,307.3254496696926,309.6567666118814,387.71922356010225
294.4896416109242,294.4896416109242,307.99209266648785,309.4877959318767,387.71922356010225
294.4896416109242,294.4896416109242,308.366747023147,309.7907523345351,387.71922356010225
294.4896416109242,294.4896416109242,308.3700379155875,310.14750732851695,387.71922356010225
294.4896416109242,294.4896416109242,308.2217106821623,310.61586953854936,387.71922356010225
294.4896416109242,294.4896416109242,309.6643491353706,311.06627571517447,387.71922356010225
294.4896416109242,294.4896416109242,314.15954216307426,311.8143107819366,387.71922356010225
294.4896416109242,294.4896416109242,317.08940363284296,312.2899348545314,387.71922356010225
294.4896416109242,294.4896416109242,321.5687754694919,312.8978585208947,387.71922356010225
294.4896416109242,294.4896416109242,325.2353334104801,313.53834708957993,387.71922356010225
294.4896416109242,294.4896416109242,327.06218096563026,313.8799209318054,387.71922356010225
294.4896416109242,294.4896416109242,328.31983862325467,313.8422756355337,387.71922356010225
294.4896416109242,294.4896416109242,327.9349760985775,314.23242842353795,387.71922356010225
294.4896416109242,294.4896416109242,327.2901448789023,314.6433061261354,387.71922356010225
294.4896416109242,294.4896416109242,327.2885817124317,314.7815479093191,387.71922356010225
294.4896416109242,294.4896416109242,327.0746338868351,315.41757156726055,387.71922356010225
294.4896416109242,294.4896416109242,324.84018284626893,316.3539091814337,387.71922356010225
294.4896416109242,294.4896416109242,323.06937079109133,316.3794190437691,387.71922356010225
294.4896416109242,294.4896416109242,321.3323610770593,316.7155713195668,387.71922356010225
294.4896416109242,294.4896416109242,320.58991770768387,317.214215646619,387.71922356010225
294.4896416109242,294.4896416109242,321.21221159683813,317.6502079697817,387.71922356010225
294.4896416109242,294.4896416109242,323.09384626567936,318.3118505004291,387.71922356010225
294.4896416109242,294.4896416109242,323.90471378879863,318.9138936146171,387.71922356010225
294.4896416109242,294.4896416109242,324.8896001090701,319.1104907756898,387.71922356010225
294.4896416109242,294.4896416109242,325.8744864293416,319.48566599698097,387.71922356010225
294.4896416109242,294.4896416109242,325.7285679507903,319.7629642524545,387.71922356010225
294.4896416109242,294.4896416109242,324.97943125876463,319.9944931893925,387.71922356010225
294.4896416109242,294.4896416109242,324.836075903008,320.1376068478107,387.71922356010225
294.4896416109242,294.4896416109242,324.6178293008942,320.64103596922297,387.71922356010225
294.4896416109242,294.4896416109242,325.53174039780254,320.9166515120544,387.71922356010225
294.4896416109242,294.4896416109242,325.10592495030426,321.1550057243319,387.71922356010225
294.4896416109242,294.4896416109242,324.5629130365501,321.4202320710775,387.71922356010225
294.4896416109242,294.4896416109242,326.81051775182084,322.2152923269382,387.71922356010225
294.4896416109242,294.4896416109242,324.2680359241571,321.6378002932686,387.71922356010225
294.4896416109242,294.4896416109242,323.62364241065416,321.43858264825843,387.71922356010225
294.4896416109242,294.4896416109242,324.08588545827087,321.3471950972251,387.71922356010225
294.4896416109242,294.4896416109242,325.0397199187693,321.38428831161656,387.71922356010225
294.4896416109242,294.4896416109242,326.98541110097426,321.6171689239136,387.71922356010225
294.4896416109242,294.4896416109242,327.97573561858036,321.53787426602173,387.71922356010225
294.4896416109242,294.4896416109242,327.0214421808919,321.43549540189315,387.71922356010225
294.4896416109242,294.4896416109242,325.18059821401425,321.1772730792959,387.71922356010225
294.4896416109242,294.4896416109242,321.3357064248447,321.06087940336334,387.71922356010225
294.4896416109242,294.4896416109242,316.2970216826527,320.6627952689993,387.71922356010225
294.4896416109242,294.4896416109242,316.51452862105964,320.2664694897553,387.71922356010225
294.4896416109242,294.4896416109242,314.3971108953974,319.8811064259975,387.71922356010225
294.4896416109242,294.4896416109242,313.7904838297404,320.0687840522015,387.71922356010225
294.4896416109242,294.4896416109242,312.7849979697147,320.3607748313184,387.71922356010225
294.4896416109242,294.4896416109242,308.66648206609455,320.12934869880223,387.71922356010225
294.4896416109242,294.4896416109242,303.5500884803564,319.80895798927645,387.71922356010225
294.4896416109242,294.4896416109242,299.9890997329411,319.6735066859599,387.71922356010225
294.4896416109242,294.4896416109242,298.74821499650915,319.4618261446592,387.71922356010225
294.4896416109242,294.4896416109242,298.70914679983696,319.20429023003317,387.71922356010225
294.4896416109242,294.4896416109242,299.91105994458286,318.97165785328644,387.71922356010225
294.4896416109242,294.4896416109242,300.3686627302845,318.66619445269475,387.71922356010225
294.4896416109242,294.4896416109242,300.7541212004527,318.3875885296555,387.71922356010225
294.4896416109242,294.4896416109242,300.7884649241566,318.2936072099587,387.71922356010225
294.4896416109242,294.4896416109242,301.3332942428222,317.79552524726796,387.71922356010225
294.4896416109242,294.4896416109242,303.1005846623477,317.3315849047032,387.71922356010225
294.4896416109242,294.4896416109242,306.0818452325423,316.7115719418865,387.71922356010225
294.4896416109242,294.4896416109242,307.35494707102686,316.0974294180692,387.71922356010225
294.4896416109242,294.4896416109242,307.74332067030633,315.5980540855944,387.71922356010225
294.4896416109242,294.4896416109242,309.50483119700743,315.4412887447837,387.71922356010225
294.4896416109242,294.4896416109242,308.04637836132156,314.99393830583534,387.71922356010225
294.4896416109242,294.4896416109242,307.2507777090047,314.65832101871524,387.71922356010225
294.4896416109242,294.4896416109242,306.9641577221297,314.3227037315951,387.71922356010225
294.4896416109242,294.4896416109242,304.0848025982178,313.69564095223524,387.71922356010225
294.4896416109242,294.4896416109242,301.20544747430574,313.06857817287533,387.71922356010225
294.4896416109242,294.4896416109242,299.9819910511391,312.7141089567127,387.71922356010225
294.4896416109242,294.4896416109242,300.9470310613592,312.6345059387465,387.71922356010225
294.4896416109242,294.4896416109242,301.80104231488195,312.3396543395088,387.71922356010225
294.4896416109242,294.4896416109242,302.4567676610586,311.84696529843853,387.71922356010225
294.4896416109242,294.4896416109242,301.68221207296085,311.15896190623994,387.71922356010225
294.4896416109242,294.4896416109242,304.2748256247104,311.06796067301764,387.71922356010225
294.4896416109242,294.4896416109242,304.51158492730997,310.58271798236314,387.71922356010225
294.4896416109242,294.4896416109242,304.9200300418387,310.13181245409453,387.71922356010225
294.4896416109242,294.4896416109242,304.71089221312974,309.4921058047031,387.71922356010225
294.4896416109242,294.4896416109242,304.50175438442085,308.97304279800653,387.71922356010225
294.4896416109242,294.4896416109242,306.00759566101004,308.9484129083131,387.71922356010225
294.4896416109242,294.4896416109242,305.37006812997373,308.78495370456244,387.71922356010225
294.4896416109242,294.4896416109242,306.2004898082606,308.47340422160045,387.71922356010225
294.4896416109242,294.4896416109242,307.41454840926383,308.3086899902304,387.71922356010225
294.4896416109242,294.4896416109242,308.8813969447941,308.02265868788874,387.71922356010225
294.4896416109242,294.4896416109242,308.2200776277738,307.34987264820825,387.71922356010225
294.4896416109242,294.4896416109242,309.98727895997865,307.7265665895275,387.71922356010225
294.4896416109242,294.4896416109242,311.5827944802544,307.72364286801457,387.71922356010225
294.4896416109242,294.4896416109242,314.57031103409037,307.588990919867,387.71922356010225
294.4896416109242,294.4896416109242,317.67257173910156,307.499613162073,387.71922356010225
294.4896416109242,294.4896416109242,318.20414369677854,307.19215942747394,387.71922356010225
294.4896416109242,294.4896416109242,317.47060779614026,306.68392814007433,387.71922356010225
294.4896416109242,294.4896416109242,315.2869287933671,306.1265015440955,387.71922356010225
294.4896416109242,294.4896416109242,313.7088000770411,306.0143303628358,387.71922356010225
294.4896416109242,294.4896416109242,311.40298825081135,306.0361150530821,387.71922356010225
294.4896416109242,294.4896416109242,310.8871528221912,306.26789887611596,387.71922356010225
294.4896416109242,294.4896416109242,309.9322639709873,306.410113659513,387.71922356010225
294.4896416109242,294.4896416109242,308.8314664481237,306.6105139785598,387.71922356010225
294.4896416109242,294.4896416109242,307.20579994099654,306.27205414211824,387.71922356010225
294.4896416109242,294.4896416109242,305.03811501467476,305.95023657106503,387.71922356010225
294.4896416109242,294.4896416109242,302.986505255799,306.0561640654149,387.71922356010225
294.4896416109242,294.4896416109242,301.68659714002786,306.31122987200865,387.71922356010225
294.4896416109242,294.4896416109242,300.91450722601195,306.31158304270963,387.71922356010225
294.4896416109242,294.4896416109242,299.9534797348064,306.2553833104952,387.71922356010225
294.4896416109242,294.4896416109242,301.3092031697092,306.5561263270566,387.71922356010225
294.4896416109242,294.4896416109242,300.19640000867554,306.32496688893445,387.71922356010225
294.4896416109242,294.4896416109242,299.90833490167756,306.3180480937917,387.71922356010225
294.4896416109242,294.4896416109242,300.9077404046458,306.6412378193984,387.71922356010225
294.4896416109242,294.4896416109242,301.6385841238339,306.4420779820536,387.71922356010225
294.4896416109242,294.4896416109242,302.87219305767843,306.2580163340363,387.71922356010225
294.4896416109242,294.4896416109242,304.7113447481675,306.37831608257886,387.71922356010225
294.4896416109242,294.4896416109242,305.056349989694,306.106130823439,387.71922356010225
294.4896416109242,294.4896416109242,305.28441194363205,305.8974760172307,387.71922356010225
294.4896416109242,294.4896416109242,305.1158217215442,305.7298835207428,387.71922356010225
294.4896416109242,294.4896416109242,305.2868722152367,305.71253453070244,387.71922356010225
294.4896416109242,294.4896416109242,306.50735283474944,306.01716178362005,387.71922356010225
294.4896416109242,294.4896416109242,307.15159312304485,306.2982111765997,387.71922356010225
294.4896416109242,294.4896416109242,306.0660029807636,306.4616068711252,387.71922356010225
294.4896416109242,294.4896416109242,306.70576692259544,306.96627084692915,387.71922356010225
294.4896416109242,294.4896416109242,305.47283945528295,307.1114947302317,387.71922356010225
294.4896416109242,294.4896416109242,305.4416842282164,307.4702547179943,387.71922356010225
294.4896416109242,294.4896416109242,305.70884332676394,307.05849327652,387.71922356010225
294.4896416109242,294.4896416109242,308.4745170864507,307.23217097154446,387.71922356010225
294.4896416109242,294.4896416109242,311.07967634535856,307.4544652576028,387.71922356010225
294.4896416109242,294.4896416109242,312.1130253418732,307.7986971844849,387.71922356010225
294.4896416109242,294.4896416109242,310.18017022937784,307.19823070455357,387.71922356010225
294.4896416109242,294.4896416109242,310.1188366863832,307.41966152841434,387.71922356010225
294.4896416109242,294.4896416109242,310.4353092184585,307.56466270644916,387.71922356010225
294.4896416109242,294.4896416109242,308.6427272846859,307.7526378612404,387.71922356010225
294.4896416109242,294.4896416109242,308.86883146716036,307.9849101467796,387.71922356010225
294.4896416109242,294.4896416109242,307.6013536012868,307.78900630604966,387.71922356010225
294.4896416109242,294.4896416109242,308.3824357689249,307.6609668043102,387.71922356010225
294.4896416109242,294.4896416109242,306.50010490415355,307.292093990723,387.71922356010225
294.4896416109242,294.4896416109242,306.8537482140635,307.34230521856273,387.71922356010225
294.4896416109242,294.4896416109242,307.2077934621444,307.463976487955,387.71922356010225
294.4896416109242,294.4896416109242,310.1716357599458,307.58854233098793,387.71922356010225
294.4896416109242,294.4896416109242,310.70346636927314,307.5628990102732,387.71922356010225
294.4896416109242,294.4896416109242,311.80961485192154,307.6100267807826,387.71922356010225
294.4896416109242,294.4896416109242,313.4775431268723,307.5340842797968,387.71922356010225
294.4896416109242,294.4896416109242,315.89413436715984,307.6292226723913,387.71922356010225
294.4896416109242,294.4896416109242,317.9530461245681,307.73878679160754,387.71922356010225
294.4896416109242,294.4896416109242,318.71596283458183,307.9100378119985,387.71922356010225
294.4896416109242,294.4896416109242,319.18843789961176,308.072395811972,387.71922356010225
294.4896416109242,294.4896416109242,319.56381956068816,308.5133091152922,387.71922356010225
294.4896416109242,294.4896416109242,319.3710467978341,309.0575881973595,387.71922356010225
294.4896416109242,294.4896416109242,319.53468109426956,309.3180479854036,387.71922356010225
294.4896416109242,294.4896416109242,320.55243575748455,309.6869333675727,387.71922356010225
294.4896416109242,294.4896416109242,320.85152432925776,310.01403835700944,387.71922356010225
294.4896416109242,294.4896416109242,321.2804581875838,310.3490159291143,387.71922356010225
294.4896416109242,294.4896416109242,320.452854023138,310.71217047408396,387.71922356010225
294.4896416109242,294.4896416109242,319.906416460334,311.1227690325145,387.71922356010225
294.4896416109242,294.4896416109242,320.84551263958224,311.7418209119094,387.71922356010225
294.4896416109242,294.4896416109242,322.54348123099527,312.3981906129686,387.71922356010225
294.4896416109242,294.4896416109242,324.3230588722803,313.387224942787,387.71922356010225
294.4896416109242,294.4896416109242,326.3134907297332,314.0584457093643,387.71922356010225
294.4896416109242,294.4896416109242,328.13895395981154,314.90655877563086,387.71922356010225
294.4896416109242,294.4896416109242,330.23583526958794,315.7524334411548,387.71922356010225
294.4896416109242,294.4896416109242,331.031352796707,316.03876083542167,387.71922356010225
294.4896416109242,294.4896416109242,333.9586702991121,316.81303316416984,387.71922356010225
294.4896416109242,294.4896416109242,337.17237720521223,317.5722073035907,387.71922356010225
294.4896416109242,294.4896416109242,340.1049175096706,318.20148358481515,387.71922356010225
294.4896416109242,294.4896416109242,341.4702825607725,319.0246074261251,387.71922356010225
294.4896416109242,294.4896416109242,343.23035532690113,319.9873792896224,387.71922356010225
294.4896416109242,294.4896416109242,342.67919653490065,320.8998999054582,387.71922356010225
294.4896416109242,294.4896416109242,341.4851100150232,321.29809326932155,387.71922356010225
294.4896416109242,294.4896416109242,340.45599212252023,321.69628663318497,387.71922356010225
294.4896416109242,294.4896416109242,338.94358640501315,322.1108320975484,387.71922356010225
294.4896416109242,294.4896416109242,337.23060146357096,322.2716805319831,387.71922356010225
294.4896416109242,294.4896416109242,333.76199334580895,322.2242784488126,387.71922356010225
294.4896416109242,294.4896416109242,330.367364487314,322.5511123099969,387.71922356010225
294.4896416109242,294.4896416109242,328.15073057619645,322.7432928544111,387.71922356010225
294.4896416109242,294.4896416109242,326.06548189785315,323.09593514034293,387.71922356010225
294.4896416109242,294.4896416109242,323.1170947373022,322.91589481979275,387.71922356010225
294.4896416109242,294.4896416109242,320.5431073816333,322.7925861127132,387.71922356010225
294.4896416109242,294.4896416109242,318.61204775384147,322.5978977517152,387.71922356010225
294.4896416109242,294.4896416109242,315.5011810223003,322.7604887917695,387.71922356010225
294.4896416109242,294.4896416109242,310.86416969448226,322.2598986991682,387.71922356010225
294.4896416109242,294.4896416109242,307.75292738680713,321.7352041656529,387.71922356010225
294.4896416109242,294.4896416109242,306.99734521331686,321.8952020345388,387.71922356010225
294.4896416109242,294.4896416109242,304.402521585478,321.6578503336604,387.71922356010225
294.4896416109242,294.4896416109242,299.9529000937928,321.2136021529124,387.71922356010225
294.4896416109242,294.4896416109242,296.867494867216,320.79294696000113,387.71922356010225
294.4896416109242,294.4896416109242,293.78208964063936,320.3722917670899,387.71922356010225
294.4896416109242,294.4896416109242,291.435452425185,319.70892695493745,387.71922356010225
294.4896416109242,294.4896416109242,289.0888152097307,318.97410210123246,387.71922356010225
294.4896416109242,294.4896416109242,288.241220627843,318.3744057653489,387.71922356010225
294.4896416109242,294.4896416109242,289.8188751409719,318.08298045350796,387.71922356010225
294.4896416109242,294.4896416109242,291.7275142758716,317.7187840504428,387.71922356010225
294.4896416109242,294.4896416109242,291.44602592945137,317.48889859505454,387.71922356010225
294.4896416109242,294.4896416109242,295.33634687381544,317.54629283499156,387.71922356010225
294.4896416109242,294.4896416109242,299.79508222591284,317.5820093731813,387.71922356010225
294.4896416109242,294.4896416109242,302.99450228371654,317.64865484982806,387.71922356010225
294.4896416109242,294.4896416109242,306.1939223415203,317.7733886554716,387.71922356010225
294.4896416109242,294.4896416109242,309.0623107954535,317.60862520189056,387.71922356010225
294.4896416109242,294.4896416109242,313.1545619467157,317.7308051310088,387.71922356010225
294.4896416109242,294.4896416109242,317.1712663105467,317.9017228086043,387.71922356010225
294.4896416109242,294.4896416109242,320.4521409063494,318.0629214832809,387.71922356010225
294.4896416109242,294.4896416109242,324.03164182588057,318.35480754976743,387.71922356010225
294.4896416109242,294.4896416109242,326.4019896337196,318.5132048842818,387.71922356010225
294.4896416109242,294.4896416109242,324.7727911987663,318.4102802701172,387.71922356010225
294.4896416109242,294.4896416109242,323.9900515456305,318.3987363902406,387.71922356010225
294.4896416109242,294.4896416109242,325.40279360587147,318.56011104308595,387.71922356010225
294.4896416109242,294.4896416109242,323.9230341485927,318.0492992389911,387.71922356010225
294.4896416109242,294.4896416109242,326.71805782125875,318.08762499168625,387.71922356010225
294.4896416109242,294.4896416109242,327.6701351935191,318.002134023766,387.71922356010225
294.4896416109242,294.4896416109242,328.3785238233933,317.94963678132063,387.71922356010225
294.4896416109242,294.4896416109242,327.8252658872113,317.58080760680554,387.71922356010225
294.4896416109242,294.4896416109242,326.40834465147816,317.4302059207217,387.71922356010225
294.4896416109242,294.4896416109242,325.96414217629774,316.9142992597189,387.71922356010225
294.4896416109242,294.4896416109242,325.3187165867131,316.03954814641736,387.71922356010225
294.4896416109242,294.4896416109242,323.9352207240468,315.1647970331158,387.71922356010225
294.4896416109242,294.4896416109242,323.38061342881855,314.94217721669514,387.71922356010225
294.4896416109242,294.4896416109242,325.71850765111003,314.5469297038329,387.71922356010225
294.4896416109242,294.4896416109242,325.2239478955396,314.59657526381403,387.71922356010225
294.4896416109242,294.4896416109242,324.1393810764497,314.5329882360513,387.71922356010225
294.4896416109242,294.4896416109242,323.0548142573597,314.46940120828856,387.71922356010225
294.4896416109242,294.4896416109242,323.6189960899245,314.51588954378786,387.71922356010225
294.4896416109242,294.4896416109242,322.8208272211291,314.5482510722333,387.71922356010225
294.4896416109242,294.4896416109242,322.9982491317263,314.76155041690237,387.71922356010225
