Average Episodic Reward,Average Episodic N-Reward,Avg Reward (last 10),Avg Reward (last 50),Best Reward
-397.8786742607595,-397.8786742607595,-378.36405624268724,-378.36405624268724,-378.36405624268724
-385.1275723976261,-385.1275723976261,-384.69384936291533,-384.69384936291533,-378.36405624268724
-394.7800480945033,-394.7800480945033,-385.38651030994373,-385.38651030994373,-378.36405624268724
-396.61751416043336,-396.61751416043336,-393.77083215019263,-393.77083215019263,-378.36405624268724
-392.5547236202783,-392.5547236202783,-400.647990257202,-400.647990257202,-378.36405624268724
-394.92327949965687,-394.92327949965687,-393.34768848118983,-393.34768848118983,-356.846179601129
-391.66894064402567,-391.66894064402567,-398.7684568449492,-398.7684568449492,-356.846179601129
-388.6949534863675,-388.6949534863675,-398.8066358344019,-398.8066358344019,-356.846179601129
-392.7403616256088,-392.7403616256088,-400.7038960557683,-400.7038960557683,-356.846179601129
-383.7724511950058,-383.7724511950058,-401.84967883903334,-401.84967883903334,-356.846179601129
-393.22022776625136,-393.22022776625136,-404.8885374822317,-402.4772210059094,-356.846179601129
-392.30148309194914,-392.30148309194914,-405.7176516907742,-402.21368463613095,-356.846179601129
-392.0159018331212,-392.0159018331212,-408.2056873499092,-402.9397234176095,-356.846179601129
-395.4795732828541,-395.4795732828541,-402.93463415642907,-400.3164050117901,-356.846179601129
-388.75410833385604,-388.75410833385604,-403.25616067760865,-402.3867705374731,-356.846179601129
-390.111336791012,-390.111336791012,-410.1950621474992,-403.8772970226331,-356.846179601129
-392.14720553424655,-392.14720553424655,-406.6020486955592,-403.3764520511903,-356.846179601129
-388.9966240591359,-388.9966240591359,-408.9158600979208,-404.4228715363568,-356.846179601129
-389.1301014018012,-389.1301014018012,-409.42890778363966,-405.29600749149006,-356.846179601129
-392.20585552993697,-392.20585552993697,-412.358565265078,-407.10412205205563,-356.846179601129
-392.31066692338027,-392.31066692338027,-416.3762028338139,-409.095783781102,-356.846179601129
-391.9567447649312,-391.9567447649312,-413.2774536408823,-407.2426705473816,-356.846179601129
-393.8911374471273,-393.8911374471273,-404.46335283152337,-403.60217098887637,-323.51118070176256
-390.7075624783032,-390.7075624783032,-408.1617990830223,-403.5853192081368,-323.51118070176256
-392.4584542120024,-392.4584542120024,-401.88142233425924,-402.1846312561876,-323.51118070176256
-321.1494031534305,-321.1494031534305,-400.4862020060517,-402.5730297085634,-323.51118070176256
-288.18905537228545,-288.18905537228545,-390.6480245504647,-398.6622196435142,-296.9811579522351
-275.9533237917504,-275.9533237917504,-375.55772430764836,-394.1138903832467,-271.30900035602485
-285.8602171376198,-285.8602171376198,-359.24961441416735,-389.417940913103,-257.93135574907876
-282.47085878702273,-282.47085878702273,-341.86037203585494,-385.3562053799888,-257.93135574907876
-279.20302585599114,-279.20302585599114,-324.93573714427873,-381.94738164019134,-257.93135574907876
-280.2053080426482,-280.2053080426482,-314.58051373901026,-378.2857465447655,-257.93135574907876
-275.9179597197424,-275.9179597197424,-308.07025722385646,-374.6531062115976,-257.93135574907876
-282.29080309469447,-282.29080309469447,-292.7761001907262,-370.99437243831017,-250.2561579198239
-279.57418263119143,-279.57418263119143,-289.30576386500707,-369.9335262872789,-250.2561579198239
-280.44538076028005,-280.44538076028005,-278.8104853508853,-368.1945451647639,-250.2561579198239
-274.7305427347547,-274.7305427347547,-277.96410880881376,-366.04110860710864,-250.2561579198239
-278.7886560332046,-278.7886560332046,-274.7502890424732,-362.702416346201,-239.1708026926191
-273.960666849723,-273.960666849723,-276.1637233380769,-360.3783979451475,-239.1708026926191
-279.24840983225556,-279.24840983225556,-283.1436987085209,-359.8030787121218,-239.1708026926191
-271.5266266881908,-271.5266266881908,-285.3561484542343,-358.3885442777628,-239.1708026926191
-272.17410905052867,-272.17410905052867,-283.99961964800207,-355.8366687122028,-239.1708026926191
-277.51985090947767,-277.51985090947767,-284.506262955893,-353.6887240591082,-239.1708026926191
-271.6134865067441,-271.6134865067441,-284.53132239252284,-351.34367924608574,-239.1708026926191
-277.30743058378584,-277.30743058378584,-271.1810446450976,-347.9885303667941,-200.36197967796164
-277.3211367774946,-277.3211367774946,-274.6702379320942,-347.86317402722705,-200.36197967796164
-274.894770835699,-274.894770835699,-276.2293843657215,-346.9322311089412,-200.36197967796164
-274.3406163481653,-274.3406163481653,-281.14193265087425,-345.7106489096746,-200.36197967796164
-270.96033816316907,-270.96033816316907,-281.34132509910717,-344.2483830786087,-200.36197967796164
-278.3407322448008,-278.3407322448008,-270.52568612290827,-341.94760019427906,-200.36197967796164
-269.7285658587841,-269.7285658587841,-266.7137545201873,-339.6540760869492,-200.36197967796164
-280.58777103292505,-280.58777103292505,-268.9852216066212,-337.3120920650579,-200.36197967796164
-276.5364236178134,-276.5364236178134,-264.71130646193143,-333.9913733646227,-200.36197967796164
-273.4467228932746,-273.4467228932746,-261.2987733437275,-329.9405258332855,-200.36197967796164
-272.1100565368531,-272.1100565368531,-266.3613653068648,-326.3971513657675,-200.36197967796164
-275.85355287993616,-275.85355287993616,-261.5917088932529,-325.15073926595664,-200.36197967796164
-276.5102522149446,-276.5102522149446,-259.3189281986787,-322.15249892384753,-200.36197967796164
-277.2500194063094,-277.2500194063094,-257.1897096332998,-319.51110314644325,-200.36197967796164
-277.41877413223534,-277.41877413223534,-259.2393705456148,-317.0845882361212,-200.36197967796164
-271.3830189924785,-271.3830189924785,-265.14027012847095,-314.6057184521666,-200.36197967796164
-278.2353352022827,-278.2353352022827,-270.1277986874328,-312.70192832798944,-200.36197967796164
-274.63018759404224,-274.63018759404224,-268.00101885359084,-309.7687654976213,-200.36197967796164
-276.2078014850762,-276.2078014850762,-273.3505638049315,-307.0203486556272,-200.36197967796164
-267.05098736073995,-267.05098736073995,-272.68982974560873,-303.89156495112144,-200.36197967796164
-268.0627817113798,-268.0627817113798,-268.5122232726609,-299.4483638847779,-200.36197967796164
-275.3256827477889,-275.3256827477889,-270.31856760212435,-297.17544035688167,-200.36197967796164
-270.08714091919643,-270.08714091919643,-267.8323404734642,-294.3985572794286,-200.36197967796164
-277.71219759265114,-277.71219759265114,-265.7827056005461,-290.8844722469683,-200.36197967796164
-275.9339129338281,-275.9339129338281,-265.36072419133916,-288.2709515176611,-200.36197967796164
-265.03381085079195,-265.03381085079195,-265.3149987539793,-285.19700514994685,-200.36197967796164
-274.90416039128695,-274.90416039128695,-263.9691470712824,-282.2205171754831,-200.36197967796164
-273.74211936082827,-273.74211936082827,-264.895664578144,-280.0924076850736,-200.36197967796164
-272.4641785400018,-272.4641785400018,-262.1413755084578,-278.55595319101405,-200.36197967796164
-273.0029426804779,-273.0029426804779,-267.86341295597526,-275.831887725712,-200.36197967796164
-268.4527007841545,-268.4527007841545,-273.5535678507264,-273.7827929880713,-200.36197967796164
-267.5319430142254,-267.5319430142254,-270.69366493522955,-271.2169329427172,-200.36197967796164
-268.89253408878517,-268.89253408878517,-275.4210407807715,-271.3531605254899,-200.36197967796164
-266.747958644002,-266.747958644002,-272.57299722403,-270.2875268302447,-200.36197967796164
-270.8139364738357,-270.8139364738357,-271.37677434628245,-270.69638350408405,-200.36197967796164
-269.4308775719492,-269.4308775719492,-269.47731512198834,-270.7203937671736,-200.36197967796164
-276.5661152514069,-276.5661152514069,-266.46541877327945,-270.5264535012833,-200.36197967796164
-275.86939033511817,-275.86939033511817,-267.71381988519533,-270.7190689143107,-200.36197967796164
-270.67524543771344,-270.67524543771344,-272.32975598646607,-271.40785294353594,-200.36197967796164
-275.20430795248876,-275.20430795248876,-274.31891970983554,-272.1404516295339,-200.36197967796164
-273.47840635701033,-273.47840635701033,-266.7332655626697,-269.2682933276038,-190.25684205570946
-276.78403205364987,-276.78403205364987,-266.46493171036406,-268.747822214613,-190.25684205570946
-265.98856353575474,-265.98856353575474,-260.1381830359454,-267.78797537091623,-190.25684205570946
-266.77006989118047,-266.77006989118047,-266.21276203149307,-268.58002142804867,-190.25684205570946
-274.45248816945434,-274.45248816945434,-261.39299200443327,-267.74223723735537,-190.25684205570946
-268.2435149156599,-268.2435149156599,-259.0550763407292,-265.90266929361525,-190.25684205570946
-271.01679839710704,-271.01679839710704,-256.9326526689563,-264.84175434422764,-190.25684205570946
-269.36084796825475,-269.36084796825475,-253.96197657456065,-264.7115402996224,-190.25684205570946
-271.630715375302,-271.630715375302,-254.68917349888616,-265.44443505213457,-190.25684205570946
-271.2084680574851,-271.2084680574851,-253.07536953085378,-265.8492610572002,-190.25684205570946
-268.4638886678572,-268.4638886678572,-258.3226665524799,-266.69661770908033,-190.25684205570946
-273.92423671912866,-273.92423671912866,-257.3106311855679,-265.2759008653077,-190.25684205570946
-271.8284358611503,-271.8284358611503,-264.38812967257184,-265.41972443228633,-190.25684205570946
-268.0581000762881,-268.0581000762881,-258.65194972923865,-264.08202484372146,-190.25684205570946
-270.2214519986551,-270.2214519986551,-257.33496920602056,-262.940966058738,-190.25684205570946
-266.0044455462073,-266.0044455462073,-261.48127040705896,-264.0937861504454,-190.25684205570946
-269.54655963447516,-269.54655963447516,-262.610432098164,-264.02108985982295,-190.25684205570946
-271.1766823888715,-271.1766823888715,-267.5158889471712,-264.4176737677324,-190.25684205570946
-268.32859772470664,-268.32859772470664,-257.91288557818984,-264.0847508753863,-190.25684205570946
-270.1532465460066,-270.1532465460066,-255.52559072909716,-264.69462453427406,-190.25684205570946
-270.00476391902754,-270.00476391902754,-253.9746976524513,-264.2192841781976,-190.25684205570946
-268.39379287589117,-268.39379287589117,-252.4437802016933,-263.4463151269958,-190.25684205570946
-275.788833201719,-275.788833201719,-251.32513088436576,-263.82096496942376,-190.25684205570946
-267.49137888486274,-267.49137888486274,-259.23240481834307,-264.4905638807302,-190.25684205570946
-271.88390792777057,-271.88390792777057,-269.243962974589,-264.94188454453285,-190.25684205570946
-267.6373323236106,-267.6373323236106,-268.09162521529066,-264.68405716780927,-190.25684205570946
-271.3483567368659,-271.3483567368659,-262.66790803717,-262.5291117297704,-190.25684205570946
-272.3038984089928,-272.3038984089928,-256.2901581194009,-262.07550162089444,-190.25684205570946
-275.39163470641296,-275.39163470641296,-266.3376290093592,-262.6821639162718,-190.25684205570946
-263.58992693019644,-263.58992693019644,-265.8252603736024,-263.3217106598728,-190.25684205570946
-263.80599149134235,-263.80599149134235,-268.30771814299,-264.1783831522634,-190.25684205570946
-273.23892024314944,-273.23892024314944,-265.1179073330739,-262.40618307318573,-190.25684205570946
-271.2453013276588,-271.2453013276588,-263.6144418276523,-262.97738524026136,-190.25684205570946
-265.9604528906473,-265.9604528906473,-258.494610431502,-263.0329448469214,-190.25684205570946
-266.45336503610696,-266.45336503610696,-259.0830959780847,-263.68635890188204,-190.25684205570946
-271.93111676504446,-271.93111676504446,-255.46057284802254,-262.71317198661797,-190.25684205570946
-269.89453663000904,-269.89453663000904,-262.3505012542289,-262.2053825663597,-190.25684205570946
-268.1410752090903,-268.1410752090903,-267.0743423212285,-262.5112371695113,-190.25684205570946
-270.94034567444857,-270.94034567444857,-262.4902481562377,-262.7519384458278,-190.25684205570946
-274.9959534196026,-274.9959534196026,-265.5974488734387,-262.8685178433655,-190.25684205570946
-267.6606879783662,-267.6606879783662,-272.33279642180173,-263.9342288664785,-190.25684205570946
-269.602096368866,-269.602096368866,-275.0313964431416,-263.27372937476815,-190.25684205570946
-272.30926598785203,-272.30926598785203,-271.92726625687567,-262.2786303354822,-190.25684205570946
-267.8660478868626,-267.8660478868626,-270.27382309557777,-262.57311002123095,-190.25684205570946
-269.4598781273152,-269.4598781273152,-262.3717153901799,-261.88534711066154,-190.25684205570946
-270.8408129084501,-270.8408129084501,-271.8585696179007,-263.18942288580047,-190.25684205570946
-269.63949618071786,-269.63949618071786,-270.4001151530698,-262.99232184231784,-190.25684205570946
-273.7357539522458,-273.7357539522458,-266.10122141263014,-262.1887174749983,-190.25684205570946
-272.66160380203087,-272.66160380203087,-264.9424697966343,-261.27448120786147,-190.25684205570946
-270.774114692921,-270.774114692921,-270.45859912792156,-262.0964537269827,-190.25684205570946
-282.2641194559051,-282.2641194559051,-264.7107246011058,-263.52972067416573,-190.25684205570946
-275.14825597668766,-275.14825597668766,-272.9474793022195,-264.5702388931392,-190.25684205570946
-268.9112030079466,-268.9112030079466,-276.75589303300563,-265.60217233489425,-190.25684205570946
-269.3728480224687,-269.3728480224687,-280.55690228601577,-265.4419380721355,-190.25684205570946
-275.12165216849974,-275.12165216849974,-282.14911436124993,-266.0365715820248,-190.25684205570946
-274.72312438893937,-274.72312438893937,-268.9452523468537,-265.1674580870253,-190.25684205570946
-273.2445535105337,-273.2445535105337,-272.0943747290815,-266.02466625434283,-190.25684205570946
-270.6167864958331,-270.6167864958331,-275.0749254944484,-266.41130725897585,-190.25684205570946
-275.9570949747476,-275.9570949747476,-275.44324728395793,-265.42529596487583,-190.25684205570946
-265.45271453314206,-265.45271453314206,-268.811634535342,-265.24370672788035,-190.25684205570946
-274.1923300859027,-274.1923300859027,-269.8935576461794,-265.8438988929056,-190.25684205570946
-274.0980024826652,-274.0980024826652,-260.1870929252651,-265.1455312410787,-190.25684205570946
-273.04973440026004,-273.04973440026004,-262.381694785994,-265.2008853575787,-190.25684205570946
-274.7214415114175,-274.7214415114175,-258.79859430486243,-265.47126698726026,-190.25684205570946
-282.17285251605836,-282.17285251605836,-255.15930184359772,-265.60143810954025,-190.25684205570946
-274.84738961447596,-274.84738961447596,-259.2861998450178,-264.7284439746171,-190.25684205570946
-277.8672071990844,-277.8672071990844,-257.0184826435677,-264.9062763634236,-190.25684205570946
-269.63141055907533,-269.63141055907533,-257.2908800952729,-264.3663054885962,-190.25684205570946
-275.29563928337114,-275.29563928337114,-259.9026676871713,-265.82325238667204,-190.25684205570946
-279.2047209805759,-279.2047209805759,-263.4242510390113,-266.8234387898632,-190.25684205570946
-278.42263454206005,-278.42263454206005,-266.8688859467262,-268.42273655176064,-190.25684205570946
-279.0553829996095,-279.0553829996095,-264.6076502383256,-267.5783052484052,-190.25684205570946
-274.2640839901302,-274.2640839901302,-261.64255914385024,-267.26437100947555,-190.25684205570946
-272.00934300543963,-272.00934300543963,-273.85224257390854,-268.39523453837336,-190.25684205570946
-281.32378558708734,-281.32378558708734,-278.4368337556337,-267.4400122657492,-190.25684205570946
-270.26447253965205,-270.26447253965205,-281.15627525484007,-267.341373982527,-190.25684205570946
-279.94782834734247,-279.94782834734247,-280.8139721933927,-268.5354891946682,-190.25684205570946
-282.4257807230856,-282.4257807230856,-272.73747258884094,-267.6557683824842,-185.990096997166
-275.24880750426985,-275.24880750426985,-268.84591086664153,-266.3249087581286,-185.990096997166
-275.9809855000229,-275.9809855000229,-267.0568320825294,-267.0697531316486,-185.990096997166
-275.8306314198985,-275.8306314198985,-264.70801110119095,-267.70279514340086,-185.990096997166
-280.46904356889405,-280.46904356889405,-272.5705021056318,-269.06882420291674,-185.990096997166
-271.4704568076964,-271.4704568076964,-277.1124873945181,-269.9639801228487,-185.990096997166
-276.4828031593376,-276.4828031593376,-267.87642854414247,-270.27159816090136,-185.990096997166
-274.7653955954597,-274.7653955954597,-269.4017813902367,-269.5037493481796,-185.990096997166
-273.7156480218587,-273.7156480218587,-268.6533989037983,-269.97993919368207,-185.990096997166
-279.58315970693116,-279.58315970693116,-275.64147098528457,-271.1936831408793,-185.990096997166
-280.2520837164162,-280.2520837164162,-280.73801332827946,-270.38850258389436,-185.990096997166
-277.5842850201514,-277.5842850201514,-289.65668043096207,-271.7581952130734,-185.990096997166
-278.949616086733,-278.949616086733,-285.3073338109076,-271.0117301191424,-185.990096997166
-278.1572711197592,-278.1572711197592,-285.3918899961094,-270.31461385826236,-185.990096997166
-279.4616386593896,-279.4616386593896,-287.4070618868746,-271.5439572916633,-185.990096997166
-279.11429107778406,-279.11429107778406,-283.39294893284085,-272.25711665804175,-185.990096997166
-276.2156322860048,-276.2156322860048,-282.52322588268805,-272.7214787183235,-185.990096997166
-275.2650040003323,-275.2650040003323,-279.74922185539833,-272.9792506412233,-185.990096997166
-276.79843120190634,-276.79843120190634,-278.51180471571854,-271.31058621324564,-185.990096997166
-282.67028994262085,-282.67028994262085,-270.8573035236178,-271.2851208149889,-185.990096997166
-275.576064153364,-275.576064153364,-275.99006923023154,-272.36627214741463,-185.990096997166
-279.4695608149148,-279.4695608149148,-265.5367456652748,-271.87705038680156,-185.990096997166
-282.2813755907368,-282.2813755907368,-262.87384382682205,-269.4947790589225,-185.990096997166
-280.826841896139,-280.826841896139,-257.0444753867954,-268.7813640154003,-185.990096997166
-276.3101986132315,-276.3101986132315,-249.08361796526924,-266.7711850242733,-185.990096997166
-282.210751474433,-282.210751474433,-249.88832471151073,-266.8836029937428,-185.990096997166
-276.3922183526412,-276.3922183526412,-253.38477260754317,-267.2870527826289,-185.990096997166
-278.3738147153395,-278.3738147153395,-263.4372958095392,-269.23688693088116,-185.990096997166
-283.34880251251343,-283.34880251251343,-266.76694264873834,-270.8749242736226,-185.990096997166
-275.2821885479996,-275.2821885479996,-275.36315829387246,-271.93887752794706,-185.990096997166
-279.4235522523267,-279.4235522523267,-274.4990003388273,-272.2510871162904,-185.990096997166
-274.1952136153968,-274.1952136153968,-279.67148754134644,-272.7226984382793,-185.990096997166
-277.9951102459874,-277.9951102459874,-283.27721804281725,-272.3878957604176,-185.990096997166
-279.19296679204797,-279.19296679204797,-285.1936010751468,-271.8413727011938,-185.990096997166
-280.06353885340667,-280.06353885340667,-285.8979753038467,-271.9133614999896,-185.990096997166
-280.89987824188944,-280.89987824188944,-285.4439689356265,-271.4960578236693,-185.990096997166
-283.0349326601648,-283.0349326601648,-286.31515503586445,-272.7903649288293,-185.990096997166
-273.58124287347516,-273.58124287347516,-279.1075355695719,-274.026533676076,-185.990096997166
-276.5294222590659,-276.5294222590659,-278.66320463295415,-274.7503252312099,-185.990096997166
-280.4862025937918,-280.4862025937918,-277.92642416679445,-276.1204658325924,-185.990096997166
-278.97162601245276,-278.97162601245276,-277.7667010767076,-276.34625131257735,-185.990096997166
-278.7324482555204,-278.7324482555204,-274.5926380294564,-275.6606925067362,-185.990096997166
-282.3271059241715,-282.3271059241715,-276.2500090008278,-274.9530473527808,-185.990096997166
-275.78288265216054,-275.78288265216054,-272.7836755082173,-273.024330613492,-185.990096997166
-287.88866317557245,-287.88866317557245,-278.9016258490592,-274.7721566221363,-185.990096997166
-279.72232499525524,-279.72232499525524,-273.8967559401354,-273.9468971829263,-185.990096997166
-280.1983666900524,-280.1983666900524,-276.49374082786056,-273.31866457961974,-185.990096997166
-280.80337807220417,-280.80337807220417,-276.0935724499924,-273.5578814149477,-185.990096997166
-283.6564142180719,-283.6564142180719,-276.6811971236899,-273.8553096049798,-185.990096997166
-289.0109787323645,-289.0109787323645,-273.0177746007976,-274.5612263140734,-185.990096997166
-280.6943164822926,-280.6943164822926,-269.0234043610048,-275.60343766701016,-185.990096997166
-282.416821053277,-282.416821053277,-280.01782327193735,-277.8950749877954,-185.990096997166
-281.97129179366925,-281.97129179366925,-281.5174461810867,-277.8451701724923,-185.990096997166
-281.59096424261367,-281.59096424261367,-290.1587959664481,-278.11448758654336,-185.990096997166
-288.482484082479,-288.482484082479,-293.1182022810637,-278.8816966572226,-185.990096997166
-276.07736667833865,-276.07736667833865,-299.70907056412614,-278.46621381684787,-185.990096997166
-285.40574463405176,-285.40574463405176,-291.5945178152547,-278.06228243384214,-185.990096997166
-284.6801229298375,-284.6801229298375,-292.8522100943592,-278.24796715577224,-185.990096997166
-283.0842006615931,-283.0842006615931,-287.916961846888,-277.7080221935978,-185.990096997166
-285.53204733845075,-285.53204733845075,-286.0034897621088,-276.6336300694382,-185.990096997166
-283.17634376558647,-283.17634376558647,-294.28698947595694,-278.3132328965456,-185.990096997166
-282.9263088486493,-282.9263088486493,-283.963753995849,-276.75648970077276,-185.990096997166
-279.3636224689563,-279.3636224689563,-287.7829241080892,-278.3402882319286,-185.990096997166
-283.3226688886723,-283.3226688886723,-287.0270565870238,-278.4415209047263,-185.990096997166
-286.398411185155,-286.398411185155,-283.76799337884404,-278.15388295561655,-185.990096997166
-282.95514639457787,-282.95514639457787,-279.6455900481263,-277.716742039905,-185.990096997166
-285.1845955726825,-285.1845955726825,-281.5730778963833,-277.87225283658125,-185.990096997166
-287.84128769428514,-287.84128769428514,-281.1061291427294,-278.5193486132384,-185.990096997166
-286.6201927843186,-286.6201927843186,-286.8556470052669,-279.37679065150746,-185.990096997166
-281.33431587514224,-281.33431587514224,-280.93224460225576,-278.6486182851658,-185.990096997166
-291.31153332841905,-291.31153332841905,-274.7597378948578,-278.0671666294709,-185.990096997166
-281.91613767948746,-281.91613767948746,-274.07641150937957,-278.4644228695937,-185.990096997166
-282.9094171886232,-282.9094171886232,-264.73589192178883,-278.712697850922,-185.990096997166
-284.24223481943983,-284.24223481943983,-264.92502349777095,-280.0176305269214,-185.990096997166
-286.71221342646726,-286.71221342646726,-264.2676857479341,-281.1906965121495,-185.990096997166
-286.9907323518478,-286.9907323518478,-269.25292115488304,-281.58966132857944,-185.990096997166
-284.7139711871255,-284.7139711871255,-269.30734827350693,-281.056767969774,-185.990096997166
-286.45675556618585,-286.45675556618585,-270.066912880632,-279.845272027457,-185.990096997166
-283.11485972729247,-283.11485972729247,-275.6014666257396,-281.1436954469077,-185.990096997166
-284.84573061412107,-284.84573061412107,-285.8890222135077,-280.75379106909287,-185.990096997166
-285.63083155963136,-285.63083155963136,-290.15345928807443,-281.1980584193203,-185.990096997166
-288.9139277902999,-288.9139277902999,-295.4689831096371,-281.6239219832519,-185.990096997166
-284.2814135806035,-284.2814135806035,-303.1169072515307,-282.6806356926647,-185.990096997166
-289.19965458430636,-289.19965458430636,-306.7167186483959,-284.3222540415712,-185.990096997166
-293.1259069570693,-293.1259069570693,-304.67637259734653,-284.9463759708495,-185.990096997166
-283.4636784637368,-283.4636784637368,-300.0858635866737,-284.5180402587889,-185.990096997166
-288.67240422939756,-288.67240422939756,-297.40464845234885,-283.2746666530709,-185.990096997166
-289.8874506509659,-289.8874506509659,-300.0228401246109,-284.02833293846476,-185.990096997166
-278.443867541823,-278.443867541823,-299.8976050326131,-285.39057552683954,-185.990096997166
-285.87446385139424,-285.87446385139424,-297.51218461038184,-284.67094315781037,-185.990096997166
-289.85675586714484,-289.85675586714484,-291.0340006043458,-283.85151832484803,-185.990096997166
-287.1026630158113,-287.1026630158113,-288.6182776950472,-284.42904991637005,-185.990096997166
-287.5505815185086,-287.5505815185086,-291.14151992842847,-285.65893787818476,-185.990096997166
-285.55201129094485,-285.55201129094485,-288.3976293029913,-287.44504480052603,-185.990096997166
-291.1008123028041,-291.1008123028041,-293.0053266096849,-287.76711612297464,-185.990096997166
-282.6058872070027,-282.6058872070027,-296.4921635354193,-289.03712177784564,-185.990096997166
-287.43390423617643,-287.43390423617643,-301.0995698921346,-288.19583246592566,-185.990096997166
-285.18334681135616,-285.18334681135616,-302.7501332088421,-289.3596450902347,-185.990096997166
-282.6556064897371,-282.6556064897371,-292.82086878304915,-288.6185098587113,-185.990096997166
-295.54134151354725,-295.54134151354725,-289.1668069075432,-287.90074961915946,-185.990096997166
-288.2400960654238,-288.2400960654238,-294.3261526333461,-288.9120679793162,-185.990096997166
-286.90499660922313,-286.90499660922313,-296.2633971758581,-287.6781646971542,-185.990096997166
-286.2775329275601,-286.2775329275601,-293.0347195532014,-287.9623925526077,-185.990096997166
-286.81091706848196,-286.81091706848196,-292.11325533901817,-287.83593667504005,-185.990096997166
-284.796945380072,-284.796945380072,-292.2531340023072,-287.59410246722337,-185.990096997166
-290.65934306588093,-290.65934306588093,-296.13081388124704,-288.32147044126987,-185.990096997166
-284.23510258168386,-284.23510258168386,-298.9109373274763,-289.65911636836995,-185.990096997166
-283.8532767713175,-283.8532767713175,-293.642535104208,-289.5177100922044,-185.990096997166
-287.1522704861603,-287.1522704861603,-304.5448203264003,-291.94408155461383,-185.990096997166
-294.5461666253128,-294.5461666253128,-311.2950498218131,-292.9590616311003,-185.990096997166
-285.7384948533001,-285.7384948533001,-309.04102720134813,-291.8628755243945,-185.990096997166
-289.97663646005793,-289.97663646005793,-307.12383792887465,-292.3101814837593,-185.990096997166
-286.72087660045014,-286.72087660045014,-307.931841813119,-291.99217609361364,-185.990096997166
-291.0469411310265,-291.0469411310265,-305.12926241904717,-291.4563778414447,-185.990096997166
-291.72764544321006,-291.72764544321006,-303.9918700011406,-291.63887779168266,-185.990096997166
-283.7843507990956,-283.7843507990956,-301.73997172127997,-292.7403467759006,-185.990096997166
-287.27062183735416,-287.27062183735416,-292.65812236994464,-291.87612526308226,-185.990096997166
-288.6003384610929,-288.6003384610929,-293.38543873501897,-291.9735720106624,-185.990096997166
-292.4065460372635,-292.4065460372635,-287.95583751382827,-292.1641196563261,-185.990096997166
-290.7843297109251,-290.7843297109251,-281.27801509950723,-293.0282157305506,-185.990096997166
-293.29709089220216,-293.29709089220216,-285.5267510684024,-294.01627815910336,-185.990096997166
-284.28653294176127,-284.28653294176127,-289.9236043707932,-295.47962005604205,-185.990096997166
-286.6530973489531,-286.6530973489531,-290.1360251949709,-297.07220274825005,-185.990096997166
-292.4881142414464,-292.4881142414464,-285.84066413337143,-295.6395059685648,-185.990096997166
-293.0642985193022,-293.0642985193022,-281.58041606554036,-295.1014238552039,-185.990096997166
-287.62295987571997,-287.62295987571997,-273.2376308772672,-293.5372887203774,-185.990096997166
-291.95833384151985,-291.95833384151985,-280.25776366877454,-294.0662083421357,-185.990096997166
-285.7404392717359,-285.7404392717359,-284.3193726253491,-294.8240639596058,-185.990096997166
-288.1428383587712,-288.1428383587712,-282.76596887563176,-293.59702010630446,-185.990096997166
-292.65701348304236,-292.65701348304236,-283.38435796886216,-292.5272828816215,-185.990096997166
-289.67100392200666,-289.67100392200666,-284.3368072936628,-292.85294776022107,-185.990096997166
-286.9341866641087,-286.9341866641087,-280.7306751986132,-292.5319584738373,-185.990096997166
-289.69556526501,-289.69556526501,-281.00741555141695,-292.6503044082273,-185.990096997166
-290.0096555348528,-290.0096555348528,-287.0078643780574,-291.6977351144971,-185.990096997166
-292.0345999788242,-292.0345999788242,-292.04809655617964,-292.57576864697063,-185.990096997166
-285.5727952485945,-285.5727952485945,-299.66180986185225,-293.4524779754132,-185.990096997166
-292.9637384311018,-292.9637384311018,-298.87760738138616,-294.36080012794326,-185.990096997166
-286.8586869358085,-286.8586869358085,-293.16411676973377,-293.4523192886304,-185.990096997166
-295.55536338001383,-295.55536338001383,-287.48842003542944,-291.1151831068678,-185.990096997166
-291.9927191644336,-291.9927191644336,-291.2652117891982,-291.2778883173848,-185.990096997166
-284.4776369110795,-284.4776369110795,-288.6205310585234,-292.37025385105653,-185.990096997166
-288.14909161907235,-288.14909161907235,-286.2548452961756,-292.05927199406295,-185.990096997166
-283.75368679002656,-283.75368679002656,-286.8215452849402,-291.7863094795297,-185.990096997166
-284.0652463611787,-284.0652463611787,-283.8468901131372,-290.78758727652627,-185.990096997166
-292.2592153473891,-292.2592153473891,-277.5423387351019,-289.4831710720539,-185.990096997166
-289.138677981668,-289.138677981668,-277.2295634339337,-289.599957955116,-185.990096997166
-291.90224251897007,-291.90224251897007,-274.7355490485716,-289.0879959592306,-185.990096997166
-292.520848335457,-292.520848335457,-278.4771401998313,-288.59772068682815,-185.990096997166
-291.2907978670208,-291.2907978670208,-281.58594251963484,-288.8681978541849,-185.990096997166
-292.12409050711744,-292.12409050711744,-277.0181265793036,-288.84815225173685,-185.990096997166
-294.8765017123591,-294.8765017123591,-274.79314567428753,-288.4636524592449,-185.990096997166
-286.6832777840225,-286.6832777840225,-280.40738119113905,-288.8880687971191,-185.990096997166
-287.29935819924674,-287.29935819924674,-278.7526091856831,-288.929887406026,-185.990096997166
-286.41448385286674,-286.41448385286674,-283.6174141641509,-289.0884190415528,-185.990096997166
-293.59621141104793,-293.59621141104793,-288.94337437183236,-288.821219145959,-185.990096997166
-291.71688032072296,-291.71688032072296,-292.4198534469719,-288.857765868261,-185.990096997166
-288.75044235645123,-288.75044235645123,-291.88809095631956,-287.68342668499935,-185.990096997166
-288.88843038902866,-288.88843038902866,-291.6398845940057,-288.19719058478773,-185.990096997166
-283.9670498217293,-283.9670498217293,-289.79747281281743,-285.9187283514683,-185.990096997166
-290.09400176587127,-290.09400176587127,-292.43320557396936,-285.0757834021681,-185.990096997166
-290.5337989698199,-290.5337989698199,-297.5870798399884,-286.1728629869729,-185.990096997166
-293.96599582391826,-293.96599582391826,-299.54876432102117,-287.37305407554845,-185.990096997166
-289.6036134533537,-289.6036134533537,-304.98302957601464,-288.3401249586052,-185.990096997166
-291.7233387138688,-291.7233387138688,-299.2969557269025,-287.9219577031239,-185.990096997166
-298.52516707468084,-298.52516707468084,-296.5360954139379,-287.33006422851844,-185.990096997166
-286.98983322684654,-286.98983322684654,-294.39852361206783,-287.38947624641855,-185.990096997166
-289.26543667580563,-289.26543667580563,-303.1707250247373,-289.78594721595783,-185.990096997166
-287.80226487403957,-287.80226487403957,-298.51277363478783,-289.22265756474155,-185.990096997166
-286.2216756958611,-286.2216756958611,-299.415689761747,-288.21069880105205,-185.990096997166
-292.0049568304184,-292.0049568304184,-297.6985172679341,-288.35988383585345,-185.990096997166
-292.5870507433201,-292.5870507433201,-297.58166973960454,-288.5838467212134,-185.990096997166
-286.490181015707,-286.490181015707,-296.798849990455,-288.74810319948085,-185.990096997166
-286.8788131825489,-286.8788131825489,-294.7306459075632,-289.25904910112365,-185.990096997166
-291.61885657395817,-291.61885657395817,-300.16965599512366,-290.78775607547436,-185.990096997166
-292.98051527245553,-292.98051527245553,-298.6702349111089,-290.74802799763216,-185.990096997166
-288.1786208175092,-288.1786208175092,-289.7594620975262,-290.6938424904704,-185.990096997166
-289.0851207426364,-289.0851207426364,-286.1535516672453,-290.965104815652,-185.990096997166
-286.28524221820624,-286.28524221820624,-283.1564450665212,-288.99007205297596,-185.990096997166
-291.51976281986043,-291.51976281986043,-285.59253132435754,-288.77601129079727,-185.990096997166
-287.39201795427425,-287.39201795427425,-290.6310882229883,-289.80922988667874,-185.990096997166
-291.5598401596132,-291.5598401596132,-291.95446345512426,-290.1073779535056,-185.990096997166
-291.4822526575446,-291.4822526575446,-290.8587264318475,-290.7737134461277,-185.990096997166
-289.68325071003846,-289.68325071003846,-288.7289833106846,-290.80336265297717,-185.990096997166
-291.6464184521338,-291.6464184521338,-289.1234634476918,-291.2108758894012,-185.990096997166
-295.89524275073694,-295.89524275073694,-285.7931269947334,-289.4970340853429,-185.990096997166
-285.7407388395663,-285.7407388395663,-283.9027122423337,-287.54202296656666,-185.990096997166
-290.35378199861924,-290.35378199861924,-284.78757648386784,-288.1470986361483,-185.990096997166
-286.54564000476006,-286.54564000476006,-288.857581387164,-288.128764976462,-185.990096997166
-293.32388529176455,-293.32388529176455,-290.1684844817647,-289.31202418006427,-185.990096997166
-292.2033207059805,-292.2033207059805,-288.3298020355148,-289.2221479359421,-185.990096997166
-289.90767337046185,-289.90767337046185,-284.05434507466896,-289.1941407567347,-185.990096997166
-291.8456900672331,-291.8456900672331,-283.7744911727536,-290.27764262144325,-185.990096997166
-290.79895829700075,-290.79895829700075,-283.1317782625482,-290.0654092484987,-185.990096997166
-290.0033198320992,-290.0033198320992,-282.4627895569557,-290.934055778165,-185.990096997166
-288.2655873805759,-288.2655873805759,-284.02519290256953,-290.7936049188364,-185.990096997166
-283.659242042691,-283.659242042691,-286.55509748954825,-289.40712977768953,-185.990096997166
-294.57988005879156,-294.57988005879156,-285.84795255374866,-290.3695793371837,-185.990096997166
-287.035364100058,-287.035364100058,-286.47051296873474,-289.7274395302427,-185.990096997166
-289.5274913478763,-289.5274913478763,-282.81984818371325,-289.55880531288,-185.990096997166
-286.5743282979366,-286.5743282979366,-279.1175381047991,-289.64203024104114,-185.990096997166
-288.51956458978935,-288.51956458978935,-283.047733411434,-290.84505830416407,-185.990096997166
-279.55431348324515,-279.55431348324515,-283.69344760541156,-290.9348559042978,-185.990096997166
-284.85326252121035,-284.85326252121035,-280.3966439309839,-290.39421619755893,-185.990096997166
-298.54174931060214,-298.54174931060214,-281.97635472727285,-290.60584389078934,-185.990096997166
-292.29537173791584,-292.29537173791584,-283.8539942096144,-289.77572888639287,-185.990096997166
-292.1998248901606,-292.1998248901606,-287.7953280508658,-288.48222469846837,-185.990096997166
-294.80977745296866,-294.80977745296866,-286.41417635058707,-289.27479641603725,-185.990096997166
-290.9137929016659,-290.9137929016659,-287.95363736725375,-288.99019008489233,-185.990096997166
-292.594498583465,-292.594498583465,-291.40445785458917,-289.8802023212343,-185.990096997166
-295.818643356271,-295.818643356271,-297.67925578424746,-290.69124028309676,-185.990096997166
-291.14691244711537,-291.14691244711537,-288.4083731309129,-289.0093169623489,-185.990096997166
-287.9520851844035,-287.9520851844035,-288.3561455105516,-288.69633214220386,-185.990096997166
-288.4002136462347,-288.4002136462347,-294.8873041908717,-288.3750711205303,-185.990096997166
-290.02086497660594,-290.02086497660594,-288.64499771444906,-288.47545228829864,-185.990096997166
-288.5173353929132,-288.5173353929132,-288.2092706084999,-288.11036392530525,-185.990096997166
-289.19352854890514,-289.19352854890514,-290.4809461618921,-287.6987092084332,-185.990096997166
-285.6345647937898,-285.6345647937898,-287.32663581469507,-286.10597857402877,-185.990096997166
-287.7250901140954,-287.7250901140954,-284.7547675263083,-286.23858886319636,-185.990096997166
-289.9214351184868,-289.9214351184868,-288.553246580118,-287.7077136849086,-185.990096997166
-286.4986987391232,-286.4986987391232,-287.97653611863814,-288.74684405323757,-185.990096997166
-287.63860650611537,-287.63860650611537,-295.0884144503226,-288.51066590449256,-185.990096997166
-291.3881739573162,-291.3881739573162,-297.0970722584891,-288.7559765958107,-185.990096997166
-291.9125271843821,-291.9125271843821,-290.52374280788376,-287.53369050059445,-185.990096997166
-294.403235645295,-294.403235645295,-296.3881736858214,-287.71915582643817,-185.990096997166
-288.13398051244576,-288.13398051244576,-298.5486407299309,-288.0860450890696,-185.990096997166
-291.2567051090091,-291.2567051090091,-295.2279602992285,-288.7924088487736,-185.990096997166
-290.2738500753178,-290.2738500753178,-297.2985221925253,-288.33497267908473,-185.990096997166
-285.9042117188744,-285.9042117188744,-300.154796316281,-289.63825911314837,-185.990096997166
-285.43967006041936,-285.43967006041936,-295.2639115405532,-289.6419897281477,-185.990096997166
-288.47453292413286,-288.47453292413286,-288.4351854815223,-288.30766350494434,-185.990096997166
-283.2679041250992,-283.2679041250992,-290.42558369440707,-288.2048899523491,-185.990096997166
-290.84352456057167,-290.84352456057167,-288.74819852294456,-288.33387101403,-185.990096997166
-285.80141721776687,-285.80141721776687,-285.2131468502135,-286.8305232085002,-185.990096997166
-289.63783403093856,-289.63783403093856,-282.4341744565788,-286.38129802821555,-185.990096997166
-290.31846918134676,-290.31846918134676,-278.366193396645,-286.60065836945193,-185.990096997166
-292.8053934264933,-292.8053934264933,-282.9166005685503,-288.5951865140169,-185.990096997166
-291.2674321874255,-291.2674321874255,-278.3630451070949,-287.0500664037301,-185.990096997166
-294.73702748076664,-294.73702748076664,-278.66466854042073,-287.59967654379966,-185.990096997166
-289.1416863535049,-289.1416863535049,-276.1174631904909,-286.83178546989285,-185.990096997166
-293.6066155791557,-293.6066155791557,-280.20796456279083,-286.68329601039954,-185.990096997166
-290.762202824901,-290.762202824901,-275.9423846575862,-286.58249786893253,-185.990096997166
-288.8424531212649,-288.8424531212649,-272.6992850584756,-286.11882979117445,-185.990096997166
-291.96292263436817,-291.96292263436817,-275.5999626673571,-285.32416008946194,-185.990096997166
-288.6556945690976,-288.6556945690976,-277.3370913634548,-285.3561583895154,-185.990096997166
-286.4137685161566,-286.4137685161566,-278.1712547815765,-285.42987074525337,-185.990096997166
-283.60744667216466,-283.60744667216466,-278.5834235021548,-287.00085171653825,-185.990096997166
-289.2222574144014,-289.2222574144014,-290.0431447758836,-287.88910484815716,-185.990096997166
-286.52047131493555,-286.52047131493555,-291.65276097926335,-288.6361261459054,-185.990096997166
-289.0887713364432,-289.0887713364432,-295.9681814410618,-289.46145212136264,-185.990096997166
-288.3683218023759,-288.3683218023759,-299.66233002543504,-290.79225439452676,-185.990096997166
-284.1906511142802,-284.1906511142802,-298.623756671144,-289.69770252087454,-185.990096997166
-288.6139486219491,-288.6139486219491,-299.9026305865733,-289.36066638740687,-185.990096997166
-289.7118813092752,-289.7118813092752,-303.48457112338133,-289.94174552794146,-185.990096997166
-291.3482403538777,-291.3482403538777,-308.78614842514634,-290.71811712909005,-185.990096997166
-294.01395649465144,-294.01395649465144,-306.45734795691635,-289.95054149471366,-185.990096997166
-288.3304108971257,-288.3304108971257,-310.49255076225893,-291.5402962588169,-185.990096997166
-293.36817451853483,-293.36817451853483,-307.81807445077936,-292.1698844681956,-185.990096997166
-288.9487923823615,-288.9487923823615,-305.0177276308808,-292.0489441986308,-185.990096997166
-291.5676377587787,-291.5676377587787,-305.7310629133508,-292.326773133115,-185.990096997166
-284.74765407565724,-284.74765407565724,-300.0851143308024,-291.2734261038377,-185.990096997166
-289.97561151932297,-289.97561151932297,-307.1146473325101,-293.43895736119407,-185.990096997166
-290.3400853465751,-290.3400853465751,-309.72959484775066,-293.6353562548466,-185.990096997166
-287.16095452383627,-287.16095452383627,-310.5643329214775,-293.0771512740626,-185.990096997166
-292.57310101723715,-292.57310101723715,-310.32459618992834,-295.0540368241859,-185.990096997166
-291.3079005849293,-291.3079005849293,-320.60154712703763,-296.4289967984213,-185.990096997166
-287.6228308147099,-287.6228308147099,-315.71638351300254,-296.587383729039,-185.990096997166
-291.3736853261227,-291.3736853261227,-310.0295285473939,-296.7104630147354,-185.990096997166
-292.388143772172,-292.388143772172,-303.5433482024143,-295.806660333852,-185.990096997166
-292.92945889697995,-292.92945889697995,-309.53949835913687,-296.5240234889187,-185.990096997166
-287.6069385193192,-287.6069385193192,-307.7817411639325,-295.23446711289665,-185.990096997166
-288.62886442559005,-288.62886442559005,-302.52983978385777,-294.927242427901,-185.990096997166
-290.3740169830731,-290.3740169830731,-296.0761975700545,-293.4311813171597,-185.990096997166
-286.47769958311073,-286.47769958311073,-295.17688572579925,-294.00777985764574,-185.990096997166
-283.9164988158576,-283.9164988158576,-285.8763066903686,-292.9516634250954,-185.990096997166
-291.92836837022776,-291.92836837022776,-282.11702413397,-293.14267347922913,-185.990096997166
-291.7870656971134,-291.7870656971134,-283.47285144122964,-294.2363619574392,-185.990096997166
-289.2029156764539,-289.2029156764539,-283.7249972514488,-293.99575802652015,-185.990096997166
-291.56175502238443,-291.56175502238443,-283.1823429443201,-292.4121696594598,-185.990096997166
-285.8026631589753,-285.8026631589753,-272.69766467691886,-292.01077411619184,-185.990096997166
-287.2214205211026,-287.2214205211026,-278.60005625990556,-293.2674412685733,-185.990096997166
-286.7526524300829,-286.7526524300829,-280.89507014230986,-293.0211397174816,-185.990096997166
-289.8725136079427,-289.8725136079427,-288.2639327959525,-293.33432817176134,-185.990096997166
-285.53171099662524,-285.53171099662524,-293.7792663671871,-295.7210037610405,-185.990096997166
-292.63900536766863,-292.63900536766863,-298.53183719383526,-296.1711959725467,-185.990096997166
-288.8148728750377,-288.8148728750377,-292.44561774443827,-295.9585583487878,-185.990096997166
-289.34072511776543,-289.34072511776543,-288.15027130909306,-295.2830961055478,-185.990096997166
-285.81162191283363,-285.81162191283363,-291.7922806268492,-296.681605130471,-185.990096997166
-290.46340847837416,-290.46340847837416,-299.7556176020562,-296.6303594717869,-185.990096997166
-287.236876141447,-287.236876141447,-301.62228546180967,-297.1117385704556,-185.990096997166
-284.3613048971176,-284.3613048971176,-306.5484900122009,-298.5355463584553,-185.990096997166
-290.4988097488101,-290.4988097488101,-305.11298389855267,-298.8552595656749,-185.990096997166
-289.63379885455976,-289.63379885455976,-299.4397101628791,-298.682413192642,-185.990096997166
-287.87155430862157,-287.87155430862157,-291.7610461810827,-298.95322046378556,-185.990096997166
-290.0076056943754,-290.0076056943754,-289.672752510184,-298.6383282018925,-185.990096997166
-286.4566178525028,-286.4566178525028,-300.8670743155451,-300.4977222555815,-185.990096997166
-296.305421952122,-296.305421952122,-310.20260370259786,-301.6069321456364,-185.990096997166
-287.3924555747535,-287.3924555747535,-307.9692676249463,-300.26682970028355,-185.990096997166
-286.8655136565031,-286.8655136565031,-308.72984840438005,-300.04577695681024,-185.990096997166
-288.21261843361896,-288.21261843361896,-308.8689479392557,-299.69189187009437,-185.990096997166
-291.00500517813447,-291.00500517813447,-301.02497820872287,-298.80807599511286,-185.990096997166
-288.3031208311705,-288.3031208311705,-299.0665756729696,-298.94382336604,-185.990096997166
-289.59230656217073,-289.59230656217073,-301.37012613507767,-298.97591230234286,-185.990096997166
-285.6998438863426,-285.6998438863426,-299.76053195063525,-298.20841262923636,-185.990096997166
-292.0621538220694,-292.0621538220694,-305.35357455039923,-297.9518134269431,-185.990096997166
-288.52755764897864,-288.52755764897864,-299.5052977225222,-299.10731220870264,-185.990096997166
-286.74929157755776,-286.74929157755776,-289.17779106219183,-297.343980205623,-185.990096997166
-286.9153015900628,-286.9153015900628,-288.6898799152227,-296.4411907931722,-185.990096997166
-285.47219959352833,-285.47219959352833,-290.16024429470747,-297.0742802895756,-185.990096997166
-294.637413194131,-294.637413194131,-298.664236584565,-298.27852660433723,-185.990096997166
-291.3065992670492,-291.3065992670492,-301.99483372206134,-299.19001987336463,-185.990096997166
-289.77082244011217,-289.77082244011217,-307.09988729172466,-298.9408713578829,-185.990096997166
-288.92451359811673,-288.92451359811673,-306.0002195014999,-298.2300372330927,-185.990096997166
-294.8103887775496,-294.8103887775496,-308.842727985513,-297.86409164204343,-185.990096997166
-289.6973900683522,-289.6973900683522,-305.16057768367057,-296.9190097256915,-185.990096997166
-290.02083797926315,-290.02083797926315,-306.7957929626617,-296.3461613758274,-185.990096997166
-286.05328279071614,-286.05328279071614,-310.2245780086138,-296.2456191047452,-185.990096997166
-285.0928497648142,-285.0928497648142,-312.9080172582772,-297.0168885353488,-185.990096997166
-285.5811535987403,-285.5811535987403,-307.18127560852906,-297.8018657707985,-185.990096997166
-291.3369203158404,-291.3369203158404,-300.442604389856,-296.45914781048106,-185.990096997166
-285.4191839247008,-285.4191839247008,-299.16736946953773,-297.46714553448567,-185.990096997166
-288.5787478148477,-288.5787478148477,-290.27157412538776,-296.48921822618894,-185.990096997166
-286.023202411327,-286.023202411327,-284.6552486123288,-295.94584744154764,-185.990096997166
-288.5928517578796,-288.5928517578796,-284.79120105581734,-295.7869547080471,-185.990096997166
-286.30868629428863,-286.30868629428863,-282.77309702875755,-296.2983677933693,-185.990096997166
-280.89412268684663,-280.89412268684663,-274.8040625926339,-294.88356906756025,-185.990096997166
-288.174392649685,-288.174392649685,-276.68364880081845,-294.887778576663,-185.990096997166
-286.9664259684194,-286.9664259684194,-273.4765388277892,-294.9671968506169,-185.990096997166
-283.82932772594313,-283.82932772594313,-276.11190011804325,-296.3877772055432,-185.990096997166
-293.0678819694274,-293.0678819694274,-275.6073505640508,-297.0410849879074,-185.990096997166
-285.8909441520814,-285.8909441520814,-269.3690644059708,-295.6209471636987,-185.990096997166
-290.3807323129915,-290.3807323129915,-273.6434050122556,-295.0388852001781,-185.990096997166
-286.7132643789977,-286.7132643789977,-281.29976710801964,-294.55301430396105,-185.990096997166
-283.5188932525605,-283.5188932525605,-273.26390033975264,-291.6838815025602,-185.990096997166
-283.91839684575723,-283.91839684575723,-273.8813494127584,-291.368270237154,-185.990096997166
-289.98154618827857,-289.98154618827857,-281.4409702784619,-292.68263957436494,-185.990096997166
-286.73796056511816,-286.73796056511816,-272.09379659194127,-291.67648363323264,-185.990096997166
-285.16799433933375,-285.16799433933375,-274.7803160129218,-291.56480392783146,-185.990096997166
-291.3565246084346,-291.3565246084346,-269.9645586454588,-290.4295654142237,-185.990096997166
-285.0264573224633,-285.0264573224633,-272.8083875038651,-291.2783053963185,-185.990096997166
Average Episodic Reward,Average Episodic N-Reward,Avg Reward (last 10),Avg Reward (last 50),Best Reward
-397.8786742607595,-397.8786742607595,-378.36405624268724,-378.36405624268724,-378.36405624268724
-385.1275723976261,-385.1275723976261,-384.69384936291533,-384.69384936291533,-378.36405624268724
-394.7800480945033,-394.7800480945033,-385.38651030994373,-385.38651030994373,-378.36405624268724
-396.61751416043336,-396.61751416043336,-393.77083215019263,-393.77083215019263,-378.36405624268724
-392.5547236202783,-392.5547236202783,-400.647990257202,-400.647990257202,-378.36405624268724
-394.92327949965687,-394.92327949965687,-393.34768848118983,-393.34768848118983,-356.846179601129
-391.66894064402567,-391.66894064402567,-398.7684568449492,-398.7684568449492,-356.846179601129
-388.6949534863675,-388.6949534863675,-398.8066358344019,-398.8066358344019,-356.846179601129
-392.7403616256088,-392.7403616256088,-400.7038960557683,-400.7038960557683,-356.846179601129
-383.7724511950058,-383.7724511950058,-401.84967883903334,-401.84967883903334,-356.846179601129
-393.22022776625136,-393.22022776625136,-404.8885374822317,-402.4772210059094,-356.846179601129
-392.30148309194914,-392.30148309194914,-405.7176516907742,-402.21368463613095,-356.846179601129
-392.0159018331212,-392.0159018331212,-408.2056873499092,-402.9397234176095,-356.846179601129
-395.4795732828541,-395.4795732828541,-402.93463415642907,-400.3164050117901,-356.846179601129
-388.75410833385604,-388.75410833385604,-403.25616067760865,-402.3867705374731,-356.846179601129
-390.111336791012,-390.111336791012,-410.1950621474992,-403.8772970226331,-356.846179601129
-392.14720553424655,-392.14720553424655,-406.6020486955592,-403.3764520511903,-356.846179601129
-388.9966240591359,-388.9966240591359,-408.9158600979208,-404.4228715363568,-356.846179601129
-389.1301014018012,-389.1301014018012,-409.42890778363966,-405.29600749149006,-356.846179601129
-392.20585552993697,-392.20585552993697,-412.358565265078,-407.10412205205563,-356.846179601129
-392.31066692338027,-392.31066692338027,-416.3762028338139,-409.095783781102,-356.846179601129
-391.9567447649312,-391.9567447649312,-413.2774536408823,-407.2426705473816,-356.846179601129
-393.8911374471273,-393.8911374471273,-404.46335283152337,-403.60217098887637,-323.51118070176256
-390.7075624783032,-390.7075624783032,-408.1617990830223,-403.5853192081368,-323.51118070176256
-392.4584542120024,-392.4584542120024,-401.88142233425924,-402.1846312561876,-323.51118070176256
-321.1494031534305,-321.1494031534305,-400.4862020060517,-402.5730297085634,-323.51118070176256
-288.18905537228545,-288.18905537228545,-390.6480245504647,-398.6622196435142,-296.9811579522351
-275.9533237917504,-275.9533237917504,-375.55772430764836,-394.1138903832467,-271.30900035602485
-285.8602171376198,-285.8602171376198,-359.24961441416735,-389.417940913103,-257.93135574907876
-282.47085878702273,-282.47085878702273,-341.86037203585494,-385.3562053799888,-257.93135574907876
-279.20302585599114,-279.20302585599114,-324.93573714427873,-381.94738164019134,-257.93135574907876
-280.2053080426482,-280.2053080426482,-314.58051373901026,-378.2857465447655,-257.93135574907876
-275.9179597197424,-275.9179597197424,-308.07025722385646,-374.6531062115976,-257.93135574907876
-282.29080309469447,-282.29080309469447,-292.7761001907262,-370.99437243831017,-250.2561579198239
-279.57418263119143,-279.57418263119143,-289.30576386500707,-369.9335262872789,-250.2561579198239
-280.44538076028005,-280.44538076028005,-278.8104853508853,-368.1945451647639,-250.2561579198239
-274.7305427347547,-274.7305427347547,-277.96410880881376,-366.04110860710864,-250.2561579198239
-278.7886560332046,-278.7886560332046,-274.7502890424732,-362.702416346201,-239.1708026926191
-273.960666849723,-273.960666849723,-276.1637233380769,-360.3783979451475,-239.1708026926191
-279.24840983225556,-279.24840983225556,-283.1436987085209,-359.8030787121218,-239.1708026926191
-271.5266266881908,-271.5266266881908,-285.3561484542343,-358.3885442777628,-239.1708026926191
-272.17410905052867,-272.17410905052867,-283.99961964800207,-355.8366687122028,-239.1708026926191
-277.51985090947767,-277.51985090947767,-284.506262955893,-353.6887240591082,-239.1708026926191
-271.6134865067441,-271.6134865067441,-284.53132239252284,-351.34367924608574,-239.1708026926191
-277.30743058378584,-277.30743058378584,-271.1810446450976,-347.9885303667941,-200.36197967796164
-277.3211367774946,-277.3211367774946,-274.6702379320942,-347.86317402722705,-200.36197967796164
-274.894770835699,-274.894770835699,-276.2293843657215,-346.9322311089412,-200.36197967796164
-274.3406163481653,-274.3406163481653,-281.14193265087425,-345.7106489096746,-200.36197967796164
-270.96033816316907,-270.96033816316907,-281.34132509910717,-344.2483830786087,-200.36197967796164
-278.3407322448008,-278.3407322448008,-270.52568612290827,-341.94760019427906,-200.36197967796164
-269.7285658587841,-269.7285658587841,-266.7137545201873,-339.6540760869492,-200.36197967796164
-280.58777103292505,-280.58777103292505,-268.9852216066212,-337.3120920650579,-200.36197967796164
-276.5364236178134,-276.5364236178134,-264.71130646193143,-333.9913733646227,-200.36197967796164
-273.4467228932746,-273.4467228932746,-261.2987733437275,-329.9405258332855,-200.36197967796164
-272.1100565368531,-272.1100565368531,-266.3613653068648,-326.3971513657675,-200.36197967796164
-275.85355287993616,-275.85355287993616,-261.5917088932529,-325.15073926595664,-200.36197967796164
-276.5102522149446,-276.5102522149446,-259.3189281986787,-322.15249892384753,-200.36197967796164
-277.2500194063094,-277.2500194063094,-257.1897096332998,-319.51110314644325,-200.36197967796164
-277.41877413223534,-277.41877413223534,-259.2393705456148,-317.0845882361212,-200.36197967796164
-271.3830189924785,-271.3830189924785,-265.14027012847095,-314.6057184521666,-200.36197967796164
-278.2353352022827,-278.2353352022827,-270.1277986874328,-312.70192832798944,-200.36197967796164
-274.63018759404224,-274.63018759404224,-268.00101885359084,-309.7687654976213,-200.36197967796164
-276.2078014850762,-276.2078014850762,-273.3505638049315,-307.0203486556272,-200.36197967796164
-267.05098736073995,-267.05098736073995,-272.68982974560873,-303.89156495112144,-200.36197967796164
-268.0627817113798,-268.0627817113798,-268.5122232726609,-299.4483638847779,-200.36197967796164
-275.3256827477889,-275.3256827477889,-270.31856760212435,-297.17544035688167,-200.36197967796164
-270.08714091919643,-270.08714091919643,-267.8323404734642,-294.3985572794286,-200.36197967796164
-277.71219759265114,-277.71219759265114,-265.7827056005461,-290.8844722469683,-200.36197967796164
-275.9339129338281,-275.9339129338281,-265.36072419133916,-288.2709515176611,-200.36197967796164
-265.03381085079195,-265.03381085079195,-265.3149987539793,-285.19700514994685,-200.36197967796164
-274.90416039128695,-274.90416039128695,-263.9691470712824,-282.2205171754831,-200.36197967796164
-273.74211936082827,-273.74211936082827,-264.895664578144,-280.0924076850736,-200.36197967796164
-272.4641785400018,-272.4641785400018,-262.1413755084578,-278.55595319101405,-200.36197967796164
-273.0029426804779,-273.0029426804779,-267.86341295597526,-275.831887725712,-200.36197967796164
-268.4527007841545,-268.4527007841545,-273.5535678507264,-273.7827929880713,-200.36197967796164
-267.5319430142254,-267.5319430142254,-270.69366493522955,-271.2169329427172,-200.36197967796164
-268.89253408878517,-268.89253408878517,-275.4210407807715,-271.3531605254899,-200.36197967796164
-266.747958644002,-266.747958644002,-272.57299722403,-270.2875268302447,-200.36197967796164
-270.8139364738357,-270.8139364738357,-271.37677434628245,-270.69638350408405,-200.36197967796164
-269.4308775719492,-269.4308775719492,-269.47731512198834,-270.7203937671736,-200.36197967796164
-276.5661152514069,-276.5661152514069,-266.46541877327945,-270.5264535012833,-200.36197967796164
-275.86939033511817,-275.86939033511817,-267.71381988519533,-270.7190689143107,-200.36197967796164
-270.67524543771344,-270.67524543771344,-272.32975598646607,-271.40785294353594,-200.36197967796164
-275.20430795248876,-275.20430795248876,-274.31891970983554,-272.1404516295339,-200.36197967796164
-273.47840635701033,-273.47840635701033,-266.7332655626697,-269.2682933276038,-190.25684205570946
-276.78403205364987,-276.78403205364987,-266.46493171036406,-268.747822214613,-190.25684205570946
-265.98856353575474,-265.98856353575474,-260.1381830359454,-267.78797537091623,-190.25684205570946
-266.77006989118047,-266.77006989118047,-266.21276203149307,-268.58002142804867,-190.25684205570946
-274.45248816945434,-274.45248816945434,-261.39299200443327,-267.74223723735537,-190.25684205570946
-268.2435149156599,-268.2435149156599,-259.0550763407292,-265.90266929361525,-190.25684205570946
-271.01679839710704,-271.01679839710704,-256.9326526689563,-264.84175434422764,-190.25684205570946
-269.36084796825475,-269.36084796825475,-253.96197657456065,-264.7115402996224,-190.25684205570946
-271.630715375302,-271.630715375302,-254.68917349888616,-265.44443505213457,-190.25684205570946
-271.2084680574851,-271.2084680574851,-253.07536953085378,-265.8492610572002,-190.25684205570946
-268.4638886678572,-268.4638886678572,-258.3226665524799,-266.69661770908033,-190.25684205570946
-273.92423671912866,-273.92423671912866,-257.3106311855679,-265.2759008653077,-190.25684205570946
-271.8284358611503,-271.8284358611503,-264.38812967257184,-265.41972443228633,-190.25684205570946
-268.0581000762881,-268.0581000762881,-258.65194972923865,-264.08202484372146,-190.25684205570946
-270.2214519986551,-270.2214519986551,-257.33496920602056,-262.940966058738,-190.25684205570946
-266.0044455462073,-266.0044455462073,-261.48127040705896,-264.0937861504454,-190.25684205570946
-269.54655963447516,-269.54655963447516,-262.610432098164,-264.02108985982295,-190.25684205570946
-271.1766823888715,-271.1766823888715,-267.5158889471712,-264.4176737677324,-190.25684205570946
-268.32859772470664,-268.32859772470664,-257.91288557818984,-264.0847508753863,-190.25684205570946
-270.1532465460066,-270.1532465460066,-255.52559072909716,-264.69462453427406,-190.25684205570946
-270.00476391902754,-270.00476391902754,-253.9746976524513,-264.2192841781976,-190.25684205570946
-268.39379287589117,-268.39379287589117,-252.4437802016933,-263.4463151269958,-190.25684205570946
-275.788833201719,-275.788833201719,-251.32513088436576,-263.82096496942376,-190.25684205570946
-267.49137888486274,-267.49137888486274,-259.23240481834307,-264.4905638807302,-190.25684205570946
-271.88390792777057,-271.88390792777057,-269.243962974589,-264.94188454453285,-190.25684205570946
-267.6373323236106,-267.6373323236106,-268.09162521529066,-264.68405716780927,-190.25684205570946
-271.3483567368659,-271.3483567368659,-262.66790803717,-262.5291117297704,-190.25684205570946
-272.3038984089928,-272.3038984089928,-256.2901581194009,-262.07550162089444,-190.25684205570946
-275.39163470641296,-275.39163470641296,-266.3376290093592,-262.6821639162718,-190.25684205570946
-263.58992693019644,-263.58992693019644,-265.8252603736024,-263.3217106598728,-190.25684205570946
-263.80599149134235,-263.80599149134235,-268.30771814299,-264.1783831522634,-190.25684205570946
-273.23892024314944,-273.23892024314944,-265.1179073330739,-262.40618307318573,-190.25684205570946
-271.2453013276588,-271.2453013276588,-263.6144418276523,-262.97738524026136,-190.25684205570946
-265.9604528906473,-265.9604528906473,-258.494610431502,-263.0329448469214,-190.25684205570946
-266.45336503610696,-266.45336503610696,-259.0830959780847,-263.68635890188204,-190.25684205570946
-271.93111676504446,-271.93111676504446,-255.46057284802254,-262.71317198661797,-190.25684205570946
-269.89453663000904,-269.89453663000904,-262.3505012542289,-262.2053825663597,-190.25684205570946
-268.1410752090903,-268.1410752090903,-267.0743423212285,-262.5112371695113,-190.25684205570946
-270.94034567444857,-270.94034567444857,-262.4902481562377,-262.7519384458278,-190.25684205570946
-274.9959534196026,-274.9959534196026,-265.5974488734387,-262.8685178433655,-190.25684205570946
-267.6606879783662,-267.6606879783662,-272.33279642180173,-263.9342288664785,-190.25684205570946
-269.602096368866,-269.602096368866,-275.0313964431416,-263.27372937476815,-190.25684205570946
-272.30926598785203,-272.30926598785203,-271.92726625687567,-262.2786303354822,-190.25684205570946
-267.8660478868626,-267.8660478868626,-270.27382309557777,-262.57311002123095,-190.25684205570946
-269.4598781273152,-269.4598781273152,-262.3717153901799,-261.88534711066154,-190.25684205570946
-270.8408129084501,-270.8408129084501,-271.8585696179007,-263.18942288580047,-190.25684205570946
-269.63949618071786,-269.63949618071786,-270.4001151530698,-262.99232184231784,-190.25684205570946
-273.7357539522458,-273.7357539522458,-266.10122141263014,-262.1887174749983,-190.25684205570946
-272.66160380203087,-272.66160380203087,-264.9424697966343,-261.27448120786147,-190.25684205570946
-270.774114692921,-270.774114692921,-270.45859912792156,-262.0964537269827,-190.25684205570946
-282.2641194559051,-282.2641194559051,-264.7107246011058,-263.52972067416573,-190.25684205570946
-275.14825597668766,-275.14825597668766,-272.9474793022195,-264.5702388931392,-190.25684205570946
-268.9112030079466,-268.9112030079466,-276.75589303300563,-265.60217233489425,-190.25684205570946
-269.3728480224687,-269.3728480224687,-280.55690228601577,-265.4419380721355,-190.25684205570946
-275.12165216849974,-275.12165216849974,-282.14911436124993,-266.0365715820248,-190.25684205570946
-274.72312438893937,-274.72312438893937,-268.9452523468537,-265.1674580870253,-190.25684205570946
-273.2445535105337,-273.2445535105337,-272.0943747290815,-266.02466625434283,-190.25684205570946
-270.6167864958331,-270.6167864958331,-275.0749254944484,-266.41130725897585,-190.25684205570946
-275.9570949747476,-275.9570949747476,-275.44324728395793,-265.42529596487583,-190.25684205570946
-265.45271453314206,-265.45271453314206,-268.811634535342,-265.24370672788035,-190.25684205570946
-274.1923300859027,-274.1923300859027,-269.8935576461794,-265.8438988929056,-190.25684205570946
-274.0980024826652,-274.0980024826652,-260.1870929252651,-265.1455312410787,-190.25684205570946
-273.04973440026004,-273.04973440026004,-262.381694785994,-265.2008853575787,-190.25684205570946
-274.7214415114175,-274.7214415114175,-258.79859430486243,-265.47126698726026,-190.25684205570946
-282.17285251605836,-282.17285251605836,-255.15930184359772,-265.60143810954025,-190.25684205570946
-274.84738961447596,-274.84738961447596,-259.2861998450178,-264.7284439746171,-190.25684205570946
-277.8672071990844,-277.8672071990844,-257.0184826435677,-264.9062763634236,-190.25684205570946
-269.63141055907533,-269.63141055907533,-257.2908800952729,-264.3663054885962,-190.25684205570946
-275.29563928337114,-275.29563928337114,-259.9026676871713,-265.82325238667204,-190.25684205570946
-279.2047209805759,-279.2047209805759,-263.4242510390113,-266.8234387898632,-190.25684205570946
-278.42263454206005,-278.42263454206005,-266.8688859467262,-268.42273655176064,-190.25684205570946
-279.0553829996095,-279.0553829996095,-264.6076502383256,-267.5783052484052,-190.25684205570946
-274.2640839901302,-274.2640839901302,-261.64255914385024,-267.26437100947555,-190.25684205570946
-272.00934300543963,-272.00934300543963,-273.85224257390854,-268.39523453837336,-190.25684205570946
-281.32378558708734,-281.32378558708734,-278.4368337556337,-267.4400122657492,-190.25684205570946
-270.26447253965205,-270.26447253965205,-281.15627525484007,-267.341373982527,-190.25684205570946
-279.94782834734247,-279.94782834734247,-280.8139721933927,-268.5354891946682,-190.25684205570946
-282.4257807230856,-282.4257807230856,-272.73747258884094,-267.6557683824842,-185.990096997166
-275.24880750426985,-275.24880750426985,-268.84591086664153,-266.3249087581286,-185.990096997166
-275.9809855000229,-275.9809855000229,-267.0568320825294,-267.0697531316486,-185.990096997166
-275.8306314198985,-275.8306314198985,-264.70801110119095,-267.70279514340086,-185.990096997166
-280.46904356889405,-280.46904356889405,-272.5705021056318,-269.06882420291674,-185.990096997166
-271.4704568076964,-271.4704568076964,-277.1124873945181,-269.9639801228487,-185.990096997166
-276.4828031593376,-276.4828031593376,-267.87642854414247,-270.27159816090136,-185.990096997166
-274.7653955954597,-274.7653955954597,-269.4017813902367,-269.5037493481796,-185.990096997166
-273.7156480218587,-273.7156480218587,-268.6533989037983,-269.97993919368207,-185.990096997166
-279.58315970693116,-279.58315970693116,-275.64147098528457,-271.1936831408793,-185.990096997166
-280.2520837164162,-280.2520837164162,-280.73801332827946,-270.38850258389436,-185.990096997166
-277.5842850201514,-277.5842850201514,-289.65668043096207,-271.7581952130734,-185.990096997166
-278.949616086733,-278.949616086733,-285.3073338109076,-271.0117301191424,-185.990096997166
-278.1572711197592,-278.1572711197592,-285.3918899961094,-270.31461385826236,-185.990096997166
-279.4616386593896,-279.4616386593896,-287.4070618868746,-271.5439572916633,-185.990096997166
-279.11429107778406,-279.11429107778406,-283.39294893284085,-272.25711665804175,-185.990096997166
-276.2156322860048,-276.2156322860048,-282.52322588268805,-272.7214787183235,-185.990096997166
-275.2650040003323,-275.2650040003323,-279.74922185539833,-272.9792506412233,-185.990096997166
-276.79843120190634,-276.79843120190634,-278.51180471571854,-271.31058621324564,-185.990096997166
-282.67028994262085,-282.67028994262085,-270.8573035236178,-271.2851208149889,-185.990096997166
-275.576064153364,-275.576064153364,-275.99006923023154,-272.36627214741463,-185.990096997166
-279.4695608149148,-279.4695608149148,-265.5367456652748,-271.87705038680156,-185.990096997166
-282.2813755907368,-282.2813755907368,-262.87384382682205,-269.4947790589225,-185.990096997166
-280.826841896139,-280.826841896139,-257.0444753867954,-268.7813640154003,-185.990096997166
-276.3101986132315,-276.3101986132315,-249.08361796526924,-266.7711850242733,-185.990096997166
-282.210751474433,-282.210751474433,-249.88832471151073,-266.8836029937428,-185.990096997166
-276.3922183526412,-276.3922183526412,-253.38477260754317,-267.2870527826289,-185.990096997166
-278.3738147153395,-278.3738147153395,-263.4372958095392,-269.23688693088116,-185.990096997166
-283.34880251251343,-283.34880251251343,-266.76694264873834,-270.8749242736226,-185.990096997166
-275.2821885479996,-275.2821885479996,-275.36315829387246,-271.93887752794706,-185.990096997166
-279.4235522523267,-279.4235522523267,-274.4990003388273,-272.2510871162904,-185.990096997166
-274.1952136153968,-274.1952136153968,-279.67148754134644,-272.7226984382793,-185.990096997166
-277.9951102459874,-277.9951102459874,-283.27721804281725,-272.3878957604176,-185.990096997166
-279.19296679204797,-279.19296679204797,-285.1936010751468,-271.8413727011938,-185.990096997166
-280.06353885340667,-280.06353885340667,-285.8979753038467,-271.9133614999896,-185.990096997166
-280.89987824188944,-280.89987824188944,-285.4439689356265,-271.4960578236693,-185.990096997166
-283.0349326601648,-283.0349326601648,-286.31515503586445,-272.7903649288293,-185.990096997166
-273.58124287347516,-273.58124287347516,-279.1075355695719,-274.026533676076,-185.990096997166
-276.5294222590659,-276.5294222590659,-278.66320463295415,-274.7503252312099,-185.990096997166
-280.4862025937918,-280.4862025937918,-277.92642416679445,-276.1204658325924,-185.990096997166
-278.97162601245276,-278.97162601245276,-277.7667010767076,-276.34625131257735,-185.990096997166
-278.7324482555204,-278.7324482555204,-274.5926380294564,-275.6606925067362,-185.990096997166
-282.3271059241715,-282.3271059241715,-276.2500090008278,-274.9530473527808,-185.990096997166
-275.78288265216054,-275.78288265216054,-272.7836755082173,-273.024330613492,-185.990096997166
-287.88866317557245,-287.88866317557245,-278.9016258490592,-274.7721566221363,-185.990096997166
-279.72232499525524,-279.72232499525524,-273.8967559401354,-273.9468971829263,-185.990096997166
-280.1983666900524,-280.1983666900524,-276.49374082786056,-273.31866457961974,-185.990096997166
-280.80337807220417,-280.80337807220417,-276.0935724499924,-273.5578814149477,-185.990096997166
-283.6564142180719,-283.6564142180719,-276.6811971236899,-273.8553096049798,-185.990096997166
-289.0109787323645,-289.0109787323645,-273.0177746007976,-274.5612263140734,-185.990096997166
-280.6943164822926,-280.6943164822926,-269.0234043610048,-275.60343766701016,-185.990096997166
-282.416821053277,-282.416821053277,-280.01782327193735,-277.8950749877954,-185.990096997166
-281.97129179366925,-281.97129179366925,-281.5174461810867,-277.8451701724923,-185.990096997166
-281.59096424261367,-281.59096424261367,-290.1587959664481,-278.11448758654336,-185.990096997166
-288.482484082479,-288.482484082479,-293.1182022810637,-278.8816966572226,-185.990096997166
-276.07736667833865,-276.07736667833865,-299.70907056412614,-278.46621381684787,-185.990096997166
-285.40574463405176,-285.40574463405176,-291.5945178152547,-278.06228243384214,-185.990096997166
-284.6801229298375,-284.6801229298375,-292.8522100943592,-278.24796715577224,-185.990096997166
-283.0842006615931,-283.0842006615931,-287.916961846888,-277.7080221935978,-185.990096997166
-285.53204733845075,-285.53204733845075,-286.0034897621088,-276.6336300694382,-185.990096997166
-283.17634376558647,-283.17634376558647,-294.28698947595694,-278.3132328965456,-185.990096997166
-282.9263088486493,-282.9263088486493,-283.963753995849,-276.75648970077276,-185.990096997166
-279.3636224689563,-279.3636224689563,-287.7829241080892,-278.3402882319286,-185.990096997166
-283.3226688886723,-283.3226688886723,-287.0270565870238,-278.4415209047263,-185.990096997166
-286.398411185155,-286.398411185155,-283.76799337884404,-278.15388295561655,-185.990096997166
-282.95514639457787,-282.95514639457787,-279.6455900481263,-277.716742039905,-185.990096997166
-285.1845955726825,-285.1845955726825,-281.5730778963833,-277.87225283658125,-185.990096997166
-287.84128769428514,-287.84128769428514,-281.1061291427294,-278.5193486132384,-185.990096997166
-286.6201927843186,-286.6201927843186,-286.8556470052669,-279.37679065150746,-185.990096997166
-281.33431587514224,-281.33431587514224,-280.93224460225576,-278.6486182851658,-185.990096997166
-291.31153332841905,-291.31153332841905,-274.7597378948578,-278.0671666294709,-185.990096997166
-281.91613767948746,-281.91613767948746,-274.07641150937957,-278.4644228695937,-185.990096997166
-282.9094171886232,-282.9094171886232,-264.73589192178883,-278.712697850922,-185.990096997166
-284.24223481943983,-284.24223481943983,-264.92502349777095,-280.0176305269214,-185.990096997166
-286.71221342646726,-286.71221342646726,-264.2676857479341,-281.1906965121495,-185.990096997166
-286.9907323518478,-286.9907323518478,-269.25292115488304,-281.58966132857944,-185.990096997166
-284.7139711871255,-284.7139711871255,-269.30734827350693,-281.056767969774,-185.990096997166
-286.45675556618585,-286.45675556618585,-270.066912880632,-279.845272027457,-185.990096997166
-283.11485972729247,-283.11485972729247,-275.6014666257396,-281.1436954469077,-185.990096997166
-284.84573061412107,-284.84573061412107,-285.8890222135077,-280.75379106909287,-185.990096997166
-285.63083155963136,-285.63083155963136,-290.15345928807443,-281.1980584193203,-185.990096997166
-288.9139277902999,-288.9139277902999,-295.4689831096371,-281.6239219832519,-185.990096997166
-284.2814135806035,-284.2814135806035,-303.1169072515307,-282.6806356926647,-185.990096997166
-289.19965458430636,-289.19965458430636,-306.7167186483959,-284.3222540415712,-185.990096997166
-293.1259069570693,-293.1259069570693,-304.67637259734653,-284.9463759708495,-185.990096997166
-283.4636784637368,-283.4636784637368,-300.0858635866737,-284.5180402587889,-185.990096997166
-288.67240422939756,-288.67240422939756,-297.40464845234885,-283.2746666530709,-185.990096997166
-289.8874506509659,-289.8874506509659,-300.0228401246109,-284.02833293846476,-185.990096997166
-278.443867541823,-278.443867541823,-299.8976050326131,-285.39057552683954,-185.990096997166
-285.87446385139424,-285.87446385139424,-297.51218461038184,-284.67094315781037,-185.990096997166
-289.85675586714484,-289.85675586714484,-291.0340006043458,-283.85151832484803,-185.990096997166
-287.1026630158113,-287.1026630158113,-288.6182776950472,-284.42904991637005,-185.990096997166
-287.5505815185086,-287.5505815185086,-291.14151992842847,-285.65893787818476,-185.990096997166
-285.55201129094485,-285.55201129094485,-288.3976293029913,-287.44504480052603,-185.990096997166
-291.1008123028041,-291.1008123028041,-293.0053266096849,-287.76711612297464,-185.990096997166
-282.6058872070027,-282.6058872070027,-296.4921635354193,-289.03712177784564,-185.990096997166
-287.43390423617643,-287.43390423617643,-301.0995698921346,-288.19583246592566,-185.990096997166
-285.18334681135616,-285.18334681135616,-302.7501332088421,-289.3596450902347,-185.990096997166
-282.6556064897371,-282.6556064897371,-292.82086878304915,-288.6185098587113,-185.990096997166
-295.54134151354725,-295.54134151354725,-289.1668069075432,-287.90074961915946,-185.990096997166
-288.2400960654238,-288.2400960654238,-294.3261526333461,-288.9120679793162,-185.990096997166
-286.90499660922313,-286.90499660922313,-296.2633971758581,-287.6781646971542,-185.990096997166
-286.2775329275601,-286.2775329275601,-293.0347195532014,-287.9623925526077,-185.990096997166
-286.81091706848196,-286.81091706848196,-292.11325533901817,-287.83593667504005,-185.990096997166
-284.796945380072,-284.796945380072,-292.2531340023072,-287.59410246722337,-185.990096997166
-290.65934306588093,-290.65934306588093,-296.13081388124704,-288.32147044126987,-185.990096997166
-284.23510258168386,-284.23510258168386,-298.9109373274763,-289.65911636836995,-185.990096997166
-283.8532767713175,-283.8532767713175,-293.642535104208,-289.5177100922044,-185.990096997166
-287.1522704861603,-287.1522704861603,-304.5448203264003,-291.94408155461383,-185.990096997166
-294.5461666253128,-294.5461666253128,-311.2950498218131,-292.9590616311003,-185.990096997166
-285.7384948533001,-285.7384948533001,-309.04102720134813,-291.8628755243945,-185.990096997166
-289.97663646005793,-289.97663646005793,-307.12383792887465,-292.3101814837593,-185.990096997166
-286.72087660045014,-286.72087660045014,-307.931841813119,-291.99217609361364,-185.990096997166
-291.0469411310265,-291.0469411310265,-305.12926241904717,-291.4563778414447,-185.990096997166
-291.72764544321006,-291.72764544321006,-303.9918700011406,-291.63887779168266,-185.990096997166
-283.7843507990956,-283.7843507990956,-301.73997172127997,-292.7403467759006,-185.990096997166
-287.27062183735416,-287.27062183735416,-292.65812236994464,-291.87612526308226,-185.990096997166
-288.6003384610929,-288.6003384610929,-293.38543873501897,-291.9735720106624,-185.990096997166
-292.4065460372635,-292.4065460372635,-287.95583751382827,-292.1641196563261,-185.990096997166
-290.7843297109251,-290.7843297109251,-281.27801509950723,-293.0282157305506,-185.990096997166
-293.29709089220216,-293.29709089220216,-285.5267510684024,-294.01627815910336,-185.990096997166
-284.28653294176127,-284.28653294176127,-289.9236043707932,-295.47962005604205,-185.990096997166
-286.6530973489531,-286.6530973489531,-290.1360251949709,-297.07220274825005,-185.990096997166
-292.4881142414464,-292.4881142414464,-285.84066413337143,-295.6395059685648,-185.990096997166
-293.0642985193022,-293.0642985193022,-281.58041606554036,-295.1014238552039,-185.990096997166
-287.62295987571997,-287.62295987571997,-273.2376308772672,-293.5372887203774,-185.990096997166
-291.95833384151985,-291.95833384151985,-280.25776366877454,-294.0662083421357,-185.990096997166
-285.7404392717359,-285.7404392717359,-284.3193726253491,-294.8240639596058,-185.990096997166
-288.1428383587712,-288.1428383587712,-282.76596887563176,-293.59702010630446,-185.990096997166
-292.65701348304236,-292.65701348304236,-283.38435796886216,-292.5272828816215,-185.990096997166
-289.67100392200666,-289.67100392200666,-284.3368072936628,-292.85294776022107,-185.990096997166
-286.9341866641087,-286.9341866641087,-280.7306751986132,-292.5319584738373,-185.990096997166
-289.69556526501,-289.69556526501,-281.00741555141695,-292.6503044082273,-185.990096997166
-290.0096555348528,-290.0096555348528,-287.0078643780574,-291.6977351144971,-185.990096997166
-292.0345999788242,-292.0345999788242,-292.04809655617964,-292.57576864697063,-185.990096997166
-285.5727952485945,-285.5727952485945,-299.66180986185225,-293.4524779754132,-185.990096997166
-292.9637384311018,-292.9637384311018,-298.87760738138616,-294.36080012794326,-185.990096997166
-286.8586869358085,-286.8586869358085,-293.16411676973377,-293.4523192886304,-185.990096997166
-295.55536338001383,-295.55536338001383,-287.48842003542944,-291.1151831068678,-185.990096997166
-291.9927191644336,-291.9927191644336,-291.2652117891982,-291.2778883173848,-185.990096997166
-284.4776369110795,-284.4776369110795,-288.6205310585234,-292.37025385105653,-185.990096997166
-288.14909161907235,-288.14909161907235,-286.2548452961756,-292.05927199406295,-185.990096997166
-283.75368679002656,-283.75368679002656,-286.8215452849402,-291.7863094795297,-185.990096997166
-284.0652463611787,-284.0652463611787,-283.8468901131372,-290.78758727652627,-185.990096997166
-292.2592153473891,-292.2592153473891,-277.5423387351019,-289.4831710720539,-185.990096997166
-289.138677981668,-289.138677981668,-277.2295634339337,-289.599957955116,-185.990096997166
-291.90224251897007,-291.90224251897007,-274.7355490485716,-289.0879959592306,-185.990096997166
-292.520848335457,-292.520848335457,-278.4771401998313,-288.59772068682815,-185.990096997166
-291.2907978670208,-291.2907978670208,-281.58594251963484,-288.8681978541849,-185.990096997166
-292.12409050711744,-292.12409050711744,-277.0181265793036,-288.84815225173685,-185.990096997166
-294.8765017123591,-294.8765017123591,-274.79314567428753,-288.4636524592449,-185.990096997166
-286.6832777840225,-286.6832777840225,-280.40738119113905,-288.8880687971191,-185.990096997166
-287.29935819924674,-287.29935819924674,-278.7526091856831,-288.929887406026,-185.990096997166
-286.41448385286674,-286.41448385286674,-283.6174141641509,-289.0884190415528,-185.990096997166
-293.59621141104793,-293.59621141104793,-288.94337437183236,-288.821219145959,-185.990096997166
-291.71688032072296,-291.71688032072296,-292.4198534469719,-288.857765868261,-185.990096997166
-288.75044235645123,-288.75044235645123,-291.88809095631956,-287.68342668499935,-185.990096997166
-288.88843038902866,-288.88843038902866,-291.6398845940057,-288.19719058478773,-185.990096997166
-283.9670498217293,-283.9670498217293,-289.79747281281743,-285.9187283514683,-185.990096997166
-290.09400176587127,-290.09400176587127,-292.43320557396936,-285.0757834021681,-185.990096997166
-290.5337989698199,-290.5337989698199,-297.5870798399884,-286.1728629869729,-185.990096997166
-293.96599582391826,-293.96599582391826,-299.54876432102117,-287.37305407554845,-185.990096997166
-289.6036134533537,-289.6036134533537,-304.98302957601464,-288.3401249586052,-185.990096997166
-291.7233387138688,-291.7233387138688,-299.2969557269025,-287.9219577031239,-185.990096997166
-298.52516707468084,-298.52516707468084,-296.5360954139379,-287.33006422851844,-185.990096997166
-286.98983322684654,-286.98983322684654,-294.39852361206783,-287.38947624641855,-185.990096997166
-289.26543667580563,-289.26543667580563,-303.1707250247373,-289.78594721595783,-185.990096997166
-287.80226487403957,-287.80226487403957,-298.51277363478783,-289.22265756474155,-185.990096997166
-286.2216756958611,-286.2216756958611,-299.415689761747,-288.21069880105205,-185.990096997166
-292.0049568304184,-292.0049568304184,-297.6985172679341,-288.35988383585345,-185.990096997166
-292.5870507433201,-292.5870507433201,-297.58166973960454,-288.5838467212134,-185.990096997166
-286.490181015707,-286.490181015707,-296.798849990455,-288.74810319948085,-185.990096997166
-286.8788131825489,-286.8788131825489,-294.7306459075632,-289.25904910112365,-185.990096997166
-291.61885657395817,-291.61885657395817,-300.16965599512366,-290.78775607547436,-185.990096997166
-292.98051527245553,-292.98051527245553,-298.6702349111089,-290.74802799763216,-185.990096997166
-288.1786208175092,-288.1786208175092,-289.7594620975262,-290.6938424904704,-185.990096997166
-289.0851207426364,-289.0851207426364,-286.1535516672453,-290.965104815652,-185.990096997166
-286.28524221820624,-286.28524221820624,-283.1564450665212,-288.99007205297596,-185.990096997166
-291.51976281986043,-291.51976281986043,-285.59253132435754,-288.77601129079727,-185.990096997166
-287.39201795427425,-287.39201795427425,-290.6310882229883,-289.80922988667874,-185.990096997166
-291.5598401596132,-291.5598401596132,-291.95446345512426,-290.1073779535056,-185.990096997166
-291.4822526575446,-291.4822526575446,-290.8587264318475,-290.7737134461277,-185.990096997166
-289.68325071003846,-289.68325071003846,-288.7289833106846,-290.80336265297717,-185.990096997166
-291.6464184521338,-291.6464184521338,-289.1234634476918,-291.2108758894012,-185.990096997166
-295.89524275073694,-295.89524275073694,-285.7931269947334,-289.4970340853429,-185.990096997166
-285.7407388395663,-285.7407388395663,-283.9027122423337,-287.54202296656666,-185.990096997166
-290.35378199861924,-290.35378199861924,-284.78757648386784,-288.1470986361483,-185.990096997166
-286.54564000476006,-286.54564000476006,-288.857581387164,-288.128764976462,-185.990096997166
-293.32388529176455,-293.32388529176455,-290.1684844817647,-289.31202418006427,-185.990096997166
-292.2033207059805,-292.2033207059805,-288.3298020355148,-289.2221479359421,-185.990096997166
-289.90767337046185,-289.90767337046185,-284.05434507466896,-289.1941407567347,-185.990096997166
-291.8456900672331,-291.8456900672331,-283.7744911727536,-290.27764262144325,-185.990096997166
-290.79895829700075,-290.79895829700075,-283.1317782625482,-290.0654092484987,-185.990096997166
-290.0033198320992,-290.0033198320992,-282.4627895569557,-290.934055778165,-185.990096997166
-288.2655873805759,-288.2655873805759,-284.02519290256953,-290.7936049188364,-185.990096997166
-283.659242042691,-283.659242042691,-286.55509748954825,-289.40712977768953,-185.990096997166
-294.57988005879156,-294.57988005879156,-285.84795255374866,-290.3695793371837,-185.990096997166
-287.035364100058,-287.035364100058,-286.47051296873474,-289.7274395302427,-185.990096997166
-289.5274913478763,-289.5274913478763,-282.81984818371325,-289.55880531288,-185.990096997166
-286.5743282979366,-286.5743282979366,-279.1175381047991,-289.64203024104114,-185.990096997166
-288.51956458978935,-288.51956458978935,-283.047733411434,-290.84505830416407,-185.990096997166
-279.55431348324515,-279.55431348324515,-283.69344760541156,-290.9348559042978,-185.990096997166
-284.85326252121035,-284.85326252121035,-280.3966439309839,-290.39421619755893,-185.990096997166
-298.54174931060214,-298.54174931060214,-281.97635472727285,-290.60584389078934,-185.990096997166
-292.29537173791584,-292.29537173791584,-283.8539942096144,-289.77572888639287,-185.990096997166
-292.1998248901606,-292.1998248901606,-287.7953280508658,-288.48222469846837,-185.990096997166
-294.80977745296866,-294.80977745296866,-286.41417635058707,-289.27479641603725,-185.990096997166
-290.9137929016659,-290.9137929016659,-287.95363736725375,-288.99019008489233,-185.990096997166
-292.594498583465,-292.594498583465,-291.40445785458917,-289.8802023212343,-185.990096997166
-295.818643356271,-295.818643356271,-297.67925578424746,-290.69124028309676,-185.990096997166
-291.14691244711537,-291.14691244711537,-288.4083731309129,-289.0093169623489,-185.990096997166
-287.9520851844035,-287.9520851844035,-288.3561455105516,-288.69633214220386,-185.990096997166
-288.4002136462347,-288.4002136462347,-294.8873041908717,-288.3750711205303,-185.990096997166
-290.02086497660594,-290.02086497660594,-288.64499771444906,-288.47545228829864,-185.990096997166
-288.5173353929132,-288.5173353929132,-288.2092706084999,-288.11036392530525,-185.990096997166
-289.19352854890514,-289.19352854890514,-290.4809461618921,-287.6987092084332,-185.990096997166
-285.6345647937898,-285.6345647937898,-287.32663581469507,-286.10597857402877,-185.990096997166
-287.7250901140954,-287.7250901140954,-284.7547675263083,-286.23858886319636,-185.990096997166
-289.9214351184868,-289.9214351184868,-288.553246580118,-287.7077136849086,-185.990096997166
-286.4986987391232,-286.4986987391232,-287.97653611863814,-288.74684405323757,-185.990096997166
-287.63860650611537,-287.63860650611537,-295.0884144503226,-288.51066590449256,-185.990096997166
-291.3881739573162,-291.3881739573162,-297.0970722584891,-288.7559765958107,-185.990096997166
-291.9125271843821,-291.9125271843821,-290.52374280788376,-287.53369050059445,-185.990096997166
-294.403235645295,-294.403235645295,-296.3881736858214,-287.71915582643817,-185.990096997166
-288.13398051244576,-288.13398051244576,-298.5486407299309,-288.0860450890696,-185.990096997166
-291.2567051090091,-291.2567051090091,-295.2279602992285,-288.7924088487736,-185.990096997166
-290.2738500753178,-290.2738500753178,-297.2985221925253,-288.33497267908473,-185.990096997166
-285.9042117188744,-285.9042117188744,-300.154796316281,-289.63825911314837,-185.990096997166
-285.43967006041936,-285.43967006041936,-295.2639115405532,-289.6419897281477,-185.990096997166
-288.47453292413286,-288.47453292413286,-288.4351854815223,-288.30766350494434,-185.990096997166
-283.2679041250992,-283.2679041250992,-290.42558369440707,-288.2048899523491,-185.990096997166
-290.84352456057167,-290.84352456057167,-288.74819852294456,-288.33387101403,-185.990096997166
-285.80141721776687,-285.80141721776687,-285.2131468502135,-286.8305232085002,-185.990096997166
-289.63783403093856,-289.63783403093856,-282.4341744565788,-286.38129802821555,-185.990096997166
-290.31846918134676,-290.31846918134676,-278.366193396645,-286.60065836945193,-185.990096997166
-292.8053934264933,-292.8053934264933,-282.9166005685503,-288.5951865140169,-185.990096997166
-291.2674321874255,-291.2674321874255,-278.3630451070949,-287.0500664037301,-185.990096997166
-294.73702748076664,-294.73702748076664,-278.66466854042073,-287.59967654379966,-185.990096997166
-289.1416863535049,-289.1416863535049,-276.1174631904909,-286.83178546989285,-185.990096997166
-293.6066155791557,-293.6066155791557,-280.20796456279083,-286.68329601039954,-185.990096997166
-290.762202824901,-290.762202824901,-275.9423846575862,-286.58249786893253,-185.990096997166
-288.8424531212649,-288.8424531212649,-272.6992850584756,-286.11882979117445,-185.990096997166
-291.96292263436817,-291.96292263436817,-275.5999626673571,-285.32416008946194,-185.990096997166
-288.6556945690976,-288.6556945690976,-277.3370913634548,-285.3561583895154,-185.990096997166
-286.4137685161566,-286.4137685161566,-278.1712547815765,-285.42987074525337,-185.990096997166
-283.60744667216466,-283.60744667216466,-278.5834235021548,-287.00085171653825,-185.990096997166
-289.2222574144014,-289.2222574144014,-290.0431447758836,-287.88910484815716,-185.990096997166
-286.52047131493555,-286.52047131493555,-291.65276097926335,-288.6361261459054,-185.990096997166
-289.0887713364432,-289.0887713364432,-295.9681814410618,-289.46145212136264,-185.990096997166
-288.3683218023759,-288.3683218023759,-299.66233002543504,-290.79225439452676,-185.990096997166
-284.1906511142802,-284.1906511142802,-298.623756671144,-289.69770252087454,-185.990096997166
-288.6139486219491,-288.6139486219491,-299.9026305865733,-289.36066638740687,-185.990096997166
-289.7118813092752,-289.7118813092752,-303.48457112338133,-289.94174552794146,-185.990096997166
-291.3482403538777,-291.3482403538777,-308.78614842514634,-290.71811712909005,-185.990096997166
-294.01395649465144,-294.01395649465144,-306.45734795691635,-289.95054149471366,-185.990096997166
-288.3304108971257,-288.3304108971257,-310.49255076225893,-291.5402962588169,-185.990096997166
-293.36817451853483,-293.36817451853483,-307.81807445077936,-292.1698844681956,-185.990096997166
-288.9487923823615,-288.9487923823615,-305.0177276308808,-292.0489441986308,-185.990096997166
-291.5676377587787,-291.5676377587787,-305.7310629133508,-292.326773133115,-185.990096997166
-284.74765407565724,-284.74765407565724,-300.0851143308024,-291.2734261038377,-185.990096997166
-289.97561151932297,-289.97561151932297,-307.1146473325101,-293.43895736119407,-185.990096997166
-290.3400853465751,-290.3400853465751,-309.72959484775066,-293.6353562548466,-185.990096997166
-287.16095452383627,-287.16095452383627,-310.5643329214775,-293.0771512740626,-185.990096997166
-292.57310101723715,-292.57310101723715,-310.32459618992834,-295.0540368241859,-185.990096997166
-291.3079005849293,-291.3079005849293,-320.60154712703763,-296.4289967984213,-185.990096997166
-287.6228308147099,-287.6228308147099,-315.71638351300254,-296.587383729039,-185.990096997166
-291.3736853261227,-291.3736853261227,-310.0295285473939,-296.7104630147354,-185.990096997166
-292.388143772172,-292.388143772172,-303.5433482024143,-295.806660333852,-185.990096997166
-292.92945889697995,-292.92945889697995,-309.53949835913687,-296.5240234889187,-185.990096997166
-287.6069385193192,-287.6069385193192,-307.7817411639325,-295.23446711289665,-185.990096997166
-288.62886442559005,-288.62886442559005,-302.52983978385777,-294.927242427901,-185.990096997166
-290.3740169830731,-290.3740169830731,-296.0761975700545,-293.4311813171597,-185.990096997166
-286.47769958311073,-286.47769958311073,-295.17688572579925,-294.00777985764574,-185.990096997166
-283.9164988158576,-283.9164988158576,-285.8763066903686,-292.9516634250954,-185.990096997166
-291.92836837022776,-291.92836837022776,-282.11702413397,-293.14267347922913,-185.990096997166
-291.7870656971134,-291.7870656971134,-283.47285144122964,-294.2363619574392,-185.990096997166
-289.2029156764539,-289.2029156764539,-283.7249972514488,-293.99575802652015,-185.990096997166
-291.56175502238443,-291.56175502238443,-283.1823429443201,-292.4121696594598,-185.990096997166
-285.8026631589753,-285.8026631589753,-272.69766467691886,-292.01077411619184,-185.990096997166
-287.2214205211026,-287.2214205211026,-278.60005625990556,-293.2674412685733,-185.990096997166
-286.7526524300829,-286.7526524300829,-280.89507014230986,-293.0211397174816,-185.990096997166
-289.8725136079427,-289.8725136079427,-288.2639327959525,-293.33432817176134,-185.990096997166
-285.53171099662524,-285.53171099662524,-293.7792663671871,-295.7210037610405,-185.990096997166
-292.63900536766863,-292.63900536766863,-298.53183719383526,-296.1711959725467,-185.990096997166
-288.8148728750377,-288.8148728750377,-292.44561774443827,-295.9585583487878,-185.990096997166
-289.34072511776543,-289.34072511776543,-288.15027130909306,-295.2830961055478,-185.990096997166
-285.81162191283363,-285.81162191283363,-291.7922806268492,-296.681605130471,-185.990096997166
-290.46340847837416,-290.46340847837416,-299.7556176020562,-296.6303594717869,-185.990096997166
-287.236876141447,-287.236876141447,-301.62228546180967,-297.1117385704556,-185.990096997166
-284.3613048971176,-284.3613048971176,-306.5484900122009,-298.5355463584553,-185.990096997166
-290.4988097488101,-290.4988097488101,-305.11298389855267,-298.8552595656749,-185.990096997166
-289.63379885455976,-289.63379885455976,-299.4397101628791,-298.682413192642,-185.990096997166
-287.87155430862157,-287.87155430862157,-291.7610461810827,-298.95322046378556,-185.990096997166
-290.0076056943754,-290.0076056943754,-289.672752510184,-298.6383282018925,-185.990096997166
-286.4566178525028,-286.4566178525028,-300.8670743155451,-300.4977222555815,-185.990096997166
-296.305421952122,-296.305421952122,-310.20260370259786,-301.6069321456364,-185.990096997166
-287.3924555747535,-287.3924555747535,-307.9692676249463,-300.26682970028355,-185.990096997166
-286.8655136565031,-286.8655136565031,-308.72984840438005,-300.04577695681024,-185.990096997166
-288.21261843361896,-288.21261843361896,-308.8689479392557,-299.69189187009437,-185.990096997166
-291.00500517813447,-291.00500517813447,-301.02497820872287,-298.80807599511286,-185.990096997166
-288.3031208311705,-288.3031208311705,-299.0665756729696,-298.94382336604,-185.990096997166
-289.59230656217073,-289.59230656217073,-301.37012613507767,-298.97591230234286,-185.990096997166
-285.6998438863426,-285.6998438863426,-299.76053195063525,-298.20841262923636,-185.990096997166
-292.0621538220694,-292.0621538220694,-305.35357455039923,-297.9518134269431,-185.990096997166
-288.52755764897864,-288.52755764897864,-299.5052977225222,-299.10731220870264,-185.990096997166
-286.74929157755776,-286.74929157755776,-289.17779106219183,-297.343980205623,-185.990096997166
-286.9153015900628,-286.9153015900628,-288.6898799152227,-296.4411907931722,-185.990096997166
-285.47219959352833,-285.47219959352833,-290.16024429470747,-297.0742802895756,-185.990096997166
-294.637413194131,-294.637413194131,-298.664236584565,-298.27852660433723,-185.990096997166
-291.3065992670492,-291.3065992670492,-301.99483372206134,-299.19001987336463,-185.990096997166
-289.77082244011217,-289.77082244011217,-307.09988729172466,-298.9408713578829,-185.990096997166
-288.92451359811673,-288.92451359811673,-306.0002195014999,-298.2300372330927,-185.990096997166
-294.8103887775496,-294.8103887775496,-308.842727985513,-297.86409164204343,-185.990096997166
-289.6973900683522,-289.6973900683522,-305.16057768367057,-296.9190097256915,-185.990096997166
-290.02083797926315,-290.02083797926315,-306.7957929626617,-296.3461613758274,-185.990096997166
-286.05328279071614,-286.05328279071614,-310.2245780086138,-296.2456191047452,-185.990096997166
-285.0928497648142,-285.0928497648142,-312.9080172582772,-297.0168885353488,-185.990096997166
-285.5811535987403,-285.5811535987403,-307.18127560852906,-297.8018657707985,-185.990096997166
-291.3369203158404,-291.3369203158404,-300.442604389856,-296.45914781048106,-185.990096997166
-285.4191839247008,-285.4191839247008,-299.16736946953773,-297.46714553448567,-185.990096997166
-288.5787478148477,-288.5787478148477,-290.27157412538776,-296.48921822618894,-185.990096997166
-286.023202411327,-286.023202411327,-284.6552486123288,-295.94584744154764,-185.990096997166
-288.5928517578796,-288.5928517578796,-284.79120105581734,-295.7869547080471,-185.990096997166
-286.30868629428863,-286.30868629428863,-282.77309702875755,-296.2983677933693,-185.990096997166
-280.89412268684663,-280.89412268684663,-274.8040625926339,-294.88356906756025,-185.990096997166
-288.174392649685,-288.174392649685,-276.68364880081845,-294.887778576663,-185.990096997166
-286.9664259684194,-286.9664259684194,-273.4765388277892,-294.9671968506169,-185.990096997166
-283.82932772594313,-283.82932772594313,-276.11190011804325,-296.3877772055432,-185.990096997166
-293.0678819694274,-293.0678819694274,-275.6073505640508,-297.0410849879074,-185.990096997166
-285.8909441520814,-285.8909441520814,-269.3690644059708,-295.6209471636987,-185.990096997166
-290.3807323129915,-290.3807323129915,-273.6434050122556,-295.0388852001781,-185.990096997166
-286.7132643789977,-286.7132643789977,-281.29976710801964,-294.55301430396105,-185.990096997166
-283.5188932525605,-283.5188932525605,-273.26390033975264,-291.6838815025602,-185.990096997166
-283.91839684575723,-283.91839684575723,-273.8813494127584,-291.368270237154,-185.990096997166
-289.98154618827857,-289.98154618827857,-281.4409702784619,-292.68263957436494,-185.990096997166
-286.73796056511816,-286.73796056511816,-272.09379659194127,-291.67648363323264,-185.990096997166
-285.16799433933375,-285.16799433933375,-274.7803160129218,-291.56480392783146,-185.990096997166
-291.3565246084346,-291.3565246084346,-269.9645586454588,-290.4295654142237,-185.990096997166
-285.0264573224633,-285.0264573224633,-272.8083875038651,-291.2783053963185,-185.990096997166
-288.9357403872553,-288.9357403872553,-278.1862752025407,-289.94850420176664,-185.990096997166
-291.122830107209,-291.122830107209,-281.62044325582474,-290.3403770716325,-185.990096997166
-287.8800029646589,-287.8800029646589,-280.1056195358238,-290.68619617855,-185.990096997166
-285.9421675989534,-285.9421675989534,-285.17228239859867,-290.3661287460634,-185.990096997166
-291.6871848187922,-291.6871848187922,-285.9528824409846,-290.62429622331405,-185.990096997166
-288.5374838258091,-288.5374838258091,-289.53480838896724,-290.41618638904936,-185.990096997166
-289.9977934796311,-289.9977934796311,-294.6088861804156,-288.5577401287962,-185.990096997166
-285.2460498086119,-285.2460498086119,-291.45379556241437,-288.26170951532504,-185.990096997166
-288.2832070067204,-288.2832070067204,-300.41249703200157,-288.766095139748,-185.990096997166
-280.98044071857237,-280.98044071857237,-294.9911583141081,-288.50274747128896,-185.990096997166
-289.0090161267213,-289.0090161267213,-291.1006973507294,-287.96364803016803,-185.990096997166
-283.835994626274,-283.835994626274,-288.58889600608023,-288.2448411382546,-185.990096997166
-291.81020328397943,-291.81020328397943,-285.876458500942,-287.58746265172283,-185.990096997166
-290.6633445351851,-290.6633445351851,-288.2552741376156,-288.06507718345944,-185.990096997166
-284.3809961820487,-284.3809961820487,-279.50415139768506,-285.45441159277124,-185.990096997166
-289.62566517076056,-289.62566517076056,-274.5658731853528,-285.4283014816155,-185.990096997166
-286.82190398879953,-286.82190398879953,-271.7773167641111,-285.07764526918004,-185.990096997166
-290.6348492438905,-290.6348492438905,-272.23452317830777,-284.97063816794207,-185.990096997166
-282.5760516728814,-282.5760516728814,-263.94732144045014,-283.5235105688966,-185.990096997166
-290.4489660344716,-290.4489660344716,-263.22724715229646,-281.41534958483527,-185.990096997166
-288.24661354644763,-288.24661354644763,-264.2118440919294,-280.4070501041416,-185.990096997166
-286.86627547067513,-286.86627547067513,-265.23871520467594,-279.87260672084483,-185.990096997166
-285.50246678162677,-285.50246678162677,-266.71198600375544,-279.72981595217396,-185.990096997166
-283.0593153934332,-283.0593153934332,-266.30927401447167,-279.5583863892512,-185.990096997166
-287.7525147551374,-287.7525147551374,-274.72715952554887,-279.36772796114684,-185.990096997166
-287.7382177774487,-287.7382177774487,-273.1920740553438,-278.70755770015194,-185.990096997166
-289.3020694732748,-289.3020694732748,-277.14035286766966,-278.46080024099126,-185.990096997166
-285.454271684677,-285.454271684677,-276.94304543385607,-277.77764380305786,-185.990096997166
-288.7828490235303,-288.7828490235303,-279.6088373906024,-278.0090229253112,-185.990096997166
-285.0871305412217,-285.0871305412217,-285.1418974656147,-278.35520819998703,-185.990096997166
-289.34562566865316,-289.34562566865316,-285.08898228759557,-277.59137266775315,-185.990096997166
-291.71767640806416,-291.71767640806416,-281.039737400497,-278.02623937586674,-185.990096997166
-292.2586738136835,-292.2586738136835,-281.5864715112575,-279.1160605319597,-185.990096997166
-289.69081307058275,-289.69081307058275,-286.23626176556274,-279.8473985312002,-185.990096997166
-286.25656487354865,-286.25656487354865,-283.74660380308046,-279.5624293160115,-185.990096997166
-292.6277200673518,-292.6277200673518,-284.7468012273706,-280.69610542709927,-185.990096997166
-287.95176808094936,-287.95176808094936,-290.1327265815373,-281.15061579713495,-185.990096997166
-288.58417861333425,-288.58417861333425,-288.24029895871615,-280.73039582924326,-185.990096997166
-284.37409901545664,-284.37409901545664,-292.195129162642,-281.2256687342309,-185.990096997166
-285.6054920191927,-285.6054920191927,-286.6617888387243,-280.56609585492174,-185.990096997166
-283.13559632609986,-283.13559632609986,-287.3258880174164,-281.18273739004223,-185.990096997166
-288.302014815963,-288.302014815963,-290.0452650099168,-281.3066113753989,-185.990096997166
-282.22337364551544,-282.22337364551544,-290.6503964696843,-280.98618640429265,-185.990096997166
-288.2502046605694,-288.2502046605694,-287.0477235274983,-282.6041631687494,-185.990096997166
-289.91747380083217,-289.91747380083217,-286.9580579873954,-282.17777103093886,-185.990096997166
-283.68948991186994,-283.68948991186994,-290.9584930367739,-282.5996099787617,-185.990096997166
-284.4876384676311,-284.4876384676311,-282.97339077840127,-283.326534634427,-185.990096997166
-285.00033504951955,-285.00033504951955,-280.48103738505733,-281.8705401036704,-185.990096997166
-288.17867460511326,-288.17867460511326,-276.6611682478956,-282.5649906547183,-185.990096997166
-283.19362093262447,-283.19362093262447,-274.55501054062904,-280.91542046227454,-185.990096997166
-291.7127387423076,-291.7127387423076,-274.7890026489947,-280.5032828793331,-185.990096997166
-289.1056624261786,-289.1056624261786,-279.2052963561905,-280.8235819954721,-185.990096997166
-287.6032246840198,-287.6032246840198,-280.44190532084474,-281.05344356129683,-185.990096997166
-289.65675078133654,-289.65675078133654,-275.15484352832175,-280.600675394694,-185.990096997166
-286.21859406537897,-286.21859406537897,-279.96786686797526,-280.980767916337,-185.990096997166
-290.3733369937642,-290.3733369937642,-278.84100877748625,-280.4608500564655,-185.990096997166
-288.95052052420675,-288.95052052420675,-282.5939381391167,-280.92354502616723,-185.990096997166
-288.562629627322,-288.562629627322,-291.7348362313868,-281.92674823746484,-185.990096997166
-295.98999883572463,-295.98999883572463,-291.41187303493064,-280.76486585530415,-185.990096997166
-289.85926670682306,-289.85926670682306,-298.9445698176707,-281.7061027629871,-185.990096997166
-285.89061921778773,-285.89061921778773,-302.50795916171256,-282.7847352415297,-185.990096997166
-289.17317086541846,-289.17317086541846,-293.67469903234996,-281.84074260072606,-185.990096997166
-287.1642575026624,-287.1642575026624,-289.9379205883915,-281.86573597878674,-185.990096997166
-287.0418426431598,-287.0418426431598,-291.8981273922809,-281.3292460456271,-185.990096997166
-284.54810030827616,-284.54810030827616,-286.71181054011436,-282.4222997448229,-185.990096997166
-289.60007641492905,-289.60007641492905,-282.09731659461517,-281.967138738318,-185.990096997166
-284.00380608484903,-284.00380608484903,-278.40598232817126,-282.24927813897926,-185.990096997166
-291.75592195053673,-291.75592195053673,-279.1442010356015,-283.30868380892355,-185.990096997166
-289.3657847186701,-289.3657847186701,-280.56978211960063,-284.08935799113425,-185.990096997166
-292.6820336702983,-292.6820336702983,-277.1383955231953,-284.4883324371669,-185.990096997166
-287.9831675649843,-287.9831675649843,-269.66077901941765,-283.8745222270274,-185.990096997166
-287.55685982195297,-287.55685982195297,-273.5630561860213,-283.50561079699514,-185.990096997166
-290.47206846420244,-290.47206846420244,-269.06418834880094,-282.3361764477958,-185.990096997166
-291.29210539761607,-291.29210539761607,-271.7331902556834,-282.4140292938695,-185.990096997166
-287.6920556022212,-287.6920556022212,-276.0001042874924,-282.6768886972116,-185.990096997166
-287.93486746494614,-287.93486746494614,-279.90333421142725,-283.3093907695347,-185.990096997166
-288.15773244424815,-288.15773244424815,-279.50685693045614,-282.72257895153655,-185.990096997166
-286.87980162775716,-286.87980162775716,-274.27964365869474,-282.7760034538913,-185.990096997166
-295.16376948166277,-295.16376948166277,-272.4074833788113,-282.64908718877604,-185.990096997166
-293.5322786252414,-293.5322786252414,-278.61218089859335,-283.18238912376256,-185.990096997166
-284.53211775662834,-284.53211775662834,-280.23660497108,-282.90404676372424,-185.990096997166
-282.52192385326293,-282.52192385326293,-277.3919974377163,-282.77606280443905,-185.990096997166
-293.1079971690191,-293.1079971690191,-286.5388227546106,-283.3266466964664,-185.990096997166
-294.50429894802414,-294.50429894802414,-282.59344521812716,-281.6854659843823,-185.990096997166
-281.6779574455153,-281.6779574455153,-276.6967557495968,-281.2669190865148,-185.990096997166
-282.2091140875432,-282.2091140875432,-278.12529283550106,-281.9850890911607,-185.990096997166
-289.94871669710216,-289.94871669710216,-278.6191876509539,-280.4198711654198,-185.990096997166
-293.0807867298336,-293.0807867298336,-280.1409049235008,-281.15612464684824,-185.990096997166
-288.51571064708963,-288.51571064708963,-279.0924465210277,-280.02855066045316,-185.990096997166
-288.81948014002006,-288.81948014002006,-276.2669431709434,-281.10341999020636,-185.990096997166
-282.8082406806345,-282.8082406806345,-277.81193520114647,-281.0012562004702,-185.990096997166
-278.3864475767637,-278.3864475767637,-281.79866673776587,-281.1267431500088,-185.990096997166
-284.0888464527523,-284.0888464527523,-287.0040927618294,-282.59738595489546,-185.990096997166
-289.305663351769,-289.305663351769,-288.7148294381863,-282.0188871665199,-185.990096997166
-286.1650607683956,-286.1650607683956,-296.4035903844972,-283.15602556593524,-185.990096997166
-287.80654942511,-287.80654942511,-291.55530244894805,-282.10445097359553,-185.990096997166
-287.2397940027101,-287.2397940027101,-291.5105427147422,-282.1273015526881,-185.990096997166
-288.6267868661421,-288.6267868661421,-291.7560557925052,-283.4111283283378,-185.990096997166
-287.6195472008152,-287.6195472008152,-298.2738161807713,-284.3510802470283,-185.990096997166
-285.33611257538473,-285.33611257538473,-290.96708752213493,-284.38583538650755,-185.990096997166
-289.5396338825712,-289.5396338825712,-287.8444569647358,-283.61234706361853,-185.990096997166
-292.8039211774818,-292.8039211774818,-291.34626543206747,-283.55493696518425,-185.990096997166
-288.3975346312082,-288.3975346312082,-286.15282471879743,-283.739569834486,-185.990096997166
-287.75413385216956,-287.75413385216956,-292.52906345588565,-285.4937311520327,-185.990096997166
-290.41175229893247,-290.41175229893247,-291.1099322004778,-285.3844386324357,-185.990096997166
-290.4230266165043,-290.4230266165043,-289.5988255606977,-284.25601433023786,-185.990096997166
-294.51121745320853,-294.51121745320853,-291.9096641198922,-283.9904467488431,-185.990096997166
-289.0591628663912,-289.0591628663912,-293.77784043540146,-283.8197291691407,-185.990096997166
-286.8276619632293,-286.8276619632293,-290.7435903968823,-284.2174237194187,-185.990096997166
-288.9824367275201,-288.9824367275201,-292.7967233572878,-283.15626609443103,-185.990096997166
-298.24443652052446,-298.24443652052446,-294.4308822649627,-281.99693168426853,-185.990096997166
-285.68143468376604,-285.68143468376604,-291.72436473995214,-283.1648701067046,-185.990096997166
-289.88701136972713,-289.88701136972713,-289.564331027142,-283.66485192223604,-185.990096997166
-286.3049300507709,-286.3049300507709,-283.6837589458861,-283.8508574627537,-185.990096997166
-285.77836680919745,-285.77836680919745,-282.12707719111495,-284.46749196263585,-185.990096997166
-290.5648509053339,-290.5648509053339,-289.83933826471366,-285.8044186642576,-185.990096997166
-292.8904981220629,-292.8904981220629,-288.83979062487214,-286.07720840818337,-185.990096997166
-290.09024477335817,-290.09024477335817,-292.8503373368559,-286.56095642939164,-185.990096997166
-285.00552637326456,-285.00552637326456,-287.20270026384213,-285.544007348267,-185.990096997166
-291.2881377223182,-291.2881377223182,-286.65603429787916,-285.05979384936774,-185.990096997166
-286.7152738642556,-286.7152738642556,-292.6392947818172,-286.5926348367484,-185.990096997166
-288.34294931398205,-288.34294931398205,-286.4427149861868,-285.7408018667377,-185.990096997166
-290.81309646834666,-290.81309646834666,-289.30643917004534,-287.71330208648493,-185.990096997166
-283.08112284687354,-283.08112284687354,-297.81499824897566,-289.0672190614121,-185.990096997166
-289.38984047699205,-289.38984047699205,-299.2628248246192,-289.1200360700612,-185.990096997166
-291.96555787227635,-291.96555787227635,-298.74160231071846,-289.57207228411573,-185.990096997166
-287.9302834900585,-287.9302834900585,-304.83606909842484,-291.1430508417771,-185.990096997166
-292.9315900698937,-292.9315900698937,-299.9367310925985,-291.69237391617236,-185.990096997166
-287.22712069126857,-287.22712069126857,-302.5861355838919,-291.57973778928306,-185.990096997166
-294.4805401254553,-294.4805401254553,-315.0514967803736,-292.3476570257238,-185.990096997166
-293.4393315722455,-293.4393315722455,-317.1311036919797,-293.9715345809284,-185.990096997166
-291.45220545878556,-291.45220545878556,-324.1357852793078,-295.08955943505606,-185.990096997166
-286.43438155223333,-286.43438155223333,-321.95237356755814,-294.79601224907447,-185.990096997166
-291.4632746000859,-291.4632746000859,-317.38972753991374,-296.02647552576946,-185.990096997166
-290.710207840916,-290.710207840916,-315.9025982455747,-296.9612045692568,-185.990096997166
-286.4210825335452,-286.4210825335452,-310.2851575980375,-296.0040452366231,-185.990096997166
-288.23240441493436,-288.23240441493436,-311.34649770113907,-297.6885128518141,-185.990096997166
-289.8627926480868,-289.8627926480868,-311.52597643091195,-297.96938821765457,-185.990096997166
-287.50621770237103,-287.50621770237103,-318.5917685980479,-299.4796022046871,-185.990096997166
-285.51204395293496,-285.51204395293496,-310.65794741084045,-299.22585787370315,-185.990096997166
-287.54617846392716,-287.54617846392716,-305.18793194929157,-299.4467339305574,-185.990096997166
-286.0765329622877,-286.0765329622877,-300.84355070467046,-298.8985362284369,-185.990096997166
-294.5764684321598,-294.5764684321598,-297.7245480321482,-296.94010330313824,-185.990096997166
-282.9071162545297,-282.9071162545297,-297.57260122547655,-297.7980298832275,-185.990096997166
-290.364527474299,-290.364527474299,-297.647600228306,-297.2100065380185,-185.990096997166
-293.27047045995766,-293.27047045995766,-304.59966461782983,-298.61291767039944,-185.990096997166
-284.9581500215858,-284.9581500215858,-301.52922521534674,-299.692249351935,-185.990096997166
-287.3068342547804,-287.3068342547804,-295.4788771642526,-298.71395249200407,-185.990096997166
-288.45436595976673,-288.45436595976673,-294.6122507507332,-298.74728911867953,-185.990096997166
-292.1188077806053,-292.1188077806053,-300.8402895431972,-301.20049827791564,-185.990096997166
-292.13306858815025,-292.13306858815025,-302.3061610941081,-302.33907475643184,-185.990096997166
-287.58763642616617,-287.58763642616617,-307.1507589211973,-302.0594349262629,-185.990096997166
-289.6587659684415,-289.6587659684415,-305.8175018474212,-300.873038728863,-185.990096997166
-292.26362183835647,-292.26362183835647,-303.77125586609486,-300.04646836526933,-185.990096997166
-285.8012540968035,-285.8012540968035,-303.4982160455212,-299.68766330702715,-185.990096997166
-291.40494730954805,-291.40494730954805,-296.2920361239313,-299.9515597830461,-185.990096997166
-294.54755898440897,-294.54755898440897,-293.54649542950773,-300.0196156138581,-185.990096997166
-287.79161399601196,-287.79161399601196,-290.38253353769744,-298.03489111246324,-185.990096997166
-291.70889315436926,-291.70889315436926,-287.1200134804608,-298.0225737353952,-185.990096997166
-293.9392591320873,-293.9392591320873,-284.1793349120177,-299.4770205888616,-185.990096997166
-288.8102775984704,-288.8102775984704,-284.42672401413165,-300.3382431062657,-185.990096997166
-291.79707887957056,-291.79707887957056,-282.8755318881134,-300.2896683558952,-185.990096997166
-286.65842950945387,-286.65842950945387,-284.4879506705696,-299.8577626575485,-185.990096997166
-287.62775017303386,-287.62775017303386,-282.467316496681,-299.8031798754284,-185.990096997166
-290.3079631394353,-290.3079631394353,-284.1825169704274,-300.09875126288966,-185.990096997166
-293.22347547018353,-293.22347547018353,-286.1694941462419,-299.21759095935175,-185.990096997166
-292.66198038248365,-292.66198038248365,-288.569996467399,-299.96565678236345,-185.990096997166
-285.7264021723259,-285.7264021723259,-302.1028096904281,-299.8853855831777,-185.990096997166
-285.68551973410996,-285.68551973410996,-300.8620550788429,-300.75444469839533,-185.990096997166
-287.70813028730777,-287.70813028730777,-291.07652951877566,-300.36111963304086,-185.990096997166
-291.2457342246342,-291.2457342246342,-285.51295714096136,-298.9129755780945,-185.990096997166
-289.30126897335833,-289.30126897335833,-284.76177298700384,-299.9534799560586,-185.990096997166
-289.3755166537444,-289.3755166537444,-287.400601273955,-299.47659507833043,-185.990096997166
-292.11732439395377,-292.11732439395377,-289.5946629383642,-298.159112813306,-185.990096997166
-292.7040338186735,-292.7040338186735,-286.41449208501257,-297.52908471496835,-185.990096997166
-289.6997446000626,-289.6997446000626,-283.45609077517236,-296.1604886522426,-185.990096997166
-288.4818944743049,-288.4818944743049,-282.6943679494733,-295.53731655257315,-185.990096997166
-286.81235754556474,-286.81235754556474,-279.1301628694586,-295.72407193854974,-185.990096997166
-290.35788274877245,-290.35788274877245,-280.32371759658474,-296.3019611009339,-185.990096997166
-290.9216226950892,-290.9216226950892,-292.3860790544106,-295.8280360878483,-185.990096997166
-293.5644904271514,-293.5644904271514,-296.07694793477776,-294.70214442665406,-185.990096997166
-291.17876655340285,-291.17876655340285,-295.78698937345115,-294.28372077488723,-185.990096997166
-293.13684566456953,-293.13684566456953,-295.96235232323517,-294.27859082946577,-185.990096997166
-285.3046835696694,-285.3046835696694,-298.04518958054115,-294.2902052214315,-185.990096997166
-286.84450383072004,-286.84450383072004,-291.15574549814266,-292.5797141654819,-185.990096997166
-290.970128525221,-290.970128525221,-296.22737320256107,-293.3489317731472,-185.990096997166
-290.90005607281375,-290.90005607281375,-299.9458891384307,-293.25719484003145,-185.990096997166
-286.50200294645015,-286.50200294645015,-297.6628396230131,-292.9514445769699,-185.990096997166
-290.01185267496055,-290.01185267496055,-294.52790288116023,-291.4891879575564,-185.990096997166
-284.9453822400321,-284.9453822400321,-286.87333162550703,-291.0711129307816,-185.990096997166
-291.3528394197546,-291.3528394197546,-289.23841276503236,-291.51224058980233,-185.990096997166
-285.9075570562659,-285.9075570562659,-286.3510426514348,-291.38521916424014,-185.990096997166
-286.3235261051388,-286.3235261051388,-284.6161368751337,-291.6569085980629,-185.990096997166
-289.99689355411977,-289.99689355411977,-289.63374125228574,-292.70243322679335,-185.990096997166
-291.8690432451028,-291.8690432451028,-301.9858238983383,-293.44735889948845,-185.990096997166
-288.88862128782637,-288.88862128782637,-303.1204684697841,-293.0530925435381,-185.990096997166
-296.7485228312787,-296.7485228312787,-294.4738161790971,-291.84611303278155,-185.990096997166
-290.0347477122978,-290.0347477122978,-304.28903686805694,-294.71347651773084,-185.990096997166
-286.02465301697725,-286.02465301697725,-308.1874693966667,-294.20423168674307,-185.990096997166
-283.1984066583134,-283.1984066583134,-307.2659284826774,-292.35624071867767,-185.990096997166
-289.1058940979732,-289.1058940979732,-311.45114084916014,-293.34123654081264,-185.990096997166
-289.14272022226595,-289.14272022226595,-315.7124917611583,-293.09756573223234,-185.990096997166
-287.0505323305099,-287.0505323305099,-316.45807189479234,-293.7850226075372,-185.990096997166
-286.49963691464836,-286.49963691464836,-306.52332290373397,-293.2528466343212,-185.990096997166
-291.7424455216328,-291.7424455216328,-302.46515931033787,-293.2407475524518,-185.990096997166
-290.23358196729583,-290.23358196729583,-299.63537500604673,-293.7217603199613,-185.990096997166
-291.79724438234075,-291.79724438234075,-303.3136301385538,-293.79953997459074,-185.990096997166
-293.6221079557986,-293.6221079557986,-295.3957762893427,-295.7161250680599,-185.990096997166
-298.84812008044406,-298.84812008044406,-295.33262019220354,-295.84675302909164,-185.990096997166
-287.7188993414196,-287.7188993414196,-289.932160387824,-293.5068058138389,-185.990096997166
-288.6052123775654,-288.6052123775654,-283.95158900191865,-293.24620953837007,-185.990096997166
-285.3198360757317,-285.3198360757317,-276.68936752858065,-291.86033286032574,-185.990096997166
-289.47883267253854,-289.47883267253854,-272.41193115742044,-291.3698187049073,-185.990096997166
-291.743710975863,-291.743710975863,-276.29763213211356,-292.0189097614077,-185.990096997166
-295.9890111439436,-295.9890111439436,-280.8321067378375,-292.5706655059338,-185.990096997166
-285.10065036988686,-285.10065036988686,-279.9223429614418,-292.4723300830012,-185.990096997166
-291.30011567066435,-291.30011567066435,-274.97738902496803,-291.08101848610454,-185.990096997166
-290.34917373940857,-290.34917373940857,-272.84151086620125,-289.8638653032145,-185.990096997166
-292.7115797299282,-292.7115797299282,-280.27911517637676,-291.7301650485984,-185.990096997166
-286.9975996131608,-286.9975996131608,-286.8639798289071,-292.6642958758652,-185.990096997166
-290.0076287952352,-290.0076287952352,-288.97017891149267,-293.9376538924763,-185.990096997166
-294.3832839511458,-294.3832839511458,-299.43752268434537,-294.79548279979406,-185.990096997166
-287.114190954881,-287.114190954881,-302.0794430662319,-294.30558706336274,-185.990096997166
-287.1342384659906,-287.1342384659906,-302.90232866393325,-294.6804429065215,-185.990096997166
-286.69014559165214,-286.69014559165214,-295.666318152554,-294.42103071944206,-185.990096997166
-294.3672403874069,-294.3672403874069,-289.44874345758393,-293.67086061948356,-185.990096997166
-289.88938703081874,-289.88938703081874,-294.76695112750133,-293.4955351217102,-185.990096997166
-283.9756823490984,-283.9756823490984,-298.2785658417643,-293.6935458976757,-185.990096997166
-287.14786702629385,-287.14786702629385,-290.66097715895063,-293.7976169610716,-185.990096997166
-291.7580565734842,-291.7580565734842,-296.9000354225922,-293.56708714950156,-185.990096997166
-289.0224382684839,-289.0224382684839,-286.84657295998124,-292.09157889751697,-185.990096997166
-294.33284460503455,-294.33284460503455,-282.97851132045173,-292.2337871891942,-185.990096997166
-289.01619261855944,-289.01619261855944,-285.6666711394097,-292.2464508265976,-185.990096997166
-293.7146158292429,-293.7146158292429,-288.2566295168732,-292.72273089378797,-185.990096997166
-292.96093699545463,-292.96093699545463,-289.73881648292456,-294.1376449163985,-185.990096997166
-287.64724046241986,-287.64724046241986,-294.7645844331321,-293.3783028655978,-185.990096997166
-292.44113680037447,-292.44113680037447,-295.7263177085474,-292.6516208357336,-185.990096997166
-293.3977126241798,-293.3977126241798,-290.77434812696913,-292.31584759846686,-185.990096997166
-293.2796220220134,-293.2796220220134,-286.8579218998867,-292.2636207648169,-185.990096997166
-286.6656859224256,-286.6656859224256,-278.99694920786067,-291.9918106659723,-185.990096997166
-284.2046633174213,-284.2046633174213,-289.6886776131225,-292.181631867135,-185.990096997166
-290.83507072744237,-290.83507072744237,-284.22744709146843,-291.8090680772009,-185.990096997166
-289.724362763289,-289.724362763289,-283.37572507814775,-291.9983684672004,-185.990096997166
-281.3230721644499,-281.3230721644499,-279.46523528040944,-290.6890296994127,-185.990096997166
-290.20924483545724,-290.20924483545724,-283.06166633691896,-290.35281340411456,-185.990096997166
-287.2542605666102,-287.2542605666102,-285.92316170927734,-289.9388415134964,-185.990096997166
-287.48501573324194,-287.48501573324194,-291.37109270898884,-292.0310761417118,-185.990096997166
-282.19379525161247,-282.19379525161247,-285.0773567169862,-288.47351156825266,-185.990096997166
-283.29834631950456,-283.29834631950456,-287.26880987664316,-288.07988886081216,-185.990096997166
-291.5424294407258,-291.5424294407258,-287.4924891072595,-288.0371227908887,-185.990096997166
-287.2926986000473,-287.2926986000473,-286.86436160332494,-287.26427601796803,-185.990096997166
-281.8359617751285,-281.8359617751285,-292.67394005472937,-287.2013577359151,-185.990096997166
-279.37686574520006,-279.37686574520006,-296.8959375333153,-288.08594159490497,-185.990096997166
-289.79784226570933,-289.79784226570933,-296.3928634020411,-288.6629377990741,-185.990096997166
-290.55492985511364,-290.55492985511364,-293.2277242875883,-288.50532639956464,-185.990096997166
-286.21801013400705,-286.21801013400705,-299.4392438852007,-289.8996152893272,-185.990096997166
-286.19492613637414,-286.19492613637414,-290.6836425960141,-289.50507863320394,-185.990096997166
-292.85283049145613,-292.85283049145613,-301.82460485387907,-289.75927728115994,-185.990096997166
-288.13240105982203,-288.13240105982203,-304.47881559173044,-289.90912794071755,-185.990096997166
-292.15976830197974,-292.15976830197974,-304.7840388988304,-291.00749849309,-185.990096997166
-284.73482347705044,-284.73482347705044,-308.7681246464084,-292.227583146866,-185.990096997166
-286.8441598869626,-286.8441598869626,-307.40511120240467,-293.3445064706799,-185.990096997166
-283.6174905062145,-283.6174905062145,-299.1169003337746,-293.4269354301758,-185.990096997166
-285.6967357449039,-285.6967357449039,-302.4482512906128,-293.89306163077396,-185.990096997166
-287.8619993931427,-287.8619993931427,-304.0482804122937,-293.14856113445586,-185.990096997166
-293.6343832410347,-293.6343832410347,-296.4559289908603,-293.20633249521086,-185.990096997166
-288.0054756857135,-288.0054756857135,-296.5635274394684,-293.82230631610395,-185.990096997166
-288.3661317963739,-288.3661317963739,-294.570377093149,-294.1050505265495,-185.990096997166
-285.8332118633932,-285.8332118633932,-291.7216372109621,-292.1976323476346,-185.990096997166
-292.76895087635114,-292.76895087635114,-289.942922245763,-291.62328697646115,-185.990096997166
-289.6536201452741,-289.6536201452741,-284.3714772359621,-291.3078428117599,-185.990096997166
-288.0073495472558,-288.0073495472558,-290.40895205475124,-291.5387923447611,-185.990096997166
-285.9269586427114,-285.9269586427114,-297.338058074991,-292.47865843192767,-185.990096997166
-285.32034758285505,-285.32034758285505,-294.7980772843622,-292.27221135485973,-185.990096997166
-291.5647164143411,-291.5647164143411,-292.7473020229744,-292.56475790854,-185.990096997166
-284.97294062900744,-284.97294062900744,-296.8416936279518,-294.6849225292845,-185.990096997166
-285.9440828521215,-285.9440828521215,-302.14548286891403,-295.29801266438653,-185.990096997166
-290.1412591802592,-290.1412591802592,-298.81721364660217,-294.2127800875171,-185.990096997166
-287.1373220792281,-287.1373220792281,-300.62315900008645,-294.1900687158618,-185.990096997166
-286.6664186216595,-286.6664186216595,-308.65916243052214,-293.97511237804713,-185.990096997166
-289.87328564576467,-289.87328564576467,-307.43874374122845,-295.4262769680093,-185.990096997166
-295.03021330115354,-295.03021330115354,-299.15997365627726,-294.77508481192615,-185.990096997166
-287.68925160580187,-287.68925160580187,-297.91499492889545,-294.9283231898248,-185.990096997166
-287.58920897099745,-287.58920897099745,-298.5026774877304,-294.3214209490312,-185.990096997166
-293.4266861821935,-293.4266861821935,-294.9686153398858,-293.61071767993224,-185.990096997166
-293.18650240823047,-293.18650240823047,-294.4587174951363,-294.62374914168527,-185.990096997166
-287.3208285485218,-287.3208285485218,-290.50110784455376,-294.2529706915878,-185.990096997166
-287.79228721651066,-287.79228721651066,-293.4957488619095,-294.75706023450516,-185.990096997166
-286.58559794938424,-286.58559794938424,-296.52632547577474,-296.12374943103936,-185.990096997166
-289.67279400492134,-289.67279400492134,-291.61411951799334,-296.49854644007365,-185.990096997166
-288.9225135773512,-288.9225135773512,-290.6602354070857,-295.62058852680195,-185.990096997166
-292.5204249570011,-292.5204249570011,-296.9691131213613,-297.3234180179048,-185.990096997166
-285.64115460856823,-285.64115460856823,-295.53414941376093,-297.3600080569475,-185.990096997166
-285.66292794297425,-285.66292794297425,-293.5248092776084,-297.133335748471,-185.990096997166
-289.226814643542,-289.226814643542,-299.6857828882785,-296.9355409902041,-185.990096997166
-283.14935465899435,-283.14935465899435,-294.6338495347628,-296.3658867067824,-185.990096997166
-287.5722817404006,-287.5722817404006,-294.7819816727408,-294.93514848433824,-185.990096997166
-282.3387472344903,-282.3387472344903,-294.80276552215594,-296.7021419955391,-185.990096997166
-292.2370203302515,-292.2370203302515,-292.6931927934901,-297.20862601440876,-185.990096997166
-292.73720818358805,-292.73720818358805,-292.34934124940867,-297.4699168685035,-185.990096997166
-291.52107525536843,-291.52107525536843,-291.90675001358454,-296.6290662088539,-185.990096997166
-285.6938866921909,-285.6938866921909,-285.9641343204203,-295.98145687104295,-185.990096997166
-286.4790191244855,-286.4790191244855,-278.98478757889154,-293.77777806606275,-185.990096997166
-290.175380079552,-290.175380079552,-280.35712809801123,-293.92618868766505,-185.990096997166
-289.53860491677716,-289.53860491677716,-284.86710575630843,-295.2634172839482,-185.990096997166
-289.37360608197685,-289.37360608197685,-287.11508445033877,-293.90105481981004,-185.990096997166
-281.38916163403223,-281.38916163403223,-285.7416446484468,-293.9467488948248,-185.990096997166
-283.4971967056852,-283.4971967056852,-292.3845493344584,-294.814130891655,-185.990096997166
-287.15526124974616,-287.15526124974616,-291.2795003998845,-294.5687629760395,-185.990096997166
-282.6844556319473,-282.6844556319473,-292.4625558179959,-295.0056202523366,-185.990096997166
-280.72301825141056,-280.72301825141056,-292.0991646888882,-293.2952742173498,-185.990096997166
-292.6790024195692,-292.6790024195692,-293.82106007288246,-293.2646466451385,-185.990096997166
-280.1098213016634,-280.1098213016634,-297.3534908575879,-293.4250961708253,-185.990096997166
-283.43269228226944,-283.43269228226944,-297.8313146388913,-293.00280135732066,-185.990096997166
-292.8554918772836,-292.8554918772836,-287.68277722938797,-291.990316647367,-185.990096997166
-290.6754352512839,-290.6754352512839,-285.2683875717795,-291.6635465359938,-185.990096997166
-288.20924545093845,-288.20924545093845,-288.19321981426754,-292.2726873697846,-185.990096997166
-288.63261633992806,-288.63261633992806,-290.89918898793434,-294.07989327061205,-185.990096997166
-287.42512338564256,-287.42512338564256,-292.55508155699016,-294.73545184524517,-185.990096997166
-290.7262146678414,-290.7262146678414,-286.9684932256832,-294.4107344483207,-185.990096997166
-292.11926793087724,-292.11926793087724,-293.4411299257072,-295.10920475529883,-185.990096997166
-280.48137024151333,-280.48137024151333,-293.0213684363675,-293.78712992146177,-185.990096997166
-287.23553898745854,-287.23553898745854,-298.9214233471952,-293.7417692252662,-185.990096997166
-286.9693752972972,-286.9693752972972,-297.1089587277612,-293.46497764600053,-185.990096997166
-283.0442881762551,-283.0442881762551,-306.83512401978544,-294.8078810467292,-185.990096997166
-288.5227105513353,-288.5227105513353,-312.82146418396735,-294.8595006471969,-185.990096997166
-293.19200956256975,-293.19200956256975,-312.9272320739528,-294.42903721079233,-185.990096997166
-289.88713271728466,-289.88713271728466,-300.8194924034981,-294.48034902199123,-185.990096997166
-282.1341512320959,-282.1341512320959,-298.7719443116978,-294.3652089075674,-185.990096997166
-289.1293212626747,-289.1293212626747,-304.0918938091328,-293.49728072404275,-185.990096997166
-279.0354188858595,-279.0354188858595,-298.5157728648833,-293.32461058002974,-185.990096997166
-289.9441943196559,-289.9441943196559,-300.3583210705921,-294.0267994043247,-185.990096997166
-292.08444453973834,-292.08444453973834,-294.88427717844877,-293.13562567517687,-185.990096997166
-284.071855303769,-284.071855303769,-296.3087083070152,-293.02618380985746,-185.990096997166
-288.02274955122994,-288.02274955122994,-289.0894150856538,-293.6320409958828,-185.990096997166
-288.32536095400485,-288.32536095400485,-283.9346213341088,-292.7546814149914,-185.990096997166
-290.84010663968803,-290.84010663968803,-277.07954284899864,-291.74472421168133,-185.990096997166
-282.0855104145697,-282.0855104145697,-278.59375928853797,-291.4999511073169,-185.990096997166
-289.04175596355907,-289.04175596355907,-273.48037926146947,-289.75601966470634,-185.990096997166
-287.3985620828877,-287.3985620828877,-273.4161576735522,-289.85768835515455,-185.990096997166
-291.21887001138964,-291.21887001138964,-276.9862920537632,-290.5898219093653,-185.990096997166
-287.83489018052313,-287.83489018052313,-274.57468696014405,-289.54791417208133,-185.990096997166
-285.2909528788576,-285.2909528788576,-272.08944741188157,-288.44668527480104,-185.990096997166
-285.65951022932273,-285.65951022932273,-273.72867370994953,-289.0669566963257,-185.990096997166
-285.4720569370851,-285.4720569370851,-282.44284799379295,-290.1834540169857,-185.990096997166
-286.41721606846056,-286.41721606846056,-284.7379817739821,-290.7755078628353,-185.990096997166
-283.5103240608159,-283.5103240608159,-292.9498891925021,-291.37830571563364,-185.990096997166
-289.6417742143415,-289.6417742143415,-295.48925606906033,-291.6372492166978,-185.990096997166
-286.65021644598096,-286.65021644598096,-299.4387738767573,-291.10513588135984,-185.990096997166
-287.4138942113597,-287.4138942113597,-297.255779912036,-290.83897608768,-185.990096997166
-289.56013416659,-289.56013416659,-289.5093927156998,-290.11035044978837,-185.990096997166
-292.61975277878764,-292.61975277878764,-291.37594564574175,-290.6302764371456,-185.990096997166
-284.90486745658205,-284.90486745658205,-300.14544519742924,-292.67881679850854,-185.990096997166
-281.86907280441983,-281.86907280441983,-304.2171972457228,-293.838970525868,-185.990096997166
-288.7613659852464,-288.7613659852464,-292.3114550052815,-291.6723238667803,-185.990096997166
-292.94671000896,-292.94671000896,-291.97610616106385,-291.74771220498025,-185.990096997166
-286.41139493012645,-286.41139493012645,-286.761591879958,-291.58229516193575,-185.990096997166
-278.5683079185112,-278.5683079185112,-279.0931814827012,-288.9789756463464,-185.990096997166
-288.0614505359246,-288.0614505359246,-279.33249745639216,-288.71573529266135,-185.990096997166
-284.36982865839275,-284.36982865839275,-282.62620579788506,-288.87170608365784,-185.990096997166
-286.49156578622575,-286.49156578622575,-291.39679884030767,-289.96987728007224,-185.990096997166
-290.31105198627466,-290.31105198627466,-291.79271100579797,-290.2246066237287,-185.990096997166
-286.8750119018164,-286.8750119018164,-291.98458999033375,-291.60503662505766,-185.990096997166
-284.6603037480336,-284.6603037480336,-289.44496378952607,-292.161700355995,-185.990096997166
-282.18216633100326,-282.18216633100326,-293.2456722643359,-292.7849028737699,-185.990096997166
-288.20038042478035,-288.20038042478035,-298.01592035782426,-294.29721876218923,-185.990096997166
-287.69054115541957,-287.69054115541957,-299.9879503762385,-293.94124127432997,-185.990096997166
-284.1419383954468,-284.1419383954468,-309.3325477079351,-292.6656473903465,-185.990096997166
-292.8251856943583,-292.8251856943583,-310.7404321806023,-292.35280541738376,-185.990096997166
-287.53183069319965,-287.53183069319965,-310.76482875551403,-293.630973189624,-185.990096997166
-289.93135848329564,-289.93135848329564,-303.8741491438985,-292.0564811237105,-185.990096997166
-291.6963590066708,-291.6963590066708,-302.1963966005506,-292.05961225656534,-185.990096997166
-292.6600028205395,-292.6600028205395,-297.16593046058085,-291.2539380477349,-185.990096997166
-287.51670222152393,-287.51670222152393,-301.5614910360719,-293.0522068176571,-185.990096997166
-286.8888880952132,-286.8888880952132,-307.716635643302,-292.9612051984732,-185.990096997166
-289.62841704503506,-289.62841704503506,-301.6711658980004,-292.0671591049958,-185.990096997166
-288.94260299616684,-288.94260299616684,-300.26447903021574,-291.40869066558264,-185.990096997166
-287.6445458417292,-287.6445458417292,-297.2653486995315,-291.95481864955326,-185.990096997166
-290.9638023259663,-290.9638023259663,-300.6090692728443,-292.72023040961307,-185.990096997166
-287.9848643309174,-287.9848643309174,-302.1063522370625,-293.23386487521,-185.990096997166
-284.8898116666951,-284.8898116666951,-311.91655368759314,-294.73663728825244,-185.990096997166
-282.4146617067191,-282.4146617067191,-307.5258735764428,-293.4931227577354,-185.990096997166
-287.97566522288247,-287.97566522288247,-309.8548189949084,-294.24804641102673,-185.990096997166
-283.555091047165,-283.555091047165,-304.440173074524,-294.6784997711589,-185.990096997166
-293.0019814987324,-293.0019814987324,-299.041646326512,-294.95165144664486,-185.990096997166
-289.0095210811612,-289.0095210811612,-303.2507701154506,-295.93038886126425,-185.990096997166
-283.55958815274346,-283.55958815274346,-305.89754660522374,-297.1722914168276,-185.990096997166
-286.5289629613226,-286.5289629613226,-304.14339262986186,-297.064745317818,-185.990096997166
-284.48706373927223,-284.48706373927223,-296.42276697446744,-297.30870795221267,-185.990096997166
-290.1328026754516,-290.1328026754516,-293.9171066171565,-297.33405466393083,-185.990096997166
-291.7005682957413,-291.7005682957413,-288.25407871372744,-296.9901946202453,-185.990096997166
-291.00098824601025,-291.00098824601025,-294.83759259930105,-297.54570388556687,-185.990096997166
-287.09247132818325,-287.09247132818325,-297.7753245343861,-299.3852218355277,-185.990096997166
-289.19098833370435,-289.19098833370435,-298.18712424510943,-299.57018987819083,-185.990096997166
-284.85927782869567,-284.85927782869567,-303.241012810368,-299.11128440995986,-185.990096997166
-281.70308747642724,-281.70308747642724,-298.3176488790802,-298.6463222822839,-185.990096997166
-281.9757352738277,-281.9757352738277,-294.0449216039548,-297.3912978991182,-185.990096997166
-292.2949651644761,-292.2949651644761,-298.91713572090873,-297.7503212481877,-185.990096997166
-286.2925873655213,-286.2925873655213,-298.7625824708566,-297.1734696710326,-185.990096997166
-284.81184603839944,-284.81184603839944,-297.70592109343994,-297.4240829002116,-185.990096997166
-288.48453106911154,-288.48453106911154,-289.278153052404,-296.9439466875861,-185.990096997166
-292.41428088616635,-292.41428088616635,-285.54472457304576,-296.37945967102763,-185.990096997166
-287.1285188024847,-287.1285188024847,-279.22835915854154,-295.20180462775005,-185.990096997166
-290.7358876892513,-290.7358876892513,-276.4896029608665,-294.0246710212196,-185.990096997166
-284.8426260028028,-284.8426260028028,-274.3042193360503,-295.5098372761136,-185.990096997166
-284.8312351538008,-284.8312351538008,-271.35423505471226,-294.5219480610135,-185.990096997166
-290.59577050841153,-290.59577050841153,-278.4518222201493,-295.7293439671564,-185.990096997166
-288.8006313273907,-288.8006313273907,-280.96898955312884,-298.1254828622732,-185.990096997166
-290.1913153168503,-290.1913153168503,-282.0501861684628,-297.7170074134467,-185.990096997166
-282.2520681643615,-282.2520681643615,-280.7540820247617,-297.049658145587,-185.990096997166
-288.1796280581982,-288.1796280581982,-282.47783648412496,-295.1601542163496,-185.990096997166
-287.61686071482086,-287.61686071482086,-285.8367868521195,-295.18827484029197,-185.990096997166
-293.1079212851136,-293.1079212851136,-290.6095822690537,-294.9268030834941,-185.990096997166
-290.7067830293698,-290.7067830293698,-295.7056845054681,-295.276815164408,-185.990096997166
-285.1694529227503,-285.1694529227503,-292.9337787501194,-295.44745857327035,-185.990096997166
-290.01070579796465,-290.01070579796465,-299.9667926524926,-294.9121225199472,-185.990096997166
-289.2639116936629,-289.2639116936629,-296.0500091306655,-294.9417557180418,-185.990096997166
-291.07240237936645,-291.07240237936645,-291.6720955953527,-294.59339243975677,-185.990096997166
-291.1862391191575,-291.1862391191575,-295.3352294247424,-294.63596686227476,-185.990096997166
-284.2858170269841,-284.2858170269841,-299.25149185200564,-294.74699076488525,-185.990096997166
-288.59342808235067,-288.59342808235067,-307.29266238517346,-295.84385686460456,-185.990096997166
-284.6397725040138,-284.6397725040138,-299.90181785933964,-294.7293590920497,-185.990096997166
-289.01159777245255,-289.01159777245255,-294.298741235869,-294.3533652385517,-185.990096997166
-283.416931243026,-283.416931243026,-281.89315182562353,-291.3431473223183,-185.990096997166
-287.6226941087721,-287.6226941087721,-283.40571138642383,-290.5852737218948,-185.990096997166
-293.70106578228905,-293.70106578228905,-276.20850529003746,-289.81959039835465,-185.990096997166
-288.89279096170344,-288.89279096170344,-277.13355230921195,-290.315570373841,-185.990096997166
-289.881915502131,-289.881915502131,-275.74506962287234,-290.2893366244249,-185.990096997166
-287.6955332300538,-287.6955332300538,-278.330349307223,-290.1802228691505,-185.990096997166
-281.13169465222364,-281.13169465222364,-278.4519603090746,-290.0161123792877,-185.990096997166
-286.87549090932947,-286.87549090932947,-274.2690488051355,-288.3143558881131,-185.990096997166
-289.32525815687853,-289.32525815687853,-279.67090408058004,-289.1583651928772,-185.990096997166
-291.23371300893734,-291.23371300893734,-278.62446588463456,-288.107294616497,-185.990096997166
-286.09894982136825,-286.09894982136825,-290.5495947368648,-288.5650316547865,-185.990096997166
-288.86358889278085,-288.86358889278085,-292.39549655166945,-289.2560437669262,-185.990096997166
-289.85845154464783,-289.85845154464783,-292.90746353827296,-287.75092908291913,-185.990096997166
-280.1175723907717,-280.1175723907717,-288.90861542539864,-286.917784137876,-185.990096997166
-285.51841347803884,-285.51841347803884,-286.69607687092946,-286.7998734726384,-185.990096997166
-289.8107000296878,-289.8107000296878,-286.7746955568362,-288.2506085856242,-185.990096997166
-293.33211560616604,-293.33211560616604,-285.3688433948031,-288.306459734817,-185.990096997166
-290.08801438944005,-290.08801438944005,-285.28253355250746,-287.7200468558691,-185.990096997166
-288.40578241484656,-288.40578241484656,-280.8442574809412,-286.3596981692053,-185.990096997166
-290.5714289686949,-290.5714289686949,-287.9704609504821,-286.14632189971616,-185.990096997166
-285.5158957680795,-285.5158957680795,-285.64913711241513,-286.05743422824764,-185.990096997166
-283.9794528594404,-283.9794528594404,-281.21247156277167,-284.85033551740696,-185.990096997166
-289.34118115989463,-289.34118115989463,-279.8966760968573,-284.0667345264745,-185.990096997166
-287.586407416148,-287.586407416148,-281.13142067990646,-284.3350839530664,-185.990096997166
-290.69328230152365,-290.69328230152365,-284.61397901899664,-283.939242132256,-185.990096997166
-286.17698095853996,-286.17698095853996,-278.15234960218334,-284.1285620118895,-185.990096997166
-290.33475019642833,-290.33475019642833,-274.8527550753944,-283.73582653120786,-185.990096997166
-288.3801960776038,-288.3801960776038,-279.6800750245635,-285.80043125030096,-185.990096997166
-287.7887183420069,-287.7887183420069,-292.6823976412523,-287.78723278284656,-185.990096997166
-288.9924783975812,-288.9924783975812,-290.1207050240904,-288.3247910728259,-185.990096997166
-291.9186741961872,-291.9186741961872,-284.78167736352555,-287.7158491087794,-185.990096997166
-288.28449732444557,-288.28449732444557,-287.2742130245515,-287.44433425510715,-185.990096997166
-286.8755000657835,-286.8755000657835,-295.48643859539493,-288.8931752346111,-185.990096997166
-284.93212318643117,-284.93212318643117,-294.4007346890993,-287.5248664468564,-185.990096997166
-285.3208522229825,-285.3208522229825,-294.4283373503623,-286.6311116917027,-185.990096997166
-286.88623575174347,-286.88623575174347,-298.17674349858453,-287.35387347791385,-185.990096997166
-286.5086003513022,-286.5086003513022,-298.7933588271158,-287.3436818916787,-185.990096997166
-291.21974702213214,-291.21974702213214,-296.58636051179667,-288.6221360558353,-185.990096997166
-283.44873650756324,-283.44873650756324,-284.8566655450728,-287.59120852143724,-185.990096997166
-286.48452532240157,-286.48452532240157,-284.0444087323088,-287.01175636547697,-185.990096997166
-283.06301849164737,-283.06301849164737,-286.7214711449829,-285.91900643668237,-185.990096997166
-289.58503925360634,-289.58503925360634,-283.94170538797715,-285.64591958267874,-185.990096997166
-289.6371707362241,-289.6371707362241,-286.4100301626971,-286.181822736652,-185.990096997166
-289.9963263718891,-289.9963263718891,-287.0955148134192,-285.7339675834071,-185.990096997166
-283.52872278347513,-283.52872278347513,-282.1293114299937,-284.72255485863093,-185.990096997166
-284.4631309463995,-284.4631309463995,-284.1889393148486,-285.1246154559351,-185.990096997166
-291.6352505223437,-291.6352505223437,-292.2870971180818,-285.9508029448939,-185.990096997166
-285.9532188638294,-285.9532188638294,-288.7814678576766,-284.9198971503359,-185.990096997166
-290.0338163999194,-290.0338163999194,-291.16150174768444,-285.8431452991062,-185.990096997166
-291.86335270602086,-291.86335270602086,-293.44153560520215,-286.84031523934357,-185.990096997166
-286.5872393908817,-286.5872393908817,-294.1535906956606,-288.3710942106898,-185.990096997166
-287.3628152284215,-287.3628152284215,-294.01457148109694,-287.76769160161336,-185.990096997166
-283.06506203616067,-283.06506203616067,-283.9666805205436,-287.7334577827532,-185.990096997166
-290.9296364563984,-290.9296364563984,-278.584970125213,-286.0242511466073,-185.990096997166
-285.40689758112705,-285.40689758112705,-282.85948002485316,-286.14543693902704,-185.990096997166
-285.2589084438313,-285.2589084438313,-282.01251540813405,-285.8610486761173,-185.990096997166
-292.88631541179,-292.88631541179,-275.17747969191277,-285.2959068214616,-185.990096997166
-288.467329165323,-288.467329165323,-276.850543898268,-285.43619616896245,-185.990096997166
-282.73861776094964,-282.73861776094964,-279.051278842622,-285.71922025151457,-185.990096997166
-290.99479059838876,-290.99479059838876,-278.9368094522263,-286.9027839528619,-185.990096997166
-291.08034339595326,-291.08034339595326,-282.5989454246985,-286.7809643482566,-185.990096997166
-286.05266826659846,-286.05266826659846,-285.76065600401716,-286.44072349208295,-185.990096997166
-285.20980819028426,-285.20980819028426,-291.14593530052616,-287.3811521352039,-185.990096997166
-288.6266013052947,-288.6266013052947,-293.7844384642083,-286.99941575436924,-185.990096997166
-289.50073009600624,-289.50073009600624,-289.0339790957116,-286.6130173839835,-185.990096997166
-283.6377633729499,-283.6377633729499,-284.3446875123991,-285.37504706722996,-185.990096997166
-286.8612403900418,-286.8612403900418,-282.9346261835914,-284.80906337921925,-185.990096997166
-285.93045652207695,-285.93045652207695,-283.61252830753335,-285.1021951199676,-185.990096997166
-287.8009247065918,-287.8009247065918,-285.398005316625,-286.6299698186513,-185.990096997166
-291.79708795017063,-291.79708795017063,-288.2946060810912,-286.96761297898377,-185.990096997166
-292.0332252226126,-292.0332252226126,-287.85379791722215,-287.22189650921797,-185.990096997166
-292.07014921426526,-292.07014921426526,-285.4865934527359,-287.2955478700757,-185.990096997166
-289.5423325178092,-289.5423325178092,-283.7968053254293,-288.16117798091824,-185.990096997166
-289.2329209712274,-289.2329209712274,-285.04409126470046,-287.78194987132804,-185.990096997166
-289.4743979828393,-289.4743979828393,-287.8565140441975,-287.26152438902363,-185.990096997166
-285.8872599624079,-285.8872599624079,-294.0490832435582,-288.5543937955049,-185.990096997166
-280.1028990045736,-280.1028990045736,-292.101285156598,-288.25876939546,-185.990096997166
-289.2467124252261,-289.2467124252261,-287.93831443197524,-286.75384300145,-185.990096997166
-289.24182941037725,-289.24182941037725,-281.70052937583466,-284.4335961655678,-185.990096997166
-285.5315418320342,-285.5315418320342,-271.56558824060477,-283.25658962228664,-185.990096997166
-281.7095553089044,-281.7095553089044,-265.48482104151816,-283.36252524481654,-185.990096997166
-282.2149795464043,-282.2149795464043,-266.7274411756667,-283.18619350029877,-185.990096997166
-287.0536699529223,-287.0536699529223,-264.8024637318357,-282.0243830082064,-185.990096997166
-283.61603033287287,-283.61603033287287,-262.9798005003404,-281.4977630335763,-185.990096997166
-289.10953685232835,-289.10953685232835,-263.9848920734621,-281.1728353336436,-185.990096997166
-285.4680841924447,-285.4680841924447,-265.3204648341051,-281.983138062609,-185.990096997166
-293.7872113283318,-293.7872113283318,-262.8321289380923,-281.0665234176553,-185.990096997166
-286.2381622335239,-286.2381622335239,-270.31763754857957,-281.50009840880654,-185.990096997166
-290.28318931705553,-290.28318931705553,-269.43610981557407,-281.349485019668,-185.990096997166
-289.3818820521976,-289.3818820521976,-277.02084185948814,-281.8518762477225,-185.990096997166
-285.15846302428497,-285.15846302428497,-285.4061940112585,-283.0994698180716,-185.990096997166
-286.0617848289815,-286.0617848289815,-290.7116589816887,-284.5401842190411,-185.990096997166
-284.0118097336611,-284.0118097336611,-292.4909182473001,-283.240560625127,-185.990096997166
-286.45316539112537,-286.45316539112537,-299.8462793510104,-284.0479159410945,-185.990096997166
-292.5648709980212,-292.5648709980212,-298.63738112903144,-284.4744492734511,-185.990096997166
-291.8247517533132,-291.8247517533132,-302.9988978239777,-285.74512976443486,-185.990096997166
-292.34157185442905,-292.34157185442905,-312.5431588538553,-285.11773576481,-185.990096997166
-289.8353411829861,-289.8353411829861,-310.95531150851855,-285.934867138975,-185.990096997166
-283.47741586731746,-283.47741586731746,-312.6796173047371,-285.65310813107857,-185.990096997166
-291.0165807558471,-291.0165807558471,-308.0031884091033,-284.76420680850276,-185.990096997166
-287.8146116200422,-287.8146116200422,-294.6882192168028,-283.20639552230006,-185.990096997166
-287.0149666577333,-287.0149666577333,-289.7414003626098,-283.68554999534365,-185.990096997166
-282.477995144317,-282.477995144317,-292.7296099112997,-284.9931465032782,-185.990096997166
-285.90009711314633,-285.90009711314633,-290.51367700769487,-286.43365731759087,-185.990096997166
-284.06073830430466,-284.06073830430466,-292.888577692555,-286.4802688069915,-185.990096997166
-283.5063310188245,-283.5063310188245,-282.63808902759365,-285.87024448832676,-185.990096997166
-287.4528713775294,-287.4528713775294,-278.4008554047987,-285.7624109073871,-185.990096997166
-290.9098494202489,-290.9098494202489,-278.60599380288807,-286.28595711989897,-185.990096997166
-286.68324663868907,-286.68324663868907,-283.56641873442607,-286.55613610943936,-185.990096997166
-287.6068849258728,-287.6068849258728,-288.33674343615473,-286.6441936052884,-185.990096997166
-286.2784454741831,-286.2784454741831,-293.5602143567645,-285.3986493087133,-185.990096997166
-290.59984737487935,-290.59984737487935,-289.6523365735765,-284.46388610925555,-185.990096997166
-287.18164333362614,-287.18164333362614,-286.9731346826745,-284.15858637970786,-185.990096997166
-289.62250772187986,-289.62250772187986,-283.9044837113446,-284.4576663670181,-185.990096997166
-290.523116003184,-290.523116003184,-285.1325676326993,-285.699986514389,-185.990096997166
-287.842413722401,-287.842413722401,-285.1306818399513,-286.0274433538372,-185.990096997166
-285.7305494831599,-285.7305494831599,-286.0574747636321,-286.38698062339535,-185.990096997166
-285.63356476388327,-285.63356476388327,-289.9180424415816,-287.5470599467086,-185.990096997166
-287.2624221462979,-287.2624221462979,-285.3311697928445,-286.54276900468335,-185.990096997166
-290.11440905511773,-290.11440905511773,-286.71621858058705,-286.3285161051876,-185.990096997166
-291.12176586812706,-291.12176586812706,-291.8291583525279,-286.19372139577433,-185.990096997166
-287.206507995876,-287.206507995876,-293.94300102282693,-286.15516762327366,-185.990096997166
-287.699295964109,-287.699295964109,-288.2882111225613,-285.0568675391342,-185.990096997166
-281.4676988684463,-281.4676988684463,-287.64878218215097,-284.97860455050824,-185.990096997166
-287.6472181493618,-287.6472181493618,-278.18776683541466,-283.76623707263246,-185.990096997166
-282.09647735627215,-282.09647735627215,-278.71814444892755,-282.96125559491105,-185.990096997166
-286.98220627249503,-286.98220627249503,-280.3154184435202,-284.02980728077966,-185.990096997166
-287.94585726502413,-287.94585726502413,-273.1155582876348,-284.58250871784054,-185.990096997166
-288.67154905179336,-288.67154905179336,-278.51184287007436,-285.9050317035312,-185.990096997166
-280.7068535061122,-280.7068535061122,-274.6107730092947,-286.9375530589256,-185.990096997166
-289.93081564839673,-289.93081564839673,-271.1274613993605,-287.32224946734283,-185.990096997166
-283.45998991313377,-283.45998991313377,-273.4777302444197,-287.5052254370243,-185.990096997166
-289.65606876474,-289.65606876474,-284.082785523394,-288.9129318974459,-185.990096997166
-282.65261022079636,-282.65261022079636,-284.88022883226046,-289.3586902168922,-185.990096997166
-289.53316739464356,-289.53316739464356,-291.97039295576377,-289.3633372490928,-185.990096997166
-288.9446233203633,-288.9446233203633,-291.160458599668,-288.1292543480236,-185.990096997166
-287.18450579636203,-287.18450579636203,-289.9709158562858,-289.4575646644184,-185.990096997166
-282.23642189682573,-282.23642189682573,-287.08118350939696,-287.935217910004,-185.990096997166
-285.743448162729,-285.743448162729,-282.172887756047,-288.45238729162577,-185.990096997166
-287.4741153251156,-287.4741153251156,-280.54412679639097,-287.64221004630616,-185.990096997166
-292.9166187458583,-292.9166187458583,-275.05487422065886,-285.25198550922295,-185.990096997166
-284.02158140656064,-284.02158140656064,-274.1314002491331,-284.1891736905132,-185.990096997166
-289.0492287621108,-289.0492287621108,-269.80560410674104,-284.3758690693341,-185.990096997166
-285.19496739557286,-285.19496739557286,-275.2176680651806,-284.4329679597263,-185.990096997166
-288.56561933983846,-288.56561933983846,-277.5056945669063,-285.1369999366678,-185.990096997166
-283.34673377813806,-283.34673377813806,-282.60237417524706,-284.0499496182775,-185.990096997166
-284.49276913705523,-284.49276913705523,-281.4085766962007,-283.23064823288746,-185.990096997166
-281.40512973456396,-281.40512973456396,-282.41447277375164,-282.2270501630506,-185.990096997166
-289.63762197809075,-289.63762197809075,-283.8267387538884,-282.68181158145603,-185.990096997166
-283.722675192836,-283.722675192836,-291.45307336341904,-284.3321870371693,-185.990096997166
-290.5545364580594,-290.5545364580594,-301.26394331131746,-286.56713032812587,-185.990096997166
-286.19302509452774,-286.19302509452774,-296.6117746412273,-285.5632485462367,-185.990096997166
-289.8585051721603,-289.8585051721603,-299.23808402786074,-285.67756389264633,-185.990096997166
-284.03978263786416,-284.03978263786416,-294.03886287155984,-285.1380051324993,-185.990096997166
-281.20139064892123,-281.20139064892123,-293.8936653729805,-285.3380174727529,-185.990096997166
-286.9915893293364,-286.9915893293364,-287.74741555132107,-285.07181492302294,-185.990096997166
-287.65500711089385,-287.65500711089385,-288.2892651308432,-285.2083301780964,-185.990096997166
-289.5958915994923,-289.5958915994923,-291.99229025126976,-284.9043094527269,-185.990096997166
-294.202379776697,-294.202379776697,-291.5410000754429,-284.27672784965944,-185.990096997166
-285.3590414670925,-285.3590414670925,-288.2001198845285,-284.30486232684405,-185.990096997166
-292.4711910838906,-292.4711910838906,-286.0420680843169,-285.0635010736363,-185.990096997166
-289.254161305773,-289.254161305773,-287.47772416493314,-285.12832606450803,-185.990096997166
-286.9049937536848,-286.9049937536848,-281.64211048055614,-284.61135905222267,-185.990096997166
-283.6969092318506,-283.6969092318506,-285.5176927946597,-285.4606469491623,-185.990096997166
-293.2843390775777,-293.2843390775777,-276.52031656564316,-283.61556725934173,-185.990096997166
-287.14172785414974,-287.14172785414974,-276.05294602984566,-283.2562677610019,-185.990096997166
-289.92235109178074,-289.92235109178074,-276.173729087469,-283.2315810428638,-185.990096997166
-291.9504595910641,-291.9504595910641,-271.9244686318701,-281.3055946907847,-185.990096997166
-282.19029409694025,-282.19029409694025,-267.36384294867645,-280.6832624808258,-185.990096997166
-286.7129860872127,-286.7129860872127,-254.57847022264997,-277.8773126552567,-185.990096997166
-292.4224551948249,-292.4224551948249,-255.6776076141219,-277.83319092595514,-185.990096997166
-292.0343841985322,-292.0343841985322,-253.8106878247449,-277.10186342489163,-185.990096997166
-286.4356008771124,-286.4356008771124,-255.12585340058268,-277.9788875078269,-185.990096997166
-284.66224169777837,-284.66224169777837,-260.4159785813731,-280.0140862290067,-185.990096997166
-291.6605627886568,-291.6605627886568,-270.4637020235902,-282.07075429697676,-185.990096997166
-280.06936916391317,-280.06936916391317,-270.1164518715399,-281.5359292455243,-185.990096997166
-287.012036201276,-287.012036201276,-266.64913918427885,-280.4983251910155,-185.990096997166
-285.90869197383125,-285.90869197383125,-271.040831747135,-280.89064938268467,-185.990096997166
-290.5575566403862,-290.5575566403862,-281.2849651364205,-281.23788693409506,-185.990096997166
-286.48556862587805,-286.48556862587805,-293.7820696705577,-281.7115719875092,-185.990096997166
-289.32699569053676,-289.32699569053676,-293.2578919494621,-282.25927703597546,-185.990096997166
-289.9976415461667,-289.9976415461667,-296.644999031392,-281.7353171822861,-185.990096997166
-282.2485007954463,-282.2485007954463,-301.30833972879697,-281.4239983489075,-185.990096997166
-292.5240558542889,-292.5240558542889,-293.0554026310951,-281.6491209887737,-185.990096997166
-287.7472295871094,-287.7472295871094,-289.57065231454675,-281.5908061687334,-185.990096997166
-281.0296163811151,-281.0296163811151,-296.4172565507964,-282.5872888357501,-185.990096997166
-290.8320395585212,-290.8320395585212,-301.16884697242347,-282.73791141424306,-185.990096997166
-285.7304346223078,-285.7304346223078,-300.53934874696904,-283.58228243019914,-185.990096997166
-287.8996041332763,-287.8996041332763,-293.63217506981357,-283.5297443968484,-185.990096997166
-285.21517060554777,-285.21517060554777,-291.64747505547683,-283.93224163932643,-185.990096997166
-286.9624103899855,-286.9624103899855,-291.02802180083063,-285.4539065520098,-185.990096997166
-293.2186707112418,-293.2186707112418,-286.4461561867328,-284.19826836980604,-185.990096997166
-290.26917574853985,-290.26917574853985,-286.7273804707524,-284.8083536217098,-185.990096997166
-290.06472794836407,-290.06472794836407,-287.75621699989307,-284.1568307757161,-185.990096997166
-287.2727941766733,-287.2727941766733,-287.59888744690835,-283.60944474473376,-185.990096997166
-288.2692469685185,-288.2692469685185,-286.4502186200992,-283.35685772472044,-185.990096997166
-288.429503655207,-288.429503655207,-290.69033555099617,-284.5942631852021,-185.990096997166
-292.51794069803566,-292.51794069803566,-295.0301163572779,-286.1054111469043,-185.990096997166
-287.8916786565392,-287.8916786565392,-303.00948505658204,-287.3662936573871,-185.990096997166
-288.12675683798795,-288.12675683798795,-301.1434861607528,-285.8703241987931,-185.990096997166
-293.36450777365985,-293.36450777365985,-306.1545376260091,-286.4320254149481,-185.990096997166
-282.66441673931376,-282.66441673931376,-309.42510212704775,-286.76093386697016,-185.990096997166
-285.40823848536013,-285.40823848536013,-306.8010112725081,-286.32093907063927,-185.990096997166
-286.7162584534807,-286.7162584534807,-303.8029686892065,-286.1096519392455,-185.990096997166
-286.202294184912,-286.202294184912,-298.6695297858763,-284.56461762731294,-185.990096997166
-286.67774929712397,-286.67774929712397,-296.68871666356915,-285.14511794717004,-185.990096997166
-289.50734486966144,-289.50734486966144,-300.9835002631152,-287.1331102116565,-185.990096997166
-286.14735144253495,-286.14735144253495,-293.1319797491054,-286.3333490464715,-185.990096997166
-281.77536175962234,-281.77536175962234,-285.26096000801647,-286.11028564390176,-185.990096997166
-292.585570704332,-292.585570704332,-288.6026964777161,-285.95083951743067,-185.990096997166
-287.4379653883254,-287.4379653883254,-282.20058255221227,-285.6637283085272,-185.990096997166
-282.25765504661945,-282.25765504661945,-285.35062403723134,-286.33551384142976,-185.990096997166
-281.44561257307697,-281.44561257307697,-283.35288330827956,-286.66309363618393,-185.990096997166
-291.23458959624463,-291.23458959624463,-288.79277634944526,-286.76466865020257,-185.990096997166
-289.6926794006525,-289.6926794006525,-298.01241511109095,-288.86303733640244,-185.990096997166
-287.3234818717449,-287.3234818717449,-295.1681997804217,-288.9681686972852,-185.990096997166
-288.03227055545415,-288.03227055545415,-284.63161038925693,-288.82468647201415,-185.990096997166
-278.0774579024386,-278.0774579024386,-289.310130108282,-289.8104813417539,-185.990096997166
-293.3972325414429,-293.3972325414429,-285.4736620705768,-289.73224946828185,-185.990096997166
-282.95027619766665,-282.95027619766665,-287.1373897756497,-292.4626234280306,-185.990096997166
-296.83980887112784,-296.83980887112784,-284.4525341237371,-291.4187136104502,-185.990096997166
-287.83768335141485,-287.83768335141485,-290.36258555605593,-293.64589338769196,-185.990096997166
-282.0001644943788,-282.0001644943788,-286.975914727675,-293.0331059016024,-185.990096997166
-288.7196214236219,-288.7196214236219,-294.30532039626286,-293.5425370131806,-185.990096997166
-290.8859414938226,-290.8859414938226,-296.3790518687937,-294.0461073054432,-185.990096997166
-285.5008309811576,-285.5008309811576,-302.8251229777041,-295.5099029185181,-185.990096997166
-286.71854429338697,-286.71854429338697,-307.3439815244998,-296.96365494005835,-185.990096997166
-279.0043541972036,-279.0043541972036,-306.0658423571018,-296.8154834637473,-185.990096997166
-283.3498180859684,-283.3498180859684,-308.8375781190355,-295.24277206480485,-185.990096997166
-285.24172454396546,-285.24172454396546,-303.0666689949118,-294.3195432929014,-185.990096997166
-289.95712858550024,-289.95712858550024,-308.14369867569866,-294.39587495569754,-185.990096997166
-287.37214320435237,-287.37214320435237,-302.6776791905167,-294.8524294195169,-185.990096997166
-284.2399626745209,-284.2399626745209,-309.3229269120708,-294.63602333825713,-185.990096997166
-290.8379576181908,-290.8379576181908,-296.5215461680788,-294.2357657205773,-185.990096997166
-288.62525216652665,-288.62525216652665,-291.54840741498947,-294.4416583255317,-185.990096997166
-281.4416252080417,-281.4416252080417,-293.7100642611337,-294.96846446058555,-185.990096997166
-289.9896924091544,-289.9896924091544,-293.892634015427,-295.508412348659,-185.990096997166
-286.82875495188387,-286.82875495188387,-295.9983253141546,-295.9072787771844,-185.990096997166
-284.66577244868967,-284.66577244868967,-301.7113845293514,-296.8586139567125,-185.990096997166
-286.17263519596304,-286.17263519596304,-301.2682529211756,-296.2436988660412,-185.990096997166
-292.50793828888646,-292.50793828888646,-302.43073854162196,-296.6764183038558,-185.990096997166
-286.32529904376736,-286.32529904376736,-305.98858015743673,-298.7609142136577,-185.990096997166
-289.1796775484652,-289.1796775484652,-304.92102075792735,-298.27475139569214,-185.990096997166
-283.4549313907314,-283.4549313907314,-305.22868809344857,-297.73025993928843,-185.990096997166
-286.1198165973307,-286.1198165973307,-298.88681890088213,-296.69924461632644,-185.990096997166
-290.243913022485,-290.243913022485,-293.8546152135439,-296.44934377927456,-185.990096997166
-288.7615881632861,-288.7615881632861,-290.88170205744166,-295.5466856499481,-185.990096997166
-293.93923720167277,-293.93923720167277,-290.19018497817524,-294.9392925013638,-185.990096997166
-290.2263099737659,-290.2263099737659,-287.3070628037843,-293.7181295061528,-185.990096997166
-291.4398873909378,-291.4398873909378,-288.4355965982601,-293.7021209535427,-185.990096997166
-292.0245425364654,-292.0245425364654,-282.6250085558517,-291.97051248982433,-185.990096997166
-286.58199603533103,-286.58199603533103,-280.17812079925733,-292.91151794809963,-185.990096997166
-290.34660219548795,-290.34660219548795,-278.8543586395159,-292.6854208690937,-185.990096997166
-283.5897617718994,-283.5897617718994,-279.5685896836081,-292.88338413816876,-185.990096997166
-280.58189061159663,-280.58189061159663,-284.07118266896936,-293.7795751929451,-185.990096997166
-293.1097989598756,-293.1097989598756,-279.19921095800765,-292.9514426381622,-185.990096997166
-286.24657726490705,-286.24657726490705,-274.7370415463189,-290.29739390658887,-185.990096997166
-293.7566477894607,-293.7566477894607,-271.35337212522523,-290.58357097658774,-185.990096997166
-275.5805943464812,-275.5805943464812,-271.1211314599243,-290.89016379653447,-185.990096997166
-292.43053619788975,-292.43053619788975,-277.6067526469389,-291.5029321873873,-185.990096997166
-291.5947091561076,-291.5947091561076,-282.13597257563504,-291.9575904945089,-185.990096997166
-280.5326324097398,-280.5326324097398,-281.0842824090856,-292.05824962247044,-185.990096997166
-286.59000224184956,-286.59000224184956,-280.3377486429079,-292.08239393601946,-185.990096997166
-295.65153625610816,-295.65153625610816,-276.9079149775347,-290.50641186378664,-185.990096997166
-285.8344516651282,-285.8344516651282,-284.8514421463571,-291.1473805999983,-185.990096997166
-283.6281440464574,-283.6281440464574,-288.17673878175884,-291.55315043842967,-185.990096997166
-286.65772234363425,-286.65772234363425,-292.6704584751531,-291.90516352376807,-185.990096997166
-289.61769243229503,-289.61769243229503,-301.4301041079195,-293.00756577651526,-185.990096997166
-286.01767058013047,-286.01767058013047,-297.414818268966,-293.27839503621226,-185.990096997166
-291.15446406462934,-291.15446406462934,-295.60422236209774,-293.1962987046769,-185.990096997166
-287.4749501326221,-287.4749501326221,-293.5188391255693,-293.7708514948754,-185.990096997166
-290.51447896053486,-290.51447896053486,-290.4694698171237,-292.079626474684,-185.990096997166
-290.49612583036384,-290.49612583036384,-289.4266918196772,-292.57254935441983,-185.990096997166
-290.21367504749884,-290.21367504749884,-297.2318484483718,-291.0917174742084,-185.990096997166
-286.9675925037108,-286.9675925037108,-295.0000157854802,-290.87157338333566,-185.990096997166
-287.45924698830856,-287.45924698830856,-301.40862489705023,-291.26985082229885,-185.990096997166
-289.0798476425874,-289.0798476425874,-300.53561515185174,-290.5434902492385,-185.990096997166
-292.18748943326557,-292.18748943326557,-289.6832019657359,-289.7310376982421,-185.990096997166
-284.9210911912507,-284.9210911912507,-300.6355829389375,-291.6379960001927,-185.990096997166
-283.9667699401153,-283.9667699401153,-297.14393525699353,-292.01175195709317,-185.990096997166
-286.76370867103464,-286.76370867103464,-301.3101504668449,-292.4041418531046,-185.990096997166
-284.63911936173827,-284.63911936173827,-305.41719526490135,-292.62752968956096,-185.990096997166
-284.41944056971715,-284.41944056971715,-310.47011573125144,-292.801987118256,-185.990096997166
-285.1755149105103,-285.1755149105103,-308.27375453293274,-293.4421591471792,-185.990096997166
-278.61078344312443,-278.61078344312443,-304.27873986887596,-293.4176398741129,-185.990096997166
-290.6025247613515,-290.6025247613515,-297.81734607476375,-292.0913071850249,-185.990096997166
-282.7143496238288,-282.7143496238288,-297.1993960295723,-291.2048426520675,-185.990096997166
-280.99945680482,-280.99945680482,-300.4647809001595,-290.62432881544305,-185.990096997166
-286.6248470198937,-286.6248470198937,-294.3647281332306,-290.16866472096854,-185.990096997166
-288.86786471815935,-288.86786471815935,-295.0499478395519,-290.7680909407685,-185.990096997166
-284.7567642336801,-284.7567642336801,-292.0419233380232,-290.3263788123848,-185.990096997166
-286.7878097327423,-286.7878097327423,-291.0720147761165,-289.64421661329686,-185.990096997166
-285.28649456364025,-285.28649456364025,-290.99063312937557,-290.01590959254565,-185.990096997166
-286.20081386333254,-286.20081386333254,-290.4251511120403,-290.4814517508976,-185.990096997166
-288.48189957497556,-288.48189957497556,-292.4750684411773,-292.135289782172,-185.990096997166
-288.40864458991587,-288.40864458991587,-295.0397082880021,-292.3283257999165,-185.990096997166
-283.50729554929165,-283.50729554929165,-294.97256436769266,-292.02301511411775,-185.990096997166
-290.39526054829923,-290.39526054829923,-298.18513583821584,-292.2233189874512,-185.990096997166
-285.67469435496895,-285.67469435496895,-293.0815361471455,-291.32355938964076,-185.990096997166
-286.49852985793495,-286.49852985793495,-292.2950106749615,-291.5399737561087,-185.990096997166
-288.1098956847951,-288.1098956847951,-287.4938597201632,-291.30014904524717,-185.990096997166
-287.79866171113764,-287.79866171113764,-284.162945854353,-290.44118162431596,-185.990096997166
-282.2479645734995,-282.2479645734995,-281.9480299968394,-290.6346438640103,-185.990096997166
-288.3983468821353,-288.3983468821353,-286.0176893573572,-291.7712716856473,-185.990096997166
-289.002833831141,-289.002833831141,-286.99616946875017,-292.7202871421281,-185.990096997166
-287.8336818968904,-287.8336818968904,-281.4695620008041,-292.7823960084758,-185.990096997166
-285.09820442344613,-285.09820442344613,-280.2924260283024,-293.1340920105144,-185.990096997166
-289.70796820085843,-289.70796820085843,-271.3709932291429,-292.2268432082347,-185.990096997166
-293.24771979449497,-293.24771979449497,-274.3734397040438,-291.9740210384646,-185.990096997166
-279.85623929731673,-279.85623929731673,-276.91914355376537,-291.40245193747404,-185.990096997166
-280.10504554911046,-280.10504554911046,-276.1122642570999,-290.09540738154016,-185.990096997166
-285.2902475899072,-285.2902475899072,-270.9829156104314,-288.4209082645852,-185.990096997166
-285.0315511646125,-285.0315511646125,-268.6965059471581,-288.3063953248604,-185.990096997166
-284.95872155761066,-284.95872155761066,-270.6965995636785,-290.5290086028761,-185.990096997166
-285.49584378069403,-285.49584378069403,-268.51338189199976,-289.45267509125665,-185.990096997166
-285.11807189151835,-285.11807189151835,-272.83959155789256,-289.7149665637025,-185.990096997166
-290.31047837264225,-290.31047837264225,-271.51933376315816,-288.90386706811546,-185.990096997166
-289.4777529016196,-289.4777529016196,-279.99167474130024,-287.9391573349109,-185.990096997166
-295.04570215554196,-295.04570215554196,-279.7351492655719,-288.43808723778585,-185.990096997166
-286.77623455255497,-286.77623455255497,-279.0229901818415,-288.0862055014228,-185.990096997166
-279.0910263468331,-279.0910263468331,-285.59994754933166,-288.5116290662926,-185.990096997166
-286.07351064580087,-286.07351064580087,-288.6262114921775,-288.052256599596,-185.990096997166
-293.6224205224701,-293.6224205224701,-290.66427047990527,-288.553911056906,-185.990096997166
-284.88991066215334,-284.88991066215334,-285.7312203846436,-288.2288829901305,-185.990096997166
-283.1466906987364,-283.1466906987364,-280.6334413656458,-286.57936020728977,-185.990096997166
-284.6078062687727,-284.6078062687727,-276.70187974987834,-284.77361753426817,-185.990096997166
-289.63794006777533,-289.63794006777533,-281.028634361245,-285.00247090999414,-185.990096997166
-289.4859127193919,-289.4859127193919,-278.890701212816,-285.7806571843269,-185.990096997166
-290.17846675119455,-290.17846675119455,-281.90265692038315,-284.69150203407503,-185.990096997166
-283.97010885353603,-283.97010885353603,-283.6356984948714,-285.3845581489984,-185.990096997166
-285.6714476028217,-285.6714476028217,-282.12037605529696,-284.673674183983,-185.990096997166
-285.44730158757017,-285.44730158757017,-282.04990715823044,-283.3787989782618,-185.990096997166
-290.04721938564074,-290.04721938564074,-279.1546528982481,-282.2908184903053,-185.990096997166
-283.06865654806376,-283.06865654806376,-274.04128182283296,-281.38238844811053,-185.990096997166
-287.68260802276706,-287.68260802276706,-276.0431630222931,-280.9322448379732,-185.990096997166
-290.3575998027693,-290.3575998027693,-286.23649266587256,-282.45744685248997,-185.990096997166
-289.77721452405035,-289.77721452405035,-283.1457910159869,-282.191749907277,-185.990096997166
-291.1343921935266,-291.1343921935266,-283.75952151236373,-282.43960530676776,-185.990096997166
-282.6872501561639,-282.6872501561639,-287.8840928057954,-283.39537496858793,-185.990096997166
-282.65687829104365,-282.65687829104365,-283.3656179932005,-283.0476921797281,-185.990096997166
-286.8767255157586,-286.8767255157586,-281.86451225535063,-282.63819196744845,-185.990096997166
-288.70392928903345,-288.70392928903345,-287.62965456793563,-282.69032693662564,-185.990096997166
-284.42220810573656,-284.42220810573656,-288.96260098257716,-281.8852120609456,-185.990096997166
-288.78483526391756,-288.78483526391756,-290.7206781749654,-281.4414938606956,-185.990096997166
-283.0670298319303,-283.0670298319303,-294.40567933153807,-281.3183670160454,-185.990096997166
-287.9963765091716,-287.9963765091716,-286.0428202339316,-280.6580692416758,-185.990096997166
-292.2100811564745,-292.2100811564745,-295.1107523891867,-282.21938751157586,-185.990096997166
-290.0457986730275,-290.0457986730275,-294.76330120859654,-281.7552383808439,-185.990096997166
-288.73718912808846,-288.73718912808846,-294.47778925902827,-283.6746255909645,-185.990096997166
-294.2093687860015,-294.2093687860015,-294.17312591695844,-283.4233152281274,-185.990096997166
-288.713459015913,-288.713459015913,-293.62692605717103,-283.86480523485005,-185.990096997166
-284.4628917101515,-284.4628917101515,-295.32016224734076,-284.92177021522315,-185.990096997166
-288.45787536161924,-288.45787536161924,-295.88236994586305,-284.6720800507503,-185.990096997166
-285.93850718424727,-285.93850718424727,-291.7896803371153,-282.5958920566472,-185.990096997166
-288.79021691793344,-288.79021691793344,-286.3241826639741,-281.1839696550902,-185.990096997166
-286.3005153974755,-286.3005153974755,-285.6717507932985,-281.4985070001747,-185.990096997166
-283.47818859699896,-283.47818859699896,-281.7663134946259,-282.5141650048405,-185.990096997166
-286.2393279195951,-286.2393279195951,-274.7994803760836,-282.440935810232,-185.990096997166
-287.41237374179445,-287.41237374179445,-270.8901481281705,-282.97796727578987,-185.990096997166
-286.28857902003926,-286.28857902003926,-264.00850594325846,-280.841187706026,-185.990096997166
-283.75117685678356,-283.75117685678356,-266.61806898396406,-281.96596618022284,-185.990096997166
-285.1555540238958,-285.1555540238958,-262.2746052859026,-283.1801081503174,-185.990096997166
-286.7283765960069,-286.7283765960069,-263.70121541986174,-283.67302194529105,-185.990096997166
-286.2451070564706,-286.2451070564706,-271.58276707286603,-282.7731255584847,-185.990096997166
-286.8302909933369,-286.8302909933369,-270.3712824524811,-281.55554976718645,-185.990096997166
-286.27856139308284,-286.27856139308284,-271.51167502948675,-281.23292369449354,-185.990096997166
-285.66430706071145,-285.66430706071145,-271.2035890967809,-282.45101607156505,-185.990096997166
-288.944726601234,-288.944726601234,-270.49346094690645,-280.5412930513533,-185.990096997166
-278.38067653713694,-278.38067653713694,-272.6819141209436,-281.5673202468642,-185.990096997166
-285.8098767359953,-285.8098767359953,-282.13265733477465,-281.4631211366127,-185.990096997166
-285.89195906273267,-285.89195906273267,-281.07322186200133,-281.0606210427568,-185.990096997166
-283.89523154000125,-283.89523154000125,-282.7342105664544,-282.0017079651728,-185.990096997166
-290.9421078706834,-290.9421078706834,-282.22477938158636,-281.9851237256273,-185.990096997166
-292.87165780494456,-292.87165780494456,-285.6976803311438,-282.7664175477847,-185.990096997166
-284.7331881741909,-284.7331881741909,-288.7328765476038,-283.17543680357807,-185.990096997166
-288.0059085312671,-288.0059085312671,-287.234323949505,-283.3394125344189,-185.990096997166
-290.2168260490518,-290.2168260490518,-291.10084912012337,-284.4654590233407,-185.990096997166
-286.1493616810614,-286.1493616810614,-292.8669983966889,-283.3365524881279,-185.990096997166
-283.94444696303066,-283.94444696303066,-289.2077476640855,-283.02833839560464,-185.990096997166
-289.6959446546265,-289.6959446546265,-285.12761600189435,-281.7615046380173,-185.990096997166
-287.4312024924771,-287.4312024924771,-284.5949771978958,-281.5555412712766,-185.990096997166
-283.37371743907244,-283.37371743907244,-285.8583387878085,-282.76339429108845,-185.990096997166
-293.55911296553927,-293.55911296553927,-286.2698663841337,-283.4081664228044,-185.990096997166
-288.0259788741471,-288.0259788741471,-282.37900947314967,-284.43396307784803,-185.990096997166
-284.6010844193346,-284.6010844193346,-279.1420283842241,-283.79520987596425,-185.990096997166
-289.45981616827777,-289.45981616827777,-278.2506656479137,-281.74224713082714,-185.990096997166
-285.89324415817623,-285.89324415817623,-274.92127157911744,-282.8205551359669,-185.990096997166
-293.53776269490373,-293.53776269490373,-283.0135354126508,-283.1873552681853,-185.990096997166
-282.46053329935955,-282.46053329935955,-288.17968412134314,-283.0874566587142,-185.990096997166
-282.56008991151504,-282.56008991151504,-294.61366390807154,-284.0111138209915,-185.990096997166
-289.0977012078707,-289.0977012078707,-294.4590881846986,-284.0744564571462,-185.990096997166
-287.36260161786834,-287.36260161786834,-288.874949759389,-283.01245332937907,-185.990096997166
-290.58833456765404,-290.58833456765404,-289.50075539568405,-283.5157973054258,-185.990096997166
-289.02487938752563,-289.02487938752563,-289.23465840231245,-284.1367591233175,-185.990096997166
-285.3142533082469,-285.3142533082469,-297.12687037297735,-284.3394480842521,-185.990096997166
-282.6364481306291,-282.6364481306291,-298.3869722429021,-284.21107753262123,-185.990096997166
-282.7589672689759,-282.7589672689759,-305.04632873694425,-284.80767040551837,-185.990096997166
-283.2551843652651,-283.2551843652651,-303.6719733364483,-284.9690896937556,-185.990096997166
-285.4011011190255,-285.4011011190255,-300.46719307311065,-284.2853374215307,-185.990096997166
-291.2171816767765,-291.2171816767765,-297.4028110116358,-284.65705083992697,-185.990096997166
-282.8431013876386,-282.8431013876386,-300.04406595386007,-285.35788443648397,-185.990096997166
-279.4341466658032,-279.4341466658032,-300.9262098671373,-284.13366285333836,-185.990096997166
-289.99287129750144,-289.99287129750144,-302.69778370732774,-284.87888005771873,-185.990096997166
-283.5371393624831,-283.5371393624831,-301.7516913008941,-286.12916131607324,-185.990096997166
-287.8138738894749,-287.8138738894749,-296.64095598926485,-286.40280274931024,-185.990096997166
-285.7218988836127,-285.7218988836127,-294.53445368893995,-285.98361811174954,-185.990096997166
-287.87022745274896,-287.87022745274896,-284.3357870532882,-285.3215651172508,-185.990096997166
-294.1546208479467,-294.1546208479467,-289.8493669392739,-287.9790670063937,-185.990096997166
-287.85405421589707,-287.85405421589707,-294.5939307350278,-289.0260939429021,-185.990096997166
-281.87813159158253,-281.87813159158253,-291.45432252408773,-290.1462141560928,-185.990096997166
-290.5006889766685,-290.5006889766685,-287.94993187435836,-289.6242570145629,-185.990096997166
-290.0460426073436,-290.0460426073436,-297.01297601191874,-291.0813369985416,-185.990096997166
-288.5409659702475,-288.5409659702475,-292.5504023298411,-290.6487174397146,-185.990096997166
-285.5762479641467,-285.5762479641467,-293.0834428003399,-290.42929646156796,-185.990096997166
-282.0204256390796,-282.0204256390796,-296.6721143442813,-291.66296912767024,-185.990096997166
-278.09724124993886,-278.09724124993886,-300.65753121985784,-291.81278934982373,-185.990096997166
-285.6955521957274,-285.6955521957274,-297.6806765364213,-290.61698260517886,-185.990096997166
-289.62274782044204,-289.62274782044204,-294.89589469281464,-292.85955375557523,-185.990096997166
-285.71242935775217,-285.71242935775217,-288.4373437417303,-292.1771798670594,-185.990096997166
-281.67579909297024,-281.67579909297024,-294.8785205917769,-292.6953868074933,-185.990096997166
-283.69277357214753,-283.69277357214753,-299.83871446149664,-293.3773555344619,-185.990096997166
-284.823529403116,-284.823529403116,-293.7309040937192,-293.2806757039946,-185.990096997166
-282.5299873908188,-282.5299873908188,-294.4039045842786,-293.084542480253,-185.990096997166
-284.82087890366813,-284.82087890366813,-293.0657928292882,-291.90291896119686,-185.990096997166
-284.14673309943214,-284.14673309943214,-295.43362538586763,-293.00311889532304,-185.990096997166
-284.5613775284213,-284.5613775284213,-302.2078637999284,-294.8074973199084,-185.990096997166
-286.2177395505624,-286.2177395505624,-304.44640629326835,-293.2860940398079,-185.990096997166
-287.76471912640466,-287.76471912640466,-297.5643861314576,-293.799031302529,-185.990096997166
-289.8233285639233,-289.8233285639233,-297.5968867709665,-293.8550076884356,-185.990096997166
-286.2317401032473,-286.2317401032473,-299.20998042440414,-295.51185969199526,-185.990096997166
-291.18210338356874,-291.18210338356874,-296.4462488095174,-295.7476098567862,-185.990096997166
-290.8915281619528,-290.8915281619528,-296.9913512015385,-295.5072781867405,-185.990096997166
-287.09285519087484,-287.09285519087484,-295.6269599231167,-294.9559611880496,-185.990096997166
-281.1525720475336,-281.1525720475336,-294.6635445448803,-294.359825975543,-185.990096997166
-289.8675394449351,-289.8675394449351,-292.11244079310376,-295.597201377099,-185.990096997166
-290.9166412751381,-290.9166412751381,-288.37116683004206,-296.8315975563341,-185.990096997166
-284.1474963438692,-284.1474963438692,-292.2851722534416,-296.7588741746727,-185.990096997166
-283.9277566970914,-283.9277566970914,-293.128352977307,-295.82199481546024,-185.990096997166
-290.2490371119995,-290.2490371119995,-291.2060884861731,-294.4602885614016,-185.990096997166
-285.27873309967663,-285.27873309967663,-280.3192289071549,-292.65297269181195,-185.990096997166
-290.2581019144599,-290.2581019144599,-277.6054134310074,-292.376874906048,-185.990096997166
-287.79724327712773,-287.79724327712773,-277.1313933146303,-293.15856689778883,-185.990096997166
-289.6882116804472,-289.6882116804472,-284.17953710651256,-293.8917175302154,-185.990096997166
-287.54258960616016,-287.54258960616016,-288.7169006185469,-294.2562744187899,-185.990096997166
-287.28843565553757,-287.28843565553757,-285.4807251330875,-293.267972329121,-185.990096997166
-283.2578024894705,-283.2578024894705,-283.8934731776929,-293.93289774329224,-185.990096997166
-285.9933897145769,-285.9933897145769,-280.7993259807161,-291.9094736234271,-185.990096997166
-285.31026971622987,-285.31026971622987,-281.67885221987206,-291.423370592145,-185.990096997166
-288.0530268972307,-288.0530268972307,-286.4931187926305,-291.6654737053056,-185.990096997166
-285.1006103075424,-285.1006103075424,-294.5710821399622,-292.08662691747713,-185.990096997166
-279.53475709786176,-279.53475709786176,-293.03070453158824,-290.97420262159363,-185.990096997166
-282.10335701107743,-282.10335701107743,-292.9737144152813,-291.5680678074176,-185.990096997166
-285.872275753779,-285.872275753779,-286.26236479168654,-290.6046337470871,-185.990096997166
-286.67422991267244,-286.67422991267244,-283.2127889286161,-290.5484939443343,-185.990096997166
-290.79883476577146,-290.79883476577146,-283.3567308827454,-290.6111273078171,-185.990096997166
-285.98661892404283,-285.98661892404283,-279.83360606223295,-290.9927282179508,-185.990096997166
-286.1169909726649,-286.1169909726649,-280.0761772963519,-291.05755167203984,-185.990096997166
-289.0323890201746,-289.0323890201746,-282.4977819615944,-289.95305359660915,-185.990096997166
-286.4645851274903,-286.4645851274903,-281.05200885707507,-288.9570893297151,-185.990096997166
-285.6865246632592,-285.6865246632592,-282.6330540712165,-290.3223732269029,-185.990096997166
-288.3567505587219,-288.3567505587219,-287.1473431037492,-290.8136848674718,-185.990096997166
-283.8845094602383,-283.8845094602383,-285.29711078506506,-289.2248947620469,-185.990096997166
-282.0755940671465,-282.0755940671465,-292.5326191393949,-290.6010771089979,-185.990096997166
-282.31228882146956,-282.31228882146956,-289.68131112389756,-289.86806760904585,-185.990096997166
-286.2408845622541,-286.2408845622541,-294.02088806384324,-290.08088205172953,-185.990096997166
-286.93201014270323,-286.93201014270323,-298.51124125063603,-290.5634702241065,-185.990096997166
-283.4068819880838,-283.4068819880838,-297.33858508459747,-290.9891333816751,-185.990096997166
-278.7329842286809,-278.7329842286809,-292.0583105073848,-289.3855367595231,-185.990096997166
-287.94350634835,-287.94350634835,-290.6520298010167,-289.40002654157234,-185.990096997166
-284.15365601231764,-284.15365601231764,-291.8131493454546,-289.70929897763847,-185.990096997166
-282.7652587487861,-282.7652587487861,-286.44753112250186,-288.13544819967285,-185.990096997166
-285.37038109980335,-285.37038109980335,-284.6960134335224,-287.4179166300075,-185.990096997166
-288.3240641253451,-288.3240641253451,-278.89884141401427,-287.500064474945,-185.990096997166
-283.6484501974583,-283.6484501974583,-284.4901711499994,-288.15294327318804,-185.990096997166
-286.7703180504109,-286.7703180504109,-268.7742643011808,-284.7490098347921,-160.8082698813944
-286.86772339518234,-286.86772339518234,-265.0989863731874,-283.14169473875825,-160.8082698813944
-286.6406603547058,-286.6406603547058,-264.23237599145716,-282.9463273213129,-160.8082698813944
-289.1493883039524,-289.1493883039524,-270.14724615583174,-283.902108764398,-160.8082698813944
-290.4755226433995,-290.4755226433995,-269.1924458785601,-283.7191383630911,-160.8082698813944
-286.7447879406538,-286.7447879406538,-261.5645783488193,-282.18021856252153,-160.8082698813944
-282.8057133082892,-282.8057133082892,-267.63690049191507,-282.3735785361524,-160.8082698813944
-286.1182622361696,-286.1182622361696,-272.8236273078067,-282.58437185126115,-160.8082698813944
-282.68621174698035,-282.68621174698035,-276.85590733957304,-283.7458539582363,-160.8082698813944
-290.0488692641685,-290.0488692641685,-273.4461947184682,-283.9094733079056,-160.8082698813944
-290.85563387224084,-290.85563387224084,-293.3167131258078,-284.98986430133294,-160.8082698813944
-281.88638022979677,-281.88638022979677,-293.80763663335466,-284.2289886994207,-160.8082698813944
-281.696489435087,-281.696489435087,-299.1530398242401,-284.3199008354726,-160.8082698813944
-282.40385499981033,-282.40385499981033,-297.5988603140573,-284.79621023174803,-160.8082698813944
-287.3189113420413,-287.3189113420413,-303.25231955294834,-286.12838457644614,-160.8082698813944
-283.9663160685308,-283.9663160685308,-302.306902000547,-286.5777531811999,-160.8082698813944
-283.8728344654633,-283.8728344654633,-295.7155001102116,-285.9955958719932,-160.8082698813944
-287.673882125147,-287.673882125147,-292.28939522745515,-285.6159722338261,-160.8082698813944
-281.4901435897822,-281.4901435897822,-286.23881511179593,-284.157709559293,-160.8082698813944
-284.7241888150102,-284.7241888150102,-281.70666328614584,-282.5074258414254,-160.8082698813944
-287.68515426945146,-287.68515426945146,-273.34447500957015,-282.56261427662946,-160.8082698813944
-283.16821141723324,-283.16821141723324,-278.29939442938564,-283.1101729497593,-160.8082698813944
-277.1780269802543,-277.1780269802543,-273.22464000552225,-282.80496364043375,-160.8082698813944
-291.61187271441145,-291.61187271441145,-270.1741702094155,-282.49527382965675,-160.8082698813944
-290.39926387674257,-290.39926387674257,-265.08779842829017,-281.84732050357803,-160.8082698813944
-290.4658289362101,-290.4658289362101,-266.2333283269301,-280.9102024185935,-160.8082698813944
-280.4551348852767,-280.4551348852767,-267.9849306626067,-280.9864410981969,-160.8082698813944
-284.7224086929626,-284.7224086929626,-267.2407272883061,-280.46937480843104,-160.8082698813944
-283.9679321245882,-283.9679321245882,-268.4901375075202,-280.60326410245966,-160.8082698813944
-289.47099370939554,-289.47099370939554,-267.00275684553,-279.2654194248082,-160.8082698813944
-292.0709527605054,-292.0709527605054,-265.5879395900012,-279.0088560180807,-160.8082698813944
-288.5639459405225,-288.5639459405225,-264.95618095742543,-280.1346879287978,-160.8082698813944
-287.68038292682365,-287.68038292682365,-269.7961704895194,-280.74896227906726,-160.8082698813944
-285.3512706005179,-285.3512706005179,-275.9675647586619,-281.1892303890702,-160.8082698813944
-290.64739893448245,-290.64739893448245,-277.4964192339404,-281.1362025789511,-160.8082698813944
-285.226766439094,-285.226766439094,-278.98670610901155,-280.18093282615246,-160.8082698813944
-287.8505073077658,-287.8505073077658,-279.2246119815692,-279.40189487376085,-160.8082698813944
-280.93134655798065,-280.93134655798065,-279.1364054854398,-279.237233748506,-160.8082698813944
-284.54906661658083,-284.54906661658083,-272.87385532038604,-276.67151133865787,-160.8082698813944
-281.93418754645216,-281.93418754645216,-282.5906429529864,-277.84728579062596,-160.8082698813944
-291.8459708738466,-291.8459708738466,-288.10067787981313,-277.8248139812746,-160.8082698813944
-288.5009607590379,-288.5009607590379,-281.94673055122195,-276.821785788915,-160.8082698813944
-294.0821958403678,-294.0821958403678,-285.8970415459218,-278.46065357133216,-160.8082698813944
-290.71168749762705,-290.71168749762705,-280.4200242655149,-278.8615731406963,-160.8082698813944
-290.288682459839,-290.288682459839,-282.4666826190804,-279.4991331425639,-160.8082698813944
-291.76534761539364,-291.76534761539364,-280.7499045071638,-277.9682838584943,-160.8082698813944
-291.34124449457846,-291.34124449457846,-279.7982048413905,-278.0720296175386,-160.8082698813944
-285.11813859938707,-285.11813859938707,-288.5337803301654,-280.0047871278347,-160.8082698813944
-285.63358494186707,-285.63358494186707,-296.0663640666761,-280.1050158691903,-160.8082698813944
-289.411261557742,-289.411261557742,-296.1815443102512,-280.1855604226763,-160.8082698813944
-288.6144044715862,-288.6144044715862,-292.18062290551984,-282.50608570214246,-160.8082698813944
-289.1417353847672,-289.1417353847672,-291.26769843511954,-282.05552820130146,-160.8082698813944
-293.60910285945147,-293.60910285945147,-279.18200973277663,-281.450580319596,-160.8082698813944
-289.87395955913547,-289.87395955913547,-279.16401995029116,-280.6649278995881,-160.8082698813944
-291.8353709968995,-291.8353709968995,-276.96242347966626,-281.0531286627851,-160.8082698813944
-290.5835803016118,-290.5835803016118,-280.6966268574338,-281.7946935602172,-160.8082698813944
-279.6553398716098,-279.6553398716098,-285.1336771714944,-281.5713849534545,-160.8082698813944
-287.6304405552696,-287.6304405552696,-274.7373227793006,-280.38752622213343,-160.8082698813944
-285.1761934093034,-285.1761934093034,-275.1720469924634,-279.7682437997683,-160.8082698813944
-287.67289882428696,-287.67289882428696,-273.92548728507506,-280.2814189359977,-160.8082698813944
-283.0328699080548,-283.0328699080548,-273.50959582440044,-278.544662241861,-160.8082698813944
-283.57408154862316,-283.57408154862316,-273.8440258715497,-278.0628060489405,-160.8082698813944
-287.27960498575504,-287.27960498575504,-279.08805229835355,-277.43758281441876,-160.8082698813944
-283.7377778743554,-283.7377778743554,-285.9101828491215,-278.327192406601,-160.8082698813944
-288.3871776280424,-288.3871776280424,-275.46655306100195,-275.4959753643958,-160.8082698813944
-288.3037799945099,-288.3037799945099,-275.31975226383435,-276.39726361287467,-160.8082698813944
-296.6461662659924,-296.6461662659924,-282.6408908436553,-278.9564631001432,-160.8082698813944
-290.9385146408416,-290.9385146408416,-286.76801213490535,-279.28324960362346,-160.8082698813944
-286.9332581382082,-286.9332581382082,-291.1576343467275,-280.75200764675463,-160.8082698813944
-290.56941545433614,-290.56941545433614,-286.75323607470864,-281.2907334937102,-160.8082698813944
-291.3873329101551,-291.3873329101551,-292.45450579576175,-282.3666683990993,-160.8082698813944
-293.82785270529666,-293.82785270529666,-298.2235053683768,-282.0476282367387,-160.8082698813944
-282.00964423712213,-282.00964423712213,-304.8810598387085,-283.768866781056,-160.8082698813944
-285.2269760009846,-285.2269760009846,-297.6850437648393,-283.8293671176857,-160.8082698813944
-287.09364511006544,-287.09364511006544,-305.8106405910646,-283.6405437969507,-160.8082698813944
-284.50571659452356,-284.50571659452356,-304.0145788081942,-283.9535137091275,-160.8082698813944
-290.10241652784475,-290.10241652784475,-293.8588568463748,-284.1312483368968,-160.8082698813944
-288.864605077239,-288.864605077239,-296.1700558726633,-285.0691153204949,-160.8082698813944
-283.83711847700516,-283.83711847700516,-289.1519704190461,-284.88437422905986,-160.8082698813944
-285.248870715914,-285.248870715914,-290.1587171525799,-285.92192555512025,-160.8082698813944
-283.66029747746035,-283.66029747746035,-283.41500495501464,-285.932081472102,-160.8082698813944
-289.8388646868228,-289.8388646868228,-278.5793831363811,-284.7722686725299,-160.8082698813944
-290.56786091964346,-290.56786091964346,-269.9239184164581,-283.7944163664437,-160.8082698813944
-285.24684943489194,-285.24684943489194,-275.2125853839789,-283.67837124274917,-160.8082698813944
-281.6519687206354,-281.6519687206354,-272.7849701250731,-282.6982539751773,-160.8082698813944
-284.86169284087373,-284.86169284087373,-270.2857802038258,-282.2133285280904,-160.8082698813944
-288.4262796093351,-288.4262796093351,-270.7141841266482,-282.4291627659126,-160.8082698813944
-291.1161557798685,-291.1161557798685,-267.6796391804702,-282.7777620595009,-160.8082698813944
-285.01525221384173,-285.01525221384173,-275.2426108789413,-285.35812534077087,-160.8082698813944
-291.38177878991223,-291.38177878991223,-275.0657903309087,-284.4169550307047,-160.8082698813944
-288.9896309725557,-288.9896309725557,-279.6947793162672,-284.2509017593928,-160.8082698813944
-291.67566159236503,-291.67566159236503,-280.05382350985917,-284.39368726425727,-160.8082698813944
-290.96585674991223,-290.96585674991223,-284.90665969178264,-283.5963399956159,-160.8082698813944
-280.3992669621877,-280.3992669621877,-285.2269343405173,-284.6397532577496,-160.8082698813944
-291.01177246920236,-291.01177246920236,-290.5148602581811,-284.3078895029974,-160.8082698813944
-288.91725744660334,-288.91725744660334,-300.49005276398645,-286.1613581794549,-160.8082698813944
-292.55429748564643,-292.55429748564643,-307.61845823970435,-287.9932134455754,-160.8082698813944
-289.9155309504071,-289.9155309504071,-308.870885593026,-286.8451831120731,-160.8082698813944
-287.2450166569397,-287.2450166569397,-307.29679455341824,-287.60421143811925,-160.8082698813944
-285.4827606033982,-285.4827606033982,-304.10945164258754,-286.00253649717195,-160.8082698813944
-284.77205063342245,-284.77205063342245,-305.4412827716477,-286.9030337326184,-160.8082698813944
-282.1023039595537,-282.1023039595537,-309.7213553788911,-288.08441865301165,-160.8082698813944
-292.2912568672802,-292.2912568672802,-306.11255252732764,-288.9824485545261,-160.8082698813944
