Average Episodic Reward,Average Episodic N-Reward,Avg Reward (last 10),Avg Reward (last 50),Best Reward
-426.25392135600407,-426.25392135600407,-457.0749400374851,-457.0749400374851,-457.0749400374851
-429.0900423099483,-429.0900423099483,-439.1285553893258,-439.1285553893258,-421.1821707411666
-425.4467629451858,-425.4467629451858,-419.7415327729762,-419.7415327729762,-380.96748754027715
-426.76340389567645,-426.76340389567645,-430.52945963868206,-430.52945963868206,-380.96748754027715
-429.1268054483319,-429.1268054483319,-428.5804920640031,-428.5804920640031,-380.96748754027715
-422.9021618422581,-422.9021618422581,-427.6418985804794,-427.6418985804794,-380.96748754027715
-422.08323352495165,-422.08323352495165,-425.79814337321193,-425.79814337321193,-380.96748754027715
-423.9456518580439,-423.9456518580439,-424.50666149918146,-424.50666149918146,-380.96748754027715
-427.56765248655904,-427.56765248655904,-426.4818969295829,-426.4818969295829,-380.96748754027715
-425.15828377427385,-425.15828377427385,-425.5481405457229,-425.5481405457229,-380.96748754027715
-430.9060315500272,-430.9060315500272,-423.3249575562807,-426.39313778184464,-380.96748754027715
-428.5117139164787,-428.5117139164787,-428.69256621189527,-430.431897741467,-380.96748754027715
-422.69529013947465,-422.69529013947465,-431.1602973552282,-428.5251978362469,-380.96748754027715
-426.817288314589,-426.817288314589,-428.19855516350674,-428.86452787069953,-380.96748754027715
-429.02796700070684,-429.02796700070684,-428.41225136038446,-428.46833159492394,-380.96748754027715
-429.20976771465905,-429.20976771465905,-437.61822602976844,-433.8771032362851,-380.96748754027715
-427.8542702447007,-427.8542702447007,-437.74355307148653,-432.8248549604323,-380.96748754027715
-430.90078800815934,-430.90078800815934,-441.29157165560844,-433.8316115860854,-380.96748754027715
-428.8513588358665,-428.8513588358665,-443.70451031690135,-435.5464302913295,-380.96748754027715
-427.1445501644836,-427.1445501644836,-450.2779363485082,-437.9130384471156,-380.96748754027715
-428.28635538361806,-428.28635538361806,-443.64972091631137,-434.61055832206694,-368.5609558210936
-427.5594513884456,-427.5594513884456,-435.8145966875234,-432.8785790805836,-368.5609558210936
-426.21381893747343,-426.21381893747343,-446.92895061053105,-436.5268294772401,-368.5609558210936
-428.21189702496036,-428.21189702496036,-446.03716615248504,-436.01979382144356,-368.5609558210936
-424.41237803186493,-424.41237803186493,-445.080375743171,-435.11314925422283,-368.5609558210936
-355.2482805129078,-355.2482805129078,-434.3121397022063,-434.0444249539471,-368.5609558210936
-331.1773490518164,-331.1773490518164,-423.76498981180646,-429.46934934983005,-310.517383642788
-313.58175842633506,-313.58175842633506,-410.28557160880047,-425.4223115941979,-310.517383642788
-309.809287760366,-309.809287760366,-396.6535615412054,-422.13509623956253,-310.517383642788
-309.66603637225813,-309.66603637225813,-383.28296231804984,-419.7030130707603,-310.517383642788
-311.19837980345824,-311.19837980345824,-377.09412813042843,-416.05687116347383,-306.6726139448801
-297.8733955178555,-297.8733955178555,-370.4226485517429,-413.3611007903209,-306.6726139448801
-301.2746381393109,-301.2746381393109,-349.3457651997786,-410.1083251507366,-306.01950468403936
-306.7201515230622,-306.7201515230622,-343.86906837325233,-408.91663927785794,-306.01950468403936
-302.76271122630084,-302.76271122630084,-330.22305244811986,-405.1445501667649,-276.8935203895995
-306.27562504368615,-306.27562504368615,-317.726398164123,-401.7338619567738,-276.8935203895995
-305.66627748463,-305.66627748463,-315.9102669033673,-398.7777054453807,-276.8935203895995
-293.07429715923865,-293.07429715923865,-315.4803563309957,-396.4902181038816,-276.8935203895995
-297.5782522744297,-297.5782522744297,-317.6276159003881,-395.33830640900504,-276.8935203895995
-298.0456322847863,-298.0456322847863,-306.43931293702684,-391.387088037327,-237.28957154188438
-303.0426235623817,-303.0426235623817,-304.9849873005975,-388.9661677822845,-237.28957154188438
-290.357881332486,-290.357881332486,-302.87143543802847,-387.0540376112037,-237.28957154188438
-296.6855224946768,-296.6855224946768,-301.7766255778271,-384.91490664540885,-237.28957154188438
-292.97055925711715,-292.97055925711715,-288.620058114705,-381.5765071953232,-237.28957154188438
-287.1534690037829,-287.1534690037829,-286.01622936230405,-378.6715899879958,-237.28957154188438
-294.5817458077908,-294.5817458077908,-285.5735721196955,-376.48162503566977,-237.28957154188438
-294.77219654747876,-294.77219654747876,-277.41117299325015,-372.95503896620403,-210.7320797707782
-291.8034968780429,-291.8034968780429,-281.9263159798696,-372.6227384947124,-210.7320797707782
-293.91673079855644,-293.91673079855644,-275.9034359203537,-370.9638430439741,-210.7320797707782
-295.0889086035774,-295.0889086035774,-283.25970280146714,-369.761610990155,-210.7320797707782
-294.07682837671075,-294.07682837671075,-284.0219689685458,-366.6151525744327,-210.7320797707782
-291.1566854958222,-291.1566854958222,-278.4393038228476,-363.24811014240754,-210.7320797707782
-289.0843522381907,-289.0843522381907,-282.6828356858196,-362.37889488583687,-210.7320797707782
-290.56900881728393,-290.56900881728393,-290.27952249319424,-359.4008740594287,-210.7320797707782
-292.1192225620374,-292.1192225620374,-293.57390538552124,-356.6611628599001,-210.7320797707782
-286.6220791686318,-286.6220791686318,-293.6809489558157,-353.7822569943218,-210.7320797707782
-286.7895698418832,-286.7895698418832,-299.5324086608136,-350.8724782881447,-210.7320797707782
-288.597004523561,-288.597004523561,-290.92122770613344,-347.98100865628146,-210.7320797707782
-299.7781825519964,-299.7781825519964,-292.4943728067243,-345.27669929711453,-210.7320797707782
-293.8598372735607,-293.8598372735607,-292.92786200170394,-343.2375552813512,-210.7320797707782
-293.00116720217613,-293.00116720217613,-287.98184981852324,-339.54653102688127,-210.7320797707782
-288.32462200022,-288.32462200022,-294.3075988866832,-336.3711166773651,-210.7320797707782
-287.34370518496894,-287.34370518496894,-286.6260789905622,-333.4720512129037,-210.7320797707782
-283.8492061563123,-283.8492061563123,-285.1730065864009,-330.79576434400747,-210.7320797707782
-286.3142951421294,-286.3142951421294,-289.14652941412925,-328.80801847064913,-210.7320797707782
-287.68469324797013,-287.68469324797013,-287.4803974928243,-323.75469128693294,-210.7320797707782
-289.91681489143144,-289.91681489143144,-289.94265422654036,-321.3122985191556,-210.7320797707782
-282.9100827897098,-282.9100827897098,-290.5646141539592,-317.83561715595164,-210.7320797707782
-285.53917059523536,-285.53917059523536,-287.03554107402675,-313.94290544853965,-210.7320797707782
-288.3711838321118,-288.3711838321118,-282.4552690820765,-309.67302182806486,-210.7320797707782
-289.4493684276404,-289.4493684276404,-287.1387886808151,-308.244344579782,-210.7320797707782
-293.17883333838586,-293.17883333838586,-286.66480020177767,-306.54115738021596,-210.7320797707782
-291.56863321534524,-291.56863321534524,-283.62954930828005,-300.8121709524535,-210.7320797707782
-280.47215317425895,-280.47215317425895,-285.19388290354357,-298.6271076942192,-210.7320797707782
-283.7453299730377,-283.7453299730377,-285.46297778134294,-296.8845388782835,-210.7320797707782
-397.5978853449849,-397.5978853449849,-290.6200012044273,-295.0162635873771,-210.7320797707782
-389.0873621583447,-389.0873621583447,-301.2209635545138,-296.80349326769704,-210.7320797707782
-390.00824186242005,-390.00824186242005,-312.81511039497644,-298.34152491318684,-210.7320797707782
-387.4214629413084,-387.4214629413084,-325.70541403977074,-299.7532759482527,-210.7320797707782
-381.3761406908283,-381.3761406908283,-331.7707603665936,-299.37058143777364,-210.7320797707782
-372.3703855835671,-372.3703855835671,-344.1725943963956,-301.6600378329755,-210.7320797707782
-378.5242286276953,-378.5242286276953,-353.1781700762879,-303.092261685125,-210.7320797707782
-374.1883328108898,-374.1883328108898,-362.38550649694173,-303.4201192118862,-210.7320797707782
-362.0762491589926,-362.0762491589926,-369.74182492706603,-303.80165900498196,-210.7320797707782
-359.34535868309854,-359.34535868309854,-373.13270288429646,-305.4664689655188,-210.7320797707782
-349.19981044649256,-349.19981044649256,-371.40191964694026,-305.7513678839406,-210.7320797707782
-343.3486081011293,-343.3486081011293,-369.401536534886,-307.50174719400076,-210.7320797707782
-349.97442903517475,-349.97442903517475,-367.48729010221086,-308.7429116674299,-210.7320797707782
-338.25498163921054,-338.25498163921054,-357.9639331460184,-307.82053939737875,-210.7320797707782
-337.48536651522693,-337.48536651522693,-360.35159088160145,-310.15303702668854,-210.7320797707782
-331.6317019565212,-331.6317019565212,-348.9706434099416,-310.45716905484437,-210.7320797707782
-332.40990956831934,-332.40990956831934,-339.6178852979609,-310.44155165711146,-210.7320797707782
-329.3039424011541,-329.3039424011541,-342.3540615774192,-311.53560641180457,-210.7320797707782
-324.4844534903812,-324.4844534903812,-334.60558200320713,-312.9987637826824,-210.7320797707782
-318.2997117103772,-318.2997117103772,-330.14641172824986,-314.29250543870796,-210.7320797707782
-319.66026246609204,-319.66026246609204,-334.63139244096135,-315.5629319481938,-210.7320797707782
-318.27273408219173,-318.27273408219173,-325.6314572173421,-317.14580403881916,-210.7320797707782
-306.2757946242976,-306.2757946242976,-316.3316063127238,-315.62396973400075,-210.7320797707782
-311.11355093097666,-311.11355093097666,-314.2172908719058,-315.4833103876892,-210.7320797707782
-301.5746215255636,-301.5746215255636,-307.0852968611624,-314.9181558386276,-210.7320797707782
-305.07824840453304,-305.07824840453304,-308.6143280441537,-315.3756408699658,-210.7320797707782
-299.43939978833674,-299.43939978833674,-306.1761581519987,-315.98892252294166,-210.7320797707782
-300.57916100628347,-300.57916100628347,-300.35332980247733,-315.06970523513615,-210.7320797707782
-302.26135620694527,-302.26135620694527,-297.46598351175834,-314.43605598639516,-210.7320797707782
-297.09015665150775,-297.09015665150775,-292.23113020025437,-314.02395040165453,-210.7320797707782
-298.97824780989885,-298.97824780989885,-288.91250555531576,-314.6092432680938,-210.7320797707782
-294.67832693845,-294.67832693845,-293.2570909471612,-315.8907404960887,-210.7320797707782
-288.59207162423695,-288.59207162423695,-294.2365333604493,-316.28703086486394,-210.7320797707782
-295.99761765234945,-295.99761765234945,-301.7786570231365,-317.3401672309716,-210.7320797707782
-295.3396375057815,-295.3396375057815,-300.18402824804394,-316.3693890878956,-210.7320797707782
-293.0997520826071,-293.0997520826071,-299.3081444123806,-317.64089978873733,-210.7320797707782
-297.2781813862415,-297.2781813862415,-308.1697046982319,-318.76134368525146,-210.7320797707782
-297.46869829140377,-297.46869829140377,-301.5785848255028,-318.0602064021242,-210.7320797707782
-292.5494577437082,-292.5494577437082,-306.81342253013315,-318.7641391751416,-210.7320797707782
-286.05318314480263,-286.05318314480263,-309.7830724363698,-318.1512590061027,-210.7320797707782
-291.6823672301323,-291.6823672301323,-305.71815573671563,-318.2567949168721,-210.7320797707782
-290.49849714628317,-290.49849714628317,-303.1623160863617,-318.534672868053,-210.7320797707782
-288.69141895235845,-288.69141895235845,-306.29460863131646,-319.4330297603354,-210.7320797707782
-291.6354280509849,-291.6354280509849,-302.7636655567385,-320.48579212751395,-210.7320797707782
-285.59742841132316,-285.59742841132316,-308.15238937088964,-321.5088131456582,-210.7320797707782
-285.39423332768826,-285.39423332768826,-304.775147830714,-321.1681716187171,-210.7320797707782
-287.00119704380745,-287.00119704380745,-293.6361522435491,-320.15561409360566,-210.7320797707782
-290.38680017235066,-290.38680017235066,-301.43859110933846,-321.6220147623359,-210.7320797707782
-284.2467352380008,-284.2467352380008,-289.82273991062357,-319.6899105765576,-210.7320797707782
-285.4865465189209,-285.4865465189209,-293.5090236994484,-319.7604681897238,-210.7320797707782
-287.8264432811934,-287.8264432811934,-302.4051398346088,-320.61382264290836,-210.7320797707782
-285.73760732209644,-285.73760732209644,-303.333214444517,-318.9571230460536,-210.7320797707782
-281.03513874592625,-281.03513874592625,-310.7955250228808,-319.0291126859163,-210.7320797707782
-286.1194016329256,-286.1194016329256,-305.08295030674026,-316.36129938090784,-210.7320797707782
-284.4507031227199,-284.4507031227199,-300.75297590519153,-315.30525625337776,-210.7320797707782
-281.8208001138518,-281.8208001138518,-296.1643184035498,-311.566516420148,-210.7320797707782
-276.7044340577435,-276.7044340577435,-300.02580867997256,-309.5251418143427,-210.7320797707782
-287.30662913612656,-287.30662913612656,-301.700115185453,-309.4849365000382,-210.7320797707782
-284.7201573757094,-284.7201573757094,-316.62287473629647,-309.06612053840377,-210.7320797707782
-288.6811100553048,-288.6811100553048,-309.8261780527144,-307.0991632234074,-210.7320797707782
-280.85631759072817,-280.85631759072817,-295.511758331278,-305.4357903797759,-210.7320797707782
-275.6364026224512,-275.6364026224512,-299.6024840076412,-304.99731254060464,-210.7320797707782
-285.57554524252527,-285.57554524252527,-294.72015582494544,-304.47568583046314,-210.7320797707782
-278.5990265094075,-278.5990265094075,-297.40525557587824,-304.24956386687984,-210.7320797707782
-289.72900057818276,-289.72900057818276,-304.58172659630725,-304.151283396319,-210.7320797707782
-284.649845601166,-284.649845601166,-303.8298806958711,-302.5383638773339,-210.7320797707782
-283.40013058652784,-283.40013058652784,-299.7337691313301,-301.54831858101653,-210.7320797707782
-285.12461394619066,-285.12461394619066,-296.4348916209484,-300.301102508744,-210.7320797707782
-285.0295994496957,-285.0295994496957,-292.07413685603115,-300.5598315089685,-210.7320797707782
-285.50814350220736,-285.50814350220736,-295.80530299313256,-300.23094147638386,-210.7320797707782
-282.16660793629524,-282.16660793629524,-299.67414198877145,-298.4443402893379,-210.7320797707782
-284.80379368297264,-284.80379368297264,-297.6538371017488,-299.401788517486,-210.7320797707782
-277.25913369886314,-277.25913369886314,-290.6681562779714,-299.3429958235127,-210.7320797707782
-278.83562710766705,-278.83562710766705,-291.1321552867811,-299.6325367498549,-210.7320797707782
-283.98665884003344,-283.98665884003344,-288.02653326593855,-300.3395306772742,-210.7320797707782
-284.63555156068355,-284.63555156068355,-296.1025384004078,-300.0360059485847,-210.7320797707782
-282.17408289623984,-282.17408289623984,-299.3338838795079,-300.17986372651836,-210.7320797707782
-288.6821952217963,-288.6821952217963,-300.0071652975631,-300.23186960776115,-210.7320797707782
-284.95011134571996,-284.95011134571996,-302.36116342227433,-301.53886749107176,-210.7320797707782
-278.8840430879338,-278.8840430879338,-301.64194135257793,-302.1131037068486,-210.7320797707782
-285.086005450895,-285.086005450895,-302.3014903887893,-301.1221372560326,-210.7320797707782
-279.6019370409217,-279.6019370409217,-295.0627422098422,-299.76291877002217,-210.7320797707782
-283.8561873185459,-283.8561873185459,-299.03470669913924,-300.3026304912507,-210.7320797707782
-287.26358218319155,-287.26358218319155,-298.0388749741731,-298.88458034006226,-210.7320797707782
-282.73090917223436,-282.73090917223436,-295.33406668516574,-299.36953836469854,-210.7320797707782
-285.89268389668,-285.89268389668,-291.45317016625137,-298.46501109935883,-210.7320797707782
-280.2620957792245,-280.2620957792245,-292.89797094764117,-297.12551697640015,-210.7320797707782
-273.87723161883673,-273.87723161883673,-295.37398461073366,-298.9909495648073,-210.7320797707782
-277.2930353767811,-277.2930353767811,-293.568184235971,-298.8898198322393,-210.7320797707782
-286.9948852790075,-286.9948852790075,-292.35129956183926,-298.6267491319425,-210.7320797707782
-280.9577351982474,-280.9577351982474,-295.53677869139347,-299.08586184696816,-210.7320797707782
-278.8525208322497,-278.8525208322497,-294.7151386691775,-298.0734832865853,-210.7320797707782
-280.2959789490719,-280.2959789490719,-291.8546696669669,-297.4146426983807,-210.7320797707782
-283.9030199713644,-283.9030199713644,-289.60826838060046,-296.2535009048346,-210.7320797707782
-286.6930393746127,-286.6930393746127,-286.58158067229476,-295.0553766249796,-210.7320797707782
-277.57262626161685,-277.57262626161685,-289.3782516586628,-295.38563186494855,-210.7320797707782
-282.7987207455744,-282.7987207455744,-290.1235932725171,-296.4230051821938,-210.7320797707782
-281.6810807738538,-281.6810807738538,-286.54881471671786,-296.0129942862833,-210.7320797707782
-281.27744413146223,-281.27744413146223,-279.89770449897253,-296.9048127499091,-210.7320797707782
-279.8000698505363,-279.8000698505363,-273.4687179466776,-294.6186879813884,-210.7320797707782
-279.3750672357533,-279.3750672357533,-275.28634633795934,-293.66210314763833,-210.7320797707782
-281.69745073892574,-281.69745073892574,-278.4344948527958,-293.09373936824113,-210.7320797707782
-279.376153173533,-279.376153173533,-278.79699551581706,-291.014936796968,-210.7320797707782
-277.5795574586256,-277.5795574586256,-284.34142519656814,-292.1051958828003,-210.7320797707782
-280.9075342230458,-280.9075342230458,-285.5880911338951,-292.02239967072023,-210.7320797707782
-283.3120390464217,-283.3120390464217,-278.21894291748004,-291.79655676773467,-210.7320797707782
-285.0436000575624,-285.0436000575624,-272.6703136976888,-290.951906185737,-210.7320797707782
-281.7931498565216,-281.7931498565216,-275.54712003278036,-290.78239525574867,-210.7320797707782
-272.69190101009656,-272.69190101009656,-280.47576119726256,-289.6753900421023,-210.7320797707782
-281.8112331558252,-281.8112331558252,-283.21106678439656,-289.2956657277248,-210.7320797707782
-280.150414663115,-280.150414663115,-280.4968106197726,-290.6591136053372,-210.7320797707782
-287.47688641145936,-287.47688641145936,-276.8075083952274,-288.53474424575836,-210.7320797707782
-284.07298976787837,-284.07298976787837,-280.31631380122343,-288.13416839222356,-210.7320797707782
-282.0942711108646,-282.0942711108646,-278.0948484173772,-288.2431144511,-210.7320797707782
-284.6508677166976,-284.6508677166976,-279.73769459705693,-287.0535932708702,-210.7320797707782
-281.98003765861284,-281.98003765861284,-287.6303486507737,-288.5566503587151,-210.7320797707782
-284.3067954242283,-284.3067954242283,-292.4581387387531,-289.4967801072216,-210.7320797707782
-278.90361911899925,-278.90361911899925,-287.4421283325373,-288.9838425980665,-210.7320797707782
-278.1019333768135,-278.1019333768135,-287.14667609285914,-288.68989788946794,-210.7320797707782
-280.82208045619643,-280.82208045619643,-287.38937001367105,-287.6124791318325,-210.7320797707782
-283.4382498831203,-283.4382498831203,-288.5090339363077,-288.42609199484446,-210.7320797707782
-282.5922742216091,-282.5922742216091,-290.37542615140643,-287.0790620556899,-210.7320797707782
-273.4475924138378,-273.4475924138378,-295.03281329863387,-289.00709979635616,-210.7320797707782
-283.20316907795336,-283.20316907795336,-290.25168230438607,-288.0670198546211,-210.7320797707782
-275.76246314559876,-275.76246314559876,-285.19352344691555,-286.4869913070656,-210.7320797707782
-277.0444830992989,-277.0444830992989,-283.9632362696911,-286.1287899325718,-210.7320797707782
-280.04043328001825,-280.04043328001825,-281.7531989527888,-285.9806431218778,-210.7320797707782
-283.0537559579454,-283.0537559579454,-280.6871623911023,-285.1198420167743,-210.7320797707782
-279.0483804489866,-279.0483804489866,-277.8131650003281,-283.7802982050786,-210.7320797707782
-277.566575988864,-277.566575988864,-281.22390565564683,-283.52887199244617,-210.7320797707782
-279.7170231334557,-279.7170231334557,-283.17648288116345,-284.6010904933193,-210.7320797707782
-279.73165587572953,-279.73165587572953,-287.835963192318,-285.63370625218505,-210.7320797707782
-284.4787160261621,-284.4787160261621,-281.0710774298374,-285.4143739424957,-210.7320797707782
-283.36876610293575,-283.36876610293575,-290.3817564325451,-286.5355961462954,-210.7320797707782
-280.28753603862566,-280.28753603862566,-293.3011867229578,-286.080415314624,-210.7320797707782
-281.0705243120148,-281.0705243120148,-293.2512100647473,-286.48839791227095,-210.7320797707782
-280.61739237995937,-280.61739237995937,-294.4550638705923,-286.29206170646796,-210.7320797707782
-274.5815187533359,-274.5815187533359,-299.9305428414927,-286.0311536629261,-210.7320797707782
-278.97509325627726,-278.97509325627726,-297.2924375593328,-284.52514886975104,-210.7320797707782
-280.6930062381374,-280.6930062381374,-299.26356506733686,-284.91132509354577,-210.7320797707782
-278.4212020271495,-278.4212020271495,-303.4228721812645,-286.1783091912936,-210.7320797707782
-275.85310010946904,-275.85310010946904,-299.4545990599253,-286.5815983303346,-210.7320797707782
-280.8555677234056,-280.8555677234056,-294.04325733716104,-285.8520914765346,-210.7320797707782
-278.89325112177943,-278.89325112177943,-282.6848624565567,-285.15091496148665,-210.7320797707782
-279.71770146201953,-279.71770146201953,-282.2959674047307,-285.2232926611112,-210.7320797707782
-278.7639226916909,-278.7639226916909,-279.3365563859222,-284.4800588577229,-210.7320797707782
-286.93632915076125,-286.93632915076125,-286.8634466839257,-285.6400323887498,-210.7320797707782
-279.0440563954235,-279.0440563954235,-282.1473220159929,-285.15085512278114,-210.7320797707782
-273.8915017253571,-273.8915017253571,-282.28790905318067,-285.0031897805927,-210.7320797707782
-273.2506172806972,-273.2506172806972,-279.4395391875776,-286.1054893417258,-210.7320797707782
-280.73526780257816,-280.73526780257816,-275.45614340876733,-286.21226860545505,-210.7320797707782
-279.0229238487924,-279.0229238487924,-272.0888883132791,-285.3124770224312,-210.7320797707782
-277.0051951042934,-277.0051951042934,-279.8745462002993,-286.067601613431,-210.7320797707782
-283.7752162796515,-283.7752162796515,-286.677603797268,-285.6181506816266,-210.7320797707782
-278.6200772185685,-278.6200772185685,-289.31995180446654,-285.96966479522547,-210.7320797707782
-278.34591312341325,-278.34591312341325,-294.3750927835059,-287.711288830928,-210.7320797707782
-286.4583018960918,-286.4583018960918,-286.12166058860356,-288.3303017669327,-210.7320797707782
-271.58004603556896,-271.58004603556896,-293.374896312792,-288.71641037878345,-210.7320797707782
-278.44949948233574,-278.44949948233574,-293.38519190626226,-287.5850759223926,-210.7320797707782
-281.29425465728946,-281.29425465728946,-293.68482550191277,-288.20024108522904,-210.7320797707782
-281.79632239239237,-281.79632239239237,-289.74939517947735,-288.0627855173961,-210.7320797707782
-267.45442356959126,-267.45442356959126,-289.109935788335,-287.7729625010528,-210.7320797707782
-273.5982872103999,-273.5982872103999,-281.55197631834574,-286.31473411685545,-210.7320797707782
-279.0366757920632,-279.0366757920632,-280.98488729372747,-286.1961584568967,-210.7320797707782
-274.9919778578943,-274.9919778578943,-273.2036365430605,-284.6628531844262,-210.7320797707782
-281.45990798514987,-281.45990798514987,-267.2399339764118,-283.63320589605564,-210.7320797707782
-276.3749557756921,-276.3749557756921,-273.3061564713239,-284.49990531344685,-210.7320797707782
-282.97577080473053,-282.97577080473053,-271.12521030951496,-285.45302677417897,-210.7320797707782
-282.11227021753643,-282.11227021753643,-272.0188618708707,-284.5595130779949,-210.7320797707782
-277.24387675312795,-277.24387675312795,-269.7827287810857,-284.67891283871194,-210.7320797707782
-280.84086829431806,-280.84086829431806,-277.19159799618836,-285.7992983293722,-210.7320797707782
-276.6367967467011,-276.6367967467011,-278.79382334679497,-285.45664194013045,-210.7320797707782
-279.7124255446574,-279.7124255446574,-281.2065338958828,-283.54947823630516,-210.7320797707782
-280.1475551479241,-280.1475551479241,-279.1017857632517,-283.9661791486698,-210.7320797707782
-277.4502516985311,-277.4502516985311,-289.7836190122499,-285.5808722974931,-210.7320797707782
-272.36299299869626,-272.36299299869626,-293.23902718673406,-285.48836407946425,-210.7320797707782
-280.705125884239,-280.705125884239,-284.82993643465807,-285.11525280982073,-210.7320797707782
-282.66050433357765,-282.66050433357765,-279.5841219614898,-285.2324186882565,-210.7320797707782
-278.0659431077346,-278.0659431077346,-278.0623715580955,-284.6093543895484,-210.7320797707782
-280.0445159105873,-280.0445159105873,-288.9132247790841,-286.21677666339946,-210.7320797707782
-285.5613314358969,-285.5613314358969,-279.7084233516012,-285.10568642345976,-210.7320797707782
-278.9791072684409,-278.9791072684409,-282.68322377342383,-284.4260940563516,-210.7320797707782
-274.573632618615,-274.573632618615,-281.9687675721116,-283.72901626476005,-210.7320797707782
-279.9525789665034,-279.9525789665034,-285.3799889176331,-282.9658256456874,-210.7320797707782
-279.200917521865,-279.200917521865,-283.4193932235068,-283.60451359760293,-210.7320797707782
-282.6879740632719,-282.6879740632719,-287.4914396276114,-284.3364099920371,-210.7320797707782
-284.1052121246235,-284.1052121246235,-290.0000424304752,-284.2242485217973,-210.7320797707782
-281.9017305517351,-281.9017305517351,-302.5597642780892,-285.75826297557575,-210.7320797707782
-277.06021947966195,-277.06021947966195,-305.4196842645934,-286.2348037306005,-210.7320797707782
-274.46531322886835,-274.46531322886835,-295.84864971334457,-285.53379359260094,-210.7320797707782
-280.3602422528756,-280.3602422528756,-301.178621339277,-284.6568362550623,-210.7320797707782
-278.293281592016,-278.293281592016,-300.8136959864245,-284.6979134416515,-210.7320797707782
-284.9195583266481,-284.9195583266481,-300.28261450685085,-284.976887698698,-210.7320797707782
-285.1183553228483,-285.1183553228483,-297.0889298148016,-285.84663911733634,-210.7320797707782
-278.09250767723006,-278.09250767723006,-292.15261126425224,-285.5758423695072,-210.7320797707782
-278.0900650370988,-278.0900650370988,-284.0847803150729,-285.2860547778672,-210.7320797707782
-282.94083666864464,-282.94083666864464,-287.92478463414534,-284.43651611184123,-210.7320797707782
-280.4575777714031,-280.4575777714031,-278.0087015217429,-284.9305388767258,-210.7320797707782
-282.86338858842237,-282.86338858842237,-274.9390495194767,-284.7650318238597,-210.7320797707782
-282.91370764479916,-282.91370764479916,-278.1939199053917,-285.2846697361638,-210.7320797707782
-280.4709057819855,-280.4709057819855,-276.4667563916315,-284.8589588516351,-210.7320797707782
-281.35756791328555,-281.35756791328555,-276.4945390511838,-285.5790435892324,-210.7320797707782
-278.1110625589904,-278.1110625589904,-284.0929301666192,-285.82056449196205,-210.7320797707782
-275.47337633752915,-275.47337633752915,-286.6861358154446,-285.8483455209717,-210.7320797707782
-284.9237934680721,-284.9237934680721,-289.6917959877671,-285.65021120616734,-210.7320797707782
-277.1943562936422,-277.1943562936422,-289.6433768089351,-284.33971158295304,-210.7320797707782
-275.98528572737575,-275.98528572737575,-287.4561320802843,-284.7034104101774,-210.7320797707782
-276.5842223364182,-276.5842223364182,-288.5157348237647,-283.95870657892027,-210.7320797707782
-278.09056473307146,-278.09056473307146,-294.06391091965105,-284.90077562653744,-210.7320797707782
-281.20678347327214,-281.20678347327214,-291.4415454906264,-284.8360137339065,-210.7320797707782
-286.15945139952163,-286.15945139952163,-290.1266642362357,-284.93441266298674,-210.7320797707782
-279.15283807472986,-279.15283807472986,-288.79776708710386,-285.5166098489862,-210.7320797707782
-283.4061346184378,-283.4061346184378,-283.7343852903483,-286.25704628636254,-210.7320797707782
-282.99262478248465,-282.99262478248465,-278.0784258870757,-285.2670532396413,-210.7320797707782
-279.09102443770564,-279.09102443770564,-278.37829840784593,-286.6851435791244,-210.7320797707782
-282.1406467889541,-282.1406467889541,-286.0764055904544,-288.10700590576164,-210.7320797707782
-281.8312191501753,-281.8312191501753,-285.36519773321015,-287.11521866255464,-210.7320797707782
-280.54138681718814,-280.54138681718814,-280.01239320557215,-285.7361431581317,-210.7320797707782
-281.519742784541,-281.519742784541,-282.7534036968724,-287.04768399173776,-210.7320797707782
-281.4903671227173,-281.4903671227173,-286.59698936035363,-288.1988658497601,-210.7320797707782
-277.8114225465214,-277.8114225465214,-289.64822751729685,-287.42573856720844,-210.7320797707782
-277.36510072922425,-277.36510072922425,-297.6049974756689,-289.278844674761,-210.7320797707782
-280.67659488413034,-280.67659488413034,-297.8138417351528,-289.5785078542165,-210.7320797707782
-279.51362310953994,-279.51362310953994,-300.58298806559816,-289.56329370011065,-210.7320797707782
-280.3869890438398,-280.3869890438398,-297.66817762308216,-288.26205530129084,-210.7320797707782
-280.04636950923356,-280.04636950923356,-294.0784941214346,-288.27489929270166,-210.7320797707782
-277.31358513530125,-277.31358513530125,-289.65974864182846,-288.0811811039886,-210.7320797707782
-270.65268784561556,-270.65268784561556,-292.98162740906855,-288.4156442476475,-210.7320797707782
-281.97550498183625,-281.97550498183625,-286.8670342393724,-288.80861652799314,-210.7320797707782
-272.47375080574284,-272.47375080574284,-281.8181732757831,-286.77985554909986,-210.7320797707782
-279.9477044340345,-279.9477044340345,-281.6371391054528,-287.8114817179787,-210.7320797707782
-284.3768827738376,-284.3768827738376,-273.3239622472796,-287.40699236953213,-210.7320797707782
-275.7238291917208,-275.7238291917208,-271.7884791333149,-287.54245016645723,-210.7320797707782
-283.89203272299955,-283.89203272299955,-274.65151193716906,-287.41759830401776,-210.7320797707782
-280.00754296754064,-280.00754296754064,-278.4519665136466,-287.26856995931877,-210.7320797707782
-275.4960793635479,-275.4960793635479,-283.17300491881997,-287.4112123509434,-210.7320797707782
-283.366706468023,-283.366706468023,-285.71550153510117,-287.22427292491386,-210.7320797707782
-280.08019608429964,-280.08019608429964,-285.0108166123391,-284.9058547144975,-210.7320797707782
-279.3371386641084,-279.3371386641084,-284.06301927317634,-284.5372835297097,-210.7320797707782
-273.50780064200757,-273.50780064200757,-284.73408796004185,-284.55694319843934,-210.7320797707782
-281.1319484140156,-281.1319484140156,-280.17198836146764,-283.6101551224169,-210.7320797707782
-285.23341321445383,-285.23341321445383,-289.32852604927297,-285.1099583821018,-210.7320797707782
-280.34614507765826,-280.34614507765826,-292.0302778248657,-285.8919828300602,-210.7320797707782
-277.86798889436955,-277.86798889436955,-290.36332973477505,-286.0724782880125,-210.7320797707782
-276.5484421234571,-276.5484421234571,-291.10357188264294,-287.0587620829969,-210.7320797707782
-278.9219248033725,-278.9219248033725,-282.5647206662085,-287.1072004211705,-210.7320797707782
-283.6610026418314,-283.6610026418314,-286.89952241671824,-287.0192204814285,-210.7320797707782
-276.6360900383379,-276.6360900383379,-291.6264289563927,-287.6294002014274,-210.7320797707782
-278.6513319107752,-278.6513319107752,-295.026027303914,-288.5546790865972,-210.7320797707782
-281.0926640352973,-281.0926640352973,-294.12746286331355,-287.74365179002376,-210.7320797707782
-282.30546982829696,-282.30546982829696,-293.23184160789623,-286.96317216566985,-210.7320797707782
-277.7349570500385,-277.7349570500385,-288.3563823078486,-287.4823270334348,-210.7320797707782
-287.3724852662048,-287.3724852662048,-288.0074255905534,-286.67488191484705,-210.7320797707782
-282.0352920801061,-282.0352920801061,-289.6381606834313,-286.66288326160986,-210.7320797707782
-280.5698906520094,-280.5698906520094,-287.4353835077589,-286.6074795869953,-210.7320797707782
-278.399725667316,-278.399725667316,-291.9813565687741,-287.57479637313827,-210.7320797707782
-278.41686635651024,-278.41686635651024,-282.5844067024587,-286.04487540586337,-210.7320797707782
-279.3457753722902,-279.3457753722902,-278.4940886061882,-285.62507095791216,-210.7320797707782
-280.3557049366316,-280.3557049366316,-274.4628768777585,-284.63447227821877,-210.7320797707782
-280.86163470970865,-280.86163470970865,-276.56529838262105,-284.76840236842264,-210.7320797707782
-273.613104935053,-273.613104935053,-279.8902937198603,-284.91589806239483,-210.7320797707782
-280.69233087874693,-280.69233087874693,-279.0276878606834,-285.5283111881507,-210.7320797707782
-275.1962720934253,-275.1962720934253,-278.5332258155049,-285.63465001987834,-210.7320797707782
-274.6661520019564,-274.6661520019564,-272.5888307229597,-285.5649642287867,-210.7320797707782
-288.76013634728537,-288.76013634728537,-271.40384764157585,-285.21258943374124,-210.7320797707782
-281.6629432712547,-281.6629432712547,-267.9375681546101,-283.9470288859694,-210.7320797707782
-278.0368066163395,-278.0368066163395,-270.1735798410306,-283.0065518274275,-210.7320797707782
-282.31975207726066,-282.31975207726066,-268.45648051309274,-283.3138884194163,-210.7320797707782
-275.0924862874444,-275.0924862874444,-276.0088923094865,-283.2855700007416,-210.7320797707782
-281.4210286714233,-281.4210286714233,-271.8693905097787,-281.8228825983077,-210.7320797707782
-279.6661436885293,-279.6661436885293,-269.35235355347015,-280.85672326962947,-210.7320797707782
-274.30070148518934,-274.30070148518934,-264.7791651957975,-278.9631447321765,-210.7320797707782
-281.43488872099095,-281.43488872099095,-262.43424934266704,-278.5587315413812,-210.7320797707782
-272.79189203823074,-272.79189203823074,-267.50485921166785,-278.9493384580006,-210.7320797707782
-281.5374707981764,-281.5374707981764,-271.1459520620467,-279.90814432153417,-210.7320797707782
-282.76935217703516,-282.76935217703516,-271.8669920056556,-279.50472846281366,-210.7320797707782
-286.0300325475811,-286.0300325475811,-279.5195772637969,-280.97851755182114,-210.7320797707782
-275.1523043551927,-275.1523043551927,-279.82476915970585,-280.6825167695437,-210.7320797707782
-279.1700214867832,-279.1700214867832,-279.1957521998779,-281.7513135928427,-210.7320797707782
-273.37118320822566,-273.37118320822566,-281.1805456168055,-281.69535706651214,-210.7320797707782
-280.4789279812965,-280.4789279812965,-286.8174229191362,-281.89278003236615,-210.7320797707782
-272.98149875985916,-272.98149875985916,-286.0672390894662,-281.51180010061375,-210.7320797707782
-281.12327875590415,-281.12327875590415,-288.3545014026649,-281.8719359952512,-210.7320797707782
-276.86177246101283,-276.86177246101283,-289.59170379529115,-281.937376829625,-210.7320797707782
-279.24366976324256,-279.24366976324256,-290.01445838052734,-282.22064269491034,-210.7320797707782
-279.05605894262897,-279.05605894262897,-290.2402021210547,-280.9181679032606,-210.7320797707782
-281.04212192451735,-281.04212192451735,-286.82481758289623,-281.20038076138013,-210.7320797707782
-280.4407143564397,-280.4407143564397,-284.53249392887454,-280.5868522328508,-210.7320797707782
-283.09856274657375,-283.09856274657375,-283.79618937009366,-281.69794761222613,-210.7320797707782
-278.61750170362467,-278.61750170362467,-286.28074265710086,-282.004688005924,-210.7320797707782
-276.5765566533886,-276.5765566533886,-279.3758535762597,-281.73355307532455,-210.7320797707782
-276.471769382551,-276.471769382551,-285.5243652591754,-280.75096794259423,-210.7320797707782
-281.73642840924214,-281.73642840924214,-282.28055234994855,-279.9219909002678,-210.7320797707782
-285.961301963044,-285.961301963044,-279.1430932987253,-279.69332954241503,-210.7320797707782
-281.5538423778108,-281.5538423778108,-279.3115279839669,-279.8622339151751,-210.7320797707782
-282.36919869774783,-282.36919869774783,-284.6274743999881,-281.3307186500165,-210.7320797707782
-282.34828335163616,-282.34828335163616,-284.8364998579778,-280.7877762496321,-210.7320797707782
-283.4713403773096,-283.4713403773096,-293.25466166383313,-280.91249877433887,-210.7320797707782
-276.43097556382986,-276.43097556382986,-292.84640473433683,-281.2620230983107,-210.7320797707782
-278.4904803747637,-278.4904803747637,-295.0485073373726,-282.18889690073576,-210.7320797707782
-280.6783987673505,-280.6783987673505,-299.67547466490583,-283.02227968672645,-210.7320797707782
-281.26582528643337,-281.26582528643337,-299.2178503633929,-282.92326155370307,-210.7320797707782
-276.0512725304108,-276.0512725304108,-301.10645961892135,-282.54179770594135,-210.7320797707782
-277.01541346529393,-277.01541346529393,-306.3354440735859,-283.032786220446,-210.7320797707782
-279.5537682970505,-279.5537682970505,-301.76952139327835,-282.729061492279,-210.7320797707782
-279.95226288694556,-279.95226288694556,-291.00011191498504,-281.13446971925873,-210.7320797707782
-273.9303697396438,-273.9303697396438,-285.2065710010196,-281.3122091093442,-210.7320797707782
-277.8578487177838,-277.8578487177838,-281.06357563375184,-281.4263961798516,-210.7320797707782
-281.01387035436534,-281.01387035436534,-279.1954453242262,-282.20853678760426,-210.7320797707782
-276.2639203286479,-276.2639203286479,-271.8106344388414,-281.2379641119798,-210.7320797707782
-282.76608032980033,-282.76608032980033,-269.98638065775083,-281.0414970743046,-210.7320797707782
-277.38784284873503,-277.38784284873503,-271.1582577463663,-281.34937553083967,-210.7320797707782
-279.4584986634726,-279.4584986634726,-269.10850573520224,-280.65685368988085,-210.7320797707782
-274.49999825012185,-274.49999825012185,-261.8301548397224,-280.8810510437985,-210.7320797707782
-272.5894815824175,-272.5894815824175,-265.0746104309928,-281.46321405016243,-210.7320797707782
-279.82368151614077,-279.82368151614077,-273.4242006215378,-282.23179621264427,-210.7320797707782
-283.92849302094606,-283.92849302094606,-278.3001968601987,-282.9375325131778,-210.7320797707782
-278.28971103568625,-278.28971103568625,-279.07481107771474,-283.55006229277603,-210.7320797707782
-281.37307306553356,-281.37307306553356,-276.26708021455346,-282.26017436861764,-210.7320797707782
-281.63941827917796,-281.63941827917796,-281.40581592375554,-283.1452491947752,-210.7320797707782
-274.1906105001703,-274.1906105001703,-280.0596259959912,-283.1829515628088,-210.7320797707782
-276.6209025413232,-276.6209025413232,-279.5920939397609,-284.3119612796323,-210.7320797707782
-283.1359985003403,-283.1359985003403,-279.6875667621918,-284.1075171737858,-210.7320797707782
-279.4084990752941,-279.4084990752941,-281.4454753204635,-283.6691742655576,-210.7320797707782
-282.08481535245954,-282.08481535245954,-279.93585009064435,-283.22119365588196,-210.7320797707782
-279.24954456261764,-279.24954456261764,-282.5985593320444,-284.378109677922,-210.7320797707782
-273.4354698311411,-273.4354698311411,-284.4897390276928,-283.93156486595706,-210.7320797707782
-278.1770575106624,-278.1770575106624,-287.6310549428191,-285.1113194493987,-210.7320797707782
-279.5542579961585,-279.5542579961585,-296.0701419890239,-285.63505232644684,-210.7320797707782
-279.51288821032085,-279.51288821032085,-297.13440479472115,-286.3360210303583,-210.7320797707782
-279.0675103290763,-279.0675103290763,-296.81813468383314,-285.18309391574815,-210.7320797707782
-281.0021918294635,-281.0021918294635,-292.23477078698335,-285.54546761913576,-210.7320797707782
-276.11428852008186,-276.11428852008186,-289.2479880409957,-284.28621450145204,-210.7320797707782
-278.2525159834934,-278.2525159834934,-292.48282020583537,-284.2473975476665,-210.7320797707782
-282.19587693203226,-282.19587693203226,-287.02725055707003,-282.62375209119045,-210.7320797707782
-271.8743216430772,-271.8743216430772,-280.33479934029185,-282.3970291217694,-210.7320797707782
-274.0735634735745,-274.0735634735745,-284.2466862175173,-283.4159385928812,-210.7320797707782
-279.7568554159997,-279.7568554159997,-280.2316680958608,-284.2511542827959,-210.7320797707782
-272.6897417715816,-272.6897417715816,-271.55796545715646,-283.18740754385936,-210.7320797707782
-284.33754321725434,-284.33754321725434,-265.34176751211214,-282.1482260013605,-210.7320797707782
-278.93153261068477,-278.93153261068477,-262.3993442783625,-281.7877920561687,-210.7320797707782
-283.76528026926866,-283.76528026926866,-264.1687737987007,-281.2743493270408,-210.7320797707782
-280.0740643400753,-280.0740643400753,-267.5549067157968,-281.34108537462157,-210.7320797707782
-279.6812864322894,-279.6812864322894,-264.276100293154,-281.2739989465522,-210.7320797707782
-281.6740971455049,-281.6740971455049,-273.83804841264794,-281.5290561769267,-210.7320797707782
-283.0041246436787,-283.0041246436787,-272.11059693170245,-279.89365362811225,-210.7320797707782
-277.865607822309,-277.865607822309,-266.6197731240087,-279.7725932460874,-210.7320797707782
-276.128845255021,-276.128845255021,-263.77556198034847,-278.355334346099,-210.7320797707782
-278.92661241343075,-278.92661241343075,-265.1476598616478,-277.64765856932166,-210.7320797707782
-278.96132175276955,-278.96132175276955,-270.9633320768523,-277.33119094925655,-210.7320797707782
-281.20586417795994,-281.20586417795994,-274.4884099269168,-276.75037910857094,-210.7320797707782
-270.5118402773235,-270.5118402773235,-274.99787792715944,-276.4303548397941,-210.7320797707782
-283.2595200033735,-283.2595200033735,-269.31273839565137,-274.9823411299676,-210.69936877376264
-278.6975005920191,-278.6975005920191,-272.46522821675364,-274.49995577518575,-210.69936877376264
-281.9577579096402,-281.9577579096402,-266.67954357358286,-274.5110606129876,-210.69936877376264
-277.81357280665054,-277.81357280665054,-271.70405424668354,-276.034442094452,-210.69936877376264
-271.8873523711496,-271.8873523711496,-271.33003025652846,-276.99728509718915,-210.69936877376264
-277.8556166510006,-277.8556166510006,-276.1870173126781,-277.38002268188427,-210.69936877376264
-277.1675636311338,-277.1675636311338,-276.1759806455071,-277.0437656335778,-210.69936877376264
-281.4747829774396,-281.4747829774396,-279.0549965586979,-278.78006337322785,-210.69936877376264
-279.43752047504637,-279.43752047504637,-284.4160703198155,-279.63631704098384,-210.69936877376264
-276.9578249011831,-276.9578249011831,-287.86617372133924,-279.7719380347888,-210.69936877376264
-279.5985058752271,-279.5985058752271,-293.66177765395133,-279.89299551371744,-210.69936877376264
-281.8426527318267,-281.8426527318267,-293.1638820849691,-280.7667012242351,-210.69936877376264
-279.0845567800516,-279.0845567800516,-290.56222254704323,-279.6085830361976,-210.69936877376264
-275.3738527063651,-275.3738527063651,-292.0671235093894,-279.7630266720223,-210.69936877376264
-270.5903114595734,-270.5903114595734,-287.79848554204153,-278.8969428335577,-210.69936877376264
-277.590327323212,-277.590327323212,-283.7108829497512,-278.30723705629157,-210.69936877376264
-275.4498962982409,-275.4498962982409,-287.8357574957554,-279.35750108981813,-210.69936877376264
-278.05177917398845,-278.05177917398845,-284.64589428990746,-279.4280790464582,-210.69936877376264
-279.7499168621707,-279.7499168621707,-278.0567305967944,-279.2357379611444,-210.69936877376264
-278.1544856156231,-278.1544856156231,-279.4818549301041,-279.74989023285735,-210.69936877376264
-274.8192624803096,-274.8192624803096,-282.66156769118106,-280.4877956995153,-210.69936877376264
-284.0545728955729,-284.0545728955729,-284.5022068920979,-281.37804753856204,-210.69936877376264
-271.86592254454575,-271.86592254454575,-291.596279870509,-281.94066899217063,-210.69936877376264
-282.02825675418086,-282.02825675418086,-285.0045091135598,-280.24421662832543,-210.69936877376264
-281.3215415078263,-281.3215415078263,-283.4447815007864,-278.68795132817644,-210.69936877376264
-278.3836194687295,-278.3836194687295,-286.7006063004699,-278.1211473278217,-210.69936877376264
-280.75098551975464,-280.75098551975464,-286.0206168851904,-277.3475960690514,-210.69936877376264
-276.0042943013995,-276.0042943013995,-286.23739558822615,-277.2486772051592,-210.69936877376264
-279.2154460042535,-279.2154460042535,-294.64598624495,-278.80130827336785,-210.69936877376264
-277.6318019270316,-277.6318019270316,-294.5910943728365,-280.22115495002805,-210.69936877376264
-271.65449121052126,-271.65449121052126,-297.18964103422894,-282.0761262981619,-210.69936877376264
-279.82471648929334,-279.82471648929334,-295.7495048874721,-282.0313844748893,-210.69936877376264
-277.33478619699633,-277.33478619699633,-296.0151808069148,-283.73825504213954,-210.69936877376264
-282.1558921825193,-282.1558921825193,-302.1950908458447,-284.61627492943603,-210.69936877376264
-274.79277559903886,-274.79277559903886,-298.68982265923256,-281.5765786165195,-193.43447421140897
-279.1189858477609,-279.1189858477609,-295.8195345031081,-281.2387206092711,-193.43447421140897
-280.1070392332529,-280.1070392332529,-291.255789320349,-281.28716084168997,-193.43447421140897
-272.8062495005764,-272.8062495005764,-289.7616121548451,-282.1326461337058,-193.43447421140897
-274.92193472366085,-274.92193472366085,-283.7495924725172,-283.0713579121988,-193.43447421140897
-280.9310029231154,-280.9310029231154,-278.45843701706264,-283.07908759370036,-193.43447421140897
-282.95854735855414,-282.95854735855414,-273.37907450081104,-283.2409598551648,-193.43447421140897
-277.4472510785183,-277.4472510785183,-270.77800672146714,-283.33176576055195,-193.43447421140897
-277.57138994441544,-277.57138994441544,-264.600434078729,-281.89073217535577,-193.43447421140897
-285.72533154450286,-285.72533154450286,-266.8326485706251,-283.5606852572205,-193.43447421140897
-276.3963114372858,-276.3963114372858,-273.2232394681722,-282.8972718853522,-193.43447421140897
-278.0277815992595,-278.0277815992595,-270.9956983575736,-282.6827478847161,-193.43447421140897
-284.03189630634245,-284.03189630634245,-270.4817199287662,-282.3539728551136,-193.43447421140897
-269.58240318994575,-269.58240318994575,-266.0075351045304,-281.14148673924143,-193.43447421140897
-282.9268847460833,-282.9268847460833,-267.2694396371759,-281.6275638542506,-193.43447421140897
-278.03319123255955,-278.03319123255955,-267.4254292396747,-281.5645978562034,-193.43447421140897
-274.7302291043584,-274.7302291043584,-270.29552785308465,-283.43751774665145,-193.43447421140897
-279.9910314253783,-279.9910314253783,-271.42365798102765,-283.1234517134068,-193.43447421140897
-280.3945242969267,-280.3945242969267,-270.2140320762956,-282.59762987589835,-193.43447421140897
-275.99954913725463,-275.99954913725463,-271.5954011045736,-283.53895462879854,-193.43447421140897
-275.19550310553063,-275.19550310553063,-276.8573183590589,-284.0027295058583,-193.43447421140897
-269.9560402301158,-269.9560402301158,-277.8982237650327,-283.0249891751871,-193.43447421140897
-275.37667382757115,-275.37667382757115,-284.4027942271348,-283.9993355714392,-193.43447421140897
-280.2484612487393,-280.2484612487393,-292.38901460862223,-283.8082903492263,-193.43447421140897
-283.7895230367621,-283.7895230367621,-284.4210534381083,-281.62856047790916,-193.43447421140897
-280.4954632702795,-280.4954632702795,-291.12050454071993,-282.21546402007954,-193.43447421140897
-275.157389321297,-275.157389321297,-282.72874905013316,-281.2509120258877,-193.43447421140897
-271.7348448012547,-271.7348448012547,-286.6323504843416,-281.81714539328124,-193.43447421140897
-281.23060129195096,-281.23060129195096,-288.4409625113698,-282.17337786876374,-193.43447421140897
-282.6338656107738,-282.6338656107738,-285.98809409107514,-282.3231487451357,-193.43447421140897
-277.1798278451109,-277.1798278451109,-281.69028611872426,-282.7810896211949,-193.43447421140897
-281.454640580244,-281.454640580244,-283.30175887572295,-282.9431643603814,-193.43447421140897
-272.80257039808055,-272.80257039808055,-270.5206829825885,-280.5363206688058,-193.43447421140897
-280.12645077030623,-280.12645077030623,-264.64464955967213,-279.80804140317923,-193.43447421140897
-276.23899474344313,-276.23899474344313,-266.2215513748164,-279.2615246335135,-193.43447421140897
-284.69073235241353,-284.69073235241353,-259.3129969159616,-278.18169241725104,-193.43447421140897
-275.2871564523677,-275.2871564523677,-265.52189679325187,-277.82297784630197,-193.43447421140897
-275.02662924518063,-275.02662924518063,-255.354087206665,-275.98752145619466,-193.43447421140897
-277.91524696453445,-277.91524696453445,-262.73195885649386,-276.4005136659606,-193.43447421140897
Average Episodic Reward,Average Episodic N-Reward,Avg Reward (last 10),Avg Reward (last 50),Best Reward
-426.25392135600407,-426.25392135600407,-457.0749400374851,-457.0749400374851,-457.0749400374851
-429.0900423099483,-429.0900423099483,-439.1285553893258,-439.1285553893258,-421.1821707411666
-425.4467629451858,-425.4467629451858,-419.7415327729762,-419.7415327729762,-380.96748754027715
-426.76340389567645,-426.76340389567645,-430.52945963868206,-430.52945963868206,-380.96748754027715
-429.1268054483319,-429.1268054483319,-428.5804920640031,-428.5804920640031,-380.96748754027715
-422.9021618422581,-422.9021618422581,-427.6418985804794,-427.6418985804794,-380.96748754027715
-422.08323352495165,-422.08323352495165,-425.79814337321193,-425.79814337321193,-380.96748754027715
-423.9456518580439,-423.9456518580439,-424.50666149918146,-424.50666149918146,-380.96748754027715
-427.56765248655904,-427.56765248655904,-426.4818969295829,-426.4818969295829,-380.96748754027715
-425.15828377427385,-425.15828377427385,-425.5481405457229,-425.5481405457229,-380.96748754027715
-430.9060315500272,-430.9060315500272,-423.3249575562807,-426.39313778184464,-380.96748754027715
-428.5117139164787,-428.5117139164787,-428.69256621189527,-430.431897741467,-380.96748754027715
-422.69529013947465,-422.69529013947465,-431.1602973552282,-428.5251978362469,-380.96748754027715
-426.817288314589,-426.817288314589,-428.19855516350674,-428.86452787069953,-380.96748754027715
-429.02796700070684,-429.02796700070684,-428.41225136038446,-428.46833159492394,-380.96748754027715
-429.20976771465905,-429.20976771465905,-437.61822602976844,-433.8771032362851,-380.96748754027715
-427.8542702447007,-427.8542702447007,-437.74355307148653,-432.8248549604323,-380.96748754027715
-430.90078800815934,-430.90078800815934,-441.29157165560844,-433.8316115860854,-380.96748754027715
-428.8513588358665,-428.8513588358665,-443.70451031690135,-435.5464302913295,-380.96748754027715
-427.1445501644836,-427.1445501644836,-450.2779363485082,-437.9130384471156,-380.96748754027715
-428.28635538361806,-428.28635538361806,-443.64972091631137,-434.61055832206694,-368.5609558210936
-427.5594513884456,-427.5594513884456,-435.8145966875234,-432.8785790805836,-368.5609558210936
-426.21381893747343,-426.21381893747343,-446.92895061053105,-436.5268294772401,-368.5609558210936
-428.21189702496036,-428.21189702496036,-446.03716615248504,-436.01979382144356,-368.5609558210936
-424.41237803186493,-424.41237803186493,-445.080375743171,-435.11314925422283,-368.5609558210936
-355.2482805129078,-355.2482805129078,-434.3121397022063,-434.0444249539471,-368.5609558210936
-331.1773490518164,-331.1773490518164,-423.76498981180646,-429.46934934983005,-310.517383642788
-313.58175842633506,-313.58175842633506,-410.28557160880047,-425.4223115941979,-310.517383642788
-309.809287760366,-309.809287760366,-396.6535615412054,-422.13509623956253,-310.517383642788
-309.66603637225813,-309.66603637225813,-383.28296231804984,-419.7030130707603,-310.517383642788
-311.19837980345824,-311.19837980345824,-377.09412813042843,-416.05687116347383,-306.6726139448801
-297.8733955178555,-297.8733955178555,-370.4226485517429,-413.3611007903209,-306.6726139448801
-301.2746381393109,-301.2746381393109,-349.3457651997786,-410.1083251507366,-306.01950468403936
-306.7201515230622,-306.7201515230622,-343.86906837325233,-408.91663927785794,-306.01950468403936
-302.76271122630084,-302.76271122630084,-330.22305244811986,-405.1445501667649,-276.8935203895995
-306.27562504368615,-306.27562504368615,-317.726398164123,-401.7338619567738,-276.8935203895995
-305.66627748463,-305.66627748463,-315.9102669033673,-398.7777054453807,-276.8935203895995
-293.07429715923865,-293.07429715923865,-315.4803563309957,-396.4902181038816,-276.8935203895995
-297.5782522744297,-297.5782522744297,-317.6276159003881,-395.33830640900504,-276.8935203895995
-298.0456322847863,-298.0456322847863,-306.43931293702684,-391.387088037327,-237.28957154188438
-303.0426235623817,-303.0426235623817,-304.9849873005975,-388.9661677822845,-237.28957154188438
-290.357881332486,-290.357881332486,-302.87143543802847,-387.0540376112037,-237.28957154188438
-296.6855224946768,-296.6855224946768,-301.7766255778271,-384.91490664540885,-237.28957154188438
-292.97055925711715,-292.97055925711715,-288.620058114705,-381.5765071953232,-237.28957154188438
-287.1534690037829,-287.1534690037829,-286.01622936230405,-378.6715899879958,-237.28957154188438
-294.5817458077908,-294.5817458077908,-285.5735721196955,-376.48162503566977,-237.28957154188438
-294.77219654747876,-294.77219654747876,-277.41117299325015,-372.95503896620403,-210.7320797707782
-291.8034968780429,-291.8034968780429,-281.9263159798696,-372.6227384947124,-210.7320797707782
-293.91673079855644,-293.91673079855644,-275.9034359203537,-370.9638430439741,-210.7320797707782
-295.0889086035774,-295.0889086035774,-283.25970280146714,-369.761610990155,-210.7320797707782
-294.07682837671075,-294.07682837671075,-284.0219689685458,-366.6151525744327,-210.7320797707782
-291.1566854958222,-291.1566854958222,-278.4393038228476,-363.24811014240754,-210.7320797707782
-289.0843522381907,-289.0843522381907,-282.6828356858196,-362.37889488583687,-210.7320797707782
-290.56900881728393,-290.56900881728393,-290.27952249319424,-359.4008740594287,-210.7320797707782
-292.1192225620374,-292.1192225620374,-293.57390538552124,-356.6611628599001,-210.7320797707782
-286.6220791686318,-286.6220791686318,-293.6809489558157,-353.7822569943218,-210.7320797707782
-286.7895698418832,-286.7895698418832,-299.5324086608136,-350.8724782881447,-210.7320797707782
-288.597004523561,-288.597004523561,-290.92122770613344,-347.98100865628146,-210.7320797707782
-299.7781825519964,-299.7781825519964,-292.4943728067243,-345.27669929711453,-210.7320797707782
-293.8598372735607,-293.8598372735607,-292.92786200170394,-343.2375552813512,-210.7320797707782
-293.00116720217613,-293.00116720217613,-287.98184981852324,-339.54653102688127,-210.7320797707782
-288.32462200022,-288.32462200022,-294.3075988866832,-336.3711166773651,-210.7320797707782
-287.34370518496894,-287.34370518496894,-286.6260789905622,-333.4720512129037,-210.7320797707782
-283.8492061563123,-283.8492061563123,-285.1730065864009,-330.79576434400747,-210.7320797707782
-286.3142951421294,-286.3142951421294,-289.14652941412925,-328.80801847064913,-210.7320797707782
-287.68469324797013,-287.68469324797013,-287.4803974928243,-323.75469128693294,-210.7320797707782
-289.91681489143144,-289.91681489143144,-289.94265422654036,-321.3122985191556,-210.7320797707782
-282.9100827897098,-282.9100827897098,-290.5646141539592,-317.83561715595164,-210.7320797707782
-285.53917059523536,-285.53917059523536,-287.03554107402675,-313.94290544853965,-210.7320797707782
-288.3711838321118,-288.3711838321118,-282.4552690820765,-309.67302182806486,-210.7320797707782
-289.4493684276404,-289.4493684276404,-287.1387886808151,-308.244344579782,-210.7320797707782
-293.17883333838586,-293.17883333838586,-286.66480020177767,-306.54115738021596,-210.7320797707782
-291.56863321534524,-291.56863321534524,-283.62954930828005,-300.8121709524535,-210.7320797707782
-280.47215317425895,-280.47215317425895,-285.19388290354357,-298.6271076942192,-210.7320797707782
-283.7453299730377,-283.7453299730377,-285.46297778134294,-296.8845388782835,-210.7320797707782
-397.5978853449849,-397.5978853449849,-290.6200012044273,-295.0162635873771,-210.7320797707782
-389.0873621583447,-389.0873621583447,-301.2209635545138,-296.80349326769704,-210.7320797707782
-390.00824186242005,-390.00824186242005,-312.81511039497644,-298.34152491318684,-210.7320797707782
-387.4214629413084,-387.4214629413084,-325.70541403977074,-299.7532759482527,-210.7320797707782
-381.3761406908283,-381.3761406908283,-331.7707603665936,-299.37058143777364,-210.7320797707782
-372.3703855835671,-372.3703855835671,-344.1725943963956,-301.6600378329755,-210.7320797707782
-378.5242286276953,-378.5242286276953,-353.1781700762879,-303.092261685125,-210.7320797707782
-374.1883328108898,-374.1883328108898,-362.38550649694173,-303.4201192118862,-210.7320797707782
-362.0762491589926,-362.0762491589926,-369.74182492706603,-303.80165900498196,-210.7320797707782
-359.34535868309854,-359.34535868309854,-373.13270288429646,-305.4664689655188,-210.7320797707782
-349.19981044649256,-349.19981044649256,-371.40191964694026,-305.7513678839406,-210.7320797707782
-343.3486081011293,-343.3486081011293,-369.401536534886,-307.50174719400076,-210.7320797707782
-349.97442903517475,-349.97442903517475,-367.48729010221086,-308.7429116674299,-210.7320797707782
-338.25498163921054,-338.25498163921054,-357.9639331460184,-307.82053939737875,-210.7320797707782
-337.48536651522693,-337.48536651522693,-360.35159088160145,-310.15303702668854,-210.7320797707782
-331.6317019565212,-331.6317019565212,-348.9706434099416,-310.45716905484437,-210.7320797707782
-332.40990956831934,-332.40990956831934,-339.6178852979609,-310.44155165711146,-210.7320797707782
-329.3039424011541,-329.3039424011541,-342.3540615774192,-311.53560641180457,-210.7320797707782
-324.4844534903812,-324.4844534903812,-334.60558200320713,-312.9987637826824,-210.7320797707782
-318.2997117103772,-318.2997117103772,-330.14641172824986,-314.29250543870796,-210.7320797707782
-319.66026246609204,-319.66026246609204,-334.63139244096135,-315.5629319481938,-210.7320797707782
-318.27273408219173,-318.27273408219173,-325.6314572173421,-317.14580403881916,-210.7320797707782
-306.2757946242976,-306.2757946242976,-316.3316063127238,-315.62396973400075,-210.7320797707782
-311.11355093097666,-311.11355093097666,-314.2172908719058,-315.4833103876892,-210.7320797707782
-301.5746215255636,-301.5746215255636,-307.0852968611624,-314.9181558386276,-210.7320797707782
-305.07824840453304,-305.07824840453304,-308.6143280441537,-315.3756408699658,-210.7320797707782
-299.43939978833674,-299.43939978833674,-306.1761581519987,-315.98892252294166,-210.7320797707782
-300.57916100628347,-300.57916100628347,-300.35332980247733,-315.06970523513615,-210.7320797707782
-302.26135620694527,-302.26135620694527,-297.46598351175834,-314.43605598639516,-210.7320797707782
-297.09015665150775,-297.09015665150775,-292.23113020025437,-314.02395040165453,-210.7320797707782
-298.97824780989885,-298.97824780989885,-288.91250555531576,-314.6092432680938,-210.7320797707782
-294.67832693845,-294.67832693845,-293.2570909471612,-315.8907404960887,-210.7320797707782
-288.59207162423695,-288.59207162423695,-294.2365333604493,-316.28703086486394,-210.7320797707782
-295.99761765234945,-295.99761765234945,-301.7786570231365,-317.3401672309716,-210.7320797707782
-295.3396375057815,-295.3396375057815,-300.18402824804394,-316.3693890878956,-210.7320797707782
-293.0997520826071,-293.0997520826071,-299.3081444123806,-317.64089978873733,-210.7320797707782
-297.2781813862415,-297.2781813862415,-308.1697046982319,-318.76134368525146,-210.7320797707782
-297.46869829140377,-297.46869829140377,-301.5785848255028,-318.0602064021242,-210.7320797707782
-292.5494577437082,-292.5494577437082,-306.81342253013315,-318.7641391751416,-210.7320797707782
-286.05318314480263,-286.05318314480263,-309.7830724363698,-318.1512590061027,-210.7320797707782
-291.6823672301323,-291.6823672301323,-305.71815573671563,-318.2567949168721,-210.7320797707782
-290.49849714628317,-290.49849714628317,-303.1623160863617,-318.534672868053,-210.7320797707782
-288.69141895235845,-288.69141895235845,-306.29460863131646,-319.4330297603354,-210.7320797707782
-291.6354280509849,-291.6354280509849,-302.7636655567385,-320.48579212751395,-210.7320797707782
-285.59742841132316,-285.59742841132316,-308.15238937088964,-321.5088131456582,-210.7320797707782
-285.39423332768826,-285.39423332768826,-304.775147830714,-321.1681716187171,-210.7320797707782
-287.00119704380745,-287.00119704380745,-293.6361522435491,-320.15561409360566,-210.7320797707782
-290.38680017235066,-290.38680017235066,-301.43859110933846,-321.6220147623359,-210.7320797707782
-284.2467352380008,-284.2467352380008,-289.82273991062357,-319.6899105765576,-210.7320797707782
-285.4865465189209,-285.4865465189209,-293.5090236994484,-319.7604681897238,-210.7320797707782
-287.8264432811934,-287.8264432811934,-302.4051398346088,-320.61382264290836,-210.7320797707782
-285.73760732209644,-285.73760732209644,-303.333214444517,-318.9571230460536,-210.7320797707782
-281.03513874592625,-281.03513874592625,-310.7955250228808,-319.0291126859163,-210.7320797707782
-286.1194016329256,-286.1194016329256,-305.08295030674026,-316.36129938090784,-210.7320797707782
-284.4507031227199,-284.4507031227199,-300.75297590519153,-315.30525625337776,-210.7320797707782
-281.8208001138518,-281.8208001138518,-296.1643184035498,-311.566516420148,-210.7320797707782
-276.7044340577435,-276.7044340577435,-300.02580867997256,-309.5251418143427,-210.7320797707782
-287.30662913612656,-287.30662913612656,-301.700115185453,-309.4849365000382,-210.7320797707782
-284.7201573757094,-284.7201573757094,-316.62287473629647,-309.06612053840377,-210.7320797707782
-288.6811100553048,-288.6811100553048,-309.8261780527144,-307.0991632234074,-210.7320797707782
-280.85631759072817,-280.85631759072817,-295.511758331278,-305.4357903797759,-210.7320797707782
-275.6364026224512,-275.6364026224512,-299.6024840076412,-304.99731254060464,-210.7320797707782
-285.57554524252527,-285.57554524252527,-294.72015582494544,-304.47568583046314,-210.7320797707782
-278.5990265094075,-278.5990265094075,-297.40525557587824,-304.24956386687984,-210.7320797707782
-289.72900057818276,-289.72900057818276,-304.58172659630725,-304.151283396319,-210.7320797707782
-284.649845601166,-284.649845601166,-303.8298806958711,-302.5383638773339,-210.7320797707782
-283.40013058652784,-283.40013058652784,-299.7337691313301,-301.54831858101653,-210.7320797707782
-285.12461394619066,-285.12461394619066,-296.4348916209484,-300.301102508744,-210.7320797707782
-285.0295994496957,-285.0295994496957,-292.07413685603115,-300.5598315089685,-210.7320797707782
-285.50814350220736,-285.50814350220736,-295.80530299313256,-300.23094147638386,-210.7320797707782
-282.16660793629524,-282.16660793629524,-299.67414198877145,-298.4443402893379,-210.7320797707782
-284.80379368297264,-284.80379368297264,-297.6538371017488,-299.401788517486,-210.7320797707782
-277.25913369886314,-277.25913369886314,-290.6681562779714,-299.3429958235127,-210.7320797707782
-278.83562710766705,-278.83562710766705,-291.1321552867811,-299.6325367498549,-210.7320797707782
-283.98665884003344,-283.98665884003344,-288.02653326593855,-300.3395306772742,-210.7320797707782
-284.63555156068355,-284.63555156068355,-296.1025384004078,-300.0360059485847,-210.7320797707782
-282.17408289623984,-282.17408289623984,-299.3338838795079,-300.17986372651836,-210.7320797707782
-288.6821952217963,-288.6821952217963,-300.0071652975631,-300.23186960776115,-210.7320797707782
-284.95011134571996,-284.95011134571996,-302.36116342227433,-301.53886749107176,-210.7320797707782
-278.8840430879338,-278.8840430879338,-301.64194135257793,-302.1131037068486,-210.7320797707782
-285.086005450895,-285.086005450895,-302.3014903887893,-301.1221372560326,-210.7320797707782
-279.6019370409217,-279.6019370409217,-295.0627422098422,-299.76291877002217,-210.7320797707782
-283.8561873185459,-283.8561873185459,-299.03470669913924,-300.3026304912507,-210.7320797707782
-287.26358218319155,-287.26358218319155,-298.0388749741731,-298.88458034006226,-210.7320797707782
-282.73090917223436,-282.73090917223436,-295.33406668516574,-299.36953836469854,-210.7320797707782
-285.89268389668,-285.89268389668,-291.45317016625137,-298.46501109935883,-210.7320797707782
-280.2620957792245,-280.2620957792245,-292.89797094764117,-297.12551697640015,-210.7320797707782
-273.87723161883673,-273.87723161883673,-295.37398461073366,-298.9909495648073,-210.7320797707782
-277.2930353767811,-277.2930353767811,-293.568184235971,-298.8898198322393,-210.7320797707782
-286.9948852790075,-286.9948852790075,-292.35129956183926,-298.6267491319425,-210.7320797707782
-280.9577351982474,-280.9577351982474,-295.53677869139347,-299.08586184696816,-210.7320797707782
-278.8525208322497,-278.8525208322497,-294.7151386691775,-298.0734832865853,-210.7320797707782
-280.2959789490719,-280.2959789490719,-291.8546696669669,-297.4146426983807,-210.7320797707782
-283.9030199713644,-283.9030199713644,-289.60826838060046,-296.2535009048346,-210.7320797707782
-286.6930393746127,-286.6930393746127,-286.58158067229476,-295.0553766249796,-210.7320797707782
-277.57262626161685,-277.57262626161685,-289.3782516586628,-295.38563186494855,-210.7320797707782
-282.7987207455744,-282.7987207455744,-290.1235932725171,-296.4230051821938,-210.7320797707782
-281.6810807738538,-281.6810807738538,-286.54881471671786,-296.0129942862833,-210.7320797707782
-281.27744413146223,-281.27744413146223,-279.89770449897253,-296.9048127499091,-210.7320797707782
-279.8000698505363,-279.8000698505363,-273.4687179466776,-294.6186879813884,-210.7320797707782
-279.3750672357533,-279.3750672357533,-275.28634633795934,-293.66210314763833,-210.7320797707782
-281.69745073892574,-281.69745073892574,-278.4344948527958,-293.09373936824113,-210.7320797707782
-279.376153173533,-279.376153173533,-278.79699551581706,-291.014936796968,-210.7320797707782
-277.5795574586256,-277.5795574586256,-284.34142519656814,-292.1051958828003,-210.7320797707782
-280.9075342230458,-280.9075342230458,-285.5880911338951,-292.02239967072023,-210.7320797707782
-283.3120390464217,-283.3120390464217,-278.21894291748004,-291.79655676773467,-210.7320797707782
-285.0436000575624,-285.0436000575624,-272.6703136976888,-290.951906185737,-210.7320797707782
-281.7931498565216,-281.7931498565216,-275.54712003278036,-290.78239525574867,-210.7320797707782
-272.69190101009656,-272.69190101009656,-280.47576119726256,-289.6753900421023,-210.7320797707782
-281.8112331558252,-281.8112331558252,-283.21106678439656,-289.2956657277248,-210.7320797707782
-280.150414663115,-280.150414663115,-280.4968106197726,-290.6591136053372,-210.7320797707782
-287.47688641145936,-287.47688641145936,-276.8075083952274,-288.53474424575836,-210.7320797707782
-284.07298976787837,-284.07298976787837,-280.31631380122343,-288.13416839222356,-210.7320797707782
-282.0942711108646,-282.0942711108646,-278.0948484173772,-288.2431144511,-210.7320797707782
-284.6508677166976,-284.6508677166976,-279.73769459705693,-287.0535932708702,-210.7320797707782
-281.98003765861284,-281.98003765861284,-287.6303486507737,-288.5566503587151,-210.7320797707782
-284.3067954242283,-284.3067954242283,-292.4581387387531,-289.4967801072216,-210.7320797707782
-278.90361911899925,-278.90361911899925,-287.4421283325373,-288.9838425980665,-210.7320797707782
-278.1019333768135,-278.1019333768135,-287.14667609285914,-288.68989788946794,-210.7320797707782
-280.82208045619643,-280.82208045619643,-287.38937001367105,-287.6124791318325,-210.7320797707782
-283.4382498831203,-283.4382498831203,-288.5090339363077,-288.42609199484446,-210.7320797707782
-282.5922742216091,-282.5922742216091,-290.37542615140643,-287.0790620556899,-210.7320797707782
-273.4475924138378,-273.4475924138378,-295.03281329863387,-289.00709979635616,-210.7320797707782
-283.20316907795336,-283.20316907795336,-290.25168230438607,-288.0670198546211,-210.7320797707782
-275.76246314559876,-275.76246314559876,-285.19352344691555,-286.4869913070656,-210.7320797707782
-277.0444830992989,-277.0444830992989,-283.9632362696911,-286.1287899325718,-210.7320797707782
-280.04043328001825,-280.04043328001825,-281.7531989527888,-285.9806431218778,-210.7320797707782
-283.0537559579454,-283.0537559579454,-280.6871623911023,-285.1198420167743,-210.7320797707782
-279.0483804489866,-279.0483804489866,-277.8131650003281,-283.7802982050786,-210.7320797707782
-277.566575988864,-277.566575988864,-281.22390565564683,-283.52887199244617,-210.7320797707782
-279.7170231334557,-279.7170231334557,-283.17648288116345,-284.6010904933193,-210.7320797707782
-279.73165587572953,-279.73165587572953,-287.835963192318,-285.63370625218505,-210.7320797707782
-284.4787160261621,-284.4787160261621,-281.0710774298374,-285.4143739424957,-210.7320797707782
-283.36876610293575,-283.36876610293575,-290.3817564325451,-286.5355961462954,-210.7320797707782
-280.28753603862566,-280.28753603862566,-293.3011867229578,-286.080415314624,-210.7320797707782
-281.0705243120148,-281.0705243120148,-293.2512100647473,-286.48839791227095,-210.7320797707782
-280.61739237995937,-280.61739237995937,-294.4550638705923,-286.29206170646796,-210.7320797707782
-274.5815187533359,-274.5815187533359,-299.9305428414927,-286.0311536629261,-210.7320797707782
-278.97509325627726,-278.97509325627726,-297.2924375593328,-284.52514886975104,-210.7320797707782
-280.6930062381374,-280.6930062381374,-299.26356506733686,-284.91132509354577,-210.7320797707782
-278.4212020271495,-278.4212020271495,-303.4228721812645,-286.1783091912936,-210.7320797707782
-275.85310010946904,-275.85310010946904,-299.4545990599253,-286.5815983303346,-210.7320797707782
-280.8555677234056,-280.8555677234056,-294.04325733716104,-285.8520914765346,-210.7320797707782
-278.89325112177943,-278.89325112177943,-282.6848624565567,-285.15091496148665,-210.7320797707782
-279.71770146201953,-279.71770146201953,-282.2959674047307,-285.2232926611112,-210.7320797707782
-278.7639226916909,-278.7639226916909,-279.3365563859222,-284.4800588577229,-210.7320797707782
-286.93632915076125,-286.93632915076125,-286.8634466839257,-285.6400323887498,-210.7320797707782
-279.0440563954235,-279.0440563954235,-282.1473220159929,-285.15085512278114,-210.7320797707782
-273.8915017253571,-273.8915017253571,-282.28790905318067,-285.0031897805927,-210.7320797707782
-273.2506172806972,-273.2506172806972,-279.4395391875776,-286.1054893417258,-210.7320797707782
-280.73526780257816,-280.73526780257816,-275.45614340876733,-286.21226860545505,-210.7320797707782
-279.0229238487924,-279.0229238487924,-272.0888883132791,-285.3124770224312,-210.7320797707782
-277.0051951042934,-277.0051951042934,-279.8745462002993,-286.067601613431,-210.7320797707782
-283.7752162796515,-283.7752162796515,-286.677603797268,-285.6181506816266,-210.7320797707782
-278.6200772185685,-278.6200772185685,-289.31995180446654,-285.96966479522547,-210.7320797707782
-278.34591312341325,-278.34591312341325,-294.3750927835059,-287.711288830928,-210.7320797707782
-286.4583018960918,-286.4583018960918,-286.12166058860356,-288.3303017669327,-210.7320797707782
-271.58004603556896,-271.58004603556896,-293.374896312792,-288.71641037878345,-210.7320797707782
-278.44949948233574,-278.44949948233574,-293.38519190626226,-287.5850759223926,-210.7320797707782
-281.29425465728946,-281.29425465728946,-293.68482550191277,-288.20024108522904,-210.7320797707782
-281.79632239239237,-281.79632239239237,-289.74939517947735,-288.0627855173961,-210.7320797707782
-267.45442356959126,-267.45442356959126,-289.109935788335,-287.7729625010528,-210.7320797707782
-273.5982872103999,-273.5982872103999,-281.55197631834574,-286.31473411685545,-210.7320797707782
-279.0366757920632,-279.0366757920632,-280.98488729372747,-286.1961584568967,-210.7320797707782
-274.9919778578943,-274.9919778578943,-273.2036365430605,-284.6628531844262,-210.7320797707782
-281.45990798514987,-281.45990798514987,-267.2399339764118,-283.63320589605564,-210.7320797707782
-276.3749557756921,-276.3749557756921,-273.3061564713239,-284.49990531344685,-210.7320797707782
-282.97577080473053,-282.97577080473053,-271.12521030951496,-285.45302677417897,-210.7320797707782
-282.11227021753643,-282.11227021753643,-272.0188618708707,-284.5595130779949,-210.7320797707782
-277.24387675312795,-277.24387675312795,-269.7827287810857,-284.67891283871194,-210.7320797707782
-280.84086829431806,-280.84086829431806,-277.19159799618836,-285.7992983293722,-210.7320797707782
-276.6367967467011,-276.6367967467011,-278.79382334679497,-285.45664194013045,-210.7320797707782
-279.7124255446574,-279.7124255446574,-281.2065338958828,-283.54947823630516,-210.7320797707782
-280.1475551479241,-280.1475551479241,-279.1017857632517,-283.9661791486698,-210.7320797707782
-277.4502516985311,-277.4502516985311,-289.7836190122499,-285.5808722974931,-210.7320797707782
-272.36299299869626,-272.36299299869626,-293.23902718673406,-285.48836407946425,-210.7320797707782
-280.705125884239,-280.705125884239,-284.82993643465807,-285.11525280982073,-210.7320797707782
-282.66050433357765,-282.66050433357765,-279.5841219614898,-285.2324186882565,-210.7320797707782
-278.0659431077346,-278.0659431077346,-278.0623715580955,-284.6093543895484,-210.7320797707782
-280.0445159105873,-280.0445159105873,-288.9132247790841,-286.21677666339946,-210.7320797707782
-285.5613314358969,-285.5613314358969,-279.7084233516012,-285.10568642345976,-210.7320797707782
-278.9791072684409,-278.9791072684409,-282.68322377342383,-284.4260940563516,-210.7320797707782
-274.573632618615,-274.573632618615,-281.9687675721116,-283.72901626476005,-210.7320797707782
-279.9525789665034,-279.9525789665034,-285.3799889176331,-282.9658256456874,-210.7320797707782
-279.200917521865,-279.200917521865,-283.4193932235068,-283.60451359760293,-210.7320797707782
-282.6879740632719,-282.6879740632719,-287.4914396276114,-284.3364099920371,-210.7320797707782
-284.1052121246235,-284.1052121246235,-290.0000424304752,-284.2242485217973,-210.7320797707782
-281.9017305517351,-281.9017305517351,-302.5597642780892,-285.75826297557575,-210.7320797707782
-277.06021947966195,-277.06021947966195,-305.4196842645934,-286.2348037306005,-210.7320797707782
-274.46531322886835,-274.46531322886835,-295.84864971334457,-285.53379359260094,-210.7320797707782
-280.3602422528756,-280.3602422528756,-301.178621339277,-284.6568362550623,-210.7320797707782
-278.293281592016,-278.293281592016,-300.8136959864245,-284.6979134416515,-210.7320797707782
-284.9195583266481,-284.9195583266481,-300.28261450685085,-284.976887698698,-210.7320797707782
-285.1183553228483,-285.1183553228483,-297.0889298148016,-285.84663911733634,-210.7320797707782
-278.09250767723006,-278.09250767723006,-292.15261126425224,-285.5758423695072,-210.7320797707782
-278.0900650370988,-278.0900650370988,-284.0847803150729,-285.2860547778672,-210.7320797707782
-282.94083666864464,-282.94083666864464,-287.92478463414534,-284.43651611184123,-210.7320797707782
-280.4575777714031,-280.4575777714031,-278.0087015217429,-284.9305388767258,-210.7320797707782
-282.86338858842237,-282.86338858842237,-274.9390495194767,-284.7650318238597,-210.7320797707782
-282.91370764479916,-282.91370764479916,-278.1939199053917,-285.2846697361638,-210.7320797707782
-280.4709057819855,-280.4709057819855,-276.4667563916315,-284.8589588516351,-210.7320797707782
-281.35756791328555,-281.35756791328555,-276.4945390511838,-285.5790435892324,-210.7320797707782
-278.1110625589904,-278.1110625589904,-284.0929301666192,-285.82056449196205,-210.7320797707782
-275.47337633752915,-275.47337633752915,-286.6861358154446,-285.8483455209717,-210.7320797707782
-284.9237934680721,-284.9237934680721,-289.6917959877671,-285.65021120616734,-210.7320797707782
-277.1943562936422,-277.1943562936422,-289.6433768089351,-284.33971158295304,-210.7320797707782
-275.98528572737575,-275.98528572737575,-287.4561320802843,-284.7034104101774,-210.7320797707782
-276.5842223364182,-276.5842223364182,-288.5157348237647,-283.95870657892027,-210.7320797707782
-278.09056473307146,-278.09056473307146,-294.06391091965105,-284.90077562653744,-210.7320797707782
-281.20678347327214,-281.20678347327214,-291.4415454906264,-284.8360137339065,-210.7320797707782
-286.15945139952163,-286.15945139952163,-290.1266642362357,-284.93441266298674,-210.7320797707782
-279.15283807472986,-279.15283807472986,-288.79776708710386,-285.5166098489862,-210.7320797707782
-283.4061346184378,-283.4061346184378,-283.7343852903483,-286.25704628636254,-210.7320797707782
-282.99262478248465,-282.99262478248465,-278.0784258870757,-285.2670532396413,-210.7320797707782
-279.09102443770564,-279.09102443770564,-278.37829840784593,-286.6851435791244,-210.7320797707782
-282.1406467889541,-282.1406467889541,-286.0764055904544,-288.10700590576164,-210.7320797707782
-281.8312191501753,-281.8312191501753,-285.36519773321015,-287.11521866255464,-210.7320797707782
-280.54138681718814,-280.54138681718814,-280.01239320557215,-285.7361431581317,-210.7320797707782
-281.519742784541,-281.519742784541,-282.7534036968724,-287.04768399173776,-210.7320797707782
-281.4903671227173,-281.4903671227173,-286.59698936035363,-288.1988658497601,-210.7320797707782
-277.8114225465214,-277.8114225465214,-289.64822751729685,-287.42573856720844,-210.7320797707782
-277.36510072922425,-277.36510072922425,-297.6049974756689,-289.278844674761,-210.7320797707782
-280.67659488413034,-280.67659488413034,-297.8138417351528,-289.5785078542165,-210.7320797707782
-279.51362310953994,-279.51362310953994,-300.58298806559816,-289.56329370011065,-210.7320797707782
-280.3869890438398,-280.3869890438398,-297.66817762308216,-288.26205530129084,-210.7320797707782
-280.04636950923356,-280.04636950923356,-294.0784941214346,-288.27489929270166,-210.7320797707782
-277.31358513530125,-277.31358513530125,-289.65974864182846,-288.0811811039886,-210.7320797707782
-270.65268784561556,-270.65268784561556,-292.98162740906855,-288.4156442476475,-210.7320797707782
-281.97550498183625,-281.97550498183625,-286.8670342393724,-288.80861652799314,-210.7320797707782
-272.47375080574284,-272.47375080574284,-281.8181732757831,-286.77985554909986,-210.7320797707782
-279.9477044340345,-279.9477044340345,-281.6371391054528,-287.8114817179787,-210.7320797707782
-284.3768827738376,-284.3768827738376,-273.3239622472796,-287.40699236953213,-210.7320797707782
-275.7238291917208,-275.7238291917208,-271.7884791333149,-287.54245016645723,-210.7320797707782
-283.89203272299955,-283.89203272299955,-274.65151193716906,-287.41759830401776,-210.7320797707782
-280.00754296754064,-280.00754296754064,-278.4519665136466,-287.26856995931877,-210.7320797707782
-275.4960793635479,-275.4960793635479,-283.17300491881997,-287.4112123509434,-210.7320797707782
-283.366706468023,-283.366706468023,-285.71550153510117,-287.22427292491386,-210.7320797707782
-280.08019608429964,-280.08019608429964,-285.0108166123391,-284.9058547144975,-210.7320797707782
-279.3371386641084,-279.3371386641084,-284.06301927317634,-284.5372835297097,-210.7320797707782
-273.50780064200757,-273.50780064200757,-284.73408796004185,-284.55694319843934,-210.7320797707782
-281.1319484140156,-281.1319484140156,-280.17198836146764,-283.6101551224169,-210.7320797707782
-285.23341321445383,-285.23341321445383,-289.32852604927297,-285.1099583821018,-210.7320797707782
-280.34614507765826,-280.34614507765826,-292.0302778248657,-285.8919828300602,-210.7320797707782
-277.86798889436955,-277.86798889436955,-290.36332973477505,-286.0724782880125,-210.7320797707782
-276.5484421234571,-276.5484421234571,-291.10357188264294,-287.0587620829969,-210.7320797707782
-278.9219248033725,-278.9219248033725,-282.5647206662085,-287.1072004211705,-210.7320797707782
-283.6610026418314,-283.6610026418314,-286.89952241671824,-287.0192204814285,-210.7320797707782
-276.6360900383379,-276.6360900383379,-291.6264289563927,-287.6294002014274,-210.7320797707782
-278.6513319107752,-278.6513319107752,-295.026027303914,-288.5546790865972,-210.7320797707782
-281.0926640352973,-281.0926640352973,-294.12746286331355,-287.74365179002376,-210.7320797707782
-282.30546982829696,-282.30546982829696,-293.23184160789623,-286.96317216566985,-210.7320797707782
-277.7349570500385,-277.7349570500385,-288.3563823078486,-287.4823270334348,-210.7320797707782
-287.3724852662048,-287.3724852662048,-288.0074255905534,-286.67488191484705,-210.7320797707782
-282.0352920801061,-282.0352920801061,-289.6381606834313,-286.66288326160986,-210.7320797707782
-280.5698906520094,-280.5698906520094,-287.4353835077589,-286.6074795869953,-210.7320797707782
-278.399725667316,-278.399725667316,-291.9813565687741,-287.57479637313827,-210.7320797707782
-278.41686635651024,-278.41686635651024,-282.5844067024587,-286.04487540586337,-210.7320797707782
-279.3457753722902,-279.3457753722902,-278.4940886061882,-285.62507095791216,-210.7320797707782
-280.3557049366316,-280.3557049366316,-274.4628768777585,-284.63447227821877,-210.7320797707782
-280.86163470970865,-280.86163470970865,-276.56529838262105,-284.76840236842264,-210.7320797707782
-273.613104935053,-273.613104935053,-279.8902937198603,-284.91589806239483,-210.7320797707782
-280.69233087874693,-280.69233087874693,-279.0276878606834,-285.5283111881507,-210.7320797707782
-275.1962720934253,-275.1962720934253,-278.5332258155049,-285.63465001987834,-210.7320797707782
-274.6661520019564,-274.6661520019564,-272.5888307229597,-285.5649642287867,-210.7320797707782
-288.76013634728537,-288.76013634728537,-271.40384764157585,-285.21258943374124,-210.7320797707782
-281.6629432712547,-281.6629432712547,-267.9375681546101,-283.9470288859694,-210.7320797707782
-278.0368066163395,-278.0368066163395,-270.1735798410306,-283.0065518274275,-210.7320797707782
-282.31975207726066,-282.31975207726066,-268.45648051309274,-283.3138884194163,-210.7320797707782
-275.0924862874444,-275.0924862874444,-276.0088923094865,-283.2855700007416,-210.7320797707782
-281.4210286714233,-281.4210286714233,-271.8693905097787,-281.8228825983077,-210.7320797707782
-279.6661436885293,-279.6661436885293,-269.35235355347015,-280.85672326962947,-210.7320797707782
-274.30070148518934,-274.30070148518934,-264.7791651957975,-278.9631447321765,-210.7320797707782
-281.43488872099095,-281.43488872099095,-262.43424934266704,-278.5587315413812,-210.7320797707782
-272.79189203823074,-272.79189203823074,-267.50485921166785,-278.9493384580006,-210.7320797707782
-281.5374707981764,-281.5374707981764,-271.1459520620467,-279.90814432153417,-210.7320797707782
-282.76935217703516,-282.76935217703516,-271.8669920056556,-279.50472846281366,-210.7320797707782
-286.0300325475811,-286.0300325475811,-279.5195772637969,-280.97851755182114,-210.7320797707782
-275.1523043551927,-275.1523043551927,-279.82476915970585,-280.6825167695437,-210.7320797707782
-279.1700214867832,-279.1700214867832,-279.1957521998779,-281.7513135928427,-210.7320797707782
-273.37118320822566,-273.37118320822566,-281.1805456168055,-281.69535706651214,-210.7320797707782
-280.4789279812965,-280.4789279812965,-286.8174229191362,-281.89278003236615,-210.7320797707782
-272.98149875985916,-272.98149875985916,-286.0672390894662,-281.51180010061375,-210.7320797707782
-281.12327875590415,-281.12327875590415,-288.3545014026649,-281.8719359952512,-210.7320797707782
-276.86177246101283,-276.86177246101283,-289.59170379529115,-281.937376829625,-210.7320797707782
-279.24366976324256,-279.24366976324256,-290.01445838052734,-282.22064269491034,-210.7320797707782
-279.05605894262897,-279.05605894262897,-290.2402021210547,-280.9181679032606,-210.7320797707782
-281.04212192451735,-281.04212192451735,-286.82481758289623,-281.20038076138013,-210.7320797707782
-280.4407143564397,-280.4407143564397,-284.53249392887454,-280.5868522328508,-210.7320797707782
-283.09856274657375,-283.09856274657375,-283.79618937009366,-281.69794761222613,-210.7320797707782
-278.61750170362467,-278.61750170362467,-286.28074265710086,-282.004688005924,-210.7320797707782
-276.5765566533886,-276.5765566533886,-279.3758535762597,-281.73355307532455,-210.7320797707782
-276.471769382551,-276.471769382551,-285.5243652591754,-280.75096794259423,-210.7320797707782
-281.73642840924214,-281.73642840924214,-282.28055234994855,-279.9219909002678,-210.7320797707782
-285.961301963044,-285.961301963044,-279.1430932987253,-279.69332954241503,-210.7320797707782
-281.5538423778108,-281.5538423778108,-279.3115279839669,-279.8622339151751,-210.7320797707782
-282.36919869774783,-282.36919869774783,-284.6274743999881,-281.3307186500165,-210.7320797707782
-282.34828335163616,-282.34828335163616,-284.8364998579778,-280.7877762496321,-210.7320797707782
-283.4713403773096,-283.4713403773096,-293.25466166383313,-280.91249877433887,-210.7320797707782
-276.43097556382986,-276.43097556382986,-292.84640473433683,-281.2620230983107,-210.7320797707782
-278.4904803747637,-278.4904803747637,-295.0485073373726,-282.18889690073576,-210.7320797707782
-280.6783987673505,-280.6783987673505,-299.67547466490583,-283.02227968672645,-210.7320797707782
-281.26582528643337,-281.26582528643337,-299.2178503633929,-282.92326155370307,-210.7320797707782
-276.0512725304108,-276.0512725304108,-301.10645961892135,-282.54179770594135,-210.7320797707782
-277.01541346529393,-277.01541346529393,-306.3354440735859,-283.032786220446,-210.7320797707782
-279.5537682970505,-279.5537682970505,-301.76952139327835,-282.729061492279,-210.7320797707782
-279.95226288694556,-279.95226288694556,-291.00011191498504,-281.13446971925873,-210.7320797707782
-273.9303697396438,-273.9303697396438,-285.2065710010196,-281.3122091093442,-210.7320797707782
-277.8578487177838,-277.8578487177838,-281.06357563375184,-281.4263961798516,-210.7320797707782
-281.01387035436534,-281.01387035436534,-279.1954453242262,-282.20853678760426,-210.7320797707782
-276.2639203286479,-276.2639203286479,-271.8106344388414,-281.2379641119798,-210.7320797707782
-282.76608032980033,-282.76608032980033,-269.98638065775083,-281.0414970743046,-210.7320797707782
-277.38784284873503,-277.38784284873503,-271.1582577463663,-281.34937553083967,-210.7320797707782
-279.4584986634726,-279.4584986634726,-269.10850573520224,-280.65685368988085,-210.7320797707782
-274.49999825012185,-274.49999825012185,-261.8301548397224,-280.8810510437985,-210.7320797707782
-272.5894815824175,-272.5894815824175,-265.0746104309928,-281.46321405016243,-210.7320797707782
-279.82368151614077,-279.82368151614077,-273.4242006215378,-282.23179621264427,-210.7320797707782
-283.92849302094606,-283.92849302094606,-278.3001968601987,-282.9375325131778,-210.7320797707782
-278.28971103568625,-278.28971103568625,-279.07481107771474,-283.55006229277603,-210.7320797707782
-281.37307306553356,-281.37307306553356,-276.26708021455346,-282.26017436861764,-210.7320797707782
-281.63941827917796,-281.63941827917796,-281.40581592375554,-283.1452491947752,-210.7320797707782
-274.1906105001703,-274.1906105001703,-280.0596259959912,-283.1829515628088,-210.7320797707782
-276.6209025413232,-276.6209025413232,-279.5920939397609,-284.3119612796323,-210.7320797707782
-283.1359985003403,-283.1359985003403,-279.6875667621918,-284.1075171737858,-210.7320797707782
-279.4084990752941,-279.4084990752941,-281.4454753204635,-283.6691742655576,-210.7320797707782
-282.08481535245954,-282.08481535245954,-279.93585009064435,-283.22119365588196,-210.7320797707782
-279.24954456261764,-279.24954456261764,-282.5985593320444,-284.378109677922,-210.7320797707782
-273.4354698311411,-273.4354698311411,-284.4897390276928,-283.93156486595706,-210.7320797707782
-278.1770575106624,-278.1770575106624,-287.6310549428191,-285.1113194493987,-210.7320797707782
-279.5542579961585,-279.5542579961585,-296.0701419890239,-285.63505232644684,-210.7320797707782
-279.51288821032085,-279.51288821032085,-297.13440479472115,-286.3360210303583,-210.7320797707782
-279.0675103290763,-279.0675103290763,-296.81813468383314,-285.18309391574815,-210.7320797707782
-281.0021918294635,-281.0021918294635,-292.23477078698335,-285.54546761913576,-210.7320797707782
-276.11428852008186,-276.11428852008186,-289.2479880409957,-284.28621450145204,-210.7320797707782
-278.2525159834934,-278.2525159834934,-292.48282020583537,-284.2473975476665,-210.7320797707782
-282.19587693203226,-282.19587693203226,-287.02725055707003,-282.62375209119045,-210.7320797707782
-271.8743216430772,-271.8743216430772,-280.33479934029185,-282.3970291217694,-210.7320797707782
-274.0735634735745,-274.0735634735745,-284.2466862175173,-283.4159385928812,-210.7320797707782
-279.7568554159997,-279.7568554159997,-280.2316680958608,-284.2511542827959,-210.7320797707782
-272.6897417715816,-272.6897417715816,-271.55796545715646,-283.18740754385936,-210.7320797707782
-284.33754321725434,-284.33754321725434,-265.34176751211214,-282.1482260013605,-210.7320797707782
-278.93153261068477,-278.93153261068477,-262.3993442783625,-281.7877920561687,-210.7320797707782
-283.76528026926866,-283.76528026926866,-264.1687737987007,-281.2743493270408,-210.7320797707782
-280.0740643400753,-280.0740643400753,-267.5549067157968,-281.34108537462157,-210.7320797707782
-279.6812864322894,-279.6812864322894,-264.276100293154,-281.2739989465522,-210.7320797707782
-281.6740971455049,-281.6740971455049,-273.83804841264794,-281.5290561769267,-210.7320797707782
-283.0041246436787,-283.0041246436787,-272.11059693170245,-279.89365362811225,-210.7320797707782
-277.865607822309,-277.865607822309,-266.6197731240087,-279.7725932460874,-210.7320797707782
-276.128845255021,-276.128845255021,-263.77556198034847,-278.355334346099,-210.7320797707782
-278.92661241343075,-278.92661241343075,-265.1476598616478,-277.64765856932166,-210.7320797707782
-278.96132175276955,-278.96132175276955,-270.9633320768523,-277.33119094925655,-210.7320797707782
-281.20586417795994,-281.20586417795994,-274.4884099269168,-276.75037910857094,-210.7320797707782
-270.5118402773235,-270.5118402773235,-274.99787792715944,-276.4303548397941,-210.7320797707782
-283.2595200033735,-283.2595200033735,-269.31273839565137,-274.9823411299676,-210.69936877376264
-278.6975005920191,-278.6975005920191,-272.46522821675364,-274.49995577518575,-210.69936877376264
-281.9577579096402,-281.9577579096402,-266.67954357358286,-274.5110606129876,-210.69936877376264
-277.81357280665054,-277.81357280665054,-271.70405424668354,-276.034442094452,-210.69936877376264
-271.8873523711496,-271.8873523711496,-271.33003025652846,-276.99728509718915,-210.69936877376264
-277.8556166510006,-277.8556166510006,-276.1870173126781,-277.38002268188427,-210.69936877376264
-277.1675636311338,-277.1675636311338,-276.1759806455071,-277.0437656335778,-210.69936877376264
-281.4747829774396,-281.4747829774396,-279.0549965586979,-278.78006337322785,-210.69936877376264
-279.43752047504637,-279.43752047504637,-284.4160703198155,-279.63631704098384,-210.69936877376264
-276.9578249011831,-276.9578249011831,-287.86617372133924,-279.7719380347888,-210.69936877376264
-279.5985058752271,-279.5985058752271,-293.66177765395133,-279.89299551371744,-210.69936877376264
-281.8426527318267,-281.8426527318267,-293.1638820849691,-280.7667012242351,-210.69936877376264
-279.0845567800516,-279.0845567800516,-290.56222254704323,-279.6085830361976,-210.69936877376264
-275.3738527063651,-275.3738527063651,-292.0671235093894,-279.7630266720223,-210.69936877376264
-270.5903114595734,-270.5903114595734,-287.79848554204153,-278.8969428335577,-210.69936877376264
-277.590327323212,-277.590327323212,-283.7108829497512,-278.30723705629157,-210.69936877376264
-275.4498962982409,-275.4498962982409,-287.8357574957554,-279.35750108981813,-210.69936877376264
-278.05177917398845,-278.05177917398845,-284.64589428990746,-279.4280790464582,-210.69936877376264
-279.7499168621707,-279.7499168621707,-278.0567305967944,-279.2357379611444,-210.69936877376264
-278.1544856156231,-278.1544856156231,-279.4818549301041,-279.74989023285735,-210.69936877376264
-274.8192624803096,-274.8192624803096,-282.66156769118106,-280.4877956995153,-210.69936877376264
-284.0545728955729,-284.0545728955729,-284.5022068920979,-281.37804753856204,-210.69936877376264
-271.86592254454575,-271.86592254454575,-291.596279870509,-281.94066899217063,-210.69936877376264
-282.02825675418086,-282.02825675418086,-285.0045091135598,-280.24421662832543,-210.69936877376264
-281.3215415078263,-281.3215415078263,-283.4447815007864,-278.68795132817644,-210.69936877376264
-278.3836194687295,-278.3836194687295,-286.7006063004699,-278.1211473278217,-210.69936877376264
-280.75098551975464,-280.75098551975464,-286.0206168851904,-277.3475960690514,-210.69936877376264
-276.0042943013995,-276.0042943013995,-286.23739558822615,-277.2486772051592,-210.69936877376264
-279.2154460042535,-279.2154460042535,-294.64598624495,-278.80130827336785,-210.69936877376264
-277.6318019270316,-277.6318019270316,-294.5910943728365,-280.22115495002805,-210.69936877376264
-271.65449121052126,-271.65449121052126,-297.18964103422894,-282.0761262981619,-210.69936877376264
-279.82471648929334,-279.82471648929334,-295.7495048874721,-282.0313844748893,-210.69936877376264
-277.33478619699633,-277.33478619699633,-296.0151808069148,-283.73825504213954,-210.69936877376264
-282.1558921825193,-282.1558921825193,-302.1950908458447,-284.61627492943603,-210.69936877376264
-274.79277559903886,-274.79277559903886,-298.68982265923256,-281.5765786165195,-193.43447421140897
-279.1189858477609,-279.1189858477609,-295.8195345031081,-281.2387206092711,-193.43447421140897
-280.1070392332529,-280.1070392332529,-291.255789320349,-281.28716084168997,-193.43447421140897
-272.8062495005764,-272.8062495005764,-289.7616121548451,-282.1326461337058,-193.43447421140897
-274.92193472366085,-274.92193472366085,-283.7495924725172,-283.0713579121988,-193.43447421140897
-280.9310029231154,-280.9310029231154,-278.45843701706264,-283.07908759370036,-193.43447421140897
-282.95854735855414,-282.95854735855414,-273.37907450081104,-283.2409598551648,-193.43447421140897
-277.4472510785183,-277.4472510785183,-270.77800672146714,-283.33176576055195,-193.43447421140897
-277.57138994441544,-277.57138994441544,-264.600434078729,-281.89073217535577,-193.43447421140897
-285.72533154450286,-285.72533154450286,-266.8326485706251,-283.5606852572205,-193.43447421140897
-276.3963114372858,-276.3963114372858,-273.2232394681722,-282.8972718853522,-193.43447421140897
-278.0277815992595,-278.0277815992595,-270.9956983575736,-282.6827478847161,-193.43447421140897
-284.03189630634245,-284.03189630634245,-270.4817199287662,-282.3539728551136,-193.43447421140897
-269.58240318994575,-269.58240318994575,-266.0075351045304,-281.14148673924143,-193.43447421140897
-282.9268847460833,-282.9268847460833,-267.2694396371759,-281.6275638542506,-193.43447421140897
-278.03319123255955,-278.03319123255955,-267.4254292396747,-281.5645978562034,-193.43447421140897
-274.7302291043584,-274.7302291043584,-270.29552785308465,-283.43751774665145,-193.43447421140897
-279.9910314253783,-279.9910314253783,-271.42365798102765,-283.1234517134068,-193.43447421140897
-280.3945242969267,-280.3945242969267,-270.2140320762956,-282.59762987589835,-193.43447421140897
-275.99954913725463,-275.99954913725463,-271.5954011045736,-283.53895462879854,-193.43447421140897
-275.19550310553063,-275.19550310553063,-276.8573183590589,-284.0027295058583,-193.43447421140897
-269.9560402301158,-269.9560402301158,-277.8982237650327,-283.0249891751871,-193.43447421140897
-275.37667382757115,-275.37667382757115,-284.4027942271348,-283.9993355714392,-193.43447421140897
-280.2484612487393,-280.2484612487393,-292.38901460862223,-283.8082903492263,-193.43447421140897
-283.7895230367621,-283.7895230367621,-284.4210534381083,-281.62856047790916,-193.43447421140897
-280.4954632702795,-280.4954632702795,-291.12050454071993,-282.21546402007954,-193.43447421140897
-275.157389321297,-275.157389321297,-282.72874905013316,-281.2509120258877,-193.43447421140897
-271.7348448012547,-271.7348448012547,-286.6323504843416,-281.81714539328124,-193.43447421140897
-281.23060129195096,-281.23060129195096,-288.4409625113698,-282.17337786876374,-193.43447421140897
-282.6338656107738,-282.6338656107738,-285.98809409107514,-282.3231487451357,-193.43447421140897
-277.1798278451109,-277.1798278451109,-281.69028611872426,-282.7810896211949,-193.43447421140897
-281.454640580244,-281.454640580244,-283.30175887572295,-282.9431643603814,-193.43447421140897
-272.80257039808055,-272.80257039808055,-270.5206829825885,-280.5363206688058,-193.43447421140897
-280.12645077030623,-280.12645077030623,-264.64464955967213,-279.80804140317923,-193.43447421140897
-276.23899474344313,-276.23899474344313,-266.2215513748164,-279.2615246335135,-193.43447421140897
-284.69073235241353,-284.69073235241353,-259.3129969159616,-278.18169241725104,-193.43447421140897
-275.2871564523677,-275.2871564523677,-265.52189679325187,-277.82297784630197,-193.43447421140897
-275.02662924518063,-275.02662924518063,-255.354087206665,-275.98752145619466,-193.43447421140897
-277.91524696453445,-277.91524696453445,-262.73195885649386,-276.4005136659606,-193.43447421140897
-278.5556072465217,-278.5556072465217,-263.4229579812338,-278.00683851867046,-193.43447421140897
-280.09769070227253,-280.09769070227253,-266.09513096424496,-279.3111595138866,-193.43447421140897
-279.0119147092735,-279.0119147092735,-267.9381831185468,-279.1906797239968,-193.43447421140897
-282.8449492260363,-282.8449492260363,-278.15600495429305,-278.9633982826263,-193.43447421140897
-277.6287078144963,-277.6287078144963,-278.1742432794279,-278.1954109414196,-193.43447421140897
-277.22056984904617,-277.22056984904617,-281.7478811006132,-276.68190360464615,-193.43447421140897
-279.37343099899454,-279.37343099899454,-279.95456506854407,-275.25438655639255,-193.43447421140897
-271.30827426853324,-271.30827426853324,-282.24547406652056,-274.83414445276026,-193.43447421140897
-281.8352150226543,-281.8352150226543,-291.8269899233782,-275.20301846337594,-193.43447421140897
-278.97923296999795,-278.97923296999795,-285.68942821959917,-274.33536314849744,-193.43447421140897
-276.8550313801191,-276.8550313801191,-279.5238654999947,-273.4725934495005,-193.43447421140897
-275.24802124424775,-275.24802124424775,-280.15981658448015,-275.6051582989361,-193.43447421140897
-279.6839031396666,-279.6839031396666,-279.2639031171196,-275.87955344679915,-193.43447421140897
-285.39772797065206,-285.39772797065206,-279.50127484015815,-276.61249538658814,-193.43447421140897
-284.302732246111,-284.302732246111,-287.3386815959936,-277.71082482964925,-193.43447421140897
-284.67987054183993,-284.67987054183993,-292.5608157112395,-278.4441482523907,-193.43447421140897
-281.4598118446862,-281.4598118446862,-292.1558799695747,-277.993875146895,-193.43447421140897
-276.9597283342478,-276.9597283342478,-290.8020120483761,-278.31873196227326,-193.43447421140897
-280.94543989935,-280.94543989935,-281.6364712825697,-277.3747113755964,-193.43447421140897
-277.0518397764739,-277.0518397764739,-283.22447039344297,-278.06017041144025,-193.43447421140897
-283.3073397411614,-283.3073397411614,-284.43595174545385,-276.99325408446623,-193.43447421140897
-279.258913336816,-279.258913336816,-284.801549221067,-277.92082024951503,-193.43447421140897
-281.0344370461567,-281.0344370461567,-285.89720923533685,-278.8598556223518,-193.43447421140897
-275.9398787202716,-275.9398787202716,-282.1308586825812,-278.94232313735114,-193.43447421140897
-280.8517680202036,-280.8517680202036,-277.60411909474135,-280.0301416276915,-193.43447421140897
-279.06488954249033,-279.06488954249033,-277.18149907324795,-280.42656013960504,-193.43447421140897
-275.18796325243545,-275.18796325243545,-282.67507253249374,-281.04380380545877,-193.43447421140897
-282.20992026058445,-282.20992026058445,-282.0556480156744,-280.6707559947912,-193.43447421140897
-284.59056123385903,-284.59056123385903,-290.5423772142564,-281.1984552222422,-193.43447421140897
-278.16135400963736,-278.16135400963736,-288.36918298792307,-281.69120059376576,-193.43447421140897
-280.3210125685847,-280.3210125685847,-291.32496274465694,-280.9391664124829,-193.43447421140897
-290.2857609030366,-290.2857609030366,-291.23634263602446,-280.7966251049082,-193.43447421140897
-270.4594767119222,-270.4594767119222,-289.2943509202209,-281.1390810533894,-193.43447421140897
-273.34778236196223,-273.34778236196223,-291.5935552129178,-280.38047533450776,-193.43447421140897
-280.09520800374776,-280.09520800374776,-291.1334072154277,-279.77902014905254,-193.43447421140897
-278.84089004861477,-278.84089004861477,-285.4090946548712,-280.62416838295763,-193.43447421140897
-271.28006709243954,-271.28006709243954,-284.9264248385336,-279.80498786502153,-193.43447421140897
-288.76495929722955,-288.76495929722955,-286.6398417407184,-281.45297453290823,-193.43447421140897
-282.5596126018122,-282.5596126018122,-284.97093822121775,-280.8661727696174,-193.43447421140897
-281.8637856956904,-281.8637856956904,-284.2354794392153,-280.85010397933485,-193.43447421140897
-280.04194519308925,-280.04194519308925,-283.7222441776929,-280.48599642980645,-193.43447421140897
-274.48313857402707,-274.48313857402707,-282.4942618773801,-280.9574202566393,-193.43447421140897
-283.7140737103677,-283.7140737103677,-284.2786017937446,-281.3344496369937,-193.43447421140897
-273.75784886409207,-273.75784886409207,-278.8945263739391,-282.05524401277785,-193.43447421140897
-276.8985996307555,-276.8985996307555,-285.5727524940449,-283.9646407359271,-193.43447421140897
-272.96989445409554,-272.96989445409554,-283.44772897534585,-284.0694039030635,-193.43447421140897
-277.41257544214824,-277.41257544214824,-281.8781923274346,-284.3180269473162,-193.43447421140897
-276.86861786573587,-276.86861786573587,-281.3721306061476,-284.62302129548743,-193.43447421140897
-278.94139796924605,-278.94139796924605,-282.3891478281672,-286.27318489391786,-193.43447421140897
-272.1841601264281,-272.1841601264281,-289.40051779460515,-286.18381576695714,-193.43447421140897
-280.58711669125904,-280.58711669125904,-289.0274666346525,-285.6068981604902,-193.43447421140897
-278.99408713420837,-278.99408713420837,-291.1860448935166,-285.9756030424936,-193.43447421140897
-281.19597487500107,-281.19597487500107,-293.6976406536755,-286.4863411440195,-193.43447421140897
-282.45330574682214,-282.45330574682214,-296.66898151232124,-285.7578393243835,-193.43447421140897
-275.027761642803,-275.027761642803,-292.16451144485114,-286.76269436901174,-193.43447421140897
-276.978763707947,-276.978763707947,-302.86378357532726,-288.29258439800634,-193.43447421140897
-272.5725797089569,-272.5725797089569,-303.22688004316495,-288.9724899422404,-193.43447421140897
-276.7419098991223,-276.7419098991223,-303.37336594290986,-288.8485996707653,-193.43447421140897
-279.9325371523248,-279.9325371523248,-299.8993074356139,-287.88764839636497,-193.43447421140897
-285.55843630769095,-285.55843630769095,-302.1841465452195,-289.4827594320812,-193.43447421140897
-275.41599476340957,-275.41599476340957,-301.95157469799835,-290.09244000009096,-193.43447421140897
-277.5661195499733,-277.5661195499733,-296.14587191940586,-289.17281410947885,-193.43447421140897
-278.24557900228444,-278.24557900228444,-295.24744945832816,-289.6830504122612,-193.43447421140897
-281.89215438917176,-281.89215438917176,-297.6641918380752,-289.39042272396694,-193.43447421140897
-279.86615819770583,-279.86615819770583,-295.0253047230893,-288.30001899443084,-193.43447421140897
-278.6824384690601,-278.6824384690601,-286.97037976566116,-287.17449720889067,-193.43447421140897
-275.27439931929797,-275.27439931929797,-288.79390160041197,-288.30009426840775,-193.43447421140897
-275.18661374841344,-275.18661374841344,-286.79664983625554,-288.04752722834115,-193.43447421140897
-280.8664487450894,-280.8664487450894,-292.645234378355,-290.08940101552207,-193.43447421140897
-280.60695138767977,-280.60695138767977,-285.41468481447015,-289.9208023162866,-193.43447421140897
-278.8567859358491,-278.8567859358491,-286.3397853083385,-290.47320671266783,-193.43447421140897
-278.9289764475208,-278.9289764475208,-289.29475785455526,-290.0714558361765,-193.43447421140897
-286.9419319689497,-286.9419319689497,-288.2908875650449,-290.1617860782028,-193.43447421140897
-277.70387650629897,-277.70387650629897,-294.50939293924927,-291.86612957530053,-193.43447421140897
-274.36426687691403,-274.36426687691403,-296.3992731857804,-292.0590498126387,-193.43447421140897
-282.0565532676565,-282.0565532676565,-298.0710554440067,-291.35240848304244,-193.43447421140897
-281.2056119215586,-281.2056119215586,-295.7223505918164,-290.9095498802723,-193.43447421140897
-277.2431889385964,-277.2431889385964,-298.4788271516127,-291.3321630555288,-193.43447421140897
-275.1637414003209,-275.1637414003209,-291.6327169963289,-290.3074689719365,-193.43447421140897
-276.62397726664074,-276.62397726664074,-292.60626673104036,-290.76821906491006,-193.43447421140897
-278.925206349291,-278.925206349291,-292.88216513385413,-290.78464719050726,-193.43447421140897
-280.83775394823175,-280.83775394823175,-291.71258561312186,-290.1667044315959,-193.43447421140897
-272.96091188445257,-272.96091188445257,-285.6345588092039,-289.4298276559994,-193.43447421140897
-275.5440311453052,-275.5440311453052,-276.2239384219657,-288.7922062171101,-193.43447421140897
-282.3237476286292,-282.3237476286292,-276.9201286636394,-289.21639410228096,-193.43447421140897
-284.4225093382298,-284.4225093382298,-282.53659469180565,-290.77790849042935,-193.43447421140897
-278.2201737539341,-278.2201737539341,-286.83177173617173,-291.2906192598,-193.43447421140897
-278.43851771117903,-278.43851771117903,-288.49747162693166,-291.7036890327715,-193.43447421140897
-284.35408974742506,-284.35408974742506,-291.2762237166156,-291.56852607101604,-193.43447421140897
-282.69436596041464,-282.69436596041464,-285.5930497888993,-291.03973313484687,-193.43447421140897
-279.70211300477155,-279.70211300477155,-285.8091268908863,-291.202023733146,-193.43447421140897
-282.0047739997642,-282.0047739997642,-283.69113763041736,-290.4060795822034,-193.43447421140897
-281.57135480963456,-281.57135480963456,-286.4076101032324,-289.85562931789696,-193.43447421140897
-279.2679141632032,-279.2679141632032,-290.86362900035584,-291.1860267423935,-193.43447421140897
-280.981171485521,-280.981171485521,-290.1719667751476,-290.13623695850157,-193.43447421140897
-274.07039861016307,-274.07039861016307,-287.84930516702445,-291.65822372876505,-193.43447421140897
-281.0873032949018,-281.0873032949018,-289.4889772082955,-292.81277623597214,-193.43447421140897
-281.1976948643262,-281.1976948643262,-286.383173599051,-292.7058976313522,-193.43447421140897
-283.4642286922423,-283.4642286922423,-281.8953675930499,-291.4697700239926,-193.43447421140897
-277.07667724645285,-277.07667724645285,-285.3480532585891,-290.22924022764374,-193.43447421140897
-279.44632463080706,-279.44632463080706,-287.8911472827448,-290.9747598627644,-193.43447421140897
-272.5461162830602,-272.5461162830602,-296.00811121376165,-291.37049284625243,-193.43447421140897
-279.0268394480186,-279.0268394480186,-296.1988286317518,-290.3558669135122,-193.43447421140897
-279.7893514636405,-279.7893514636405,-298.4122742959656,-291.5346852991223,-193.43447421140897
-281.9558072960198,-281.9558072960198,-295.1395805272403,-290.7312507749794,-193.43447421140897
-282.33293499025467,-282.33293499025467,-289.63751218276536,-289.0129694502527,-193.43447421140897
-279.17070603282014,-279.17070603282014,-286.77254461230643,-289.5219091498004,-193.43447421140897
-282.9174024767728,-282.9174024767728,-283.5159439031684,-288.7344132234038,-193.43447421140897
-283.2805980462909,-283.2805980462909,-292.689573862391,-290.02782330934804,-193.43447421140897
-276.099867921275,-276.099867921275,-287.52902381193246,-287.2982156809863,-193.43447421140897
-279.26663529393426,-279.26663529393426,-287.91265200860573,-288.1669753248859,-193.43447421140897
-279.22382846134605,-279.22382846134605,-284.1962976841766,-288.98057799920656,-193.43447421140897
-278.34885006975367,-278.34885006975367,-290.9126266337341,-289.48890234859346,-193.43447421140897
-276.7162503743044,-276.7162503743044,-290.2417500383639,-290.05019693918007,-193.43447421140897
-278.89185635601285,-278.89185635601285,-293.74522121050103,-290.4752340724617,-193.43447421140897
-270.1884616803415,-270.1884616803415,-301.5798271161319,-291.93485892034676,-193.43447421140897
-271.06786530631734,-271.06786530631734,-297.4486436760452,-291.252857564927,-193.43447421140897
-280.3951470424434,-280.3951470424434,-300.59838061630916,-291.4947593794146,-193.43447421140897
-278.9259849293379,-278.9259849293379,-297.543391015956,-291.00745463686826,-193.43447421140897
-279.8516095953408,-279.8516095953408,-302.8188039286539,-290.779039503823,-193.43447421140897
-280.896597130995,-280.896597130995,-294.09218711335944,-289.7174556858901,-193.43447421140897
-276.0540182796916,-276.0540182796916,-301.21764572423496,-291.36515557314254,-193.43447421140897
-279.04512896613005,-279.04512896613005,-299.57934734309504,-291.7465943042035,-193.43447421140897
-280.1007181134783,-280.1007181134783,-300.00782045823365,-291.14988244297695,-193.43447421140897
-278.8241833605731,-278.8241833605731,-297.8517463864433,-290.7657287125943,-193.43447421140897
-278.57348902643474,-278.57348902643474,-288.2872430690237,-289.9780964453502,-193.43447421140897
-282.73181023506777,-282.73181023506777,-285.81607101075093,-289.27160164871395,-193.43447421140897
-273.1435633954347,-273.1435633954347,-290.1926065270428,-289.83751525450066,-193.43447421140897
-276.04667675449537,-276.04667675449537,-293.07874557591606,-291.2966603527857,-193.43447421140897
-275.17887735778834,-275.17887735778834,-292.29717459086015,-290.717221075787,-193.43447421140897
-274.48260437873864,-274.48260437873864,-297.28385740631046,-290.5977941403814,-193.43447421140897
-279.3664594665334,-279.3664594665334,-293.7995944907051,-291.78255734865917,-193.43447421140897
-279.4281022641614,-279.4281022641614,-288.19542547931184,-292.25876763822504,-193.43447421140897
-274.91739857847836,-274.91739857847836,-287.35250954435696,-293.37559666745517,-193.43447421140897
-279.0775528756243,-279.0775528756243,-292.0510626081476,-293.791915501496,-193.43447421140897
-281.16835424139526,-281.16835424139526,-301.2968355956483,-293.7301446261188,-193.43447421140897
-277.0137105097272,-277.0137105097272,-302.54544141597717,-292.414335584675,-193.43447421140897
-277.4856192682228,-277.4856192682228,-297.4058576664735,-291.619192462409,-193.43447421140897
-278.57618408714325,-278.57618408714325,-292.9057960848725,-291.62257482643713,-193.43447421140897
-276.68172656358206,-276.68172656358206,-295.80405444753427,-292.75942200751405,-193.43447421140897
-279.3719123958314,-279.3719123958314,-300.25919776062244,-293.48780831432856,-193.43447421140897
-277.7482261411035,-277.7482261411035,-291.1438612158936,-293.2731020657544,-193.43447421140897
-280.7950423605703,-280.7950423605703,-289.5891954411845,-292.8950847058154,-193.43447421140897
-270.47199552894983,-270.47199552894983,-286.85253111789694,-292.5733770909634,-193.43447421140897
-280.2627016065407,-280.2627016065407,-289.34782405372215,-293.6270869572109,-193.43447421140897
-276.1846375099875,-276.1846375099875,-284.5676298083571,-293.0738095543853,-193.43447421140897
-277.3815038938644,-277.3815038938644,-279.4448245234415,-290.4055050477042,-193.43447421140897
-280.473655860106,-280.473655860106,-282.38080942700697,-290.81871962800017,-193.43447421140897
-275.8524539263882,-275.8524539263882,-282.6543011878923,-291.7743615454056,-193.43447421140897
-280.8985139885637,-280.8985139885637,-281.24320304296486,-291.9384519643891,-193.43447421140897
-274.96359381523473,-274.96359381523473,-277.73334387728,-291.4562476332356,-193.43447421140897
-280.2691916622079,-280.2691916622079,-281.26621368725904,-290.32472256045384,-193.43447421140897
-279.9739280829199,-279.9739280829199,-280.87607674673944,-289.830534328813,-193.43447421140897
-275.2217316273942,-275.2217316273942,-279.40300403725274,-288.7715230392208,-193.43447421140897
-276.1112783706997,-276.1112783706997,-273.2086371292805,-289.24089827761895,-193.43447421140897
-289.58308393449437,-289.58308393449437,-273.73080805981556,-289.8924687297953,-193.43447421140897
-278.91816767149453,-278.91816767149453,-273.93138900352733,-287.8372739259484,-193.43447421140897
-282.2988082190154,-282.2988082190154,-265.7480175983635,-287.2651343670392,-193.43447421140897
-276.21473081763617,-276.21473081763617,-267.7662604879148,-286.78969887051034,-193.43447421140897
-268.5698172317297,-268.5698172317297,-269.8267535328574,-288.3979979085741,-193.43447421140897
-276.7727001163703,-276.7727001163703,-266.77424910628906,-287.2285670527723,-193.43447421140897
-284.62691189063645,-284.62691189063645,-263.18667703445084,-286.1227984305087,-193.43447421140897
-276.72573195820877,-276.72573195820877,-263.62377104235765,-284.3727632105377,-193.43447421140897
-279.32558111495547,-279.32558111495547,-263.43670597234495,-283.410514226017,-193.43447421140897
-283.1570976219348,-283.1570976219348,-270.0890571769736,-284.50966547091343,-193.43447421140897
-281.14360614248454,-281.14360614248454,-268.1427966230186,-283.20506263117267,-193.43447421140897
-272.4556588814301,-272.4556588814301,-276.37916007622664,-283.62337720598475,-193.43447421140897
-280.4377227274103,-280.4377227274103,-274.89123742237615,-282.1237057282526,-193.43447421140897
-272.436908076388,-272.436908076388,-273.20216443228526,-281.92145355377625,-193.43447421140897
-283.5788014293337,-283.5788014293337,-270.91844868533946,-282.0179268599112,-193.43447421140897
-278.0440138278132,-278.0440138278132,-271.0208987513295,-282.6143093803663,-193.43447421140897
-280.5856719217556,-280.5856719217556,-275.7445143691102,-281.02817215948374,-193.43447421140897
-274.6786832458494,-274.6786832458494,-284.19642958249364,-281.29617965841743,-193.43447421140897
-284.73955761338385,-284.73955761338385,-290.9049550858546,-281.58994115154127,-193.43447421140897
-280.22798827974344,-280.22798827974344,-290.5099263291231,-283.0413014594494,-193.43447421140897
-280.295922015265,-280.295922015265,-290.85432085037934,-283.71847818744385,-193.43447421140897
-279.3253615134601,-279.3253615134601,-289.9871971730273,-284.45760243844006,-193.43447421140897
-280.9943398481103,-280.9943398481103,-300.06185554483693,-284.09755553181145,-193.43447421140897
-280.5326590120729,-280.5326590120729,-301.8827517447624,-283.68225478754545,-193.43447421140897
-285.7339969586482,-285.7339969586482,-301.2017965321975,-283.79885124817866,-193.43447421140897
-279.9837078925473,-279.9837078925473,-298.9906212714395,-282.9556621533921,-193.43447421140897
-282.571457778416,-282.571457778416,-294.8038558285883,-281.2290244270604,-193.43447421140897
-285.36713407712386,-285.36713407712386,-283.5136296761222,-280.3598204977795,-193.43447421140897
-273.64777532237287,-273.64777532237287,-273.8850068136329,-278.8964406053964,-193.43447421140897
-275.2009576998443,-275.2009576998443,-266.4670012597462,-277.92448918976913,-193.43447421140897
-280.49427166530006,-280.49427166530006,-268.5258624015732,-277.16428354862876,-193.43447421140897
-279.8267938745932,-279.8267938745932,-269.3024354171486,-277.8090012386743,-193.43447421140897
-269.2703831947618,-269.2703831947618,-271.37335239212183,-278.8910544769411,-193.43447421140897
-277.6102865747843,-277.6102865747843,-266.3943065613629,-278.37995688284354,-193.43447421140897
-277.6383396421399,-277.6383396421399,-272.5582494642556,-279.14969025152294,-193.43447421140897
-283.048728510301,-283.048728510301,-276.2701323208462,-278.1578490654369,-193.43447421140897
-285.5267763328833,-285.5267763328833,-280.3092074969862,-279.0620936832789,-193.43447421140897
-279.9404810587698,-279.9404810587698,-286.7814534560953,-279.79827210076166,-193.43447421140897
-282.92995486733804,-282.92995486733804,-297.300347024403,-280.98600378669767,-193.43447421140897
-280.3998633196471,-280.3998633196471,-291.4981362363086,-278.3545516262864,-193.43447421140897
-283.2423119648345,-283.2423119648345,-290.22143755817507,-278.29504509859237,-193.43447421140897
-282.5921328408803,-282.5921328408803,-288.04786253681743,-279.5296088413495,-193.43447421140897
-276.6028177329247,-276.6028177329247,-285.158759934211,-279.44664457838195,-193.43447421140897
-272.4264025517362,-272.4264025517362,-287.7511605916843,-279.39932876360194,-193.43447421140897
-278.79292487115777,-278.79292487115777,-282.5867771866439,-279.41840508025876,-193.43447421140897
-274.15310185847824,-274.15310185847824,-288.49453208380066,-280.310086706741,-193.43447421140897
-280.0869101717642,-280.0869101717642,-296.5468878418241,-282.11822851419197,-193.43447421140897
-281.1998736565996,-281.1998736565996,-296.4141539147073,-282.9058875343552,-193.43447421140897
-283.6582456936905,-283.6582456936905,-288.1492523604594,-282.73525345133896,-193.43447421140897
-277.69815430865077,-277.69815430865077,-295.7628393195656,-282.8653920643434,-193.43447421140897
-282.5700087064169,-282.5700087064169,-295.598727318606,-282.6686289503504,-193.43447421140897
-278.1222582196987,-278.1222582196987,-296.86051921858285,-284.1154348843606,-193.43447421140897
-280.6671465048928,-280.6671465048928,-300.4103674071159,-286.37911454013243,-193.43447421140897
-275.8148090022735,-275.8148090022735,-302.891750835992,-286.42442683321735,-193.43447421140897
-277.54078544849494,-277.54078544849494,-306.9521831902038,-286.843491011728,-193.43447421140897
-280.11147386910545,-280.11147386910545,-301.954234618521,-287.3460838091874,-193.43447421140897
-275.1177140981248,-275.1177140981248,-295.66737782924935,-288.6143686731516,-193.43447421140897
-278.0613842147538,-278.0613842147538,-302.89969316483257,-290.7610719588502,-193.43447421140897
-272.25547588550546,-272.25547588550546,-305.98508567463625,-291.24492939179726,-193.43447421140897
-278.00037306855666,-278.00037306855666,-309.32353489062325,-290.7122876070734,-193.43447421140897
-279.74674131441,-279.74674131441,-310.31044058904774,-291.1021577435563,-193.43447421140897
-273.39892738833254,-273.39892738833254,-304.75785170357983,-289.7911732098312,-193.43447421140897
-280.51187919804875,-280.51187919804875,-297.0564649227099,-290.81216004019916,-193.43447421140897
-280.9117528383419,-280.9117528383419,-295.0910436946424,-290.8022026856888,-193.43447421140897
-278.88201321896673,-278.88201321896673,-287.1562054656814,-290.09104236779643,-193.43447421140897
-283.91715727967954,-283.91715727967954,-283.9005732891046,-289.9220187167424,-193.43447421140897
-282.54440999369325,-282.54440999369325,-281.0367127356913,-289.67280834646783,-193.43447421140897
-280.41707793928975,-280.41707793928975,-278.5987631945012,-289.64153868125175,-193.43447421140897
-280.9726966873844,-280.9726966873844,-273.7106415318781,-287.8060666810019,-193.43447421140897
-282.0262487016048,-282.0262487016048,-274.000761810541,-287.41045470335695,-193.43447421140897
-275.8418009190574,-275.8418009190574,-270.85873881390745,-287.10304133626187,-193.43447421140897
-269.69685453164453,-269.69685453164453,-281.41907228172533,-288.07754823157086,-193.43447421140897
-278.6113979593848,-278.6113979593848,-287.29889082570213,-288.25956709637217,-193.43447421140897
-282.45215255670536,-282.45215255670536,-284.51894329808135,-287.3294409963526,-193.43447421140897
-279.81348025527683,-279.81348025527683,-291.20099996320204,-288.0908830539974,-193.43447421140897
-283.3790449083368,-283.3790449083368,-296.0364342373729,-289.33118130992915,-193.43447421140897
-275.8569260418046,-275.8569260418046,-296.5088711143304,-290.0138114036162,-193.43447421140897
-281.00006808796934,-281.00006808796934,-291.03062809972494,-291.1449383659723,-193.43447421140897
-276.1757227173988,-276.1757227173988,-293.92015722908206,-291.81309676409177,-193.43447421140897
-277.5552061509966,-277.5552061509966,-289.347376403481,-291.9865297321039,-193.43447421140897
-276.4630772728325,-276.4630772728325,-293.43425860892165,-292.08472057773156,-193.43447421140897
-284.0322725218508,-284.0322725218508,-289.2232811299213,-292.06171737412535,-193.43447421140897
-277.81764604909046,-277.81764604909046,-286.8286463092774,-291.35062587980326,-193.43447421140897
-277.31542219941565,-277.31542219941565,-291.285313797984,-292.30764244367674,-193.43447421140897
-284.5662985046886,-284.5662985046886,-293.3250796079774,-292.2442490827417,-193.43447421140897
-280.1705064616641,-280.1705064616641,-288.7774288549853,-291.8326406167569,-193.43447421140897
-276.5423197444353,-276.5423197444353,-284.44435364675303,-290.84084063356966,-193.43447421140897
-282.4214485929967,-282.4214485929967,-287.2539709098806,-291.23944185672934,-193.43447421140897
-277.96551045358535,-277.96551045358535,-285.27212422797413,-289.40745220480596,-193.43447421140897
-280.8164819544129,-280.8164819544129,-292.0874620069577,-292.10439488623365,-193.43447421140897
-279.4690505942334,-279.4690505942334,-295.1604180415957,-293.07251667441574,-193.43447421140897
-271.60572579927316,-271.60572579927316,-296.22302004546543,-293.6967488758549,-193.43447421140897
-278.80277662965455,-278.80277662965455,-294.29501190805286,-293.1778762745716,-193.43447421140897
-277.00121585353236,-277.00121585353236,-284.8015829217741,-291.7177269096947,-193.43447421140897
-281.12313550425677,-281.12313550425677,-276.5797687293474,-291.04284739128246,-193.43447421140897
-283.87810380024706,-283.87810380024706,-279.11155126038545,-289.95604445207385,-193.43447421140897
-282.15840417674406,-282.15840417674406,-278.925197270168,-287.31650251923844,-193.43447421140897
-280.47189765573376,-280.47189765573376,-281.4682933624161,-288.25026974627104,-193.43447421140897
-278.79754783129266,-278.79754783129266,-286.2407027262867,-289.02574227797146,-193.43447421140897
-279.1238407889812,-279.1238407889812,-278.5086400194256,-288.6535550262057,-193.43447421140897
-273.12879023619377,-273.12879023619377,-272.9296069136499,-288.53869259342446,-193.43447421140897
-280.2530989908451,-280.2530989908451,-278.11139324949625,-289.9469236820376,-193.43447421140897
-279.71239940694863,-279.71239940694863,-280.54685995591876,-289.20517478433226,-193.43447421140897
-280.30834177910566,-280.30834177910566,-292.8781774259428,-289.71501222768495,-193.43447421140897
-276.7355085720087,-276.7355085720087,-295.5353954950706,-288.7594898522558,-193.43447421140897
-283.6648761165158,-283.6648761165158,-293.36879543265866,-288.2389566149014,-193.43447421140897
-274.5098889550982,-274.5098889550982,-299.7873431258671,-288.14049557856197,-193.43447421140897
-282.735700982442,-282.735700982442,-299.0844603850823,-287.48722319032106,-193.43447421140897
-276.36345704660425,-276.36345704660425,-293.64382727846703,-286.55749059873756,-193.43447421140897
-280.6360956225553,-280.6360956225553,-301.02446834517457,-286.993741717116,-193.43447421140897
-277.9358363706803,-277.9358363706803,-300.05412906132966,-286.48743028788084,-193.43447421140897
-275.81115237890623,-275.81115237890623,-291.3802201233927,-287.2713973660002,-193.43447421140897
-276.9632288759283,-276.9632288759283,-289.0501260172029,-287.6039070032308,-193.43447421140897
-282.60203088485594,-282.60203088485594,-286.96826005816445,-288.0904555003893,-193.43447421140897
-278.3190438813514,-278.3190438813514,-296.73111635952716,-290.6744720310249,-193.43447421140897
-276.7374350832261,-276.7374350832261,-300.369709176818,-291.53278379244404,-193.43447421140897
-280.7299272197048,-280.7299272197048,-299.31061982507015,-291.79527699643774,-193.43447421140897
-279.95144270110376,-279.95144270110376,-290.6797062023828,-289.9034117918974,-193.43447421140897
-284.7091245223915,-284.7091245223915,-297.428943637898,-291.3011510199416,-193.43447421140897
-281.72863216191394,-281.72863216191394,-294.75931497342475,-291.14545234969273,-193.43447421140897
-281.2146874418802,-281.2146874418802,-292.89343527960483,-290.89436958102027,-193.43447421140897
-279.8386426962621,-279.8386426962621,-295.80227197727123,-290.14803730510937,-193.43447421140897
-280.0823112425223,-280.0823112425223,-297.42350692146476,-289.62883022238327,-193.43447421140897
-276.50272125848466,-276.50272125848466,-295.92173899736525,-290.37101464024613,-193.43447421140897
-278.12964735929455,-278.12964735929455,-287.5200981614096,-289.9382916706664,-193.43447421140897
-280.155046527809,-280.155046527809,-290.25188028267536,-290.37587300150454,-193.43447421140897
-280.7700483992655,-280.7700483992655,-287.65972524046776,-290.02544782166524,-193.43447421140897
-277.9102957566038,-277.9102957566038,-287.39544637515036,-289.1763754469825,-193.43447421140897
-275.462340560519,-275.462340560519,-281.9274125079881,-288.90260207572277,-193.43447421140897
-278.51958923828175,-278.51958923828175,-276.60633326441103,-288.5972437218787,-193.43447421140897
-277.2687285892126,-277.2687285892126,-283.88061971721925,-288.9836418026798,-193.43447421140897
-279.4822241111569,-279.4822241111569,-280.3066205179819,-288.3647051827215,-193.43447421140897
-269.4141343324623,-269.4141343324623,-278.3990655909597,-287.94291407871975,-193.43447421140897
-276.1018302791761,-276.1018302791761,-276.5066609845714,-287.41528407756357,-193.43447421140897
-275.09523912111547,-275.09523912111547,-279.6019429872883,-287.1936643465286,-193.43447421140897
-279.48650247726704,-279.48650247726704,-274.5898827759162,-287.53836378569076,-193.43447421140897
-274.7383431047256,-274.7383431047256,-272.05935067653917,-287.54844722762243,-193.43447421140897
-278.44960773597563,-278.44960773597563,-279.26382217164144,-287.5783456993346,-193.43447421140897
-285.5328662977383,-285.5328662977383,-277.65533560455776,-287.37924435103946,-193.43447421140897
-274.37487390446984,-274.37487390446984,-281.29329970197006,-286.4384112608812,-193.43447421140897
-279.05037339401997,-279.05037339401997,-281.24406258229044,-286.2003707108188,-193.43447421140897
-282.87849251581025,-282.87849251581025,-279.04917411125126,-284.9299359958787,-193.43447421140897
-277.21564719333355,-277.21564719333355,-275.78328116014814,-284.2405679291389,-193.43447421140897
-287.9282273886996,-287.9282273886996,-278.51649380621774,-286.1582662544523,-193.43447421140897
-279.35087121393866,-279.35087121393866,-277.59682220177143,-287.39707504101335,-193.43447421140897
-281.3778918361332,-281.3778918361332,-284.2927624651626,-288.57460602664617,-193.43447421140897
-274.74444722983486,-274.74444722983486,-289.8541960231008,-289.734246978209,-193.43447421140897
-277.2285206033127,-277.2285206033127,-288.2820048490497,-288.94108799666134,-193.43447421140897
-274.6483291346682,-274.6483291346682,-291.3443140506977,-288.3999666159217,-193.43447421140897
-278.70752038339816,-278.70752038339816,-291.98140733932416,-289.13296472486087,-193.43447421140897
-278.5412395629717,-278.5412395629717,-289.19302280600465,-289.4530538892897,-193.43447421140897
-279.83324567241135,-279.83324567241135,-296.6382293535221,-288.63530321668384,-193.43447421140897
-281.96239299271946,-281.96239299271946,-295.0058584592813,-287.1323676298113,-193.43447421140897
-280.11306752104304,-280.11306752104304,-290.85494873990325,-285.75362051724437,-193.43447421140897
-285.70456566777796,-285.70456566777796,-285.5442205557385,-285.3988400531469,-193.43447421140897
-279.3520548899692,-279.3520548899692,-278.7600907411173,-285.6528650883379,-193.43447421140897
-282.09624382450096,-282.09624382450096,-275.50387527896726,-284.877553408829,-193.43447421140897
-278.78644399012546,-278.78644399012546,-273.3990758629726,-283.8040110922394,-193.43447421140897
-275.85533916110495,-275.85533916110495,-276.75755419627257,-285.0227119994828,-193.43447421140897
-277.21325875808003,-277.21325875808003,-274.5410226659362,-283.8362755890132,-193.43447421140897
-278.461947214115,-278.461947214115,-272.8495486838972,-284.01213781380324,-193.43447421140897
-280.15477245933346,-280.15477245933346,-265.9811260500954,-283.5554844020244,-193.43447421140897
-280.0849958948718,-280.0849958948718,-274.8069866910163,-284.283739764574,-193.43447421140897
-279.54856190769715,-279.54856190769715,-275.5320223049523,-283.46637296660197,-193.43447421140897
-278.322227189363,-278.322227189363,-282.84679762876584,-282.6219763069947,-193.43447421140897
-275.81933795878535,-275.81933795878535,-286.83266957617076,-282.9454571682084,-193.43447421140897
-273.94407401148567,-273.94407401148567,-289.52653108080483,-282.92073565997595,-193.43447421140897
-284.424175521051,-284.424175521051,-297.3080402939298,-285.1296779105488,-193.43447421140897
-278.1153805055751,-278.1153805055751,-299.21358811433095,-285.37964089476935,-193.43447421140897
-283.39421914759833,-283.39421914759833,-304.517836078037,-285.7879798099357,-193.43447421140897
-273.7227316446534,-273.7227316446534,-312.55735143763457,-287.94492104540916,-193.43447421140897
-274.44221405977845,-274.44221405977845,-312.1581748665479,-286.82666497987975,-193.43447421140897
-281.94736971347436,-281.94736971347436,-308.0907852366855,-286.41719542761814,-193.43447421140897
-273.38750578380314,-273.38750578380314,-308.0103761089721,-285.88410038892334,-193.43447421140897
-278.71711726722685,-278.71711726722685,-306.98673390274325,-286.51530345526146,-193.43447421140897
-280.7960212174536,-280.7960212174536,-303.8629712032101,-285.66767535231537,-193.43447421140897
-276.8362908512245,-276.8362908512245,-302.52239862088925,-285.8932703360602,-193.43447421140897
-276.6453584837128,-276.6453584837128,-301.13426643072984,-287.8774419216647,-193.43447421140897
-282.74752604169424,-282.74752604169424,-302.07390656466174,-289.4089397061041,-193.43447421140897
-281.21778998800403,-281.21778998800403,-299.1338314733583,-290.2934794517251,-193.43447421140897
-275.95303827611957,-275.95303827611957,-297.03295556458073,-290.57538821488146,-193.43447421140897
-280.0719401607176,-280.0719401607176,-298.2838816268508,-290.4221172016535,-193.43447421140897
-278.3101477639418,-278.3101477639418,-297.563733559854,-290.250129021397,-193.43447421140897
-281.4668204090469,-281.4668204090469,-301.4596835812055,-290.8747049082502,-193.43447421140897
-278.59738252022436,-278.59738252022436,-300.0488099063597,-290.60467683907575,-193.43447421140897
-282.6927238100466,-282.6927238100466,-298.6203439625524,-290.47376758964265,-193.43447421140897
-285.9361438847813,-285.9361438847813,-299.1887014824164,-291.31914049723565,-193.43447421140897
-274.9274974742141,-274.9274974742141,-296.79979298993516,-291.38463608532345,-193.43447421140897
-271.33572231727914,-271.33572231727914,-293.47942549637423,-292.57375768446747,-193.43447421140897
-274.0748727595244,-274.0748727595244,-296.8681957779204,-293.40845866691524,-193.43447421140897
-276.93970689086314,-276.93970689086314,-290.21373570869383,-292.36932284016217,-193.43447421140897
-279.2890076880799,-279.2890076880799,-291.03863238511144,-292.82000885642555,-193.43447421140897
-275.94849620946127,-275.94849620946127,-290.3069746207585,-293.15486771351914,-193.43447421140897
-278.0275038917782,-278.0275038917782,-292.18015214460604,-293.60743657592786,-193.43447421140897
-282.17947366134183,-282.17947366134183,-288.2996268883323,-292.74523777638785,-193.43447421140897
-280.370780669276,-280.370780669276,-292.2674314808122,-292.06870139277254,-193.43447421140897
-278.6990752406828,-278.6990752406828,-293.85864704530616,-292.12003070167674,-193.43447421140897
-276.87365827124376,-276.87365827124376,-293.1771228470269,-292.3636596849189,-193.43447421140897
-277.0186389380079,-277.0186389380079,-297.42466948685666,-293.7898287716992,-193.43447421140897
-280.94274280556954,-280.94274280556954,-292.8904596143077,-293.59026912191194,-193.43447421140897
-283.3649169686268,-283.3649169686268,-296.2527436891571,-293.7812670167927,-193.43447421140897
-274.8475067333753,-274.8475067333753,-298.10561139086786,-293.11348526389475,-193.43447421140897
-272.2909284728523,-272.2909284728523,-299.0998632033536,-293.9736686623336,-193.43447421140897
-278.27041897365564,-278.27041897365564,-296.77296965740874,-294.79104075942894,-193.43447421140897
-284.40303982068076,-284.40303982068076,-303.454458765894,-296.32728541841897,-193.43447421140897
-277.87941712205037,-277.87941712205037,-303.24545795252504,-296.9657748350541,-193.43447421140897
-277.77780513820113,-277.77780513820113,-305.63566212213766,-298.1463880703108,-193.43447421140897
-281.8841574356155,-281.8841574356155,-305.95166316249333,-298.874177144823,-193.43447421140897
-274.90144259431185,-274.90144259431185,-303.9316983067634,-299.22465759379736,-193.43447421140897
-280.4953415732442,-280.4953415732442,-307.1282900937727,-300.1077226074792,-193.43447421140897
-277.3376038150713,-277.3376038150713,-315.5574667498346,-302.32285062998017,-193.43447421140897
-278.83615868237024,-278.83615868237024,-311.5628685461624,-302.22983376310805,-193.43447421140897
-275.31165048877756,-275.31165048877756,-312.8515899010439,-301.58258930433914,-193.43447421140897
-278.4972711833265,-278.4972711833265,-313.1598982780097,-302.3166159540404,-193.43447421140897
-284.0173427109006,-284.0173427109006,-309.8062091225799,-301.71916771718185,-193.43447421140897
-282.6855131287803,-282.6855131287803,-302.7295251067552,-300.145145941171,-193.43447421140897
-276.00310937054087,-276.00310937054087,-299.950430907524,-300.23116803565466,-193.43447421140897
-278.6075133171093,-278.6075133171093,-304.3395225905001,-300.2804736041371,-193.43447421140897
-273.069661637051,-273.069661637051,-297.197103832084,-298.821360737348,-193.43447421140897
-278.2810053427891,-278.2810053427891,-291.67241364535346,-297.53863812094255,-193.43447421140897
-272.72590252761773,-272.72590252761773,-284.5221186750026,-296.71580407745375,-193.43447421140897
-282.8315932038384,-282.8315932038384,-293.5741378428947,-298.51302635837743,-193.43447421140897
-280.61767380411266,-280.61767380411266,-297.3039824894594,-299.42522875489385,-193.43447421140897
-278.73487458116807,-278.73487458116807,-291.77178326984233,-299.0688973862145,-193.43447421140897
-281.447831033855,-281.447831033855,-292.24098123231045,-298.77001718309526,-193.43447421140897
-277.34902512067305,-277.34902512067305,-299.20053478913144,-299.2126586583552,-193.43447421140897
-278.9420895974199,-278.9420895974199,-296.0403870520114,-298.93476572187916,-193.43447421140897
-274.90331028657425,-274.90331028657425,-291.8651760397162,-298.4266555259344,-193.43447421140897
-279.88807354267607,-279.88807354267607,-289.5344340245417,-296.31346622932404,-193.43447421140897
-279.52316089266924,-279.52316089266924,-291.47498029773436,-296.0068678858177,-193.43447421140897
-276.54280636761354,-276.54280636761354,-278.54975365482795,-293.0191636955032,-179.20724316670288
-281.229192858765,-281.229192858765,-278.3357341435629,-294.52339686171985,-179.20724316670288
-279.641317493768,-279.641317493768,-272.48953068551157,-294.41038818002545,-179.20724316670288
-278.85487788217796,-278.85487788217796,-275.3639735734604,-293.84975538466546,-179.20724316670288
-282.50629357428784,-282.50629357428784,-270.43800759745636,-292.8478567213146,-179.20724316670288
-277.7109996169858,-277.7109996169858,-266.62852098626234,-292.8142940630972,-179.20724316670288
-279.3803458090018,-279.3803458090018,-267.0560458604366,-292.5082345974832,-179.20724316670288
-280.4727858650534,-280.4727858650534,-266.64169499389357,-292.395035926726,-179.20724316670288
-274.7793379839145,-274.7793379839145,-274.1502834819799,-292.44763782644515,-179.20724316670288
-278.05041063951086,-278.05041063951086,-275.2254185077901,-291.67831243179165,-179.20724316670288
-280.77665443678586,-280.77665443678586,-287.1661028203776,-292.40963711784,-179.20724316670288
-277.0375630392971,-277.0375630392971,-283.1394586899297,-292.94356212268355,-179.20724316670288
-279.8430906427171,-279.8430906427171,-288.861550322288,-294.1213033203313,-179.20724316670288
-278.8845030873921,-278.8845030873921,-290.0110180139277,-293.4159285585298,-179.20724316670288
-280.14788629726354,-280.14788629726354,-290.17759603461616,-293.2234505505714,-179.20724316670288
-271.1323959713945,-271.1323959713945,-290.21659356038725,-292.40412647901223,-179.20724316670288
-283.49635416903834,-283.49635416903834,-290.99947144037833,-291.9363994764976,-179.20724316670288
-280.6599904569142,-280.6599904569142,-290.98057902669456,-291.95572716265957,-179.20724316670288
-280.4504239989786,-280.4504239989786,-291.81600184874577,-291.32590429882293,-179.20724316670288
-281.0850828232355,-281.0850828232355,-290.88996651875607,-291.2782138126814,-179.20724316670288
-277.10867659124267,-277.10867659124267,-296.1248437037715,-292.3840571207628,-179.20724316670288
-276.9907023980471,-276.9907023980471,-294.0483465909376,-292.1321091626975,-179.20724316670288
-279.3722660606653,-279.3722660606653,-292.3447022718404,-292.7702711340287,-179.20724316670288
-271.869159289535,-271.869159289535,-289.83157440960395,-292.02764950896886,-179.20724316670288
-283.78547659947895,-283.78547659947895,-298.29720782024816,-292.19200036144224,-179.20724316670288
-279.4756676430992,-279.4756676430992,-297.5608626278079,-291.2672074140688,-179.20724316670288
-278.95150282671653,-278.95150282671653,-297.13298523743015,-290.23586409955607,-179.20724316670288
-283.3330944767355,-283.3330944767355,-302.3111603940565,-291.2276266089722,-179.20724316670288
-279.4459211524751,-279.4459211524751,-298.24638859320453,-290.18884235611114,-179.20724316670288
-275.89554686131936,-275.89554686131936,-292.1817457133292,-288.28890493659264,-179.20724316670288
-273.4314660854967,-273.4314660854967,-288.5978635744128,-286.99213648567843,-179.20724316670288
-279.3191028316298,-279.3191028316298,-287.2003307486082,-287.25960160318664,-179.20724316670288
-275.8119934209603,-275.8119934209603,-275.73550208582157,-285.3470535709842,-179.20724316670288
-278.2487207510323,-278.2487207510323,-276.98412878392986,-284.7924956101529,-179.20724316670288
-273.4677201490059,-273.4677201490059,-273.75390561034595,-284.9815396589954,-179.20724316670288
-274.6568524933231,-274.6568524933231,-279.49357293445235,-286.62001697960824,-179.20724316670288
-281.0912639670542,-281.0912639670542,-281.5284407924507,-286.5514660765415,-179.20724316670288
-272.74468496287756,-272.74468496287756,-278.5072904515124,-286.0611801811746,-179.20724316670288
-280.0198768966054,-280.0198768966054,-283.4345276643881,-287.436327122572,-179.20724316670288
-278.10088100026974,-278.10088100026974,-294.5636970972432,-288.8671616269705,-179.20724316670288
-284.1338477036593,-284.1338477036593,-297.17874323897775,-289.5234613984735,-179.20724316670288
-277.1234962759115,-277.1234962759115,-297.83402597519637,-288.111579229647,-179.20724316670288
-280.80439478821006,-280.80439478821006,-306.10461662372916,-287.10718039783814,-179.20724316670288
-286.0818336495367,-286.0818336495367,-302.2058609163854,-286.8793111394615,-179.20724316670288
-283.46801714242696,-283.46801714242696,-302.40445576338607,-287.0142345652106,-179.20724316670288
-277.54724614857366,-277.54724614857366,-298.8384251109472,-286.54759504397146,-179.20724316670288
-282.8624567842169,-282.8624567842169,-302.81325002928855,-287.9060386719969,-179.20724316670288
-278.81295410938327,-278.81295410938327,-300.84534766155764,-287.85721450554297,-179.20724316670288
-282.3295043616707,-282.3295043616707,-291.6828426097701,-287.8660088396176,-179.20724316670288
-274.94523022390985,-274.94523022390985,-282.5844120176371,-287.0890479709511,-179.20724316670288
-274.5862220797392,-274.5862220797392,-275.65761786568567,-288.9450342406451,-179.20724316670288
-275.7125303439442,-275.7125303439442,-275.707062616192,-287.58584492417276,-179.20724316670288
-275.4826771031741,-275.4826771031741,-281.7803843906012,-288.9653511388561,-179.20724316670288
-282.10978077385647,-282.10978077385647,-285.3279018964416,-288.8720968040577,-179.20724316670288
-282.1366844975341,-282.1366844975341,-281.0107907628912,-289.12879119829756,-179.20724316670288
-280.3730777833744,-280.3730777833744,-287.2065763958376,-290.66320612588646,-179.20724316670288
-276.6247044627916,-276.6247044627916,-280.7015994212322,-290.635149384156,-179.20724316670288
-285.6733080855549,-285.6733080855549,-283.94120821441936,-291.31711714964814,-179.20724316670288
-281.895661213131,-281.895661213131,-291.5019718052635,-291.33634650427445,-179.20724316670288
-281.09951959366913,-281.09951959366913,-296.3541129597511,-291.3147868613433,-179.20724316670288
-279.498885119103,-279.498885119103,-294.4068503131279,-290.39318373919514,-179.20724316670288
-276.90048486474586,-276.90048486474586,-297.60771854870416,-290.47949689592764,-179.20724316670288
-277.7047669716339,-277.7047669716339,-292.59279813487336,-289.7116007013732,-179.20724316670288
-276.1959258958018,-276.1959258958018,-292.41863653932194,-289.3536205091366,-179.20724316670288
-274.95257793559244,-274.95257793559244,-293.90073213556775,-289.87341841848786,-179.20724316670288
-281.9223648185046,-281.9223648185046,-290.13705975593524,-290.64729936499606,-179.20724316670288
-275.5730813628354,-275.5730813628354,-291.81386313957756,-290.79802772399586,-179.20724316670288
-281.89031052281547,-281.89031052281547,-290.4161775639488,-291.204236857099,-179.20724316670288
-279.65862215588265,-279.65862215588265,-290.1596920430419,-291.0050845431336,-179.20724316670288
-275.60918902860135,-275.60918902860135,-287.18348856245655,-290.5734912700834,-179.20724316670288
-277.2907156964586,-277.2907156964586,-288.3964956384886,-288.8475141261386,-179.20724316670288
-276.4399890667807,-276.4399890667807,-286.34582547082067,-288.93899267190426,-179.20724316670288
-282.78208690162296,-282.78208690162296,-292.3383786078788,-289.7103359685808,-179.20724316670288
-280.26979109236305,-280.26979109236305,-296.37079061433934,-290.6614637500836,-179.20724316670288
-278.4895219847941,-278.4895219847941,-306.7981124123813,-291.5735993369144,-179.20724316670288
-278.25272755936965,-278.25272755936965,-307.7909819287941,-292.6933232251933,-179.20724316670288
-285.7090304053651,-285.7090304053651,-308.654989446403,-293.10242856579043,-179.20724316670288
-278.70051865598515,-278.70051865598515,-309.3091303835075,-292.60383085498916,-179.20724316670288
-283.2933560490975,-283.2933560490975,-305.7248476918178,-292.5007763628563,-179.20724316670288
-271.0661976558362,-271.0661976558362,-307.8849736891142,-293.7141368652404,-179.20724316670288
-271.3672388233182,-271.3672388233182,-312.3359824051471,-293.59513789228544,-179.20724316670288
-273.56309443306316,-273.56309443306316,-310.57311387340803,-293.6135492968642,-179.20724316670288
-277.29870221457156,-277.29870221457156,-310.95750570093304,-296.7547366916031,-179.20724316670288
-278.2437441708131,-278.2437441708131,-313.1298938792312,-297.8906167691439,-179.20724316670288
-283.58122509540095,-283.58122509540095,-303.62692491626683,-297.54820319809863,-179.20724316670288
-278.14560668617395,-278.14560668617395,-299.2299592007331,-296.64060047844947,-179.20724316670288
-283.43354395345864,-283.43354395345864,-297.4657285467286,-296.28988611664596,-179.20724316670288
-281.5650816814586,-281.5650816814586,-298.0778328638929,-296.51793933746524,-179.20724316670288
-284.6593833263776,-284.6593833263776,-302.06965580507733,-296.22780199099407,-179.20724316670288
-278.45056697955204,-278.45056697955204,-304.1236499438749,-295.62612743456674,-179.20724316670288
-280.5150940831865,-280.5150940831865,-298.59084707456816,-293.87755865940346,-179.20724316670288
-282.0561270038922,-282.0561270038922,-299.712836612887,-293.98931142440233,-179.20724316670288
-277.23887374309425,-277.23887374309425,-299.46354337469654,-295.42652204179655,-179.20724316670288
-284.9600127309603,-284.9600127309603,-291.3060765034777,-295.7106598865623,-179.20724316670288
-284.7900795063601,-284.7900795063601,-289.20129475224974,-294.90757099587137,-179.20724316670288
-282.69526230261096,-282.69526230261096,-294.71016903084956,-295.81494926242993,-179.20724316670288
-280.3347051462566,-280.3347051462566,-297.04385141058157,-295.13600639290456,-179.20724316670288
-284.1454233954357,-284.1454233954357,-297.77524770875647,-295.903919346905,-179.20724316670288
-274.16048869181753,-274.16048869181753,-295.89798534165425,-297.07083053737097,-179.20724316670288
-276.8747869585661,-276.8747869585661,-295.5493057694243,-298.21910618492416,-179.20724316670288
-277.42987465252077,-277.42987465252077,-301.14171817200975,-298.97437872066826,-179.20724316670288
-276.16934350442165,-276.16934350442165,-304.6003873332677,-299.7679763678175,-179.20724316670288
-279.1177103095022,-279.1177103095022,-298.76515121369897,-298.8234754064161,-179.20724316670288
-281.04490760457213,-281.04490760457213,-298.83029127313404,-298.4111377619008,-179.20724316670288
-275.68625959241484,-275.68625959241484,-295.4556109244704,-297.7965350281872,-179.20724316670288
-271.9905425816592,-271.9905425816592,-293.90907897140755,-297.1554497775439,-179.20724316670288
-278.3436172912271,-278.3436172912271,-295.4401391771503,-298.08371434408815,-179.20724316670288
-281.5468494468734,-281.5468494468734,-287.54217973968656,-296.62411365195845,-179.20724316670288
-281.2876192674943,-281.2876192674943,-288.74447288299376,-296.519330752917,-179.20724316670288
-276.61178858024505,-276.61178858024505,-290.991426708284,-297.14656893463075,-179.20724316670288
-285.1672817564726,-285.1672817564726,-292.7298333978564,-298.63897533761406,-179.20724316670288
-279.39196881765093,-279.39196881765093,-286.79649198532553,-297.60573105514175,-179.20724316670288
-285.19223258447494,-285.19223258447494,-282.1333055928584,-296.73157689801315,-179.20724316670288
-280.93810372750386,-280.93810372750386,-286.02432367331653,-297.13227518869974,-179.20724316670288
-280.52973239682296,-280.52973239682296,-295.12151631266516,-298.04069186360664,-179.20724316670288
-279.25169351045565,-279.25169351045565,-293.29257673165625,-297.78655317268806,-179.20724316670288
-275.329287001388,-275.329287001388,-294.17422930889575,-298.55578757795183,-179.20724316670288
-275.043147389767,-275.043147389767,-298.02349089456663,-298.145576318082,-179.20724316670288
-277.3587589835065,-277.3587589835065,-293.50683814818046,-297.18875997394474,-179.20724316670288
-271.9448510535773,-271.9448510535773,-285.495844987141,-296.80904021956763,-179.20724316670288
-281.3067555932124,-281.3067555932124,-277.1853431101618,-296.39674483194864,-179.20724316670288
-276.85125665887807,-276.85125665887807,-283.44054755658215,-297.02467547229406,-179.20724316670288
-279.9226634947619,-279.9226634947619,-286.8742522546113,-295.6387516273596,-179.20724316670288
-279.74914546646005,-279.74914546646005,-291.0511256211456,-296.068342190061,-179.20724316670288
-279.93831730088937,-279.93831730088937,-285.83523538812625,-293.84811645875567,-179.20724316670288
-279.12043438484085,-279.12043438484085,-282.49491559976514,-292.7273399068823,-179.20724316670288
-274.00784514931996,-274.00784514931996,-274.86309799314705,-291.79740928730064,-179.20724316670288
-275.1143777453354,-275.1143777453354,-279.20094586041324,-292.1239394134632,-179.20724316670288
-282.1065250865925,-282.1065250865925,-277.49772754914716,-291.5433359454106,-179.20724316670288
-280.14877295600223,-280.14877295600223,-291.38921224433244,-293.50988793061134,-179.20724316670288
-287.56398239553795,-287.56398239553795,-297.3110687083644,-293.3917620925921,-179.20724316670288
-278.99228705231695,-278.99228705231695,-289.3968166257855,-292.78941602276956,-179.20724316670288
-272.9724483242911,-272.9724483242911,-290.525836621917,-291.55241781155644,-179.20724316670288
-283.1740373556676,-283.1740373556676,-278.31113299992205,-289.1045900141992,-179.20724316670288
-277.45203817663884,-277.45203817663884,-282.22439606082696,-289.56761068766764,-179.20724316670288
-281.69290668712745,-281.69290668712745,-284.0420561418456,-289.6897592951048,-179.20724316670288
-280.3514744964174,-280.3514744964174,-289.076512948703,-290.1195661676955,-179.20724316670288
-279.69650630263664,-279.69650630263664,-279.9607467558145,-288.5005221918475,-179.20724316670288
-279.03811463222644,-279.03811463222644,-281.61410435656546,-287.45222565570816,-179.20724316670288
-272.22035180668576,-272.22035180668576,-273.8724461749875,-287.45964717683387,-179.20724316670288
-279.6131169193754,-279.6131169193754,-275.0641123750391,-288.6864151526863,-179.20724316670288
-280.764858325004,-280.764858325004,-284.24860607225014,-289.6965699146422,-179.20724316670288
-279.4653750193939,-279.4653750193939,-291.92641147899155,-290.04499143241543,-179.20724316670288
-272.31868031952223,-272.31868031952223,-300.2856664110669,-290.900507995717,-179.20724316670288
-283.9344908614993,-283.9344908614993,-305.3858804882633,-292.8045278348704,-179.20724316670288
-282.14696068356386,-282.14696068356386,-308.1529260717951,-292.37831070329395,-179.20724316670288
-273.660151867924,-273.660151867924,-308.5323370649154,-292.41726329856226,-179.20724316670288
-275.15645988536284,-275.15645988536284,-313.8428483176567,-291.71404231362754,-179.20724316670288
-278.43762333015724,-278.43762333015724,-310.10167879150595,-290.29296434567857,-179.20724316670288
-278.4936599665473,-278.4936599665473,-311.6412430851225,-290.6780346399735,-179.20724316670288
-280.63694676248355,-280.63694676248355,-308.83620736497824,-290.22531299128,-179.20724316670288
-277.3781156577472,-277.3781156577472,-305.41730942766225,-289.85995433352116,-179.20724316670288
-278.306902265505,-278.306902265505,-294.31473615931156,-289.1549084215379,-179.20724316670288
-286.2720246576034,-286.2720246576034,-287.2589771572433,-288.5862451725389,-179.20724316670288
-275.8131716679504,-275.8131716679504,-284.3093938558908,-290.5752844211545,-179.20724316670288
-282.8113698440977,-282.8113698440977,-272.74759824834047,-288.14601455868046,-179.20724316670288
-276.0280956694112,-276.0280956694112,-264.78663879633757,-286.28656322239976,-179.20724316670288
-278.6533909372299,-278.6533909372299,-262.07533942493853,-286.62067425067795,-179.20724316670288
-282.51937681489596,-282.51937681489596,-271.71604045424795,-286.8872778599294,-179.20724316670288
-282.7723779732216,-282.7723779732216,-270.6534236459175,-286.6104340275002,-179.20724316670288
-267.78723501723994,-267.78723501723994,-270.36269847517735,-285.75188600674414,-179.20724316670288
-280.02218188895785,-280.02218188895785,-262.68916994898643,-285.0384899262533,-179.20724316670288
-282.13386914145013,-282.13386914145013,-262.39536310469725,-285.2073199239057,-179.20724316670288
-274.97432111466634,-274.97432111466634,-267.25150322862794,-284.83168108360115,-179.20724316670288
-276.2035759190038,-276.2035759190038,-262.85288569849297,-284.12155829832,-179.20724316670288
-281.6180133897224,-281.6180133897224,-275.2587265305189,-284.5392445184531,-179.20724316670288
-268.74257057587073,-268.74257057587073,-285.9720976999085,-284.64613690060236,-179.20724316670288
-277.4492258471948,-277.4492258471948,-289.1058099319591,-284.83713805815637,-179.20724316670288
-273.64223330008673,-273.64223330008673,-285.76434797679747,-285.3387798256528,-179.20724316670288
-272.99087622314346,-272.99087622314346,-279.55103677497,-285.421472385066,-179.20724316670288
-278.4125826808736,-278.4125826808736,-278.2830648467108,-285.971430354054,-179.20724316670288
-280.9599735319497,-280.9599735319497,-286.8340357456367,-285.7171875640642,-179.20724316670288
-278.3935357955798,-278.3935357955798,-289.9613367643318,-285.8247368258498,-179.20724316670288
-279.46840626046264,-279.46840626046264,-294.74777870102906,-285.57101169957787,-179.20724316670288
-281.24562087732414,-281.24562087732414,-298.79862332897096,-286.71423588648895,-179.20724316670288
-280.7094614794798,-280.7094614794798,-295.62990109582387,-287.1662416176648,-179.20724316670288
-280.0728391828662,-280.0728391828662,-289.24750874259394,-287.52301905049165,-179.20724316670288
-281.07281595552155,-281.07281595552155,-291.63803551673385,-287.32455598942056,-179.20724316670288
-277.1024993397855,-277.1024993397855,-286.51328310116975,-287.14189093605734,-179.20724316670288
-282.7401913226815,-282.7401913226815,-292.9047742426255,-285.7245847847246,-179.20724316670288
-277.24995604160523,-277.24995604160523,-292.64728638595795,-285.0386738895727,-179.20724316670288
-274.3153895415757,-274.3153895415757,-288.2448905127597,-285.48680234145905,-179.20724316670288
-279.9572795987737,-279.9572795987737,-289.1875935975217,-285.5570882209708,-179.20724316670288
-282.1541078860027,-282.1541078860027,-287.11288510318883,-287.33136212023123,-179.20724316670288
-281.888802485962,-281.888802485962,-281.9952519782334,-286.6684070699703,-179.20724316670288
-276.7034854361889,-276.7034854361889,-280.11171322450974,-286.38017303419764,-179.20724316670288
-285.6158968655065,-285.6158968655065,-283.265237112566,-286.3607638832643,-179.20724316670288
-281.89107126495196,-281.89107126495196,-274.84276243006536,-286.30095912427066,-179.20724316670288
-272.1596364342108,-272.1596364342108,-285.99949268377003,-288.0189686014982,-179.20724316670288
-281.7366403903783,-281.7366403903783,-283.7580820044419,-287.70171195061545,-179.20724316670288
-277.26251278065695,-277.26251278065695,-283.0962095198469,-286.64509331853424,-179.20724316670288
-278.94571435734525,-278.94571435734525,-285.1262373304288,-285.66232859309474,-179.20724316670288
-280.7047119352385,-280.7047119352385,-287.931854626357,-284.7581768504439,-179.20724316670288
-281.5686302031035,-281.5686302031035,-287.1195255233672,-284.69813394269124,-179.20724316670288
-280.9128639344037,-280.9128639344037,-291.78950449697925,-283.9491318717135,-179.20724316670288
-281.41663944947936,-281.41663944947936,-295.8916059155078,-283.92790900294017,-179.20724316670288
-275.92623460570775,-275.92623460570775,-293.2806378744994,-283.31042404518104,-179.20724316670288
-280.1690359531204,-280.1690359531204,-298.85132421196846,-283.302654303133,-179.20724316670288
-277.3456633730751,-277.3456633730751,-293.6282828082512,-284.72428940484724,-179.20724316670288
-275.3705835617272,-275.3705835617272,-289.04920072227833,-283.18330347804664,-179.20724316670288
-280.67769013001634,-280.67769013001634,-295.0751720947857,-283.89288626449576,-179.20724316670288
-272.9969368191453,-272.9969368191453,-297.6132561757591,-284.1015179427141,-179.20724316670288
-278.1699985121626,-278.1699985121626,-300.39610888250763,-285.97445139508307,-179.20724316670288
-277.12057613343416,-277.12057613343416,-305.705403345542,-288.387419180351,-179.20724316670288
-280.3468286217454,-280.3468286217454,-300.8722753706683,-287.261708174669,-179.20724316670288
-279.3061344111758,-279.3061344111758,-297.51943153809054,-288.8822756608902,-179.20724316670288
-273.3435351271187,-273.3435351271187,-293.3915011274062,-289.0313965113948,-179.20724316670288
-276.31899435715394,-276.31899435715394,-291.8173714281592,-289.25106070377717,-179.20724316670288
-280.36801380068243,-280.36801380068243,-290.7925120093161,-288.53958371586094,-179.20724316670288
-278.6935949802656,-278.6935949802656,-290.8241547707199,-287.2174497030071,-179.20724316670288
-279.4483885442925,-279.4483885442925,-284.0106356990375,-286.62247370926775,-179.20724316670288
-281.75271901069846,-281.75271901069846,-282.4039822461847,-288.0444804021538,-179.20724316670288
-276.9148053235521,-276.9148053235521,-285.69272057532754,-290.63392288920915,-179.20724316670288
-282.1002062521609,-282.1002062521609,-281.32163241754637,-291.2014450181347,-179.20724316670288
-274.3020634854169,-274.3020634854169,-282.5238987556809,-291.1959107861066,-179.20724316670288
-276.5080466417325,-276.5080466417325,-288.0456109900516,-291.4396525527967,-179.20724316670288
-277.9734277033773,-277.9734277033773,-298.3184569375853,-291.50066835893017,-179.20724316670288
-283.75402032861103,-283.75402032861103,-291.4062551112812,-289.7111497396416,-179.20724316670288
-271.7403127626756,-271.7403127626756,-295.337724108357,-290.4542589421728,-179.20724316670288
-278.77941868787354,-278.77941868787354,-301.22110141327323,-291.5514626306678,-179.20724316670288
-277.7108050003933,-277.7108050003933,-304.5679350658928,-291.87944775310416,-179.20724316670288
-279.2093421042445,-279.2093421042445,-304.8636690096358,-291.65040705495363,-179.20724316670288
-277.02796050275947,-277.02796050275947,-292.0642428239645,-291.0545041011357,-179.20724316670288
-273.89317221779794,-273.89317221779794,-284.4359762763418,-289.1390845331972,-179.20724316670288
-276.63661354611753,-276.63661354611753,-286.96981988263434,-288.83015009683925,-179.20724316670288
-279.47900199736233,-279.47900199736233,-285.88680375325504,-289.4910330842829,-179.20724316670288
-280.28945818468424,-280.28945818468424,-277.9277662668481,-289.236719863781,-179.20724316670288
-279.81901388602836,-279.81901388602836,-287.5653950230873,-288.8966216409124,-179.20724316670288
-281.88191608291044,-281.88191608291044,-285.3374042684601,-290.2190831756309,-179.20724316670288
-281.0857789787306,-281.0857789787306,-284.7054704174705,-289.9116018656368,-179.20724316670288
-280.3172761936444,-280.3172761936444,-281.8829221337854,-289.72657490266965,-179.20724316670288
-276.7543478587735,-276.7543478587735,-284.46137222722626,-290.89370339784693,-179.20724316670288
-277.73413568236936,-277.73413568236936,-288.279646935364,-290.87291476870416,-179.20724316670288
-283.4734011696923,-283.4734011696923,-297.41395434547974,-291.1992983816554,-179.20724316670288
-275.5299491047375,-275.5299491047375,-292.7262822827849,-290.97635615774954,-179.20724316670288
-281.8966514642016,-281.8966514642016,-287.6755133132798,-291.003793102037,-179.20724316670288
-282.8395671212168,-282.8395671212168,-288.43603250158185,-290.2708789415842,-179.20724316670288
-277.9649913823862,-277.9649913823862,-289.8623882447713,-291.9005468038535,-179.20724316670288
-280.6310113083901,-280.6310113083901,-287.734874468664,-290.5661595326097,-179.20724316670288
-275.66114542836584,-275.66114542836584,-284.8481910094139,-290.1296236666311,-179.20724316670288
-277.19496140694315,-277.19496140694315,-287.12796891460454,-290.5329267816212,-179.20724316670288
-275.767076224276,-275.767076224276,-284.67891652894593,-290.80423923755035,-179.20724316670288
-276.3773942592381,-276.3773942592381,-289.5676526345302,-291.2000743703388,-179.20724316670288
-281.4329075097451,-281.4329075097451,-279.1104543819281,-289.59748415336765,-179.20724316670288
-280.84606054949916,-280.84606054949916,-282.2776577315741,-289.07398680466855,-179.20724316670288
-280.93452234040626,-280.93452234040626,-278.68630925875124,-287.56273377068567,-179.20724316670288
-278.6230289631891,-278.6230289631891,-280.54255153830115,-287.7232616743446,-179.20724316670288
-280.4102387039707,-280.4102387039707,-279.96472149957833,-288.1232262613755,-179.20724316670288
-277.55077072928356,-277.55077072928356,-282.3374249066059,-288.3079879522806,-179.20724316670288
-269.71187776785405,-269.71187776785405,-287.9602940924571,-289.9118423406669,-179.20724316670288
-273.94709496186397,-273.94709496186397,-288.3407834539551,-289.18604905345506,-179.20724316670288
-284.09192519686565,-284.09192519686565,-290.3302331998721,-289.34763464237295,-179.20724316670288
-279.05653714918486,-279.05653714918486,-283.8584415217007,-287.8925408981774,-179.20724316670288
-273.2358027838142,-273.2358027838142,-288.6482298416831,-286.1860494525958,-179.20724316670288
-282.32355834991716,-282.32355834991716,-292.0004936788722,-287.2996304663092,-179.20724316670288
-285.5522817363833,-285.5522817363833,-299.87351928055597,-288.03355131917874,-179.20724316670288
-280.05503985174323,-280.05503985174323,-305.0715875480063,-290.0592789584646,-179.20724316670288
-279.9020945548036,-279.9020945548036,-299.1137027867135,-289.5824925330863,-179.20724316670288
-280.41582546032106,-280.41582546032106,-303.84531794016857,-290.9185491384511,-179.20724316670288
-278.4544488745768,-278.4544488745768,-304.8782326631875,-292.72265791916044,-179.20724316670288
-279.67528252728044,-279.67528252728044,-299.4893336175639,-292.28178863716033,-179.20724316670288
-275.10527684766384,-275.10527684766384,-301.8533327174945,-293.2375047366349,-179.20724316670288
-284.11304948847516,-284.11304948847516,-300.8387125159294,-290.92173928629774,-179.20724316670288
-277.7094865991002,-277.7094865991002,-299.53422188850357,-289.8285673467872,-179.20724316670288
-283.30262255530556,-283.30262255530556,-296.34934032938446,-290.06471878105,-179.20724316670288
-280.9621636582765,-280.9621636582765,-293.187547880911,-289.0619386973506,-179.20724316670288
-279.8043170973866,-279.8043170973866,-292.1170784018836,-288.8190032513242,-179.20724316670288
-279.8408466605359,-279.8408466605359,-298.93047301556686,-291.0873361139435,-179.20724316670288
-273.95640114167423,-273.95640114167423,-292.18017547403855,-290.2870394115874,-179.20724316670288
-276.53180109938677,-276.53180109938677,-285.32333320046536,-289.5431042765988,-179.20724316670288
-278.4473367402245,-278.4473367402245,-293.31614009645745,-290.03142964327327,-179.20724316670288
-278.84327231444377,-278.84327231444377,-283.71545074416633,-289.007861083541,-179.20724316670288
-278.60234972029457,-278.60234972029457,-282.98991410231395,-289.1068735419677,-179.20724316670288
-275.13273216334585,-275.13273216334585,-285.07754510788425,-289.95688111309573,-179.20724316670288
-278.9394461043163,-278.9394461043163,-284.48642132745505,-289.56803907001415,-179.20724316670288
-276.23886808024133,-276.23886808024133,-287.44958465312095,-289.3744948773238,-179.20724316670288
-282.0526824004217,-282.0526824004217,-286.6054558549063,-290.5545411689359,-179.20724316670288
-279.78024678422463,-279.78024678422463,-284.12081440596626,-290.3984199905193,-179.20724316670288
-284.1666455788579,-284.1666455788579,-288.25190248413475,-290.86993905472235,-179.20724316670288
-281.80153019242965,-281.80153019242965,-297.6052793166966,-292.1230660564441,-179.20724316670288
-275.83429956812654,-275.83429956812654,-300.12766410923297,-293.6803780383628,-179.20724316670288
-275.05739470431394,-275.05739470431394,-305.37228015834404,-293.1900426697646,-179.20724316670288
-278.86505838186054,-278.86505838186054,-310.061343167339,-293.4632127883626,-179.20724316670288
-277.53576600421917,-277.53576600421917,-312.1226498852315,-292.8986202210461,-179.20724316670288
-276.52949400547203,-276.52949400547203,-311.89023691188265,-293.4008299958337,-179.20724316670288
-274.0044416186407,-274.0044416186407,-313.13165732883033,-294.46572368043394,-179.20724316670288
-276.74023582307507,-276.74023582307507,-308.8334256205073,-294.63401979272095,-179.20724316670288
-279.4392421490782,-279.4392421490782,-307.83595086269713,-293.9931325141044,-179.20724316670288
-282.1600486465342,-282.1600486465342,-312.91033985367983,-295.9050321317255,-179.20724316670288
-275.27610808037866,-275.27610808037866,-307.2931049362868,-296.6120488418187,-179.20724316670288
-279.12187927818866,-279.12187927818866,-304.79784085454844,-297.21435242635164,-179.20724316670288
-280.5939940953115,-280.5939940953115,-297.3509093573691,-295.7244412354492,-179.20724316670288
-278.1599214783221,-278.1599214783221,-294.66184224080274,-294.48205070961717,-179.20724316670288
-275.4351194346763,-275.4351194346763,-288.80680169893157,-294.8378896844468,-179.20724316670288
-281.3666474919559,-281.3666474919559,-288.1508339502457,-294.575465239568,-179.20724316670288
-274.2096710856037,-274.2096710856037,-286.9667949811254,-296.12182082490875,-179.20724316670288
-278.60107448463043,-278.60107448463043,-289.1204134662869,-296.34959217831806,-179.20724316670288
-281.956621842747,-281.956621842747,-286.1607948610428,-295.2323471863973,-179.20724316670288
-279.934586557373,-279.934586557373,-278.2505292999181,-295.08765301038795,-179.20724316670288
-274.5430428063579,-274.5430428063579,-279.3031750805234,-294.88062503943195,-179.20724316670288
-274.7024625237061,-274.7024625237061,-277.2132599782525,-294.9888477312111,-179.20724316670288
-278.9414557938015,-278.9414557938015,-286.5637821829927,-294.97115103207335,-179.20724316670288
-276.9519150656593,-276.9519150656593,-289.666662949893,-295.64369499525566,-179.20724316670288
-281.58560258652574,-281.58560258652574,-293.3207944533473,-295.7724026067797,-179.20724316670288
-273.75485196229585,-273.75485196229585,-295.90884544834137,-295.35713559346186,-179.20724316670288
-279.3279219234462,-279.3279219234462,-289.2442254182422,-293.99596205244603,-179.20724316670288
-277.8861479304481,-277.8861479304481,-287.85736647534674,-292.90674796378613,-179.20724316670288
-279.9497853638557,-279.9497853638557,-295.1365977756427,-294.43692618418316,-179.20724316670288
-284.4899104730817,-284.4899104730817,-295.1380834039116,-293.3462061031365,-179.20724316670288
-282.5494302713587,-282.5494302713587,-286.22346663052355,-291.1496718328992,-179.20724316670288
-286.8690700601799,-286.8690700601799,-284.33721866499957,-291.95842474069815,-179.20724316670288
-273.19908934177363,-273.19908934177363,-284.1649490442405,-291.4334742974226,-179.20724316670288
-283.04471569752474,-283.04471569752474,-282.5213534795665,-291.9802231879831,-179.20724316670288
-281.61525267452134,-281.61525267452134,-275.7786582205764,-291.02128987319423,-179.20724316670288
-279.1897547874451,-279.1897547874451,-279.19020152494795,-291.92530783257456,-179.20724316670288
-283.13692618537726,-283.13692618537726,-282.10514297740013,-291.77948107174393,-179.20724316670288
-275.1153812413006,-275.1153812413006,-283.7081965512748,-291.2249715936644,-179.20724316670288
-285.7738190723207,-285.7738190723207,-282.7265679289826,-291.1961451668663,-179.20724316670288
-276.7909420287291,-276.7909420287291,-280.4864836386488,-291.00746773605863,-179.20724316670288
-284.6641434379575,-284.6641434379575,-287.1663892162624,-291.51828303605856,-179.20724316670288
-282.9026524654414,-282.9026524654414,-286.23091599221254,-290.5413799198492,-179.20724316670288
-275.27462424749035,-275.27462424749035,-280.3264094908165,-290.7556660467526,-179.20724316670288
-281.0761294923194,-281.0761294923194,-280.68389834176315,-291.51902003587287,-179.20724316670288
-283.1010724288735,-283.1010724288735,-286.16946514294835,-291.239673880207,-179.20724316670288
-280.7125153924796,-280.7125153924796,-281.38756663614487,-291.3055368943125,-179.20724316670288
-279.6452125530757,-279.6452125530757,-276.8810384734481,-289.66577183580927,-179.20724316670288
-281.2022605720963,-281.2022605720963,-280.15733170160706,-289.93534676300453,-179.20724316670288
-276.8953924268966,-276.8953924268966,-270.0252894869662,-288.3770401830663,-179.20724316670288
-279.47029826164817,-279.47029826164817,-270.50291460793375,-287.4576701608184,-179.20724316670288
-275.53397329473677,-275.53397329473677,-267.3887540190275,-285.4749779765247,-179.20724316670288
-276.65736881192686,-276.65736881192686,-270.63852664556725,-284.64355242711605,-179.20724316670288
-280.8945382724367,-280.8945382724367,-275.1571569127279,-284.71264139762934,-179.20724316670288
-276.92342403941745,-276.92342403941745,-273.59212859976594,-284.2251771223582,-179.20724316670288
-284.5550268243445,-284.5550268243445,-282.06273550823556,-285.22769100480787,-179.20724316670288
-274.7813702914693,-274.7813702914693,-276.3761864271185,-284.2027267973597,-179.20724316670288
-284.60852299240923,-284.60852299240923,-282.20783117623495,-283.4810066052902,-179.20724316670288
-277.2731798973849,-277.2731798973849,-280.0350453119378,-284.17567070129064,-179.20724316670288
-274.4586780063586,-274.4586780063586,-293.2010961202765,-285.45006923458214,-179.20724316670288
-273.2869400502582,-273.2869400502582,-297.1868517593872,-284.3129725419599,-179.20724316670288
-282.2600151186352,-282.2600151186352,-297.2036990151172,-283.45709679229077,-179.20724316670288
-280.8428756573132,-280.8428756573132,-294.84345965926525,-282.6526761880594,-179.20724316670288
-280.1249592621942,-280.1249592621942,-289.1753128582086,-283.07752209779727,-179.20724316670288
-276.71865504773604,-276.71865504773604,-287.9234283268898,-282.87749433957566,-179.20724316670288
-280.0780131939866,-280.0780131939866,-282.57419274948023,-283.9811692149176,-179.20724316670288
-279.60622101938316,-279.60622101938316,-282.2818777234669,-283.0289355520039,-179.20724316670288
-278.286808227625,-278.286808227625,-280.3955548054635,-282.1667585701578,-179.20724316670288
-275.2979423367226,-275.2979423367226,-281.2032531940097,-282.5922386468352,-179.20724316670288
-282.5642697841572,-282.5642697841572,-272.647795826825,-282.74746942773857,-179.20724316670288
-281.1101577646955,-281.1101577646955,-270.68561990002115,-282.7999906619805,-179.20724316670288
-277.20607231541135,-277.20607231541135,-271.18552389145293,-281.8335665544767,-179.20724316670288
-272.7297799327429,-272.7297799327429,-274.92679948797075,-282.1953840900031,-179.20724316670288
-278.0373349478747,-278.0373349478747,-277.08672712880275,-281.18211108695925,-179.20724316670288
-275.8904382835247,-275.8904382835247,-277.6284306820729,-280.4698478860116,-179.20724316670288
-272.8589323571761,-272.8589323571761,-275.401358720687,-280.39728206838555,-179.20724316670288
-274.2565000459462,-274.2565000459462,-281.13840984011387,-280.0748484303584,-179.20724316670288
-279.84783657759374,-279.84783657759374,-288.53930566683715,-282.02577461987676,-179.20724316670288
-273.73114253324485,-273.73114253324485,-284.63168603942603,-281.94710255965106,-179.20724316670288
-279.74696967855954,-279.74696967855954,-280.2403063511009,-279.76821114283024,-179.20724316670288
-282.43187164118945,-282.43187164118945,-285.09733979169647,-280.7918419395375,-179.20724316670288
-275.4455171074067,-275.4455171074067,-289.6481501491841,-282.5185032582088,-179.20724316670288
-279.58251845539905,-279.58251845539905,-287.5815272721563,-282.8442458114344,-179.20724316670288
-279.21591264674214,-279.21591264674214,-292.8274527020095,-282.91461181851304,-179.20724316670288
-281.67365800556627,-281.67365800556627,-295.43818084730856,-283.05321335956006,-179.20724316670288
-275.85267606037013,-275.85267606037013,-293.7942661626212,-284.0004036567945,-179.20724316670288
-274.1062624631997,-274.1062624631997,-296.7718984842491,-283.5911878222186,-179.20724316670288
-277.9921514537824,-277.9921514537824,-292.89172620649316,-284.1830912656954,-179.20724316670288
-277.9965089715989,-277.9965089715989,-296.17861088141234,-284.44118542567855,-179.20724316670288
-281.73966411253195,-281.73966411253195,-307.50797593650515,-284.7244927443348,-179.20724316670288
-278.76288832628194,-278.76288832628194,-306.63899836795224,-286.0223448853982,-179.20724316670288
-276.54212666384274,-276.54212666384274,-307.16152675770167,-286.5175307664967,-179.20724316670288
-275.3810946894956,-275.3810946894956,-306.1612825359879,-286.8303191201895,-179.20724316670288
-280.67825440437696,-280.67825440437696,-309.6013970325438,-288.76960932685853,-179.20724316670288
-271.3580152760971,-271.3580152760971,-305.568041665182,-288.03004202424387,-179.20724316670288
-277.92610115473593,-277.92610115473593,-305.7611710803067,-287.91874484426614,-179.20724316670288
-279.139490062398,-279.139490062398,-301.75775003762516,-287.66522450251466,-179.20724316670288
-276.64920805248937,-276.64920805248937,-298.44585514614454,-288.4960546002347,-179.20724316670288
-284.8432756647287,-284.8432756647287,-296.0028038535164,-287.61027985606046,-179.20724316670288
-268.28107655496734,-268.28107655496734,-284.34009994954005,-287.5874548368495,-179.20724316670288
-284.25578590456934,-284.25578590456934,-280.50001384592423,-288.02176473299625,-179.20724316670288
-278.05068326404916,-278.05068326404916,-279.67812136730674,-288.97540423615254,-179.20724316670288
-282.5889085585879,-282.5889085585879,-278.8343727143911,-288.46948833395425,-179.20724316670288
-276.65059694561893,-276.65059694561893,-277.37942324248354,-289.2140625928096,-179.20724316670288
-274.86058930198664,-274.86058930198664,-281.09884122494725,-289.5313845492801,-179.20724316670288
-277.38378117734186,-277.38378117734186,-283.1995008276133,-288.1460979081417,-179.20724316670288
-279.3279097997948,-279.3279097997948,-285.2653358370907,-289.44305438450914,-179.20724316670288
-281.2892267268245,-281.2892267268245,-287.40036867705646,-289.534562100399,-179.20724316670288
-282.0427100490979,-282.0427100490979,-291.4658393287185,-289.8964386594166,-179.20724316670288
-279.7099436404828,-279.7099436404828,-295.64553845660805,-288.0763433041159,-179.20724316670288
-274.8837566014799,-274.8837566014799,-295.1943102398255,-287.62325642908394,-179.20724316670288
-276.19216136652085,-276.19216136652085,-290.66427986547336,-287.66752040622373,-179.20724316670288
-276.1226310732111,-276.1226310732111,-292.1399508315841,-287.928786568418,-179.20724316670288
-278.7244838869875,-278.7244838869875,-291.38802075771537,-289.65660417271096,-179.20724316670288
-279.41869751212874,-279.41869751212874,-287.721667723858,-289.4910324286737,-179.20724316670288
-274.7107232002727,-274.7107232002727,-292.4633346386657,-290.12392628597877,-179.20724316670288
-282.83785083398,-282.83785083398,-293.3812929726205,-291.6629374343398,-179.20724316670288
-280.38897792922165,-280.38897792922165,-293.02270244405435,-292.05999162811713,-179.20724316670288
-281.97240425682975,-281.97240425682975,-296.9180641774639,-293.0394008561074,-179.20724316670288
-276.05869921730255,-276.05869921730255,-298.97736889755686,-293.34225791826213,-179.20724316670288
-277.2370297597293,-277.2370297597293,-300.7736510704684,-293.6408626631734,-179.20724316670288
-275.2722119105108,-275.2722119105108,-308.27796300200015,-295.08600822833324,-179.20724316670288
-276.0951917374835,-276.0951917374835,-311.61021727616605,-295.2654701260571,-179.20724316670288
-279.4579117981347,-279.4579117981347,-303.3879427582088,-294.91684729859224,-179.20724316670288
-275.60134275336077,-275.60134275336077,-310.22133659115724,-296.00961361049065,-179.20724316670288
-281.23770646400175,-281.23770646400175,-305.6744945718989,-296.17855345622115,-179.20724316670288
-278.29775645502144,-278.29775645502144,-304.7739714827146,-296.39004976286,-179.20724316670288
-281.2411656795933,-281.2411656795933,-302.7155406474709,-294.89523862424386,-179.20724316670288
-278.6796823994809,-278.6796823994809,-297.68424014722785,-295.64991167766783,-179.20724316670288
-273.70632130812817,-273.70632130812817,-295.89301836608536,-296.4728003212591,-179.20724316670288
-274.2929484377183,-274.2929484377183,-293.05340088997025,-295.2320748828281,-179.20724316670288
-277.80135688732736,-277.80135688732736,-291.3786757433884,-295.4321133471741,-179.20724316670288
-276.97805434366614,-276.97805434366614,-290.4982418567553,-295.8488130429769,-179.20724316670288
-276.98341375273475,-276.98341375273475,-297.66017849426925,-295.8833924570441,-179.20724316670288
-268.4773309072375,-268.4773309072375,-292.58963914269333,-295.4399052695676,-179.20724316670288
-273.5310006474909,-273.5310006474909,-291.4144562289009,-295.70259146947706,-179.20724316670288
-277.18357230312586,-277.18357230312586,-289.3814884429374,-294.9119677545977,-179.20724316670288
-281.29308778049864,-281.29308778049864,-294.56572663882486,-295.23003871071023,-179.20724316670288
-278.6121224683205,-278.6121224683205,-294.0644856685141,-295.2270866350882,-179.20724316670288
-281.1978826470114,-281.1978826470114,-291.8024930288231,-293.3317037397227,-179.20724316670288
-273.3505895955878,-273.3505895955878,-297.44269500565474,-293.3928142103686,-179.20724316670288
-273.80287797698327,-273.80287797698327,-291.3413468857592,-292.26807737278557,-179.20724316670288
-279.55294553389393,-279.55294553389393,-287.9269828105834,-292.201953097896,-179.20724316670288
-280.87169483541476,-280.87169483541476,-283.9612307325032,-290.755359197036,-179.20724316670288
-279.69119585744784,-279.69119585744784,-283.64339982041463,-291.05497690061407,-179.20724316670288
-278.43804631869943,-278.43804631869943,-284.4034110686117,-291.43103946713813,-179.20724316670288
-274.4848081501775,-274.4848081501775,-285.1575673272128,-291.59193121251525,-179.20724316670288
-277.2958576160806,-277.2958576160806,-280.69747390167527,-291.6803624618164,-179.20724316670288
-280.65623206442086,-280.65623206442086,-278.9252179229369,-291.81156944897225,-179.20724316670288
-282.96128683511796,-282.96128683511796,-280.37157330150256,-292.5379984101152,-179.20724316670288
-274.18901220166265,-274.18901220166265,-271.32922071780877,-291.55865558474557,-179.20724316670288
-276.24440182807035,-276.24440182807035,-276.87627543466334,-291.7077081862569,-179.20724316670288
-279.085227211539,-279.085227211539,-277.0127033657762,-291.837619228173,-179.20724316670288
-281.6683021690546,-281.6683021690546,-279.447449158372,-291.1689643802137,-179.20724316670288
-283.71164661809667,-283.71164661809667,-276.42919007991355,-290.1210466716073,-179.20724316670288
-278.6949138854994,-278.6949138854994,-276.266542712869,-290.0444478441892,-179.20724316670288
-277.35871595411396,-277.35871595411396,-272.6200981644105,-289.0628836779792,-179.20724316670288
-280.9621464043028,-280.9621464043028,-274.23832619298025,-289.04795396500117,-179.20724316670288
-273.7583195594991,-273.7583195594991,-271.9873182349597,-287.9158652302205,-179.20724316670288
-282.6886960107274,-282.6886960107274,-279.08473505858524,-289.2258377305106,-179.20724316670288
-282.4746607999779,-282.4746607999779,-280.0849836018753,-288.5367902571555,-179.20724316670288
-280.60357807098694,-280.60357807098694,-278.1045893563284,-289.1957700844279,-179.20724316670288
-279.93339320922263,-279.93339320922263,-276.5806674738402,-288.72576255662426,-179.20724316670288
-279.2951020766557,-279.2951020766557,-271.7794551716487,-287.2472512630004,-179.20724316670288
-281.43365935485,-281.43365935485,-275.24291491230105,-287.6252961092959,-179.20724316670288
-281.1675135361187,-281.1675135361187,-279.7299602973679,-287.49777297592965,-179.20724316670288
-276.52326234224546,-276.52326234224546,-277.9362445294199,-285.973873989339,-179.20724316670288
-271.61772602594954,-271.61772602594954,-279.14926057848135,-286.2732655918865,-179.20724316670288
-283.7933665372725,-283.7933665372725,-284.2478566516844,-285.3818237250645,-179.20724316670288
-282.4397378671694,-282.4397378671694,-278.49178792937073,-285.1287215368734,-179.20724316670288
-279.12250430329505,-279.12250430329505,-283.18750482560046,-285.01956100818194,-179.20724316670288
-280.9452834450481,-280.9452834450481,-286.52315158087174,-284.8448078002022,-179.20724316670288
-277.66228454799193,-277.66228454799193,-288.9643279406506,-284.19658468952116,-179.20724316670288
-280.1218261898304,-280.1218261898304,-298.71598798529783,-286.3128603084182,-179.20724316670288
-281.31075094900564,-281.31075094900564,-293.15791709901225,-284.21261221086695,-179.20724316670288
-282.62889630081094,-282.62889630081094,-294.6770460765695,-285.2982832768638,-179.20724316670288
-275.97653088488886,-275.97653088488886,-300.5611357239656,-285.1313068375892,-179.20724316670288
-273.8992171547093,-273.8992171547093,-298.370600455687,-285.4042775535297,-179.20724316670288
-278.22562285770164,-278.22562285770164,-295.973711836769,-285.03971806297284,-179.20724316670288
-276.5158528112079,-276.5158528112079,-296.824555139036,-285.3150288914636,-179.20724316670288
-280.1514393239306,-280.1514393239306,-302.22019631209156,-286.85292009260615,-179.20724316670288
-283.469730669086,-283.469730669086,-294.22408398382464,-285.41388944828947,-179.20724316670288
-281.44573877662987,-281.44573877662987,-291.3450925953058,-284.3659548372313,-179.20724316670288
-275.6820125027665,-275.6820125027665,-283.09979980204344,-283.4007845699731,-179.20724316670288
-275.76855870557097,-275.76855870557097,-287.8891195341519,-283.2725082891586,-179.20724316670288
-279.2010861224291,-279.2010861224291,-282.6282803772191,-283.54104810652746,-179.20724316670288
-280.5319474985617,-280.5319474985617,-276.35881618585876,-282.5267723861735,-179.20724316670288
-278.68495676380104,-278.68495676380104,-274.8118996262135,-281.45351215100754,-179.20724316670288
-270.15803803966486,-270.15803803966486,-280.5249226576856,-282.3318054608071,-179.20724316670288
-277.4137966140064,-277.4137966140064,-273.41071807630203,-281.63667390095935,-179.20724316670288
-277.8281350654033,-277.8281350654033,-265.6358861391273,-280.4915583193007,-179.20724316670288
-278.0987894872509,-278.0987894872509,-272.74439822554615,-281.69449971624687,-179.20724316670288
-278.69159957978763,-278.69159957978763,-277.8585893694854,-282.35227614901163,-179.20724316670288
-277.9388281710277,-277.9388281710277,-280.85720893878795,-282.77998021123,-179.20724316670288
-281.080964582442,-281.080964582442,-283.1984883685159,-283.1835259987789,-179.20724316670288
-277.6573851537172,-277.6573851537172,-277.62128181488094,-282.1846222557813,-179.20724316670288
-282.82770150958464,-282.82770150958464,-283.689042418994,-282.2330674045297,-179.20724316670288
-279.0177759724741,-279.0177759724741,-285.543975217314,-282.42281241413525,-179.20724316670288
-284.6686942582978,-284.6686942582978,-274.40642850223367,-281.4280475766665,-179.20724316670288
-277.17406549909253,-277.17406549909253,-289.33179914003256,-283.4287190686653,-179.20724316670288
-281.0560324125633,-281.0560324125633,-291.2602363629387,-284.47776144832665,-179.20724316670288
-276.3810836905195,-276.3810836905195,-285.99230159234696,-283.5177049477836,-179.20724316670288
-278.2624142871737,-278.2624142871737,-284.58102150832843,-283.86593977752216,-179.20724316670288
-278.4672291636163,-278.4672291636163,-287.0931604011101,-284.30912245977765,-179.20724316670288
-276.5368681777978,-276.5368681777978,-285.681823687214,-285.034052720239,-179.20724316670288
-276.1599833666072,-276.1599833666072,-289.60271578750894,-284.85185687070924,-179.20724316670288
-274.39319727202957,-274.39319727202957,-289.8456230708938,-285.67817238582643,-179.20724316670288
-278.6898297942924,-278.6898297942924,-288.0585385685763,-285.18685488925445,-179.20724316670288
-278.5889135180911,-278.5889135180911,-288.77868139661666,-284.78632020899784,-179.20724316670288
-286.6490514289628,-286.6490514289628,-279.6874868011431,-283.5492694171769,-179.20724316670288
-280.5934633765795,-280.5934633765795,-286.6139516785597,-285.7835550636635,-179.20724316670288
-271.0855406527999,-271.0855406527999,-291.78061776240213,-286.25291062899834,-179.20724316670288
-275.8396682664881,-275.8396682664881,-285.4772783558982,-285.6452619539337,-179.20724316670288
-272.99358829422033,-272.99358829422033,-285.67483675397733,-287.08819877624336,-179.20724316670288
-274.3327346580292,-274.3327346580292,-287.4575598188795,-287.4769817015547,-179.20724316670288
-272.890615540819,-272.890615540819,-287.7795482755731,-286.46177446635033,-179.20724316670288
-279.04281058663753,-279.04281058663753,-281.63654481615896,-286.4182324431742,-179.20724316670288
-277.7643512203871,-277.7643512203871,-282.40263212685886,-285.83752919892993,-179.20724316670288
-280.6893916468991,-280.6893916468991,-288.09275815553593,-285.5553005097682,-179.20724316670288
-283.13208369373183,-283.13208369373183,-293.0596651880607,-286.4628448689149,-179.20724316670288
-272.32200844342884,-272.32200844342884,-287.866145244264,-286.7192831473962,-179.20724316670288
-276.8475323678907,-276.8475323678907,-284.3664811447201,-285.821576541768,-179.20724316670288
-281.42486769663805,-281.42486769663805,-290.6786735141933,-285.9881310686422,-179.20724316670288
-281.7307132820471,-281.7307132820471,-279.7861162413234,-283.30222442744844,-179.20724316670288
-279.6838734490842,-279.6838734490842,-279.97191829738756,-284.8397819412297,-179.20724316670288
-278.5582338053983,-278.5582338053983,-285.94384346607194,-284.7151339442508,-179.20724316670288
-283.925192274202,-283.925192274202,-293.76030600598943,-285.058066499579,-179.20724316670288
-286.1166405790475,-286.1166405790475,-303.0415643734376,-286.7717219824801,-179.20724316670288
-283.850320503841,-283.850320503841,-298.12714304664473,-285.9859867517433,-179.20724316670288
-277.0362834260632,-277.0362834260632,-295.3833842138352,-286.17461068387473,-179.20724316670288
-270.6535974737729,-270.6535974737729,-291.26885283964305,-284.5290144529065,-179.20724316670288
-279.994708272242,-279.994708272242,-292.6411681766702,-285.50499338033705,-179.20724316670288
-280.27552583605205,-280.27552583605205,-287.0942345304137,-285.13795945566375,-179.20724316670288
-273.7459235482313,-273.7459235482313,-294.14780120387144,-285.51182470781396,-179.20724316670288
-281.5559026748854,-281.5559026748854,-291.31810966972154,-285.52557996834366,-179.20724316670288
-276.64553056562823,-276.64553056562823,-288.3776268151485,-285.8650032318367,-179.20724316670288
-274.698838873702,-274.698838873702,-291.69313834386327,-288.1249309311799,-179.20724316670288
-275.93117811334463,-275.93117811334463,-281.5178691368301,-288.11291588460335,-179.20724316670288
-276.158765223343,-276.158765223343,-286.78513786777944,-287.23802979376205,-179.20724316670288
-277.595954550906,-277.595954550906,-291.03509797233335,-289.699486663081,-179.20724316670288
-281.06378413264474,-281.06378413264474,-296.2873904897711,-290.65931532303534,-179.20724316670288
-282.92068137874975,-282.92068137874975,-292.96864395439286,-289.5498425261065,-179.20724316670288
-280.8359937210723,-280.8359937210723,-294.71352642845744,-288.50894686745823,-179.20724316670288
-279.3930129363254,-279.3930129363254,-297.2765632222626,-288.79569556450895,-179.20724316670288
-278.98392397836267,-278.98392397836267,-299.33227486026016,-288.75233726669256,-179.20724316670288
-274.0183409863646,-274.0183409863646,-296.9676411131941,-289.7342750914993,-179.20724316670288
-276.57535518984065,-276.57535518984065,-297.7191586632337,-290.93095418002775,-179.20724316670288
-273.44059860136656,-273.44059860136656,-298.0228835567399,-290.60869755248854,-179.20724316670288
-272.44244585401094,-272.44244585401094,-297.39409657722643,-291.83556340876066,-179.20724316670288
-281.2343849468045,-281.2343849468045,-291.7698381093463,-290.1870944569437,-179.20724316670288
-275.0806450354373,-275.0806450354373,-286.23452374856214,-289.65417280016,-179.20724316670288
-279.8052006367619,-279.8052006367619,-285.50425766232354,-289.4522337401018,-179.20724316670288
-275.43801384939155,-275.43801384939155,-285.5277426488773,-288.698291095568,-179.20724316670288
-278.3369619375119,-278.3369619375119,-283.8850431153823,-288.15407210736345,-179.20724316670288
-277.45188995741626,-277.45188995741626,-280.6066939559364,-287.737311320437,-179.20724316670288
-280.4664805174004,-280.4664805174004,-282.61658221572645,-288.33704837714276,-179.20724316670288
-280.53988752122865,-280.53988752122865,-283.80603003552113,-289.7230355729533,-179.20724316670288
-283.06122740011955,-283.06122740011955,-282.2180068068792,-289.44059120014913,-179.20724316670288
-281.12678042553864,-281.12678042553864,-279.72306924236284,-290.0244409779099,-179.20724316670288
-272.97619448888963,-272.97619448888963,-279.18064386450664,-290.08572586961645,-179.20724316670288
-279.59764726493427,-279.59764726493427,-283.2840298138557,-288.98818842721914,-179.20724316670288
-277.4539230388176,-277.4539230388176,-289.5045107726314,-288.9970123421476,-179.20724316670288
-272.07541650118094,-272.07541650118094,-291.5661949783551,-289.9160744200593,-179.20724316670288
-279.338127271708,-279.338127271708,-288.5377845454163,-288.72666166565125,-179.20724316670288
-281.05704658648153,-281.05704658648153,-294.07804684606435,-289.061408725874,-179.20724316670288
-277.48242429100935,-277.48242429100935,-297.9751555612627,-290.3761698342807,-179.20724316670288
-278.783797606088,-278.783797606088,-281.9553692562508,-289.7868004609716,-179.20724316670288
-278.2668321871388,-278.2668321871388,-289.9438972769534,-290.94884423016805,-179.20724316670288
-274.45695695764954,-274.45695695764954,-287.53060986497195,-289.9120113197971,-179.20724316670288
-280.93089820176687,-280.93089820176687,-286.4935152293839,-288.77249587788106,-179.20724316670288
-280.11446413357777,-280.11446413357777,-286.1697047116644,-288.6489003206992,-179.20724316670288
-279.485184084249,-279.485184084249,-282.86582972536854,-288.6968820582773,-179.20724316670288
-276.5606210589384,-276.5606210589384,-285.2924596465441,-288.8388316465295,-179.20724316670288
-276.36224921556925,-276.36224921556925,-291.29193707735135,-291.02782583285676,-179.20724316670288
-278.37372875648975,-278.37372875648975,-293.476779278539,-291.7623809221043,-179.20724316670288
-280.21235167454995,-280.21235167454995,-283.33323885588715,-289.8540489122438,-179.20724316670288
-273.67013741400314,-273.67013741400314,-292.6209416042596,-289.55892758062566,-179.20724316670288
-280.3295103956931,-280.3295103956931,-283.7487635595311,-287.0902840673867,-179.20724316670288
-273.4334753052368,-273.4334753052368,-295.46457612646066,-289.37949793576024,-179.20724316670288
-281.40384344567514,-281.40384344567514,-300.9221287321581,-289.88024478154557,-179.20724316670288
-276.8351930420651,-276.8351930420651,-294.7898636413828,-289.3531024810472,-179.20724316670288
-281.97451507070275,-281.97451507070275,-295.64869460914116,-289.2983873447715,-179.20724316670288
-278.28164827661635,-278.28164827661635,-295.7983088599479,-290.5796465124364,-179.20724316670288
-277.8461744230129,-277.8461744230129,-295.68019577136863,-291.33430474635617,-179.20724316670288
-277.2782056377117,-277.2782056377117,-290.24820234443575,-291.54839945704714,-179.20724316670288
-274.9986158514594,-274.9986158514594,-295.5068003855113,-291.27988362631635,-179.20724316670288
-282.15085609888666,-282.15085609888666,-297.8477077826318,-290.7898414683794,-179.20724316670288
-279.8091065093693,-279.8091065093693,-303.8701389241639,-291.56073802485344,-179.20724316670288
-279.2929221756658,-279.2929221756658,-296.1978244939826,-291.2620352610009,-179.20724316670288
-273.1119583164799,-273.1119583164799,-295.63636241080144,-290.8004976692393,-179.20724316670288
-276.8249793638852,-276.8249793638852,-300.90747288082196,-290.27711895925734,-179.20724316670288
-278.5770984353036,-278.5770984353036,-303.14934667457464,-291.33452788880777,-179.20724316670288
-275.9027148645418,-275.9027148645418,-301.31257689878106,-291.8994566065011,-179.20724316670288
-281.88303863109024,-281.88303863109024,-296.33534675166385,-291.1460614522365,-179.20724316670288
-282.2338814068561,-282.2338814068561,-293.58136528999097,-290.3982175429933,-179.20724316670288
-272.29370274913583,-272.29370274913583,-291.46787043315607,-290.1799294903087,-179.20724316670288
-286.3388628156424,-286.3388628156424,-286.29766448240605,-288.50554263221386,-179.20724316670288
-277.55123738015953,-277.55123738015953,-281.3504977491999,-288.22626086334543,-179.20724316670288
-280.4312929320657,-280.4312929320657,-286.6548957825288,-289.11419510206133,-179.20724316670288
-276.46301649408383,-276.46301649408383,-280.5534931953303,-288.5572286864361,-179.20724316670288
-276.6212073214164,-276.6212073214164,-277.31388877902924,-288.4929919653508,-179.20724316670288
-278.1932031402996,-278.1932031402996,-271.9894544633361,-288.6315672490104,-179.20724316670288
-276.7512460443522,-276.7512460443522,-276.381389811772,-290.07018603908,-179.20724316670288
-284.14339158038973,-284.14339158038973,-280.5182612461093,-290.47270507838186,-179.20724316670288
-279.2184014019012,-279.2184014019012,-285.76104572732663,-291.42908789727136,-179.20724316670288
-279.71165898599537,-279.71165898599537,-289.18096899345016,-291.4928068458535,-179.20724316670288
-274.9878481135216,-274.9878481135216,-293.78990661480793,-290.5023179480712,-179.20724316670288
-285.9749535443709,-285.9749535443709,-294.750720242631,-290.7328035504959,-179.20724316670288
-280.57623390519956,-280.57623390519956,-286.3537299723571,-290.4403272480602,-179.20724316670288
-282.3830867852775,-282.3830867852775,-289.84335080390764,-290.68977007431624,-179.20724316670288
-277.1088930232094,-277.1088930232094,-289.4725717712054,-289.73070035682076,-179.20724316670288
-281.2078206213188,-281.2078206213188,-287.1666661154037,-288.16399831756485,-179.20724316670288
-277.4215447870538,-277.4215447870538,-280.88439395614733,-287.9338258346385,-179.20724316670288
-284.5771978092075,-284.5771978092075,-280.22778177858845,-288.8107045250163,-179.20724316670288
-279.68569010868197,-279.68569010868197,-281.9951262294471,-289.0125037739479,-179.20724316670288
-283.23750603259566,-283.23750603259566,-284.7805350559728,-288.8538827447955,-179.20724316670288
-282.49006368024334,-282.49006368024334,-283.34261197642115,-290.77976649210535,-179.20724316670288
-273.7738838187391,-273.7738838187391,-285.13641015437963,-289.7713061259811,-179.20724316670288
-282.30328582442166,-282.30328582442166,-287.56278037743357,-290.4467613505525,-179.20724316670288
-281.74344685270256,-281.74344685270256,-287.0616654148132,-290.8034001114022,-179.20724316670288
-276.9315001154731,-276.9315001154731,-287.1766954566667,-289.9320985058212,-179.20724316670288
-275.44612576982456,-275.44612576982456,-293.4622592166014,-290.2832842158114,-179.20724316670288
-273.73513189837917,-273.73513189837917,-292.35927219892176,-289.34718834511403,-179.20724316670288
-272.84135221098114,-272.84135221098114,-291.8424186428087,-288.92080083810777,-179.20724316670288
-278.21203963415746,-278.21203963415746,-289.360184183372,-288.1891847549145,-179.20724316670288
-275.6071046047208,-275.6071046047208,-282.86819197296626,-288.7608733682114,-179.20724316670288
-282.2755800090781,-282.2755800090781,-278.938476084525,-288.0432733881584,-179.20724316670288
-279.6645077193535,-279.6645077193535,-281.6449127812305,-289.350535970321,-179.20724316670288
-279.7318572069452,-279.7318572069452,-278.7458250936058,-287.1030111439815,-179.20724316670288
-275.95580213693296,-275.95580213693296,-277.2817353607912,-286.0753214371287,-179.20724316670288
-280.1833201224298,-280.1833201224298,-274.3407872032571,-285.8422832181961,-179.20724316670288
-280.1052303038481,-280.1052303038481,-272.03361952453764,-285.56026919889075,-179.20724316670288
-279.8810303184297,-279.8810303184297,-272.8653676318514,-284.76060009949475,-179.20724316670288
-279.7170821605404,-279.7170821605404,-268.98670918249843,-283.58210352033376,-179.20724316670288
-284.58015082293923,-284.58015082293923,-268.80511956118175,-283.9005681982637,-179.20724316670288
-278.3024339852568,-278.3024339852568,-269.1291027588178,-283.4853338428726,-179.20724316670288
-276.92841658628026,-276.92841658628026,-276.54539651842595,-283.7828111353172,-179.20724316670288
