Average Episodic Reward,Average Episodic N-Reward,Avg Reward (last 10),Avg Reward (last 50),Best Reward
6011.263783773096,6011.263783773096,9513.74294341213,9513.74294341213,9513.74294341213
6011.263783773096,6011.263783773096,5989.251275641641,5989.251275641641,9513.74294341213
6011.263783773096,6011.263783773096,4814.420719718145,4814.420719718145,9513.74294341213
6011.263783773096,6011.263783773096,4227.005441756397,4227.005441756397,9513.74294341213
6011.263783773096,6011.263783773096,3874.5562749793476,3874.5562749793476,9513.74294341213
6293.506496595557,6293.506496595557,3639.590163794648,3639.590163794648,9513.74294341213
6011.263783773096,6011.263783773096,4706.357165638117,4706.357165638117,11106.959176698934
6011.263783773096,6011.263783773096,4426.157470917247,4426.157470917247,11106.959176698934
6011.263783773096,6011.263783773096,4208.2243750232365,4208.2243750232365,11106.959176698934
6011.263783773096,6011.263783773096,4033.877898308028,4033.877898308028,11106.959176698934
6011.263783773096,6011.263783773096,3328.97956475393,3891.2307809955846,11106.959176698934
6011.263783773096,6011.263783773096,3328.97956475393,3772.358183235215,11106.959176698934
6011.263783773096,6011.263783773096,3328.97956475393,3671.773677437979,11106.959176698934
6011.263783773096,6011.263783773096,3328.97956475393,3585.5583867546343,11106.959176698934
6011.263783773096,6011.263783773096,3328.97956475393,3510.838468162402,11106.959176698934
6011.263783773096,6011.263783773096,3328.97956475393,3445.4585393941998,11106.959176698934
6011.263783773096,6011.263783773096,2464.7596078711517,3387.7703669516673,11106.959176698934
6293.506496595557,6293.506496595557,2464.7596078711517,3336.4919914471943,11106.959176698934
6011.263783773096,6011.263783773096,3328.97956475393,3745.4639485657067,11106.959176698934
6011.263783773096,6011.263783773096,3328.97956475393,3681.428731530979,11106.959176698934
6011.263783773096,6011.263783773096,3328.97956475393,3623.4921065947965,11106.959176698934
6011.263783773096,6011.263783773096,3328.97956475393,3570.8224475619036,11106.959176698934
6011.263783773096,6011.263783773096,3328.97956475393,3522.732758879697,11106.959176698934
6011.263783773096,6011.263783773096,3328.97956475393,3478.6505442543407,11106.959176698934
6011.263783773096,6011.263783773096,3328.97956475393,3438.094906799013,11106.959176698934
6649.349462111192,6649.349462111192,3521.4537399072856,3474.687462668463,11106.959176698934
4086.4637088879945,4086.4637088879945,3997.2074215101165,3613.4877945659073,11106.959176698934
7988.626269582439,7988.626269582439,4859.953600015377,3880.5854230786877,11106.959176698934
8541.585331276277,8541.585331276277,4366.060336330951,3959.462702967515,11106.959176698934
8652.473295955653,8652.473295955653,5018.908708651264,4127.255390571074,11106.959176698934
8904.407520855599,8904.407520855599,5739.005331615029,4305.915727569065,11106.959176698934
9152.73454881016,9152.73454881016,6222.710014712134,4399.53731229635,11106.959176698934
8180.506982890329,8180.506982890329,6706.191620945258,4487.417262535927,11106.959176698934
8245.179576160825,8245.179576160825,7215.635160948121,4577.763666811334,11106.959176698934
8387.70233060854,8387.70233060854,7638.199918236872,4638.124910066972,11106.959176698934
8463.077810943045,8463.077810943045,8106.028711469032,4761.171142890842,11106.959176698934
8753.329028578244,8753.329028578244,8785.934600423212,5011.446390743557,14021.355313441287
10417.628038379566,10417.628038379566,8493.454900061446,5094.498443337307,14021.355313441287
11207.809516218607,11207.809516218607,9112.971833205775,5280.875300464504,14021.355313441287
12555.687607015967,12555.687607015967,9451.233604632074,5458.249944086325,14021.355313441287
13265.236909151885,13265.236909151885,9663.450388338373,5612.631498488409,14021.355313441287
13952.488270741038,13952.488270741038,10244.59527625122,5791.217779904653,14021.355313441287
13901.950901865748,13901.950901865748,11138.249612140575,6034.122460118404,16236.119029095955
13695.339575246502,13695.339575246502,11690.681272983787,6194.335850032348,16236.119029095955
13624.02827526603,13624.02827526603,12214.270393912624,6321.712795366008,16236.119029095955
13754.974731719256,13754.974731719256,12778.252672805133,6504.014953741777,16236.119029095955
13785.276238051338,13785.276238051338,12927.180751208454,6695.645190842473,16236.119029095955
13428.53807547183,13428.53807547183,13291.927137153249,6802.296087882296,16236.119029095955
13428.53807547183,13428.53807547183,13345.754120897796,6926.768937287626,16236.119029095955
13428.53807547183,13428.53807547183,13391.505053505407,7044.900965970141,16236.119029095955
13428.53807547183,13428.53807547183,13497.658614549928,7111.614692802238,16236.119029095955
13428.53807547183,13428.53807547183,13471.555314024003,7319.363946899044,16236.119029095955
13428.53807547183,13428.53807547183,13139.69022040469,7528.418116599678,16236.119029095955
13428.53807547183,13428.53807547183,13121.66176711575,7737.187466111103,16236.119029095955
13428.53807547183,13428.53807547183,13218.52079222409,7945.790046776288,16236.119029095955
13428.53807547183,13428.53807547183,13034.401314629607,8153.823200712996,16236.119029095955
13428.53807547183,13428.53807547183,12770.265960248895,8189.069668252367,16236.119029095955
13428.53807547183,13428.53807547183,12880.068569548952,8398.032762930035,16236.119029095955
13428.53807547183,13428.53807547183,12881.643762398684,8607.081923517428,16236.119029095955
13428.53807547183,13428.53807547183,12884.575994911504,8815.040585290837,16236.119029095955
13428.53807547183,13428.53807547183,12889.122238091917,9023.643227469836,16236.119029095955
13428.53807547183,13428.53807547183,12891.999311126237,9231.967896173504,16236.119029095955
13428.53807547183,13428.53807547183,12889.167496340679,9440.455702917026,16236.119029095955
13428.53807547183,13428.53807547183,12881.858039961491,9647.763161152616,16236.119029095955
13428.53807547183,13428.53807547183,12885.600372484441,9857.114208322391,16236.119029095955
13428.53807547183,13428.53807547183,12891.228654227987,10066.273018607808,16236.119029095955
13428.53807547183,13428.53807547183,12897.366436756489,10275.591034029434,16236.119029095955
13428.53807547183,13428.53807547183,12894.481692386174,10483.97717983304,16236.119029095955
13428.53807547183,13428.53807547183,12888.52077445843,10518.990165458326,16236.119029095955
13428.53807547183,13428.53807547183,12887.13128871803,10726.670930083656,16236.119029095955
13428.53807547183,13428.53807547183,12886.080575041015,10935.063429527254,16236.119029095955
13428.53807547183,13428.53807547183,12885.575253318855,11143.28703388649,16236.119029095955
13428.53807547183,13428.53807547183,12883.962923893869,11351.452374745013,16236.119029095955
13428.53807547183,13428.53807547183,12890.77469634531,11560.122187470892,16236.119029095955
13428.53807547183,13428.53807547183,12882.764929498177,11767.871281271242,16236.119029095955
13428.53807547183,13428.53807547183,12880.71522204886,11938.125315036124,16236.119029095955
13428.53807547183,13428.53807547183,12878.020205630713,12051.753590853554,16236.119029095955
13428.53807547183,13428.53807547183,12876.58760498211,12087.303980826386,16236.119029095955
13428.53807547183,13428.53807547183,12877.383452592685,12221.254788710676,16236.119029095955
13428.53807547183,13428.53807547183,12886.753448978734,12300.239878149148,16236.119029095955
13428.53807547183,13428.53807547183,12886.360110318701,12364.534385267987,16236.119029095955
13428.53807547183,13428.53807547183,12883.91022916197,12475.527076776456,16236.119029095955
13428.53807547183,13428.53807547183,12885.914253797244,12587.396901315411,16236.119029095955
13428.53807547183,13428.53807547183,12883.081750901438,12693.611505461555,16236.119029095955
13428.53807547183,13428.53807547183,12886.380703073053,12817.507438238476,16236.119029095955
13428.53807547183,13428.53807547183,12884.168596522211,12893.75329204676,16236.119029095955
13428.53807547183,13428.53807547183,12875.839542000585,12869.734579169026,16236.119029095955
13428.53807547183,13428.53807547183,12877.53428986501,12964.119858787099,16236.119029095955
13428.53807547183,13428.53807547183,12878.041821808445,12974.268786431208,16236.119029095955
13428.53807547183,13428.53807547183,12874.502974259933,12984.89375207472,16236.119029095955
13428.53807547183,13428.53807547183,12872.71628943751,13006.387565487812,16236.119029095955
13428.53807547183,13428.53807547183,12875.55116135826,13001.718253797866,16236.119029095955
13428.53807547183,13428.53807547183,12874.797448304955,12934.706468548291,16236.119029095955
13428.53807547183,13428.53807547183,12881.757369545141,12931.826724773828,16236.119029095955
13428.53807547183,13428.53807547183,12881.189461120171,12950.891251679986,16236.119029095955
13428.53807547183,13428.53807547183,12881.12909313638,12914.328576113008,16236.119029095955
13428.53807547183,13428.53807547183,12884.733492412579,12861.245127409853,16236.119029095955
13428.53807547183,13428.53807547183,12888.897532714069,12883.513937899263,16236.119029095955
13428.53807547183,13428.53807547183,12889.485768150536,12883.015115881757,16236.119029095955
13428.53807547183,13428.53807547183,12882.538048757347,12883.10035112511,16236.119029095955
13428.53807547183,13428.53807547183,12884.074649169434,12883.670772411717,16236.119029095955
13428.53807547183,13428.53807547183,12882.439691270542,12883.89512924717,16236.119029095955
13428.53807547183,13428.53807547183,12883.815207442114,12883.53146595577,16236.119029095955
13428.53807547183,13428.53807547183,12881.922581438701,12883.878887638415,16236.119029095955
13428.53807547183,13428.53807547183,12883.475254626144,12883.8821441604,16236.119029095955
13428.53807547183,13428.53807547183,12889.09017520001,12885.266348227093,16236.119029095955
13428.53807547183,13428.53807547183,12892.429731605229,12885.677881681118,16236.119029095955
13428.53807547183,13428.53807547183,12889.472993193032,12885.394822628077,16236.119029095955
13428.53807547183,13428.53807547183,12884.770897172482,12883.640542836516,16236.119029095955
13428.53807547183,13428.53807547183,12885.282813131882,12883.241714769185,16236.119029095955
13428.53807547183,13428.53807547183,12889.560673827375,12883.758459558809,16236.119029095955
13428.53807547183,13428.53807547183,12889.368022233753,12883.368871468676,16236.119029095955
13428.53807547183,13428.53807547183,12884.257015886795,12882.549369864999,16236.119029095955
13428.53807547183,13428.53807547183,12881.993680626027,12883.906015771325,16236.119029095955
13428.53807547183,13428.53807547183,12880.942646114545,12882.950598886417,16236.119029095955
13428.53807547183,13428.53807547183,12874.667879777051,12881.9541933369,16236.119029095955
13428.53807547183,13428.53807547183,12873.656042545128,12880.935802838847,16236.119029095955
13428.53807547183,13428.53807547183,12868.566674967904,12880.211819144422,16236.119029095955
13428.53807547183,13428.53807547183,12868.221058339084,12879.580599612646,16236.119029095955
13428.53807547183,13428.53807547183,12873.822155304058,12880.579888086391,16236.119029095955
13428.53807547183,13428.53807547183,12874.949877586409,12881.532320067885,16236.119029095955
13428.53807547183,13428.53807547183,12875.339296636012,12881.321680132107,16236.119029095955
13428.53807547183,13428.53807547183,12880.084741141609,12881.773733314543,16236.119029095955
13428.53807547183,13428.53807547183,12878.861917240554,12881.523459950371,16236.119029095955
13428.53807547183,13428.53807547183,12873.864320820188,12881.170477150821,16236.119029095955
13428.53807547183,13428.53807547183,12866.32736286984,12879.076621501099,16236.119029095955
13428.53807547183,13428.53807547183,12861.70178820199,12877.672119353105,16236.119029095955
13428.53807547183,13428.53807547183,12868.157537238672,12878.525805595738,16236.119029095955
13428.53807547183,13428.53807547183,12871.222319392991,12878.348372972709,16236.119029095955
13428.53807547183,13428.53807547183,12868.48034780983,12876.92526785261,16236.119029095955
13428.53807547183,13428.53807547183,12862.292053632815,12876.718708730708,16236.119029095955
13428.53807547183,13428.53807547183,12862.066073573187,12876.95284901435,16236.119029095955
13428.53807547183,13428.53807547183,12859.678566092898,12876.526595773674,16236.119029095955
13428.53807547183,13428.53807547183,12861.506024270606,12877.208314624206,16236.119029095955
13428.53807547183,13428.53807547183,12868.207582818673,12877.535853099944,16236.119029095955
13428.53807547183,13428.53807547183,12878.00393424911,12877.843689046478,16236.119029095955
13428.53807547183,13428.53807547183,12885.021673813791,12879.508545715746,16236.119029095955
13428.53807547183,13428.53807547183,12882.074468427887,12879.433841308313,16236.119029095955
13428.53807547183,13428.53807547183,12888.510623326869,12880.442133276392,16236.119029095955
13428.53807547183,13428.53807547183,12886.161918801005,12879.257056760824,16236.119029095955
13428.53807547183,13428.53807547183,12893.689703323462,12880.913391507898,16236.119029095955
13428.53807547183,13428.53807547183,12895.455399515517,12880.933696645803,16236.119029095955
13428.53807547183,13428.53807547183,12898.6187558269,12881.290857278065,16236.119029095955
13428.53807547183,13428.53807547183,12895.843012422172,12880.025443199609,16236.119029095955
13428.53807547183,13428.53807547183,12892.162147193965,12879.730390314702,16236.119029095955
13428.53807547183,13428.53807547183,12894.803400933584,12880.57855060592,16236.119029095955
13428.53807547183,13428.53807547183,12889.625940972726,12880.487035427774,16236.119029095955
13428.53807547183,13428.53807547183,12889.763523312664,12879.607039428032,16236.119029095955
13428.53807547183,13428.53807547183,12886.384639235275,12879.821907493342,16236.119029095955
13428.53807547183,13428.53807547183,12890.102498275144,12880.769946664383,16236.119029095955
13428.53807547183,13428.53807547183,12884.394325123072,12880.977326698627,16236.119029095955
13296.109276298832,13296.109276298832,12883.712860744206,12881.188330540535,16236.119029095955
13518.95551737776,13518.95551737776,12847.824750774354,12874.092765944511,16236.119029095955
13436.264076955558,13436.264076955558,12547.877060344215,12813.216338980716,16236.119029095955
13343.428085189456,13343.428085189456,12254.143640280376,12753.86406744555,16236.119029095955
13290.872416791155,13290.872416791155,11945.747142531087,12691.909944072133,16236.119029095955
13290.872416791155,13290.872416791155,11646.844549411962,12631.36999898912,16236.119029095955
13290.872416791155,13290.872416791155,11348.400839638714,12571.392608717168,16236.119029095955
13266.631894477357,13266.631894477357,11049.742081425542,12512.816144343953,16236.119029095955
13308.125481347644,13308.125481347644,10763.180936919172,12456.349571421842,16236.119029095955
13490.110554023413,13490.110554023413,10528.426000964837,12408.75039212612,16236.119029095955
13633.460735617904,13633.460735617904,10966.697236910162,12496.654173475816,17256.702706032942
13340.972357245406,13340.972357245406,10898.582114212528,12476.957785609655,17256.702706032942
13405.785727764587,13405.785727764587,11301.783861792175,12497.174375213946,17256.702706032942
13861.48649803653,13861.48649803653,11576.655897558161,12493.006717734272,17256.702706032942
13633.460735617904,13633.460735617904,11918.537259353177,12500.68381998736,17256.702706032942
13434.03126954048,13434.03126954048,12120.008574613777,12480.640505402851,17256.702706032942
13709.411828385004,13709.411828385004,12394.194599992281,12476.518193722044,17256.702706032942
13274.263491029516,13274.263491029516,12800.08770538348,12499.18947375283,17256.702706032942
13608.816249574758,13608.816249574758,13488.898675936067,12579.364875548245,17256.702706032942
13362.15962941089,13362.15962941089,13762.729845455862,12586.306385700007,17256.702706032942
13506.66924674294,13506.66924674294,13057.198627695545,12533.02603968772,17256.702706032942
13608.816249574758,13608.816249574758,13202.885477909917,12541.51793296332,17256.702706032942
13608.816249574758,13608.816249574758,13136.094049287876,12548.62080162341,17256.702706032942
13506.66924674294,13506.66924674294,13194.667545987028,12557.16736276764,17256.702706032942
13543.37751723368,13543.37751723368,13196.975868966276,12566.813521206646,17256.702706032942
13363.43738375458,13363.43738375458,13565.381779976093,12621.376503757672,17256.702706032942
13439.066569539562,13439.066569539562,13355.207222181012,12573.928130710512,17256.702706032942
13444.899785246775,13444.899785246775,13014.445205671675,12527.834051008567,17256.702706032942
13221.647678840887,13221.647678840887,12371.192028468766,12479.90721168003,17256.702706032942
13180.074198909606,13180.074198909606,12288.707230006788,12471.589420974806,17256.702706032942
13428.33581899215,13428.33581899215,12508.926747645746,12462.398174502236,17256.702706032942
13439.066569539562,13439.066569539562,12226.854115069342,12414.953042758607,17256.702706032942
13506.66924674294,13506.66924674294,11958.1409143749,12367.947779644264,17256.702706032942
13568.08685028362,13568.08685028362,11955.196193216514,12374.565084847209,17256.702706032942
13593.494648287924,13593.494648287924,11957.041788343917,12382.621092025609,17256.702706032942
13329.106083175127,13329.106083175127,11419.39061865021,12328.250292724953,17256.702706032942
13506.66924674294,13506.66924674294,11914.948798616508,12380.502996748233,17256.702706032942
13506.66924674294,13506.66924674294,12179.232731957347,12385.978472734663,17256.702706032942
13494.725082838575,13494.725082838575,12452.019657330533,12393.078759385937,17256.702706032942
13363.9682765166,13363.9682765166,12229.936474909398,12338.83877529199,17256.702706032942
13655.454549037477,13655.454549037477,12103.307886680084,12303.968671935147,17256.702706032942
13228.23875341037,13228.23875341037,12314.132653177378,12298.055822228704,17256.702706032942
13528.590531719203,13528.590531719203,12514.244185745656,12291.62801430896,17256.702706032942
13562.319432772996,13562.319432772996,12376.637503831735,12271.460156174766,17256.702706032942
13548.685443163407,13548.685443163407,12595.700581172601,12322.800528073414,17256.702706032942
14208.190848229846,14208.190848229846,12881.398442176722,12326.604792965756,17256.702706032942
13785.509325004274,13785.509325004274,12461.842360910787,12294.918764267863,17256.702706032942
13705.329398731179,13705.329398731179,12687.613686942344,12346.224282276082,17256.702706032942
13439.825201148025,13439.825201148025,12872.158673926835,12389.489994516274,17256.702706032942
13363.27638488543,13363.27638488543,13231.411802561144,12408.242270779607,17256.702706032942
13666.962552474939,13666.962552474939,13143.083990800611,12355.842897946432,17256.702706032942
13521.465739927968,13521.465739927968,13061.59262690345,12340.809397454525,17256.702706032942
13837.385444107444,13837.385444107444,13133.100041380972,12408.672610516316,17256.702706032942
14001.45090663898,14001.45090663898,13017.036323996606,12424.03869291801,17256.702706032942
13724.792884093336,13724.792884093336,12751.644916588368,12483.98008288487,17256.702706032942
13826.243905811363,13826.243905811363,12593.543288947794,12515.944540872923,17256.702706032942
13650.988392932377,13650.988392932377,12743.583053259188,12573.955206991955,17256.702706032942
13722.582366427596,13722.582366427596,12524.90275178061,12641.256416347089,17256.702706032942
13686.231948591347,13686.231948591347,12358.525969676539,12708.559001067752,17256.702706032942
13781.928797784443,13781.928797784443,12106.999103439117,12723.956891274462,17256.702706032942
13713.098711193254,13713.098711193254,12361.939892155911,12634.89142899558,17256.702706032942
13811.836274389607,13811.836274389607,12364.051848300673,12633.903344272148,17256.702706032942
13845.547366196442,13845.547366196442,12391.119844538336,12626.539807065546,17256.702706032942
13845.596221041656,13845.596221041656,12598.49043451884,12628.405600310145,17256.702706032942
13433.08887918537,13433.08887918537,12592.204312642067,12618.713493542646,17256.702706032942
13810.064173439856,13810.064173439856,13037.87334309059,12699.517494568283,17256.702706032942
13643.453802115444,13643.453802115444,12936.203405975284,12682.356968188558,17256.702706032942
13869.598318534123,13869.598318534123,12787.967083109525,12638.8322918923,17256.702706032942
13688.810753360516,13688.810753360516,12733.265803879855,12557.432426656505,17256.702706032942
13691.653695209598,13691.653695209598,12783.53930029321,12528.11878224193,17256.702706032942
13525.876794169422,13525.876794169422,12683.175138232433,12560.086731102956,17256.702706032942
13807.33813938651,13807.33813938651,12827.774629929027,12558.881174675973,17256.702706032942
13787.907990212101,13787.907990212101,12758.50374974631,12551.021747157234,17256.702706032942
13763.519037453256,13763.519037453256,12816.43568308339,12552.759227729417,17256.702706032942
13768.331626124918,13768.331626124918,12873.868834226494,12554.092086594692,17256.702706032942
13648.787585647102,13648.787585647102,12609.631305775982,12508.36739972826,17256.702706032942
13720.696451997817,13720.696451997817,12759.866140967715,12563.288751945896,17256.702706032942
13617.145436421588,13617.145436421588,12865.113087621488,12608.965868282265,17256.702706032942
13782.750754387283,13782.750754387283,12729.641186256353,12629.122258214022,17256.702706032942
13788.16022890941,13788.16022890941,12826.701662754716,12635.717668791518,17256.702706032942
13691.104994577228,13691.104994577228,12969.831430530332,12652.267667679875,17256.702706032942
13821.32042922526,13821.32042922526,12911.648664707962,12695.840084603698,17256.702706032942
13634.693604347094,13634.693604347094,12953.005222734031,12749.994608829062,17256.702706032942
13914.533413451421,13914.533413451421,12965.92928436132,12754.905845958376,17256.702706032942
13782.750754387283,13782.750754387283,12961.56059303849,12754.995847533604,17256.702706032942
13826.2338092226,13826.2338092226,12912.194430863909,12806.928162170998,17256.702706032942
13781.928797784443,13781.928797784443,12710.429799818521,12722.384952186298,17256.702706032942
13832.334487334867,13832.334487334867,12707.02631862872,12714.524585616535,17256.702706032942
13604.704930365191,13604.704930365191,12705.447475999961,12679.807821947907,17256.702706032942
13751.520461200846,13751.520461200846,12706.893994151114,12731.109172639859,17256.702706032942
13673.674446618452,13673.674446618452,12664.023168520458,12764.410724047946,17256.702706032942
13713.950134525938,13713.950134525938,12725.799785182451,12778.17351100471,17256.702706032942
13874.908901865803,13874.908901865803,12584.019145811048,12763.94960084214,17256.702706032942
13692.936741179303,13692.936741179303,12560.627145674303,12791.70377432689,17256.702706032942
13782.2731183513,13782.2731183513,12408.642372733299,12717.584205845742,17256.702706032942
13782.2731183513,13782.2731183513,12402.210384736849,12711.090550683024,17256.702706032942
13873.72232825476,13873.72232825476,12550.671162388979,12740.150712481935,17256.702706032942
13818.432308599751,13818.432308599751,12545.882763623193,12686.178400952704,17256.702706032942
13691.462092896498,13691.462092896498,12749.0107984824,12655.17824685902,17256.702706032942
13846.002367606583,13846.002367606583,12594.961055615628,12603.819023250755,17256.702706032942
13943.061804278144,13943.061804278144,12589.535265789094,12653.700979045645,17256.702706032942
13693.518309281651,13693.518309281651,12660.666544899605,12697.988294603943,17256.702706032942
13816.004148407052,13816.004148407052,12662.59625778031,12669.848844122003,17256.702706032942
13846.002367606583,13846.002367606583,12614.867578050194,12711.270025137606,17256.702706032942
13819.700915557996,13819.700915557996,12715.011867668663,12710.257596061803,17256.702706032942
13690.38208625198,13690.38208625198,12720.597467691954,12736.501386431859,17256.702706032942
13847.090754259194,13847.090754259194,12629.644039896113,12717.362909809322,17256.702706032942
13728.551762985591,13728.551762985591,12686.628710839708,12718.523592764528,17256.702706032942
13799.139168614562,13799.139168614562,12475.661757588063,12678.605404441327,17256.702706032942
13645.83307286409,13645.83307286409,12625.42977571779,12707.505157706495,17256.702706032942
13726.37958441762,13726.37958441762,12537.492799647753,12688.811560544016,17256.702706032942
13721.476362691476,13721.476362691476,12279.181862745236,12681.014297492859,17256.702706032942
13782.750754387283,13782.750754387283,12368.150076335087,12665.254890481358,17256.702706032942
13838.742907684926,13838.742907684926,12369.65716902338,12665.503372038516,17256.702706032942
13826.056487980617,13826.056487980617,12420.973423456959,12676.01141822478,17256.702706032942
13694.075954467566,13694.075954467566,12266.235066506526,12582.173731115043,17256.702706032942
13688.509106172205,13688.509106172205,12260.569814294518,12582.236191473168,17256.702706032942
13713.659652388504,13713.659652388504,12114.109492835116,12583.752074709644,17256.702706032942
13785.86887902857,13785.86887902857,12306.281204852052,12593.208484635765,17256.702706032942
13816.004148407052,13816.004148407052,12359.911969718776,12622.779691591608,17256.702706032942
13680.941784023526,13680.941784023526,12448.344717718002,12641.845476441127,17256.702706032942
13781.991745381447,13781.991745381447,12634.185857740176,12642.296543055087,17256.702706032942
13726.63719726965,13726.63719726965,12632.469528375408,12640.048046207177,17256.702706032942
13671.280256770313,13671.280256770313,12491.223483785232,12600.460932178883,17256.702706032942
13798.399719273171,13798.399719273171,12490.807533800544,12599.39915813959,17256.702706032942
13667.346700795986,13667.346700795986,12642.892200779723,12588.825910115795,17256.702706032942
13728.551762985591,13728.551762985591,12795.184281390331,12589.299819557695,17256.702706032942
13679.921452727342,13679.921452727342,12750.605884752695,12560.850634135886,17256.702706032942
13867.4863728901,13867.4863728901,12772.174782050568,12601.715203794609,17256.702706032942
13681.19910594629,13681.19910594629,12772.412360777727,12611.921831196207,17256.702706032942
13463.544396431213,13463.544396431213,12829.564539001982,12613.792098135456,17256.702706032942
13729.66924455329,13729.66924455329,13095.298805331655,12679.026571179824,17256.702706032942
13692.165021616542,13692.165021616542,12965.829016294389,12642.612804919248,17256.702706032942
13597.791897196777,13597.791897196777,13007.444272927874,12608.763929892199,17256.702706032942
13629.773066171314,13629.773066171314,13274.161813302338,12661.919402192363,17256.702706032942
13689.325444038144,13689.325444038144,13330.998356535763,12672.586695250164,17256.702706032942
13897.199574466322,13897.199574466322,13191.086289707353,12685.43111753546,17256.702706032942
14027.934063835346,14027.934063835346,13335.119972663655,12686.469364942874,17256.702706032942
13764.090821739677,13764.090821739677,13280.57728883124,12716.741166360865,17256.702706032942
13938.79874185865,13938.79874185865,13562.337741232026,12783.010580612388,17256.702706032942
14164.120422594788,14164.120422594788,13853.12965684114,12851.613395799593,17256.702706032942
14237.817106749088,14237.817106749088,13868.076865833544,12907.481987310042,17256.702706032942
13918.302086807566,13918.302086807566,14353.998102352529,12996.608596227545,17256.702706032942
13390.426362326929,13390.426362326929,14565.043444264102,13009.647189610156,17256.702706032942
13618.9539646649,13618.9539646649,14719.940830621475,13124.179093769995,17509.521695730284
13752.31640360219,13752.31640360219,14583.151280611954,13108.774874425186,17509.521695730284
13752.31640360219,13752.31640360219,15138.869382970623,13203.070761651788,17509.521695730284
13972.870918592238,13972.870918592238,15593.842079473925,13296.061228113022,17509.521695730284
13905.121844585528,13905.121844585528,15505.459471554486,13268.030900975284,17509.521695730284
13946.221957816097,13946.221957816097,15638.859229044547,13391.790215298175,17509.521695730284
13778.787327542426,13778.787327542426,15753.870510094242,13484.480444660625,17509.521695730284
13610.618106366506,13610.618106366506,15887.772472039676,13552.903172738059,17509.521695730284
13831.545543812363,13831.545543812363,15979.140394165946,13659.917423504672,17509.521695730284
13939.39898472622,13939.39898472622,16213.4763822052,13729.368950441158,17509.521695730284
13685.366076624348,13685.366076624348,15881.076129222518,13757.39194608077,17509.521695730284
13618.534182242249,13618.534182242249,16307.9648667495,13826.248354236694,17509.521695730284
14009.446427488938,14009.446427488938,16092.816978612409,13895.705349395046,17509.521695730284
14003.724282983932,14003.724282983932,15499.697879684903,13858.675061882059,17509.521695730284
14024.43664057744,14024.43664057744,15441.055978049571,13861.109745067584,17509.521695730284
14004.948280210961,14004.948280210961,14601.952834278583,13787.094827010333,17509.521695730284
14161.68330359384,14161.68330359384,14012.23320767784,13779.428526266642,17509.521695730284
13684.34241878876,13684.34241878876,13694.914209601126,13836.049642109236,17509.521695730284
13914.910966320482,13914.910966320482,13403.17830227004,13866.923068691662,17509.521695730284
13738.35187267141,13738.35187267141,13404.888938691234,13936.415304374728,17509.521695730284
14034.975835787429,14034.975835787429,13615.83889737412,13996.365040864199,17509.521695730284
13943.61525588605,13943.61525588605,13715.909176168538,14116.183176169096,17509.521695730284
13682.96117185975,13682.96117185975,13603.860628343686,14164.36351220488,17509.521695730284
13739.727714989043,13739.727714989043,13864.768360389746,14208.806835392981,17509.521695730284
13800.906912771792,13800.906912771792,14182.22478879171,14236.298461855515,17509.521695730284
14026.90571846773,14026.90571846773,15002.774958474805,14315.667424761537,17509.521695730284
14013.248938944402,14013.248938944402,15279.576229420878,14345.674828607212,17509.521695730284
13866.335762623867,13866.335762623867,15281.672340272675,14365.546938615735,17509.521695730284
13830.648046010947,13830.648046010947,15577.657185554552,14455.96060012749,17509.521695730284
13996.0742418945,13996.0742418945,15372.614341039793,14512.693475825638,17509.521695730284
14125.529869116477,14125.529869116477,14640.213323374332,14426.246198778956,17509.521695730284
14281.433175407641,14281.433175407641,14339.444112888445,14455.49355859084,17509.521695730284
14195.42893155789,14195.42893155789,14137.625068236322,14432.851669574076,17509.521695730284
14263.041436653433,14263.041436653433,14137.921420373747,14486.269942517194,17509.521695730284
14292.609971861566,14292.609971861566,14078.995263349187,14497.662558115238,17509.521695730284
14295.307849631428,14295.307849631428,13568.36336881911,14474.857626369814,17509.521695730284
14260.574738093146,14260.574738093146,13365.834205817935,14452.928761970405,17509.521695730284
14261.008636069797,14261.008636069797,13345.331641192513,14415.553505787908,17509.521695730284
14332.273827977528,14332.273827977528,13024.72071363993,14467.738939596598,17509.521695730284
14301.864360893913,14301.864360893913,12821.554719874412,14475.515565214946,17509.521695730284
14172.764060221984,14172.764060221984,13387.768733789993,14448.967582876487,17509.521695730284
14260.57743472555,14260.57743472555,13376.468963780932,14464.587680039875,17509.521695730284
14260.236182420089,14260.236182420089,13569.936563831758,14508.62172439896,17509.521695730284
14331.614523932374,14331.614523932374,13578.271573914626,14534.900262767389,17509.521695730284
14331.186675683077,14331.186675683077,13388.52274254064,14519.251648857118,17509.521695730284
14330.853017473633,14330.853017473633,13392.961648253511,14440.98240777411,17509.521695730284
14263.368331997,14263.368331997,13388.132978575657,14359.92942631731,17509.521695730284
14292.609971861566,14292.609971861566,13396.268042430927,14321.191741107386,17509.521695730284
14286.1595127768,14286.1595127768,13211.206060656037,14239.180531257303,17509.521695730284
14260.997688878828,14260.997688878828,13213.108124139413,14205.128501190007,17509.521695730284
14175.87458949242,14175.87458949242,13155.77948320758,14136.135313393706,17509.521695730284
14571.354649639105,14571.354649639105,13152.132528480137,14178.383929613512,17509.521695730284
13894.394688528275,13894.394688528275,13168.478325737911,14114.543512952416,17509.521695730284
14078.529696878431,14078.529696878431,13481.670784613689,14112.466003795345,17509.521695730284
13876.31519143047,13876.31519143047,13887.606026902164,14195.680959926653,17509.521695730284
14467.807088134836,14467.807088134836,14412.703875044721,14195.751336974148,17509.521695730284
13813.736405390937,13813.736405390937,14765.28191339828,14162.211706978116,17509.521695730284
13902.470592499445,13902.470592499445,14556.593661364352,14054.955978972319,17509.521695730284
13837.77475094618,13837.77475094618,14544.219498211965,13952.196352066505,17509.521695730284
14373.594563316145,14373.594563316145,15069.226826015743,13976.27858995212,17509.521695730284
14163.290092287036,14163.290092287036,15240.773757782721,14008.074839105748,17509.521695730284
14136.589048087295,14136.589048087295,15577.060227857062,14032.20300183502,17509.521695730284
14240.826872023868,14240.826872023868,15893.696855902865,14074.71948841051,17509.521695730284
13932.309977873583,13932.309977873583,15736.769638959362,14159.880355650233,17509.521695730284
13913.762813384714,13913.762813384714,15859.96579195169,14279.462922707076,17509.521695730284
13995.212360535355,13995.212360535355,15324.452644413564,14340.251299001142,17509.521695730284
14265.973233242608,14265.973233242608,15379.40965297258,14435.646996037069,17509.521695730284
14207.092493263955,14207.092493263955,15854.455584006437,14486.864253853382,17509.521695730284
13927.264486250802,13927.264486250802,16389.690653766083,14549.498822365713,17509.521695730284
13896.876594462208,13896.876594462208,15855.23826091852,14466.348454397574,17509.521695730284
14378.501152305847,14378.501152305847,15490.997814518803,14383.106622534686,17509.521695730284
13904.390729056146,13904.390729056146,15105.09238249351,14310.039643100015,17509.521695730284
14188.136211667608,14188.136211667608,14561.579172642963,14266.263197270362,17509.521695730284
13989.276413706697,13989.276413706697,14608.217459037585,14308.5701753798,17509.521695730284
14365.50456047346,14365.50456047346,14358.986232922336,14314.815211533201,17509.521695730284
14365.50456047346,14365.50456047346,14570.409777025887,14253.778262711357,17509.521695730284
14172.221233960696,14172.221233960696,14365.743873966872,14252.880524946266,17509.521695730284
14023.028377966559,14023.028377966559,14219.626127728032,14274.455011344451,17509.521695730284
14454.15555224839,14454.15555224839,13890.187906805582,14212.004966615923,17509.521695730284
14535.207373779876,14535.207373779876,14107.95210090208,14213.416006370033,17509.521695730284
14365.50456047346,14365.50456047346,14322.13143183258,14319.490244226334,17509.521695730284
14205.479835920592,14205.479835920592,14396.767111011688,14321.504242724666,17509.521695730284
14122.08935028203,14122.08935028203,14730.025931925435,14384.743370008184,17509.521695730284
14320.326188120598,14320.326188120598,14648.065445332706,14410.598980371593,17509.521695730284
14022.239834019083,14022.239834019083,14611.640629496964,14421.344284762756,17509.521695730284
14157.155441785473,14157.155441785473,14991.405158198788,14538.386620587295,18006.20580500453
14365.50456047346,14365.50456047346,14976.428359360321,14574.99935565474,18006.20580500453
14056.934239678832,14056.934239678832,14867.556996300755,14578.9000823661,18006.20580500453
14151.589889606836,14151.589889606836,15256.99738402917,14658.46030069377,18028.068507073884
14151.846921464197,14151.846921464197,15455.061989230224,14740.117460241194,18028.068507073884
14369.450324470674,14369.450324470674,15653.162106115848,14772.568918691506,18028.068507073884
14005.796136200692,14005.796136200692,15691.230563259334,14784.456562620346,18028.068507073884
14157.118142180392,14157.118142180392,15955.617870482554,14861.879631338348,18028.068507073884
14129.6256052635,14129.6256052635,15832.408483693658,14861.4263623274,18028.068507073884
14205.531754257421,14205.531754257421,15990.725778400243,14941.784891934682,18028.068507073884
14371.15760566046,14371.15760566046,15538.63382790956,14967.521056518504,18028.068507073884
14172.510800143687,14172.510800143687,15555.785575117867,15008.529874963184,18028.068507073884
14150.687989376464,14150.687989376464,15664.872607380868,15032.620995356086,18028.068507073884
14365.50456047346,14365.50456047346,15483.674788238694,15112.9540462103,18028.068507073884
14368.748532807153,14368.748532807153,15286.530776847372,15154.80199078279,18028.068507073884
14517.335025830767,14517.335025830767,15088.391995554388,15159.09142116087,18028.068507073884
14195.87651633814,14195.87651633814,15046.92615649157,15163.415288222632,18028.068507073884
14124.932062063355,14124.932062063355,14782.247687708159,15184.633503732397,18028.068507073884
14129.6256052635,14129.6256052635,14989.502443266543,15162.992694057972,18028.068507073884
14170.552256055851,14170.552256055851,14995.320805916574,15163.327847737562,18028.068507073884
14365.50456047346,14365.50456047346,15180.246822392708,15121.029645988101,18028.068507073884
14516.853263910461,14516.853263910461,15183.612049287034,15092.195902140935,18028.068507073884
14365.50456047346,14365.50456047346,15077.707510684113,15136.843765220041,18028.068507073884
14151.846921464197,14151.846921464197,14880.159625064518,15180.142071580814,18028.068507073884
14365.50456047346,14365.50456047346,15079.314516945262,15156.819528968696,18028.068507073884
14358.295813575929,14358.295813575929,15079.565618718858,15126.849793348096,18028.068507073884
14365.50456047346,14365.50456047346,15123.072649549631,15072.617772561147,18028.068507073884
14151.185603731994,14151.185603731994,15014.839152678882,15008.861963087598,18028.068507073884
14365.50456047346,14365.50456047346,15016.789498987162,15018.996666063531,18028.068507073884
14365.50456047346,14365.50456047346,14813.500594916917,14954.034808330605,18028.068507073884
14365.50456047346,14365.50456047346,14708.940037413257,14997.927124588037,18028.068507073884
14365.50456047346,14365.50456047346,14712.422337059857,14958.79843895839,18028.068507073884
14006.403293448473,14006.403293448473,14712.539302644906,14908.460508947735,18028.068507073884
14355.130596186202,14355.130596186202,15086.889249893371,14919.581790806267,18028.068507073884
14365.50456047346,14365.50456047346,14883.258212893026,14962.423519363592,18028.068507073884
14186.594074521987,14186.594074521987,14879.710059062174,15004.59224225677,18028.068507073884
14202.594554805182,14202.594554805182,14942.288198240893,15040.056935710623,18028.068507073884
14124.932062063355,14124.932062063355,15048.723281332332,15106.29078482547,18028.068507073884
14507.666664403407,14507.666664403407,15044.810157352218,15106.315205726456,18028.068507073884
14371.15760566046,14371.15760566046,15043.736940460052,15090.984949838148,18028.068507073884
14151.185603731994,14151.185603731994,15046.975485429171,15093.240266268698,18028.068507073884
14535.254353267816,14535.254353267816,15240.804083286854,15133.810480822387,18028.068507073884
14151.846921464197,14151.846921464197,15236.095918566865,15111.7544671155,18028.068507073884
14202.838229604673,14202.838229604673,15059.27890795391,15153.399991035934,18028.068507073884
14129.6256052635,14129.6256052635,15168.87619530441,15174.60833824406,18028.068507073884
14076.350987624382,14076.350987624382,15368.491958304203,15213.864347551093,18028.068507073884
14363.612249271224,14363.612249271224,14987.197328482236,15158.142979204731,18028.068507073884
14151.195633797684,14151.195633797684,14873.839762084372,15135.053550857263,18028.068507073884
14369.160561999495,14369.160561999495,14881.698251374852,15153.041766934888,18028.068507073884
14161.506672061723,14161.506672061723,14926.090204701482,15153.874864879055,18028.068507073884
14365.50456047346,14365.50456047346,15024.008716923874,15099.760978013715,18028.068507073884
14368.500713461908,14368.500713461908,14823.13174104658,15103.15115715964,18028.068507073884
14124.932062063355,14124.932062063355,14824.32680183558,15103.108428222467,18028.068507073884
14365.50456047346,14365.50456047346,14826.098860090297,15067.220286248159,18028.068507073884
13923.032772310029,13923.032772310029,14714.340171265556,15026.463974651124,18028.068507073884
14151.846921464197,14151.846921464197,14895.89194327537,15062.410314982997,18053.038654342636
14365.50456047346,14365.50456047346,15367.12301288955,15093.321469130775,18053.038654342636
14104.10374397299,14104.10374397299,15377.437684685996,15019.417513697948,18053.038654342636
14163.926598950013,14163.926598950013,15284.98670907205,15043.557412010565,18053.038654342636
14453.903529513373,14453.903529513373,15545.466711477828,15064.823051494572,18053.038654342636
14365.50456047346,14365.50456047346,15443.19208259976,15080.672628951752,18053.038654342636
14365.50456047346,14365.50456047346,15442.433197959612,15080.480681727984,18053.038654342636
14038.712084542383,14038.712084542383,15436.862123359891,15057.50633141827,18053.038654342636
13994.754101069264,13994.754101069264,15221.693049407899,15014.823938481999,18053.038654342636
14365.50456047346,14365.50456047346,15609.325565577921,15091.022932397234,18095.76294878941
14365.50456047346,14365.50456047346,15228.268926825238,15090.385701237166,18095.76294878941
14150.546633853859,14150.546633853859,15028.859633426666,15089.708164517793,18095.76294878941
14517.086290818845,14517.086290818845,15219.746564579376,15106.917289072191,18095.76294878941
14365.50456047346,14365.50456047346,15104.423878484517,15066.54169905416,18095.76294878941
14368.003980787285,14368.003980787285,14798.537041906777,15025.46629869261,18095.76294878941
14368.212081469668,14368.212081469668,14795.22666324625,15003.668597122462,18095.76294878941
14170.552256055851,14170.552256055851,14794.131363724806,15002.58454461554,18095.76294878941
14365.50456047346,14365.50456047346,14911.011021434466,15024.16703356834,18095.76294878941
14203.173969157475,14203.173969157475,14929.21276286848,15024.63456604279,18095.76294878941
14151.846921464197,14151.846921464197,14652.875518836805,15005.735132775542,18095.76294878941
14151.846921464197,14151.846921464197,14848.477535909216,15044.168084675239,18095.76294878941
14036.558063925118,14036.558063925118,15048.228804550537,15074.739395517978,18095.76294878941
14129.6256052635,14129.6256052635,14962.064630921599,15096.362384720736,18095.76294878941
14150.687989376464,14150.687989376464,15161.956860104046,15095.575171277535,18095.76294878941
14480.197052274412,14480.197052274412,15365.386555187177,15135.843490746664,18095.76294878941
14368.003946893232,14368.003946893232,15360.538414599632,15133.988272559736,18095.76294878941
14368.500937740779,14368.500937740779,15366.06007425657,15133.312092054884,18095.76294878941
14151.589889606836,14151.589889606836,15251.590742102944,15131.977321459948,18095.76294878941
14365.50456047346,14365.50456047346,15454.727677621011,15098.20225158832,18095.76294878941
14056.298730376764,14056.298730376764,15346.91537662836,15098.466565522609,18095.76294878941
14023.058892108453,14023.058892108453,15534.518247178838,15175.129722298572,18095.76294878941
14365.50456047346,14365.50456047346,15324.958803360583,15151.273516541914,18095.76294878941
14151.993999027838,14151.993999027838,15221.09938142685,15130.83760473964,18095.76294878941
14368.003980787285,14368.003980787285,15222.95882117688,15131.20490404247,18095.76294878941
14150.687989376464,14150.687989376464,15026.197551359379,15132.335612926527,18095.76294878941
14365.50456047346,14365.50456047346,15230.305681322341,15170.654311738374,18095.76294878941
14151.846921464197,14151.846921464197,15230.35644202396,15131.222563802305,18095.76294878941
14365.50456047346,14365.50456047346,15429.030925557247,15170.564322858025,18095.76294878941
14150.546633853859,14150.546633853859,15226.001476316302,15131.546765260797,18095.76294878941
14193.612627304383,14193.612627304383,15428.412388997322,15150.373804261195,18095.76294878941
14150.546633853859,14150.546633853859,15154.932369361242,15132.417804509983,18095.76294878941
14151.589889606836,14151.589889606836,15368.39515709606,15227.513082264679,18095.76294878941
14369.160561999495,14369.160561999495,15566.40983561111,15269.351619444986,18095.76294878941
14517.134064490607,14517.134064490607,15410.426106701165,15236.950475107731,18095.76294878941
14156.367652657977,14156.367652657977,15411.526771162646,15229.422926218764,18095.76294878941
14054.325637058819,14054.325637058819,15199.463642563063,15205.74529686621,18095.76294878941
14365.50456047346,14365.50456047346,15400.39882493373,15246.675980579737,18095.76294878941
14365.50456047346,14365.50456047346,15203.90933121657,15246.480828734226,18095.76294878941
14365.50456047346,14365.50456047346,15200.520212690313,15206.431035780803,18095.76294878941
14173.800099775437,14173.800099775437,14993.493999211572,15206.204569850397,18095.76294878941
14156.881418039438,14156.881418039438,14997.144111042062,15152.668238063321,18095.76294878941
14151.846921464197,14151.846921464197,14907.140137422268,15135.516507171225,18095.76294878941
14531.7561243303,14531.7561243303,14900.94607150494,15174.053296808777,18095.76294878941
14365.50456047346,14365.50456047346,14862.926566905775,15152.538446674478,18095.76294878941
14365.50456047346,14365.50456047346,14855.045856555604,15091.338755234317,18095.76294878941
14365.50456047346,14365.50456047346,14867.836187799874,15090.674117906234,18095.76294878941
14205.178139222771,14205.178139222771,14661.33634778278,15090.456610544368,18095.76294878941
14151.195633797684,14151.195633797684,14771.599098608844,15113.428223784014,18095.76294878941
14159.226339070061,14159.226339070061,14973.871956194882,15156.866817138198,18095.76294878941
13922.352283954553,13922.352283954553,14964.486731139867,15077.236802962783,18095.76294878941
14365.50456047346,14365.50456047346,15229.804608002863,15152.975374298845,18095.76294878941
13955.39309700176,13955.39309700176,15113.959422517732,15152.536464989436,18095.76294878941
14151.846921464197,14151.846921464197,15290.929906717745,15188.289965236449,18095.76294878941
14480.197052274412,14480.197052274412,15484.952149612593,15228.64410090009,18095.76294878941
14365.50456047346,14365.50456047346,15481.492197730457,15227.92978639905,18095.76294878941
14454.15555224839,14454.15555224839,15479.069745674375,15227.44273439186,18095.76294878941
14365.50456047346,14365.50456047346,15478.949230092447,15227.420183817896,18095.76294878941
14371.15760566046,14371.15760566046,15362.859816397211,15203.797982776563,18095.76294878941
14151.846921464197,14151.846921464197,15167.250419808284,15204.474348526162,18095.76294878941
14365.50456047346,14365.50456047346,15377.732387312008,15222.208176657827,18095.76294878941
14354.483635041572,14354.483635041572,15002.559994004172,15183.791865917838,18095.76294878941
14151.993999027838,14151.993999027838,15004.72614636058,15143.835933351445,18095.76294878941
14365.50456047346,14365.50456047346,14825.930006300516,15161.063040312232,18095.76294878941
14129.6256052635,14129.6256052635,14631.88145455884,15122.629019791051,18095.76294878941
14365.50456047346,14365.50456047346,14840.770567768888,15123.006588915398,18095.76294878941
14509.186405764549,14509.186405764549,14841.786256536614,15123.692302779258,18095.76294878941
14151.993999027838,14151.993999027838,14846.1384982788,15123.435868622344,18095.76294878941
14365.50456047346,14365.50456047346,15044.504660885475,15162.380766533068,18095.76294878941
14129.6256052635,14129.6256052635,15044.493667842244,15122.427546570403,18095.76294878941
14154.687423406225,14154.687423406225,15044.496395866,15161.724380505355,18095.76294878941
14172.72444366484,14172.72444366484,15028.48897178697,15082.586010839465,18095.76294878941
14083.985963241154,14083.985963241154,15142.06385531243,15107.256943741813,18095.76294878941
14129.6256052635,14129.6256052635,14935.663647267647,15103.975893480389,18095.76294878941
14453.613767042196,14453.613767042196,15127.700313912923,15103.577318338259,18095.76294878941
14150.687989376464,14150.687989376464,14918.774659028819,15101.52201044928,18095.76294878941
14365.50456047346,14365.50456047346,15119.47476602384,15101.526119719552,18095.76294878941
14055.980454198223,14055.980454198223,15115.085489548132,15100.381678127178,18095.76294878941
14365.50456047346,14365.50456047346,15304.685746188581,15137.511730659337,18095.76294878941
14106.30061464115,14106.30061464115,15301.136940711294,15137.454639449401,18095.76294878941
14365.50456047346,14365.50456047346,15220.655682199213,15120.173039145731,18095.76294878941
14292.4171307353,14292.4171307353,15226.13852274206,15096.827241515624,18095.76294878941
14365.50456047346,14365.50456047346,15157.298137758544,15065.03753987431,18095.76294878941
14365.50456047346,14365.50456047346,15160.189345572013,15022.731795472575,18095.76294878941
14047.283957785974,14047.283957785974,14968.021656304143,15015.096428258857,18095.76294878941
14369.160996216198,14369.160996216198,15265.372436622001,15072.291143541152,18095.76294878941
14205.28120874667,14205.28120874667,15114.017772416895,15084.436945690322,18095.76294878941
14365.50456047346,14365.50456047346,15097.457027605773,15039.793318661585,18095.76294878941
14535.254353267816,14535.254353267816,14715.214382141396,15039.772740844299,18095.76294878941
14151.993999027838,14151.993999027838,14714.20909363032,15040.192415637404,18095.76294878941
14071.315210217792,14071.315210217792,14788.43187209617,15079.16061372265,18095.76294878941
14170.84578342585,14170.84578342585,14902.768262208769,15077.952071748967,18095.76294878941
14150.546633853859,14150.546633853859,14965.161017473602,15076.64171588458,18095.76294878941
14365.50456047346,14365.50456047346,15164.7807441045,15075.498729992485,18095.76294878941
14151.993999027838,14151.993999027838,15152.52501372195,15073.016117622086,18095.76294878941
14150.546633853859,14150.546633853859,15060.422649853175,15113.366502200666,18095.76294878941
14150.687989376464,14150.687989376464,15205.770760407113,15152.023860211766,18095.76294878941
14365.50456047346,14365.50456047346,15423.048640889383,15192.135777282909,18095.76294878941
14021.364444006602,14021.364444006602,15421.965771478117,15169.846075418156,18095.76294878941
14365.50456047346,14365.50456047346,15410.42801514686,15127.5036274278,18095.76294878941
14443.236746002762,14443.236746002762,15220.149490987775,15130.293165692234,18095.76294878941
14365.50456047346,14365.50456047346,15116.076788248814,15055.206507798157,18095.76294878941
14058.934762175028,14058.934762175028,15010.064188285494,15055.86266903813,18095.76294878941
14371.15760566046,14371.15760566046,15197.278656327235,15056.768479914383,18095.76294878941
14159.532566887285,14159.532566887285,15202.97103519855,15016.61989473928,18095.76294878941
13939.70492492949,13939.70492492949,14985.157975736622,15014.099657801897,18095.76294878941
14202.921906614025,14202.921906614025,15170.169865792568,15090.243884235406,18095.76294878941
14056.649442543758,14056.649442543758,15084.223270318627,15113.190585328144,18095.76294878941
14371.130553722422,14371.130553722422,15458.564166884124,15188.98694551554,18095.76294878941
13923.016306963984,13923.016306963984,15512.081107800574,15196.469765026257,18095.76294878941
14365.50456047346,14365.50456047346,15887.656168287906,15232.277921887411,18095.76294878941
14124.099807706634,14124.099807706634,15884.310755956732,15231.556660188671,18095.76294878941
14365.50456047346,14365.50456047346,15990.708684939647,15253.059176753948,18095.76294878941
14470.440256951742,14470.440256951742,15612.900067623461,15214.162492178972,18095.76294878941
14058.076370869043,14058.076370869043,15615.115976746336,15213.266799176783,18095.76294878941
14150.546633853859,14150.546633853859,16005.421728715368,15247.0298899912,18095.76294878941
14125.323864974762,14125.323864974762,15830.198065023462,15287.926245932777,18095.76294878941
14365.50456047346,14365.50456047346,15920.120043779356,15327.986894428255,18095.76294878941
14453.862733025038,14453.862733025038,15544.741292047684,15289.03427174798,18095.76294878941
14038.882195683314,14038.882195683314,15502.99970113929,15288.17097168567,18095.76294878941
14519.557786573256,14519.557786573256,15232.137221565523,15269.806087027318,18095.76294878941
14365.50456047346,14365.50456047346,15236.826184229252,15273.224102677126,18095.76294878941
14365.50456047346,14365.50456047346,15136.06889342103,15251.860184375662,18095.76294878941
14365.50456047346,14365.50456047346,15140.699757692313,15255.169714263904,18095.76294878941
14151.195633797684,14151.195633797684,15144.012856355886,15216.529307665372,18095.76294878941
14578.243909074885,14578.243909074885,14969.282356391233,15257.131429463678,18095.76294878941
13925.46003483625,13925.46003483625,14769.314073044428,15217.894107336893,18095.76294878941
14151.185603731994,14151.185603731994,14953.621496908952,15295.694095900417,18098.261197424956
14185.400375207562,14185.400375207562,15157.879862517371,15259.673095013739,18098.261197424956
14456.777962712258,14456.777962712258,15044.357137796702,15236.815011102746,18098.261197424956
14151.195633797684,14151.195633797684,14937.295746306505,15213.134099848776,18098.261197424956
14517.039311330907,14517.039311330907,15130.122622020383,15254.020922532789,18098.261197424956
14368.003946893232,14368.003946893232,15131.271469211972,15246.654850666348,18098.261197424956
14365.50456047346,14365.50456047346,15126.66650789303,15248.465146728107,18098.261197424956
14365.50456047346,14365.50456047346,15131.299021544264,15249.184780713396,18098.261197424956
14206.08073859597,14206.08073859597,14940.908310675199,15192.238604274318,18098.261197424956
14517.134064490607,14517.134064490607,15043.176564909556,15203.725865835426,18098.261197424956
14150.687989376464,14150.687989376464,14655.298913760304,15207.262473131324,18098.261197424956
14365.50456047346,14365.50456047346,14649.317090093962,15246.493636604255,18098.261197424956
14150.546633853859,14150.546633853859,14760.628747464929,15246.09894186967,18098.261197424956
14151.195633797684,14151.195633797684,14961.143050885436,15247.67633560663,18098.261197424956
14362.57274495396,14362.57274495396,14963.239978927453,15266.115265876528,18098.261197424956
14365.50456047346,14365.50456047346,14958.948942559164,15245.412435683462,18098.261197424956
14365.50456047346,14365.50456047346,14960.254726076406,15207.559943122487,18098.261197424956
14151.993999027838,14151.993999027838,14948.680631400994,15208.415904249207,18098.261197424956
14151.185603731994,14151.185603731994,15141.416436934063,15208.4373616905,18098.261197424956
14354.483635041572,14354.483635041572,15233.37259434732,15209.246232623467,18098.261197424956
14151.846921464197,14151.846921464197,15240.141124013724,15170.680969756191,18098.261197424956
14365.50456047346,14365.50456047346,15244.15126254558,15210.930734817744,18098.261197424956
14071.795448647956,14071.795448647956,15245.341603456996,15213.081659531696,18098.261197424956
14290.72057933077,14290.72057933077,15155.217358776683,15234.68990916441,18098.261197424956
14365.50456047346,14365.50456047346,15002.641395428893,15243.428187312544,18098.261197424956
14075.580701927114,14075.580701927114,15006.09783257838,15244.619164542039,18098.261197424956
14174.437654801215,14174.437654801215,15109.605246699863,15190.025261197014,18098.261197424956
14369.160996216198,14369.160996216198,15229.484453929748,15213.718587995447,18098.261197424956
14150.140582124248,14150.140582124248,15067.319929438003,15224.869752430772,18098.261197424956
14062.785987242554,14062.785987242554,14596.328360164533,15094.477931497857,18098.261197424956
14571.424361087396,14571.424361087396,14701.326085714521,15094.10153283537,18098.261197424956
14151.185603731994,14151.185603731994,14512.659708249954,15021.749843090907,18098.261197424956
14057.580229070445,14057.580229070445,14712.137845968784,15053.09300716534,18098.261197424956
14365.50456047346,14365.50456047346,14977.307203853681,15052.620116277565,18098.261197424956
14151.185603731994,14151.185603731994,14932.654729395843,15053.096982000365,18098.261197424956
14182.09394831799,14182.09394831799,15129.13742030747,15072.304911615602,18098.261197424956
14365.50456047346,14365.50456047346,15136.28579032244,15094.702405736809,18098.261197424956
14365.50456047346,14365.50456047346,15024.541924800942,15095.603777606368,18098.261197424956
14151.195633797684,14151.195633797684,14991.57489429047,15022.100385545795,18098.261197424956
14151.993999027838,14151.993999027838,15470.715519436035,15022.581422380377,18098.261197424956
14150.687989376464,14150.687989376464,15557.234277224406,15021.52437952438,18098.261197424956
14517.382005318706,14517.382005318706,15740.40042304571,15060.881669290515,18098.261197424956
14365.50456047346,14365.50456047346,15547.361457862606,15061.96535851,18098.261197424956
14013.022137017764,14013.022137017764,15175.29765444687,15041.252202853835,18098.261197424956
14517.08708500267,14517.08708500267,15555.985852706232,15116.92891569576,18098.261197424956
14056.66170877428,14056.66170877428,15355.846076677966,15116.260348266987,18098.261197424956
14482.904125371033,14482.904125371033,15621.449319446348,15190.852318087616,18098.261197424956
14074.055688379523,14074.055688379523,15617.036968911363,15190.20860011746,18098.261197424956
14365.50456047346,14365.50456047346,15719.69101307121,15172.182116881786,18098.261197424956
13939.763838644072,13939.763838644072,15517.393289416166,15172.197265654722,18098.261197424956
14206.327235501667,14206.327235501667,15698.004728210028,15170.401025784598,18098.261197424956
14204.511113580871,14204.511113580871,15613.221570053589,15151.950010797758,18098.261197424956
14365.50456047346,14365.50456047346,15713.972767779895,15195.888484506642,18098.261197424956
14108.007649718362,14108.007649718362,15716.345361149177,15197.06212582237,18098.261197424956
14202.92194050808,14202.92194050808,15317.310604513958,15154.366512194476,18098.261197424956
14049.717363722648,14049.717363722648,15429.081051610434,15175.822264746683,18098.261197424956
14129.6256052635,14129.6256052635,14939.437868791472,15153.406590267306,18098.261197424956
14073.669837132276,14073.669837132276,15145.839997807218,15193.116795370053,18098.261197424956
14204.888453447604,14204.888453447604,15421.909483944177,15268.382351535582,18098.261197424956
14370.622259215535,14370.622259215535,15529.775404207816,15269.517033514374,18098.261197424956
14365.50456047346,14365.50456047346,15147.577659545777,15268.856774941692,18098.261197424956
14509.174508682425,14509.174508682425,15038.751070308568,15229.83680684068,18098.261197424956
14170.605689003092,14170.605689003092,14926.700274651233,15229.102789943903,18098.261197424956
14150.687989376464,14150.687989376464,15029.683763653418,15210.770268375967,18098.261197424956
14036.666887017831,14036.666887017831,15239.50045523793,15209.618607456572,18098.261197424956
14125.323864974762,14125.323864974762,15108.544707010911,15205.741417637031,18098.261197424956
14362.560955445108,14362.560955445108,15417.100636757072,15244.775772403438,18098.261197424956
14365.50456047346,14365.50456047346,15215.013516027946,15246.38337229544,18098.261197424956
14365.50456047346,14365.50456047346,14828.425644361898,15205.78419302115,18098.261197424956
14365.50456047346,14365.50456047346,14717.222802370885,15166.287075119086,18098.261197424956
14365.50456047346,14365.50456047346,14721.687979458226,15165.166146030591,18098.261197424956
13923.232255833733,13923.232255833733,14716.254655144588,15124.257485360478,18098.261197424956
14151.185603731994,14151.185603731994,15106.447979891716,15201.324065230845,18098.261197424956
14023.011912620515,14023.011912620515,15190.46434351246,15217.819665323119,18098.261197424956
14365.50456047346,14365.50456047346,14987.58620298504,15206.607568967798,18098.261197424956
14046.152102937449,14046.152102937449,15005.80405708267,15205.682662537889,18098.261197424956
14205.528133259555,14205.528133259555,15189.1365336847,15260.682029800408,18098.261197424956
14150.546633853859,14150.546633853859,15295.265595788913,15259.539600667276,18098.261197424956
14151.993999027838,14151.993999027838,15494.238535831963,15291.167914299942,18098.261197424956
14214.556480158642,14214.556480158642,15686.01803029123,15384.225009144426,18098.261197424956
14389.197134229744,14389.197134229744,15674.462785484726,15359.793485984632,18098.261197424956
14159.271738738353,14159.271738738353,15415.335271104574,15304.792597931408,18098.261197424956
14517.382005318706,14517.382005318706,15140.635458680039,15287.023587773097,18098.261197424956
14453.651500863976,14453.651500863976,14951.105195772523,15212.57926370689,18098.261197424956
14507.713643891346,14507.713643891346,14962.332125119243,15212.54304811248,18098.261197424956
14254.056204828485,14254.056204828485,14962.125323065218,15172.28024308944,18098.261197424956
14038.726060792995,14038.726060792995,14620.730421090024,15157.570955953925,18098.261197424956
14153.960556266242,14153.960556266242,14494.93090187472,15153.617396082032,18098.261197424956
14366.111635690995,14366.111635690995,14420.561072288814,15176.965149899612,18098.261197424956
14365.50456047346,14365.50456047346,14227.367780030054,15135.555461263231,18098.261197424956
14454.075009364176,14454.075009364176,14239.920272498586,15096.33068503947,18098.261197424956
14151.195633797684,14151.195633797684,14501.266396796704,15056.965792681605,18098.261197424956
14154.39809515175,14154.39809515175,14589.876332581645,15095.526562716903,18098.261197424956
13922.640045991202,13922.640045991202,14577.920218021038,15093.103776421724,18098.261197424956
14365.50456047346,14365.50456047346,14954.525467775797,15092.250971126396,18098.261197424956
14151.846921464197,14151.846921464197,14953.570668183069,15091.825161390463,18098.261197424956
14151.195633797684,14151.195633797684,15111.439603955529,15055.569012855762,18098.261197424956
14320.726404693221,14320.726404693221,15323.557848914332,15094.921572082629,18098.261197424956
14151.185603731994,14151.185603731994,15239.819496838734,15080.990846653118,18098.261197424956
14516.806284422522,14516.806284422522,15440.53309204595,15120.183421789188,18098.261197424956
14362.053311023885,14362.053311023885,15447.463911737654,15046.222521744996,18098.261197424956
14121.64416927387,14121.64416927387,15447.468826318314,15023.81524393455,18098.261197424956
14170.77499886292,14170.77499886292,15363.12667574485,15025.357344309898,18098.261197424956
14154.687423406225,14154.687423406225,15486.24314033859,15047.083332259608,18098.261197424956
14125.323864974762,14125.323864974762,15095.305207857624,15047.849891795127,18098.261197424956
14517.336535090124,14517.336535090124,15289.54970667829,15063.91889240403,18098.261197424956
14235.485412267886,14235.485412267886,15098.84354793717,15087.450148684897,18098.261197424956
14150.546633853859,14150.546633853859,14949.59799074868,15055.673170670918,18098.261197424956
14151.993999027838,14151.993999027838,15117.655103929288,15020.139970650138,18098.261197424956
14365.50456047346,14365.50456047346,15119.616982780222,15038.151737503667,18098.261197424956
13845.038279556034,13845.038279556034,15115.109675897005,15039.728925015237,18098.261197424956
14151.589889606836,14151.589889606836,15494.70672075058,15115.00637402295,18098.261197424956
14365.50456047346,14365.50456047346,15575.167707704448,15155.05083092054,18098.261197424956
14471.235616688627,14471.235616688627,15462.894270366829,15133.725433602287,18098.261197424956
14128.748293199998,14128.748293199998,15480.59947568691,15096.06969588492,18098.261197424956
13996.861837583267,13996.861837583267,15668.40131212393,15175.890213426635,18098.261197424956
14454.075009364176,14454.075009364176,16047.253486998874,15213.480718733259,18098.261197424956
14203.425991892493,14203.425991892493,15999.61611860457,15212.593691186245,18098.261197424956
14154.39809515175,14154.39809515175,15903.763976846041,15235.207637146967,18098.261197424956
14205.146884579943,14205.146884579943,15692.621552337781,15233.231487497047,18098.261197424956
14151.195633797684,14151.195633797684,15793.56836197603,15254.105001518801,18098.261197424956
14151.185603731994,14151.185603731994,15616.12094385061,15294.97963176416,18098.261197424956
14125.323864974762,14125.323864974762,15621.920129400043,15258.145260822208,18098.261197424956
14124.932062063355,14124.932062063355,15814.293239321312,15258.491212764058,18098.261197424956
13995.088842593848,13995.088842593848,16006.240830295055,15299.800621346927,18098.261197424956
14151.589889606836,14151.589889606836,16001.935875566758,15375.116577123452,18098.261197424956
14453.651500863976,14453.651500863976,15810.139837733706,15337.681379543059,18098.261197424956
14038.508350407306,14038.508350407306,15811.261933059126,15315.792958640284,18098.261197424956
14073.947526915324,14073.947526915324,15820.591604825167,15300.478250945605,18098.261197424956
14517.083839375395,14517.083839375395,15943.740968407179,15284.776075120235,18098.261197424956
14125.535299088098,14125.535299088098,15843.795615908835,15287.971567603621,18098.261197424956
14415.503164104362,14415.503164104362,15754.179860830607,15362.748549709362,18098.261197424956
14124.932062063355,14124.932062063355,15559.548820369655,15341.927933160126,18098.261197424956
14365.50456047346,14365.50456047346,15569.292503853974,15382.128674380348,18098.261197424956
14150.546633853859,14150.546633853859,15369.494362976611,15381.2330689184,18098.261197424956
14151.195633797684,14151.195633797684,15187.928617744587,15420.277236059324,18098.261197424956
14365.50456047346,14365.50456047346,15187.854334619584,15451.106162248972,18098.261197424956
14170.556787175252,14170.556787175252,15181.18312448808,15453.04340316296,18098.261197424956
14157.26177578887,14157.26177578887,15175.887743354728,15451.543585158794,18098.261197424956
14371.15760566046,14371.15760566046,15053.40191165301,15449.982901444828,18098.261197424956
14151.195633797684,14151.195633797684,15049.830078045776,15449.953528713062,18098.261197424956
14453.61071029002,14453.61071029002,15131.944122402778,15488.884094830579,18098.261197424956
14365.50456047346,14365.50456047346,15122.878232932384,15448.528313230276,18098.261197424956
14124.932062063355,14124.932062063355,14913.94154481713,15449.332939739565,18098.261197424956
14070.835197628678,14070.835197628678,15117.826545289825,15413.893284421207,18098.261197424956
14421.54801220277,14421.54801220277,15026.22832596043,15434.8087676148,18098.261197424956
14037.186247949287,14037.186247949287,14838.223500580523,15396.462941573973,18098.261197424956
13984.488366169197,13984.488366169197,14953.992145647513,15379.130262509594,18098.261197424956
14023.274840978202,14023.274840978202,15230.254240682616,15449.630533927568,18141.7092008019
14517.039311330907,14517.039311330907,15233.550482882803,15408.5863796122,18141.7092008019
14365.50456047346,14365.50456047346,15236.130246110837,15407.686795587695,18141.7092008019
14151.846921464197,14151.846921464197,15045.934384077022,15408.57720638232,18141.7092008019
14365.50456047346,14365.50456047346,15249.652089542835,15425.833395989875,18141.7092008019
14365.50456047346,14365.50456047346,15255.369654391438,15403.158242550136,18141.7092008019
14370.622259215535,14370.622259215535,15053.957244615962,15405.62369177287,18141.7092008019
14125.323864974762,14125.323864974762,14950.509822353657,15367.000790749873,18141.7092008019
14216.271802884867,14216.271802884867,15142.378549279756,15405.16994184249,18141.7092008019
14365.50456047346,14365.50456047346,15024.270558573544,15394.064776074567,18141.7092008019
14204.539693438108,14204.539693438108,14633.345448749207,15352.76860289155,18141.7092008019
14517.336535090124,14517.336535090124,14750.35288257082,15334.733559570317,18141.7092008019
14129.6256052635,14129.6256052635,14747.818196719654,15334.228499752222,18141.7092008019
14202.557587203984,14202.557587203984,14943.805485109357,15298.396959254074,18141.7092008019
14055.524635672014,14055.524635672014,14853.91892130977,15281.583638710936,18141.7092008019
14119.411249193254,14119.411249193254,15230.490939880012,15356.677576452774,18141.7092008019
14516.806284422522,14516.806284422522,15334.455348453072,15376.394866326104,18141.7092008019
14453.321714039428,14453.321714039428,15330.143698156066,15299.349267956302,18141.7092008019
14365.50456047346,14365.50456047346,15138.40178730344,15223.399601903404,18141.7092008019
14150.546633853859,14150.546633853859,15153.109796099638,15224.76351157358,18141.7092008019
14369.161328220078,14369.161328220078,15353.54528638524,15242.724864799391,18141.7092008019
14365.50456047346,14365.50456047346,15292.495813031937,15254.70841170915,18141.7092008019
14354.602112122171,14354.602112122171,15298.321732737319,15235.179173904486,18141.7092008019
14373.045976534915,14373.045976534915,15104.586177742423,15196.090006032437,18141.7092008019
14203.173969157475,14203.173969157475,14997.462226560307,15156.69205814299,18141.7092008019
14041.478381733517,14041.478381733517,14732.235679767278,15140.266064541964,18141.7092008019
14365.50456047346,14365.50456047346,14741.662174837566,15123.479135234602,18141.7092008019
14125.323864974762,14125.323864974762,14750.338617494945,15049.029816341936,18141.7092008019
14517.336535090124,14517.336535090124,14938.159183667693,15049.003471090198,18141.7092008019
14320.572651132241,14320.572651132241,14933.62726450891,15049.236577863532,18141.7092008019
14453.61071029002,14453.61071029002,14777.287508011214,15034.064045436598,18141.7092008019
14151.993999027838,14151.993999027838,14730.669710326207,15012.094160092955,18141.7092008019
14567.31063107066,14567.31063107066,14928.689368824893,15052.157924487696,18141.7092008019
14253.53598866344,14253.53598866344,14928.72205147216,15030.998444160747,18141.7092008019
14151.185603731994,14151.185603731994,14967.535982133113,15038.289490495683,18141.7092008019
14365.50456047346,14365.50456047346,15055.944891655707,15037.596542102308,18141.7092008019
14071.472626664587,14071.472626664587,14953.794132545003,15040.339089148285,18141.7092008019
14453.822986629159,14453.822986629159,15058.649981747527,15023.174089142523,18141.7092008019
14453.614533262778,14453.614533262778,14869.576691639148,14985.347942494114,18141.7092008019
14471.272584289827,14471.272584289827,14875.296852525807,14988.059323471081,18141.7092008019
14023.32182046614,14023.32182046614,14836.615625838826,14966.20962193342,18141.7092008019
14124.932062063355,14124.932062063355,14824.099829414345,14966.233743645225,18141.7092008019
14170.568721401896,14170.568721401896,14825.685002650464,15007.328909408636,18141.7092008019
13843.749558485422,13843.749558485422,14925.670580709044,14989.743735822001,18141.7092008019
14355.110244260877,14355.110244260877,15259.151099171586,15065.54406374352,18141.7092008019
14517.335025830767,14517.335025830767,15055.976257809429,15066.003484700772,18141.7092008019
14073.753594581021,14073.753594581021,15049.01288658918,15026.576357408157,18141.7092008019
14578.243909074885,14578.243909074885,14921.76827935942,15002.282079822326,18141.7092008019
14577.254783751587,14577.254783751587,14914.766611040604,15000.65656458613,18141.7092008019
14170.556787175252,14170.556787175252,14905.615661480962,14978.384026637774,18141.7092008019
14151.993999027838,14151.993999027838,15010.062345933315,14922.17124298356,18141.7092008019
14365.50456047346,14365.50456047346,15220.390325670038,14963.60171220267,18141.7092008019
14365.50456047346,14365.50456047346,15022.992447766548,14964.701349739777,18141.7092008019
14365.50456047346,14365.50456047346,14919.453560731747,14964.447571152947,18141.7092008019
14124.932062063355,14124.932062063355,14547.212233760587,14925.056092587074,18141.7092008019
14368.003946893232,14368.003946893232,14755.864826933801,14966.102519209247,18141.7092008019
14071.380706032769,14071.380706032769,14754.7139280592,14966.727694096806,18141.7092008019
14454.075009364176,14454.075009364176,14885.286053947759,14989.237326141147,18141.7092008019
14154.370661050913,14154.370661050913,14891.201316626826,14950.421118055543,18141.7092008019
13993.702233441789,13993.702233441789,15000.877960667354,14973.705507056533,18141.7092008019
14125.323864974762,14125.323864974762,14999.302106381825,14995.362574510084,18141.7092008019
14265.031561960493,14265.031561960493,14999.194895252298,15013.370114738964,18141.7092008019
14124.932062063355,14124.932062063355,15102.732331288698,15035.684176653584,18141.7092008019
13925.20119812089,13925.20119812089,15296.22256689007,15034.93098750909,18141.7092008019
14543.529021518421,14543.529021518421,15668.195032708962,15087.911314866911,18141.7092008019
14150.546633853859,14150.546633853859,15466.62158341845,15013.328647916935,18141.7092008019
14365.50456047346,14365.50456047346,15660.935333198702,15032.02369104593,18141.7092008019
14129.6256052635,14129.6256052635,15544.716143613618,15032.151815232655,18141.7092008019
14453.822986629159,14453.822986629159,15738.555631731191,15070.451886941091,18141.7092008019
14157.814597899374,14157.814597899374,15625.427007422963,15068.168949321198,18141.7092008019
14159.838984544038,14159.838984544038,15507.217114317249,15026.096940096486,18141.7092008019
14365.50456047346,14365.50456047346,15351.112650239787,15025.093482180533,18141.7092008019
14150.687989376464,14150.687989376464,15238.46862197633,15023.71355450139,18141.7092008019
14125.323864974762,14125.323864974762,15242.244945087465,15062.462740978099,18141.7092008019
14365.50456047346,14365.50456047346,15065.23080572359,15101.46503069957,18141.7092008019
14124.932062063355,14124.932062063355,15063.782532356097,15079.638018434698,18141.7092008019
14182.105916438684,14182.105916438684,15067.50111631836,15097.19147934209,18141.7092008019
14087.179930952512,14087.179930952512,15181.990648437364,15118.48222142114,18141.7092008019
14365.50456047346,14365.50456047346,15090.695326954108,15100.959115598378,18141.7092008019
14124.932062063355,14124.932062063355,15094.233290239785,15100.290154467373,18141.7092008019
14367.967013186086,14367.967013186086,15294.936460081435,15129.62673051053,18141.7092008019
14128.752058098813,14128.752058098813,15248.885050676912,15128.736550250675,18141.7092008019
14151.195633797684,14151.195633797684,15626.611171481334,15163.297915032674,18141.7092008019
13995.135822081787,13995.135822081787,15634.540239758018,15203.626378635268,18141.7092008019
14151.993999027838,14151.993999027838,15813.990282381284,15270.755890749198,18141.7092008019
14454.15555224839,14454.15555224839,16013.346745186607,15271.118389140875,18141.7092008019
14151.185603731994,14151.185603731994,15807.531891291728,15267.939031091433,18141.7092008019
14517.134064490607,14517.134064490607,15893.72259559395,15285.496744190423,18141.7092008019
14204.846988621059,14204.846988621059,15788.044586107058,15284.652694491955,18141.7092008019
14153.697627908556,14153.697627908556,15903.503998476817,15305.931583657575,18141.7092008019
14365.50456047346,14365.50456047346,15832.745845310335,15328.85277440483,18141.7092008019
14535.207373779876,14535.207373779876,15830.311891825677,15329.978962732945,18141.7092008019
14365.50456047346,14365.50456047346,15445.877053474043,15287.336325197391,18141.7092008019
14151.993999027838,14151.993999027838,15229.375782720206,15264.367419037502,18141.7092008019
14365.50456047346,14365.50456047346,15042.0203185563,15227.329734626146,18141.7092008019
14365.50456047346,14365.50456047346,14837.143484365046,15227.351834451998,18141.7092008019
14365.50456047346,14365.50456047346,14846.259226557557,15227.388299085109,18141.7092008019
14133.569162861255,14133.569162861255,14645.756105031216,15230.294309324783,18141.7092008019
14151.185603731994,14151.185603731994,14757.143663586376,15253.128105001115,18141.7092008019
14368.748532807153,14368.748532807153,14837.33601667454,15292.275654696292,18141.7092008019
14365.50456047346,14365.50456047346,14719.40543084125,15270.721391386416,18141.7092008019
14238.349527121707,14238.349527121707,14721.84204398159,15230.269306395252,18141.7092008019
14368.25600943668,14368.25600943668,14770.822667604336,15236.90236916495,18141.7092008019
14073.38084088168,14073.38084088168,14780.083641368677,15236.493435164888,18141.7092008019
14576.136294283355,14576.136294283355,14980.850062420166,15314.057300358061,18164.761705857836
14454.15555224839,14454.15555224839,14991.125794161213,15274.404027897483,18164.761705857836
14125.323864974762,14125.323864974762,14994.579062120454,15275.361325897362,18164.761705857836
14125.323864974762,14125.323864974762,15195.077995811731,15292.252697697577,18164.761705857836
14543.529353522305,14543.529353522305,15280.925582144231,15331.072958104594,18164.761705857836
14365.50456047346,14365.50456047346,15086.535242025968,15309.407110968014,18164.761705857836
14157.273246909883,14157.273246909883,15084.497468139662,15287.760463737985,18164.761705857836
14535.207373779876,14535.207373779876,15069.713517194192,15244.373030783632,18164.761705857836
14453.533990378566,14453.533990378566,15030.969829114934,15222.549868730195,18164.761705857836
14063.740788157433,14063.740788157433,15033.098214095884,15183.868564606051,18164.761705857836
14172.209486657754,14172.209486657754,14755.338353740033,15131.485964564274,18164.761705857836
14365.50456047346,14365.50456047346,14861.216383861964,15153.322987986183,18164.761705857836
14207.519311066922,14207.519311066922,14858.919496371662,15114.95815853195,18164.761705857836
14371.45492875267,14371.45492875267,14778.023549394467,15138.914178853747,18164.761705857836
14129.846526327454,14129.846526327454,14626.876311333725,15108.7370940251,18164.761705857836
14517.083839375395,14517.083839375395,15004.225536607502,15185.166816804922,18164.761705857836
14365.50456047346,14365.50456047346,15004.075622461352,15187.132165366806,18164.761705857836
14368.25600943668,14368.25600943668,15016.46573681038,15177.443648097747,18164.761705857836
14365.50456047346,14365.50456047346,15012.05982333183,15177.268109001296,18164.761705857836
14365.50456047346,14365.50456047346,15013.245284948254,15138.068632578208,18164.761705857836
14151.993999027838,14151.993999027838,14894.248220147489,15097.289447449053,18164.761705857836
14056.61596350029,14056.61596350029,14986.586694854637,15137.88382048589,18164.761705857836
14365.50456047346,14365.50456047346,15350.553363927276,15171.568608053733,18164.761705857836
14479.945029539394,14479.945029539394,15232.065178839272,15148.929084934127,18164.761705857836
14052.343485117144,14052.343485117144,15184.515637632128,15127.501156160703,18164.761705857836
14467.563289013768,14467.563289013768,14917.4290533886,15149.805969434683,18164.761705857836
14470.283479748261,14470.283479748261,14704.219781417352,15068.988829633989,18164.761705857836
14470.283479748261,14470.283479748261,14649.1654894169,15057.49973584575,18164.761705857836
14470.283479748261,14470.283479748261,14593.34189709194,14970.614254123417,18164.761705857836
14470.283479748261,14470.283479748261,14528.123191144337,14916.785222855473,18164.761705857836
14470.283479748261,14470.283479748261,14479.54976387122,14830.401343747042,18164.761705857836
14470.283479748261,14470.283479748261,14217.638531685323,14778.742177785638,18164.761705857836
14470.283479748261,14470.283479748261,13789.765363930084,14768.015302581407,18164.761705857836
14470.283479748261,14470.283479748261,13733.085510108853,14716.801667837108,18164.761705857836
14470.283479748261,14470.283479748261,13675.565006341742,14705.005240207638,18164.761705857836
14470.283479748261,14470.283479748261,13507.462554210335,14670.59768058139,18164.761705857836
14470.283479748261,14470.283479748261,13663.257482828256,14635.091157137573,18164.761705857836
14470.283479748261,14470.283479748261,13667.937161280879,14625.024789736788,18164.761705857836
14470.283479748261,14470.283479748261,13670.604951452804,14615.559833719168,18164.761705857836
14470.283479748261,14470.283479748261,13672.644135430583,14605.438893397546,18164.761705857836
14470.283479748261,14470.283479748261,13668.855865087422,14555.768453053264,18164.761705857836
14470.283479748261,14470.283479748261,13666.999496500512,14544.71338021273,18164.761705857836
14470.283479748261,14470.283479748261,13666.80869741294,14532.12519675248,18164.761705857836
14470.283479748261,14470.283479748261,13668.298282590666,14521.310103348998,18164.761705857836
14470.283479748261,14470.283479748261,13671.887293068829,14487.953966104133,18164.761705857836
14470.283479748261,14470.283479748261,13675.627443520974,14438.255965950677,18164.761705857836
14470.283479748261,14470.283479748261,13679.09352199914,14427.028775369152,18164.761705857836
14470.283479748261,14470.283479748261,13674.352150474408,14415.526811035352,18164.761705857836
14470.283479748261,14470.283479748261,13672.411267501599,14395.877553698623,18164.761705857836
14470.283479748261,14470.283479748261,13673.545332504229,14384.131231624659,18164.761705857836
14470.283479748261,14470.283479748261,13674.938298320205,14294.586100233275,18164.761705857836
14470.283479748261,14470.283479748261,13678.12665320891,14282.113552022265,18164.761705857836
14470.283479748261,14470.283479748261,13680.986080639812,14269.406600456354,18164.761705857836
14470.283479748261,14470.283479748261,13677.584955291826,14217.811495245016,18164.761705857836
14470.283479748261,14470.283479748261,13669.238898443824,14165.61662936405,18164.761705857836
14470.283479748261,14470.283479748261,13664.267765304088,14153.8024706063,18164.761705857836
14470.283479748261,14470.283479748261,13655.8283355639,14141.294948854,18164.761705857836
14470.283479748261,14470.283479748261,13657.469631859276,14133.078033968366,18164.761705857836
14470.283479748261,14470.283479748261,13657.955300796859,14121.27464803501,18164.761705857836
14470.283479748261,14470.283479748261,13660.166493392413,14109.544887483962,18164.761705857836
14470.283479748261,14470.283479748261,13653.7377407749,14074.26597764025,18164.761705857836
14470.283479748261,14470.283479748261,13649.125712329605,14039.695417715797,18164.761705857836
14470.283479748261,14470.283479748261,13644.296653668702,14026.482031915766,18164.761705857836
14470.283479748261,14470.283479748261,13641.028701107274,13990.412525587577,18164.761705857836
14470.283479748261,14470.283479748261,13646.05689037844,13969.452745172992,18164.761705857836
14470.283479748261,14470.283479748261,13646.035884535793,13882.16454019196,18164.761705857836
14470.283479748261,14470.283479748261,13649.536762931923,13870.387176948112,18164.761705857836
14470.283479748261,14470.283479748261,13651.358013972404,13860.056489400773,18164.761705857836
14470.283479748261,14470.283479748261,13654.340922868674,13849.730867942373,18164.761705857836
14470.283479748261,14470.283479748261,13652.170152799978,13837.329861054308,18164.761705857836
14470.283479748261,14470.283479748261,13657.166444247418,13826.849622460231,18164.761705857836
14470.283479748261,14470.283479748261,13658.824178649596,13774.142914474789,18164.761705857836
14470.283479748261,14470.283479748261,13662.066967261033,13688.784752582515,18164.761705857836
14470.283479748261,14470.283479748261,13671.576109329875,13678.3147116857,18164.761705857836
14470.283479748261,14470.283479748261,13674.741452944823,13667.49790823553,18164.761705857836
14470.283479748261,14470.283479748261,13679.082904550736,13634.495310424385,18164.761705857836
14470.283479748261,14470.283479748261,13685.121223831928,13666.56746543103,18164.761705857836
14470.283479748261,14470.283479748261,13686.19816561844,13667.463024641085,18164.761705857836
14470.283479748261,14470.283479748261,13684.503083795804,13667.963105283152,18164.761705857836
14470.283479748261,14470.283479748261,13687.623540186618,13669.229930862766,18164.761705857836
14470.283479748261,14470.283479748261,13689.293911784742,13668.798452042938,18164.761705857836
14470.283479748261,14470.283479748261,13694.073528758763,13669.429913889477,18164.761705857836
14470.283479748261,14470.283479748261,13692.198172319151,13669.271314260328,18164.761705857836
14470.283479748261,14470.283479748261,13685.676965341496,13668.833002732228,18164.761705857836
14470.283479748261,14470.283479748261,13685.298655748968,13669.444638116976,18164.761705857836
14470.283479748261,14470.283479748261,13682.026308600485,13669.408061302418,18164.761705857836
14470.283479748261,14470.283479748261,13682.137195573936,13670.343407980166,18164.761705857836
14470.283479748261,14470.283479748261,13682.24808254739,13670.325208894385,18164.761705857836
14470.283479748261,14470.283479748261,13684.245167353027,13670.691148463193,18164.761705857836
14470.283479748261,14470.283479748261,13679.677119412449,13670.636527659139,18164.761705857836
14470.283479748261,14470.283479748261,13671.573348037466,13669.341948632944,18164.761705857836
14470.283479748261,14470.283479748261,13665.159307386657,13669.061876066706,18164.761705857836
14470.283479748261,14470.283479748261,13667.3560069623,13669.3807761702,18164.761705857836
14470.283479748261,14470.283479748261,13666.173741626411,13668.408094539376,18164.761705857836
14470.283479748261,14470.283479748261,13661.683293800725,13667.403838263353,18164.761705857836
14470.283479748261,14470.283479748261,13660.409616042258,13666.364495806672,18164.761705857836
14470.283479748261,14470.283479748261,13652.486415453697,13665.021986671078,18164.761705857836
14470.283479748261,14470.283479748261,13648.922678997411,13665.239314598986,18164.761705857836
14470.283479748261,14470.283479748261,13645.039034088239,13665.21670178052,18164.761705857836
14470.283479748261,14470.283479748261,13646.597470348901,13665.24695522807,18164.761705857836
14470.283479748261,14470.283479748261,13652.729732287324,13664.900235426372,18164.761705857836
14470.283479748261,14470.283479748261,13657.485015840663,13664.933548593057,18164.761705857836
14470.283479748261,14470.283479748261,13657.440447955403,13664.671649633317,18164.761705857836
14470.283479748261,14470.283479748261,13655.894902302121,13664.070083941435,18164.761705857836
14470.283479748261,14470.283479748261,13659.2916185476,13665.41438228411,18164.761705857836
14470.283479748261,14470.283479748261,13662.674365191964,13666.04581578425,18164.761705857836
14470.283479748261,14470.283479748261,13669.093699258185,13667.675059409936,18164.761705857836
14470.283479748261,14470.283479748261,13671.386039714556,13668.022596170042,18164.761705857836
14470.283479748261,14470.283479748261,13675.128192789745,13668.651280179098,18164.761705857836
14470.283479748261,14470.283479748261,13681.860911034304,13669.58583875645,18164.761705857836
14470.283479748261,14470.283479748261,13684.034221899841,13670.959531651355,18164.761705857836
14470.283479748261,14470.283479748261,13684.307367923426,13671.96987971182,18164.761705857836
14470.283479748261,14470.283479748261,13687.687173531906,13673.349753605957,18164.761705857836
14470.283479748261,14470.283479748261,13699.255623754138,13675.715468470806,18164.761705857836
14470.283479748261,14470.283479748261,13703.831209939963,13676.969246196413,18164.761705857836
14470.283479748261,14470.283479748261,13703.900852428033,13677.618809362693,18164.761705857836
14470.283479748261,14470.283479748261,13702.589446302707,13678.28559608409,18164.761705857836
14470.283479748261,14470.283479748261,13700.805095116786,13677.912012398914,18164.761705857836
14470.283479748261,14470.283479748261,13697.57093131204,13677.297281867768,18164.761705857836
14470.283479748261,14470.283479748261,13691.038943531854,13677.359596902827,18164.761705857836
14470.283479748261,14470.283479748261,13687.773047740391,13677.080852349955,18164.761705857836
14470.283479748261,14470.283479748261,13689.078998821817,13678.020843746266,18164.761705857836
14470.283479748261,14470.283479748261,13682.64753146272,13677.465866446295,18164.761705857836
14470.283479748261,14470.283479748261,13669.481100234756,13675.296466651782,18164.761705857836
14470.283479748261,14470.283479748261,13663.535485556302,13674.728052718709,18164.761705857836
14470.283479748261,14470.283479748261,13663.23920362431,13674.450069177408,18164.761705857836
14470.283479748261,14470.283479748261,13664.890175851866,13674.239386488078,18164.761705857836
14470.283479748261,14470.283479748261,13666.781622617596,13674.028703798745,18164.761705857836
14470.283479748261,14470.283479748261,13666.943739935941,13673.785413095795,18164.761705857836
14470.283479748261,14470.283479748261,13669.682780963547,13673.771445058206,18164.761705857836
14470.283479748261,14470.283479748261,13672.717560869633,13673.76558216693,18164.761705857836
14470.283479748261,14470.283479748261,13673.223256276386,13673.850789249791,18164.761705857836
14470.283479748261,14470.283479748261,13679.849482602396,13674.996128502944,18164.761705857836
14470.283479748261,14470.283479748261,13689.847190089893,13676.130511601465,18164.761705857836
14470.283479748261,14470.283479748261,13693.05007959056,13676.27833748703,18164.761705857836
14470.283479748261,14470.283479748261,13691.706469746689,13676.386101406652,18164.761705857836
14470.283479748261,14470.283479748261,13689.957750956091,13675.803497564508,18164.761705857836
14470.283479748261,14470.283479748261,13688.250949328733,13675.229277155015,18164.761705857836
14470.283479748261,14470.283479748261,13686.609211299507,13674.258221885095,18164.761705857836
14470.283479748261,14470.283479748261,13685.368237124912,13674.909668600705,18164.761705857836
14470.283479748261,14470.283479748261,13683.982578710178,13676.247428301473,18164.761705857836
14470.283479748261,14470.283479748261,13683.635446129396,13677.546016998338,18164.761705857836
14470.283479748261,14470.283479748261,13680.207025341108,13677.566332178705,18164.761705857836
14470.283479748261,14470.283479748261,13680.258471919879,13678.947457660155,18164.761705857836
14470.283479748261,14470.283479748261,13682.05638384884,13680.352955496652,18164.761705857836
14470.283479748261,14470.283479748261,13687.295666604066,13681.763311519013,18164.761705857836
14470.283479748261,14470.283479748261,13682.375336497493,13681.781281773268,18164.761705857836
14470.283479748261,14470.283479748261,13678.97626308242,13681.239993972016,18164.761705857836
14470.283479748261,14470.283479748261,13680.61944483738,13681.374304034924,18164.761705857836
14470.283479748261,14470.283479748261,13682.30901809871,13682.051978150666,18164.761705857836
14470.283479748261,14470.283479748261,13680.766942953876,13681.854870434783,18164.761705857836
14470.283479748261,14470.283479748261,13677.65374221486,13681.579762273177,18164.761705857836
14470.283479748261,14470.283479748261,13674.346451883306,13680.947532964286,18164.761705857836
14470.283479748261,14470.283479748261,13667.153317239665,13681.199140647665,18164.761705857836
14470.283479748261,14470.283479748261,13660.029498432132,13680.500531473557,18164.761705857836
14470.283479748261,14470.283479748261,13654.842696129333,13680.196977706486,18164.761705857836
14470.283479748261,14470.283479748261,13656.517733075301,13679.26608853669,18164.761705857836
14470.283479748261,14470.283479748261,13659.627960528218,13678.888378134749,18164.761705857836
14470.283479748261,14470.283479748261,13662.940522856801,13678.936770048333,18164.761705857836
14470.283479748261,14470.283479748261,13660.787807481276,13677.83735744006,18164.761705857836
14470.283479748261,14470.283479748261,13662.294001252118,13677.506826305238,18164.761705857836
14470.283479748261,14470.283479748261,13662.290032409646,13677.17629517042,18164.761705857836
14470.283479748261,14470.283479748261,13665.561441367212,13676.522386531346,18164.761705857836
14470.283479748261,14470.283479748261,13672.242328842107,13675.796481665257,18164.761705857836
14470.283479748261,14470.283479748261,13672.49519276648,13674.233328038861,18164.761705857836
14470.283479748261,14470.283479748261,13669.333499947166,13673.283507210312,18164.761705857836
14470.283479748261,14470.283479748261,13665.989015521822,13671.946002380515,18164.761705857836
14470.283479748261,14470.283479748261,13665.644059986884,13671.856171108768,18164.761705857836
14470.283479748261,14470.283479748261,13663.782178805539,13672.179019547033,18164.761705857836
14470.283479748261,14470.283479748261,13661.006661174324,13671.830900968553,18164.761705857836
14470.283479748261,14470.283479748261,13657.659036774532,13671.484024112066,18164.761705857836
14470.283479748261,14470.283479748261,13652.529774114428,13669.86645022894,18164.761705857836
14470.283479748261,14470.283479748261,13655.500245707755,13671.092929380355,18164.761705857836
14470.283479748261,14470.283479748261,13650.691103799405,13672.03848237819,18164.761705857836
14470.283479748261,14470.283479748261,13652.323891827906,13671.991009293184,18164.761705857836
14470.283479748261,14470.283479748261,13653.63067073243,13671.361800631938,18164.761705857836
14470.283479748261,14470.283479748261,13656.734682601604,13670.314903730463,18164.761705857836
14470.283479748261,14470.283479748261,13654.092291165138,13669.318304818282,18164.761705857836
14470.283479748261,14470.283479748261,13650.830045282972,13668.95628061644,18164.761705857836
14470.283479748261,14470.283479748261,13655.637336293523,13669.021812034547,18164.761705857836
14470.283479748261,14470.283479748261,13658.825086757995,13668.705529289742,18164.761705857836
14470.283479748261,14470.283479748261,13660.726405907853,13667.367080155236,18164.761705857836
14470.283479748261,14470.283479748261,13652.911350274502,13665.705302914774,18164.761705857836
14470.283479748261,14470.283479748261,13649.712626273773,13664.011569614964,18164.761705857836
14470.283479748261,14470.283479748261,13651.25901500956,13663.632796376984,18164.761705857836
14470.283479748261,14470.283479748261,13653.059105631517,13663.632327808904,18164.761705857836
14470.283479748261,14470.283479748261,13651.256973594169,13662.57474825808,18164.761705857836
14470.283479748261,14470.283479748261,13654.358217234138,13662.539758399362,18164.761705857836
14470.283479748261,14470.283479748261,13652.860516749652,13662.20654170647,18164.761705857836
14470.283479748261,14470.283479748261,13646.03840959818,13661.1558465292,18164.761705857836
14470.283479748261,14470.283479748261,13642.58650437236,13660.426314422179,18164.761705857836
14470.283479748261,14470.283479748261,13642.202668721467,13659.080524673653,18164.761705857836
14470.283479748261,14470.283479748261,13642.149236601146,13658.093745166785,18164.761705857836
14470.283479748261,14470.283479748261,13643.819674006536,13656.7238100323,18164.761705857836
14470.283479748261,14470.283479748261,13647.076531110448,13656.636825829306,18164.761705857836
14470.283479748261,14470.283479748261,13642.438317173906,13654.660857922869,18164.761705857836
14470.283479748261,14470.283479748261,13637.848116269033,13653.669304212386,18164.761705857836
14470.283479748261,14470.283479748261,13628.10304974038,13652.365115730954,18164.761705857836
14470.283479748261,14470.283479748261,13621.741097656326,13650.430872270257,18164.761705857836
14470.283479748261,14470.283479748261,13623.929432057219,13649.479929320903,18164.761705857836
14470.283479748261,14470.283479748261,13623.947947927893,13649.06251541698,18164.761705857836
14470.283479748261,14470.283479748261,13628.840569344486,13649.317890099574,18164.761705857836
14470.283479748261,14470.283479748261,13631.721490884147,13649.568752966952,18164.761705857836
14470.283479748261,14470.283479748261,13631.56940226822,13649.60702703801,18164.761705857836
14470.283479748261,14470.283479748261,13631.36583930282,13650.904094003443,18164.761705857836
14470.283479748261,14470.283479748261,13636.038922459038,13650.900103188811,18164.761705857836
14470.283479748261,14470.283479748261,13640.855879670964,13650.536933531517,18164.761705857836
14470.283479748261,14470.283479748261,13654.055049152395,13651.250533455786,18164.761705857836
14470.283479748261,14470.283479748261,13663.552442463664,13650.55325619163,18164.761705857836
14470.283479748261,14470.283479748261,13667.796927365885,13650.881753297825,18164.761705857836
14470.283479748261,14470.283479748261,13674.23476470615,13651.450668107786,18164.761705857836
14470.283479748261,14470.283479748261,13674.468176481058,13651.753518913858,18164.761705857836
14470.283479748261,14470.283479748261,13676.384630146631,13651.733390722837,18164.761705857836
14470.283479748261,14470.283479748261,13680.00700903,13651.159963075588,18164.761705857836
14470.283479748261,14470.283479748261,13675.687663249944,13651.542588100137,18164.761705857836
14470.283479748261,14470.283479748261,13674.174923417426,13651.868387882863,18164.761705857836
14470.283479748261,14470.283479748261,13677.340510548991,13652.807232536952,18164.761705857836
14470.283479748261,14470.283479748261,13674.022429311828,13652.926207320776,18164.761705857836
14470.283479748261,14470.283479748261,13671.23194098862,13652.043208628245,18164.761705857836
14470.283479748261,14470.283479748261,13666.382702850062,13651.956961632974,18164.761705857836
14470.283479748261,14470.283479748261,13662.125722042087,13652.344005161298,18164.761705857836
14470.283479748261,14470.283479748261,13660.762826602091,13653.400129411391,18164.761705857836
14470.283479748261,14470.283479748261,13667.520047581333,13654.13735109755,18164.761705857836
14470.283479748261,14470.283479748261,13667.336803374414,13654.489102990588,18164.761705857836
14470.283479748261,14470.283479748261,13667.001354990585,13654.478080732672,18164.761705857836
14470.283479748261,14470.283479748261,13666.914458471434,13654.525145430664,18164.761705857836
14470.283479748261,14470.283479748261,13665.559570560134,13654.572210128657,18164.761705857836
14470.283479748261,14470.283479748261,13663.733562251222,13654.854461537992,18164.761705857836
14470.283479748261,14470.283479748261,13666.63277648325,13655.203754868306,18164.761705857836
14470.283479748261,14470.283479748261,13670.274664101607,13654.88442719459,18164.761705857836
14470.283479748261,14470.283479748261,13675.083667841807,13655.595721378058,18164.761705857836
14470.283479748261,14470.283479748261,13676.454698785086,13656.545787986839,18164.761705857836
14470.283479748261,14470.283479748261,13671.670527817394,13657.889186606133,18164.761705857836
14470.283479748261,14470.283479748261,13670.007890288154,13658.548155793469,18164.761705857836
14470.283479748261,14470.283479748261,13671.987683926505,13658.62381451606,18164.761705857836
14470.283479748261,14470.283479748261,13673.146723473683,13658.542668999096,18164.761705857836
14470.283479748261,14470.283479748261,13675.772870237124,13659.475389457248,18164.761705857836
14470.283479748261,14470.283479748261,13677.506974420894,13659.484212975343,18164.761705857836
14470.283479748261,14470.283479748261,13680.792967726975,13660.790245063767,18164.761705857836
14470.283479748261,14470.283479748261,13679.366162235508,13661.549977722054,18164.761705857836
14470.283479748261,14470.283479748261,13674.31509679709,13661.941439863005,18164.761705857836
14470.283479748261,14470.283479748261,13671.286842861518,13662.36262281485,18164.761705857836
14470.283479748261,14470.283479748261,13667.7045815221,13663.000255590321,18164.761705857836
14470.283479748261,14470.283479748261,13672.704710034246,13664.325162999006,18164.761705857836
14470.283479748261,14470.283479748261,13675.33527132179,13664.27556255833,18164.761705857836
14470.283479748261,14470.283479748261,13680.299701283893,13666.114945821097,18164.761705857836
14470.283479748261,14470.283479748261,13682.087514219234,13668.32326904729,18164.761705857836
14470.283479748261,14470.283479748261,13688.542834532273,13671.572169933723,18164.761705857836
14470.283479748261,14470.283479748261,13685.182881969164,13673.478601926334,18164.761705857836
14470.283479748261,14470.283479748261,13688.356251922325,13674.435341695076,18164.761705857836
14470.283479748261,14470.283479748261,13691.41899220979,13675.435648719382,18164.761705857836
14470.283479748261,14470.283479748261,13691.357129904402,13674.865934926831,18164.761705857836
14470.283479748261,14470.283479748261,13689.582285486777,13674.572414510843,18164.761705857836
14470.283479748261,14470.283479748261,13687.555012952635,13675.522285135889,18164.761705857836
14470.283479748261,14470.283479748261,13685.82070822847,13675.166536343459,18164.761705857836
14470.283479748261,14470.283479748261,13684.281754226813,13675.763512174652,18164.761705857836
14470.283479748261,14470.283479748261,13684.38891425624,13677.029875964345,18164.761705857836
14470.283479748261,14470.283479748261,13679.293185984478,13676.61979730014,18164.761705857836
14470.283479748261,14470.283479748261,13679.149586699928,13676.598030773588,18164.761705857836
14470.283479748261,14470.283479748261,13677.32589786247,13676.341135794395,18164.761705857836
14470.283479748261,14470.283479748261,13677.419992989871,13676.07269437613,18164.761705857836
14470.283479748261,14470.283479748261,13677.318761440876,13675.436051918794,18164.761705857836
14470.283479748261,14470.283479748261,13682.198128797765,13675.735114241075,18164.761705857836
14470.283479748261,14470.283479748261,13682.329461876152,13675.98677570512,18164.761705857836
14470.283479748261,14470.283479748261,13682.625611733898,13676.554126040252,18164.761705857836
14470.283479748261,14470.283479748261,13682.726410869134,13677.473809664994,18164.761705857836
14470.283479748261,14470.283479748261,13680.906488875815,13677.743071629713,18164.761705857836
14470.283479748261,14470.283479748261,13676.061308518541,13677.027573141484,18164.761705857836
14470.283479748261,14470.283479748261,13680.68185125837,13678.488012827536,18164.761705857836
14470.283479748261,14470.283479748261,13674.01415344124,13677.867425912627,18164.761705857836
14470.283479748261,14470.283479748261,13679.138244202002,13679.475198808112,18164.761705857836
14470.283479748261,14470.283479748261,13682.311637457318,13679.74581408984,18164.761705857836
14470.283479748261,14470.283479748261,13682.200993707578,13678.671303466323,18164.761705857836
14470.283479748261,14470.283479748261,13680.369742670615,13678.59336356436,18164.761705857836
14470.283479748261,14470.283479748261,13680.573202575868,13679.268495557306,18164.761705857836
14470.283479748261,14470.283479748261,13680.772766322096,13680.245471235125,18164.761705857836
14470.283479748261,14470.283479748261,13684.55392638053,13681.541942793787,18164.761705857836
14470.283479748261,14470.283479748261,13689.470435300818,13682.174947751402,18164.761705857836
14470.283479748261,14470.283479748261,13687.916512381917,13682.744760007272,18164.761705857836
14470.283479748261,14470.283479748261,13697.761060669432,13683.364705226199,18164.761705857836
14470.283479748261,14470.283479748261,13691.161265571276,13682.690718354008,18164.761705857836
14470.283479748261,14470.283479748261,13689.467289964945,13682.348332325811,18164.761705857836
14470.283479748261,14470.283479748261,13688.23319241145,13681.983836385132,18164.761705857836
14470.283479748261,14470.283479748261,13688.719702145176,13682.335725935764,18164.761705857836
14470.283479748261,14470.283479748261,13687.424441676054,13682.355847107214,18164.761705857836
14470.283479748261,14470.283479748261,13689.086412423125,13683.43340902501,18164.761705857836
14470.283479748261,14470.283479748261,13680.774891820514,13682.542347110466,18164.761705857836
14470.283479748261,14470.283479748261,13674.188892747858,13681.511331416794,18164.761705857836
14470.283479748261,14470.283479748261,13669.521972011085,13680.490560864093,18164.761705857836
14470.283479748261,14470.283479748261,13664.663100052607,13680.424092789613,18164.761705857836
14470.283479748261,14470.283479748261,13659.57044436754,13679.741787868097,18164.761705857836
14470.283479748261,14470.283479748261,13654.606117048586,13679.012187163224,18164.761705857836
14470.283479748261,14470.283479748261,13654.111996368505,13679.265319354414,18164.761705857836
14470.283479748261,14470.283479748261,13653.617875688422,13678.518359066597,18164.761705857836
14470.283479748261,14470.283479748261,13649.924082355448,13677.273609313947,18164.761705857836
14470.283479748261,14470.283479748261,13641.586153778742,13675.690699523979,18164.761705857836
14470.283479748261,14470.283479748261,13641.635019451127,13674.451848156845,18164.761705857836
14470.283479748261,14470.283479748261,13645.152611064277,13672.833286723195,18164.761705857836
14470.283479748261,14470.283479748261,13641.800734327398,13671.814131335741,18164.761705857836
14470.283479748261,14470.283479748261,13638.448857590518,13670.442613923251,18164.761705857836
14470.283479748261,14470.283479748261,13644.754478528126,13670.408885131765,18164.761705857836
14470.283479748261,14470.283479748261,13648.140855115951,13670.368932205534,18164.761705857836
14470.283479748261,14470.283479748261,13646.591125111585,13670.667087279377,18164.761705857836
14470.283479748261,14470.283479748261,13644.830850098184,13669.97352649571,18164.761705857836
14470.283479748261,14470.283479748261,13648.398001401918,13669.789067948637,18164.761705857836
14470.283479748261,14470.283479748261,13653.655952892232,13669.565539257066,18164.761705857836
14470.283479748261,14470.283479748261,13666.691665678602,13670.912398441318,18164.761705857836
14470.283479748261,14470.283479748261,13673.412726325507,13671.657194791398,18164.761705857836
14470.283479748261,14470.283479748261,13683.620802703395,13672.70837453643,18164.761705857836
14470.283479748261,14470.283479748261,13688.735955593238,13672.724625469407,18164.761705857836
14470.283479748261,14470.283479748261,13683.88318458389,13671.701523450569,18164.761705857836
14470.283479748261,14470.283479748261,13683.59207922764,13671.623595762887,18164.761705857836
14470.283479748261,14470.283479748261,13683.52740386433,13670.932942292686,18164.761705857836
14470.283479748261,14470.283479748261,13683.673273510058,13670.242288822488,18164.761705857836
14470.283479748261,14470.283479748261,13679.911528312272,13669.246251264312,18164.761705857836
14470.283479748261,14470.283479748261,13674.596008218647,13667.939458726969,18164.761705857836
14470.283479748261,14470.283479748261,13662.865228624298,13667.304146391014,18164.761705857836
14470.283479748261,14470.283479748261,13652.525681874215,13666.950069462533,18164.761705857836
14470.283479748261,14470.283479748261,13648.853497107699,13666.3427037063,18164.761705857836
14470.283479748261,14470.283479748261,13650.302175505849,13667.982229882327,18164.761705857836
14470.283479748261,14470.283479748261,13655.224946961043,13666.918864002375,18164.761705857836
14470.283479748261,14470.283479748261,13658.59317197523,13666.879902666467,18164.761705857836
14470.283479748261,14470.283479748261,13660.149399689897,13666.522623489152,18164.761705857836
14470.283479748261,14470.283479748261,13661.864638105142,13666.541267909395,18164.761705857836
14470.283479748261,14470.283479748261,13666.802873628403,13666.49218547482,18164.761705857836
14470.283479748261,14470.283479748261,13670.548791835341,13665.89466382962,18164.761705857836
14470.283479748261,14470.283479748261,13673.873702317744,13665.168101578458,18164.761705857836
14470.283479748261,14470.283479748261,13682.420169055393,13665.540016213448,18164.761705857836
14470.283479748261,14470.283479748261,13684.299857892134,13665.61937280834,18164.761705857836
14470.283479748261,14470.283479748261,13682.994504598453,13665.028918668131,18164.761705857836
14470.283479748261,14470.283479748261,13683.311924377815,13665.348995763685,18164.761705857836
14470.283479748261,14470.283479748261,13683.492185211202,13665.684881715722,18164.761705857836
14470.283479748261,14470.283479748261,13685.484443344112,13665.972873675688,18164.761705857836
14470.283479748261,14470.283479748261,13690.52813699659,13666.902954879677,18164.761705857836
14470.283479748261,14470.283479748261,13693.875753980945,13667.782447935799,18164.761705857836
14470.283479748261,14470.283479748261,13695.526013532415,13667.182584051478,18164.761705857836
14470.283479748261,14470.283479748261,13698.936651927963,13668.800453599948,18164.761705857836
14470.283479748261,14470.283479748261,13698.854974146347,13670.473232493146,18164.761705857836
14470.283479748261,14470.283479748261,13695.604675053004,13670.835913416728,18164.761705857836
14470.283479748261,14470.283479748261,13700.51156015533,13672.198610688678,18164.761705857836
14470.283479748261,14470.283479748261,13700.164156068864,13673.467738103947,18164.761705857836
14470.283479748261,14470.283479748261,13695.011117180711,13673.765881742145,18164.761705857836
14470.283479748261,14470.283479748261,13690.12541266685,13673.175556935354,18164.761705857836
14470.283479748261,14470.283479748261,13682.070777439829,13672.59353522996,18164.761705857836
14470.283479748261,14470.283479748261,13682.011392755463,13674.199910015801,18164.761705857836
14470.283479748261,14470.283479748261,13684.86330867757,13675.838015031239,18164.761705857836
14470.283479748261,14470.283479748261,13681.69893997864,13676.813237705448,18164.761705857836
14470.283479748261,14470.283479748261,13679.922988207807,13677.427307921853,18164.761705857836
14470.283479748261,14470.283479748261,13679.913227235204,13678.458411998288,18164.761705857836
14470.283479748261,14470.283479748261,13671.69896272079,13678.84863171473,18164.761705857836
14470.283479748261,14470.283479748261,13670.250621443021,13678.566966686923,18164.761705857836
14470.283479748261,14470.283479748261,13673.797742525489,13678.897259224055,18164.761705857836
14470.283479748261,14470.283479748261,13673.348438544217,13678.527019621879,18164.761705857836
14470.283479748261,14470.283479748261,13673.26739741299,13678.280844692921,18164.761705857836
14470.283479748261,14470.283479748261,13660.39483652687,13676.599277040788,18164.761705857836
14470.283479748261,14470.283479748261,13645.622133938325,13674.23125124046,18164.761705857836
14470.283479748261,14470.283479748261,13635.98323401589,13670.671551372907,18164.761705857836
14470.283479748261,14470.283479748261,13624.845758413872,13667.713914339525,18164.761705857836
14470.283479748261,14470.283479748261,13617.906168418747,13665.315485141356,18164.761705857836
14470.283479748261,14470.283479748261,13614.198480143657,13663.941136624813,18164.761705857836
14470.283479748261,14470.283479748261,13607.356384747673,13663.261606719685,18164.761705857836
14470.283479748261,14470.283479748261,13602.0767377129,13662.594190921105,18164.761705857836
14470.283479748261,14470.283479748261,13602.450939445542,13662.311726738122,18164.761705857836
14470.283479748261,14470.283479748261,13602.440147450707,13662.034219481051,18164.761705857836
14470.283479748261,14470.283479748261,13613.663201775804,13663.349611733494,18164.761705857836
14470.283479748261,14470.283479748261,13628.418992983881,13664.995848193506,18164.761705857836
14470.283479748261,14470.283479748261,13641.529993377195,13666.404504323487,18164.761705857836
14470.283479748261,14470.283479748261,13654.640993770512,13668.136976718784,18164.761705857836
14470.283479748261,14470.283479748261,13661.496042140818,13667.843994147977,18164.761705857836
14470.283479748261,14470.283479748261,13664.82553282963,13666.845808089576,18164.761705857836
14470.283479748261,14470.283479748261,13671.619580701774,13666.54053346783,18164.761705857836
14470.283479748261,14470.283479748261,13676.798511600133,13666.235258846085,18164.761705857836
14470.283479748261,14470.283479748261,13680.265627509667,13666.334972302078,18164.761705857836
14470.283479748261,14470.283479748261,13685.035004986203,13666.668292857265,18164.761705857836
14470.283479748261,14470.283479748261,13681.688488146136,13666.326734637045,18164.761705857836
14470.283479748261,14470.283479748261,13676.674802351874,13666.221050296812,18164.761705857836
14470.283479748261,14470.283479748261,13673.238999832136,13666.277563826365,18164.761705857836
14470.283479748261,14470.283479748261,13662.91319471543,13664.235581850793,18164.761705857836
14470.283479748261,14470.283479748261,13659.594954106211,13662.903013390798,18164.761705857836
14470.283479748261,14470.283479748261,13664.472048779053,13663.141316925692,18164.761705857836
14470.283479748261,14470.283479748261,13661.232437597413,13662.124636111748,18164.761705857836
14470.283479748261,14470.283479748261,13657.992826415773,13661.135387086999,18164.761705857836
14470.283479748261,14470.283479748261,13659.48179958819,13661.134443550893,18164.761705857836
14470.283479748261,14470.283479748261,13659.738009283668,13660.510267314681,18164.761705857836
14470.283479748261,14470.283479748261,13663.38514886922,13660.228613614701,18164.761705857836
14470.283479748261,14470.283479748261,13658.51260652221,13658.818368894774,18164.761705857836
14470.283479748261,14470.283479748261,13653.843627049078,13657.258958850589,18164.761705857836
14470.283479748261,14470.283479748261,13657.61458960112,13655.98750494175,18164.761705857836
14470.283479748261,14470.283479748261,13662.770438257989,13656.336166031793,18164.761705857836
14470.283479748261,14470.283479748261,13656.47011133782,13654.333027162189,18164.761705857836
14470.283479748261,14470.283479748261,13653.553974859873,13652.802599869949,18164.761705857836
14470.283479748261,14470.283479748261,13651.965707826783,13652.526305216215,18164.761705857836
14470.283479748261,14470.283479748261,13648.377456048018,13652.784852227127,18164.761705857836
14470.283479748261,14470.283479748261,13647.835216210398,13653.663155068794,18164.761705857836
14470.283479748261,14470.283479748261,13644.536791711329,13652.733693405875,18164.761705857836
14470.283479748261,14470.283479748261,13647.541632662247,13651.354033691709,18164.761705857836
14470.283479748261,14470.283479748261,13648.733413251646,13650.665853505188,18164.761705857836
14470.283479748261,14470.283479748261,13655.4871144385,13651.100330187886,18164.761705857836
14470.283479748261,14470.283479748261,13657.308861942647,13651.815292973286,18164.761705857836
14470.283479748261,14470.283479748261,13665.889527503186,13653.17114011867,18164.761705857836
14470.283479748261,14470.283479748261,13675.738151292646,13653.900105839877,18164.761705857836
14470.283479748261,14470.283479748261,13684.258905637247,13654.618537838569,18164.761705857836
14470.283479748261,14470.283479748261,13684.42086929551,13654.999338377385,18164.761705857836
14470.283479748261,14470.283479748261,13682.951589254255,13655.599993437048,18164.761705857836
14470.283479748261,14470.283479748261,13684.336283137454,13657.521982727989,18164.761705857836
14470.283479748261,14470.283479748261,13690.816450394424,13660.392896982927,18164.761705857836
14470.283479748261,14470.283479748261,13693.937531355623,13662.256712973134,18164.761705857836
14470.283479748261,14470.283479748261,13688.43029306435,13663.817237117983,18164.761705857836
14470.283479748261,14470.283479748261,13684.770529914584,13665.188165272451,18164.761705857836
14470.283479748261,14470.283479748261,13681.138117956647,13666.559067681266,18164.761705857836
14470.283479748261,14470.283479748261,13676.24768664549,13667.67836621944,18164.761705857836
14470.283479748261,14470.283479748261,13670.820471353956,13668.367284566779,18164.761705857836
14470.283479748261,14470.283479748261,13664.482334387032,13667.405617365686,18164.761705857836
14470.283479748261,14470.283479748261,13662.959289253471,13667.703821797604,18164.761705857836
14470.283479748261,14470.283479748261,13659.913771533858,13666.772096679599,18164.761705857836
14470.283479748261,14470.283479748261,13658.834261068614,13666.475950599874,18164.761705857836
14470.283479748261,14470.283479748261,13661.020982082395,13666.154910714176,18164.761705857836
14470.283479748261,14470.283479748261,13666.42455419007,13666.173949201893,18164.761705857836
14470.283479748261,14470.283479748261,13664.783724716686,13665.845701787626,18164.761705857836
14470.283479748261,14470.283479748261,13666.507228038254,13666.89540672299,18164.761705857836
14470.283479748261,14470.283479748261,13667.757208961708,13666.905891871427,18164.761705857836
14470.283479748261,14470.283479748261,13669.621651858397,13666.931912618431,18164.761705857836
14470.283479748261,14470.283479748261,13677.944569870078,13666.941405837766,18164.761705857836
14470.283479748261,14470.283479748261,13682.846364342677,13667.266093668895,18164.761705857836
14470.283479748261,14470.283479748261,13684.288782825632,13667.292155615498,18164.761705857836
14470.283479748261,14470.283479748261,13684.346969126156,13668.01038395473,18164.761705857836
14470.283479748261,14470.283479748261,13679.016698073468,13667.310450362442,18164.761705857836
14470.283479748261,14470.283479748261,13671.986035153703,13667.988517289548,18164.761705857836
14470.283479748261,14470.283479748261,13676.897272789862,13669.306165524356,18164.761705857836
14470.283479748261,14470.283479748261,13678.416826439245,13669.68436225503,18164.761705857836
14470.283479748261,14470.283479748261,13678.249575283344,13670.309319408612,18164.761705857836
14470.283479748261,14470.283479748261,13679.851769768935,13671.303701289065,18164.761705857836
14470.283479748261,14470.283479748261,13681.361216756897,13671.317289271508,18164.761705857836
14470.283479748261,14470.283479748261,13680.016239251127,13671.321739662386,18164.761705857836
14470.283479748261,14470.283479748261,13679.899935724976,13670.595112986648,18164.761705857836
14470.283479748261,14470.283479748261,13677.8895230479,13671.885767259868,18164.761705857836
14470.283479748261,14470.283479748261,13679.608669646823,13672.463458881994,18164.761705857836
14470.283479748261,14470.283479748261,13681.0520420281,13672.676007774942,18164.761705857836
14470.283479748261,14470.283479748261,13682.455757527836,13673.243229378324,18164.761705857836
14470.283479748261,14470.283479748261,13682.136975431902,13674.817735073844,18164.761705857836
14470.283479748261,14470.283479748261,13683.703498001025,13676.339224036841,18164.761705857836
14470.283479748261,14470.283479748261,13685.147670013559,13677.94009372642,18164.761705857836
14470.283479748261,14470.283479748261,13683.087366338033,13678.25927132951,18164.761705857836
14470.283479748261,14470.283479748261,13679.74037126789,13677.702770673885,18164.761705857836
14470.283479748261,14470.283479748261,13678.418426142332,13677.37143987285,18164.761705857836
14470.283479748261,14470.283479748261,13677.144568534186,13677.806354434257,18164.761705857836
14470.283479748261,14470.283479748261,13677.207901735315,13678.158356578724,18164.761705857836
14470.283479748261,14470.283479748261,13679.019265613131,13677.38243800987,18164.761705857836
14470.283479748261,14470.283479748261,13673.657648415747,13676.51298667294,18164.761705857836
14470.283479748261,14470.283479748261,13665.934169252647,13674.826663423737,18164.761705857836
14470.283479748261,14470.283479748261,13663.057747806184,13673.80314333955,18164.761705857836
14470.283479748261,14470.283479748261,13661.989285674752,13673.48616973392,18164.761705857836
14470.283479748261,14470.283479748261,13664.210161557863,13674.21712978198,18164.761705857836
14470.283479748261,14470.283479748261,13660.814854986307,13673.275423820296,18164.761705857836
14470.283479748261,14470.283479748261,13662.070725687061,13672.918328382773,18164.761705857836
14470.283479748261,14470.283479748261,13668.40609435188,13673.324283225747,18164.761705857836
14470.283479748261,14470.283479748261,13676.898398917756,13674.75053009115,18164.761705857836
14470.283479748261,14470.283479748261,13682.196337654517,13676.135646927905,18164.761705857836
14470.283479748261,14470.283479748261,13684.88001128342,13676.534882946713,18164.761705857836
14470.283479748261,14470.283479748261,13691.64804447371,13676.928648727153,18164.761705857836
14470.283479748261,14470.283479748261,13695.010044901905,13677.555614990832,18164.761705857836
14470.283479748261,14470.283479748261,13694.768785570606,13678.27583257725,18164.761705857836
14470.283479748261,14470.283479748261,13693.003251790851,13679.921313262746,18164.761705857836
14470.283479748261,14470.283479748261,13698.091997098594,13680.301965389317,18164.761705857836
14470.283479748261,14470.283479748261,13700.153016283803,13680.966177332763,18164.761705857836
14470.283479748261,14470.283479748261,13695.595887627609,13680.676608537546,18164.761705857836
14470.283479748261,14470.283479748261,13682.423450945824,13679.031023863841,18164.761705857836
14470.283479748261,14470.283479748261,13672.803701445117,13677.411476378913,18164.761705857836
14470.283479748261,14470.283479748261,13666.265880892626,13676.8313141819,18164.761705857836
14470.283479748261,14470.283479748261,13659.72806034014,13675.57281518753,18164.761705857836
14470.283479748261,14470.283479748261,13653.06888283846,13674.617949766183,18164.761705857836
14470.283479748261,14470.283479748261,13646.407799669923,13673.633062139555,18164.761705857836
14470.283479748261,14470.283479748261,13639.921019976275,13672.316603283985,18164.761705857836
14470.283479748261,14470.283479748261,13638.232372362934,13671.37916699337,18164.761705857836
14470.283479748261,14470.283479748261,13636.41682519398,13671.39178580643,18164.761705857836
14470.283479748261,14470.283479748261,13634.39574545213,13670.686363802743,18164.761705857836
14470.283479748261,14470.283479748261,13634.017956659178,13670.03127558098,18164.761705857836
14470.283479748261,14470.283479748261,13633.678317659831,13669.749932880139,18164.761705857836
14470.283479748261,14470.283479748261,13631.672695386704,13667.786398701268,18164.761705857836
14470.283479748261,14470.283479748261,13631.207977923279,13666.131045484339,18164.761705857836
14470.283479748261,14470.283479748261,13632.60017117901,13665.488068945317,18164.761705857836
14470.283479748261,14470.283479748261,13643.8521905352,13666.43314629281,18164.761705857836
14470.283479748261,14470.283479748261,13656.631760585322,13667.37071204967,18164.761705857836
14470.283479748261,14470.283479748261,13664.613198555133,13668.298558854172,18164.761705857836
14470.283479748261,14470.283479748261,13668.036469966057,13669.01909265465,18164.761705857836
14470.283479748261,14470.283479748261,13671.121208851744,13669.332700963514,18164.761705857836
14470.283479748261,14470.283479748261,13681.046248003448,13670.318791252304,18164.761705857836
14470.283479748261,14470.283479748261,13685.93705399932,13670.726935274384,18164.761705857836
14470.283479748261,14470.283479748261,13693.993352376998,13670.093917671098,18164.761705857836
14470.283479748261,14470.283479748261,13698.770056841206,13669.457661766199,18164.761705857836
14470.283479748261,14470.283479748261,13700.657706051094,13668.87891055533,18164.761705857836
14470.283479748261,14470.283479748261,13695.820363144769,13668.567684919051,18164.761705857836
14470.283479748261,14470.283479748261,13687.905258711902,13668.334290524443,18164.761705857836
14470.283479748261,14470.283479748261,13679.829246737747,13668.316333948142,18164.761705857836
14470.283479748261,14470.283479748261,13673.201821920831,13667.975771810345,18164.761705857836
14470.283479748261,14470.283479748261,13668.665843101908,13667.636955877051,18164.761705857836
14470.283479748261,14470.283479748261,13668.988037281295,13668.674818361496,18164.761705857836
14470.283479748261,14470.283479748261,13667.702454614157,13668.463573074587,18164.761705857836
14470.283479748261,14470.283479748261,13663.4014444384,13668.042676875632,18164.761705857836
14470.283479748261,14470.283479748261,13660.83912336641,13668.438652588951,18164.761705857836
14470.283479748261,14470.283479748261,13664.227462666624,13669.112853527418,18164.761705857836
14470.283479748261,14470.283479748261,13662.936387369575,13668.757105258013,18164.761705857836
14470.283479748261,14470.283479748261,13664.723073599063,13668.436872932683,18164.761705857836
14470.283479748261,14470.283479748261,13666.486626630718,13669.450688277027,18164.761705857836
14470.283479748261,14470.283479748261,13666.659202513129,13668.89346717556,18164.761705857836
14470.283479748261,14470.283479748261,13664.947428702848,13666.945222747247,18164.761705857836
14470.283479748261,14470.283479748261,13656.613056652845,13664.617749908515,18164.761705857836
14470.283479748261,14470.283479748261,13656.051494535603,13663.234604450807,18164.761705857836
14470.283479748261,14470.283479748261,13661.8464673022,13663.43596807939,18164.761705857836
14470.283479748261,14470.283479748261,13667.973559443353,13663.703755582876,18164.761705857836
14470.283479748261,14470.283479748261,13664.82307463917,13663.07545947487,18164.761705857836
14470.283479748261,14470.283479748261,13663.082009376283,13662.419750019151,18164.761705857836
14470.283479748261,14470.283479748261,13661.340944113394,13662.104411397195,18164.761705857836
14470.283479748261,14470.283479748261,13659.82258106498,13661.796805070306,18164.761705857836
14470.283479748261,14470.283479748261,13664.491132636987,13661.761090446198,18164.761705857836
14470.283479748261,14470.283479748261,13670.937774983871,13662.0136002185,18164.761705857836
14470.283479748261,14470.283479748261,13674.174064777879,13662.967872674928,18164.761705857836
14470.283479748261,14470.283479748261,13674.410827036865,13663.556029569158,18164.761705857836
14470.283479748261,14470.283479748261,13673.123681669424,13664.807528234749,18164.761705857836
14470.283479748261,14470.283479748261,13673.454159371817,13666.448975389216,18164.761705857836
14470.283479748261,14470.283479748261,13678.282231648855,13668.118129236951,18164.761705857836
14470.283479748261,14470.283479748261,13683.317898031159,13669.801769691398,18164.761705857836
14470.283479748261,14470.283479748261,13688.421129550994,13671.804433312134,18164.761705857836
14470.283479748261,14470.283479748261,13693.485699595476,13672.847470516814,18164.761705857836
14470.283479748261,14470.283479748261,13694.712008611876,13673.420127129779,18164.761705857836
14470.283479748261,14470.283479748261,13692.870646516913,13673.708580431461,18164.761705857836
14470.283479748261,14470.283479748261,13694.239636974831,13675.012208738062,18164.761705857836
14470.283479748261,14470.283479748261,13691.03598090466,13675.027562218125,18164.761705857836
14470.283479748261,14470.283479748261,13684.515615977676,13675.37611235294,18164.761705857836
14470.283479748261,14470.283479748261,13675.877040308234,13675.382787866203,18164.761705857836
14470.283479748261,14470.283479748261,13664.344546743665,13674.467004349879,18164.761705857836
14470.283479748261,14470.283479748261,13659.301009262586,13672.891533436876,18164.761705857836
14470.283479748261,14470.283479748261,13656.056599661131,13671.689401127298,18164.761705857836
14470.283479748261,14470.283479748261,13654.594373181317,13670.84370544205,18164.761705857836
14470.283479748261,14470.283479748261,13650.293253911974,13669.87148391896,18164.761705857836
14470.283479748261,14470.283479748261,13649.109246131862,13669.306187887483,18164.761705857836
14470.283479748261,14470.283479748261,13647.92523835175,13668.38800680772,18164.761705857836
14470.283479748261,14470.283479748261,13651.251904869783,13668.090532392214,18164.761705857836
14470.283479748261,14470.283479748261,13657.682326048529,13668.113907087247,18164.761705857836
14470.283479748261,14470.283479748261,13657.985684552561,13667.225913408476,18164.761705857836
14470.283479748261,14470.283479748261,13661.182029218715,13666.571868983405,18164.761705857836
14470.283479748261,14470.283479748261,13657.889417801383,13665.305344368197,18164.761705857836
14470.283479748261,14470.283479748261,13654.231831107953,13664.954715606505,18164.761705857836
14470.283479748261,14470.283479748261,13647.351578678927,13664.348171830286,18164.761705857836
14470.283479748261,14470.283479748261,13644.083293111154,13664.047778157026,18164.761705857836
14470.283479748261,14470.283479748261,13644.201057131791,13664.413230693459,18164.761705857836
14470.283479748261,14470.283479748261,13640.85123882016,13662.760647115494,18164.761705857836
14470.283479748261,14470.283479748261,13642.114710701218,13662.972983609625,18164.761705857836
14470.283479748261,14470.283479748261,13645.82460526896,13664.598539253357,18164.761705857836
14470.283479748261,14470.283479748261,13647.366919982862,13664.531472731767,18164.761705857836
14470.283479748261,14470.283479748261,13649.072497385496,13663.540875927181,18164.761705857836
14470.283479748261,14470.283479748261,13650.493229849642,13662.81671286421,18164.761705857836
14470.283479748261,14470.283479748261,13650.422682635073,13662.09463741371,18164.761705857836
14470.283479748261,14470.283479748261,13651.792618034448,13661.409370111032,18164.761705857836
14470.283479748261,14470.283479748261,13653.162553433824,13661.348448341163,18164.761705857836
14470.283479748261,14470.283479748261,13649.549521778728,13661.333649308635,18164.761705857836
14470.283479748261,14470.283479748261,13649.404072455902,13661.318850276108,18164.761705857836
14470.283479748261,14470.283479748261,13644.707305170325,13660.704145736574,18164.761705857836
14470.283479748261,14470.283479748261,13633.01744982525,13658.83273575797,18164.761705857836
14470.283479748261,14470.283479748261,13631.04583415922,13657.145927674941,18164.761705857836
14470.283479748261,14470.283479748261,13625.90636755869,13655.757534511085,18164.761705857836
14470.283479748261,14470.283479748261,13627.53942781763,13655.70819655248,18164.761705857836
14470.283479748261,14470.283479748261,13627.494651357527,13655.325378862535,18164.761705857836
14470.283479748261,14470.283479748261,13624.413631047277,13654.32758010749,18164.761705857836
14470.283479748261,14470.283479748261,13624.855315993627,13653.421285012493,18164.761705857836
14470.283479748261,14470.283479748261,13626.290470238779,13652.404188359615,18164.761705857836
14470.283479748261,14470.283479748261,13627.725624483928,13652.029162217312,18164.761705857836
14470.283479748261,14470.283479748261,13634.078870542455,13652.637754437688,18164.761705857836
14470.283479748261,14470.283479748261,13642.01553339531,13652.611106103146,18164.761705857836
14470.283479748261,14470.283479748261,13647.149272345963,13651.88495026977,18164.761705857836
14470.283479748261,14470.283479748261,13656.933769662039,13651.48784211372,18164.761705857836
14470.283479748261,14470.283479748261,13660.230585057132,13651.090733957675,18164.761705857836
14470.283479748261,14470.283479748261,13661.533870630048,13649.947927078347,18164.761705857836
14470.283479748261,14470.283479748261,13662.897292798929,13648.209898748179,18164.761705857836
14470.283479748261,14470.283479748261,13670.4181632713,13648.562515944375,18164.761705857836
14470.283479748261,14470.283479748261,13678.542481910936,13649.538555438421,18164.761705857836
14470.283479748261,14470.283479748261,13685.083033205388,13650.197841463427,18164.761705857836
14470.283479748261,14470.283479748261,13688.516668670589,13652.133891990872,18164.761705857836
14470.283479748261,14470.283479748261,13691.809798053562,13654.069942518321,18164.761705857836
14470.283479748261,14470.283479748261,13696.65072248631,13656.039686705382,18164.761705857836
14470.283479748261,14470.283479748261,13701.2523415762,13658.869401080226,18164.761705857836
14470.283479748261,14470.283479748261,13696.186794654193,13658.467891035998,18164.761705857836
14470.283479748261,14470.283479748261,13694.884963961526,13657.713599938426,18164.761705857836
14470.283479748261,14470.283479748261,13698.103899292193,13656.911803970355,18164.761705857836
14470.283479748261,14470.283479748261,13696.811632412951,13657.86619164457,18164.761705857836
14470.283479748261,14470.283479748261,13692.529908532972,13658.22268791864,18164.761705857836
14470.283479748261,14470.283479748261,13692.595557333863,13659.131905259846,18164.761705857836
14470.283479748261,14470.283479748261,13692.479091197742,13660.379329256464,18164.761705857836
14470.283479748261,14470.283479748261,13687.695968181764,13660.072670944972,18164.761705857836
14470.283479748261,14470.283479748261,13687.927988757798,13662.02814754643,18164.761705857836
14470.283479748261,14470.283479748261,13680.04210090756,13662.641415417998,18164.761705857836
14470.283479748261,14470.283479748261,13681.823379069221,13663.254683289566,18164.761705857836
14470.283479748261,14470.283479748261,13683.663858173435,13663.600005351525,18164.761705857836
14470.283479748261,14470.283479748261,13683.959678508501,13664.233423936272,18164.761705857836
14470.283479748261,14470.283479748261,13680.858875546934,13665.221308131728,18164.761705857836
14470.283479748261,14470.283479748261,13680.747529586093,13665.531982409504,18164.761705857836
14470.283479748261,14470.283479748261,13677.696036002782,13666.500864696374,18164.761705857836
14470.283479748261,14470.283479748261,13672.965756054682,13666.54953832716,18164.761705857836
14470.283479748261,14470.283479748261,13674.542970157036,13665.816343922585,18164.761705857836
14470.283479748261,14470.283479748261,13669.450822434479,13666.444928036755,18164.761705857836
14470.283479748261,14470.283479748261,13674.380048640573,13667.702925669013,18164.761705857836
14470.283479748261,14470.283479748261,13674.539094412428,13668.06385620212,18164.761705857836
14470.283479748261,14470.283479748261,13674.53615149126,13668.422699122759,18164.761705857836
14470.283479748261,14470.283479748261,13677.511644242619,13669.377229177902,18164.761705857836
14470.283479748261,14470.283479748261,13677.393274281076,13670.067452301177,18164.761705857836
14470.283479748261,14470.283479748261,13674.004741322487,13670.423026318253,18164.761705857836
14470.283479748261,14470.283479748261,13672.622660367368,13671.144582278668,18164.761705857836
14470.283479748261,14470.283479748261,13672.873523586191,13672.182782010332,18164.761705857836
14470.283479748261,14470.283479748261,13672.882561315037,13673.789366220542,18164.761705857836
14470.283479748261,14470.283479748261,13677.846700867067,13675.805101378322,18164.761705857836
14470.283479748261,14470.283479748261,13674.82586135915,13677.486824429106,18164.761705857836
14470.283479748261,14470.283479748261,13681.347038802802,13678.825378399153,18164.761705857836
14470.283479748261,14470.283479748261,13684.921063911848,13679.907981633623,18164.761705857836
14470.283479748261,14470.283479748261,13686.920167747943,13681.878536518037,18164.761705857836
14470.283479748261,14470.283479748261,13684.96108009014,13682.08860512048,18164.761705857836
14470.283479748261,14470.283479748261,13686.650079963749,13682.494948263247,18164.761705857836
14470.283479748261,14470.283479748261,13684.598369134601,13682.519131208803,18164.761705857836
14470.283479748261,14470.283479748261,13684.212334729633,13682.209474847768,18164.761705857836
14470.283479748261,14470.283479748261,13685.933629348583,13682.572985411198,18164.761705857836
14470.283479748261,14470.283479748261,13680.866276077777,13682.548502124688,18164.761705857836
14470.283479748261,14470.283479748261,13680.549343740617,13682.209939244822,18164.761705857836
14470.283479748261,14470.283479748261,13675.460574886127,13681.871376364956,18164.761705857836
14470.283479748261,14470.283479748261,13678.591910029756,13683.319589513565,18164.761705857836
14470.283479748261,14470.283479748261,13676.97584464728,13684.694246887711,18164.761705857836
14470.283479748261,14470.283479748261,13677.185407483168,13683.442053962855,18164.761705857836
14470.283479748261,14470.283479748261,13677.45657086236,13682.277766053534,18164.761705857836
14470.283479748261,14470.283479748261,13679.638535227623,13681.430231613249,18164.761705857836
14470.283479748261,14470.283479748261,13675.9134907077,13679.68883925519,18164.761705857836
14470.283479748261,14470.283479748261,13667.624492610523,13677.735924322587,18164.761705857836
14470.283479748261,14470.283479748261,13662.823258812825,13675.783009389988,18164.761705857836
14470.283479748261,14470.283479748261,13658.022025015129,13673.563875932605,18164.761705857836
14470.283479748261,14470.283479748261,13653.220791217434,13673.278175677602,18164.761705857836
14470.283479748261,14470.283479748261,13653.275723540806,13674.99774142942,18164.761705857836
14470.283479748261,14470.283479748261,13656.669738767534,13676.407414782776,18164.761705857836
14470.283479748261,14470.283479748261,13663.517851929171,13676.783297866099,18164.761705857836
14470.283479748261,14470.283479748261,13671.251367446912,13678.02205783632,18164.761705857836
14470.283479748261,14470.283479748261,13674.031635215588,13677.717447189596,18164.761705857836
14470.283479748261,14470.283479748261,13683.253528233341,13677.84372666231,18164.761705857836
14470.283479748261,14470.283479748261,13693.533034123804,13678.903337510996,18164.761705857836
14470.283479748261,14470.283479748261,13703.812540014265,13678.959919641284,18164.761705857836
14470.283479748261,14470.283479748261,13714.092045904728,13680.373864932038,18164.761705857836
14470.283479748261,14470.283479748261,13727.368476978878,13682.387195259535,18164.761705857836
14470.283479748261,14470.283479748261,13730.516789462898,13684.368327687313,18164.761705857836
14470.283479748261,14470.283479748261,13730.527164252577,13685.720911931594,18164.761705857836
14470.283479748261,14470.283479748261,13727.262334336381,13686.063989623988,18164.761705857836
14470.283479748261,14470.283479748261,13720.802376183312,13686.033027155765,18164.761705857836
14470.283479748261,14470.283479748261,13716.166290256477,13685.411498040332,18164.761705857836
14470.283479748261,14470.283479748261,13710.708279417091,13685.392231334792,18164.761705857836
14470.283479748261,14470.283479748261,13705.250268577705,13685.04479719513,18164.761705857836
14470.283479748261,14470.283479748261,13699.79225773832,13685.028206702053,18164.761705857836
14470.283479748261,14470.283479748261,13694.334246898934,13684.364704583708,18164.761705857836
14470.283479748261,14470.283479748261,13685.87931087586,13684.655238552219,18164.761705857836
14470.283479748261,14470.283479748261,13677.423375658333,13684.945772520727,18164.761705857836
14470.283479748261,14470.283479748261,13675.14783824824,13685.248150732716,18164.761705857836
14470.283479748261,14470.283479748261,13676.407326223638,13685.866800012498,18164.761705857836
14470.283479748261,14470.283479748261,13679.537015002123,13687.139481891689,18164.761705857836
14470.283479748261,14470.283479748261,13686.186867587714,13688.124339484399,18164.761705857836
14470.283479748261,14470.283479748261,13689.416950700373,13688.700916757627,18164.761705857836
14470.283479748261,14470.283479748261,13687.767620581406,13688.021809048403,18164.761705857836
14470.283479748261,14470.283479748261,13689.815829805211,13687.422032489683,18164.761705857836
14470.283479748261,14470.283479748261,13690.026471151068,13687.404826542097,18164.761705857836
14470.283479748261,14470.283479748261,13688.725736887278,13686.130978169118,18164.761705857836
14470.283479748261,14470.283479748261,13687.425002623484,13685.446560263057,18164.761705857836
14470.283479748261,14470.283479748261,13681.300241207271,13684.12416542458,18164.761705857836
14470.283479748261,14470.283479748261,13674.918310352596,13683.858246064989,18164.761705857836
14470.283479748261,14470.283479748261,13668.53637949792,13683.516741798525,18164.761705857836
14470.283479748261,14470.283479748261,13666.2472261076,13684.454110878996,18164.761705857836
14470.283479748261,14470.283479748261,13664.501965057725,13684.758842823247,18164.761705857836
14470.283479748261,14470.283479748261,13667.636117239483,13684.362306626586,18164.761705857836
14470.283479748261,14470.283479748261,13663.79759911031,13684.008297096188,18164.761705857836
14470.283479748261,14470.283479748261,13666.730800708017,13684.641117935575,18164.761705857836
14470.283479748261,14470.283479748261,13671.203389533295,13685.279541098547,18164.761705857836
14470.283479748261,14470.283479748261,13677.261377428975,13685.180453742898,18164.761705857836
14470.283479748261,14470.283479748261,13684.003230368437,13685.52964256881,18164.761705857836
14470.283479748261,14470.283479748261,13683.717457955887,13685.164656159533,18164.761705857836
14470.283479748261,14470.283479748261,13684.429786498,13684.911384925652,18164.761705857836
14470.283479748261,14470.283479748261,13688.074841774685,13686.141372188411,18164.761705857836
