Average Episodic Reward,Average Episodic N-Reward,Avg Reward (last 10),Avg Reward (last 50),Best Reward
-55.606427243938754,-55.606427243938754,-41.251873048320824,-41.251873048320824,-41.251873048320824
-53.81497159772032,-53.81497159772032,-79.8459682721923,-79.8459682721923,-41.251873048320824
-57.8620977069095,-57.8620977069095,-84.10916689078448,-84.10916689078448,-41.251873048320824
-51.1427714975615,-51.1427714975615,-88.09614836416542,-88.09614836416542,-41.251873048320824
-61.53494382761109,-61.53494382761109,-73.396418173955,-73.396418173955,-14.597497413113324
-51.45251680076596,-51.45251680076596,-66.31525708900837,-66.31525708900837,-14.597497413113324
-51.02163278396756,-51.02163278396756,-68.58043049430648,-68.58043049430648,-14.597497413113324
-55.64453888740293,-55.64453888740293,-70.65294837019454,-70.65294837019454,-14.597497413113324
-55.34260104196103,-55.34260104196103,-74.9573153907356,-74.9573153907356,-14.597497413113324
-54.17888976425624,-54.17888976425624,-75.97764120180312,-75.97764120180312,-14.597497413113324
-55.72313961556242,-55.72313961556242,-80.36851124711211,-76.81245322904019,-14.597497413113324
-52.43634602878685,-52.43634602878685,-76.77074814289345,-77.28328483110994,-14.597497413113324
-52.610424236384404,-52.610424236384404,-68.96694147140792,-72.46130118357173,-14.597497413113324
-52.05138949984404,-52.05138949984404,-69.9004573484835,-75.09922621010689,-14.597497413113324
-55.84214245509553,-55.84214245509553,-75.23723890058211,-74.62363199170639,-14.597497413113324
-53.99465617919323,-53.99465617919323,-80.66235108429565,-75.28219083606292,-14.597497413113324
-55.86926106631684,-55.86926106631684,-80.96126134182722,-75.86327216931869,-14.597497413113324
-56.13582406868031,-56.13582406868031,-83.38442914719255,-77.72599324630454,-14.597497413113324
-57.31570733766344,-57.31570733766344,-83.38442914719256,-79.39263842044979,-14.597497413113324
-55.439838504887,-55.439838504887,-77.23305901058698,-76.60535010619505,-14.597497413113324
-54.80526021449633,-54.80526021449633,-76.93414875305542,-76.87040347857125,-14.597497413113324
-53.234682843657055,-53.234682843657055,-80.53191185727408,-78.75993347936637,-14.597497413113324
-51.82147325056135,-51.82147325056135,-90.01138727146916,-80.09177339570105,-14.597497413113324
-53.17981260406919,-53.17981260406919,-90.01138727146915,-81.31262665234117,-14.597497413113324
-56.13586382837454,-56.13586382837454,-94.15408113356564,-82.43581164845008,-14.597497413113324
-50.19386845047856,-50.19386845047856,-97.46524316971002,-83.8141340413118,-14.597497413113324
-71.04051439027111,-71.04051439027111,-101.47895057764507,-85.35056046869883,-14.597497413113324
-54.408539038710266,-54.408539038710266,-102.32856884706425,-86.512627389433,-14.597497413113324
-64.01535531547597,-64.01535531547597,-101.80007331638237,-87.1193401087024,-14.597497413113324
-54.34114684208567,-54.34114684208567,-98.18233382428782,-83.79767801222597,12.53052278559067
-59.13537761270686,-59.13537761270686,-98.83400014782612,-83.95543466220185,12.53052278559067
-57.02698294488715,-57.02698294488715,-94.4703072668452,-83.66942528795349,12.53052278559067
-56.4089947877691,-56.4089947877691,-96.67239755782808,-85.11620495998196,12.53052278559067
-51.5158557728307,-51.5158557728307,-99.42324627779551,-86.63927948335714,12.53052278559067
-52.88167771437487,-52.88167771437487,-101.84177796026762,-87.98037345182651,12.53052278559067
-55.28212766253298,-55.28212766253298,-90.3626208746114,-85.63315816167278,12.53052278559067
-50.81036016181374,-50.81036016181374,-76.78967082271238,-83.03680651032408,12.53052278559067
-48.18270573431329,-48.18270573431329,-81.88727839437381,-85.29543028547003,12.53052278559067
-51.631895473536105,-51.631895473536105,-88.35713635673466,-87.43672376204398,12.53052278559067
-53.26629482620728,-53.26629482620728,-92.86235960872477,-86.06384841135066,12.53052278559067
-52.21316266530236,-52.21316266530236,-90.98068955628605,-85.66891146563701,12.53052278559067
-61.203288839356055,-61.203288839356055,-83.54978872551077,-83.6409403921338,12.53052278559067
-58.115749015763186,-58.115749015763186,-70.50489062498357,-81.71822488207536,12.53052278559067
-62.25976124411286,-62.25976124411286,-58.52900133225755,-80.25057990356179,12.53052278559067
-63.90938071927202,-63.90938071927202,-56.00615611504586,-80.87499182143083,12.53052278559067
-59.781360018454436,-59.781360018454436,-55.9817101112784,-79.18719119419576,12.53052278559067
-62.68856195879704,-62.68856195879704,-69.67051645967658,-80.19291501018633,12.53052278559067
-61.05878433665323,-61.05878433665323,-55.51717888722801,-79.0916279108363,12.53052278559067
-64.01977272916031,-64.01977272916031,-49.40499086746617,-79.67514562029342,12.53052278559067
-52.7823449985168,-52.7823449985168,-53.695326612459795,-79.5901440515725,12.53052278559067
-62.4824264280645,-62.4824264280645,-54.93177048726168,-80.40982403830827,12.53052278559067
-70.07294395548081,-70.07294395548081,-54.242615405557935,-77.91307427961628,12.53052278559067
-57.3190741615504,-57.3190741615504,-67.60975572278994,-78.75307452969574,12.53052278559067
-54.39502146924765,-54.39502146924765,-69.9361999030414,-77.56005842660942,12.53052278559067
-64.01861980552874,-64.01861980552874,-63.17240217176575,-78.0823312562454,12.53052278559067
-55.9588067408593,-55.9588067408593,-67.08316322396477,-78.31101769277205,12.53052278559067
-62.15256625562866,-62.15256625562866,-56.30787235808024,-77.0416543119883,12.53052278559067
-61.83859861129892,-61.83859861129892,-61.25767304932896,-76.87502566503753,12.53052278559067
-64.81259327925294,-64.81259327925294,-58.026332191520794,-76.1945923758593,12.53052278559067
-67.31563900962972,-67.31563900962972,-51.25286394057944,-74.64518859932775,12.53052278559067
-63.39383976160605,-63.39383976160605,-52.44915362132976,-74.82595251315179,12.53052278559067
-51.89601900166713,-51.89601900166713,-60.62994627025682,-74.68491390508896,12.53052278559067
-51.645292244009205,-51.645292244009205,-58.57988897101544,-76.67566402961724,12.53052278559067
-53.493680154426166,-53.493680154426166,-62.050511861510714,-75.99006932921486,12.53052278559067
-54.785766009639595,-54.785766009639595,-66.42305321621525,-76.31949411937202,12.53052278559067
-47.252158964945046,-47.252158964945046,-70.91707388154487,-76.3619622522219,12.53052278559067
-58.09840766047195,-58.09840766047195,-71.5486912143806,-75.15914028649897,12.53052278559067
-57.01867833918366,-57.01867833918366,-79.57924864199914,-76.11398956399883,12.53052278559067
-58.931624302513285,-58.931624302513285,-80.66041475665959,-75.64978949775269,12.53052278559067
-57.22185376454137,-57.22185376454137,-77.32971843848262,-74.66452048490687,25.616578506936285
-55.995011024608544,-55.995011024608544,-73.18512527016186,-74.0761478165731,25.616578506936285
-50.139015096416294,-50.139015096416294,-62.70701976545839,-71.11993548672582,29.37055299629965
-57.68257449094804,-57.68257449094804,-52.54953072017594,-69.18329271935859,29.37055299629965
-54.72503987153645,-54.72503987153645,-52.655746637799496,-68.51894120248093,29.37055299629965
-51.82718605595019,-51.82718605595019,-52.15771947280816,-67.92022178722054,29.37055299629965
-54.04807361603782,-54.04807361603782,-50.520359428530824,-66.97298550398605,29.37055299629965
-56.52036317543505,-56.52036317543505,-53.4518122675874,-65.55371262448743,29.37055299629965
-47.39819482683126,-47.39819482683126,-42.372253971254125,-64.1227265888368,29.37055299629965
-59.863217519136526,-59.863217519136526,-35.50967625319834,-62.3917100851159,29.37055299629965
-56.40339008259156,-56.40339008259156,-47.0903935848051,-64.44613243701033,29.37055299629965
-67.17693749901126,-67.17693749901126,-37.44747250996766,-61.798842289001406,43.67637323896879
-63.48904439688203,-63.48904439688203,-42.07206127652188,-60.640286288661166,43.67637323896879
-50.48998731607636,-50.48998731607636,-37.69652083527325,-57.388117374847624,43.67637323896879
-54.60839542302438,-54.60839542302438,-40.44465516302828,-56.723222979527485,43.67637323896879
-54.77996288920374,-54.77996288920374,-38.770426127962395,-55.305951420759484,43.67637323896879
-60.766664706613575,-60.766664706613575,-30.249344403748502,-54.95033020981348,43.67637323896879
-53.2387422948124,-53.2387422948124,-34.9772463988141,-57.191227739707784,43.67637323896879
-49.93829223362408,-49.93829223362408,-31.9783358429131,-54.14093807854466,43.67637323896879
-43.924633520430845,-43.924633520430845,-31.21187287272871,-50.96265738831472,43.67637323896879
-63.875517155506444,-63.875517155506444,-23.51619054297624,-50.576898623860636,43.67637323896879
-54.847420047551765,-54.847420047551765,-36.431284971377124,-50.888961372019615,43.67637323896879
-57.8092457967244,-57.8092457967244,-45.418272476560084,-53.01398303887103,43.67637323896879
-61.50004395293214,-61.50004395293214,-62.20573413196136,-55.72828607624319,43.67637323896879
-61.59943466513303,-61.59943466513303,-54.03394809430188,-55.82421233193635,43.67637323896879
-61.71610964715855,-61.71610964715855,-45.687378330675934,-53.24219586388549,43.67637323896879
-59.02555483628713,-59.02555483628713,-56.06792938951211,-54.96757406546021,43.67637323896879
-51.55200111236923,-51.55200111236923,-56.05280719355473,-54.46768588648342,43.67637323896879
-61.515749941426996,-61.515749941426996,-62.641792150423655,-55.565860731183804,43.67637323896879
-58.40787214452609,-58.40787214452609,-72.85325134827757,-55.652309484477,43.67637323896879
-56.38608889536679,-56.38608889536679,-82.23658601447524,-56.285150504263726,43.67637323896879
-53.8563381326076,-53.8563381326076,-80.09132034705347,-55.92087134397798,43.67637323896879
-55.00298379105586,-55.00298379105586,-63.08735643682305,-54.782931245124054,63.294429381231794
-58.031918847970466,-58.031918847970466,-54.62338274199442,-53.13101148008409,63.294429381231794
-61.3320902355812,-61.3320902355812,-68.24294429718442,-55.485561210764956,63.294429381231794
-59.01392066194141,-59.01392066194141,-73.11860128866044,-55.23143568726444,63.294429381231794
-64.36004320204444,-64.36004320204444,-69.29364961583917,-55.4096713438351,63.294429381231794
-63.71379353764877,-63.71379353764877,-64.40361415193715,-56.08683424525479,63.294429381231794
-68.74918096172175,-68.74918096172175,-68.18115344716405,-56.95055681075081,63.294429381231794
-64.43241292688548,-64.43241292688548,-66.93326400765527,-57.4336958477039,63.294429381231794
-66.25648320219676,-66.25648320219676,-60.019823475548456,-58.038542411257524,63.294429381231794
-57.0864067574038,-57.0864067574038,-56.50350675090666,-56.73174196989335,63.294429381231794
-53.98963660532085,-53.98963660532085,-73.79997554917861,-57.416937100908406,63.294429381231794
-63.82589214559973,-63.82589214559973,-80.2281434316834,-57.460662372217676,63.294429381231794
-54.1134278160348,-54.1134278160348,-78.24639099991674,-58.72473703844616,63.294429381231794
-61.03877215316161,-61.03877215316161,-86.02207187506707,-59.151239419034795,63.294429381231794
-63.60130319916138,-63.60130319916138,-83.99365551500888,-58.02498767052789,63.294429381231794
-62.03336618304535,-62.03336618304535,-78.71496799012057,-57.5200896004028,63.294429381231794
-57.068794091227055,-57.068794091227055,-70.79595847846471,-55.19389877804393,63.294429381231794
-49.39023060940025,-49.39023060940025,-60.63558144374967,-53.4287291851219,63.294429381231794
-61.38424245444028,-61.38424245444028,-61.03896839410635,-54.780392402382276,63.294429381231794
-55.439566461060274,-55.439566461060274,-51.74516001694069,-52.44374891924912,64.0793366472525
-52.922365145051955,-52.922365145051955,-45.291754591944276,-53.933884066205586,64.0793366472525
-62.642989562211234,-62.642989562211234,-45.02357856433265,-55.95547194104902,64.0793366472525
-55.137077443125406,-55.137077443125406,-29.646355395894528,-54.12285879006517,64.0793366472525
-56.53744532051596,-56.53744532051596,-26.619765372784077,-54.04364859902999,64.0793366472525
-63.070032333820734,-63.070032333820734,-32.16189886392068,-54.35329555760587,64.0793366472525
-66.25582902463611,-66.25582902463611,-34.03690030223222,-53.63710720733175,64.0793366472525
-61.63975741271774,-61.63975741271774,-38.48088734075716,-54.41562545194454,64.0793366472525
-64.11578289270807,-64.11578289270807,-46.37741391081328,-55.6022767166449,64.0793366472525
-62.68277521462011,-62.68277521462011,-43.50891606384486,-54.06409689819023,64.0793366472525
-64.68645345285364,-64.68645345285364,-57.42576181592218,-56.43940678044003,64.0793366472525
-71.23925373519947,-71.23925373519947,-56.95098566554371,-56.909668944009944,64.0793366472525
-63.10148485982937,-63.10148485982937,-54.84723996986893,-59.38561576796817,64.0793366472525
-57.61019576030404,-57.61019576030404,-66.97550264522211,-59.429028286503936,64.0793366472525
-54.73812636642716,-54.73812636642716,-74.07453617814895,-61.104470609067306,64.0793366472525
-66.94906395549614,-66.94906395549614,-81.04462114053456,-64.51235090496307,64.0793366472525
-55.5196703919254,-55.5196703919254,-89.79294565801084,-64.60024705917111,64.0793366472525
-60.6906585143652,-60.6906585143652,-92.41625962342148,-66.50321020804621,64.0793366472525
-56.733391332540286,-56.733391332540286,-98.9618239495917,-69.1522669320175,64.0793366472525
-54.92708595609212,-54.92708595609212,-100.61647261792446,-69.48415331317987,64.0793366472525
-66.23496300380407,-66.23496300380407,-100.90294727474344,-69.33373924111329,64.0793366472525
-62.623396763181056,-62.623396763181056,-106.74693344515872,-69.17540113772968,64.0793366472525
-64.17363647358884,-64.17363647358884,-109.70683248521013,-68.8858354386179,64.0793366472525
-70.12764391143966,-70.12764391143966,-102.05743131451753,-69.03372493054707,64.0793366472525
-67.69607917032445,-67.69607917032445,-95.798273003947,-71.12664954372153,64.0793366472525
-61.464230079098925,-61.464230079098925,-92.76928812642116,-71.85262265234489,64.0793366472525
-65.68509497609031,-65.68509497609031,-87.33324437589926,-70.85633449564001,64.0793366472525
-61.382455254299494,-61.382455254299494,-78.78195569101031,-69.73124291616355,64.0793366472525
-72.87977045005223,-72.87977045005223,-66.61822206781616,-67.90526107592522,64.0793366472525
-67.33297857062347,-67.33297857062347,-61.82383889085672,-65.40160388845618,64.0793366472525
-56.9203896790542,-56.9203896790542,-67.71884903070884,-66.85924497784437,64.0793366472525
-61.904072208835615,-61.904072208835615,-60.45086410146824,-68.64810267065872,64.0793366472525
-64.69991171510051,-64.69991171510051,-60.417096668870485,-70.04457822399313,64.0793366472525
-66.35372780113175,-66.35372780113175,-64.3479212802709,-68.25472032716435,64.0793366472525
-64.645461523384,-64.645461523384,-62.173676509484224,-68.93766458788626,64.0793366472525
-64.1146551770909,-64.1146551770909,-55.60665050658529,-69.11522283049412,64.0793366472525
-60.16229360171007,-60.16229360171007,-56.91737360411366,-69.35908638607532,64.0793366472525
-65.40259642614205,-65.40259642614205,-63.51513314885953,-68.79803885650264,64.0793366472525
-59.46312943177295,-59.46312943177295,-63.93266628700013,-67.30514153179419,64.0793366472525
-61.864868938992956,-61.864868938992956,-79.921470150458,-69.38193322343808,64.0793366472525
-66.28545653102347,-66.28545653102347,-74.12425322007326,-70.38339427167769,64.0793366472525
-60.073062079659195,-60.073062079659195,-79.84100359014136,-69.85630827885126,64.0793366472525
-56.19276097269793,-56.19276097269793,-71.00617647769727,-68.20018483319589,64.0793366472525
-63.82200583063748,-63.82200583063748,-69.49721323423827,-66.50488477402865,64.0793366472525
-58.36030353690174,-58.36030353690174,-69.391947237822,-65.61163966043725,64.0793366472525
-63.39987801988224,-63.39987801988224,-70.2787182244438,-66.3722353723811,64.0793366472525
-68.63653910519373,-68.63653910519373,-68.6559833214487,-67.34728945234093,64.0793366472525
-58.50387442889716,-58.50387442889716,-63.67187818510612,-67.37322279783092,64.0793366472525
-61.31344926967407,-61.31344926967407,-71.93943328004826,-69.5659118990539,64.0793366472525
-66.11480636928866,-66.11480636928866,-65.32298832647288,-70.23873720991139,64.0793366472525
-48.34663083111448,-48.34663083111448,-68.91576801709314,-73.81751587170817,64.0793366472525
-61.21929989002494,-61.21929989002494,-58.13869169430619,-72.42569569932363,64.0793366472525
-51.78265586766801,-51.78265586766801,-60.129500251373756,-71.2213691706041,64.0793366472525
-59.53863817740342,-59.53863817740342,-64.64571637773349,-73.50475697039647,64.0793366472525
-66.394783554888,-66.394783554888,-67.39745776973464,-73.76717813982737,64.0793366472525
-59.602151752326655,-59.602151752326655,-70.24950776798373,-73.98975715319371,64.0793366472525
-64.86276172375001,-64.86276172375001,-73.77152254515427,-75.29421390092534,64.0793366472525
-58.01145028459982,-58.01145028459982,-72.55472774728798,-74.18799087913709,64.0793366472525
-53.6456267933394,-53.6456267933394,-60.6361623688447,-72.41766159066019,64.0793366472525
-60.1813285569893,-60.1813285569893,-51.88625399072456,-71.91420479528735,64.0793366472525
-60.08052174259609,-60.08052174259609,-50.72266828325436,-72.47689716517462,64.0793366472525
-62.28836950253108,-62.28836950253108,-46.64128130967316,-70.36375482814954,65.26867400351486
-66.11321446677368,-66.11321446677368,-42.980605193990485,-68.84804221542842,65.26867400351486
-62.30467890545836,-62.30467890545836,-35.020957339585735,-67.11384790926918,65.26867400351486
-49.54581489930605,-49.54581489930605,-34.385529643283434,-65.82937683285425,65.26867400351486
-51.74023533189299,-51.74023533189299,-25.060480696660623,-62.792929064418914,65.26867400351486
-56.17317302438164,-56.17317302438164,-26.01292983165469,-62.538210735654104,65.26867400351486
-68.64180994140943,-68.64180994140943,-28.584636987137827,-61.42166635188035,65.26867400351486
-63.26430727623039,-63.26430727623039,-38.307698587624614,-60.28683651826678,65.26867400351486
-64.35512693874448,-64.35512693874448,-46.5682912626154,-61.10456852422553,65.26867400351486
-57.017621509010716,-57.017621509010716,-33.01798963342231,-58.89990563691037,65.26867400351486
-58.720786095286215,-58.720786095286215,-44.50539547443748,-57.91544723400528,65.26867400351486
-61.74683963167987,-61.74683963167987,-53.48685087818645,-57.604045894023685,65.26867400351486
-62.27449731680855,-62.27449731680855,-56.39113369745519,-57.98058838585672,65.26867400351486
-68.02151954304941,-68.02151954304941,-59.80089305023218,-58.629900842111304,65.26867400351486
-47.830998117783196,-47.830998117783196,-70.30731176213513,-58.30053379156172,65.26867400351486
-57.68868031726525,-57.68868031726525,-72.06478573686472,-59.48451900784721,65.26867400351486
-64.42983559693118,-64.42983559693118,-68.17578401594977,-59.30043201686826,65.26867400351486
-61.74227488123114,-61.74227488123114,-59.03258014750395,-58.769708134204336,65.26867400351486
-66.62997154643155,-66.62997154643155,-56.149632056181915,-59.969727157290556,65.26867400351486
-55.045593723929905,-55.045593723929905,-65.75621559305468,-58.50737894937956,65.26867400351486
-68.90460814019177,-68.90460814019177,-70.66150009448397,-59.95757443260843,65.26867400351486
-67.79030857846516,-67.79030857846516,-60.98530678908944,-57.71768791806748,65.26867400351486
-67.12469818842227,-67.12469818842227,-66.17053429909636,-58.345110989621816,65.26867400351486
-67.04975324567982,-67.04975324567982,-57.91309984646673,-57.777785509507794,65.26867400351486
-61.355459362121145,-61.355459362121145,-55.179890417900324,-58.21518177382472,65.26867400351486
-63.09438635468287,-63.09438635468287,-48.382882197729266,-57.77762072657034,65.26867400351486
-65.71365319655234,-65.71365319655234,-56.477993177605796,-57.8930040226175,65.26867400351486
-66.30582823102269,-66.30582823102269,-60.29063095731237,-58.041301068266776,65.26867400351486
-58.70338285137545,-58.70338285137545,-59.696602309077676,-55.9247535890145,65.26867400351486
-65.05488108299862,-65.05488108299862,-55.42967779378205,-54.768463864121316,65.26867400351486
-57.121247934856584,-57.121247934856584,-57.27345585711244,-55.44406488600265,65.26867400351486
-66.0750195479585,-66.0750195479585,-59.027065450763885,-55.32186571268081,65.26867400351486
-53.60590003951808,-53.60590003951808,-49.96818833644171,-54.43930601006251,65.26867400351486
-58.17205364866034,-58.17205364866034,-46.34691487224994,-53.168779036393396,65.26867400351486
-65.7007344222215,-65.7007344222215,-41.824149759490226,-52.524268080834005,65.26867400351486
-52.18598129381866,-52.18598129381866,-37.16524846537685,-51.479473755355954,65.26867400351486
-64.90982604422699,-64.90982604422699,-28.080851958179984,-50.774798777232284,65.26867400351486
-59.57492798179254,-59.57492798179254,-23.03821406026952,-48.26105722431103,65.26867400351486
-56.60005037906753,-56.60005037906753,-15.163811461509855,-45.89291821602187,65.26867400351486
-59.2566039805715,-59.2566039805715,-18.481129885617136,-44.6815362378261,65.26867400351486
-60.9598499879406,-60.9598499879406,-5.213712145242868,-44.85906897618998,65.26867400351486
-65.47052420393634,-65.47052420393634,-2.468934783303838,-43.789752619066824,65.26867400351486
-62.80343639658512,-62.80343639658512,-7.104397238165563,-42.93104218214892,65.26867400351486
-68.6128368287156,-68.6128368287156,-18.30910874906772,-43.35110923226001,65.26867400351486
-70.04161692452725,-70.04161692452725,-15.150271866261354,-41.50442090048953,65.26867400351486
-57.6235639106728,-57.6235639106728,-22.384466518531003,-41.20206255003131,65.26867400351486
-69.22732232300203,-69.22732232300203,-34.73374115568142,-43.21060145891096,65.26867400351486
-58.16037562378144,-58.16037562378144,-42.180125335131244,-44.56984981756835,65.26867400351486
-60.572993339922704,-60.572993339922704,-46.35113429174119,-44.78589427622521,65.26867400351486
-70.26616353589212,-70.26616353589212,-38.01578853628695,-42.14016028843262,65.26867400351486
-62.813102066541816,-62.813102066541816,-49.469842313556306,-45.424781176966604,65.26867400351486
-53.3435009295822,-53.3435009295822,-43.46209838390617,-43.88605125704996,65.26867400351486
-64.82088368049665,-64.82088368049665,-34.12339348534036,-42.751529411299835,65.26867400351486
-62.99173383300814,-62.99173383300814,-31.903346433301135,-42.85467259026353,65.26867400351486
-59.602661516596484,-59.602661516596484,-40.30007078666571,-44.55233891849055,65.26867400351486
-61.25784928294193,-61.25784928294193,-31.71840744480886,-42.343158072662135,65.26867400351486
-55.798720520094285,-55.798720520094285,-19.595464433973717,-41.41276694827814,65.26867400351486
-61.773011211762196,-61.773011211762196,-23.70153392349042,-41.64861688474151,65.26867400351486
-62.534318561231515,-62.534318561231515,-29.825397072065527,-41.43731543811523,65.26867400351486
-55.497181147660584,-55.497181147660584,-42.97590011128992,-44.13174238400614,65.26867400351486
-57.977948126511485,-57.977948126511485,-35.73867249763485,-43.67143658160609,65.26867400351486
-55.201952763677454,-55.201952763677454,-40.42342478632955,-41.27336603867857,65.26867400351486
-62.380747040891556,-62.380747040891556,-46.935700985768435,-40.86044286896248,65.26867400351486
-57.1653279396734,-57.1653279396734,-50.95930515429247,-41.0863550110756,65.26867400351486
-62.34294435572415,-62.34294435572415,-50.986852719488695,-40.68824710996127,65.26867400351486
-59.56470378529527,-59.56470378529527,-60.630134421114825,-40.056227809512166,65.26867400351486
-65.3568354521345,-65.3568354521345,-66.74405100163813,-41.126420345415816,65.26867400351486
-55.015806226051716,-55.015806226051716,-64.3962354683213,-42.72134794890497,65.26867400351486
-53.21357625412625,-53.21357625412625,-69.57775247110314,-44.12293952109948,65.26867400351486
-58.18509875250074,-58.18509875250074,-62.24912251111358,-43.43032376761793,65.26867400351486
-56.8618651432615,-56.8618651432615,-60.140464281317406,-41.56722941897277,65.26867400351486
-59.65588789590453,-59.65588789590453,-68.19139312139905,-42.71458330514049,65.26867400351486
-58.26642506451758,-58.26642506451758,-79.60245849042516,-43.546827707228246,65.26867400351486
-59.457427221930054,-59.457427221930054,-78.04402141900063,-45.11253932558238,65.26867400351486
-58.84631361665331,-58.84631361665331,-62.31900328267714,-42.11606968291663,67.820200467908
-64.72288032204189,-64.72288032204189,-46.79502338352826,-39.73865604667196,75.99410943800079
-56.21995834638723,-56.21995834638723,-49.25728735456041,-39.68227918080673,75.99410943800079
-65.5963385249283,-65.5963385249283,-45.046553833463925,-39.67253252413528,75.99410943800079
-57.84180803858234,-57.84180803858234,-36.998609539141064,-39.58334096711215,75.99410943800079
-51.78794757736409,-51.78794757736409,-41.7435863998745,-40.693105488836416,75.99410943800079
-59.12766374020712,-59.12766374020712,-53.483978757637985,-40.80933399907788,75.99410943800079
-59.21719292216726,-59.21719292216726,-51.26612168625612,-41.16239455223895,75.99410943800079
-57.92749540113953,-57.92749540113953,-47.80954532323343,-43.11509910458659,75.99410943800079
-61.641068569201,-61.641068569201,-43.505254188603566,-44.5442071888531,75.99410943800079
-51.11305267542852,-51.11305267542852,-57.2424037169305,-45.19972047440468,75.99410943800079
-48.39565659007654,-48.39565659007654,-73.43604181723504,-46.992814717043586,75.99410943800079
-53.356959800794066,-53.356959800794066,-65.70272101225133,-47.206652991621006,75.99410943800079
-57.45495018921855,-57.45495018921855,-72.29770546137935,-49.524430804357245,75.99410943800079
-70.56593608397614,-70.56593608397614,-69.62642283026207,-50.47586324086261,75.99410943800079
-48.285906872622924,-48.285906872622924,-64.91050871282933,-49.97898125427884,75.99410943800079
-59.21409303202878,-59.21409303202878,-61.827474612093816,-52.13208649244807,75.99410943800079
-61.70320025623233,-61.70320025623233,-65.25315504258006,-53.7192386040942,75.99410943800079
-67.19921222014275,-67.19921222014275,-52.73504937376519,-52.24122953170653,75.99410943800079
-62.93001610787227,-62.93001610787227,-45.877690042114594,-50.05792344746248,75.99410943800079
-65.6888718750975,-65.6888718750975,-41.59439871155117,-50.488545843462646,75.99410943800079
-64.5559976540761,-64.5559976540761,-36.894661583381584,-49.89485373001371,75.99410943800079
-55.266335515085096,-55.266335515085096,-38.75712663134936,-48.011330086754576,75.99410943800079
-60.52487041455937,-60.52487041455937,-32.02029045878394,-47.49246382908778,75.99410943800079
-64.61154986752969,-64.61154986752969,-42.76138198680152,-49.757912779874665,75.99410943800079
-49.3619973195659,-49.3619973195659,-41.39832120646655,-50.65548778831478,75.99410943800079
-57.391127445380214,-57.391127445380214,-41.41842301127074,-50.52180263199096,75.99410943800079
-62.48610125186091,-62.48610125186091,-34.00390531689209,-51.827599990691375,75.99410943800079
-59.20058237241474,-59.20058237241474,-41.78053607959113,-53.77265805055667,75.99410943800079
-59.95816038576511,-59.95816038576511,-42.11983412394156,-52.10122098559058,75.99410943800079
-65.98610411886273,-65.98610411886273,-43.02850726364347,-51.0342331388582,75.99410943800079
-62.96350975547342,-62.96350975547342,-42.996201679109824,-52.150412576873926,75.99410943800079
-64.53148246441236,-64.53148246441236,-42.910839367397585,-52.674405073439374,75.99410943800079
-56.54785533754222,-56.54785533754222,-50.61390053608375,-52.87493715160645,75.99410943800079
-63.32790538200149,-63.32790538200149,-46.157911360828834,-53.02441563762733,75.99410943800079
-62.29810918088699,-62.29810918088699,-49.282148823692765,-51.916737530795345,75.99410943800079
-60.958195815961034,-60.958195815961034,-44.477155793125775,-52.26949929108915,75.99410943800079
-53.961907218108024,-53.961907218108024,-54.11894332079693,-54.566703697584856,75.99410943800079
-42.87375411918503,-42.87375411918503,-53.32744595723835,-55.05100704485066,75.99410943800079
-63.164848470229884,-63.164848470229884,-63.00884887024159,-54.51112972878039,75.99410943800079
-63.889712976495794,-63.889712976495794,-67.59826151778145,-54.35651489851674,75.99410943800079
-59.08347665633687,-59.08347665633687,-64.28730341406472,-52.88184637546388,75.99410943800079
-64.18654616419275,-64.18654616419275,-66.77555376453242,-52.680705626018224,75.99410943800079
-59.784152356483474,-59.784152356483474,-61.23547304421835,-52.24278466678587,75.99410943800079
-64.9347223370811,-64.9347223370811,-67.22262637729366,-52.553390418865426,75.99410943800079
-59.8904150948564,-59.8904150948564,-71.71904795906926,-53.810722620386485,75.99410943800079
-51.500600930660184,-51.500600930660184,-69.54753730620487,-54.15091389606663,75.99410943800079
-62.8358052480029,-62.8358052480029,-64.76471713595394,-53.881368500495824,75.99410943800079
-56.80818541763665,-56.80818541763665,-64.39097942232273,-52.008711231230166,75.99410943800079
-68.99492356071559,-68.99492356071559,-57.7533292037965,-50.452991285739564,75.99410943800079
-62.77313287369417,-62.77313287369417,-48.9797863067506,-51.688671503331435,75.99410943800079
-54.07754009522612,-54.07754009522612,-52.90976134280952,-54.10479396732014,75.99410943800079
-67.17862110109465,-67.17862110109465,-50.06837381690663,-52.84292291848747,75.99410943800079
-59.03529659663965,-59.03529659663965,-49.45476325857835,-53.12442655180874,75.99410943800079
-58.340582544575035,-58.340582544575035,-40.51445424059454,-53.25655935915613,75.99410943800079
-60.176089385879976,-60.176089385879976,-34.79756700723074,-52.42151874185774,75.99410943800079
-57.58744798675503,-57.58744798675503,-43.784102902698365,-52.21093872507871,75.99410943800079
-64.89483782233569,-64.89483782233569,-42.01344686439962,-52.03083353612452,75.99410943800079
-68.07823511397375,-68.07823511397375,-37.42117838291976,-49.93103784316743,75.99410943800079
-62.948991592798414,-62.948991592798414,-43.27619496337229,-50.407179440693305,75.99410943800079
-70.69848615798105,-70.69848615798105,-44.279259683151174,-49.09604269657558,75.99410943800079
-59.96281638384084,-59.96281638384084,-42.20908469243826,-47.8594025423608,75.99410943800079
-57.84821211722019,-57.84821211722019,-43.18072896465035,-48.33852450896727,75.99410943800079
-61.593085048333144,-61.593085048333144,-47.0600822449249,-48.076901908517854,75.99410943800079
-54.46069648802398,-54.46069648802398,-48.14522156191093,-48.960319105485894,75.99410943800079
-72.03663623746316,-72.03663623746316,-44.05002470127181,-48.24942193954623,75.99410943800079
-55.10387044566253,-55.10387044566253,-31.854361338798395,-46.21631607041962,75.99410943800079
-61.29386807936676,-61.29386807936676,-33.232988599487214,-45.62680024750596,75.99410943800079
-64.34117272022905,-64.34117272022905,-33.45717367024131,-46.07546270246266,75.99410943800079
-53.8855200808559,-53.8855200808559,-29.427544973453415,-47.11715042696107,75.99410943800079
-58.23755315165779,-58.23755315165779,-36.08665353808973,-47.99449366188328,75.99410943800079
-63.29921848390084,-63.29921848390084,-41.4481478512163,-48.77009979592772,75.99410943800079
-65.01950310301426,-65.01950310301426,-37.072757329555515,-48.00165064860849,75.99410943800079
-58.32474044087261,-58.32474044087261,-42.86962291875714,-50.24676840051248,75.99410943800079
-58.38295693480348,-58.38295693480348,-38.06745115033125,-48.02153293819184,75.99410943800079
-58.4236205254244,-58.4236205254244,-42.5232306745959,-48.47440383317209,75.99410943800079
-63.59121587490245,-63.59121587490245,-51.73993646413692,-48.28061876099287,75.99410943800079
-72.87690556497324,-72.87690556497324,-52.37262591317303,-49.30054436676215,75.99410943800079
-65.71851133362372,-65.71851133362372,-65.35615364984771,-50.79058621651397,75.99410943800079
-63.818666575945166,-63.818666575945166,-59.80686987339548,-50.65455757685185,75.99410943800079
-61.936489817279764,-61.936489817279764,-52.947226635451685,-49.978237536244926,75.99410943800079
-62.524245356776945,-62.524245356776945,-46.55084209366767,-49.48102787883929,75.99410943800079
-57.643452280625,-57.643452280625,-57.285830322211424,-50.87664883957126,75.99410943800079
-58.92386676183161,-58.92386676183161,-45.009194342602626,-49.125827161816275,75.99410943800079
-53.81154475687887,-53.81154475687887,-49.369897001818025,-48.66393006638968,75.99410943800079
-68.35411497991335,-68.35411497991335,-50.977271898516676,-48.813428448136875,75.99410943800079
-67.09438510131899,-67.09438510131899,-45.13475624700515,-48.41213885176874,75.99410943800079
-60.085151617440395,-60.085151617440395,-49.94942567279827,-48.46664083716242,75.99410943800079
-63.59792955535606,-63.59792955535606,-46.179326376326124,-49.36096230033153,75.99410943800079
-65.99987788028595,-65.99987788028595,-52.00094829982555,-48.452977462768644,75.99410943800079
-60.697899281594324,-60.697899281594324,-49.84930611411831,-46.428446455512294,75.99410943800079
-58.20391244877171,-58.20391244877171,-62.66377325809892,-49.15632184764613,75.99410943800079
-59.784176812871,-59.784176812871,-57.53533666786883,-49.028605420238556,75.99410943800079
-58.95925206859266,-58.95925206859266,-53.7805579074403,-47.634844134460664,75.99410943800079
-70.43810420159802,-70.43810420159802,-57.66242229702739,-46.751889250336426,75.99410943800079
-66.54221482597,-66.54221482597,-62.870230478768654,-47.04366495207675,75.99410943800079
-56.93011996493436,-56.93011996493436,-63.73437833775478,-47.24950705807871,75.99410943800079
-58.98083814279909,-58.98083814279909,-62.22189112671664,-47.95807563531496,75.99410943800079
-69.00604218660382,-69.00604218660382,-60.384720091721775,-48.55971043421134,75.99410943800079
-64.38773997545833,-64.38773997545833,-51.065255603318064,-47.11536274267296,75.99410943800079
-64.11455363449667,-64.11455363449667,-56.67971987587416,-47.968433169337004,75.99410943800079
-63.18114559452427,-63.18114559452427,-45.886079362856364,-47.751585451655494,75.99410943800079
-65.49810842531811,-65.49810842531811,-37.76903853541117,-46.568738363939445,75.99410943800079
-61.060551922251555,-61.060551922251555,-43.54233757322042,-46.45235899738908,75.99410943800079
-60.87197691647755,-60.87197691647755,-43.639699718981454,-47.376938346013816,75.99410943800079
-65.11514713854183,-65.11514713854183,-36.785223167600506,-47.44119618415071,75.99410943800079
-60.75880511259786,-60.75880511259786,-38.6993781020356,-46.23256209794617,75.99410943800079
-66.01282583905906,-66.01282583905906,-29.92210040709039,-45.539806343853115,75.99410943800079
-66.20346564327708,-66.20346564327708,-28.341310134126104,-46.743736784452615,75.99410943800079
-62.616470009568275,-62.616470009568275,-50.10391929826771,-48.48090760965204,75.99410943800079
-64.45070424445292,-64.45070424445292,-52.988666703054676,-49.71031457331771,75.99410943800079
-62.40625845777966,-62.40625845777966,-50.54548421918525,-49.4188653570049,75.99410943800079
-60.470810121341536,-60.470810121341536,-58.374526830655086,-49.60749793714041,75.99410943800079
-54.41452333140829,-54.41452333140829,-53.034224773321014,-47.647187503068295,75.99410943800079
-55.21064178060543,-55.21064178060543,-54.546816348247965,-48.65725730328121,75.99410943800079
-53.881376714367896,-53.881376714367896,-52.92673857914057,-49.21653895972446,75.99410943800079
-58.57509899645788,-58.57509899645788,-53.0454665732698,-50.470783144840446,75.99410943800079
-64.6787657662674,-64.6787657662674,-62.183488814324996,-51.32990638682066,75.99410943800079
-67.842351452641,-67.842351452641,-58.20704686388551,-51.69371142318144,75.99410943800079
-67.73300436784525,-67.73300436784525,-53.56746313763117,-53.3088912424876,75.99410943800079
-65.84397316832002,-65.84397316832002,-52.66074851693065,-53.025133569085895,75.99410943800079
-60.75580583249329,-60.75580583249329,-61.69561733604083,-53.46835925396981,75.99410943800079
-60.05000086353864,-60.05000086353864,-60.05785152703373,-54.20451677663605,75.99410943800079
-63.10772955464813,-63.10772955464813,-66.71380347345382,-52.416023614007635,75.99410943800079
-63.35215856049362,-63.35215856049362,-67.9112140423372,-54.626009881682414,75.99410943800079
-58.588416929079294,-58.588416929079294,-77.38289555667872,-56.188471936141035,75.99410943800079
-55.529244179304484,-55.529244179304484,-77.84074060064653,-55.69094397214237,75.99410943800079
-50.04759116047802,-50.04759116047802,-72.58089612176394,-55.37156042853885,75.99410943800079
-58.35892121507979,-58.35892121507979,-75.29784181117078,-53.68204905544606,75.99410943800079
-62.50031780521656,-62.50031780521656,-72.9766011484866,-55.94283749750581,75.99410943800079
-61.94108400874611,-61.94108400874611,-73.1549210349465,-57.06667244898485,75.99410943800079
-56.59892846488106,-56.59892846488106,-67.77158860036202,-57.71250855530868,75.99410943800079
-65.0909806402597,-65.0909806402597,-73.97189259161699,-57.54172923051717,75.99410943800079
-62.89938886363669,-62.89938886363669,-74.42433846236855,-58.29905243796082,75.99410943800079
-64.88116129029532,-64.88116129029532,-68.83543172218427,-58.51911682575565,75.99410943800079
-65.56771681365382,-65.56771681365382,-60.1067465877613,-58.01436687398995,75.99410943800079
-66.25321736766966,-66.25321736766966,-69.8444221447922,-60.63287715169977,75.99410943800079
-53.05186730393971,-53.05186730393971,-69.31099573503555,-59.24387444098631,75.99410943800079
-67.82988422765344,-67.82988422765344,-68.91667258320535,-58.2295182968219,75.99410943800079
-62.60244133941517,-62.60244133941517,-70.46072638398891,-59.63479311433848,75.99410943800079
-63.317852859087644,-63.317852859087644,-68.77210365016053,-60.851231956193296,75.99410943800079
-60.04228440130457,-60.04228440130457,-70.68860726525904,-59.317475356740694,75.99410943800079
-64.13783492285934,-64.13783492285934,-72.15076240857738,-60.464814378658865,75.99410943800079
-68.33096771087317,-68.33096771087317,-70.162549338415,-61.57545072415577,75.99410943800079
-66.83473517979517,-66.83473517979517,-71.04070299256716,-61.1947729648636,75.99410943800079
-57.00052919045688,-57.00052919045688,-73.08345781408661,-60.05701234105354,75.99410943800079
-63.703730525110984,-63.703730525110984,-67.76860236054719,-61.43972195625826,75.99410943800079
-70.99205501995647,-70.99205501995647,-76.31466003944738,-62.062428223532464,75.99410943800079
-58.648814922486046,-58.648814922486046,-78.00153292427014,-61.75288086333157,75.99410943800079
-58.31460514613529,-58.31460514613529,-64.23784034596159,-62.26931006286719,75.99410943800079
-55.39304829335472,-55.39304829335472,-67.35612598560833,-62.98651317814014,75.99410943800079
-58.475361138983345,-58.475361138983345,-67.74372944421324,-63.68900537301209,75.99410943800079
-61.04045980757928,-61.04045980757928,-59.66240196747192,-64.84348706507102,75.99410943800079
-56.27354623993185,-56.27354623993185,-57.44283659301085,-64.35555052811385,75.99410943800079
-58.226596414441175,-58.226596414441175,-49.435109758039395,-62.35385497267521,75.99410943800079
-57.684893651414356,-57.684893651414356,-49.50213920959048,-62.600395549451534,75.99410943800079
-65.30735783979787,-65.30735783979787,-47.65776948771371,-63.23140023339388,75.99410943800079
-61.98596472540855,-61.98596472540855,-36.894310518775235,-63.456870245869425,75.99410943800079
-59.021607387826734,-59.021607387826734,-34.50415723704421,-62.9854502839152,75.99410943800079
-66.78767862847258,-66.78767862847258,-39.645901506907684,-60.17770650459519,75.99410943800079
-65.63043757270697,-65.63043757270697,-41.65880282378612,-60.720540402286424,75.99410943800079
-65.73293195298724,-65.73293195298724,-43.49762644166293,-62.27943381750761,75.99410943800079
-62.11636017274512,-62.11636017274512,-50.84681514784688,-63.337944728509385,75.99410943800079
-55.606448558870305,-55.606448558870305,-53.839215742314465,-64.51654872191254,75.99410943800079
-57.82565147974461,-57.82565147974461,-57.15484830433546,-62.87546136389269,75.99410943800079
-55.40013396288425,-55.40013396288425,-55.0695572015018,-63.02895927392378,75.99410943800079
-65.81688343750645,-65.81688343750645,-52.67926877977569,-63.15816067469506,75.99410943800079
-64.98349237673548,-64.98349237673548,-49.90329841562094,-61.0008321661286,75.99410943800079
-67.11943375098438,-67.11943375098438,-53.44330850490038,-62.032702612118165,75.99410943800079
-66.00850449556734,-66.00850449556734,-53.28265452847633,-60.12074478276422,75.99410943800079
-69.71488189937469,-69.71488189937469,-50.00076554133237,-60.18854380716678,75.99410943800079
-60.19754097260544,-60.19754097260544,-51.623836957745766,-60.2650777418486,75.99410943800079
-61.734188459853804,-61.734188459853804,-54.613346639673054,-62.24904375103724,75.99410943800079
-72.2855819890003,-72.2855819890003,-60.33693860593339,-63.24117574840846,75.99410943800079
-63.62890800570787,-63.62890800570787,-61.12929020985456,-61.51907659739617,75.99410943800079
-64.59554156458566,-64.59554156458566,-65.33586373474232,-60.61955290953651,75.99410943800079
-66.0203412716351,-66.0203412716351,-66.87701138107101,-60.96541483077995,75.99410943800079
-59.24064585535875,-59.24064585535875,-76.4042713688034,-61.7655072155365,75.99410943800079
-62.742782770484375,-62.742782770484375,-69.17476505804343,-60.8080872614927,75.99410943800079
-62.761191489612365,-62.761191489612365,-68.86132949151394,-59.29769045136968,75.99410943800079
-64.63879903645642,-64.63879903645642,-69.00968242894226,-59.35949608596592,75.99410943800079
-66.35216251179011,-66.35216251179011,-65.93152576190334,-59.89706517415687,75.99410943800079
-62.66791660334134,-62.66791660334134,-56.89382550836795,-58.83343033438744,75.99410943800079
-72.3371035797847,-72.3371035797847,-53.65378297525351,-59.08706465098544,75.99410943800079
-60.33434717997262,-60.33434717997262,-59.351958102314974,-59.62238187342231,75.99410943800079
-61.42145563400212,-61.42145563400212,-56.946997878503126,-59.98760316768487,75.99410943800079
-55.96169438091593,-55.96169438091593,-53.607178667251716,-57.717966135271865,75.99410943800079
-58.25980690183182,-58.25980690183182,-45.8645850241457,-57.076225073358536,75.99410943800079
-60.90939084047705,-60.90939084047705,-49.30027257018598,-56.88480725888882,75.99410943800079
-70.8198328894535,-70.8198328894535,-45.18255822172037,-54.242056818915984,75.99410943800079
-58.91527523226483,-58.91527523226483,-45.07049859458071,-54.619175074849956,75.99410943800079
-62.78164536759732,-62.78164536759732,-45.39345993101087,-54.83803570730724,75.99410943800079
-61.673004393943685,-61.673004393943685,-48.408916049355284,-54.085061062543026,75.99410943800079
-58.353652808848736,-58.353652808848736,-47.361232195993516,-54.526801222501156,75.99410943800079
-66.68113544474237,-66.68113544474237,-43.92855460536202,-54.19995219598129,75.99410943800079
-59.11246609399967,-59.11246609399967,-44.48419338853735,-54.26775028257501,75.99410943800079
-58.394884606606574,-58.394884606606574,-40.80814131126682,-52.32587392541578,75.99410943800079
-56.8226206661242,-56.8226206661242,-47.60851854191169,-51.33499677385139,75.99410943800079
-62.21205748055938,-62.21205748055938,-50.77946605809012,-51.44039388565283,75.99410943800079
-57.096402039356605,-57.096402039356605,-57.72642592644246,-52.939773935012155,75.99410943800079
-61.38919083376812,-61.38919083376812,-67.1032760073883,-54.56860507920595,75.99410943800079
-60.738081479253566,-60.738081479253566,-67.42111605320682,-54.77351302910595,75.99410943800079
-65.11381986245951,-65.11381986245951,-72.46225944025636,-56.6450325570999,75.99410943800079
-65.5226037618157,-65.5226037618157,-71.5154858824698,-57.34133108039294,75.99410943800079
-61.971272747177345,-61.971272747177345,-73.39644389881256,-58.99221902413592,75.99410943800079
-64.76117106850265,-64.76117106850265,-71.51583293148812,-58.670489026954534,75.99410943800079
-60.03137851380061,-60.03137851380061,-71.96276995598865,-57.18687401907077,75.99410943800079
-59.48035902573487,-59.48035902573487,-70.63870275056347,-58.08387522020904,75.99410943800079
-60.37751945120788,-60.37751945120788,-67.81014512802379,-58.10159146384874,75.99410943800079
-62.45212009910611,-62.45212009910611,-66.36198087247861,-58.28298980812635,75.99410943800079
-66.52496899470911,-66.52496899470911,-58.51638367796712,-57.940121250042154,75.99410943800079
-65.51810050436234,-65.51810050436234,-54.49198071802094,-56.97238388437754,75.99410943800079
-61.894771129780445,-61.894771129780445,-57.452737778860794,-57.96621708330269,75.99410943800079
-66.66521324822813,-66.66521324822813,-56.51712935579442,-57.87691380308894,75.99410943800079
-71.26735106224008,-71.26735106224008,-51.35552987698393,-57.832355338665614,75.99410943800079
-67.80283037037617,-67.80283037037617,-50.421747811060605,-57.740927148866305,75.99410943800079
-69.94515380132692,-69.94515380132692,-49.27012702875973,-56.50504566886758,75.99410943800079
-70.88874251493087,-70.88874251493087,-50.55322559643409,-58.21386065637167,75.99410943800079
-67.51700322681394,-67.51700322681394,-56.42870653010389,-58.698671068889446,75.99410943800079
-63.45509447018951,-63.45509447018951,-60.89772002084942,-59.80600290660095,75.99410943800079
-59.11549111266475,-59.11549111266475,-59.071163026428486,-59.75420074706137,75.99410943800079
-63.64734642962683,-63.64734642962683,-60.071222242336965,-58.66186094129579,75.99410943800079
-68.07188672725714,-68.07188672725714,-49.42405942702687,-56.92835964077345,75.99410943800079
-61.50552684296823,-61.50552684296823,-53.338479802217215,-56.47722204234569,75.99410943800079
-66.11889851017361,-66.11889851017361,-57.569350597161225,-57.12036741612694,75.99410943800079
-68.32614677264455,-68.32614677264455,-63.1498722435583,-57.3037288506295,75.99410943800079
-59.98880018028034,-59.98880018028034,-61.46640218630638,-55.42292382991467,75.99410943800079
-60.55333439771541,-60.55333439771541,-61.26668440711801,-55.1863432640346,75.99410943800079
-60.370651925734336,-60.370651925734336,-57.18569343764818,-56.300856744810396,75.99410943800079
-61.61103766672608,-61.61103766672608,-52.443198981500416,-56.522376804598274,75.99410943800079
-70.21711947930285,-70.21711947930285,-55.086503856664805,-56.9695650326059,75.99410943800079
-75.6305653732233,-75.6305653732233,-56.648042583269856,-56.80516430556909,75.99410943800079
-71.48264909105387,-71.48264909105387,-59.34353001954853,-57.41830054300957,75.99410943800079
-74.53170975546523,-74.53170975546523,-58.98028336288246,-57.54252211987149,75.99410943800079
-65.48961058483006,-65.48961058483006,-57.7383776649044,-56.79765132864483,75.99410943800079
-67.7575852183495,-67.7575852183495,-53.088024155437346,-56.531934106016344,75.99410943800079
-67.6351771295566,-67.6351771295566,-59.245075559717705,-56.55050320840785,75.99410943800079
-69.91204063457799,-69.91204063457799,-60.62423674837491,-58.138273608880425,75.99410943800079
-67.21017771949857,-67.21017771949857,-61.167045655477054,-58.67421136186861,75.99410943800079
-60.92811762037627,-60.92811762037627,-60.58168462682041,-59.60220208561827,75.99410943800079
-62.85467243226013,-62.85467243226013,-57.12213351951654,-59.379892017593065,75.99410943800079
-73.42118604516637,-73.42118604516637,-56.45401320741689,-59.0172749608503,75.99410943800079
-67.45318285664037,-67.45318285664037,-52.58843369197543,-58.25420407153359,75.99410943800079
-67.75242472025455,-67.75242472025455,-51.128484583288966,-58.295972597330575,75.99410943800079
-71.11618298903582,-71.11618298903582,-54.04343115781703,-58.82062663913584,75.99410943800079
-65.03420505318091,-65.03420505318091,-60.54162656275851,-59.743420740860564,75.99410943800079
-64.47071378493574,-64.47071378493574,-68.09412636331508,-62.0077002188175,75.99410943800079
-63.11749258305407,-63.11749258305407,-67.06676611798657,-62.02992312409541,75.99410943800079
-54.89191763201087,-54.89191763201087,-69.1915489549765,-62.356627941245875,75.99410943800079
-60.166228284854334,-60.166228284854334,-76.12492707942104,-63.28190231621398,75.99410943800079
-58.18610481695334,-58.18610481695334,-76.50825618112087,-61.26088805233956,75.99410943800079
-58.6461745261488,-58.6461745261488,-74.90548885022996,-60.51414952025493,75.99410943800079
-61.9424271764756,-61.9424271764756,-83.51808473333128,-60.46536913014858,75.99410943800079
-65.91092589328882,-65.91092589328882,-83.8211233686035,-60.757100094557316,75.99410943800079
-71.76587814475428,-71.76587814475428,-81.20944221178085,-60.38322630172948,75.99410943800079
-74.62885265860123,-74.62885265860123,-78.4332173351177,-61.12689762158649,75.99410943800079
-75.70566886806658,-75.70566886806658,-82.93025697982792,-64.20119762358536,75.99410943800079
-61.71391937808982,-61.71391937808982,-78.97084340013873,-63.696351254010466,75.99410943800079
-72.54301372005742,-72.54301372005742,-77.44240798669207,-64.28308051297954,75.99410943800079
-65.65085081533037,-65.65085081533037,-70.85092553150731,-64.17969124801972,75.99410943800079
-61.71609174102181,-61.71609174102181,-72.2072663843884,-63.999064593623814,75.99410943800079
-60.72097647661875,-60.72097647661875,-71.75170155703647,-63.966093688058024,75.99410943800079
-60.94210470488776,-60.94210470488776,-69.10228220714438,-62.79527801580529,75.99410943800079
-64.16114781518309,-64.16114781518309,-71.55261240556459,-63.76419670451134,75.99410943800079
-76.50057916951158,-76.50057916951158,-73.81621308388023,-64.87536294310875,75.99410943800079
-60.48048302337425,-60.48048302337425,-73.24051190872494,-65.69065044111936,75.99410943800079
-66.04566843097864,-66.04566843097864,-73.28797053715674,-69.00476632526477,75.99410943800079
-75.82598728156105,-75.82598728156105,-74.38020593972038,-68.46174732266775,75.99410943800079
-63.54960572041519,-63.54960572041519,-73.22269447171132,-67.64187810130103,75.99410943800079
-61.19632165589513,-61.19632165589513,-78.20857706025993,-67.64186265590182,75.99410943800079
-64.1724311315157,-64.1724311315157,-76.23983027038085,-67.43279804241429,75.99410943800079
-64.3405402822368,-64.3405402822368,-77.95037586028619,-67.54192441164788,75.99410943800079
-67.662688792815,-67.662688792815,-85.91720466897564,-70.09390706419505,75.99410943800079
-55.73049810440385,-55.73049810440385,-82.18042817666591,-69.5325863794011,75.99410943800079
-66.32225805446195,-66.32225805446195,-78.64218678955851,-69.0899301815882,75.99410943800079
-55.967000153787424,-55.967000153787424,-86.50761809597473,-70.36219961160263,75.99410943800079
-77.75664556092528,-77.75664556092528,-79.37417238855542,-72.58632036571457,75.99410943800079
-65.3346805051857,-65.3346805051857,-80.0812836566267,-72.22466717256945,75.99410943800079
-61.78625509136031,-61.78625509136031,-79.25773287681137,-72.05628598913367,75.99410943800079
-60.76080363520677,-60.76080363520677,-79.3099855951801,-73.01521997863776,75.99410943800079
-58.310534423770996,-58.310534423770996,-80.6561740190983,-72.54673207490099,75.99410943800079
-61.279170668408824,-61.279170668408824,-79.8688474470442,-72.18608538440273,75.99410943800079
-69.96473305681579,-69.96473305681579,-69.43573435383848,-72.11234793105305,75.99410943800079
-58.55348600465281,-58.55348600465281,-65.80887187865237,-70.89830408255507,75.99410943800079
-63.69542808885833,-63.69542808885833,-66.92518112829137,-70.92729087426561,75.99410943800079
-59.6716522417511,-59.6716522417511,-54.55215114317683,-70.65502500915056,75.99410943800079
-62.895234562882685,-62.895234562882685,-49.19094942564054,-70.57549513889916,75.99410943800079
-67.6103695995368,-67.6103695995368,-45.12410171056522,-69.12464016500752,75.99410943800079
-59.773519643683294,-59.773519643683294,-43.38887130438878,-68.50065111891601,75.99410943800079
-64.22911526506945,-64.22911526506945,-40.41763773068855,-68.98241059941138,75.99410943800079
-70.67233472765818,-70.67233472765818,-38.8180782830699,-68.88592102761166,75.99410943800079
-72.899684775768,-72.899684775768,-32.95432038048027,-67.48614681901542,75.99410943800079
-79.4367863282027,-79.4367863282027,-26.70243422930208,-66.93514803851838,75.99410943800079
-64.67424240487878,-64.67424240487878,-29.92248285865071,-66.65710373762741,75.99410943800079
-71.10489051192495,-71.10489051192495,-28.914701655823364,-65.90154497386686,75.99410943800079
-61.576603877823054,-61.576603877823054,-30.0386763932078,-64.55443497524041,75.99410943800079
-60.06071344454612,-60.06071344454612,-35.674289329095274,-64.09152773205517,75.99410943800079
-70.5362831279977,-70.5362831279977,-39.816706623423485,-63.6746282660949,75.99410943800079
-71.15048660401185,-71.15048660401185,-45.04735463320861,-63.67181225456244,75.99410943800079
-63.985160632147945,-63.985160632147945,-48.259126732182,-63.40925052996357,75.99410943800079
-77.97199928023787,-77.97199928023787,-46.848544015247754,-62.95397859443704,75.99410943800079
-59.96177144833145,-59.96177144833145,-53.48141269436714,-63.201331587842844,75.99410943800079
-64.13385404614782,-64.13385404614782,-57.714196716676,-61.77437043518733,75.99410943800079
-66.14262643524903,-66.14262643524903,-59.011549124604855,-61.695188888827694,75.99410943800079
-61.82571803988741,-61.82571803988741,-63.075767764152545,-62.2748100843412,75.99410943800079
-70.77536577111925,-70.77536577111925,-61.05574821677063,-61.07894115157099,75.99410943800079
-74.8906128537034,-74.8906128537034,-57.582553747411325,-59.02198708557187,75.99410943800079
-74.37099965872632,-74.37099965872632,-51.91688516462862,-58.26383661899288,75.99410943800079
-68.48876589059483,-68.48876589059483,-51.224098815510345,-58.42815042032609,75.99410943800079
-63.61156307037799,-63.61156307037799,-46.459991915214154,-58.53106380670495,75.99410943800079
-67.35219233918788,-67.35219233918788,-45.47809293888956,-57.608143905337286,75.99410943800079
-62.71935888315067,-62.71935888315067,-48.14212202393624,-58.47941568122281,75.99410943800079
-75.8519683578585,-75.8519683578585,-49.527930206866486,-57.85950003513175,75.99410943800079
-70.37708186471774,-70.37708186471774,-52.32794513801853,-57.85025543531849,75.99410943800079
-67.25617599320869,-67.25617599320869,-51.737681761726456,-57.859103819910445,75.99410943800079
-70.63082299630048,-70.63082299630048,-53.44335070239347,-57.119508910304695,75.99410943800079
-71.22612220773301,-71.22612220773301,-53.42647945741489,-55.049688869623495,75.99410943800079
-68.41691130490476,-68.41691130490476,-61.15096344149731,-55.61798811934827,75.99410943800079
-67.91840352004607,-67.91840352004607,-64.46011809236211,-56.675635144456244,75.99410943800079
-73.93399494263087,-73.93399494263087,-69.43127925845619,-56.775604246344194,75.99410943800079
-75.59513610595972,-75.59513610595972,-75.3235958181996,-57.42489701490103,75.99410943800079
-72.11611370356248,-72.11611370356248,-75.79975383207736,-58.049291275581034,75.99410943800079
-64.35920700332383,-64.35920700332383,-76.62645845852077,-56.00135079304077,75.99410943800079
-70.97211250716134,-70.97211250716134,-76.68500415065736,-56.75117063011677,75.99410943800079
-66.82307006580531,-66.82307006580531,-79.51929121856685,-58.03452470571212,75.99410943800079
-68.82259358619062,-68.82259358619062,-87.12547430304286,-57.24308015171833,75.99410943800079
-64.44336335185284,-64.44336335185284,-97.91502224583692,-58.757858841079795,75.99410943800079
-78.13459180861622,-78.13459180861622,-94.9416374896035,-58.59005888594363,75.99410943800079
-58.94774810355694,-58.94774810355694,-90.53460584776482,-58.931009738646935,75.99410943800079
-65.38731993761223,-65.38731993761223,-80.54422876036514,-57.0224528793812,75.99410943800079
-65.5201070294751,-65.5201070294751,-82.44170802711719,-57.782003816504805,75.99410943800079
-66.60270157168542,-66.60270157168542,-79.30034350483814,-57.93559048713983,75.99410943800079
-73.21096499592309,-73.21096499592309,-76.50244249155124,-57.414692420583314,75.99410943800079
-66.32322763233228,-66.32322763233228,-75.5923453838803,-58.707865331162346,75.99410943800079
-61.06206720185448,-61.06206720185448,-77.00666623098243,-60.05082172625033,75.99410943800079
-62.100918614191414,-62.100918614191414,-73.25156428987543,-60.982962781058035,75.99410943800079
-58.76480564795429,-58.76480564795429,-62.6624182453563,-61.45215260502294,75.99410943800079
-66.19741234052437,-66.19741234052437,-66.40327282468344,-62.84589310876727,75.99410943800079
-67.78688852744789,-67.78688852744789,-63.37847890595749,-62.92893125896067,75.99410943800079
-72.6555598271243,-72.6555598271243,-68.11325215885519,-62.56157576501453,75.99410943800079
-67.14070934608807,-67.14070934608807,-65.73537049296115,-63.16546225848306,75.99410943800079
-74.49384801090864,-74.49384801090864,-65.71614575679732,-64.48795556240323,75.99410943800079
-68.77897073154007,-68.77897073154007,-77.6598009853366,-67.60616577179022,75.99410943800079
-61.991121474200455,-61.991121474200455,-76.33965848341532,-67.99130045611528,75.99410943800079
-62.426450989055255,-62.426450989055255,-70.41898712202875,-68.35167881949141,75.99410943800079
-60.94002430130244,-60.94002430130244,-69.0430651268565,-68.78384052778777,75.99410943800079
-63.19965819651753,-63.19965819651753,-68.08554711648904,-67.9344041625017,75.99410943800079
-60.86551199971322,-60.86551199971322,-66.18994910046051,-68.12054160417469,75.99410943800079
-70.16671639826254,-70.16671639826254,-64.1555814705786,-66.75057662643468,75.99410943800079
-67.26087728152537,-67.26087728152537,-64.52419453031175,-65.8145893246405,75.99410943800079
-67.38532358881797,-67.38532358881797,-64.11171373237907,-66.61809620190932,75.99410943800079
-66.83287049486013,-66.83287049486013,-66.99122060291548,-67.18991714411291,75.99410943800079
-65.2635509068206,-65.2635509068206,-55.55513517307857,-67.17435346307074,75.99410943800079
-60.48348288355012,-60.48348288355012,-51.580071808733315,-66.50500499294098,75.99410943800079
-60.03920037064239,-60.03920037064239,-50.17678568284984,-65.77188240323086,75.99410943800079
-58.75342603827293,-58.75342603827293,-50.49126039995543,-66.67094296442475,75.99410943800079
-62.06250454386854,-62.06250454386854,-44.7527200314646,-65.36843741931234,75.99410943800079
-69.26182195148556,-69.26182195148556,-40.19001878596912,-65.77516832844279,75.99410943800079
-68.908321863872,-68.908321863872,-44.83105252638979,-65.47196736861056,75.99410943800079
-66.06819478331573,-66.06819478331573,-45.18344830048481,-65.55928060169462,75.99410943800079
-64.07262011728027,-64.07262011728027,-38.71995192935237,-65.26646800000188,75.99410943800079
-69.12213866811823,-69.12213866811823,-37.51902199475826,-65.06529713827732,75.99410943800079
-68.02906931083572,-68.02906931083572,-39.708433952150486,-65.21045421212753,75.99410943800079
-63.83595884877224,-63.83595884877224,-52.89969950635625,-66.6193558666085,75.99410943800079
-69.28604370813902,-69.28604370813902,-57.22734726905445,-66.86981550469646,75.99410943800079
-67.89694398960053,-67.89694398960053,-57.027324888774935,-67.38773780170104,75.99410943800079
-64.86223314469537,-64.86223314469537,-65.450493923682,-67.77324031256579,75.99410943800079
-62.772417496333546,-62.772417496333546,-80.63809265852124,-69.67259417184758,75.99410943800079
-68.07682605953185,-68.07682605953185,-90.59434768762635,-70.69881328766341,75.99410943800079
-66.05467457618148,-66.05467457618148,-91.71644935264331,-70.01631462053204,75.99410943800079
-69.65837720031479,-69.65837720031479,-96.10311881078235,-69.42237259851842,75.99410943800079
-60.33802293158309,-60.33802293158309,-94.61851629402135,-68.82904963066612,75.99410943800079
-60.46633742674089,-60.46633742674089,-92.3504558074551,-68.3552536819144,75.99410943800079
-63.88519572772523,-63.88519572772523,-83.7669495964986,-68.03574495577675,75.99410943800079
-65.10720869061026,-65.10720869061026,-92.62952469317982,-69.49186219961905,75.99410943800079
-60.74351127914121,-60.74351127914121,-105.26028539270207,-71.0147000196329,75.99410943800079
-64.86307533048978,-64.86307533048978,-99.11130631831253,-68.01249712706091,75.99410943800079
-62.508193858882706,-62.508193858882706,-89.32323300138256,-68.54891327420337,75.99410943800079
-67.84760513171742,-67.84760513171742,-89.99197629749627,-70.5902873776097,75.99410943800079
-60.49365184195832,-60.49365184195832,-101.54006061187539,-74.2154809908341,75.99410943800079
-65.13614576208762,-65.13614576208762,-103.70215527371036,-73.67446204783707,75.99410943800079
-66.44863540379635,-66.44863540379635,-114.10702686647338,-75.79038630299316,75.99410943800079
-70.74981090432783,-70.74981090432783,-115.46758860016917,-76.14828290363799,75.99410943800079
-65.78891807965012,-65.78891807965012,-127.06036129333081,-78.32934813766686,75.99410943800079
-65.94773102663802,-65.94773102663802,-116.85433458516218,-77.46139587045501,75.99410943800079
-65.4884193034291,-65.4884193034291,-117.3356035065082,-79.83150786295943,75.99410943800079
-63.59297548183659,-63.59297548183659,-122.48845232265558,-79.97770394252076,75.99410943800079
-65.44273152752571,-65.44273152752571,-131.05170407285357,-81.47859952383742,75.99410943800079
-70.38263626296246,-70.38263626296246,-119.7673870874482,-81.86806901390784,75.99410943800079
-58.54267258098292,-58.54267258098292,-105.86927556363291,-81.76668567178963,75.99410943800079
-60.61150993877947,-60.61150993877947,-99.3210794875923,-80.39160384676329,75.99410943800079
-66.96608718020487,-66.96608718020487,-83.83810096411216,-79.41477734445613,75.99410943800079
-60.89220959156926,-60.89220959156926,-82.41881896606303,-77.10008649978329,75.99410943800079
-60.89583886248667,-60.89583886248667,-75.1262147211622,-78.08665938521624,75.99410943800079
-60.88431472942886,-60.88431472942886,-78.89054206312593,-79.15570685867446,75.99410943800079
-60.80967134744102,-60.80967134744102,-68.58408187276986,-79.73971121214211,75.99410943800079
-68.05858762644938,-68.05858762644938,-63.742545419222424,-79.10910360306745,75.99410943800079
-64.90966000469246,-64.90966000469246,-52.74546474639878,-78.78970265302506,75.99410943800079
-64.64421668450981,-64.64421668450981,-54.00048876112919,-79.83705047201795,75.99410943800079
-60.92352400129185,-60.92352400129185,-58.12083639381975,-80.48601404449124,75.99410943800079
-65.36110527455105,-65.36110527455105,-71.119744763742,-81.79321005303588,75.99410943800079
-60.99509826999468,-60.99509826999468,-73.97770838471277,-80.81207490081559,75.99410943800079
-60.88081963444494,-60.88081963444494,-81.42859640679042,-82.27477874652564,75.99410943800079
-60.96956235648163,-60.96956235648163,-76.11937388611716,-82.99451980069301,75.99410943800079
-60.85029924022916,-60.85029924022916,-77.17811611475929,-84.55597294505634,75.99410943800079
-60.85517686652945,-60.85517686652945,-79.21414568834139,-85.4842882698193,75.99410943800079
-68.79470607088942,-68.79470607088942,-80.85687284691042,-86.32993416615658,75.99410943800079
-60.89583886248667,-60.89583886248667,-82.5884091071376,-87.26938071725874,75.99410943800079
-60.94367280294684,-60.94367280294684,-86.5327190520178,-88.17738377714355,75.99410943800079
-60.9111909355858,-60.9111909355858,-90.98733018752796,-89.64679042189987,75.99410943800079
-60.933378998732096,-60.933378998732096,-86.2253386617401,-91.29428739951344,75.99410943800079
-68.41731217761362,-68.41731217761362,-96.06858148332898,-92.52198679852974,75.99410943800079
-70.46576347991272,-70.46576347991272,-89.33322666957393,-92.19973729001035,75.99410943800079
-68.04708514192808,-68.04708514192808,-86.08476679123285,-89.63153325766832,75.99410943800079
-63.56461507135486,-63.56461507135486,-80.11452133368752,-89.13340775798295,75.99410943800079
-64.54775571155056,-64.54775571155056,-70.1254012176718,-88.10390353559866,75.99410943800079
-70.11642060608001,-70.11642060608001,-72.50708133552129,-87.74125164852445,75.99410943800079
-65.21726416960627,-65.21726416960627,-75.38904198333796,-86.21957058222209,75.99410943800079
-61.32299468875766,-61.32299468875766,-69.68303167580486,-83.99512057477926,75.99410943800079
-63.47099891050807,-63.47099891050807,-63.853646080836185,-84.07422976753844,75.99410943800079
-61.80620067500923,-61.80620067500923,-64.32358249092728,-84.93838013554242,75.99410943800079
-59.360300876694986,-59.360300876694986,-57.61387206673309,-85.12105795307208,75.99410943800079
-63.29011942526057,-63.29011942526057,-76.27516037669271,-88.98467820385784,75.99410943800079
-66.72428093472632,-66.72428093472632,-79.07057863864732,-88.69225906609807,75.99410943800079
-66.72428093472632,-66.72428093472632,-75.40938959905921,-85.68938073915882,75.99410943800079
-66.72428093472632,-66.72428093472632,-78.68032637106305,-82.78791173127087,75.99410943800079
-62.409761453878325,-62.409761453878325,-74.99774213827854,-82.91853881251765,75.99410943800079
-66.80785752292185,-66.80785752292185,-68.78281105172684,-82.11148619229094,75.99410943800079
-56.50964124438829,-56.50964124438829,-67.18239029357285,-79.43320337399459,75.99410943800079
-66.71149487068963,-66.71149487068963,-62.88012943379143,-76.34224353192165,75.99410943800079
-62.755707619568646,-62.755707619568646,-57.349885987894766,-75.6679262783793,75.99410943800079
-62.83465838139789,-62.83465838139789,-65.23044029201984,-75.34574063818137,75.99410943800079
-66.72428093472632,-66.72428093472632,-41.17647988094202,-74.12645646001242,75.99410943800079
-66.72428093472632,-66.72428093472632,-40.98694243029421,-71.47757529349073,75.99410943800079
-62.759784995671005,-62.759784995671005,-44.022213929929706,-71.12295660811233,75.99410943800079
-59.068905767062745,-59.068905767062745,-46.34295628986851,-68.58938228794291,75.99410943800079
-64.88010214954753,-64.88010214954753,-47.08335381867037,-67.8375191117206,75.99410943800079
-59.39752012841795,-59.39752012841795,-51.685552450522756,-66.23825586782479,75.99410943800079
-59.6856988996174,-59.6856988996174,-59.346448997223966,-67.34901575594975,75.99410943800079
-59.37133434074268,-59.37133434074268,-73.74641703261666,-69.91767182571839,75.99410943800079
-64.88548922879815,-64.88548922879815,-80.11068844514249,-71.82584806988933,75.99410943800079
-66.72428093472632,-66.72428093472632,-69.62495318894928,-72.5031110831488,75.99410943800079
-59.363538411092634,-59.363538411092634,-75.03372424381102,-72.64943751556203,75.99410943800079
-62.886406090370755,-62.886406090370755,-83.45777378336982,-73.14388710593227,75.99410943800079
-62.93842521477837,-62.93842521477837,-77.29235380868622,-70.80331895722439,75.99410943800079
-58.96292548010618,-58.96292548010618,-73.36271944774813,-69.54510980293858,75.99410943800079
-64.8531179275633,-64.8531179275633,-79.01349347031997,-70.89170872194012,75.99410943800079
-62.70377598597033,-62.70377598597033,-77.28734127335403,-71.14663117321584,75.99410943800079
-62.86932231421981,-62.86932231421981,-78.15989444518979,-72.18089689276187,75.99410943800079
-63.35941977133113,-63.35941977133113,-72.10547292845347,-72.71459913264513,75.99410943800079
-61.173750293179594,-61.173750293179594,-66.60195796300584,-70.92229070974209,75.99410943800079
-62.7942001993902,-62.7942001993902,-66.09652163791684,-70.9268737337896,75.99410943800079
-64.88265251300632,-64.88265251300632,-66.19171925428199,-69.60206208506034,75.99410943800079
-66.80785752292185,-66.80785752292185,-50.04611842179558,-67.92923601306796,75.99410943800079
-62.60186754525443,-62.60186754525443,-56.388357524122604,-66.64536723909706,75.99410943800079
-66.72428093472632,-66.72428093472632,-60.83362893233372,-65.86900645173704,75.99410943800079
-59.74624954463792,-59.74624954463792,-51.65872810271891,-65.05207977310181,75.99410943800079
-61.17368588273816,-61.17368588273816,-56.11536561688423,-65.85202247516517,75.99410943800079
-66.72428093472632,-66.72428093472632,-48.749502882274335,-64.62425365881317,75.99410943800079
-63.904195227968486,-63.904195227968486,-44.12781768572342,-63.34269663228422,75.99410943800079
-59.285322569374664,-59.285322569374664,-47.11969930344617,-63.10116283808331,75.99410943800079
-66.72428093472632,-66.72428093472632,-51.630366371092954,-62.039230711342405,75.99410943800079
-66.72428093472632,-66.72428093472632,-50.59976975133032,-61.8553707014116,75.99410943800079
-66.72428093472632,-66.72428093472632,-58.89353716052737,-62.49099008692686,75.99410943800079
-56.995841153610215,-56.995841153610215,-59.022608641151734,-62.42698470058989,75.99410943800079
-60.271999461110155,-60.271999461110155,-52.62893885838955,-62.3697139798806,75.99410943800079
-64.5658100604844,-64.5658100604844,-66.82710443178071,-63.9160843923537,75.99410943800079
-60.15425615719034,-60.15425615719034,-62.393916906009096,-63.2529974596994,75.99410943800079
-62.91811685073898,-62.91811685073898,-73.8916417500258,-65.46597567365735,75.99410943800079
-59.63253866228218,-59.63253866228218,-79.8530954277324,-66.54258650166348,75.99410943800079
-62.160656089728235,-62.160656089728235,-75.55412035122573,-65.347270410143,75.99410943800079
-64.86452474806808,-64.86452474806808,-74.88729120397299,-65.49391453879038,75.99410943800079
-63.636285620514,-63.636285620514,-81.36477882572814,-62.8732943912187,75.99410943800079
-61.153900006925205,-61.153900006925205,-83.00949891738743,-63.278774142674884,75.99410943800079
-63.15322576982399,-63.15322576982399,-84.27775391872738,-64.20065756452354,75.99410943800079
-60.29260727969523,-60.29260727969523,-90.02130397522669,-64.63790950071332,75.99410943800079
-58.013352399518034,-58.013352399518034,-81.87170230507715,-65.29087642571342,75.99410943800079
-61.55739860604157,-61.55739860604157,-81.52514153436108,-65.80146355622624,75.99410943800079
-62.92714336861331,-62.92714336861331,-66.86222070866464,-65.40194175667571,75.99410943800079
-71.72456946825183,-71.72456946825183,-58.89240057706267,-65.74504073031773,75.99410943800079
-72.57956701766396,-72.57956701766396,-58.585273486812206,-65.59434790992648,75.99410943800079
-71.34332423537433,-71.34332423537433,-58.181099180603084,-64.08404631650704,75.99410943800079
-63.32409940397494,-63.32409940397494,-48.3598913149288,-64.30997667801607,75.99410943800079
-68.21400326718354,-68.21400326718354,-48.643445867477155,-64.81007483011147,75.99410943800079
-67.16796624423597,-67.16796624423597,-51.22213444555234,-65.64064166764805,75.99410943800079
-68.16701260517665,-68.16701260517665,-48.17409658903822,-65.00413756054726,75.99410943800079
-66.25558076081178,-66.25558076081178,-49.99164676408286,-65.87253501479591,75.99410943800079
-68.18396008475483,-68.18396008475483,-48.34197696816774,-65.13274845975523,75.99410943800079
-70.9559995829793,-70.9559995829793,-50.99500552580616,-63.731653062392155,75.99410943800079
-68.48044170496546,-68.48044170496546,-52.47101685898898,-61.48996069559219,75.99410943800079
-71.28464695832,-71.28464695832,-54.083912700946975,-60.38899276108737,75.99410943800079
-63.80736593170719,-63.80736593170719,-55.18821275565112,-61.1966982298474,75.99410943800079
-68.86055754538397,-68.86055754538397,-57.675129088765615,-60.838257647006955,75.99410943800079
-61.77919551530721,-61.77919551530721,-56.542504904698774,-59.42702105437727,75.99410943800079
-68.75778024578935,-68.75778024578935,-49.82877403979677,-60.147925713870166,75.99410943800079
-60.21179754397047,-60.21179754397047,-58.01240393797118,-61.934074458591866,75.99410943800079
-66.34390465868657,-66.34390465868657,-61.46315923616792,-62.36246816796551,75.99410943800079
-63.9124941389976,-63.9124941389976,-61.40489659942718,-61.95625952496985,75.99410943800079
-61.59163851107328,-61.59163851107328,-73.12081815789074,-62.72383780493234,75.99410943800079
-62.95200227288182,-62.95200227288182,-70.56792607591878,-61.182451325085246,75.99410943800079
-67.91296268343153,-67.91296268343153,-72.30137532491491,-61.5288762334692,75.99410943800079
-71.15519695533656,-71.15519695533656,-69.51614781663599,-61.88062346559124,75.99410943800079
-71.4440290891718,-71.4440290891718,-70.7278627385912,-61.745486343868826,75.99410943800079
-67.91554418322538,-67.91554418322538,-70.31270924839741,-63.480339219697626,75.99410943800079
-61.618905048827685,-61.618905048827685,-72.80306559453919,-63.430867327953486,75.99410943800079
-73.77145812633337,-73.77145812633337,-78.69650424275005,-65.50664952067514,75.99410943800079
-68.2198392195278,-68.2198392195278,-70.09398872384664,-66.04952029219106,75.99410943800079
-66.1112253131107,-66.1112253131107,-73.31069788337521,-65.39532597826806,75.99410943800079
-66.62250468045943,-66.62250468045943,-60.25242097188057,-65.02442142285358,75.99410943800079
-66.28591503670056,-66.28591503670056,-70.38929316676331,-66.43474642129323,75.99410943800079
-65.24669157946852,-65.24669157946852,-66.83594435770408,-65.47212524432076,75.99410943800079
-65.70548820294377,-65.70548820294377,-66.45522569937967,-64.84559533124857,75.99410943800079
-67.27656424301074,-67.27656424301074,-66.37574568968091,-64.90068153153892,75.99410943800079
-67.23947459205841,-67.23947459205841,-64.57795728981132,-64.61722324555441,75.99410943800079
-69.6371795918469,-69.6371795918469,-64.17819331658083,-64.4619842630393,75.99410943800079
-68.23658632626902,-68.23658632626902,-52.77385276340183,-65.5356323016776,75.99410943800079
-62.602763527910966,-62.602763527910966,-52.36977415666058,-63.158054237167036,75.99410943800079
-75.40886540916107,-75.40886540916107,-49.42606015610075,-62.80175462828639,75.99410943800079
-72.03209466049044,-72.03209466049044,-47.64949875309143,-59.7759928234667,75.99410943800079
-65.96410650248647,-65.96410650248647,-38.34559223940475,-58.13324578362769,75.99410943800079
-71.91927790996642,-71.91927790996642,-43.80196564581395,-59.12169430323843,75.99410943800079
-63.677156157266126,-63.677156157266126,-43.27968741062081,-58.52407457257814,75.99410943800079
-70.7572883183522,-70.7572883183522,-42.583428052058245,-57.144411376804946,75.99410943800079
-71.83361723559976,-71.83361723559976,-39.70487846495242,-55.95629915506742,75.99410943800079
-68.46330602155193,-68.46330602155193,-39.85335193194904,-55.57710386568363,75.99410943800079
-69.28953186282702,-69.28953186282702,-44.639798344996265,-56.45933117563151,75.99410943800079
-70.48032926531144,-70.48032926531144,-46.3342228750905,-56.050558351169705,75.99410943800079
-66.89492463808202,-66.89492463808202,-50.120280560551315,-56.52078243352444,75.99410943800079
-66.40739532341408,-66.40739532341408,-57.37038492470261,-57.877625666674305,75.99410943800079
-65.76152868163133,-65.76152868163133,-57.90414942999827,-57.935595554214814,75.99410943800079
-69.85440196488811,-69.85440196488811,-57.28730997725398,-58.862101601326785,75.99410943800079
-69.10731282834084,-69.10731282834084,-59.339290993600684,-58.75571293517766,75.99410943800079
-73.47009874815362,-73.47009874815362,-63.112062549182625,-60.09484562365572,75.99410943800079
-68.19175463401024,-68.19175463401024,-67.0267919298825,-59.63296836754849,75.99410943800079
-68.51413812917026,-68.51413812917026,-67.97639823148829,-58.92795662287082,75.99410943800079
-71.09359305939063,-71.09359305939063,-68.17625129614967,-60.4597621170538,75.99410943800079
-67.12746294097818,-67.12746294097818,-68.16095429356261,-59.68441985706565,75.99410943800079
-75.24919676345411,-75.24919676345411,-63.14503688970437,-59.48139441783177,75.99410943800079
-72.47943157203613,-72.47943157203613,-61.199316807187856,-59.918487922950646,75.99410943800079
-67.11180349818719,-67.11180349818719,-61.21063629868204,-59.683519442153425,75.99410943800079
-71.90039988526308,-71.90039988526308,-59.738060814490254,-59.992931224035445,75.99410943800079
-68.03310870632431,-68.03310870632431,-58.22213335041008,-59.36249705412944,75.99410943800079
-68.182883310472,-68.182883310472,-57.698065423525534,-60.0994328906077,75.99410943800079
-67.00870618654838,-67.00870618654838,-62.38110875380221,-60.800689137369176,75.99410943800079
-66.64204439972863,-66.64204439972863,-60.66012611265514,-61.094227037442494,75.99410943800079
-73.00174456169438,-73.00174456169438,-54.180445660092644,-59.69337046147809,75.99410943800079
-68.66345215688744,-68.66345215688744,-60.86266168772522,-59.56432034737711,75.99410943800079
-62.88040590313017,-62.88040590313017,-67.25827747984776,-60.65207059391589,75.99410943800079
-67.59343834423696,-67.59343834423696,-69.0578308775756,-59.105890466887615,75.99410943800079
-74.88891902510035,-74.88891902510035,-70.81705995114979,-59.733346217199625,75.99410943800079
-67.3544993027315,-67.3544993027315,-71.00293111904811,-59.73324238286207,75.99410943800079
-72.05002817648328,-72.05002817648328,-78.52140080972796,-61.16354765274783,75.99410943800079
-73.16691983685098,-73.16691983685098,-81.66527324245206,-62.28691499137988,75.99410943800079
-69.07940025293082,-69.07940025293082,-76.15906603142957,-61.96996049397561,75.99410943800079
-75.39796567892955,-75.39796567892955,-80.46452049240561,-62.626518017015776,75.99410943800079
-67.66575927920545,-67.66575927920545,-80.8178117495805,-60.11763196284418,75.99410943800079
-59.1324575067945,-59.1324575067945,-75.03283139466824,-60.55208888154143,75.99410943800079
-69.01460314501675,-69.01460314501675,-73.23892074541041,-60.63771516632292,75.99410943800079
-72.22595255955838,-72.22595255955838,-71.52220523387457,-61.359847319286416,75.99410943800079
-74.13359626917786,-74.13359626917786,-70.54904410233307,-59.765296404313574,75.99410943800079
-76.66297445905926,-76.66297445905926,-68.14272331109927,-59.99459817354111,75.99410943800079
-74.21372274916405,-74.21372274916405,-57.45943868132408,-59.364390249136726,75.99410943800079
-76.52076811867614,-76.52076811867614,-49.5181151611634,-58.915388885676386,75.99410943800079
-69.9308213832693,-69.9308213832693,-49.09680746264423,-58.87373052854218,75.99410943800079
-67.5000817315224,-67.5000817315224,-47.15453486049677,-59.221786325798966,75.99410943800079
-66.18748631334681,-66.18748631334681,-54.20120835151613,-60.403103080467034,75.99410943800079
-63.98377243270005,-63.98377243270005,-52.75008647067714,-60.628151344344744,75.99410943800079
-70.08594556296032,-70.08594556296032,-52.448833989230444,-61.24226993294886,75.99410943800079
-72.06451219706561,-72.06451219706561,-49.36109194611054,-61.70216595789024,75.99410943800079
-72.80275223095113,-72.80275223095113,-49.77998324189779,-62.05217460481219,75.99410943800079
-67.98478850832875,-67.98478850832875,-56.282484282617304,-62.49070190090178,75.99410943800079
-72.73767186422614,-72.73767186422614,-63.941644835474655,-63.4967817341075,75.99410943800079
-71.85700277411485,-71.85700277411485,-62.65312268062253,-62.92932781138925,75.99410943800079
-77.82285719286956,-77.82285719286956,-62.5590474000782,-63.44456431556735,75.99410943800079
-74.50837228931582,-74.50837228931582,-66.52310710875608,-64.55573736116038,75.99410943800079
-71.66529252793944,-71.66529252793944,-67.72423701558637,-65.01999081458506,75.99410943800079
-64.93283864923272,-64.93283864923272,-72.49846010578224,-65.8609987904831,75.99410943800079
-63.45280834996362,-63.45280834996362,-69.34606092359425,-65.08742600555745,75.99410943800079
-70.28970725404318,-70.28970725404318,-70.38260279333922,-64.30460953161756,75.99410943800079
-59.0440896497511,-59.0440896497511,-72.2496441787244,-64.92127355455742,75.99410943800079
-57.38094047778025,-57.38094047778025,-66.80790710318887,-64.39482132608876,75.99410943800079
-61.54753042633434,-61.54753042633434,-59.73236452349736,-63.57539644008683,75.99410943800079
-69.52392084707547,-69.52392084707547,-60.19986412086422,-62.34688812572556,75.99410943800079
-67.55029354347072,-67.55029354347072,-60.85111858099962,-62.20942964579077,75.99410943800079
-72.62235375024443,-72.62235375024443,-53.06188883898184,-61.57283548265909,75.99410943800079
-68.86370437059674,-68.86370437059674,-46.47364619224989,-60.67946979380511,75.99410943800079
-64.95102522823642,-64.95102522823642,-47.27934770540227,-61.684677472851014,75.99410943800079
-57.88071024035864,-57.88071024035864,-48.649755634177964,-62.18836975445216,75.99410943800079
-60.14833400574224,-60.14833400574224,-52.558359641614985,-62.576418098502984,75.99410943800079
-64.41235750636872,-64.41235750636872,-51.91914922468406,-63.06297613975781,75.99410943800079
-68.79153203682493,-68.79153203682493,-56.920203830246784,-63.831249929240066,75.99410943800079
-69.10296354113858,-69.10296354113858,-60.39850845934129,-64.01067146187307,75.99410943800079
-68.38920591180104,-68.38920591180104,-65.09981959099976,-63.82723895922039,75.99410943800079
-72.06967704641119,-72.06967704641119,-63.772565548362095,-62.48772100470274,75.99410943800079
-69.28037947849486,-69.28037947849486,-67.54859808113417,-62.950529876354885,75.99410943800079
-69.00115598377113,-69.00115598377113,-64.77112170230865,-62.79760500224829,75.99410943800079
-67.46384023778893,-67.46384023778893,-55.04448589790896,-60.521042314887765,75.99410943800079
-68.22329796200042,-68.22329796200042,-55.50900013847725,-59.83851428617806,75.99410943800079
-67.73764552414085,-67.73764552414085,-51.59675061055109,-59.08420204509808,75.99410943800079
-68.25064599259659,-68.25064599259659,-52.81303187595381,-59.46217052471863,75.99410943800079
-69.3193982310525,-69.3193982310525,-47.77493928795213,-59.18565156302086,75.99410943800079
-70.29282361096766,-70.29282361096766,-49.618786571952796,-58.23014861431805,75.99410943800079
-70.9085972181364,-70.9085972181364,-50.868290613089684,-57.66784243334792,75.99410943800079
-74.4424991469326,-74.4424991469326,-57.667938476656914,-58.789495493748205,75.99410943800079
-67.59141194406025,-67.59141194406025,-59.52357184654737,-58.76234014718324,75.99410943800079
-67.87648432606292,-67.87648432606292,-63.69022124676106,-59.37208690168441,75.99410943800079
-69.32891961024083,-69.32891961024083,-67.99795880565273,-59.11406779708465,75.99410943800079
-72.51482897122949,-72.51482897122949,-64.0392936894081,-57.99858887497759,75.99410943800079
-68.34089875165397,-68.34089875165397,-66.69983202516164,-58.11972740335549,75.99410943800079
-68.89246509128547,-68.89246509128547,-60.99832401933088,-57.552026508118196,75.99410943800079
-67.59346749931103,-67.59346749931103,-58.052425448058116,-57.16759199041263,75.99410943800079
-68.00413526917134,-68.00413526917134,-57.89694609797808,-58.31765009764884,75.99410943800079
-66.71710035745727,-66.71710035745727,-55.96056723256588,-58.95633284762841,75.99410943800079
-67.63188396892875,-67.63188396892875,-52.812406236177324,-59.53261524845484,75.99410943800079
-70.07176038796636,-70.07176038796636,-52.8138424924835,-59.89420167358059,75.99410943800079
-68.00684826082238,-68.00684826082238,-54.32087226705768,-59.39601968479273,75.99410943800079
-71.85425141477133,-71.85425141477133,-55.20825538427617,-59.605701579804474,75.99410943800079
-67.6372208873714,-67.6372208873714,-61.86727337316586,-59.882276751764685,75.99410943800079
-69.18999842171657,-69.18999842171657,-61.42990939106475,-60.53349089234633,75.99410943800079
-66.85156297979967,-66.85156297979967,-65.81658311615939,-60.75934648297051,75.99410943800079
-65.98245325877124,-65.98245325877124,-69.11100043665559,-59.73329522122028,75.99410943800079
-68.65236037039953,-68.65236037039953,-66.88052977947181,-58.90542708644827,75.99410943800079
-68.33354467872834,-68.33354467872834,-68.2609099278047,-60.07789029706485,75.99410943800079
-67.6047374358724,-67.6047374358724,-68.23187761242092,-60.667181290923374,75.99410943800079
-67.7654339121699,-67.7654339121699,-66.56934294614571,-59.90344884105852,75.99410943800079
-65.94706438440703,-65.94706438440703,-62.680638070839265,-58.38729989584333,75.99410943800079
-69.33348229923523,-69.33348229923523,-65.7824529449477,-58.262500147637574,75.99410943800079
-64.31306074918405,-64.31306074918405,-66.2827204656551,-59.26960866017686,75.99410943800079
-65.9772513931967,-65.9772513931967,-68.48046171251461,-60.15306267618141,75.99410943800079
-68.26383217549342,-68.26383217549342,-66.11837176545845,-59.53309200031733,75.99410943800079
-72.56329604925439,-72.56329604925439,-66.08983278949215,-59.58968035848095,75.99410943800079
-71.80713159791014,-71.80713159791014,-74.55640939051258,-61.870236059851315,75.99410943800079
-68.35943591148467,-68.35943591148467,-73.92878715639782,-62.823674904171575,75.99410943800079
-67.56837069066017,-67.56837069066017,-74.48882865818419,-63.39472330636029,75.99410943800079
-70.46198783263041,-70.46198783263041,-75.45387543160054,-64.38184615958225,75.99410943800079
-66.75559659579795,-66.75559659579795,-78.21266672700946,-64.73510400279523,75.99410943800079
-70.04741600154631,-70.04741600154631,-78.3317202370885,-64.47297465397482,75.99410943800079
-69.33191142370579,-69.33191142370579,-78.31594344238873,-65.202846221819,75.99410943800079
-68.02512423910099,-68.02512423910099,-73.11882760664183,-64.26515626918678,75.99410943800079
-67.61043098703014,-67.61043098703014,-78.14114312548159,-64.77749078047682,75.99410943800079
-68.41477126693287,-68.41477126693287,-82.0455847258772,-64.61475653760704,75.99410943800079
-63.54890923896675,-63.54890923896675,-74.75596089497222,-64.7417265469775,75.99410943800079
-66.38169446487663,-66.38169446487663,-79.28340316972819,-65.66039161991726,75.99410943800079
-69.3193982310525,-69.3193982310525,-73.92282870845915,-65.42477593837971,75.99410943800079
-69.80620977331927,-69.80620977331927,-75.62382877530908,-65.99689229841724,75.99410943800079
-61.31983255181562,-61.31983255181562,-71.30356395079065,-66.04159245249163,75.99410943800079
-62.998723300525995,-62.998723300525995,-64.96658174832831,-66.45739382405868,75.99410943800079
-63.02529328057098,-63.02529328057098,-64.37297620002997,-66.97564143412956,75.99410943800079
-63.02529328057098,-63.02529328057098,-68.81271648806731,-67.70834944469003,75.99410943800079
-63.02529328057098,-63.02529328057098,-69.9599457535929,-68.20687355600464,75.99410943800079
-63.02529328057098,-63.02529328057098,-70.31884497598178,-69.12353767521297,75.99410943800079
-67.80408241112413,-67.80408241112413,-72.71083457198085,-69.36013614698311,75.99410943800079
-63.02529328057098,-63.02529328057098,-75.35969644676211,-70.55867278665174,75.99410943800079
-67.30618879714594,-67.30618879714594,-82.41714634791823,-70.37461751263197,75.99410943800079
-63.02529328057098,-63.02529328057098,-83.58294258357795,-70.80876644582335,75.99410943800079
-70.91715151007048,-70.91715151007048,-85.7822969053897,-70.46000758421735,75.99410943800079
-63.02529328057098,-63.02529328057098,-94.72327918183515,-71.80245789929518,75.99410943800079
-63.02529328057098,-63.02529328057098,-92.53005119224659,-72.67379293469726,75.99410943800079
-63.02529328057098,-63.02529328057098,-91.7938439837861,-72.72715183641492,75.99410943800079
-63.02529328057098,-63.02529328057098,-88.99211203430856,-73.80563115900017,75.99410943800079
-63.02529328057098,-63.02529328057098,-83.93334093668918,-74.29972077293917,75.99410943800079
-63.02529328057098,-63.02529328057098,-81.90742499727625,-74.16223192684274,75.99410943800079
-69.10290944680682,-69.10290944680682,-75.56399112653193,-74.47935756544494,75.99410943800079
-63.02529328057098,-63.02529328057098,-75.82094883801201,-74.9763260329989,75.99410943800079
-63.02529328057098,-63.02529328057098,-71.06663944443588,-74.45932583621384,75.99410943800079
-63.02529328057098,-63.02529328057098,-71.31350099583506,-73.85853332997283,75.99410943800079
-63.02529328057098,-63.02529328057098,-67.56666122558381,-74.27413906755669,75.99410943800079
-63.02529328057098,-63.02529328057098,-68.71869605605991,-74.04407747127605,75.99410943800079
-63.02529328057098,-63.02529328057098,-68.74964473994085,-74.19109890619015,75.99410943800079
-63.02529328057098,-63.02529328057098,-68.96459972825956,-74.4352344814202,75.99410943800079
-71.09669576263443,-71.09669576263443,-72.44508601868566,-74.96653788934519,75.99410943800079
-63.02529328057098,-63.02529328057098,-75.47562365271409,-75.8812507014912,75.99410943800079
-69.64210320743227,-69.64210320743227,-75.39734557857854,-75.90664469559971,75.99410943800079
-63.02529328057098,-63.02529328057098,-74.59819758916447,-76.24959002834761,75.99410943800079
-63.02529328057098,-63.02529328057098,-77.42310667476835,-76.63007858193835,75.99410943800079
-63.02529328057098,-63.02529328057098,-79.5203557359572,-77.22647686299642,75.99410943800079
-63.02529328057098,-63.02529328057098,-81.46475246643145,-77.41059897185345,75.99410943800079
-63.02529328057098,-63.02529328057098,-80.64074875867182,-76.91568312987941,75.99410943800079
-63.02529328057098,-63.02529328057098,-79.11237620982601,-76.31748180565242,75.99410943800079
-63.02529328057098,-63.02529328057098,-78.42399922566116,-76.89635997346076,75.99410943800079
-63.02529328057098,-63.02529328057098,-76.77448303344406,-77.10346793813558,75.99410943800079
-63.02529328057098,-63.02529328057098,-73.34771727284195,-75.63951227795707,75.99410943800079
-63.02529328057098,-63.02529328057098,-72.32343005810722,-75.58557327594161,75.99410943800079
-63.02529328057098,-63.02529328057098,-69.57203953408829,-75.26623220352843,75.99410943800079
-63.02529328057098,-63.02529328057098,-67.10976711905448,-74.96125691942915,75.99410943800079
-67.7781360910944,-67.7781360910944,-67.040062381036,-74.99195599380172,75.99410943800079
-69.86390580104501,-69.86390580104501,-66.63400408515578,-75.07105574146689,75.99410943800079
-63.02529328057098,-63.02529328057098,-71.38592089167699,-75.52967861973706,75.99410943800079
-68.10946359950948,-68.10946359950948,-70.56006576450844,-75.80572943722575,75.99410943800079
-63.02529328057098,-63.02529328057098,-72.8149729564483,-75.8311259396541,75.99410943800079
-67.94910331913084,-67.94910331913084,-74.40341244155977,-75.5750334812721,75.99410943800079
-63.02529328057098,-63.02529328057098,-76.93803894154873,-76.07592788727237,75.99410943800079
-63.02529328057098,-63.02529328057098,-79.75147371723862,-75.67918738544367,75.99410943800079
-63.02529328057098,-63.02529328057098,-80.29398393823388,-76.54046324948338,75.99410943800079
-63.02529328057098,-63.02529328057098,-79.23951895467557,-75.68439495530245,75.99410943800079
-69.23769945688892,-69.23769945688892,-77.96285552677293,-76.3238143089982,75.99410943800079
-63.02529328057098,-63.02529328057098,-76.31329089647907,-77.34039757109706,75.99410943800079
-68.1133693586417,-68.1133693586417,-71.50254184389514,-76.9555917485101,75.99410943800079
-63.02529328057098,-63.02529328057098,-71.60903302480924,-76.36499274457412,75.99410943800079
-69.70516551073793,-69.70516551073793,-66.53127941533155,-75.14539267200183,75.99410943800079
-63.02529328057098,-63.02529328057098,-67.10064267544594,-74.93139302116492,75.99410943800079
-63.02529328057098,-63.02529328057098,-63.326586907772025,-74.19907835443061,75.99410943800079
-63.507015228029495,-63.507015228029495,-58.766374383062576,-72.36052297270376,75.99410943800079
-63.02529328057098,-63.02529328057098,-62.15522025461697,-72.48807803082313,75.99410943800079
-63.02529328057098,-63.02529328057098,-63.60160686300253,-71.68812781118736,75.99410943800079
-63.02529328057098,-63.02529328057098,-64.51074723191348,-72.06950437430294,75.99410943800079
-63.02529328057098,-63.02529328057098,-62.89580919282887,-70.9749035732958,75.99410943800079
-66.20354564127159,-66.20354564127159,-63.99176886162943,-71.24793528238666,75.99410943800079
-69.05920876681232,-69.05920876681232,-66.0259536846028,-71.21141468473748,75.99410943800079
-63.02529328057098,-63.02529328057098,-68.41591345708122,-71.03015295655636,75.99410943800079
-63.02529328057098,-63.02529328057098,-65.47408317234087,-71.23954146829527,75.99410943800079
-63.02529328057098,-63.02529328057098,-66.7488210441432,-71.167357563804,75.99410943800079
-63.02529328057098,-63.02529328057098,-69.01753125413254,-71.0512309982239,75.99410943800079
-66.27023071054036,-66.27023071054036,-65.43215341649162,-70.41031894651904,75.99410943800079
-69.00187009953939,-69.00187009953939,-68.90145307774772,-71.25509053784972,75.99410943800079
-63.02529328057098,-63.02529328057098,-66.59179221020295,-71.12516261717651,75.99410943800079
-63.02529328057098,-63.02529328057098,-70.20486386541651,-71.50254410126234,75.99410943800079
-63.02529328057098,-63.02529328057098,-69.20079816438567,-71.34435570405181,75.99410943800079
-63.02529328057098,-63.02529328057098,-67.57317284002906,-70.97612030475511,75.99410943800079
-63.02529328057098,-63.02529328057098,-65.41028816785969,-70.31929064447638,75.99410943800079
-63.02529328057098,-63.02529328057098,-65.03216201037456,-69.75695666663304,75.99410943800079
-63.02529328057098,-63.02529328057098,-65.21979572450093,-69.11619197816135,75.99410943800079
-69.18479292244353,-69.18479292244353,-64.32215553916923,-68.83619299034203,75.99410943800079
-63.02529328057098,-63.02529328057098,-64.57223755553214,-68.40512693979257,75.99410943800079
-63.02529328057098,-63.02529328057098,-60.8202618818349,-67.93452157926303,75.99410943800079
-68.45156211719859,-68.45156211719859,-61.9551848701596,-67.61212844401699,75.99410943800079
-71.79177378301654,-71.79177378301654,-59.618923159738685,-67.13337823992379,75.99410943800079
-63.02529328057098,-63.02529328057098,-56.859506958528584,-66.58810734402317,75.99410943800079
-63.02529328057098,-63.02529328057098,-56.83568024456578,-66.52078111170306,75.99410943800079
-63.02529328057098,-63.02529328057098,-58.722316689351445,-66.37895413721444,75.99410943800079
-63.02529328057098,-63.02529328057098,-59.9821365601523,-66.39848737197468,75.99410943800079
-63.02529328057098,-63.02529328057098,-61.183554291540574,-66.68335938190108,75.99410943800079
-63.02529328057098,-63.02529328057098,-63.166352930001345,-67.00477756472087,75.99410943800079
-63.02529328057098,-63.02529328057098,-65.19531024667904,-67.52978108231073,75.99410943800079
-63.02529328057098,-63.02529328057098,-66.46254462004394,-67.80507707946094,75.99410943800079
-63.02529328057098,-63.02529328057098,-67.94915089278417,-67.79394614636664,75.99410943800079
-73.51166411490676,-73.51166411490676,-70.26724190831104,-67.86002580455484,75.99410943800079
-67.54080799599058,-67.54080799599058,-75.39828250749846,-67.39057966718745,75.99410943800079
-63.02529328057098,-63.02529328057098,-77.88898817332912,-67.9865655934672,75.99410943800079
-63.02529328057098,-63.02529328057098,-78.4031344301272,-67.49658643195022,75.99410943800079
-63.02529328057098,-63.02529328057098,-80.61696917247839,-67.64119871815842,75.99410943800079
-66.80895408419781,-66.80895408419781,-80.6882099394383,-67.43339358147901,75.99410943800079
-63.02529328057098,-63.02529328057098,-79.74929821861848,-67.00434246499682,75.99410943800079
-63.02529328057098,-63.02529328057098,-78.04944916725921,-67.0808741281158,75.99410943800079
-63.02529328057098,-63.02529328057098,-79.459980236175,-67.84916933576082,75.99410943800079
-63.02529328057098,-63.02529328057098,-80.57186612306072,-68.3157482656242,75.99410943800079
-63.02529328057098,-63.02529328057098,-81.3932537561968,-68.8760183764984,75.99410943800079
-63.02529328057098,-63.02529328057098,-78.24929816894456,-68.73993093219735,75.99410943800079
-63.02529328057098,-63.02529328057098,-75.74972368664298,-68.81470372583395,75.99410943800079
-63.02529328057098,-63.02529328057098,-75.28814978745598,-69.24796050637511,75.99410943800079
-63.02529328057098,-63.02529328057098,-74.24327625466654,-69.06972543400254,75.99410943800079
-63.02529328057098,-63.02529328057098,-74.89881211690991,-69.74783862330658,75.99410943800079
-63.02529328057098,-63.02529328057098,-74.48450984833536,-70.14796955805139,75.99410943800079
-63.02529328057098,-63.02529328057098,-73.46721928696402,-69.34327393458521,75.99410943800079
-63.02529328057098,-63.02529328057098,-71.64726708114434,-69.45830137938918,75.99410943800079
-63.02529328057098,-63.02529328057098,-70.57604422773423,-69.52880766478833,75.99410943800079
-63.02529328057098,-63.02529328057098,-69.99675859990361,-70.29620825791334,75.99410943800079
-63.02529328057098,-63.02529328057098,-70.81892193025864,-70.10536154592319,75.99410943800079
-61.399085828712614,-61.399085828712614,-71.79358206406626,-69.96822940172665,75.99410943800079
-63.02529328057098,-63.02529328057098,-75.85193857400144,-70.73516552975916,75.99410943800079
-70.3108768543611,-70.3108768543611,-75.14066805229015,-71.00304240999239,75.99410943800079
-63.02529328057098,-63.02529328057098,-77.78285693639704,-71.95464580175737,75.99410943800079
-63.02529328057098,-63.02529328057098,-77.53881380750742,-71.85222606872637,75.99410943800079
-63.02529328057098,-63.02529328057098,-80.10225062132557,-72.277293375552,75.99410943800079
-67.92011525773336,-67.92011525773336,-82.81909513394547,-72.24182979062873,75.99410943800079
-63.02529328057098,-63.02529328057098,-86.67026307931532,-73.54450183861081,75.99410943800079
-63.02529328057098,-63.02529328057098,-83.64686705997819,-72.98460889682568,75.99410943800079
-63.02529328057098,-63.02529328057098,-84.41556629017455,-73.14831517108097,75.99410943800079
-63.02529328057098,-63.02529328057098,-83.76127160637071,-73.20584915499498,75.99410943800079
-63.02529328057098,-63.02529328057098,-80.46269978352689,-73.74564785289259,75.99410943800079
-63.02529328057098,-63.02529328057098,-80.85166720401068,-74.1669434487196,75.99410943800079
-63.02529328057098,-63.02529328057098,-76.03825647648074,-74.11833795215331,75.99410943800079
-63.02529328057098,-63.02529328057098,-78.76715168138254,-74.74122529716904,75.99410943800079
-69.66029146285194,-69.66029146285194,-76.92097952225865,-74.7470417688973,75.99410943800079
-63.02529328057098,-63.02529328057098,-78.26998260632281,-75.73177393552629,75.99410943800079
-63.02529328057098,-63.02529328057098,-74.49515447405587,-76.05249575939006,75.99410943800079
-63.02529328057098,-63.02529328057098,-76.50617700354897,-76.36205966558772,75.99410943800079
-63.02529328057098,-63.02529328057098,-78.22642813418125,-77.42169940621149,75.99410943800079
-63.02529328057098,-63.02529328057098,-81.14268447509521,-78.06725000110086,75.99410943800079
-70.91715151007048,-70.91715151007048,-82.24065964708585,-78.44931644443948,75.99410943800079
-63.02529328057098,-63.02529328057098,-83.56003260473491,-78.88252265763613,75.99410943800079
-63.02529328057098,-63.02529328057098,-87.29420411693633,-79.34046791723246,75.99410943800079
-63.02529328057098,-63.02529328057098,-84.18109969984494,-78.94417465113774,75.99410943800079
-63.02529328057098,-63.02529328057098,-85.41851130835121,-78.79168198123172,75.99410943800079
-63.02529328057098,-63.02529328057098,-82.56495652894955,-78.95225631730743,75.99410943800079
-63.02529328057098,-63.02529328057098,-80.37977221415541,-78.53862002366431,75.99410943800079
-63.02529328057098,-63.02529328057098,-81.53153536558193,-78.6149183570419,75.99410943800079
-63.02529328057098,-63.02529328057098,-77.66448448494003,-77.8749398016998,75.99410943800079
-63.02529328057098,-63.02529328057098,-76.29733903497893,-77.74892017343082,75.99410943800079
-63.02529328057098,-63.02529328057098,-74.5271556086687,-77.67412068014777,75.99410943800079
-63.02529328057098,-63.02529328057098,-71.78120541167527,-77.11536990547552,75.99410943800079
-63.02529328057098,-63.02529328057098,-71.8962479536907,-77.58207552008294,75.99410943800079
-69.62197896853719,-69.62197896853719,-75.4733323263437,-78.08898147268279,75.99410943800079
-63.02529328057098,-63.02529328057098,-79.91646350610503,-79.16508484900089,75.99410943800079
-62.926058017288575,-62.926058017288575,-79.43035202579674,-78.94633067523178,75.99410943800079
-63.02529328057098,-63.02529328057098,-81.32121552261735,-78.68848990357564,75.99410943800079
-63.02529328057098,-63.02529328057098,-82.0520468702418,-78.7466769798509,75.99410943800079
-63.02529328057098,-63.02529328057098,-85.02303254536649,-79.22968667698419,75.99410943800079
-63.02529328057098,-63.02529328057098,-85.88205978502734,-79.77538739310766,75.99410943800079
-70.6912483438904,-70.6912483438904,-87.68555138450944,-80.15360099955846,75.99410943800079
-73.76935716013926,-73.76935716013926,-90.80313534110167,-80.42734172276253,75.99410943800079
-63.02529328057098,-63.02529328057098,-90.86928249002773,-80.7761695947065,75.99410943800079
-63.02529328057098,-63.02529328057098,-89.10011133818617,-81.01210177065295,75.99410943800079
-63.02529328057098,-63.02529328057098,-83.53901664866746,-81.17944432134158,75.99410943800079
-63.02529328057098,-63.02529328057098,-84.20720702468003,-81.45831866393891,75.99410943800079
-63.02529328057098,-63.02529328057098,-83.49163874364324,-81.27160880675743,75.99410943800079
-63.02529328057098,-63.02529328057098,-84.28509217529721,-81.60434369492961,75.99410943800079
-63.02529328057098,-63.02529328057098,-83.6204142060061,-81.78998513213368,75.99410943800079
-63.02529328057098,-63.02529328057098,-82.88366090769429,-81.99340316183329,75.99410943800079
-63.02529328057098,-63.02529328057098,-80.55576396918198,-81.09436607859458,75.99410943800079
-63.02529328057098,-63.02529328057098,-77.89052309342722,-80.97731273098994,75.99410943800079
-63.02529328057098,-63.02529328057098,-76.1024867382399,-80.44009555507508,75.99410943800079
-63.02529328057098,-63.02529328057098,-74.58637834366361,-80.4216146778842,75.99410943800079
-63.02529328057098,-63.02529328057098,-74.37098299927354,-80.03319079693118,75.99410943800079
-68.92720069990133,-68.92720069990133,-72.52953500470525,-79.40040663809089,75.99410943800079
-63.02529328057098,-63.02529328057098,-76.95828885285206,-79.32921396146479,75.99410943800079
-63.02529328057098,-63.02529328057098,-73.56726906672365,-79.5884240962787,75.99410943800079
-63.02529328057098,-63.02529328057098,-72.3136671537736,-79.3696053048535,75.99410943800079
-63.02529328057098,-63.02529328057098,-71.77330350494796,-79.59580954154873,75.99410943800079
-63.02529328057098,-63.02529328057098,-72.60258110632105,-79.52234234315341,75.99410943800079
-63.02529328057098,-63.02529328057098,-73.43185870769416,-79.49335103172665,75.99410943800079
-63.02529328057098,-63.02529328057098,-71.97521384793993,-79.62748702936692,75.99410943800079
-63.02529328057098,-63.02529328057098,-71.31611352776576,-78.93140704716082,75.99410943800079
-63.02529328057098,-63.02529328057098,-69.86929302711906,-78.62285349790325,75.99410943800079
-63.02529328057098,-63.02529328057098,-69.34443442166082,-77.61529700115847,75.99410943800079
-63.02529328057098,-63.02529328057098,-64.48580671708105,-77.32734441006981,75.99410943800079
-70.93407745458074,-70.93407745458074,-64.09942613984214,-77.10707392353734,75.99410943800079
-63.02529328057098,-63.02529328057098,-64.60023054523404,-76.64436578706405,75.99410943800079
-63.02529328057098,-63.02529328057098,-65.84298581945043,-76.5358698104198,75.99410943800079
-63.02529328057098,-63.02529328057098,-66.81487115368861,-76.43718464447396,75.99410943800079
-63.02529328057098,-63.02529328057098,-66.67038735502925,-76.11542198178552,75.99410943800079
-60.62713731732132,-60.62713731732132,-65.55966658380311,-75.28057952274028,75.99410943800079
-69.00187009953939,-69.00187009953939,-70.6459688457987,-76.2243808763516,75.99410943800079
-63.02529328057098,-63.02529328057098,-70.91036369992467,-75.72122397621796,75.99410943800079
-63.02529328057098,-63.02529328057098,-70.09947019796151,-75.12219973496089,75.99410943800079
-70.7171543723665,-70.7171543723665,-69.24101326000381,-75.09959261923952,75.99410943800079
-63.02529328057098,-63.02529328057098,-69.59473677614213,-74.71971420564938,75.99410943800079
-63.02529328057098,-63.02529328057098,-68.27327050739956,-74.76612299155596,75.99410943800079
-62.7854071150176,-62.7854071150176,-66.39796586291968,-74.55599517600793,75.99410943800079
-63.02529328057098,-63.02529328057098,-68.70688882819695,-75.2731312883796,75.99410943800079
-63.02529328057098,-63.02529328057098,-68.10063734637818,-75.37930836872609,75.99410943800079
-68.13237719931298,-68.13237719931298,-69.53289476018725,-74.80790888403959,75.99410943800079
-62.927451788792865,-62.927451788792865,-64.94547004524745,-74.11880842013234,75.99410943800079
-70.28721797509164,-70.28721797509164,-64.41970277135391,-72.62187182926773,75.99410943800079
-63.02529328057098,-63.02529328057098,-67.66559563764747,-72.76924845733102,75.99410943800079
-63.02529328057098,-63.02529328057098,-69.03829189423462,-72.64300789356297,75.99410943800079
-63.02529328057098,-63.02529328057098,-67.70498013376888,-71.85030085835481,75.99410943800079
-63.02529328057098,-63.02529328057098,-68.9677113463873,-71.55505875176011,75.99410943800079
-63.02529328057098,-63.02529328057098,-68.9491049087047,-71.16940420074341,75.99410943800079
-69.83317629278459,-69.83317629278459,-64.31488786355536,-70.59899858418879,75.99410943800079
-63.02529328057098,-63.02529328057098,-64.73840341778002,-70.16636198406177,75.99410943800079
-63.02529328057098,-63.02529328057098,-65.43225893931745,-69.72050417389752,75.99410943800079
-63.02529328057098,-63.02529328057098,-66.41896965910283,-69.58258008431567,75.99410943800079
-63.02529328057098,-63.02529328057098,-67.79556463724126,-69.47318142698248,75.99410943800079
-69.07196987397367,-69.07196987397367,-64.98002346649385,-68.92381174569378,75.99410943800079
-63.02529328057098,-63.02529328057098,-63.26445326380993,-68.59757079759629,75.99410943800079
-63.02529328057098,-63.02529328057098,-63.29560432125894,-67.65240328754714,75.99410943800079
-63.02529328057098,-63.02529328057098,-63.02411911345755,-67.4357997332504,75.99410943800079
-71.97036792318127,-71.97036792318127,-64.62684828318822,-67.5180416758422,75.99410943800079
-66.17922552883135,-66.17922552883135,-63.512775253547716,-67.19040084106194,75.99410943800079
-62.37651027794413,-62.37651027794413,-55.816168020459074,-65.75149096946814,75.99410943800079
-58.22111032222224,-58.22111032222224,-52.057241857511976,-64.91145519775195,75.99410943800079
-66.17727542272773,-66.17727542272773,-56.07192123973323,-65.87968866352959,75.99410943800079
-66.54058504506855,-66.54058504506855,-60.35041948641992,-66.66906872441176,75.99410943800079
-65.18222168239195,-65.18222168239195,-61.45509598348656,-66.70892394145005,75.99410943800079
-66.7658671423075,-66.7658671423075,-61.02355686839144,-65.41062440070418,75.99410943800079
-65.60614283056123,-65.60614283056123,-60.1179410586379,-64.96253768593,75.99410943800079
-63.74148881795967,-63.74148881795967,-61.29425914556076,-65.23191813160784,75.99410943800079
-71.91187303599035,-71.91187303599035,-59.24932551737894,-65.01324607832838,75.99410943800079
-60.35275888519702,-60.35275888519702,-56.20428749415591,-63.91074211862892,75.99410943800079
-64.67754362416512,-64.67754362416512,-64.776215774629,-64.02036238285511,75.99410943800079
-66.7959842090992,-66.7959842090992,-65.90658050868004,-63.69772852989997,75.99410943800079
-65.7843358986027,-65.7843358986027,-58.06003518300811,-63.22847299457807,75.99410943800079
-66.42764334860091,-66.42764334860091,-50.32003670134104,-62.75921745925617,75.99410943800079
-66.71628466611689,-66.71628466611689,-47.26985206418471,-62.294007469954835,75.99410943800079
-67.88982194943,-67.88982194943,-46.875735848166094,-61.88861022692118,75.99410943800079
-67.1987866587504,-67.1987866587504,-45.84091712234537,-61.310835882430645,75.99410943800079
-66.62805711971782,-66.62805711971782,-45.92996577449136,-61.49786517745931,75.99410943800079
-68.58583513083488,-68.58583513083488,-45.0411047037717,-60.85286985519265,75.99410943800079
-67.0046975940017,-67.0046975940017,-47.37893643349791,-60.02355517459078,75.99410943800079
-65.77822474280532,-65.77822474280532,-47.78390040269637,-60.24306499238853,75.99410943800079
-63.47090530506719,-63.47090530506719,-48.57823946149544,-60.30144310543843,75.99410943800079
-59.39608760721734,-59.39608760721734,-53.07606585626868,-59.71449239667206,75.99410943800079
-68.55580765798076,-68.55580765798076,-56.97988335695148,-59.97312139066152,75.99410943800079
-68.74673039481722,-68.74673039481722,-60.61789834931809,-60.39769310022614,75.99410943800079
-58.72035034614556,-58.72035034614556,-59.27743217113675,-59.89589400914778,75.99410943800079
-62.212896795762255,-62.212896795762255,-61.322925075526214,-59.65647354230746,75.99410943800079
-72.18421973520567,-72.18421973520567,-65.56191945177385,-60.95559496633417,75.99410943800079
-68.77330263548279,-68.77330263548279,-63.139920704667155,-60.20126082354214,75.99410943800079
-65.46487720365492,-65.46487720365492,-62.294461175644926,-58.74106964408037,75.99410943800079
-68.19001189692493,-68.19001189692493,-61.6045274667439,-58.94384301646167,75.99410943800079
-67.66022589766325,-67.66022589766325,-58.26768911446506,-58.048401976294,75.99410943800079
-66.16885597545367,-66.16885597545367,-58.18532404205261,-58.362463196033104,75.99410943800079
-68.19001189692493,-68.19001189692493,-55.648076417850845,-58.21879611996091,75.99410943800079
-68.48560166592459,-68.48560166592459,-51.57790498715356,-57.18015497012736,75.99410943800079
-65.8456237684276,-65.8456237684276,-57.31650363591516,-57.55153635748388,75.99410943800079
-68.74673039481722,-68.74673039481722,-61.86834095001966,-58.48914570555761,75.99410943800079
-64.23742355121537,-64.23742355121537,-54.863105015306736,-58.13467370011804,75.99410943800079
-63.49843713571807,-63.49843713571807,-57.754340326537566,-57.962307907108716,75.99410943800079
-72.26047137248138,-72.26047137248138,-62.76146192922565,-58.43038445721442,75.99410943800079
-63.433294117220136,-63.433294117220136,-60.51199391487207,-58.098561115880074,75.99410943800079
-73.48453693144276,-73.48453693144276,-63.634472109094794,-57.688844610249454,75.99410943800079
-67.89098916900508,-67.89098916900508,-64.86880904255484,-58.0524310727235,75.99410943800079
-66.5134534817768,-66.5134534817768,-65.07160716919877,-57.67400462635241,75.99410943800079
-65.92295373140172,-65.92295373140172,-66.55835082640233,-57.49582044210904,75.99410943800079
-66.7014007385744,-66.7014007385744,-61.92550064711863,-57.28374583414561,75.99410943800079
-65.93242669848469,-65.93242669848469,-55.388040030534185,-56.90763284741266,75.99410943800079
-67.00120253529064,-67.00120253529064,-53.96979627918249,-56.32380913326304,75.99410943800079
-62.60565736757914,-62.60565736757914,-52.09022794442842,-55.45498383935676,75.99410943800079
-63.94833341160613,-63.94833341160613,-51.550378683087175,-56.037905143122316,75.99410943800079
-65.1575710723047,-65.1575710723047,-54.056136919029335,-57.74655489559414,75.99410943800079
-68.35730706816784,-68.35730706816784,-53.548505181577355,-57.987097275062546,75.99410943800079
-65.83684894375892,-65.83684894375892,-49.25449660213867,-56.68894614520459,75.99410943800079
-68.61509248590363,-68.61509248590363,-51.957900140570175,-55.99550075718246,75.99410943800079
-66.37218825878622,-66.37218825878622,-56.760817614038274,-56.55696476821939,75.99410943800079
-70.5269637663395,-70.5269637663395,-58.29967788944005,-56.738970038355326,75.99410943800079
-66.80105559029046,-66.80105559029046,-63.06653448207163,-57.4973515320994,75.99410943800079
-65.85915158053797,-65.85915158053797,-65.518566081762,-57.16867052050328,75.99410943800079
-68.58237991641721,-68.58237991641721,-66.23083983725203,-56.85128670333137,75.99410943800079
-65.27656112649377,-65.27656112649377,-66.06815686758988,-58.01067901780911,75.99410943800079
-67.97057087181557,-67.97057087181557,-62.1981963287357,-57.230951006415474,75.99410943800079
-64.5880095090411,-64.5880095090411,-60.5400260018352,-56.913786373693554,75.99410943800079
-65.95987268698426,-65.95987268698426,-61.615623608722196,-57.4000638303474,75.99410943800079
-68.74673039481722,-68.74673039481722,-58.284904490902875,-57.588474315094835,75.99410943800079
-72.04695499321869,-72.04695499321869,-54.69504152223491,-58.04200265982944,75.99410943800079
-62.47179449416647,-62.47179449416647,-54.30899576442365,-58.22562202160684,75.99410943800079
-67.61551278272148,-67.61551278272148,-55.100199675009684,-59.34920804263227,75.99410943800079
-65.69180069602791,-65.69180069602791,-55.61922239642452,-59.106521844889905,75.99410943800079
-63.25837870101854,-63.25837870101854,-56.6525669835389,-59.1735791592848,75.99410943800079
-65.24545114658149,-65.24545114658149,-58.63813113975688,-60.262517959060894,75.99410943800079
-65.78037300371156,-65.78037300371156,-57.32586208061387,-59.13934334199898,75.99410943800079
-66.2885648827499,-66.2885648827499,-59.140640456178176,-59.026266572630114,75.99410943800079
-67.57634885465217,-67.57634885465217,-56.82422419982434,-58.14969549905854,75.99410943800079
-66.01017114226731,-66.01017114226731,-59.64789079497177,-58.12207580269888,75.99410943800079
-62.94274472827212,-62.94274472827212,-62.544464546635325,-58.42731589929289,75.99410943800079
-67.58006480635962,-67.58006480635962,-65.57918491998969,-59.485972571377424,75.99410943800079
-66.7665298645698,-66.7665298645698,-63.34426431654375,-59.75347589083577,75.99410943800079
-68.74673039481722,-68.74673039481722,-62.64922032107211,-58.52398201874956,75.99410943800079
-61.76484295977301,-61.76484295977301,-61.39502863503164,-58.82460074535771,75.99410943800079
-68.74673039481722,-68.74673039481722,-55.22191006151314,-58.84800773623454,75.99410943800079
-67.2390388263676,-67.2390388263676,-57.660376139280515,-58.350513076506296,75.99410943800079
-67.28449397670312,-67.28449397670312,-56.93791887164643,-58.760312524066386,75.99410943800079
-66.20787303860436,-66.20787303860436,-58.45481993481299,-58.20359467761061,75.99410943800079
-66.67939002417582,-66.67939002417582,-56.320973006010306,-58.25665512033078,75.99410943800079
-65.69366074764856,-65.69366074764856,-54.6203300782848,-59.035800917519126,75.99410943800079
