Average Episodic Reward,Average Episodic N-Reward,Avg Reward (last 10),Avg Reward (last 50),Best Reward
574.280347857627,574.280347857627,589.1868797433799,589.1868797433799,589.1868797433799
572.4878307542981,572.4878307542981,591.0214283598259,591.0214283598259,592.8559769762718
573.0569178230608,573.0569178230608,592.0632437448556,592.0632437448556,594.1468745149149
568.800325022756,568.800325022756,583.8060395663827,583.8060395663827,594.1468745149149
579.100220657425,579.100220657425,578.5184087444115,578.5184087444115,594.1468745149149
576.3878637833102,576.3878637833102,571.9744734916193,571.9744734916193,594.1468745149149
575.2694551422885,575.2694551422885,576.2255792172734,576.2255792172734,601.7322135711987
580.1550455518505,580.1550455518505,572.395569141387,572.395569141387,601.7322135711987
574.7213116243526,574.7213116243526,570.819954863887,570.819954863887,601.7322135711987
577.4445182913263,577.4445182913263,574.270672895681,574.270672895681,605.3271351818264
572.4650529788552,572.4650529788552,568.7457503821204,570.6040348695077,605.3271351818264
579.7631155115135,579.7631155115135,567.9157915575586,571.7667310246031,605.3271351818264
579.5606254299335,579.5606254299335,565.1540198715219,571.3638407653681,605.3271351818264
576.3197804723484,576.3197804723484,565.0213079125062,570.3883740993282,605.3271351818264
579.0779968185825,579.0779968185825,557.6931447908482,564.6348994420362,605.3271351818264
573.3079199422104,573.3079199422104,556.0785685793111,562.0395329214266,605.3271351818264
577.4034399135775,577.4034399135775,557.7350277128818,565.3487842146901,618.296804906905
568.2009577510823,568.2009577510823,561.2077164746737,566.1800954376574,618.296804906905
578.7525672702906,578.7525672702906,562.2359070289932,566.302034950785,618.296804906905
577.340776499008,577.340776499008,561.0596255356601,567.6651492156705,618.296804906905
575.2147054866668,575.2147054866668,561.744837162508,566.3853692947459,618.296804906905
577.3511052864704,577.3511052864704,560.0901215693214,566.4591812722024,618.296804906905
576.7913897279236,576.7913897279236,560.3366407540532,566.5694059778399,618.296804906905
572.4000309527805,572.4000309527805,558.4514620092679,565.4146607284697,618.296804906905
576.9204533836914,576.9204533836914,570.2087655084902,566.8644458686177,618.296804906905
628.1581519412907,628.1581519412907,568.794634077498,564.6376487506849,618.296804906905
654.6187116336837,654.6187116336837,575.9738726546046,569.2840021553992,690.0891906779714
670.8570492965737,670.8570492965737,587.8783725523591,573.9294801214794,699.3573852056461
667.767876921478,667.767876921478,599.5025085049045,577.750474107378,699.3573852056461
665.7934409710932,665.7934409710932,606.177393433082,580.5025639548077,699.3573852056461
669.0352305506109,669.0352305506109,621.4187395016071,584.1380693614753,699.3573852056461
671.2064176388781,671.2064176388781,638.6662330341718,589.0238849478178,740.4841681244355
674.4174170812362,674.4174170812362,649.5290236928702,591.7086840733036,740.4841681244355
681.256635026736,681.256635026736,663.2462207513867,594.1886489705041,740.4841681244355
678.2298597352767,678.2298597352767,665.54217530336,595.0580828499727,740.4841681244355
678.6356295551954,678.6356295551954,679.6891898031461,596.5964101541463,740.4841681244355
678.0179930798894,678.0179930798894,680.1692080512701,599.2529767218508,740.4841681244355
675.910322059322,675.910322059322,682.2502446533956,602.4349444719837,740.4841681244355
679.0806796816748,679.0806796816748,684.5930099300546,605.1459961131925,740.4841681244355
679.1404370313484,679.1404370313484,686.5822656950897,607.0224893898782,740.4841681244355
687.9532324948669,687.9532324948669,687.3172085698058,609.3037130708242,740.4841681244355
684.5161075827283,684.5161075827283,682.4473447765822,611.2675658594284,740.4841681244355
680.9250807189192,680.9250807189192,679.7952551123584,612.1939331521535,740.4841681244355
678.2243513825642,678.2243513825642,678.5932591320959,613.3715149163204,740.4841681244355
688.9739693152446,688.9739693152446,685.5766527152508,615.1733205978121,740.4841681244355
686.4874230638721,686.4874230638721,689.6801062515892,616.831996262286,740.4841681244355
683.9142445162109,683.9142445162109,687.7577696070842,618.0837837187089,740.4841681244355
695.6156471531119,695.6156471531119,685.0390995331293,619.6441434430557,740.4841681244355
688.6119219122364,688.6119219122364,680.2580886801369,620.4749945962424,740.4841681244355
684.2142781841128,684.2142781841128,685.1940375563356,622.6567990231697,740.4841681244355
688.2353859445479,688.2353859445479,681.0072267049169,624.0467524641916,740.4841681244355
687.8429868067589,687.8429868067589,681.2757136928809,626.079040926103,740.4841681244355
692.0151608298045,692.0151608298045,684.9384363111437,627.9506751483895,740.4841681244355
687.5763971274392,687.5763971274392,686.5188734099777,630.3662246430468,740.4841681244355
697.054177885894,697.054177885894,687.0509919690516,633.2143460574001,740.4841681244355
691.8913966346573,691.8913966346573,688.1423109266875,636.4769619276464,740.4841681244355
688.5861257737564,688.5861257737564,688.097152851705,637.9466061755091,740.4841681244355
691.3698619754032,691.3698619754032,689.0079027812534,641.0766671989621,740.4841681244355
692.8797487757387,692.8797487757387,692.958976023601,643.909698033538,740.4841681244355
694.3093881274278,694.3093881274278,683.3447539792683,644.4716152398871,740.4841681244355
693.1850849730743,693.1850849730743,686.3229224683774,647.5621868814429,740.4841681244355
690.9654946705009,690.9654946705009,688.2337888614986,650.1426403868909,740.4841681244355
699.4550802008033,699.4550802008033,685.7196634585647,652.0638038657979,740.4841681244355
696.9425487989887,696.9425487989887,686.3326778185512,654.6284986242558,740.4841681244355
694.4413403680769,694.4413403680769,689.0596662514662,659.4876503495237,740.4841681244355
695.5422990248253,695.5422990248253,692.3411708870315,663.7294823891905,740.4841681244355
688.6131606604963,688.6131606604963,691.5054581978276,664.7006922724983,740.4841681244355
696.8183434714646,696.8183434714646,690.3965528502997,666.9144344740873,740.4841681244355
696.6597335990398,696.6597335990398,689.243879899359,669.3112926076112,740.4841681244355
693.2956209171494,693.2956209171494,694.9556776470879,671.2508256621727,740.4841681244355
696.0459748892617,696.0459748892617,698.0929786118231,674.8318151713061,740.4841681244355
694.4530456487091,694.4530456487091,697.0558404933779,677.5357841717023,740.4841681244355
696.7669234565394,696.7669234565394,705.2562616894792,681.0477280528831,744.5915435609123
702.0443203839785,702.0443203839785,706.9003341501549,684.3182730524333,744.5915435609123
698.9470768936219,698.9470768936219,705.6959766383568,686.5850925754971,744.5915435609123
694.7617502846017,694.7617502846017,700.559101730111,690.082375919713,744.5915435609123
692.5730039975191,692.5730039975191,708.6524250378395,691.2364027491453,747.7905321495826
697.0723055474025,697.0723055474025,708.1887786238707,690.9765156883897,747.7905321495826
693.8293708675363,693.8293708675363,710.1942750298775,691.4496459126058,747.7905321495826
698.0083122270993,698.0083122270993,711.4402866498319,692.3034043055226,747.7905321495826
705.2996783390944,705.2996783390944,716.1254079300049,693.7731488569857,766.6904591346522
701.786588886987,701.786588886987,716.207308967997,693.0439993584673,766.6904591346522
694.7693191728952,694.7693191728952,708.6493157053307,692.8717864553753,766.6904591346522
695.3727350413965,695.3727350413965,708.9165893346341,693.4523467690825,766.6904591346522
702.5819000213716,702.5819000213716,708.487575528635,695.174172620552,766.6904591346522
699.6507518967509,699.6507518967509,705.6303926805817,695.2706164952001,766.6904591346522
704.1436682381734,704.1436682381734,698.1087411000036,694.824309358892,766.6904591346522
704.1861911911489,704.1861911911489,698.37860075334,694.2021869083786,766.6904591346522
695.1936533890511,695.1936533890511,699.9420666383842,694.5194572542717,766.6904591346522
702.3291465742169,702.3291465742169,699.0893990182674,694.804830970158,766.6904591346522
693.4300908289152,693.4300908289152,693.0348247525125,694.916672093527,766.6904591346522
695.0339585843518,695.0339585843518,694.0839609651991,695.3713225961907,766.6904591346522
700.8548801757478,700.8548801757478,702.922270115728,697.4971894560493,766.6904591346522
700.37931394007,700.37931394007,700.2254236126553,697.7787796651946,766.6904591346522
706.0189722179998,706.0189722179998,702.7495600626415,698.6087540900302,766.6904591346522
703.113809934348,703.113809934348,706.6499664452373,698.6645885339298,766.6904591346522
704.8407842608202,704.8407842608202,712.0833710551988,699.6894296485151,766.6904591346522
700.9033017630798,700.9033017630798,713.8549371973496,699.9653544412228,766.6904591346522
704.0122334562349,704.0122334562349,711.4483576726919,700.7575110527825,766.6904591346522
695.8637359538192,695.8637359538192,708.8208554994662,699.5301945587842,766.6904591346522
705.6074072601937,705.6074072601937,710.0085526575497,700.7169372840534,766.6904591346522
705.5219558445475,705.5219558445475,711.5114868720345,701.4184772320214,766.6904591346522
695.5145910223924,695.5145910223924,705.7422193870702,701.6579460712345,766.6904591346522
706.3511613662934,706.3511613662934,709.4793210071464,702.3708691846284,766.6904591346522
700.3339998891154,700.3339998891154,700.1525132041927,701.2290583370585,766.6904591346522
701.7925025924097,701.7925025924097,701.4487664400933,701.3258796366109,766.6904591346522
706.2009676841539,706.2009676841539,698.7097427863852,701.8119476354508,766.6904591346522
706.8046458529544,706.8046458529544,699.9121288389185,702.1461996527557,766.6904591346522
700.5035468818453,700.5035468818453,703.6703110447468,702.8997780570118,766.6904591346522
701.219830275112,701.219830275112,705.1869412504338,703.8986320130174,766.6904591346522
706.0278882256637,706.0278882256637,702.3968728114793,703.9317273526738,766.6904591346522
705.2582142922142,705.2582142922142,696.4412136662052,703.0599621929628,766.6904591346522
704.3896641379386,704.3896641379386,697.4706263168181,704.0081386428851,766.6904591346522
700.4664528657132,700.4664528657132,698.6317414931697,704.8306819195518,766.6904591346522
695.058707456111,695.058707456111,703.3514343663408,704.0874119600334,766.6904591346522
703.3716284053447,703.3716284053447,704.7699882335635,703.8116431059175,766.6904591346522
702.676610139722,702.676610139722,704.877224274208,704.4863008507272,766.6904591346522
706.3029954367736,706.3029954367736,701.0035254511788,704.2675941729316,766.6904591346522
705.0309378337857,705.0309378337857,696.8507469915533,704.4211514754506,766.6904591346522
710.054408030453,710.054408030453,698.5423104194219,704.6159585674843,766.6904591346522
695.9225835045291,695.9225835045291,701.061677507844,704.5254671318781,766.6904591346522
705.9130324507105,705.9130324507105,697.0469341362267,703.0581809215324,766.6904591346522
699.1098541137485,699.1098541137485,688.8977869565507,700.7364436962994,766.6904591346522
695.9262504862741,695.9262504862741,687.4196996266975,700.9345550148605,766.6904591346522
705.6686401087296,705.6686401087296,689.6627801476872,700.8807726618994,766.6904591346522
705.1531283349973,705.1531283349973,688.2276313782819,701.3453490355516,766.6904591346522
704.6694357194631,704.6694357194631,690.1988914396186,700.7955941310828,766.6904591346522
705.7832252298405,705.7832252298405,689.6439482754784,700.5586281032531,766.6904591346522
706.267808578121,706.267808578121,688.8361409179204,700.1495246530592,766.6904591346522
699.4940911439253,699.4940911439253,683.5744385811544,699.0427889537489,766.6904591346522
703.2174466009948,703.2174466009948,683.869031869667,698.0741919198106,766.6904591346522
697.3364910907823,697.3364910907823,690.2932283991811,697.8753648077694,766.6904591346522
705.4435850564339,705.4435850564339,692.1039159491941,697.4273637450722,766.6904591346522
698.4331841034495,698.4331841034495,692.7300366163066,697.6972444711951,766.6904591346522
700.1888810692855,700.1888810692855,692.2777486088082,697.6388072779342,766.6904591346522
701.5919824895791,701.5919824895791,690.0112764027306,698.2215257799814,766.6904591346522
702.4150829462848,702.4150829462848,686.8165480668875,698.5371555244596,766.6904591346522
706.8338848268336,706.8338848268336,689.6769796133613,698.8183038752572,766.6904591346522
698.592287343576,698.592287343576,692.3990133110954,698.6409139876014,766.6904591346522
704.496833355372,704.496833355372,692.0426484596068,697.6334388420165,766.6904591346522
705.527194570285,705.527194570285,689.5122702046125,697.3696810102306,766.6904591346522
705.9129502818374,705.9129502818374,685.7405152073309,696.2066756561958,766.6904591346522
707.5648114096293,707.5648114096293,688.577978666817,694.5585054552898,766.6904591346522
703.977058002111,703.977058002111,692.230516822736,696.0982631132111,766.6904591346522
705.7112608445167,705.7112608445167,694.2842700811507,695.945749281636,766.6904591346522
701.0590292503462,701.0590292503462,695.4067446619566,695.9728814233254,766.6904591346522
702.2896748697283,702.2896748697283,695.7577129258818,695.2720238985962,766.6904591346522
694.0796937881902,694.0796937881902,694.8317573926035,695.0136679143081,766.6904591346522
706.6552104747145,706.6552104747145,691.247398786355,694.6007222103342,766.6904591346522
706.1432945336554,706.1432945336554,698.9099621376253,695.6512601696486,766.6904591346522
700.8710853747166,700.8710853747166,698.6120614829117,695.0903827753028,766.6904591346522
703.5624603946786,703.5624603946786,704.1140620967456,694.7271907011378,766.6904591346522
707.6168414031838,707.6168414031838,706.8418046388471,694.7784225056453,766.6904591346522
705.4821583948969,705.4821583948969,704.7228838485382,695.1469756814896,766.6904591346522
705.2106135308882,705.2106135308882,700.1853845440903,695.9523235496156,766.6904591346522
702.8684828479617,702.8684828479617,690.9135634249467,693.8658408202958,766.6904591346522
699.3176778754947,699.3176778754947,692.2492518926725,693.9799257198537,766.6904591346522
699.3950991113292,699.3950991113292,695.1508124323516,694.0614046329947,766.6904591346522
703.1487036536251,703.1487036536251,695.6403556763651,692.994731136658,766.6904591346522
699.8639959882187,699.8639959882187,694.7432573177714,693.5625233831161,766.6904591346522
704.705819322259,704.705819322259,694.8535945167903,693.5817271163651,766.6904591346522
700.2714127409787,700.2714127409787,694.0991931089837,694.2587865896937,766.6904591346522
703.553678075004,703.553678075004,691.3476984042023,693.5538369231223,766.6904591346522
699.4215104282927,699.4215104282927,686.5539581519124,692.7314190132383,766.6904591346522
699.4540689345812,699.4540689345812,688.24831203045,692.9316990824374,766.6904591346522
699.6087849769564,699.6087849769564,694.3638850784108,691.7846201892653,766.6904591346522
700.830152180741,700.830152180741,690.5739932375575,691.1192795125237,766.6904591346522
706.6764792075625,706.6764792075625,689.2775513912468,691.7162098210084,766.6904591346522
702.4798308959387,702.4798308959387,688.499733111489,691.3245283606449,766.6904591346522
708.3373480931524,708.3373480931524,686.5238575270089,691.1588328046334,766.6904591346522
697.7713875491338,697.7713875491338,679.4320212146358,689.2557958577236,766.6904591346522
701.5379432611863,701.5379432611863,684.8688343061046,691.8231666236693,766.6904591346522
697.513572750254,697.513572750254,687.4114520062614,693.2565699330643,766.6904591346522
697.9272375332414,697.9272375332414,686.0442910846798,692.4563373048347,766.6904591346522
694.9971860053643,694.9971860053643,685.7942119372685,692.1579854403539,766.6904591346522
699.0267288016012,699.0267288016012,691.9342186455781,692.5259376427246,766.6904591346522
701.3071391552787,701.3071391552787,695.7739245406144,692.2342861327227,766.6904591346522
698.2296865894887,698.2296865894887,700.7425390790835,693.9359279817294,766.6904591346522
695.5223421834959,695.5223421834959,705.2614465737237,694.6095894918057,766.6904591346522
697.6558007949143,697.6558007949143,704.964469771926,695.4368390427877,766.6904591346522
701.8461902854717,701.8461902854717,712.0789942854251,694.8977883408751,766.6904591346522
696.5093079967971,696.5093079967971,706.1414016863364,694.9928012811004,766.6904591346522
699.1471376975636,699.1471376975636,704.404115128579,695.7166097689412,766.6904591346522
699.1335968813789,699.1335968813789,710.3897876054574,695.9882875026648,766.6904591346522
696.8142350250023,696.8142350250023,710.737146167851,695.8498649521622,766.6904591346522
689.8782311027649,689.8782311027649,704.0410704645146,695.3318964550814,766.6904591346522
704.0517478261278,704.0517478261278,702.0460889111082,695.280194301567,766.6904591346522
695.8446094911359,695.8446094911359,693.7524051927631,694.7510130976096,766.6904591346522
693.9525229565629,693.9525229565629,691.1025660876978,694.3503000471262,766.6904591346522
698.8856666141552,698.8856666141552,690.4667020713366,695.1216497651337,766.6904591346522
697.9626547440894,697.9626547440894,687.5972816241967,694.5147906247919,766.6904591346522
697.3461290425033,697.3461290425033,684.4608926381445,694.7368767672629,766.6904591346522
704.1616783200974,704.1616783200974,690.3983698215382,696.0806879998855,766.6904591346522
699.1641769950905,699.1641769950905,687.4268520639548,695.0275545509086,766.6904591346522
697.9490062667536,697.9490062667536,688.4256005831733,694.6781310525668,766.6904591346522
699.212019429478,699.212019429478,693.4854460593214,694.9476367345543,766.6904591346522
697.0485046258176,697.0485046258176,698.0554963107958,695.7397509785498,766.6904591346522
694.2074930070693,694.2074930070693,706.5576017624678,697.0961819715826,766.6904591346522
699.3838004483654,699.3838004483654,706.6554350697909,697.4319073038133,766.6904591346522
694.0868864653706,694.0868864653706,703.2190789049465,695.9834731185979,766.6904591346522
699.6237209129467,699.6237209129467,702.7162994280543,695.3356382138204,766.6904591346522
696.386541793022,696.386541793022,703.4388095883766,694.6018262655892,766.6904591346522
694.7994354593643,694.7994354593643,699.7085643856822,694.6540399492525,766.6904591346522
703.2155715290484,703.2155715290484,699.4272189940204,693.9684215800053,766.6904591346522
695.7978324059426,695.7978324059426,698.138813477762,694.2688168393012,766.6904591346522
697.9078020330844,697.9078020330844,702.3631819384565,697.2375604372562,766.6904591346522
698.8325656380003,698.8325656380003,693.7796053278469,696.0458216655846,766.6904591346522
693.1934419127881,693.1934419127881,685.7562294138529,695.217265367883,766.6904591346522
692.6888327768227,692.6888327768227,686.8305606556085,695.6699482996619,766.6904591346522
689.7468002568722,689.7468002568722,687.8075124816138,694.5963241513664,766.6904591346522
701.7083268868219,701.7083268868219,687.44977201306,693.8548737130745,766.6904591346522
692.4671348142194,692.4671348142194,688.0233047867209,693.3866486011367,766.6904591346522
691.9025647020641,691.9025647020641,685.4230809209114,693.4691164525946,766.6904591346522
698.0894651217765,698.0894651217765,687.0050454465602,694.0586390389345,766.6904591346522
699.786286852326,699.786286852326,685.6262354014937,693.7444015135096,766.6904591346522
697.7808045420472,697.7808045420472,678.7838186966136,694.1215471608969,766.6904591346522
691.6677107344916,691.6677107344916,682.7267347777845,694.4763699736301,766.6904591346522
691.0852645454192,691.0852645454192,682.1527308629978,693.7923012622331,766.6904591346522
699.4255898499837,699.4255898499837,681.3535346119813,694.2407085997605,766.6904591346522
694.7309628097281,694.7309628097281,683.7694307404688,694.0454387940586,766.6904591346522
698.2562391655882,698.2562391655882,689.8858389156214,695.9456372532717,766.6904591346522
693.2900528327119,693.2900528327119,689.9819277031413,694.409267280544,766.6904591346522
695.5924527301022,695.5924527301022,688.7720631088093,693.7412386731041,766.6904591346522
686.40653895286,686.40653895286,680.4467438379681,692.9391295895923,766.6904591346522
694.4143941792869,694.4143941792869,679.5485672863654,692.4952725833292,766.6904591346522
692.9984810538721,692.9984810538721,681.8645754405013,692.1076185198816,766.6904591346522
691.6053372943954,691.6053372943954,679.7719767682206,691.2759804191512,766.6904591346522
693.4783746139593,693.4783746139593,681.672176923132,689.9782288310428,766.6904591346522
690.7963970781886,690.7963970781886,686.253558269331,690.439130938882,766.6904591346522
695.8953646185996,695.8953646185996,688.4536484993197,690.7432745395372,766.6904591346522
693.2558231085486,693.2558231085486,679.5428786638174,689.4384141289501,766.6904591346522
693.3318096774677,693.3318096774677,674.6598855811526,688.1129640595072,766.6904591346522
693.0892183936807,693.0892183936807,674.7832268529307,687.8170610179743,766.6904591346522
691.8617765478425,691.8617765478425,680.6177282956606,686.9847177276329,766.6904591346522
691.7845913491493,691.7845913491493,678.4150500962662,686.0308533690122,766.6904591346522
688.5214558954918,688.5214558954918,671.2796332769869,685.5553310823759,766.6904591346522
696.5720054490703,696.5720054490703,676.4372160686524,686.1542058506599,766.6904591346522
698.0817903577403,698.0817903577403,674.03705564813,686.0351589221162,766.6904591346522
692.4220884176945,692.4220884176945,670.4216545382124,686.3029486289848,766.6904591346522
693.9721249460388,693.9721249460388,664.1050784404968,685.4709498133691,766.6904591346522
697.127088494891,697.127088494891,665.9909636250769,685.117150529126,766.6904591346522
691.629453259596,691.629453259596,675.3023315009211,686.2812518320624,766.6904591346522
687.1486946532655,687.1486946532655,676.1658919819951,684.9705654500658,766.6904591346522
693.1133493575446,693.1133493575446,676.8105574152645,684.8614587978948,766.6904591346522
689.631633205566,689.631633205566,680.1153375315865,684.3688007586948,766.6904591346522
690.9058177824761,690.9058177824761,681.856460319635,683.2295339344388,766.6904591346522
690.33549718305,690.33549718305,680.4578759606832,682.6346817806375,766.6904591346522
696.0297465834941,696.0297465834941,679.3349920180212,680.5906369732268,766.6904591346522
687.7594857808338,687.7594857808338,678.0296606080071,680.5777937366281,766.6904591346522
690.3616893445974,690.3616893445974,686.3732075443279,682.1017755412454,766.6904591346522
693.8331068261963,693.8331068261963,694.4562608363955,683.4651428107942,766.6904591346522
692.622631866701,692.622631866701,685.2418775280082,682.6418654199888,766.6904591346522
691.5160174542984,691.5160174542984,685.3689520467595,682.1026429822813,766.6904591346522
693.1907828655363,693.1907828655363,689.5124672806897,682.8785084552287,766.6904591346522
690.7137452120794,690.7137452120794,694.889384179224,683.7189148989872,766.6904591346522
691.167106073908,691.167106073908,696.8185519282663,682.1206079324007,766.6904591346522
690.0408875169935,690.0408875169935,693.9646087568998,682.6716824664481,766.6904591346522
688.2259225017718,688.2259225017718,695.2453259296359,682.4884562763835,766.6904591346522
695.2794677004623,695.2794677004623,692.2933906001624,681.670359725539,766.6904591346522
688.9808489695223,688.9808489695223,686.9397116161779,681.9282153681582,766.6904591346522
689.1249841482198,689.1249841482198,683.3888224889791,682.652952905978,766.6904591346522
691.889619162873,691.889619162873,693.2013595725574,683.6774763771562,766.6904591346522
687.5419848333605,687.5419848333605,692.7062430570228,683.5592754095035,766.6904591346522
688.0116231594326,688.0116231594326,685.540259919268,682.58555134977,766.6904591346522
683.6623033179561,683.6623033179561,681.4777741175675,682.8892226422017,766.6904591346522
690.7241675300684,690.7241675300684,679.4908384265115,682.2620118783802,766.6904591346522
686.8243692197574,686.8243692197574,680.0769200384032,682.1417195185719,766.6904591346522
688.8052576083536,688.8052576083536,677.9277144865457,681.643453001093,766.6904591346522
685.5722438186805,685.5722438186805,684.2731865165002,682.2542901064427,766.6904591346522
690.2657228931212,690.2657228931212,690.712242209549,683.3167776619744,766.6904591346522
691.0005020938613,691.0005020938613,685.2743074264833,681.7306466081504,766.6904591346522
687.8669062060216,687.8669062060216,677.3392349349497,681.1489378235179,766.6904591346522
691.327308034599,691.327308034599,678.117710946256,681.4284049769929,766.6904591346522
688.2647385169198,688.2647385169198,677.6235301469209,682.0209086115607,766.6904591346522
689.6781396514374,689.6781396514374,680.4594445907235,683.0713981030735,766.6904591346522
684.6083523468228,684.6083523468228,683.9711942455772,682.6833356393954,766.6904591346522
690.6263422491938,690.6263422491938,691.7027624305001,684.5278766510278,766.6904591346522
683.9040849648587,683.9040849648587,700.3730225239817,685.3836221212629,766.6904591346522
691.9127864582692,691.9127864582692,699.8310941896216,684.9697972905008,766.6904591346522
686.4783744577418,686.4783744577418,689.6667023806156,683.5593884382334,766.6904591346522
688.7345498221534,688.7345498221534,693.730848318847,684.5682405391564,766.6904591346522
689.7921497383093,689.7921497383093,694.6918982143926,685.1553403501658,766.6904591346522
689.3199228222904,689.3199228222904,697.7192003834276,686.0155996830922,766.6904591346522
688.7250421146261,688.7250421146261,701.2363512180877,686.1446331960459,766.6904591346522
692.1293773863696,692.1293773863696,695.2977370059259,686.4479354850055,766.6904591346522
689.2200571588636,689.2200571588636,697.8999926011059,688.0074075042191,766.6904591346522
688.7981705955739,688.7981705955739,696.6549813826169,688.5714297138205,766.6904591346522
691.0195085448639,691.0195085448639,686.1205995727247,687.8003309061818,766.6904591346522
690.4547912809678,690.4547912809678,682.1653996017409,687.3185463032064,766.6904591346522
684.6305853662228,684.6305853662228,688.4406806858913,688.4265088873123,766.6904591346522
687.0176858445968,687.0176858445968,687.5913058800045,688.8883089901418,766.6904591346522
684.1279254167412,684.1279254167412,686.3882168602606,687.3725174220338,766.6904591346522
686.9526736808241,686.9526736808241,679.715677082331,686.7255567031593,766.6904591346522
690.9396878279426,690.9396878279426,679.1440408623967,686.6113298854726,766.6904591346522
688.4694987898054,688.4694987898054,682.5316291472536,686.9311938081388,766.6904591346522
683.3509393839809,683.3509393839809,681.4412166704284,687.9243587743778,766.6904591346522
683.1815193457064,683.1815193457064,667.705881757027,686.0210308730893,766.6904591346522
688.2309631852751,688.2309631852751,672.1109531206656,686.3555231267106,766.6904591346522
685.7588502663369,685.7588502663369,668.6447136146094,685.4415569045268,766.6904591346522
691.2808796354396,691.2808796354396,670.06903342804,685.1656740640548,766.6904591346522
683.5735764236892,683.5735764236892,670.9911211525314,684.195281053369,766.6904591346522
681.4114059829149,681.4114059829149,673.384704939249,685.0010829042818,766.6904591346522
686.877786347558,686.877786347558,675.5381999120569,684.7594062762188,766.6904591346522
686.2631960760896,686.2631960760896,672.4014389995409,683.1891242292429,766.6904591346522
687.3165382869593,687.3165382869593,668.7584196357994,681.705000899454,766.6904591346522
683.9646523611258,683.9646523611258,669.1397042059476,682.388589229914,766.6904591346522
687.6628228561343,687.6628228561343,678.9942360958391,683.0269563408774,766.6904591346522
689.8443648607492,689.8443648607492,685.1271915905288,684.3318962588893,766.6904591346522
683.2666391814523,683.2666391814523,685.3630041152094,684.0554796075362,766.6904591346522
692.5619473079375,692.5619473079375,679.115893043219,683.600910349463,766.6904591346522
687.5716867561897,687.5716867561897,681.1036018438247,683.7382369243383,766.6904591346522
685.9832205272866,685.9832205272866,681.754224519687,682.7116558937078,766.6904591346522
685.4615080848444,685.4615080848444,684.6665929474982,683.1514762543139,766.6904591346522
685.1214378218896,685.1214378218896,691.2235354974508,684.3257793448796,766.6904591346522
680.8371002294406,680.8371002294406,688.8397161861596,683.1773893131726,766.6904591346522
688.4957172201565,688.4957172201565,688.4247245607788,684.1753664567676,766.6904591346522
680.6001448346543,680.6001448346543,688.5187869743902,684.7153297280747,766.6904591346522
685.5552160055659,685.5552160055659,681.1379361969135,684.9739406009628,766.6904591346522
685.0249333200042,685.0249333200042,685.8248211060329,684.3658065254427,766.6904591346522
683.1012194680595,683.1012194680595,691.0313371190593,683.664729331365,766.6904591346522
689.253462277727,689.253462277727,694.3972948050608,685.5628344000537,766.6904591346522
690.9167352971781,690.9167352971781,695.4552438882935,686.3348576843765,766.6904591346522
685.0278124829233,685.0278124829233,695.7625991782816,686.680453900719,766.6904591346522
690.7499485129665,690.7499485129665,688.1609225273808,686.4332578209713,766.6904591346522
677.0927561797417,677.0927561797417,693.7303725277501,685.8315749005777,766.6904591346522
684.4950185048522,684.4950185048522,691.3750208922535,685.6561317861028,766.6904591346522
684.8057986369864,684.8057986369864,684.8047326937442,683.3357237807235,766.6904591346522
685.6364779344802,685.6364779344802,681.9270722894382,681.2847505540542,766.6904591346522
684.8032834829934,684.8032834829934,677.8809332520707,679.9757743379326,766.6904591346522
685.7362574937135,685.7362574937135,673.2103708044315,680.3734630161282,766.6904591346522
683.357506534766,683.357506534766,671.5131753405738,681.119299804399,766.6904591346522
682.6386337120051,682.6386337120051,668.4796061806644,681.0923992776309,766.6904591346522
683.4629954740959,683.4629954740959,668.7076408159433,680.8781419872222,766.6904591346522
686.0979694035968,686.0979694035968,672.3015135048429,680.6462902783225,766.6904591346522
686.8267880749797,686.8267880749797,671.0174776340313,680.9755230261987,766.6904591346522
678.9650232752367,678.9650232752367,670.6139712617208,680.1989275182258,766.6904591346522
682.2967845901164,682.2967845901164,672.4514671886102,678.4950209419221,766.6904591346522
678.0311687151121,678.0311687151121,675.0076587752515,679.0621623945594,766.6904591346522
681.6079262268432,681.6079262268432,677.537688139894,679.0502320455631,766.6904591346522
685.196736520608,685.196736520608,682.940594063836,679.273445691717,766.6904591346522
685.6587552319409,685.6587552319409,682.4887115914624,680.0987809466907,766.6904591346522
687.6911592221472,687.6911592221472,683.8398207468814,680.582720054955,766.6904591346522
680.1353530851343,680.1353530851343,678.5578274313164,680.6465720570192,766.6904591346522
684.3412396830304,684.3412396830304,673.3113605785378,679.4797542215506,766.6904591346522
676.5112653412091,676.5112653412091,676.6940365912467,679.8080045149975,766.6904591346522
681.1690536220513,681.1690536220513,676.1539836076246,679.141480905665,766.6904591346522
683.9510196407608,683.9510196407608,675.1060712739649,679.9750588453097,766.6904591346522
686.8782327465456,686.8782327465456,676.4458237145661,679.9291365133396,766.6904591346522
682.1537485311081,682.1537485311081,675.1226288005308,680.3458150827475,766.6904591346522
682.0565049289559,682.0565049289559,670.9641183987457,679.4524626858582,766.6904591346522
682.8393387322086,682.8393387322086,673.8683521485841,680.6742271459012,766.6904591346522
675.8963987331924,675.8963987331924,671.5030646655925,680.2063920002237,766.6904591346522
679.2043155150916,679.2043155150916,677.3043369640027,680.9997994674083,766.6904591346522
689.84396786108,689.84396786108,685.9876623075762,682.1969988831577,766.6904591346522
685.9340993253452,685.9340993253452,682.0761873322426,682.4715580542861,766.6904591346522
681.8523445719591,681.8523445719591,685.4920000531725,682.41194007511,766.6904591346522
684.1132139184786,684.1132139184786,684.9345193054618,681.1631154872343,766.6904591346522
680.167743806441,680.167743806441,685.0105244203398,679.9058030793017,766.6904591346522
684.4086017548672,684.4086017548672,679.4781471747878,679.1688436946633,766.6904591346522
687.5528145793604,687.5528145793604,677.2553401415835,679.0803521055312,766.6904591346522
681.52834206519,681.52834206519,673.9402428036813,679.2415553378725,766.6904591346522
680.106199534042,680.106199534042,672.8042906943449,678.4164052351553,766.6904591346522
682.256846161859,682.256846161859,667.0953179368618,677.4855444652811,766.6904591346522
683.1546275878334,683.1546275878334,665.7469138090595,677.1016745454793,766.6904591346522
681.7587590748474,681.7587590748474,665.3100970346711,677.7656342239884,766.6904591346522
678.7141715426067,678.7141715426067,665.0103424629114,677.7290636555366,766.6904591346522
687.648065913772,687.648065913772,672.7545602099874,678.0102701343537,766.6904591346522
684.2218767389475,684.2218767389475,674.9869461934114,678.6756050786014,766.6904591346522
683.9215726911312,683.9215726911312,681.5519465109363,678.3142687756439,766.6904591346522
682.2678251833473,682.2678251833473,681.9636089543108,677.2668064725814,766.6904591346522
684.6970825120037,684.6970825120037,679.124660192192,676.1870284152988,766.6904591346522
683.5150780409411,683.5150780409411,678.9798612146135,675.1213287004194,766.6904591346522
687.9403510644901,687.9403510644901,686.509159375543,675.6348565047334,766.6904591346522
688.1571344474703,688.1571344474703,688.3652087099555,677.1425317819943,766.6904591346522
684.4392641945723,684.4392641945723,687.6440349402329,676.5483667064848,766.6904591346522
678.1445573638,678.1445573638,687.3819403313357,676.9304475433529,766.6904591346522
680.1696288326573,680.1696288326573,677.0130422477052,676.4519320451459,766.6904591346522
678.2511038400808,678.2511038400808,676.590007513289,677.6081921233715,766.6904591346522
682.6947797372843,682.6947797372843,675.0211972796535,677.7423215811605,766.6904591346522
683.5638564690514,683.5638564690514,678.3126298752832,678.2872582867517,766.6904591346522
680.8303571324976,680.8303571324976,674.8752875474121,676.8594508566664,766.6904591346522
681.5586226271844,681.5586226271844,678.4021967401766,677.1058468123218,766.6904591346522
678.5393884526666,678.5393884526666,677.4296831683893,677.3792649752227,766.6904591346522
679.0794920601419,679.0794920601419,672.8680869933361,677.255846479693,766.6904591346522
678.1844690407303,678.1844690407303,671.4936006343517,676.6435913065491,766.6904591346522
685.3285049339137,685.3285049339137,676.6166560174786,678.1309844945046,766.6904591346522
682.6089194966726,682.6089194966726,684.0285368176145,678.7673459709467,766.6904591346522
681.7977429171582,681.7977429171582,678.7810556799379,678.3628715043088,766.6904591346522
681.7292520439441,681.7292520439441,674.7436612676438,677.1835162067105,766.6904591346522
684.5005825286895,684.5005825286895,670.9805150388308,675.8952424817508,766.6904591346522
682.6626042374406,682.6626042374406,676.7492184669702,675.7115522317679,766.6904591346522
681.4578137869887,681.4578137869887,681.4700092424637,676.6318845114382,766.6904591346522
678.4680150621399,678.4680150621399,683.1108644307199,678.2898723751032,766.6904591346522
681.4789275755186,681.4789275755186,686.628947939869,679.9193639519592,766.6904591346522
685.7707968554352,685.7707968554352,692.3382421705589,679.7724324224114,766.6904591346522
682.3613493906024,682.3613493906024,687.1650827517537,680.3332043233304,766.6904591346522
681.4085493055169,681.4085493055169,686.4304481146917,681.0322213390921,766.6904591346522
680.7612999978493,680.7612999978493,692.1920386195994,681.5121144853156,766.6904591346522
682.8406680953599,682.8406680953599,691.7669031590942,680.5123710784231,766.6904591346522
679.0315085964821,679.0315085964821,695.9469383221264,680.8918064664269,766.6904591346522
686.5217068429771,686.5217068429771,692.9166760206673,679.5212170061844,766.6904591346522
678.3908624368784,678.3908624368784,688.8237859236943,680.0960287630587,766.6904591346522
682.8303454762859,682.8303454762859,682.7792053809274,679.3848460584882,766.6904591346522
679.4326329109023,679.4326329109023,678.8271912369772,678.4872697378395,766.6904591346522
682.5092410828614,682.5092410828614,682.3924328313537,679.8356815222338,766.6904591346522
681.991638372518,681.991638372518,680.3051532571653,679.295834964129,766.6904591346522
680.245061676261,680.245061676261,680.3477803172798,680.1148735414558,766.6904591346522
679.1209558607826,679.1209558607826,677.4919549876148,680.0084005987705,766.6904591346522
683.3265476946203,683.3265476946203,682.137664467159,681.0442745368975,766.6904591346522
680.137150118864,680.137150118864,678.1252665525104,681.0657917486124,766.6904591346522
684.421491219755,684.421491219755,680.214479485864,680.7760643426211,766.6904591346522
683.8419507538366,683.8419507538366,677.2748066962718,680.990131963444,766.6904591346522
682.2249085769853,682.2249085769853,680.4227361190482,682.0503296949256,766.6904591346522
677.5335676431132,677.5335676431132,679.6640725843869,681.2707014929049,766.6904591346522
680.6364556548806,680.6364556548806,666.9321584014799,680.1600937955955,766.6904591346522
682.4685866041275,682.4685866041275,665.1663007890355,679.3270266293539,766.6904591346522
679.7639103875532,679.7639103875532,665.7908142591069,678.7221243512796,766.6904591346522
684.5277250421972,684.5277250421972,668.1366851942124,678.6383483989307,766.6904591346522
682.5702815747251,682.5702815747251,666.84792914756,678.103471064222,766.6904591346522
681.6827955851086,681.6827955851086,673.372582801637,679.3475865180776,766.6904591346522
679.3378007620439,679.3378007620439,676.306600161008,680.2124523363844,766.6904591346522
675.840185761948,675.840185761948,682.7770709691699,681.7495739143553,766.6904591346522
681.5074103563671,681.5074103563671,676.8743778317746,680.1233733861719,766.6904591346522
682.4286239235199,682.4286239235199,675.3923088475174,678.6761215204174,766.6904591346522
682.6661001660249,682.6661001660249,681.8126666890751,678.9938201453639,766.6904591346522
683.4975070273517,683.4975070273517,682.7991529731255,678.4104691577118,766.6904591346522
678.4113519096267,678.4113519096267,686.23942451192,680.5674008041226,766.6904591346522
680.0413547166751,680.0413547166751,678.8282995564704,679.0860068075668,766.6904591346522
675.4221170377604,675.4221170377604,681.5641870732122,679.4120690229339,766.6904591346522
681.2760571863209,681.2760571863209,675.8909558146829,678.8632517059576,766.6904591346522
681.6203955834372,681.6203955834372,673.199243297541,679.8772434864102,766.6904591346522
683.6584187993051,683.6584187993051,668.5630287302479,679.7817403123695,766.6904591346522
680.8571091050035,680.8571091050035,673.7068105937379,679.3787988712415,766.6904591346522
685.1297082920494,685.1297082920494,675.9144349994687,679.2853911216438,766.6904591346522
683.3733460894506,683.3733460894506,672.7592956369383,679.2469591458813,766.6904591346522
683.5620047187015,683.5620047187015,673.0607317236029,677.6992842989367,766.6904591346522
675.8571661755595,675.8571661755595,665.8243188760732,676.9265572158143,766.6904591346522
678.7513150596035,678.7513150596035,668.9664369105859,677.1230830536966,766.6904591346522
679.6089769446314,679.6089769446314,674.9689941522747,679.4571355998601,766.6904591346522
680.6251885957959,680.6251885957959,675.6402213064924,679.7951929594899,766.6904591346522
680.4606804067944,680.4606804067944,675.2790096129809,679.5832017156124,766.6904591346522
678.5215604216455,678.5215604216455,673.1780840067079,678.1233552652183,766.6904591346522
677.805671110649,677.805671110649,671.9086248782735,677.1383509607523,766.6904591346522
678.8735700761442,678.8735700761442,673.4450930801544,676.6486201497011,766.6904591346522
679.5231111834521,679.5231111834521,678.5841748577955,676.4961456833285,766.6904591346522
678.0002450618424,678.0002450618424,681.6774061759348,676.6017489837728,766.6904591346522
685.786213691749,685.786213691749,681.8209562163631,676.0046588361486,766.6904591346522
683.2744162060059,683.2744162060059,686.9676233908397,676.0782000079447,766.6904591346522
678.5223484290859,678.5223484290859,678.3676443062822,676.7772838292976,766.6904591346522
679.3736631071561,679.3736631071561,684.8525006078448,677.5763054166335,766.6904591346522
677.800132436026,677.800132436026,686.1543738900034,678.2307412894793,766.6904591346522
682.5046338648787,682.5046338648787,689.9856364191403,678.3557253643075,766.6904591346522
674.2434142687233,674.2434142687233,691.2739627312698,678.8373024308207,766.6904591346522
680.0190002590725,680.0190002590725,696.0384348611186,680.0908688745293,766.6904591346522
679.2271245203686,679.2271245203686,698.0344562379399,679.6245503646456,766.6904591346522
682.2786612392786,682.2786612392786,696.7624880876199,679.8932159498638,766.6904591346522
680.838796403222,680.838796403222,699.4947314295168,679.834049058596,766.6904591346522
684.9587382590928,684.9587382590928,699.3416552524607,680.4481400609137,766.6904591346522
682.4453841221248,682.4453841221248,701.9127999049547,680.7323109168568,766.6904591346522
683.9385546422168,683.9385546422168,697.4622277832575,681.4436976627829,766.6904591346522
685.6871571405579,685.6871571405579,697.5535079138224,681.6985469750712,766.6904591346522
682.1464850557498,682.1464850557498,692.2460864167954,681.3499813084123,766.6904591346522
680.7307563155952,680.7307563155952,690.8165641828016,680.9160680435713,766.6904591346522
676.4232235804203,676.4232235804203,685.3991935677815,681.2378930712081,766.6904591346522
684.4575701680468,684.4575701680468,682.3142183688867,682.7009623581272,766.6904591346522
680.061962467557,680.061962467557,679.3717423831682,682.7343042686903,766.6904591346522
686.0815294405064,686.0815294405064,675.8663972354054,681.8491656538557,766.6904591346522
676.4980565470134,676.4980565470134,671.2274588835622,681.0662947987838,766.6904591346522
684.2655373907089,684.2655373907089,669.7361594912826,681.3099569856013,766.6904591346522
686.4364480414793,686.4364480414793,665.6207939485822,679.893339892172,766.6904591346522
680.6770535254966,680.6770535254966,662.6126107651132,678.9597490958922,766.6904591346522
682.2817124461257,682.2817124461257,667.9902844087414,678.3926239963266,766.6904591346522
680.2357771880628,680.2357771880628,666.8047389305186,678.9021402633202,766.6904591346522
681.5250282666238,681.5250282666238,664.1649119201902,678.9924136857427,766.6904591346522
684.9895852035676,684.9895852035676,667.833978094274,679.9052246391668,766.6904591346522
676.8993847248864,676.8993847248864,674.0271375936497,680.9799011927951,766.6904591346522
679.0748204876008,679.0748204876008,678.6419509138759,680.329670934247,766.6904591346522
680.3398291614826,680.3398291614826,682.2061936721536,681.7418736219205,766.6904591346522
681.3544886723168,681.3544886723168,681.4695796807189,681.2910355071026,766.6904591346522
680.2385684390829,680.2385684390829,689.0425406767564,682.5236568645867,766.6904591346522
681.8837706924827,681.8837706924827,692.8745129254112,682.8948030214664,766.6904591346522
677.9392404395464,677.9392404395464,692.5494597324142,683.18991019676,766.6904591346522
684.2077878708452,684.2077878708452,697.1771878368719,683.5962157119471,766.6904591346522
680.5337622963534,680.5337622963534,697.6600341853073,683.3415335229105,766.6904591346522
677.6040662760698,677.6040662760698,686.8628382495174,682.7259331616826,766.6904591346522
682.6681801414024,682.6681801414024,676.2315396324999,681.6140627745744,766.6904591346522
678.0126603468482,678.0126603468482,675.989238837745,682.3626549265812,766.6904591346522
675.930051717519,675.930051717519,676.016228901792,683.1518320201617,766.6904591346522
680.2262929842587,680.2262929842587,681.7777223842044,682.6527811534886,766.6904591346522
676.4385146435914,676.4385146435914,679.0517199049244,683.205956584273,766.6904591346522
684.2385217997814,684.2385217997814,680.9629495009052,684.0315909990512,766.6904591346522
685.7843069501142,685.7843069501142,681.3078173482065,684.8158568650596,766.6904591346522
680.7721742650466,680.7721742650466,681.2529223590217,685.4650752080967,766.6904591346522
674.7540474955078,674.7540474955078,679.7002009609511,684.5925550990697,766.6904591346522
685.1520206683068,685.1520206683068,691.077980913313,685.2246943727863,766.6904591346522
681.173517857001,681.173517857001,692.9615397621316,683.8708894918138,766.6904591346522
681.9644667719003,681.9644667719003,693.8585284150433,684.7701693663173,766.6904591346522
675.511680453208,675.511680453208,691.884211059181,684.1351495538299,766.6904591346522
683.4014377782999,683.4014377782999,684.6872512453167,683.9167025412955,766.6904591346522
680.2817763397877,680.2817763397877,684.2305164526173,683.0815597532277,766.6904591346522
676.6746782269483,676.6746782269483,676.1998421483045,682.0406846507113,766.6904591346522
679.7407072980943,679.7407072980943,671.1967888537965,681.0580873519908,766.6904591346522
683.7463921230535,683.7463921230535,668.8325553790944,680.9767937376616,766.6904591346522
681.4594572191304,681.4594572191304,674.0679153029673,680.1984511874394,766.6904591346522
684.3365216521485,684.3365216521485,669.0645274279336,679.4307086107849,766.6904591346522
675.6803722406714,675.6803722406714,672.900195722262,679.0984310187423,766.6904591346522
678.5134611183837,678.5134611183837,668.8927168957255,678.6497664595589,766.6904591346522
682.8208784034568,682.8208784034568,662.1849411715564,676.703806737649,766.6904591346522
682.6695097646206,682.6695097646206,665.1168640293898,676.5575153661825,766.6904591346522
680.6616036623211,680.6616036623211,665.575558848614,676.7042259662988,766.6904591346522
679.8628283568019,679.8628283568019,668.9882998903055,676.327643046008,766.6904591346522
676.0734465049242,676.0734465049242,673.8451088994522,677.3778918485222,766.6904591346522
680.9682220108357,680.9682220108357,673.5949302209987,677.5324669453012,766.6904591346522
676.3631775442674,676.3631775442674,668.5161767369084,676.8218478212648,766.6904591346522
683.6426951331651,683.6426951331651,670.9795375536776,677.1637724477432,766.6904591346522
675.4500649736062,675.4500649736062,670.5931145790148,677.3427054579115,766.6904591346522
673.0695199871257,673.0695199871257,672.7903261044399,678.034552233366,766.6904591346522
679.3149672138841,679.3149672138841,676.8782776221503,677.8339704853668,766.6904591346522
677.6885936187491,677.6885936187491,680.2099564356089,678.6522747550479,766.6904591346522
676.2324207855828,676.2324207855828,681.3525261536657,679.8505724073154,766.6904591346522
682.356924709303,682.356924709303,678.8320177822964,679.5715244494445,766.6904591346522
680.5440855910095,680.5440855910095,678.0140677200122,679.3826485107763,766.6904591346522
686.1721455265034,686.1721455265034,675.0551292298171,679.1825450051608,766.6904591346522
684.0340410201629,684.0340410201629,682.8470832006864,680.558282077364,766.6904591346522
681.7802721575413,681.7802721575413,678.3406657883049,679.2651099865493,766.6904591346522
680.4169310856363,680.4169310856363,678.5777626798105,678.2528304751437,766.6904591346522
681.3147573236324,681.3147573236324,675.8764517103256,677.4814523926558,766.6904591346522
685.0966799681156,685.0966799681156,672.7270522740022,675.9381422057363,766.6904591346522
678.6764544255394,678.6764544255394,667.1700490939432,675.7923686376927,766.6904591346522
676.1555981414703,676.1555981414703,665.5181116236151,675.1456865966873,766.6904591346522
681.5768655554349,681.5768655554349,665.9703871438944,674.190699293141,766.6904591346522
677.6160668504234,677.6160668504234,666.5646967367894,674.1856959116512,766.6904591346522
676.1256144091844,676.1256144091844,666.8830228438062,673.1237120065475,766.6904591346522
677.4515875667868,677.4515875667868,663.5151403807874,673.7293033164601,766.6904591346522
679.0743284865104,679.0743284865104,667.5560761157903,675.403757559804,766.6904591346522
685.7140433690959,685.7140433690959,666.6680795387844,676.3401384564006,766.6904591346522
678.6285602269843,678.6285602269843,667.1331317388483,675.7102309728766,766.6904591346522
680.1166963872461,680.1166963872461,671.9895721344858,675.1328108522752,766.6904591346522
676.217420877539,676.217420877539,674.9133276872091,674.4194896982937,766.6904591346522
679.1004726218763,679.1004726218763,674.2391380089915,674.1831702175008,766.6904591346522
680.0959684633166,680.0959684633166,673.0167812879588,672.6014656505519,766.6904591346522
678.4140732800633,678.4140732800633,674.7420073160979,672.8725339052296,766.6904591346522
680.6256238651586,680.6256238651586,673.8697370743905,671.6470749496215,766.6904591346522
680.9018024988445,680.9018024988445,666.9508590386205,671.1794349319939,766.6904591346522
677.2938589432438,677.2938589432438,662.3196188291522,669.6520851429718,766.6904591346522
678.257644489027,678.257644489027,662.1372151123834,670.175273526451,766.6904591346522
678.2253789899919,678.2253789899919,664.2333043726524,669.7851861643983,766.6904591346522
680.0315966379225,680.0315966379225,664.6701790653931,669.6900044535174,766.6904591346522
679.3837837913043,679.3837837913043,667.3452611654326,670.9510916823168,766.6904591346522
676.3332045241108,676.3332045241108,667.8037198773828,670.8978109024539,766.6904591346522
679.585093997518,679.585093997518,670.6432721708904,671.4901516550691,766.6904591346522
677.2706340054876,677.2706340054876,669.7268804856708,672.5785522316044,766.6904591346522
682.0870997299861,682.0870997299861,672.014653640276,672.2834946018577,766.6904591346522
680.0615889621632,680.0615889621632,677.8554768254428,671.9369472364891,766.6904591346522
680.6682800083008,680.6682800083008,675.0522814294577,670.8496359432766,766.6904591346522
681.1919600282863,681.1919600282863,673.3567240895666,670.2665791999119,766.6904591346522
677.6874170138974,677.6874170138974,679.3968593383518,671.8860146529234,766.6904591346522
683.710122272156,683.710122272156,683.6231051898033,673.977637257167,766.6904591346522
683.5238815979699,683.5238815979699,681.1014537500688,674.1480096264526,766.6904591346522
678.4762682629517,678.4762682629517,682.4297928539324,674.2686577035174,766.6904591346522
681.4137105993373,681.4137105993373,684.3323828063633,674.5589682382806,766.6904591346522
673.8986367709647,673.8986367709647,682.1346569095844,674.2364618336309,766.6904591346522
686.5628613690591,686.5628613690591,680.8616087936774,673.7368303163934,766.6904591346522
676.2188830260928,676.2188830260928,683.0323685736555,674.8401856038383,766.6904591346522
683.7738537036282,683.7738537036282,686.9990067138388,674.0535297753087,766.6904591346522
678.0027236755799,678.0027236755799,692.4278581379446,674.6335279116979,766.6904591346522
673.9757226024674,673.9757226024674,687.0446146209264,674.7368723562208,766.6904591346522
676.8810265292254,676.8810265292254,686.1970378315417,675.8413892990451,766.6904591346522
681.6826752812532,681.6826752812532,685.2895464293549,675.1639276252016,766.6904591346522
683.8399935007851,683.8399935007851,682.9887260994362,674.5958976926715,766.6904591346522
679.8416287123649,679.8416287123649,672.0556733186813,673.2036993455577,766.6904591346522
679.7791277074568,679.7791277074568,676.8001438057238,673.9936770507733,766.6904591346522
678.0688616393735,678.0688616393735,677.4065239784348,674.2071092661171,766.6904591346522
680.4961420165549,680.4961420165549,673.1817232553983,672.9071136147809,766.6904591346522
680.4214951805776,680.4214951805776,675.7039918901824,673.5261949956842,766.6904591346522
675.5940702529557,675.5940702529557,674.4694369618214,673.8118627681001,766.6904591346522
681.0230586264914,681.0230586264914,680.3973233616465,675.6410466864852,766.6904591346522
679.0444917176101,679.0444917176101,675.7318961295302,676.4423580701508,766.6904591346522
680.3438515146875,680.3438515146875,675.8058182793653,676.8910814622861,766.6904591346522
683.6703588933732,683.6703588933732,677.843218460591,677.0609190600667,766.6904591346522
675.0815821718215,675.0815821718215,681.06042771556,676.2217074598907,766.6904591346522
680.7871328125084,680.7871328125084,680.3987659344175,676.7604908902988,766.6904591346522
676.3825791152002,676.3825791152002,679.5651787483923,676.7435404470343,766.6904591346522
680.0722757527619,680.0722757527619,679.4265530211937,676.0893961428623,766.6904591346522
678.2970027115724,678.2970027115724,680.1072638013278,676.0364325327918,766.6904591346522
680.5047510960868,680.5047510960868,680.4304980902035,676.564346478384,766.6904591346522
680.8759484075237,680.8759484075237,671.3133880315581,676.477097945027,766.6904591346522
686.2111364486826,686.2111364486826,675.9512015878196,677.2346839608176,766.6904591346522
681.712568028488,681.712568028488,670.9774696934485,676.1039098635341,766.6904591346522
673.3858563706297,673.3858563706297,668.5185690252795,675.9168052633245,766.6904591346522
675.5740700756401,675.5740700756401,679.5076159619966,677.5198743946983,766.6904591346522
683.0081113967658,683.0081113967658,676.0346643074166,677.0190222885626,766.6904591346522
675.5838927986136,675.5838927986136,676.0542514846153,677.1804433290791,766.6904591346522
678.0091605044987,678.0091605044987,680.6878144263324,678.8367872204045,766.6904591346522
674.3750343261642,674.3750343261642,679.9580450175522,679.5641177704716,766.6904591346522
681.5467451165531,681.5467451165531,680.5301765114496,680.2429387581969,766.6904591346522
681.9641557802046,681.9641557802046,678.2958158484895,679.2896002401944,766.6904591346522
681.734559814716,681.734559814716,679.5397100375947,680.208590155258,766.6904591346522
675.462730769567,675.462730769567,683.6359212085665,679.362041872161,766.6904591346522
683.7603294403051,683.7603294403051,681.7480352268921,678.7056683332263,766.6904591346522
681.8749418139306,681.8749418139306,678.3561154533684,679.0624430511939,766.6904591346522
677.1324589477928,677.1324589477928,678.7174238357342,678.8171309585753,766.6904591346522
683.2556891325679,683.2556891325679,683.5221086645645,679.4819343339368,766.6904591346522
682.0799472568823,682.0799472568823,677.1016414760437,678.6860201505247,766.6904591346522
678.3822688772176,678.3822688772176,680.3893704591839,680.6315355764169,766.6904591346522
684.5371602202159,684.5371602202159,675.8407762439895,680.7397491890816,766.6904591346522
682.6061059683827,682.6061059683827,679.2362763732743,679.257483647179,766.6904591346522
675.4677527734764,675.4677527734764,674.4502151672993,678.3740121507572,766.6904591346522
682.9530856225217,682.9530856225217,679.2404550613572,678.9898421344184,766.6904591346522
681.9692908216211,681.9692908216211,678.1958271219589,677.8588751868316,766.6904591346522
677.1925196661841,677.1925196661841,676.8980145008187,677.575569390085,766.6904591346522
678.019380493044,678.019380493044,678.8059990901362,678.1513993946855,766.6904591346522
682.9030825360315,682.9030825360315,676.2057447745103,678.5507615301034,766.6904591346522
677.2791191235222,677.2791191235222,681.570104284248,678.3935672926433,766.6904591346522
675.5404940057741,675.5404940057741,677.0121284615244,678.6341599259541,766.6904591346522
677.9215949828679,677.9215949828679,684.1620196569227,679.0865814928773,766.6904591346522
672.8143015229593,672.8143015229593,689.2810330334977,679.7047673296933,766.6904591346522
676.7144263884918,676.7144263884918,693.9068342180807,679.9159714280648,766.6904591346522
680.1311226322925,680.1311226322925,693.51069258148,680.6340713648435,766.6904591346522
677.5682470209799,677.5682470209799,695.062165023,680.2735629715443,766.6904591346522
680.740778839476,680.740778839476,689.526880880352,681.069810902419,766.6904591346522
675.9613293361099,675.9613293361099,683.3417170617938,679.4597140458995,766.6904591346522
673.9328029402038,673.9328029402038,680.7251892854607,679.2144945915086,766.6904591346522
680.4682578249895,680.4682578249895,675.9088396329366,678.9389905681509,766.6904591346522
682.2883100389288,682.2883100389288,675.3553489461619,678.56443133715,766.6904591346522
677.7995936239478,677.7995936239478,671.6766887393572,678.5280318483844,766.6904591346522
675.0809366401554,675.0809366401554,667.4689632887728,677.1190953151184,766.6904591346522
681.5184011691557,681.5184011691557,664.9935807514266,677.7683083524441,766.6904591346522
681.0075012702412,681.0075012702412,660.4145700821193,677.5558217253944,766.6904591346522
678.387302710167,678.387302710167,662.8328659604647,677.2714924715192,766.6904591346522
683.6224073429186,683.6224073429186,667.8744204430434,678.4326094479159,766.6904591346522
684.9079204658873,684.9079204658873,672.6409320708002,677.9081472731763,766.6904591346522
674.098792413996,674.098792413996,671.1607844440703,677.5336157306442,766.6904591346522
684.1078004092689,684.1078004092689,673.6053462561787,677.774749215148,766.6904591346522
677.8076139745431,677.8076139745431,676.2429631210714,677.7915712010987,766.6904591346522
686.9403939243842,686.9403939243842,677.6456484314051,677.9710619166246,766.6904591346522
676.2227215233966,676.2227215233966,677.6512690184308,678.3866715124931,766.6904591346522
677.7980309126478,677.7980309126478,682.176564006174,679.0133808361151,766.6904591346522
677.8862292649405,677.8862292649405,685.4382504693801,680.4479778805808,766.6904591346522
678.4002649116748,678.4002649116748,688.4661991638015,681.2610184992234,766.6904591346522
686.2167404491615,686.2167404491615,687.687993939474,680.0686850434114,766.6904591346522
678.5298041834811,678.5298041834811,685.0309345860055,679.7074013288942,766.6904591346522
680.0000403771879,680.0000403771879,687.2991669692259,679.7825988275663,766.6904591346522
681.0466295285911,681.0466295285911,685.8795313086214,678.8130925916057,766.6904591346522
679.5974793742294,679.5974793742294,681.5335759161277,678.106677380814,766.6904591346522
680.4516804846138,680.4516804846138,677.3969373644161,677.3444140872182,766.6904591346522
678.1702308719458,678.1702308719458,682.9512002465992,679.317748392115,766.6904591346522
681.1709993887416,681.1709993887416,678.2691324118149,678.7592653109591,766.6904591346522
681.4330855117673,681.4330855117673,677.3548258307256,679.1917588050125,766.6904591346522
680.986649977453,680.986649977453,670.1449502223261,678.9404014983103,766.6904591346522
679.571719862254,679.571719862254,666.0314106931231,677.6037440913623,766.6904591346522
676.712686087389,676.712686087389,670.7282671328088,678.109569988309,766.6904591346522
677.9262182996179,677.9262182996179,674.929065874431,678.0639902695397,766.6904591346522
681.5472753146538,681.5472753146538,676.27682127903,678.6481285522028,766.6904591346522
677.3664525705619,677.3664525705619,678.0728108965199,677.6433654682811,766.6904591346522
679.1459679049374,679.1459679049374,679.4322333320144,678.062705504823,766.6904591346522
682.3194649712391,682.3194649712391,677.1683075299413,678.9041546234482,766.6904591346522
682.6352934181932,682.6352934181932,679.5775146338515,679.7847252042695,766.6904591346522
680.663896317231,680.663896317231,679.9434180763345,679.332351408008,766.6904591346522
680.249770016331,680.249770016331,679.9946988540726,679.3001758447328,766.6904591346522
680.1113375977775,680.1113375977775,682.102705134104,678.6446822180193,766.6904591346522
682.8099312353256,682.8099312353256,679.9259046125347,678.3335510927885,766.6904591346522
682.739342932162,682.739342932162,681.0923162766337,679.0413045699643,766.6904591346522
682.8033448312467,682.8033448312467,685.1790267435332,679.3699130440598,766.6904591346522
679.2388396855805,679.2388396855805,683.2468916152154,678.8903180990192,766.6904591346522
680.0396094780768,680.0396094780768,686.3467901990791,678.4996596132542,766.6904591346522
682.558137740703,682.558137740703,685.8500357590353,678.2179551685559,766.6904591346522
683.7821707570968,683.7821707570968,681.3797076142112,677.2792998834956,766.6904591346522
681.7556983041289,681.7556983041289,679.6576016721156,676.561733226135,766.6904591346522
681.9967595621501,681.9967595621501,687.7397428790937,677.8356914159516,766.6904591346522
678.6363305364254,678.6363305364254,694.4789484533343,679.6350957326159,766.6904591346522
676.848796398052,676.848796398052,694.7691608684331,680.6190398541164,766.6904591346522
682.7179161794586,682.7179161794586,688.5992273644727,680.6161121857665,766.6904591346522
681.4398921476785,681.4398921476785,684.4961820670987,681.0873815308921,766.6904591346522
677.9787116563842,677.9787116563842,690.5404250316889,681.9273333161245,766.6904591346522
680.882226423365,680.882226423365,691.415240616583,682.4473699886994,766.6904591346522
683.4486727482614,683.4486727482614,686.0619939177155,681.9365612943444,766.6904591346522
685.4248687471218,685.4248687471218,686.902080945394,681.6609999222892,766.6904591346522
681.4426116014359,681.4426116014359,687.7707033811098,682.0329598859332,766.6904591346522
677.2723366774152,677.2723366774152,683.5992443289027,681.9889670896392,766.6904591346522
676.2894876208782,676.2894876208782,682.6182072327674,682.5838530905606,766.6904591346522
683.652735850438,683.652735850438,686.0539014122671,683.3016337224099,766.6904591346522
676.2076981457711,676.2076981457711,690.7002322674327,684.5240017504392,766.6904591346522
679.0464099377674,679.0464099377674,692.4857893328301,684.8634701462225,766.6904591346522
674.5576523924261,674.5576523924261,689.3759953295103,684.5539397578125,766.6904591346522
681.8350734635267,681.8350734635267,690.1235156546018,684.9429434333388,766.6904591346522
677.8240579460316,677.8240579460316,691.0848221013748,684.6232719109332,766.6904591346522
679.04903038682,679.04903038682,694.1562101188772,684.0569291448297,766.6904591346522
682.8209562543456,682.8209562543456,695.8733086512287,684.1199715223028,766.6904591346522
679.5963871258126,679.5963871258126,696.4964059337319,683.5950084436254,766.6904591346522
679.935049039014,679.935049039014,692.7759094920273,683.6014362010712,766.6904591346522
678.427062927234,678.427062927234,688.2214780303417,683.9397424112772,766.6904591346522
679.8990586255098,679.8990586255098,686.6685712616268,684.3978826089193,766.6904591346522
674.772020759146,674.772020759146,682.4599249181553,684.1795488681294,766.6904591346522
679.733462538358,679.733462538358,674.9143920600216,683.2301029865911,766.6904591346522
678.2204937503236,678.2204937503236,671.5273615468197,683.7690282698195,766.6904591346522
683.6489327548074,683.6489327548074,676.7213087519337,683.377293612,766.6904591346522
678.3875226591967,678.3875226591967,669.258030313265,682.2547087251198,766.6904591346522
678.1828082286903,678.1828082286903,670.346648918901,682.718336139938,766.6904591346522
679.8014391575193,679.8014391575193,676.5085926475141,684.8677369286629,766.6904591346522
683.5011934741743,683.5011934741743,669.6990349849036,684.3349610594273,766.6904591346522
679.6110460656886,679.6110460656886,668.1525155244018,683.4245920895956,766.6904591346522
679.3619070797395,679.3619070797395,661.8226226464465,681.7765939633225,766.6904591346522
682.8100448469513,682.8100448469513,660.9389271791849,681.1119700481604,766.6904591346522
678.9899216738863,678.9899216738863,663.50570368458,680.316681544203,766.6904591346522
679.247143743383,679.247143743383,664.2253237700188,680.7276463574204,766.6904591346522
681.4323915645863,681.4323915645863,662.4142797916991,680.4264880643517,766.6904591346522
682.5750515300475,682.5750515300475,671.1558154122235,680.5703688807941,766.6904591346522
680.4245028524948,680.4245028524948,673.1362608318019,681.3569046910313,766.6904591346522
682.812765011974,682.812765011974,662.2479996652821,681.3183970909049,766.6904591346522
681.4930680445552,681.4930680445552,673.0821144186144,682.5308429163292,766.6904591346522
678.6576741138498,678.6576741138498,673.6588539374582,682.1711819545803,766.6904591346522
682.6601281347366,682.6601281347366,677.7999051177969,681.1181117315551,766.6904591346522
680.8147453490684,680.8147453490684,686.1474622886731,681.3056571571883,766.6904591346522
677.2123885929032,677.2123885929032,678.9269121986686,679.4526856608937,766.6904591346522
682.4597086105036,682.4597086105036,677.6761939232606,678.9935271022567,766.6904591346522
681.7441591773439,681.7441591773439,672.1640865339316,677.6892982193308,766.6904591346522
681.8447821427106,681.8447821427106,664.0839356821888,677.1112144943895,766.6904591346522
682.2228693187581,682.2228693187581,657.094015932493,676.8441875431068,766.6904591346522
679.5201425115872,679.5201425115872,662.5551507275309,676.2814786605923,766.6904591346522
677.4177222994615,677.4177222994615,659.0939559301511,675.4538444116927,766.6904591346522
681.9947521739753,681.9947521739753,652.5607800332953,673.729505787553,766.6904591346522
679.8296359607789,679.8296359607789,655.6695099623587,674.5321682511324,766.6904591346522
682.2716850387471,682.2716850387471,655.6010918334049,675.5266391104497,766.6904591346522
682.0006649307911,682.0006649307911,659.0013020513677,673.1448610648296,766.6904591346522
684.1489093189682,684.1489093189682,659.5817083732313,672.6268206535865,766.6904591346522
685.6148396290586,685.6148396290586,664.6364037767198,673.4041801911318,766.6904591346522
682.7806816615405,682.7806816615405,670.0468744139374,673.7401731880984,766.6904591346522
683.0628356810817,683.0628356810817,674.1260373065045,674.1152543281859,766.6904591346522
678.4280882421446,678.4280882421446,667.8622757589662,673.134084946605,766.6904591346522
676.8308803834003,676.8308803834003,666.4952435869025,672.2292516825197,766.6904591346522
678.7699073041446,678.7699073041446,672.9245406102181,671.103633627143,766.6904591346522
679.5027681772601,679.5027681772601,677.5100642588633,671.8941346494184,766.6904591346522
676.4160129097263,676.4160129097263,673.8751435674988,671.8045099573834,766.6904591346522
686.9557968582543,686.9557968582543,679.3860247264324,671.1468669442141,766.6904591346522
680.3724143913341,680.3724143913341,682.2641344791311,671.0549444184923,766.6904591346522
682.2843871259719,682.2843871259719,677.1011758838495,670.6074509476265,766.6904591346522
684.7280613395382,684.7280613395382,677.5517616496403,670.419283494251,766.6904591346522
675.3707561287046,675.3707561287046,675.8070626195131,670.1020051218427,766.6904591346522
678.7883838993962,678.7883838993962,678.3361007755035,669.5020239149594,766.6904591346522
678.4481086963984,678.4481086963984,679.9454267798468,669.6631551400835,766.6904591346522
676.6758109450997,676.6758109450997,688.7300691429734,671.2053518496692,766.6904591346522
678.1468792641823,678.1468792641823,686.9908463904761,671.9585896751883,766.6904591346522
677.1423670480959,677.1423670480959,691.6999156832323,673.6525081103988,766.6904591346522
675.6602892349861,675.6602892349861,694.1959561999736,675.0031797722045,766.6904591346522
680.0331762842968,680.0331762842968,694.4477066757718,675.6390134442828,766.6904591346522
681.2134616805872,681.2134616805872,700.3202834570963,675.327245888659,766.6904591346522
679.8286286401806,679.8286286401806,696.6311712578251,675.893911683163,766.6904591346522
680.7373538333046,680.7373538333046,691.0227513522092,674.2372256085043,766.6904591346522
686.1935493143188,686.1935493143188,694.8941685254429,673.179139090545,766.6904591346522
684.9981485042817,684.9981485042817,700.3289348543335,675.7891351139697,766.6904591346522
679.8218361331551,679.8218361331551,692.2336727570614,676.0215832962012,766.6904591346522
683.4402089757917,683.4402089757917,692.1386080674065,678.0217867593802,766.6904591346522
676.4109944342234,676.4109944342234,686.3923936228741,678.7432013991366,766.6904591346522
685.7729569097501,685.7729569097501,690.826306840188,680.4673004033261,766.6904591346522
685.276677507603,685.276677507603,683.592335494639,679.5124157892067,766.6904591346522
679.4676340944502,679.4676340944502,680.7702252025741,678.9984349708342,766.6904591346522
679.2527474713256,679.2527474713256,675.1375819605275,676.6902649928239,766.6904591346522
682.8901107644722,682.8901107644722,677.1184325635661,675.0336599548572,766.6904591346522
688.7307741960076,688.7307741960076,685.2071271570783,677.7709645889043,770.6096958724476
679.8263161203779,679.8263161203779,679.3928413890748,677.0512805080617,770.6096958724476
686.1143673270922,686.1143673270922,674.2710207391747,676.1440166565445,770.6096958724476
682.4322922766061,682.4322922766061,669.192815822242,676.3003689002693,770.6096958724476
683.3677129999181,683.3677129999181,673.9374918053909,676.3012073024802,770.6096958724476
676.0629310316565,676.0629310316565,669.3256231843993,678.5470426004721,770.6096958724476
684.9170247028887,684.9170247028887,670.0015171471994,677.9774804339944,770.6096958724476
681.9447881227836,681.9447881227836,675.0445981788114,679.5745372998102,770.6096958724476
680.0561683073647,680.0561683073647,681.2921953182004,680.1319169200262,770.6096958724476
687.3329372640394,687.3329372640394,685.8932128462114,680.7934993376009,770.6096958724476
685.6346362405349,685.6346362405349,678.1633708296663,680.8926086093315,770.6096958724476
677.4227345939787,677.4227345939787,675.5829101827927,680.34907135859,770.6096958724476
681.7405604239252,681.7405604239252,681.7949950391376,681.990859657713,770.6096958724476
679.2363480794785,679.2363480794785,683.4869128236207,681.8638494725217,770.6096958724476
682.69962107125,682.69962107125,683.3552916415205,681.8520472641034,770.6096958724476
680.2902676652494,680.2902676652494,683.2500860885718,683.3967994079129,770.6096958724476
681.6277939167251,681.6277939167251,682.0018706897929,682.4615128973066,770.6096958724476
681.1281010597137,681.1281010597137,678.4219377046858,682.3316440854036,770.6096958724476
680.3185475021869,680.3185475021869,678.2098497727771,681.7645119917942,770.6096958724476
681.5354621626715,681.5354621626715,677.8059030085981,681.5294724780196,770.6096958724476
682.1090589661871,682.1090589661871,676.5698751670668,682.6341284909515,770.6096958724476
679.4987073447508,679.4987073447508,674.9053619700933,682.0310950352283,770.6096958724476
680.6442225968202,680.6442225968202,677.5953028650413,682.9250121086776,770.6096958724476
685.0879353005042,685.0879353005042,676.9684206456142,681.755520749872,770.6096958724476
679.8723959318671,679.8723959318671,672.9498576243641,681.6669900754764,770.6096958724476
679.4642265423058,679.4642265423058,673.4782360308214,682.2152416687909,770.6096958724476
679.3942545921726,679.3942545921726,676.9083559032129,681.3903571821232,770.6096958724476
681.6357598714818,681.6357598714818,677.4187541902999,682.3951597466935,770.6096958724476
684.4775579129564,684.4775579129564,677.5798181949681,681.7701233008597,770.6096958724476
684.2619557092771,684.2619557092771,676.4128268130696,681.6506253167308,770.6096958724476
679.0667786278246,679.0667786278246,674.0222895252073,681.7713662408923,770.6096958724476
680.1651527730425,680.1651527730425,680.0207003953985,682.0461497583384,770.6096958724476
686.8351242312275,686.8351242312275,676.4254865790274,680.4640955958885,770.6096958724476
680.5824733227519,680.5824733227519,673.2057329252323,678.9984980568231,770.6096958724476
682.0315451751827,682.0315451751827,675.6339630568526,678.4537995502003,770.6096958724476
678.9173868856554,678.9173868856554,677.4339096346571,678.8628323557276,770.6096958724476
679.0582365803892,679.0582365803892,675.1243834651525,677.5256925399993,770.6096958724476
682.262552576708,682.262552576708,670.7510132718536,676.4813057096451,770.6096958724476
683.1516123274216,683.1516123274216,676.9821549104654,677.8403200313877,770.6096958724476
675.1464955696235,675.1464955696235,676.760566828109,678.7981884119108,770.6096958724476
681.1295013828981,681.1295013828981,679.0163938366584,678.5958113031354,770.6096958724476
679.7552225804844,679.7552225804844,678.3302828849122,677.6464193644543,770.6096958724476
678.6787111671039,678.6787111671039,678.9069107183384,677.7987431881438,770.6096958724476
681.0876283801033,681.0876283801033,678.5602788552176,676.2828322143854,770.6096958724476
684.8947955466215,684.8947955466215,669.6034358069596,675.0960079870175,770.6096958724476
678.9794231659586,678.9794231659586,669.997270879077,674.6970251635055,770.6096958724476
680.9844171964907,680.9844171964907,673.241219097059,675.4554692604834,770.6096958724476
680.1269695939197,680.1269695939197,679.2877824882386,676.184817166778,770.6096958724476
683.8431659670482,683.8431659670482,669.2352247913676,676.6598485975557,770.6096958724476
678.2354533457806,678.2354533457806,667.9946865787485,676.9734392149472,770.6096958724476
683.8718601342681,683.8718601342681,662.9948459813564,674.1533550679909,770.6096958724476
679.72196346577,679.72196346577,662.6358865640709,674.2950283994535,770.6096958724476
676.0441438627154,676.0441438627154,663.9735790162098,675.7392548435508,770.6096958724476
681.8485096101061,681.8485096101061,668.1814513525799,676.0805593204528,770.6096958724476
675.5459434041381,675.5459434041381,677.1366105007138,675.7358317260821,770.6096958724476
685.5980124129123,685.5980124129123,675.8213873659544,675.9961779998164,770.6096958724476
684.6952232542053,684.6952232542053,674.5729040609796,676.3697466432393,770.6096958724476
675.7725325498938,675.7725325498938,669.4082078784854,675.0575391067126,770.6096958724476
677.9339120339944,677.9339120339944,679.7471729709126,676.3508441280981,770.6096958724476
687.2668361295669,687.2668361295669,679.2328708147932,675.6413708086636,770.6096958724476
686.8867821470686,686.8867821470686,681.1443535608422,674.7495516142262,770.6096958724476
677.9823462391089,677.9823462391089,684.2283010484855,676.024106572592,770.6096958724476
677.8079545973288,677.8079545973288,679.3232635081844,675.2449085373602,770.6096958724476
683.4559020264934,683.4559020264934,676.782844988142,674.7397457533572,770.6096958724476
682.0059715544562,682.0059715544562,675.006566944913,674.0660867867606,770.6096958724476
684.0084578339571,684.0084578339571,675.6743979587935,674.4810403738608,770.6096958724476
685.1251029110383,685.1251029110383,678.9869850399627,675.7667695132735,770.6096958724476
679.9092445763057,679.9092445763057,676.5587310010226,674.6848977659802,770.6096958724476
681.0757714822961,681.0757714822961,672.1135700346732,675.1315881804776,770.6096958724476
679.0658963728213,679.0658963728213,671.9346027346469,674.4671107538734,770.6096958724476
685.4959132279864,685.4959132279864,673.7931022210196,674.1941970250168,770.6096958724476
681.4625187224999,681.4625187224999,666.7825021540712,674.3995346093877,770.6096958724476
681.7260705581987,681.7260705581987,672.164664796377,674.1587809236273,770.6096958724476
680.8931916888431,680.8931916888431,676.1868788829986,674.5834374008341,770.6096958724476
684.0460995868856,684.0460995868856,679.6108346467312,675.398282191234,770.6096958724476
684.0645289182852,684.0645289182852,675.9530531243145,674.9760037925594,770.6096958724476
679.7998675474164,679.7998675474164,678.126243869258,676.0103471064824,770.6096958724476
683.5523497276599,683.5523497276599,685.057781749611,676.2127032778423,770.6096958724476
680.1233655345283,680.1233655345283,680.582764012991,675.7321773440821,770.6096958724476
683.8732353162251,683.8732353162251,681.5011021605983,675.484765823379,770.6096958724476
681.9508859452452,681.9508859452452,682.3107582951563,675.8518907790065,770.6096958724476
680.5012470988189,680.5012470988189,682.7965349647756,674.9547015232631,770.6096958724476
678.6155312750874,678.6155312750874,683.9177359635717,675.6572308005362,770.6096958724476
684.4343392103028,684.4343392103028,681.5450604438614,676.2513029045599,770.6096958724476
684.2257383301644,684.2257383301644,676.6809582092685,675.6076812217173,770.6096958724476
676.2935447374009,676.2935447374009,674.9437544042939,674.4779727464867,770.6096958724476
681.4045686082267,681.4045686082267,668.3845935907601,674.6623891316038,770.6096958724476
686.1815267540161,686.1815267540161,673.030527219789,676.6686060674293,770.6096958724476
680.099382272549,680.099382272549,678.644256863497,676.0645977346883,770.6096958724476
682.7697165513159,682.7697165513159,681.6190598478114,676.4564644273197,770.6096958724476
676.6093998653251,676.6093998653251,677.7599945450779,675.6006109206905,770.6096958724476
687.923044040276,687.923044040276,682.1039452867876,675.7094340036382,770.6096958724476
682.5388645442878,682.5388645442878,680.8346853723206,676.0427857313327,770.6096958724476
680.9861971843468,680.9861971843468,679.5821140237291,676.4556699382623,770.6096958724476
684.5795565171402,684.5795565171402,679.1441962618029,677.5158333126859,770.6096958724476
687.6829939889167,687.6829939889167,682.161398092467,676.9107981891647,770.6096958724476
681.926447778684,681.926447778684,687.0406413615375,677.4222735844996,770.6096958724476
682.5253065490401,682.5253065490401,674.7388949112259,675.7588285520268,770.6096958724476
686.7104427722901,686.7104427722901,670.6289793604375,676.3433486485023,770.6096958724476
676.3028795009602,676.3028795009602,669.0511852267762,676.6677641569252,770.6096958724476
679.0124569862288,679.0124569862288,671.3239455098873,677.2664308263967,770.6096958724476
683.6233014259905,683.6233014259905,670.8189846117224,677.3460536131684,770.6096958724476
681.7474526891029,681.7474526891029,668.8035729097985,677.0087845100504,770.6096958724476
682.9950226981949,682.9950226981949,673.7742961831589,677.574238904378,770.6096958724476
682.1447399401504,682.1447399401504,670.35133992433,676.1587791974092,770.6096958724476
681.4373093653185,681.4373093653185,667.7468332319551,675.2958873623647,770.6096958724476
681.4239787852614,681.4239787852614,672.6811506328579,677.0439228988753,770.6096958724476
679.1303898404652,679.1303898404652,677.6293411852902,677.4030552133877,770.6096958724476
680.190795304253,680.190795304253,676.539758253447,675.7018657050091,770.6096958724476
680.7762152245472,680.7762152245472,673.6578215429054,675.5527543025476,770.6096958724476
683.7955951133704,683.7955951133704,675.0768687041815,676.0529338550645,770.6096958724476
681.0735279885649,681.0735279885649,674.4115699578452,675.3827073950404,770.6096958724476
679.7446337402399,679.7446337402399,676.4189544188391,676.4279226921815,770.6096958724476
681.4986493689267,681.4986493689267,667.0248650089405,675.6226429085378,770.6096958724476
676.353746514452,676.353746514452,672.2203168176031,675.6015291719473,770.6096958724476
677.3153348338826,677.3153348338826,675.6511268794924,675.2912331465046,770.6096958724476
679.1518587369496,679.1518587369496,663.5815084116863,673.96282757322,770.6096958724476
684.3733264684832,684.3733264684832,665.1048192996541,675.112272873114,770.6096958724476
686.0067126405771,686.0067126405771,667.4892259853724,674.7769968951491,770.6096958724476
677.9627829504606,677.9627829504606,664.9580411495765,674.1574419855336,770.6096958724476
684.7826923971919,684.7826923971919,665.8575046943134,674.4658143497234,770.6096958724476
684.3615374613717,684.3615374613717,668.2030509644824,675.6668171571228,770.6096958724476
679.4827133466222,679.4827133466222,672.7648789322233,676.5479655193507,770.6096958724476
681.7401158784606,681.7401158784606,680.5486970229284,676.4950065365238,770.6096958724476
680.6064111240335,680.6064111240335,680.0617383472821,675.6917099120574,770.6096958724476
679.8796542565403,679.8796542565403,682.145194328941,676.52966138743,770.6096958724476
675.8416348115825,675.8416348115825,682.7807479784519,674.8937283950587,770.6096958724476
677.8639179010464,677.8639179010464,678.9467047059381,673.8900574643793,770.6096958724476
676.7154844446093,676.7154844446093,677.4827104475069,674.156986182052,770.6096958724476
682.4117270440593,682.4117270440593,680.4728123054193,673.9517840144977,770.6096958724476
680.0674228385396,680.0674228385396,671.3866234431838,672.2809873793287,770.6096958724476
680.4060797551336,680.4060797551336,665.4128392623486,672.1900780166371,770.6096958724476
678.7540761907263,678.7540761907263,655.7383735810415,670.9120930428445,770.6096958724476
683.5179100181399,683.5179100181399,654.8231049992121,671.1506154475939,770.6096958724476
677.1477373901794,677.1477373901794,655.1517919950463,671.3858766692128,770.6096958724476
681.7834640321086,681.7834640321086,652.2301431004806,671.9869391266672,770.6096958724476
679.2131068569539,679.2131068569539,656.4275815502157,672.5023259869497,770.6096958724476
683.106553971175,683.106553971175,660.5594442182411,671.3958408640699,770.6096958724476
678.4091372400894,678.4091372400894,657.054163072188,669.8389674237903,770.6096958724476
679.0329179931805,679.0329179931805,659.8590752685664,669.5997870986487,770.6096958724476
683.6699275130517,683.6699275130517,672.9181430815264,671.3126170866184,770.6096958724476
681.8191421371541,681.8191421371541,670.0132885892962,669.7719466771391,770.6096958724476
674.3983041327509,674.3983041327509,673.0002865434974,669.34521327708,770.6096958724476
682.1460649654094,682.1460649654094,675.6065536417805,670.3555033712041,770.6096958724476
676.8684241315445,676.8684241315445,671.3064597648615,669.8183293698245,770.6096958724476
678.1642616714469,678.1642616714469,670.0447159789471,669.5636027039633,770.6096958724476
678.6856186894781,678.6856186894781,675.5393914657808,670.2020760077986,770.6096958724476
681.2465784608992,681.2465784608992,673.5588193456813,671.159825750961,770.6096958724476
677.9011895971955,677.9011895971955,683.5121482723468,672.4156012061721,770.6096958724476
683.7787155729407,683.7787155729407,681.4753974024342,672.0846295337802,770.6096958724476
684.849602989581,684.849602989581,673.7478259940284,671.7973931834467,770.6096958724476
680.5442981142827,680.5442981142827,681.1942509531173,671.8469999454179,770.6096958724476
687.5131521154893,687.5131521154893,681.2518396235776,671.8348666198357,770.6096958724476
683.7214979201433,683.7214979201433,673.7722146689551,670.3550870683633,770.6096958724476
681.7156308956812,681.7156308956812,682.0392376060531,672.1559089061692,770.6096958724476
685.3593129543032,685.3593129543032,683.4759148540079,672.7094190283738,770.6096958724476
680.0498301157386,680.0498301157386,679.6230569984648,671.59045728092,770.6096958724476
679.1302349351795,679.1302349351795,679.4247540954768,671.5189083329984,770.6096958724476
686.5518938633973,686.5518938633973,671.066961069751,671.3210417694331,770.6096958724476
681.5783451030643,681.5783451030643,676.2824955209164,672.6095643293826,770.6096958724476
680.4591952844646,680.4591952844646,684.1255218831233,673.6071238192351,770.6096958724476
683.5889330318879,683.5889330318879,685.2830453906411,674.0212950319772,770.6096958724476
680.5379481117011,680.5379481117011,680.05708827041,672.5624933901499,770.6096958724476
683.8268749495608,683.8268749495608,685.987556272242,674.1476253210235,770.6096958724476
678.999983416073,678.999983416073,680.033753690133,673.7185962806752,770.6096958724476
683.4048487931926,683.4048487931926,682.8082918757758,674.1408520276304,770.6096958724476
679.4546049260643,679.4546049260643,684.2989484090313,675.7339452803889,770.6096958724476
681.1327091616073,681.1327091616073,683.8084802319115,675.2596405194497,770.6096958724476
679.2687218166382,679.2687218166382,692.4667790712607,676.3165523866107,770.6096958724476
676.5877433986512,676.5877433986512,684.3479911162649,676.4875543227203,770.6096958724476
677.2387800924221,677.2387800924221,684.8086773069409,677.3973583417605,770.6096958724476
680.5017184011933,680.5017184011933,684.6408762035243,677.3088600797854,770.6096958724476
680.2769499151295,680.2769499151295,688.0257605034154,675.6146697043883,770.6096958724476
679.1286920774256,679.1286920774256,682.6213975839759,674.5621654332332,770.6096958724476
676.6365835241321,676.6365835241321,684.6523240590831,674.6367134230355,770.6096958724476
679.9795781252791,679.9795781252791,680.3701217961741,673.7858375210772,770.6096958724476
685.1271479331621,685.1271479331621,670.2157594112138,673.2209475669413,770.6096958724476
685.2057782106682,685.2057782106682,671.7718067096201,673.8246609201861,770.6096958724476
682.129939311913,682.129939311913,668.814939356799,674.5829981684691,770.6096958724476
680.6164545251631,680.6164545251631,677.2073165157846,675.8344551647933,770.6096958724476
682.210115337258,682.210115337258,670.1226527700295,677.1445642071297,770.6096958724476
676.9417278240476,676.9417278240476,665.5923770542689,677.3447676381696,770.6096958724476
677.1322044130862,677.1322044130862,673.2994475433858,679.1268844968572,770.6096958724476
681.5522075492189,681.5522075492189,678.3236288744428,679.2622702082792,770.6096958724476
681.2548464387877,681.2548464387877,674.3078838301474,678.4679317900556,770.6096958724476
683.5952787755799,683.5952787755799,673.7088588713472,678.0815806752504,770.6096958724476
680.1933053654398,680.1933053654398,675.1676936743405,676.9689699917662,770.6096958724476
684.2694541404115,684.2694541404115,673.2379546876444,676.3603630140668,770.6096958724476
679.9753298965143,679.9753298965143,672.9188346960116,677.7559324932339,770.6096958724476
681.8456908789749,681.8456908789749,671.0163997252422,678.0659200561286,770.6096958724476
680.3113399431242,680.3113399431242,674.3540240687292,677.4317404045703,770.6096958724476
674.717475799875,674.717475799875,673.99162039,678.1404339983103,770.6096958724476
684.3188941282747,684.3188941282747,664.6551026715442,677.4578477224667,770.6096958724476
680.7807656453846,680.7807656453846,664.061660261116,676.9532915321464,770.6096958724476
685.1629290975754,685.1629290975754,668.9646290135323,677.9995656397898,770.6096958724476
686.7488473362083,686.7488473362083,670.0953457767589,678.0917066348129,770.6096958724476
678.7933961090973,678.7933961090973,674.3575487981511,676.7326014582402,770.6096958724476
680.4788020718114,680.4788020718114,672.6572565832465,676.18005046158,770.6096958724476
679.2279012464736,679.2279012464736,670.8598970918897,675.2254822571423,770.6096958724476
683.2121557251188,683.2121557251188,667.455228146351,675.2618862049119,770.6096958724476
681.9020138519168,681.9020138519168,668.647638826197,676.4117029710039,770.6096958724476
683.5024284910955,683.5024284910955,669.8365333060376,675.8688904688944,770.6096958724476
678.5730755667641,678.5730755667641,681.3400268054199,677.4754851588351,770.6096958724476
682.7235981649501,682.7235981649501,679.5312126650279,678.1050911313608,770.6096958724476
676.1152434651824,676.1152434651824,670.788462857602,675.7494106900995,770.6096958724476
678.9859645259586,678.9859645259586,671.3238453929124,675.6612927425938,770.6096958724476
677.5114894733578,677.5114894733578,674.1672296794645,675.6414359944403,770.6096958724476
681.2006475818546,681.2006475818546,674.8328577880003,675.2616712000845,770.6096958724476
685.6153893647986,685.6153893647986,670.8002870478316,675.1721474527584,770.6096958724476
682.3165714493485,682.3165714493485,675.8042659553064,675.1662402917897,770.6096958724476
684.2055757482589,684.2055757482589,675.5424193846745,674.6950824713141,770.6096958724476
679.7127957853161,679.7127957853161,675.0162882466532,673.8155390400967,770.6096958724476
684.733542919384,684.733542919384,665.7260935583862,674.6092862164302,770.6096958724476
676.7020145613778,676.7020145613778,663.9680237944674,673.7011846358062,770.6096958724476
680.8622986846318,680.8622986846318,671.1919125435045,673.9810424607739,770.6096958724476
684.1253085344631,684.1253085344631,671.1025030713975,673.320134981718,770.6096958724476
681.8604563482702,681.8604563482702,669.9774130036324,672.7771289133603,770.6096958724476
680.8992000484794,680.8992000484794,671.5063280363171,672.8012407609657,770.6096958724476
681.0573726893858,681.0573726893858,675.9693490183018,671.8726614421668,770.6096958724476
678.3396701716297,678.3396701716297,671.2783975712367,672.5523215827841,770.6096958724476
680.9130444815906,680.9130444815906,667.1552465295202,671.1643963158299,770.6096958724476
679.7680259973247,679.7680259973247,667.7416010224644,670.4356840038848,770.6096958724476
682.7037470612996,682.7037470612996,667.4461641194312,670.4933669396335,770.6096958724476
679.3772776449856,679.3772776449856,670.8109614778081,671.3390974145725,770.6096958724476
678.8253149039793,678.8253149039793,676.0786675962994,672.266311168217,770.6096958724476
677.6733534173369,677.6733534173369,675.9241150258645,672.430933627656,770.6096958724476
683.0341581475847,683.0341581475847,680.7123692267834,674.8764508764745,770.6096958724476
679.0264924721569,679.0264924721569,684.2811584484554,675.3031111087329,770.6096958724476
678.9269499418973,678.9269499418973,684.1674431270698,674.9431621962208,770.6096958724476
678.8221347827007,678.8221347827007,684.5684654721894,674.0245513740651,770.6096958724476
676.9645214192101,676.9645214192101,680.8890847643813,673.3176827147005,770.6096958724476
677.1105917964231,677.1105917964231,683.8452223551307,674.0862530640571,770.6096958724476
679.0998464141071,679.0998464141071,685.6491067920397,672.9632987893642,770.6096958724476
683.045559826098,683.045559826098,680.4832995650124,671.7710315526863,770.6096958724476
680.6319099791186,680.6319099791186,675.7429987859293,672.5533341593734,770.6096958724476
681.6467404786634,681.6467404786634,681.8687957317804,674.0629209997427,770.6096958724476
686.5633767936946,686.5633767936946,674.6795612573894,674.778824393084,770.6096958724476
681.6323122188137,681.6323122188137,670.5106598562676,674.7576521424573,770.6096958724476
684.2919472298659,684.2919472298659,675.0578219221849,675.3709596414556,770.6096958724476
682.0035058832976,682.0035058832976,674.7461078621315,674.7704930014429,770.6096958724476
681.9771228786859,681.9771228786859,682.7985416537049,675.0065862316956,770.6096958724476
681.673234532844,681.673234532844,679.190877050256,675.1261043961084,770.6096958724476
685.7267338112616,685.7267338112616,679.5012453361475,675.9325273222848,770.6096958724476
675.4502932695401,675.4502932695401,689.1903282585666,676.7967651521765,770.6096958724476
680.9904297035752,680.9904297035752,691.4263981569482,677.0456879880566,770.6096958724476
679.0572918217504,679.0572918217504,690.2636360407616,678.0965790525433,770.6096958724476
680.0872252710294,680.0872252710294,695.3976645876677,678.9868475509875,770.6096958724476
685.0704865570654,685.0704865570654,694.6561944350779,679.1574397128237,770.6096958724476
683.6797200069509,683.6797200069509,687.2406244542951,678.6471051139367,770.6096958724476
683.3787123185326,683.3787123185326,687.5985892844853,678.79916522907,770.6096958724476
685.4013639028699,685.4013639028699,689.367376326792,679.1505337318144,770.6096958724476
682.39371734895,682.39371734895,685.8394372872588,678.3266851923526,770.6096958724476
683.9154230186323,683.9154230186323,685.2308766476236,676.7106972907256,770.6096958724476
678.1068103156745,678.1068103156745,683.4031518696454,677.5711529931001,770.6096958724476
683.199678010441,683.199678010441,682.7764430311663,679.4432840227695,770.6096958724476
683.65199235321,683.65199235321,680.6759726190942,679.9670044977797,770.6096958724476
685.803981195961,685.803981195961,675.7048284496732,679.2943673050291,770.6096958724476
682.8623676261457,682.8623676261457,674.5188285921282,679.0946338736492,770.6096958724476
681.8368900262343,681.8368900262343,678.7563284434658,680.2383133930634,770.6096958724476
675.5189305016258,675.5189305016258,675.7875581520544,678.7958236684194,770.6096958724476
681.7629966823225,681.7629966823225,675.0686372473222,679.0557773043441,770.6096958724476
682.3030505289596,682.3030505289596,678.7041454861413,679.0642566402503,770.6096958724476
683.5519941454353,683.5519941454353,681.9210434197469,679.9496872629979,770.6096958724476
680.1308167189326,680.1308167189326,675.4882121726835,679.8751906687434,770.6096958724476
675.4481698071447,675.4481698071447,675.0039612759467,680.2056937692579,770.6096958724476
679.6714296949507,679.6714296949507,673.8467480709216,680.5158534976845,770.6096958724476
682.3798240108292,682.3798240108292,681.1619295129495,681.5312706068925,770.6096958724476
677.9614127904698,677.9614127904698,683.4927561370902,681.4919194938037,770.6096958724476
681.7297980361609,681.7297980361609,677.272894163071,680.4990224220173,770.6096958724476
683.4840546950346,683.4840546950346,688.5203462666974,682.2442134075116,770.6096958724476
680.7029792963426,680.7029792963426,685.2878008351425,682.6822881654684,770.6096958724476
678.6898389898936,678.6898389898936,686.3398615398269,682.7839087437226,770.6096958724476
684.2816851168881,684.2816851168881,685.0429681814201,683.4690480753954,770.6096958724476
676.732189664808,676.732189664808,683.8125591147106,682.4755101961238,770.6096958724476
678.0250057282252,678.0250057282252,677.8631416092162,680.5625885718414,770.6096958724476
684.5248868798445,684.5248868798445,675.1899690844364,680.3690243093988,770.6096958724476
684.5565468629471,684.5565468629471,673.390450709776,680.0668869034911,770.6096958724476
687.681283957645,687.681283957645,678.6975684966089,680.3752015034345,770.6096958724476
679.8376076874765,679.8376076874765,686.1324078704935,680.892015370702,770.6096958724476
679.5957920942317,679.5957920942317,685.7277142036796,682.4760631538097,770.6096958724476
684.3808918758384,684.3808918758384,687.6408982977775,684.0326508721478,770.6096958724476
678.5730988204892,678.5730988204892,691.2508399509151,684.2650322628796,770.6096958724476
681.0248976926575,681.0248976926575,690.293742227741,684.3979751625359,770.6096958724476
686.2139341790347,686.2139341790347,687.4418407193916,683.8672184269994,770.6096958724476
683.2114845875611,683.2114845875611,688.3055759948854,683.0751040136325,770.6096958724476
681.8001973225828,681.8001973225828,689.5879564261048,681.9128564482638,770.6096958724476
678.3505807166111,678.3505807166111,684.5343864200776,682.0378519360288,770.6096958724476
678.1604616656607,678.1604616656607,682.3634716503848,682.7457638622581,770.6096958724476
680.5135941234823,680.5135941234823,685.0800129080923,682.8964535678836,770.6096958724476
681.0517844674027,681.0517844674027,680.4379340683145,683.6144283950463,770.6096958724476
679.9506536412181,679.9506536412181,672.0255809114491,681.8780587236965,770.6096958724476
684.9172159826495,684.9172159826495,668.7128428213928,682.1694254171069,770.6096958724476
684.7653324098827,684.7653324098827,666.9795100263565,681.8936281005776,770.6096958724476
682.3746460919381,682.3746460919381,675.2511517317541,681.0793831216371,770.6096958724476
684.3428297843765,684.3428297843765,669.9768554918712,678.7851954806171,770.6096958724476
678.8368974271222,678.8368974271222,668.8094685371736,677.622022947546,770.6096958724476
684.2157961872649,684.2157961872649,671.3666765820597,677.231654334907,770.6096958724476
679.2447053086996,679.2447053086996,667.6053875840652,677.3356024920554,770.6096958724476
680.7576513274033,680.7576513274033,667.1783330528029,678.8839952875851,770.6096958724476
684.9286901802681,684.9286901802681,665.9217373858138,679.2790580153119,770.6096958724476
683.2387212744666,683.2387212744666,669.5048540244702,677.9055542632324,770.6096958724476
679.1046367881577,679.1046367881577,674.0149886649458,679.8045356926443,770.6096958724476
678.2871600040202,678.2871600040202,672.0177019549657,679.250993162046,770.6096958724476
681.135613977138,681.135613977138,670.3878733911829,678.4763274259446,770.6096958724476
687.1452834354012,687.1452834354012,682.3706961953828,678.7040461134607,770.6096958724476
684.6070300610485,684.6070300610485,688.844826678292,679.2557937593857,770.6096958724476
686.4862979081882,686.4862979081882,687.6428493773332,679.6192585204392,770.6096958724476
684.385166050675,684.385166050675,693.2081412673843,681.0734650271067,770.6096958724476
682.6419537820443,682.6419537820443,688.4926745629325,680.8312645114784,770.6096958724476
685.7883484414592,685.7883484414592,682.0636805253432,680.5342824899698,770.6096958724476
684.2712181717885,684.2712181717885,684.727560172242,679.8373388482162,770.6096958724476
684.0943421289055,684.0943421289055,679.7365342571914,680.0110134468543,770.6096958724476
686.975668717382,686.975668717382,684.6280569091332,679.7923958599233,770.6096958724476
686.4334612750239,686.4334612750239,685.3814751861481,680.4549800286375,770.6096958724476
680.727610991052,680.727610991052,688.9200824233577,681.4872703429427,770.6096958724476
682.6650586545038,682.6650586545038,678.2929233720026,680.1450288196019,770.6096958724476
682.7154387571685,682.7154387571685,680.1909554558614,679.4250637090215,770.6096958724476
682.4216949993092,682.4216949993092,679.4741238608804,680.2697385718648,770.6096958724476
685.0925792054771,685.0925792054771,679.551439393253,681.2869735575149,770.6096958724476
680.9899947131182,680.9899947131182,686.1539885026552,680.0610109371613,770.6096958724476
676.9514307895203,676.9514307895203,685.6035324644776,679.9004851740832,770.6096958724476
681.1485778370095,681.1485778370095,685.9820530066129,679.9394517402117,770.6096958724476
680.3250547640464,680.3250547640464,681.7081682811356,679.1254358798665,770.6096958724476
688.016844562027,688.016844562027,685.4438424366507,680.7812366930256,770.6096958724476
680.4931821890902,680.4931821890902,684.8066706953974,682.875976160179,770.6096958724476
683.4955733998119,683.4955733998119,689.0994212027991,682.9269192432744,770.6096958724476
682.8713120490895,682.8713120490895,690.1888075067185,682.7847350684101,770.6096958724476
681.0695807049569,681.0695807049569,689.1602274779706,682.3622703681372,770.6096958724476
682.6817698311407,682.6817698311407,685.5300652370453,681.1665050308252,770.6096958724476
682.1095971804941,682.1095971804941,684.0101948320905,679.7175070628435,770.6096958724476
684.1268143739203,684.1268143739203,679.6270971851476,678.2977249515574,770.6096958724476
686.8753917444031,686.8753917444031,690.2136996777759,679.7320236855838,776.7147623620383
680.4646128638489,680.4646128638489,698.3881543365147,680.7443183016211,776.7147623620383
681.7549389329029,681.7549389329029,699.5789185860941,683.2086522663658,776.7147623620383
684.3854604558295,684.3854604558295,695.9340408068073,684.4016691225634,776.7147623620383
683.0380114104062,683.0380114104062,697.3633077610659,684.4819895102665,776.7147623620383
687.4530233014962,687.4530233014962,694.105920680742,684.699041920543,776.7147623620383
682.9886706115252,682.9886706115252,693.0896298346585,684.5075020049918,776.7147623620383
684.7339077767072,684.7339077767072,705.4665497719416,685.2438124035949,776.7147623620383
682.142232453789,682.142232453789,711.8996259449156,686.0098454381637,776.7147623620383
684.3933600575306,684.3933600575306,714.6446844716243,686.8215456635922,776.7147623620383
682.9310019994127,682.9310019994127,701.3972944673338,686.2689140147719,776.7147623620383
681.6228776548064,681.6228776548064,692.6754766853895,685.8835116334277,776.7147623620383
686.6001307860787,686.6001307860787,692.5483048274683,686.6680828855087,776.7147623620383
683.5010989329099,683.5010989329099,688.2958567890932,688.0654693820077,776.7147623620383
679.5672840879597,679.5672840879597,690.3485375863117,688.7898033200942,776.7147623620383
680.9199323989964,680.9199323989964,692.8218146921465,688.9900695425604,776.7147623620383
682.1940648704351,682.1940648704351,689.3560718863598,688.8576388654507,776.7147623620383
681.5079221066651,681.5079221066651,680.6831055092765,687.9447668948898,776.7147623620383
683.8793719425505,683.8793719425505,677.855348010629,688.3965675631267,776.7147623620383
679.0558057440483,679.0558057440483,681.6732391235716,689.2552226834126,776.7147623620383
683.7271086840577,683.7271086840577,677.4535398014893,686.9566242420806,776.7147623620383
680.7994204933814,680.7994204933814,678.5303272977364,687.1860367019821,776.7147623620383
682.582752320467,682.582752320467,669.9837129034414,686.5872507879607,776.7147623620383
683.7291029368014,683.7291029368014,670.677918737982,685.7269138905275,776.7147623620383
688.0378971127337,688.0378971127337,666.3708427937174,684.2950065431793,776.7147623620383
685.3045744625074,685.3045744625074,673.3230344777651,686.1261065626466,776.7147623620383
682.8696117677563,682.8696117677563,674.4164792424694,685.0993064604678,776.7147623620383
684.090700117769,684.090700117769,675.9649213455671,685.4392162514168,776.7147623620383
685.0092995660608,685.0092995660608,672.5426041591447,686.4923522898869,776.7147623620383
685.2224752336625,685.2224752336625,663.3718562895946,684.984081906883,776.7147623620383
679.0309079587189,679.0309079587189,670.7964898550129,685.1686153616449,776.7147623620383
689.6540434403735,689.6540434403735,671.0612853272635,684.4726823856079,776.7147623620383
686.878271275204,686.878271275204,678.1495612274518,685.1408679962212,776.7147623620383
686.8944239594128,686.8944239594128,675.0462722673192,682.9521518593197,776.7147623620383
682.7195692661776,682.7195692661776,676.698934226308,683.9762087140404,776.7147623620383
682.353480023079,682.353480023079,661.7212069852773,682.43215686853,776.7147623620383
685.7739847845239,685.7739847845239,667.5292655475013,682.710334797792,776.7147623620383
687.4592250503244,687.4592250503244,666.1017369620952,682.7492757651852,776.7147623620383
687.0067208566189,687.0067208566189,656.8196381361995,680.6254822165959,776.7147623620383
688.8261692391055,688.8261692391055,661.4411116864712,680.1515977512818,776.7147623620383
686.5930307332949,686.5930307332949,659.13201799755,679.7986083598324,776.7147623620383
684.8262132964188,684.8262132964188,659.4726979362006,680.0255883166209,776.7147623620383
684.6327061720156,684.6327061720156,655.5690233485395,679.165904178599,776.7147623620383
682.6223930163795,682.6223930163795,659.2865976239314,677.8481372450266,776.7147623620383
678.6040800841262,678.6040800841262,657.4382110837399,677.6439666902286,776.7147623620383
684.8666902336488,684.8666902336488,653.5688867715706,675.1081727215003,776.7147623620383
686.0250760222089,686.0250760222089,648.2881254345091,674.5359143890996,776.7147623620383
686.7365629738372,686.7365629738372,648.5882426064535,675.3609112390668,776.7147623620383
685.7767547873,685.7767547873,654.5451952064934,674.7324822914765,776.7147623620383
683.2770746939967,683.2770746939967,659.9208233589645,676.2103429860452,776.7147623620383
685.0743224776602,685.0743224776602,662.0995087008264,674.1757701644425,776.7147623620383
687.2317004460168,687.2317004460168,666.1802768610664,673.5840128215314,776.7147623620383
686.2333119592524,686.2333119592524,666.4415766819844,672.5384357977772,776.7147623620383
685.2205629737182,685.2205629737182,665.284861934204,671.7183014705058,776.7147623620383
683.5915254712188,683.5915254712188,669.5294669864093,672.0771985352974,776.7147623620383
680.0721306594946,680.0721306594946,671.1228009365652,670.5115487726649,776.7147623620383
682.9552161952898,682.9552161952898,677.0858305100328,671.3351545241745,776.7147623620383
681.9967224982512,681.9967224982512,675.8265028948584,669.4329018636504,776.7147623620383
683.8761899019586,683.8761899019586,681.1310073033197,668.5787585631572,776.7147623620383
685.6953432948186,685.6953432948186,680.1362777991656,669.3086616515534,776.7147623620383
678.5409100640817,678.5409100640817,676.6870653214851,669.2337243352727,776.7147623620383
678.379589736672,678.379589736672,675.204525135435,670.0898225115404,776.7147623620383
679.0101977762203,679.0101977762203,680.7260361263804,670.1739820575594,776.7147623620383
684.4159060060516,684.4159060060516,682.3536718641097,670.5298644855093,776.7147623620383
685.331273317413,685.331273317413,682.7125051164987,670.5499920413348,776.7147623620383
686.4713863261047,686.4713863261047,684.8098644071121,668.9091587156581,776.7147623620383
690.8974287907951,690.8974287907951,682.6713089980893,669.9982019465205,776.7147623620383
684.5393506993604,684.5393506993604,687.2083907260159,670.737958906998,776.7147623620383
682.7154234549306,682.7154234549306,688.2989505812216,670.6674790772757,776.7147623620383
685.3605037529784,685.3605037529784,680.976019475657,669.1692177219705,776.7147623620383
684.695374911871,684.695374911871,685.1840952727189,670.7798354295186,776.7147623620383
684.6440034413854,684.6440034413854,687.0293083675335,671.7896187254997,776.7147623620383
685.7324947068723,685.7324947068723,687.7986120289191,673.736961882655,776.7147623620383
680.8224897856645,680.8224897856645,686.1352962310075,673.6213399841143,776.7147623620383
680.8470921919981,680.8470921919981,684.3159916811175,674.1390218188149,776.7147623620383
684.9610650183652,684.9610650183652,694.9429309176202,673.2331380036289,776.7147623620383
685.5355446781639,685.5355446781639,690.5887175532846,673.2326496086832,776.7147623620383
688.4434042486611,688.4434042486611,679.0509728821205,671.3551692143087,776.7147623620383
681.3714288857551,681.3714288857551,675.1120177652472,671.1813617984964,776.7147623620383
682.2204814792748,682.2204814792748,680.7396274638115,672.6427719568142,776.7147623620383
678.279395718474,678.279395718474,683.3452386021097,673.289585178938,776.7147623620383
685.1013604166691,685.1013604166691,678.8840674289412,673.3541751458354,776.7147623620383
679.6985706813887,679.6985706813887,678.0817770664531,673.7234050504553,776.7147623620383
687.2586915849771,687.2586915849771,675.4648110930904,673.7050477492687,776.7147623620383
684.7503196992369,684.7503196992369,672.7150704744561,673.3422490684444,776.7147623620383
680.8931019248183,680.8931019248183,660.4870222707123,672.9863010607161,776.7147623620383
682.5387563503577,682.5387563503577,660.9462733944055,671.9160511780642,776.7147623620383
685.8563735168469,685.8563735168469,670.7982042771388,672.2944626773174,776.7147623620383
683.2052875408358,683.2052875408358,674.8067893685268,674.7787920449616,776.7147623620383
686.0285892645902,686.0285892645902,674.8033124691462,675.3152121133489,776.7147623620383
678.0204270325042,678.0204270325042,668.3126476452819,675.1257111084844,776.7147623620383
680.5213703034061,680.5213703034061,668.6716850538328,675.1939725693617,776.7147623620383
677.9654711292364,677.9654711292364,665.9699796253774,675.8035963058229,776.7147623620383
684.6759770957013,684.6759770957013,671.1915762554563,676.0860434755735,776.7147623620383
685.4278021064944,685.4278021064944,671.3247157718025,676.1195500060568,776.7147623620383
683.3607097088882,683.3607097088882,680.9330163796924,678.4591269823404,776.7147623620383
683.8740289656757,683.8740289656757,676.5274751257679,677.563921116316,776.7147623620383
683.6751058703406,683.6751058703406,674.8613213906721,677.5490784341612,776.7147623620383
681.6730710830799,681.6730710830799,674.4261259826995,678.754978200203,776.7147623620383
687.8940736692589,687.8940736692589,674.4930691837636,678.2296612783088,776.7147623620383
685.0935701948325,685.0935701948325,676.6778097445981,678.0413713172387,776.7147623620383
685.0278993616226,685.0278993616226,674.4617879857161,676.8502747942916,776.7147623620383
681.8510495368402,681.8510495368402,671.1391778549278,676.7431165404116,776.7147623620383
691.6596230617707,691.6596230617707,671.6405852033914,677.357188129411,776.7147623620383
684.2245704756568,684.2245704756568,675.5964736352096,677.3329513358169,776.7147623620383
681.885253023683,681.885253023683,674.5551035587252,679.1455875067725,776.7147623620383
683.2490456473731,683.2490456473731,687.5249298406542,679.6517409824403,776.7147623620383
687.6085716743837,687.6085716743837,687.4354164374519,679.8708611426798,776.7147623620383
680.5947260500116,680.5947260500116,685.3777396869598,679.604324676931,776.7147623620383
688.3553408218536,688.3553408218536,689.0000967050129,680.0024250594781,776.7147623620383
