Average Episodic Reward,Average Episodic N-Reward,Avg Reward (last 10),Avg Reward (last 50),Best Reward
1311.6230982640004,1311.6230982640004,1456.8506075810064,1456.8506075810064,1456.8506075810064
1281.749446478623,1281.749446478623,1145.647586318902,1145.647586318902,1456.8506075810064
1281.912505834026,1281.912505834026,1141.4812289115282,1141.4812289115282,1456.8506075810064
1261.8314778809536,1261.8314778809536,1265.840884783442,1265.840884783442,1638.919852399184
1274.9217804013542,1274.9217804013542,1212.5341195482788,1212.5341195482788,1638.919852399184
1254.3893674357707,1254.3893674357707,1247.1918631396393,1247.1918631396393,1638.919852399184
1250.2990659552158,1250.2990659552158,1172.6457669748565,1172.6457669748565,1638.919852399184
1287.8674089747062,1287.8674089747062,1168.2396646240718,1168.2396646240718,1638.919852399184
1264.5075074559425,1264.5075074559425,1169.3058270045703,1169.3058270045703,1638.919852399184
1211.579432078464,1211.579432078464,1146.4917102057402,1146.4917102057402,1638.919852399184
1295.2932802648636,1295.2932802648636,1146.7498744007862,1174.9408501444427,1638.919852399184
1228.8078028949103,1228.8078028949103,1205.3591480763157,1195.407221116747,1638.919852399184
1239.3604900565092,1239.3604900565092,1251.582319160482,1226.1743752568773,1638.919852399184
1263.4209307531899,1263.4209307531899,1202.3071479425923,1220.459644182835,1638.919852399184
1232.3804943063024,1232.3804943063024,1247.0386398517035,1235.5371330838955,1638.919852399184
1241.924304548424,1241.924304548424,1228.4155552969205,1235.4566707379404,1638.919852399184
1259.746328081322,1259.746328081322,1289.29921455155,1241.2654420199706,1638.919852399184
1276.4360194636913,1276.4360194636913,1285.7450117165365,1233.5204130087745,1638.919852399184
1278.7892217973956,1278.7892217973956,1308.376798134863,1242.5010749678825,1638.919852399184
1253.0087463171997,1253.0087463171997,1352.7533505723577,1249.6225303890492,1638.919852399184
1308.324307538444,1308.324307538444,1317.1320484199352,1242.650944561344,1638.919852399184
1282.4668193681523,1282.4668193681523,1297.2795762632963,1241.7128370924513,1638.919852399184
1300.1459473229556,1300.1459473229556,1272.4516674384317,1246.2949370749443,1638.919852399184
1258.9497970878485,1258.9497970878485,1332.9379913546923,1267.325622171109,1751.0313793828977
1275.8503552713307,1275.8503552713307,1290.612195698944,1257.5671581299148,1751.0313793828977
1452.915628638425,1452.915628638425,1301.440654760694,1260.835126131307,1751.0313793828977
1558.3821063753037,1558.3821063753037,1322.5357191427024,1271.3655446580192,1751.0313793828977
1499.0646227296245,1499.0646227296245,1353.8273147743096,1276.4871636393225,1751.0313793828977
1566.8459357397953,1566.8459357397953,1356.7335681385523,1281.89158985432,1751.0313793828977
1555.2365493003128,1555.2365493003128,1377.4863565872815,1292.2438057884597,1751.0313793828977
1534.1040002957823,1534.1040002957823,1409.241447620991,1296.3898165160688,1751.0313793828977
1515.607635069517,1515.607635069517,1449.525373924795,1306.6542548525586,1751.0313793828977
1516.8022758208847,1516.8022758208847,1450.326992188837,1308.1228325640025,1751.0313793828977
1530.1433993643825,1530.1433993643825,1434.9294786622854,1316.6208740802783,1751.0313793828977
1530.0721408209918,1530.0721408209918,1473.777922113518,1319.3416621252297,1751.0313793828977
1523.8126054724084,1523.8126054724084,1503.7752384312437,1328.318490659067,1751.0313793828977
1523.5544070155113,1523.5544070155113,1502.2684535988078,1333.7717362636376,1751.0313793828977
1544.3637169213282,1544.3637169213282,1506.9862544999621,1337.1448191289644,1751.0313793828977
1527.3438558166351,1527.3438558166351,1526.0744386643705,1344.5025767286918,1751.0313793828977
1546.4314214782698,1546.4314214782698,1519.3866208569148,1349.0295095555734,1751.0313793828977
1511.3195180837727,1511.3195180837727,1553.2947999782734,1359.049568580021,1759.8519295579224
1519.2031735274168,1519.2031735274168,1563.8414662998257,1367.8893051971459,1759.8519295579224
1533.1062683205341,1533.1062683205341,1574.5169630744072,1370.0749559385151,1759.8519295579224
1536.7948263015146,1536.7948263015146,1577.901133028778,1376.0027511140286,1759.8519295579224
1545.7686819678688,1545.7686819678688,1576.5080776168427,1376.4897544566995,1759.8519295579224
1524.2863807299273,1524.2863807299273,1568.3192688937722,1380.492572884003,1759.8519295579224
1532.289337050076,1532.289337050076,1579.8664897434567,1386.1323221104078,1759.8519295579224
1517.8302148049947,1517.8302148049947,1563.972322532011,1384.4005490045993,1759.8519295579224
1515.6823707901626,1515.6823707901626,1560.1522044415283,1388.5127048333525,1759.8519295579224
1537.842824486229,1537.842824486229,1583.495482196418,1395.9227040837422,1759.8519295579224
1534.360178818315,1534.360178818315,1535.4489518765265,1392.3734244593027,1759.8519295579224
1529.5098716753366,1529.5098716753366,1502.9654171598524,1403.7941963448172,1759.8519295579224
1529.8389598495614,1529.8389598495614,1502.0002966557154,1410.1756477035744,1759.8519295579224
1521.4589469663083,1521.4589469663083,1474.7747107352802,1404.5700923447255,1759.8519295579224
1535.601862754619,1535.601862754619,1481.8146837945405,1413.95030381511,1759.8519295579224
1509.8326363421022,1509.8326363421022,1470.926627892081,1414.575469054942,1759.8519295579224
1531.1636051547566,1531.1636051547566,1468.818139110591,1432.5576032294214,1759.8519295579224
1543.343015462959,1543.343015462959,1490.506343126069,1440.2074493297775,1759.8519295579224
1520.0598353818182,1520.0598353818182,1489.331067221511,1448.1336153201648,1759.8519295579224
1530.6496093970457,1530.6496093970457,1473.0994364724954,1461.2442493370932,1759.8519295579224
1540.5349941156858,1540.5349941156858,1515.360478005046,1466.0955451801542,1759.8519295579224
1555.3714961214077,1555.3714961214077,1548.8129102763282,1472.4849487848194,1759.8519295579224
1513.3165293821505,1513.3165293821505,1576.7988342657186,1475.218950724622,1759.8519295579224
1537.7878189528014,1537.7878189528014,1606.1597784648388,1485.340618449175,1759.8519295579224
1531.7091102861157,1531.7091102861157,1596.763743120779,1483.8953244689249,1759.8519295579224
1532.484194873405,1532.484194873405,1595.5097621728794,1487.994310430134,1759.8519295579224
1535.6226618702024,1535.6226618702024,1591.8704831618693,1493.0718569514854,1759.8519295579224
1525.1216419333805,1525.1216419333805,1583.2299837737105,1499.7044437412126,1759.8519295579224
1543.5656325758607,1543.5656325758607,1577.2853899148008,1501.9153336761522,1759.8519295579224
1544.6652997999138,1544.6652997999138,1574.647649748237,1505.623109172269,1759.8519295579224
1552.698956566005,1552.698956566005,1554.257586594603,1513.5206528150877,1759.8519295579224
1552.7180313298006,1552.7180313298006,1540.0555086653635,1521.0401352652332,1759.8519295579224
1509.0916536441227,1509.0916536441227,1528.200344546775,1526.3686861462907,1759.8519295579224
1545.3671267098966,1545.3671267098966,1507.0890888029585,1520.170837938828,1759.8519295579224
1540.7046089695111,1540.7046089695111,1516.3562289684207,1529.0441311228199,1759.8519295579224
1333.9170914692943,1333.9170914692943,1521.854132559424,1532.07700598988,1759.8519295579224
1321.5561724015354,1321.5561724015354,1528.0246994721447,1534.169653017374,1759.8519295579224
1386.023170484252,1386.023170484252,1528.212230793854,1534.5814269451212,1759.8519295579224
1352.6914363503051,1352.6914363503051,1563.3187208513816,1543.2323642187184,1865.7623875541021
1395.6106566747474,1395.6106566747474,1554.1515192699958,1540.9561417088123,1865.7623875541021
1409.492783513805,1409.492783513805,1535.9715694967122,1538.8666771902322,1865.7623875541021
1438.6386636093712,1438.6386636093712,1478.8602041955487,1526.9071013193836,1865.7623875541021
1432.0369660015933,1432.0369660015933,1442.2316189564906,1524.7496114998212,1865.7623875541021
1432.3582253862007,1432.3582253862007,1443.7698228262511,1521.9389067716213,1865.7623875541021
1445.0711590534231,1445.0711590534231,1409.3983284654764,1516.1682123932117,1865.7623875541021
1433.4872091128748,1433.4872091128748,1412.5326977782738,1513.8284978592862,1865.7623875541021
1456.5471163676868,1456.5471163676868,1388.4515891836459,1511.4062801343416,1865.7623875541021
1468.35916007056,1468.35916007056,1361.2061858039574,1505.4254132059207,1865.7623875541021
1477.132514159077,1477.132514159077,1303.2212922074089,1498.6617349273263,1865.7623875541021
1494.5705828247496,1494.5705828247496,1291.0635602188895,1495.2915295812072,1865.7623875541021
1505.160681945156,1505.160681945156,1327.1131675011136,1493.6303506948004,1865.7623875541021
1489.5948640938095,1489.5948640938095,1374.7012162488118,1489.079051309181,1865.7623875541021
1515.916149058789,1515.916149058789,1399.8688742458676,1489.8199937341135,1865.7623875541021
1517.703715719316,1517.703715719316,1407.3144333762991,1487.8215668411256,1865.7623875541021
1505.4941825550372,1505.4941825550372,1453.829052861213,1491.6324074420859,1865.7623875541021
1523.191649260885,1523.191649260885,1448.084813292947,1489.781606739121,1865.7623875541021
1547.4226493108808,1547.4226493108808,1459.1138513962553,1487.2557524649012,1865.7623875541021
1494.7440156873026,1494.7440156873026,1489.0693580900986,1490.4448203175377,1865.7623875541021
1513.0200456671546,1513.0200456671546,1490.5147688411857,1484.7342478072574,1865.7623875541021
1528.606627845801,1528.606627845801,1522.2180875324752,1483.0360506484185,1865.7623875541021
1534.8681119276582,1534.8681119276582,1510.9665088264676,1488.7338620847886,1865.7623875541021
1520.1703339965648,1520.1703339965648,1526.4075295242333,1493.7674737820573,1865.7623875541021
1519.9782295671632,1519.9782295671632,1525.1383025988964,1494.4475949227497,1865.7623875541021
1534.9849266702588,1534.9849266702588,1534.3929778689844,1499.745220267866,1865.7623875541021
1526.2026680136903,1526.2026680136903,1522.571922939916,1499.7838552711607,1865.7623875541021
1526.6475559651947,1526.6475559651947,1545.5825319072444,1504.7127875421534,1865.7623875541021
1531.6086141737333,1531.6086141737333,1558.5443146730245,1505.200987577388,1865.7623875541021
1545.6887418233423,1545.6887418233423,1580.4487322303562,1508.4332981383955,1865.7623875541021
1537.089186812673,1537.089186812673,1591.0255971198949,1505.0731537869342,1865.7623875541021
1508.4117365003174,1508.4117365003174,1551.044647133382,1498.6250927805959,1865.7623875541021
1540.5291572217589,1540.5291572217589,1542.9556462202156,1494.2528957278223,1865.7623875541021
1528.7724087444285,1528.7724087444285,1528.4439690800768,1489.6936855428069,1865.7623875541021
1514.0852502018702,1514.0852502018702,1558.7131832435512,1490.8304647183163,1865.7623875541021
1507.3652952363561,1507.3652952363561,1554.9705527672372,1489.507375128346,1865.7623875541021
1524.1094639761795,1524.1094639761795,1561.9343563224054,1492.817977911486,1865.7623875541021
1528.0234083962146,1528.0234083962146,1544.2079963848512,1494.4524343845478,1865.7623875541021
1498.862255511371,1498.862255511371,1524.0751600328026,1491.6419229515748,1865.7623875541021
1541.4466794035395,1541.4466794035395,1516.4622138201903,1495.0797441476916,1865.7623875541021
1536.4714175524152,1536.4714175524152,1500.8505500643255,1489.7861858168392,1865.7623875541021
1544.016487444428,1544.016487444428,1532.5048803515729,1490.1965389012632,1865.7623875541021
1534.0121130582922,1534.0121130582922,1533.797112528547,1490.160800914611,1865.7623875541021
1533.1695320954614,1533.1695320954614,1526.3403463108189,1486.9506530718977,1865.7623875541021
1535.4847413715404,1535.4847413715404,1506.9960571092538,1486.589607230812,1865.7623875541021
1506.571720725654,1506.571720725654,1521.0593230469572,1492.301421977146,1865.7623875541021
1527.8348285482093,1527.8348285482093,1532.2191860465941,1495.990569327121,1865.7623875541021
1531.313316097608,1531.313316097608,1536.7425224011981,1497.430112352903,1865.7623875541021
1548.1333444926804,1548.1333444926804,1534.8164781360997,1493.0002786843659,1865.7623875541021
1526.513885704972,1526.513885704972,1534.757841719908,1496.3888663329021,1865.7623875541021
1538.3509512966382,1538.3509512966382,1551.4731669476778,1487.4170750360986,1865.7623875541021
1521.658528648274,1521.658528648274,1535.2088977833596,1486.408014603936,1865.7623875541021
1515.1129985980203,1515.1129985980203,1529.8936641631658,1488.9452198479019,1865.7623875541021
1524.3933664560254,1524.3933664560254,1534.289951862735,1498.036602605335,1865.7623875541021
1529.1172540167045,1529.1172540167045,1555.0533824973777,1509.1539599389891,1865.7623875541021
1519.3521910514787,1519.3521910514787,1536.0352224600033,1510.7545019038962,1865.7623875541021
1531.8686900821695,1531.8686900821695,1544.0480219089452,1522.9205080158147,1865.7623875541021
1525.2451346542982,1525.2451346542982,1555.1243125999322,1525.9484353172343,1865.7623875541021
1512.9934093732008,1512.9934093732008,1577.1201111143605,1530.7339830705087,1865.7623875541021
1521.0849167590195,1521.0849167590195,1547.811147780701,1533.7098587282505,1865.7623875541021
1521.002375613345,1521.002375613345,1547.0429825391186,1536.1814131024407,1865.7623875541021
1517.4055827616455,1517.4055827616455,1558.3159947811578,1539.8585015163897,1865.7623875541021
1516.925649790672,1516.925649790672,1580.5416131306881,1539.6309089738172,1865.7623875541021
1510.1000375936221,1510.1000375936221,1571.9621083903555,1537.488781033644,1865.7623875541021
1527.2141377300559,1527.2141377300559,1535.248733762092,1536.2299318422342,1865.7623875541021
1529.99369223402,1529.99369223402,1526.3057403978999,1534.5527633082163,1865.7623875541021
1517.3695077671669,1517.3695077671669,1506.4055078198305,1533.4357990075382,1865.7623875541021
1524.3960022908502,1524.3960022908502,1490.028372716334,1534.337147201912,1865.7623875541021
1507.1616066349277,1507.1616066349277,1485.555608134528,1536.0223344181632,1865.7623875541021
1503.4034720688983,1503.4034720688983,1538.0822214212967,1543.5124313944905,1865.7623875541021
1508.6620068601605,1508.6620068601605,1541.7203552862097,1546.4225303914454,1865.7623875541021
1533.5871707002434,1533.5871707002434,1537.344626410079,1542.8838092919102,1865.7623875541021
1505.7597687218388,1505.7597687218388,1514.6026648135717,1540.3581401712374,1865.7623875541021
1514.992765366134,1514.992765366134,1549.2597594393276,1542.0592270166628,1865.7623875541021
1527.4961091528914,1527.4961091528914,1574.703469952994,1546.1429653130535,1865.7623875541021
1522.8234866276775,1522.8234866276775,1582.5907689426062,1544.1923215229406,1865.7623875541021
1519.8581396035497,1519.8581396035497,1590.00757389816,1546.9229291991871,1865.7623875541021
1525.137339866827,1525.137339866827,1603.2090319269169,1545.8624472058466,1865.7623875541021
1517.7636401906996,1517.7636401906996,1605.4426319429922,1545.4019978721565,1865.7623875541021
1520.3338664622113,1520.3338664622113,1563.0805896512015,1540.0388028786592,1865.7623875541021
1530.2506410231579,1530.2506410231579,1577.9444796356186,1543.8063068945899,1865.7623875541021
1526.777476053327,1526.777476053327,1570.667234830239,1546.8083268312816,1865.7623875541021
1511.5512894457256,1511.5512894457256,1577.2217301229246,1547.2113569517794,1865.7623875541021
1543.5769127838369,1543.5769127838369,1565.6667144671942,1549.5037760940863,1865.7623875541021
1529.9170689740995,1529.9170689740995,1566.762837418028,1547.7528961479493,1865.7623875541021
1516.648081875136,1516.648081875136,1557.6897041151872,1544.7361517925308,1865.7623875541021
1506.2644558994277,1506.2644558994277,1567.0055356363753,1547.9371650619807,1865.7623875541021
1507.4653306265325,1507.4653306265325,1527.1396989624095,1542.4487877213583,1865.7623875541021
1522.154583164147,1522.154583164147,1503.8534047913438,1541.357646823865,1865.7623875541021
1524.796727398222,1524.796727398222,1519.4901679997583,1540.644393714573,1865.7623875541021
1530.3054270483688,1530.3054270483688,1502.4312555030012,1544.1224479823252,1865.7623875541021
1519.1512301018652,1519.1512301018652,1490.291103811122,1538.3655715231914,1865.7623875541021
1495.8354407317522,1495.8354407317522,1509.4999749838366,1542.3519294428372,1865.7623875541021
1522.782978772688,1522.782978772688,1490.1457793367758,1542.2648626992775,1865.7623875541021
1528.7400208551103,1528.7400208551103,1477.5006198319606,1541.8538086924902,1865.7623875541021
1504.8107273456824,1504.8107273456824,1484.7774341103589,1537.4797740052109,1865.7623875541021
1520.2805069503756,1520.2805069503756,1457.5901279162422,1533.0113534359105,1865.7623875541021
1507.4345950820532,1507.4345950820532,1491.3809471608508,1533.3764726732888,1865.7623875541021
1543.287377293565,1543.287377293565,1498.9813585017978,1534.1906228970047,1865.7623875541021
1516.2935595853671,1516.2935595853671,1481.9438292827301,1530.0815912271378,1865.7623875541021
1508.8644153894743,1508.8644153894743,1494.6429755839806,1532.756409709586,1865.7623875541021
1501.0419823508587,1501.0419823508587,1506.914702428049,1532.7067324521295,1865.7623875541021
1493.6998371407483,1493.6998371407483,1501.2059107149894,1536.6143787532023,1865.7623875541021
1518.3750983551693,1518.3750983551693,1503.4042121849627,1536.0877147637234,1865.7623875541021
1532.6334305069468,1532.6334305069468,1500.916326465073,1531.0263974860295,1865.7623875541021
1516.0034578262778,1516.0034578262778,1477.8954188749528,1525.851813288201,1865.7623875541021
1520.7672209584482,1520.7672209584482,1489.3338326852027,1522.0685155911622,1865.7623875541021
1497.2665322446367,1497.2665322446367,1473.2448862746803,1517.0005874082385,1865.7623875541021
1527.3947891364078,1527.3947891364078,1478.0451703522517,1514.3756347445828,1865.7623875541021
1494.8690367601694,1494.8690367601694,1480.6469912724037,1516.648759925478,1865.7623875541021
1515.2359891742003,1515.2359891742003,1479.5505374423137,1519.2579206902249,1865.7623875541021
1511.0215256692954,1511.0215256692954,1475.5228432503193,1516.1481021459615,1865.7623875541021
1530.8492554101074,1530.8492554101074,1437.3157512575292,1507.9692063785703,1865.7623875541021
1511.3880787856956,1511.3880787856956,1432.6200071626586,1508.2192945181835,1865.7623875541021
1514.2916699263408,1514.2916699263408,1434.4235067665368,1510.8613520869185,1865.7623875541021
1521.902141242121,1521.902141242121,1471.3813134989489,1514.8669279084106,1865.7623875541021
1506.5778864608772,1506.5778864608772,1474.3042412035245,1515.6482622679005,1865.7623875541021
1509.3763046571046,1509.3763046571046,1494.5133872762344,1517.8975903202183,1865.7623875541021
1523.8361624719548,1523.8361624719548,1490.1832478799338,1515.3011626936639,1865.7623875541021
1528.642284249989,1528.642284249989,1487.7435820490296,1506.5810320510247,1865.7623875541021
1531.8704258743348,1531.8704258743348,1504.3598583686655,1511.785821306716,1865.7623875541021
1502.6440554502149,1502.6440554502149,1520.1389932681434,1512.7069755175748,1865.7623875541021
1497.220322239776,1497.220322239776,1536.0519529957705,1512.2590640150102,1865.7623875541021
1503.9615490533229,1503.9615490533229,1539.56110721487,1506.2795640732925,1865.7623875541021
1514.3118597559298,1514.3118597559298,1533.3740957494854,1502.595477246217,1865.7623875541021
1499.5950771263492,1499.5950771263492,1518.7185130575676,1502.0924767314034,1865.7623875541021
1505.6094536190658,1505.6094536190658,1509.0737134026044,1499.46149016879,1865.7623875541021
1528.8879580961554,1528.8879580961554,1500.4978944304426,1497.3553628209236,1865.7623875541021
1517.227280749409,1517.227280749409,1500.3222289854016,1494.2770821021459,1865.7623875541021
1525.2044244336994,1525.2044244336994,1540.0029539777383,1501.965504916332,1865.7623875541021
1515.5141161718932,1515.5141161718932,1516.620359731046,1499.5209973258013,1865.7623875541021
1506.3878700871078,1506.3878700871078,1494.902629609538,1497.5540544734342,1865.7623875541021
1510.3833929824789,1510.3833929824789,1501.6603004328322,1497.1467780769917,1865.7623875541021
1513.1466275199407,1513.1466275199407,1488.3388806359235,1490.8139973070383,1865.7623875541021
1496.5871753839535,1496.5871753839535,1484.54651229402,1486.1522122214149,1865.7623875541021
1533.0875612185625,1533.0875612185625,1476.8487002273416,1485.924275953834,1865.7623875541021
1513.2489733449524,1513.2489733449524,1485.8335857466755,1483.22710019085,1865.7623875541021
1526.6856108769698,1526.6856108769698,1478.0175473731936,1487.5309325030807,1865.7623875541021
1505.2530450994998,1505.2530450994998,1471.40604382429,1487.787609908735,1865.7623875541021
1502.7742038644265,1502.7742038644265,1442.9278582341994,1486.6530429632203,1865.7623875541021
1524.1859110818489,1524.1859110818489,1443.8444398170573,1487.803634188613,1865.7623875541021
1515.1891747684938,1515.1891747684938,1458.4107672654175,1491.1779871642937,1865.7623875541021
1515.3146420661285,1515.3146420661285,1475.979753617675,1490.442733803759,1865.7623875541021
1510.6573809217268,1510.6573809217268,1484.4379683122834,1489.6724351021396,1865.7623875541021
1528.81932565046,1528.81932565046,1478.7650755722475,1486.4051033694727,1865.7623875541021
1512.0262837130244,1512.0262837130244,1475.9250194404299,1484.1537930198483,1865.7623875541021
1488.838843041192,1488.838843041192,1453.3666954484138,1482.3824136972844,1865.7623875541021
1538.3203400558189,1538.3203400558189,1463.9414609954317,1482.0430352699966,1865.7623875541021
1523.6602744017682,1523.6602744017682,1475.8552813481497,1483.1623944780054,1865.7623875541021
1538.157725549612,1538.157725549612,1471.2278009423912,1484.5098372951525,1865.7623875541021
1501.3221115518422,1501.3221115518422,1468.1229681062173,1482.4996326930602,1865.7623875541021
1511.6140745743098,1511.6140745743098,1468.3575039508216,1483.4665474688484,1865.7623875541021
1522.9798668411106,1522.9798668411106,1451.6666048409502,1480.5348726289515,1865.7623875541021
1515.4644369012403,1515.4644369012403,1471.9019127108,1483.371975207307,1865.7623875541021
1507.5091119889682,1507.5091119889682,1506.9589609622674,1487.6136302689113,1865.7623875541021
1508.1388742658319,1508.1388742658319,1493.481632666344,1487.2710357781264,1865.7623875541021
1515.6508037803462,1515.6508037803462,1521.500659486168,1488.8157790574771,1865.7623875541021
1518.3628273313516,1518.3628273313516,1512.5287688483552,1489.8998117847318,1865.7623875541021
1517.7918152560678,1517.7918152560678,1521.8727702227516,1491.9279144521054,1865.7623875541021
1513.1174703350364,1513.1174703350364,1514.3354502132845,1491.2475290833286,1865.7623875541021
1507.7960454289296,1507.7960454289296,1514.65415912236,1489.5203570290696,1865.7623875541021
1504.9872803834924,1504.9872803834924,1501.6871189578048,1488.6994026103453,1865.7623875541021
1514.4526513713104,1514.4526513713104,1502.6454024597638,1493.6008028693984,1865.7623875541021
1504.565894053564,1504.565894053564,1490.6877268049698,1494.9855191357697,1865.7623875541021
1519.1352116112605,1519.1352116112605,1460.0237270927012,1492.7336743341446,1865.7623875541021
1491.3254174717463,1491.3254174717463,1471.1057317420034,1487.2159194267372,1865.7623875541021
1524.7557035902669,1524.7557035902669,1459.264081362485,1485.8077470892695,1865.7623875541021
1499.853284139241,1499.853284139241,1464.2211229180134,1483.8413589130876,1865.7623875541021
1509.6586211056106,1509.6586211056106,1454.0630864054344,1484.7038821572057,1865.7623875541021
1510.1859760423167,1510.1859760423167,1487.82315668259,1491.2634440100405,1865.7623875541021
1495.282512155878,1495.282512155878,1497.6419551721233,1488.1767763897608,1865.7623875541021
1517.493687325862,1517.493687325862,1534.1270219337018,1491.4970083434566,1865.7623875541021
1514.508399883829,1514.508399883829,1534.4650380470534,1493.2834198796547,1865.7623875541021
1505.9170400792227,1505.9170400792227,1533.5825324656214,1493.7898041859194,1865.7623875541021
1519.475740487178,1519.475740487178,1527.0957158326166,1491.4779983507701,1865.7623875541021
1498.0481922087242,1498.0481922087242,1552.976205895718,1494.0674579943675,1865.7623875541021
1519.1118406656062,1519.1118406656062,1560.1417917569197,1496.0213627601327,1865.7623875541021
1518.9737469674576,1518.9737469674576,1545.1059403994773,1492.7629681068945,1865.7623875541021
1498.6917258515405,1498.6917258515405,1563.1026511757823,1497.2599665952816,1865.7623875541021
1520.5364284424875,1520.5364284424875,1546.399902844351,1492.5428337833634,1865.7623875541021
1524.3033940846517,1524.3033940846517,1527.1942569892124,1490.2915558413943,1865.7623875541021
1487.543629431125,1487.543629431125,1505.8417837328693,1493.6848391681228,1865.7623875541021
1500.5985016957839,1500.5985016957839,1507.407720472806,1494.43290388765,1865.7623875541021
1531.6202793822,1531.6202793822,1510.913221671704,1498.3046723930759,1865.7623875541021
1511.9878036063726,1511.9878036063726,1530.1499227251893,1500.5986804370048,1865.7623875541021
1493.7262928461837,1493.7262928461837,1518.702521054075,1502.4382221597143,1865.7623875541021
1504.865393958112,1504.865393958112,1502.048492448843,1499.2643441005657,1865.7623875541021
1513.916059988158,1513.916059988158,1511.5382884609687,1499.4671163244493,1865.7623875541021
1506.9426865690098,1506.9426865690098,1488.9489266999933,1500.768543170422,1865.7623875541021
1514.5161769628314,1514.5161769628314,1490.200014567054,1501.997265049934,1865.7623875541021
1513.8982040670649,1513.8982040670649,1517.887617413469,1505.1001913606765,1865.7623875541021
1504.5034647883579,1504.5034647883579,1532.929127409819,1508.5885111970035,1865.7623875541021
1501.0006735636312,1501.0006735636312,1522.8329161626884,1503.8035363966526,1865.7623875541021
1521.3686474978524,1521.3686474978524,1522.5703027151926,1505.9311392736574,1865.7623875541021
1497.4176267764115,1497.4176267764115,1507.4553775587196,1506.3367408342992,1865.7623875541021
1506.9423365761381,1506.9423365761381,1523.3079970305587,1511.91481767774,1865.7623875541021
1508.7509870793274,1508.7509870793274,1542.8875869389599,1517.1685223986753,1865.7623875541021
1507.6476096058175,1507.6476096058175,1543.9815381165504,1515.4751317486732,1865.7623875541021
1496.7511683506245,1496.7511683506245,1546.9952545819244,1514.9965378171773,1865.7623875541021
1514.5590172777033,1514.5590172777033,1539.5462759214438,1515.6609600457448,1865.7623875541021
1512.1558999809686,1512.1558999809686,1540.0098181790197,1519.4775613752372,1865.7623875541021
1493.5918938804111,1493.5918938804111,1515.225382581199,1517.9620869230791,1865.7623875541021
1513.1256959170062,1513.1256959170062,1513.3889868737365,1516.1480128032097,1865.7623875541021
1505.6114170615713,1505.6114170615713,1521.6507707644425,1515.8809108843861,1865.7623875541021
1498.9289523386342,1498.9289523386342,1536.1405586692856,1512.1730603757026,1865.7623875541021
1515.6516941941127,1515.6516941941127,1515.4741340824708,1516.3133179609652,1865.7623875541021
1508.456960685501,1508.456960685501,1508.8590527762765,1514.6402010566965,1865.7623875541021
1510.442034590439,1510.442034590439,1523.473590205116,1517.6640960200252,1865.7623875541021
1488.5192207513007,1488.5192207513007,1539.7936188575027,1518.5807075441276,1865.7623875541021
1493.776862219922,1493.776862219922,1550.7915406148327,1522.9521781260546,1865.7623875541021
1522.6047096903949,1522.6047096903949,1520.6834773931776,1520.6834250294,1865.7623875541021
1526.837239897526,1526.837239897526,1519.7322671946815,1521.571116570454,1865.7623875541021
1514.3847471175864,1514.3847471175864,1521.9934563543918,1520.0176235821355,1865.7623875541021
1509.7905646518486,1509.7905646518486,1524.5754856088727,1522.6584626451668,1865.7623875541021
1501.0540842268324,1501.0540842268324,1525.4417093496509,1525.2566568270925,1865.7623875541021
1498.5305648737985,1498.5305648737985,1535.0315698094676,1529.098485574458,1865.7623875541021
1505.1927374545014,1505.1927374545014,1538.638610146867,1530.5151068135733,1865.7623875541021
1502.896152357474,1502.896152357474,1513.1826025797782,1527.4563919523782,1865.7623875541021
1499.8589251266164,1499.8589251266164,1502.643930339434,1528.2968763309275,1865.7623875541021
1495.2890334214105,1495.2890334214105,1497.2491798424908,1524.8373827580342,1865.7623875541021
1489.8773342972563,1489.8773342972563,1514.5978967600963,1524.074613346995,1865.7623875541021
1501.1773563073305,1501.1773563073305,1531.1663980109279,1520.9789917858996,1865.7623875541021
1514.813669344988,1514.813669344988,1537.9452565095887,1520.7136672746426,1865.7623875541021
1511.0798933570463,1511.0798933570463,1540.1281152341548,1523.9675791988734,1865.7623875541021
1504.6490574187417,1504.6490574187417,1529.5940346769298,1525.7563205959552,1865.7623875541021
1514.3364240372082,1514.3364240372082,1509.7939120661238,1520.4620268085391,1865.7623875541021
1500.318666934736,1500.318666934736,1512.5183307208704,1520.9904146063634,1865.7623875541021
1496.905015938574,1496.905015938574,1523.3648309613234,1523.1081700647474,1865.7623875541021
1500.8189209933637,1500.8189209933637,1520.0765296243444,1519.69165202064,1865.7623875541021
1489.2657518036715,1489.2657518036715,1491.469836546459,1513.8513694984558,1865.7623875541021
1493.5493321380907,1493.5493321380907,1491.263368457628,1516.8884356406782,1865.7623875541021
1499.9565666284523,1499.9565666284523,1475.8088130003362,1514.9723976393925,1865.7623875541021
1517.1033599721545,1517.1033599721545,1463.1979486404202,1511.8717129081656,1865.7623875541021
1494.826043315069,1494.826043315069,1453.8780993095056,1512.5605547264338,1865.7623875541021
1526.6460524312233,1526.6460524312233,1471.4190577211841,1514.0101475951542,1865.7623875541021
1480.5946709314314,1480.5946709314314,1495.2588927034983,1515.7733011384241,1865.7623875541021
1509.4806656443513,1509.4806656443513,1490.8447617413944,1518.7496684648736,1865.7623875541021
1481.646640375716,1481.646640375716,1485.1334997713361,1517.8272123268207,1865.7623875541021
1506.2707344623245,1506.2707344623245,1491.2599857725477,1520.1538638351508,1865.7623875541021
1477.3603923504802,1477.3603923504802,1497.71221528311,1515.353809641667,1865.7623875541021
1513.3749264268042,1513.3749264268042,1480.7285292653128,1509.4566180110467,1865.7623875541021
1490.9902565320394,1490.9902565320394,1491.5417898583976,1506.6949301291086,1865.7623875541021
1509.7869711059998,1509.7869711059998,1529.4389168047906,1513.1929130365857,1865.7623875541021
1514.8724506505146,1514.8724506505146,1539.1565735430847,1515.877808892012,1865.7623875541021
1503.0812402274637,1503.0812402274637,1524.7785898076722,1517.4747900449445,1865.7623875541021
1492.3548074761225,1492.3548074761225,1531.4676692435326,1517.4052355810186,1865.7623875541021
1502.0230120109775,1502.0230120109775,1525.5989032681714,1515.2919317307158,1865.7623875541021
1500.9892064609237,1500.9892064609237,1527.5679528020216,1514.5444952639148,1865.7623875541021
1491.9454359521367,1491.9454359521367,1502.5158414359637,1511.2579812059585,1865.7623875541021
1509.0686202740399,1509.0686202740399,1518.9829580764301,1511.2411460726646,1865.7623875541021
1495.9003143063146,1495.9003143063146,1543.2586610760404,1510.1063865904514,1865.7623875541021
1512.7503530940871,1512.7503530940871,1550.2445585749806,1513.698765327865,1865.7623875541021
1478.8358899221266,1478.8358899221266,1527.2645282906842,1515.9680213199752,1865.7623875541021
1512.1331747699614,1512.1331747699614,1495.4688594640252,1510.6414266319289,1865.7623875541021
1516.6457495453599,1516.6457495453599,1494.7134247316474,1509.189363257417,1865.7623875541021
1509.5438849333252,1509.5438849333252,1476.2167720973252,1509.5537631839895,1865.7623875541021
1526.3272083696218,1526.3272083696218,1472.6240321396508,1508.0449276033905,1865.7623875541021
1491.8032546427035,1491.8032546427035,1448.041309612467,1499.4580391453849,1865.7623875541021
1513.2127702023188,1513.2127702023188,1473.238316678665,1497.9469207701911,1865.7623875541021
1486.4423176997236,1486.4423176997236,1488.4194665614946,1498.7667312619967,1865.7623875541021
1503.5245719381062,1503.5245719381062,1472.3089430078667,1500.4314797133889,1865.7623875541021
1492.0574802685294,1492.0574802685294,1486.599003019518,1507.072112492832,1865.7623875541021
1508.9906771871981,1508.9906771871981,1500.1333268619524,1511.5959954214873,1865.7623875541021
1496.8075849015574,1496.8075849015574,1524.9540268258102,1510.7171348753159,1865.7623875541021
1519.7049441087133,1519.7049441087133,1526.6887132730274,1509.438764042092,1865.7623875541021
1518.2332589716991,1518.2332589716991,1528.349289555174,1508.2173071331306,1865.7623875541021
1506.6025140932666,1506.6025140932666,1522.8050978366464,1504.8782251413465,1865.7623875541021
1498.3012883671863,1498.3012883671863,1543.0100696563527,1505.4235325607003,1865.7623875541021
1504.2007410254546,1504.2007410254546,1547.0576032777578,1506.829655357856,1865.7623875541021
1500.1609376016047,1500.1609376016047,1549.10308902293,1509.1375130980848,1865.7623875541021
1500.184050735347,1500.184050735347,1559.7177245634439,1509.4554452740585,1865.7623875541021
1480.951265622877,1480.951265622877,1531.4668871828371,1507.132210327214,1865.7623875541021
1509.326935213276,1509.326935213276,1511.1643423681787,1506.2398125932054,1865.7623875541021
1498.2302600617747,1498.2302600617747,1518.4392190841143,1506.379355645308,1865.7623875541021
1506.6239556493265,1506.6239556493265,1508.0166374592704,1505.12328459856,1865.7623875541021
1492.378594800388,1492.378594800388,1511.78678841844,1508.6158824035942,1865.7623875541021
1499.3210132429504,1499.3210132429504,1524.2880719648833,1507.2321733901492,1865.7623875541021
1501.3833772581786,1501.3833772581786,1546.1161500362546,1509.9737963756866,1865.7623875541021
1503.7946744154535,1503.7946744154535,1518.1015309026993,1506.434655613527,1865.7623875541021
1504.2914623696447,1504.2914623696447,1506.1773549003663,1512.0790167688663,1865.7623875541021
1508.6991095765434,1508.6991095765434,1496.6295834845089,1510.5286882794346,1865.7623875541021
1498.0087804284494,1498.0087804284494,1488.9874037053733,1509.7679284682215,1865.7623875541021
1520.3526188214244,1520.3526188214244,1478.695276662771,1509.3392781976754,1865.7623875541021
1498.7420086110824,1498.7420086110824,1474.228610392089,1510.4494578618244,1865.7623875541021
1495.9289519096046,1495.9289519096046,1480.862530540065,1507.0119791623365,1865.7623875541021
1493.909134277176,1493.909134277176,1464.1937685633375,1502.4028575755617,1865.7623875541021
1500.8843638925218,1500.8843638925218,1455.3571989541235,1500.134660832695,1865.7623875541021
1502.4375570266964,1502.4375570266964,1438.0409469854471,1500.5552858185088,1865.7623875541021
1506.8416691110365,1506.8416691110365,1440.3828623863194,1496.2592309362808,1865.7623875541021
1494.7412149558525,1494.7412149558525,1437.5524565361532,1500.0470650194745,1865.7623875541021
1512.967018141806,1512.967018141806,1435.4994611728216,1501.4828746609364,1865.7623875541021
1523.9919244459002,1523.9919244459002,1445.1481374371908,1500.48919798398,1865.7623875541021
1511.8108615020205,1511.8108615020205,1471.0644275862219,1497.6643803539619,1865.7623875541021
1483.049536968926,1483.049536968926,1452.7139546018268,1493.160934073573,1865.7623875541021
1492.716350222837,1492.716350222837,1445.3266194819412,1491.1215850971903,1865.7623875541021
1518.1648758284502,1518.1648758284502,1466.725755570745,1489.4544748410044,1865.7623875541021
1492.178148934708,1492.178148934708,1486.158543450568,1492.2465888691745,1865.7623875541021
1488.7280919761913,1488.7280919761913,1489.4939693084978,1492.9404891198042,1865.7623875541021
1498.8377356783258,1498.8377356783258,1501.1264793974447,1495.9813585285772,1865.7623875541021
1484.8412145021346,1484.8412145021346,1509.1726128945404,1498.084995983097,1865.7623875541021
1511.5278116297925,1511.5278116297925,1527.9657560221833,1498.4242936501653,1865.7623875541021
1502.3899681470355,1502.3899681470355,1529.6081376759053,1496.3619138041652,1865.7623875541021
1510.5868005023394,1510.5868005023394,1522.092271784301,1496.6299290526847,1865.7623875541021
1491.9970061374233,1491.9970061374233,1531.7259288493083,1500.4123479506295,1865.7623875541021
1492.190140613422,1492.190140613422,1550.2112718417916,1502.2211545192192,1865.7623875541021
1498.4618972344356,1498.4618972344356,1543.996291699892,1503.0103787615176,1865.7623875541021
1512.8695364529267,1512.8695364529267,1529.2086589871951,1503.563514238683,1865.7623875541021
1487.0311258673155,1487.0311258673155,1527.2814302860763,1508.7885132545257,1865.7623875541021
1518.2622549577777,1518.2622549577777,1520.0083807898775,1505.3353713508197,1865.7623875541021
1510.1575577902665,1510.1575577902665,1508.2611028020763,1502.0533232312132,1865.7623875541021
1512.7114138547022,1512.7114138547022,1503.8311430604522,1504.7287336606817,1865.7623875541021
1514.479614697237,1514.479614697237,1530.1169777996422,1505.0655087601897,1865.7623875541021
1494.967397836666,1494.967397836666,1531.6992191052882,1502.943107501352,1865.7623875541021
1499.4678263739356,1499.4678263739356,1534.7667483583023,1502.374892257128,1865.7623875541021
1483.057136912211,1483.057136912211,1530.1361545850013,1502.910642781614,1865.7623875541021
1508.854007823059,1508.854007823059,1524.785986120532,1502.2977180745893,1865.7623875541021
1482.010265041574,1482.010265041574,1532.5840635149561,1505.519307374345,1865.7623875541021
1481.9206773623923,1481.9206773623923,1518.8144321567422,1503.9493857546038,1865.7623875541021
1521.7074526792485,1521.7074526792485,1509.3008719738395,1497.7840250900363,1865.7623875541021
1519.724146814605,1519.724146814605,1500.442472561825,1492.3211999389923,1865.7623875541021
1513.4144838638456,1513.4144838638456,1496.436291978718,1492.072447143737,1865.7623875541021
1488.539822956102,1488.539822956102,1475.159989317251,1493.8041291870727,1865.7623875541021
1504.1329126258424,1504.1329126258424,1452.5429058241257,1491.2188201925417,1865.7623875541021
1497.8339835195002,1497.8339835195002,1422.083960553668,1483.1038405510387,1865.7623875541021
1507.219093287101,1507.219093287101,1416.6000363398464,1484.6273225577293,1865.7623875541021
1495.2723986536898,1495.2723986536898,1421.2067775312028,1484.181715897142,1865.7623875541021
1492.2425497771533,1492.2425497771533,1405.2305632586158,1481.7078056330918,1865.7623875541021
1502.9053921735513,1502.9053921735513,1413.1957703445685,1477.3653098162665,1865.7623875541021
1513.402625502758,1513.402625502758,1447.6583005518205,1483.6953790198604,1865.7623875541021
1502.4826924734539,1502.4826924734539,1446.8763780600148,1480.461004570922,1865.7623875541021
1501.2239027082746,1501.2239027082746,1447.1100063229399,1482.168531711423,1865.7623875541021
1500.7534513531948,1500.7534513531948,1447.7687663753452,1485.5604017210667,1865.7623875541021
1503.2433741054451,1503.2433741054451,1463.5421366113042,1488.1881921822483,1865.7623875541021
1499.2734214583525,1499.2734214583525,1499.835422320823,1488.2252029367855,1865.7623875541021
1500.7195471956836,1500.7195471956836,1500.9983444512304,1488.654485339962,1865.7623875541021
1491.0956052532922,1491.0956052532922,1467.885741719121,1484.9201105282984,1865.7623875541021
1499.3380263853896,1499.3380263853896,1464.4603014729355,1483.528426136854,1865.7623875541021
1485.0912864603656,1485.0912864603656,1471.4491261858982,1484.0469456563567,1865.7623875541021
1502.3428799280393,1502.3428799280393,1459.1744815309762,1487.4537028487914,1865.7623875541021
1519.0166855732232,1519.0166855732232,1477.695850791643,1488.4896834220199,1865.7623875541021
1508.694636245496,1508.694636245496,1475.8530345515896,1490.2392463871768,1865.7623875541021
1498.088661384743,1498.088661384743,1472.272812319112,1490.9853366974512,1865.7623875541021
1498.8065091626604,1498.8065091626604,1460.754789792279,1486.1262646234597,1865.7623875541021
1502.2561370115104,1502.2561370115104,1447.9722493867343,1487.2768618937675,1865.7623875541021
1504.6855933142406,1504.6855933142406,1450.2064397767385,1489.6304493989217,1865.7623875541021
1506.511578479927,1506.511578479927,1483.570230963299,1488.2890056068095,1865.7623875541021
1489.8206913539286,1489.8206913539286,1489.3537299916986,1484.16746344508,1865.7623875541021
1502.3355627490764,1502.3355627490764,1488.8519857673223,1483.918548948122,1865.7623875541021
1500.913896016014,1500.913896016014,1463.9147340943566,1480.0113537881741,1865.7623875541021
1501.5707554119433,1501.5707554119433,1457.7984133257237,1478.2148435082565,1865.7623875541021
1490.9711065354768,1490.9711065354768,1461.9408046405638,1477.0342561108525,1865.7623875541021
1503.2444548687115,1503.2444548687115,1469.9002522528826,1479.0437596128468,1865.7623875541021
1496.2289467714168,1496.2289467714168,1497.2217749140518,1481.1521652494098,1865.7623875541021
1496.2674851491383,1496.2674851491383,1486.625076463561,1478.2566914166177,1865.7623875541021
1493.8207015344105,1493.8207015344105,1486.4100461788444,1476.8702042663322,1865.7623875541021
1499.1381414598427,1499.1381414598427,1480.8840777119258,1475.666562809216,1865.7623875541021
1491.1043500730402,1491.1043500730402,1493.76123856604,1477.0779793608492,1865.7623875541021
1493.3072474388093,1493.3072474388093,1492.542907786305,1476.970844448167,1865.7623875541021
1505.886845388136,1505.886845388136,1504.105147827519,1476.8307071957024,1865.7623875541021
1498.6873796545347,1498.6873796545347,1496.4390457115041,1475.850432090142,1865.7623875541021
1501.9732443531645,1501.9732443531645,1512.1152469370816,1478.6910768861787,1865.7623875541021
1492.1000891160174,1492.1000891160174,1499.2855583573034,1472.877475724379,1865.7623875541021
1495.8825622175477,1495.8825622175477,1458.2443106662236,1466.4611835615972,1865.7623875541021
1507.3745593979918,1507.3745593979918,1494.68241844236,1470.2398254334291,1865.7623875541021
1524.28209895358,1524.28209895358,1503.1365705084927,1471.4702874510308,1865.7623875541021
1483.6365312257594,1483.6365312257594,1503.1574863399362,1471.3408628530972,1865.7623875541021
1520.154040440649,1520.154040440649,1504.5948708307242,1471.4801408240028,1865.7623875541021
1505.5453860573596,1505.5453860573596,1530.335183457128,1479.2749947082443,1865.7623875541021
1488.8554711348015,1488.8554711348015,1530.1994280031763,1481.0104184015697,1865.7623875541021
1503.4204853161064,1503.4204853161064,1525.0326995632136,1480.7684774904194,1865.7623875541021
1514.1751771284978,1514.1751771284978,1515.214332626991,1482.446685015833,1865.7623875541021
1504.8232818648041,1504.8232818648041,1525.2604014975302,1482.8975581604348,1865.7623875541021
1488.0794994312064,1488.0794994312064,1541.457006710482,1484.244003738868,1865.7623875541021
1493.5922404496948,1493.5922404496948,1514.2728024633666,1488.677593815369,1865.7623875541021
1498.1420530404846,1498.1420530404846,1489.3682617303366,1486.0239325291288,1865.7623875541021
1504.5637554455293,1504.5637554455293,1500.3806474101223,1487.1756368288811,1865.7623875541021
1485.6334415141112,1485.6334415141112,1468.2301457441185,1484.0800573211036,1865.7623875541021
1506.3645394869286,1506.3645394869286,1454.9295092848483,1487.6217424963004,1865.7623875541021
1523.280427989265,1523.280427989265,1469.2601111341514,1485.3307805180357,1865.7623875541021
1502.11817778163,1502.11817778163,1473.2785836130247,1486.0489186010218,1865.7623875541021
1506.0617781372027,1506.0617781372027,1478.1208979938897,1488.6488633500232,1865.7623875541021
1499.92415973447,1499.92415973447,1460.680538829247,1485.479912651215,1865.7623875541021
1501.210107157843,1501.210107157843,1459.5273582687037,1483.441048070348,1865.7623875541021
1518.9876547809042,1518.9876547809042,1456.1669216909754,1479.9438936893991,1865.7623875541021
1498.3214389266984,1498.3214389266984,1469.9077944873866,1479.8058225363595,1865.7623875541021
1498.6002118043634,1498.6002118043634,1455.9849495330157,1484.7954783916598,1865.7623875541021
1509.8308467215422,1509.8308467215422,1466.104235366093,1484.4088440997348,1865.7623875541021
1504.3919278558437,1504.3919278558437,1459.7115604556857,1485.2742293502579,1865.7623875541021
1499.4414921126568,1499.4414921126568,1442.765944287089,1482.0490730692584,1865.7623875541021
1495.072927833882,1495.072927833882,1444.4045402202028,1479.3906564867336,1865.7623875541021
1509.3617341952468,1509.3617341952468,1411.2499123038913,1475.7282389004831,1865.7623875541021
1489.1414725590105,1489.1414725590105,1445.8525658513886,1480.19586335767,1865.7623875541021
1485.626504530933,1485.626504530933,1471.6576634773287,1485.6216228073577,1865.7623875541021
1508.4465167703027,1508.4465167703027,1466.0328282742964,1483.5560094669115,1865.7623875541021
1486.7281067174686,1486.7281067174686,1468.0337601003976,1483.3712866010915,1865.7623875541021
1495.8342365921085,1495.8342365921085,1463.3994200670024,1480.7613162124005,1865.7623875541021
1478.5639921628265,1478.5639921628265,1470.340784620339,1480.6062550254633,1865.7623875541021
1499.3426170990397,1499.3426170990397,1472.697641575633,1482.0433605119201,1865.7623875541021
1499.5574473492293,1499.5574473492293,1504.7721035130855,1490.220546953004,1865.7623875541021
1492.5412417111227,1492.5412417111227,1511.412676879989,1490.113509197587,1865.7623875541021
1496.1996354390853,1496.1996354390853,1537.5957847458717,1490.8592349215448,1865.7623875541021
1498.756375153146,1498.756375153146,1502.67982319333,1486.7517775457598,1865.7623875541021
1493.9795338000663,1493.9795338000663,1485.4821455375939,1483.2736969320663,1865.7623875541021
1510.3844836553392,1510.3844836553392,1484.4857742852814,1483.1281490312558,1865.7623875541021
1490.9427013836134,1490.9427013836134,1464.7119387710313,1479.031665119529,1865.7623875541021
1489.0743479917846,1489.0743479917846,1475.8017860323857,1479.7448578764922,1865.7623875541021
1502.6023486339782,1502.6023486339782,1468.1143487857619,1475.4768770694075,1865.7623875541021
1508.024941714389,1508.024941714389,1466.0047897543732,1476.7357369055335,1865.7623875541021
1502.691533039941,1502.691533039941,1446.6380063992835,1478.7271186673572,1865.7623875541021
1500.1490437844486,1500.1490437844486,1446.430731542431,1480.111846363772,1865.7623875541021
1524.3949964696521,1524.3949964696521,1426.6913446041433,1473.7744544549575,1865.7623875541021
1516.8653378170068,1516.8653378170068,1438.6639367235314,1474.6274532190052,1865.7623875541021
1489.921414385082,1489.921414385082,1433.593808870306,1478.3435965728827,1865.7623875541021
1509.2993338138713,1509.2993338138713,1437.4895679402596,1471.6895789308355,1865.7623875541021
1489.5773154423703,1489.5773154423703,1444.52601867795,1467.3095547534203,1865.7623875541021
1505.075511733873,1505.075511733873,1422.1795247909627,1463.5492655666976,1865.7623875541021
1492.8875166093903,1492.8875166093903,1437.0033221153453,1461.9585673263316,1865.7623875541021
1496.1844526454815,1496.1844526454815,1461.549877267015,1462.9786756675112,1865.7623875541021
1504.4595624167819,1504.4595624167819,1455.36571716984,1463.76037650069,1865.7623875541021
1482.437096008038,1482.437096008038,1444.4811524650966,1464.001536944149,1865.7623875541021
1495.0086662527092,1495.0086662527092,1432.2566917057893,1457.1829262707167,1865.7623875541021
1518.9647542679463,1518.9647542679463,1415.4498737934177,1452.6653476781828,1865.7623875541021
1486.0140124628097,1486.0140124628097,1423.7452995004194,1454.8012551308702,1865.7623875541021
1493.9801294881458,1493.9801294881458,1431.3686839539348,1455.1087552289496,1865.7623875541021
1503.2888077750874,1503.2888077750874,1439.0429780460358,1457.2444980165603,1865.7623875541021
1512.9471969616313,1512.9471969616313,1445.0201853949422,1452.4771731636615,1865.7623875541021
1487.3794640467272,1487.3794640467272,1446.7142827713292,1457.6553947317734,1865.7623875541021
1490.948446076399,1490.948446076399,1424.9315764880744,1456.9790891081561,1865.7623875541021
1481.6278275387472,1481.6278275387472,1450.2628374741364,1459.960921768687,1865.7623875541021
1516.681664486218,1516.681664486218,1464.4520843488465,1462.236237091313,1865.7623875541021
1492.1879348248738,1492.1879348248738,1474.534198273144,1456.465586326568,1865.7623875541021
1487.1577989278264,1487.1577989278264,1484.347925265071,1457.3988249653476,1865.7623875541021
1508.5721640694992,1508.5721640694992,1508.9930023295033,1464.6943839430305,1865.7623875541021
1469.443697911677,1469.443697911677,1515.3600325086568,1466.9473773924856,1865.7623875541021
1487.0332014860644,1487.0332014860644,1500.2042312069054,1463.3037853604642,1865.7623875541021
1520.9189673132562,1520.9189673132562,1518.1612286045918,1464.912428977977,1865.7623875541021
1498.7739291484897,1498.7739291484897,1501.9796702068766,1464.8304816999307,1865.7623875541021
1493.2828108107133,1493.2828108107133,1506.7184504197214,1466.3804671009632,1865.7623875541021
1489.2312271993435,1489.2312271993435,1478.3984091902962,1467.0874147493284,1865.7623875541021
1502.2431786756924,1502.2431786756924,1460.7668980904873,1465.50870866537,1865.7623875541021
1482.6349688286618,1482.6349688286618,1469.428227389688,1468.1012493437274,1865.7623875541021
1491.004954149627,1491.004954149627,1477.5321317995174,1463.7347381549737,1865.7623875541021
1499.9754006512712,1499.9754006512712,1441.7796565473575,1458.718782557036,1865.7623875541021
1521.642078638846,1521.642078638846,1457.3636995543595,1465.2135516484984,1865.7623875541021
1504.6261711947382,1504.6261711947382,1468.8033701716533,1463.4577073747153,1865.7623875541021
1487.2418621162556,1487.2418621162556,1452.399190781361,1462.7123831208487,1865.7623875541021
1495.8082881531986,1495.8082881531986,1461.4967593319966,1463.0616766422615,1865.7623875541021
1517.8668377949848,1517.8668377949848,1425.3691197597636,1456.9147627377895,1865.7623875541021
1497.8657826925285,1497.8657826925285,1429.125206097936,1451.9580352662988,1865.7623875541021
1475.1205713659324,1475.1205713659324,1431.713764155177,1449.5689261204077,1865.7623875541021
1495.2313063787785,1495.2313063787785,1420.4837196034034,1444.6788363152334,1865.7623875541021
1480.0227336143457,1480.0227336143457,1416.5025011078405,1446.4992737378757,1865.7623875541021
1501.292569936871,1501.292569936871,1432.8227713325423,1448.1869077160256,1865.7623875541021
1502.4240856334377,1502.4240856334377,1397.3944187051638,1447.7952805324749,1865.7623875541021
1509.4779196320578,1509.4779196320578,1401.2921345883965,1450.7737465381883,1865.7623875541021
1494.464051253047,1494.464051253047,1416.6249130772187,1450.8770085298154,1865.7623875541021
1500.4032032920074,1500.4032032920074,1422.3148490297542,1453.9017766910601,1865.7623875541021
1515.0822245629936,1515.0822245629936,1451.734252389439,1454.0606552648026,1865.7623875541021
1495.682045592963,1495.682045592963,1434.9542191290034,1449.6212778122424,1865.7623875541021
1510.4538944158712,1510.4538944158712,1443.209878659584,1448.9247555438383,1865.7623875541021
1496.8677045249926,1496.8677045249926,1449.0483531721652,1449.150238028838,1865.7623875541021
1488.0805016321463,1488.0805016321463,1449.8636328847756,1448.7392129701243,1865.7623875541021
1509.8614144052804,1509.8614144052804,1443.4886435559802,1450.1658746531602,1865.7623875541021
1484.7027332181613,1484.7027332181613,1479.1275986694393,1456.1228866783108,1865.7623875541021
1508.8819092507451,1508.8819092507451,1455.8017185825022,1453.0288865190987,1865.7623875541021
1481.4152805156111,1481.4152805156111,1451.1204788402363,1456.6651993396697,1865.7623875541021
1507.327284488277,1507.327284488277,1443.0202039083706,1455.1051530496654,1865.7623875541021
1486.439581932823,1486.439581932823,1431.500040298003,1448.050687871,1865.7623875541021
1504.9582895286976,1504.9582895286976,1476.511514890936,1453.8504373564615,1865.7623875541021
1503.233488301389,1503.233488301389,1490.5774124992586,1458.1440075506703,1865.7623875541021
1500.8764886688043,1500.8764886688043,1461.9614035562113,1455.0911803989227,1865.7623875541021
1489.5567189365308,1489.5567189365308,1449.288498111417,1455.5069378337241,1865.7623875541021
1492.0557864275606,1492.0557864275606,1446.6762435108587,1454.7520634552484,1865.7623875541021
1510.5983865766916,1510.5983865766916,1420.1135011600613,1453.871850119536,1865.7623875541021
1506.5043115010149,1506.5043115010149,1428.9470116348773,1451.0096932368667,1865.7623875541021
1508.0433221481562,1508.0433221481562,1433.85951023157,1454.4330643069957,1865.7623875541021
1487.6648535312652,1487.6648535312652,1445.3007315386214,1454.8224428031237,1865.7623875541021
1505.11490378712,1505.11490378712,1468.7232849882707,1456.8090295710394,1865.7623875541021
1496.8615619751374,1496.8615619751374,1436.6244900109346,1451.122767863821,1865.7623875541021
1473.7324497851837,1473.7324497851837,1427.7077480777612,1450.7951402964536,1865.7623875541021
1498.0981883412044,1498.0981883412044,1462.6487860727266,1452.714097958839,1865.7623875541021
1500.6650726048442,1500.6650726048442,1458.7394809286434,1450.385248966439,1865.7623875541021
1513.3393805971739,1513.3393805971739,1452.3290276234852,1443.419268514045,1865.7623875541021
1492.0259289503406,1492.0259289503406,1454.9663223457255,1441.7931080869498,1865.7623875541021
1467.8674277724633,1467.8674277724633,1482.4036677667273,1447.4495805488311,1865.7623875541021
1492.5670985135484,1492.5670985135484,1463.947073966531,1443.5902333793833,1865.7623875541021
1475.466220962977,1475.466220962977,1446.849583823176,1443.7964255263837,1865.7623875541021
1496.1341577062567,1496.1341577062567,1414.6191559735812,1438.3891706818113,1865.7623875541021
1495.95563177625,1495.95563177625,1399.1924756725216,1435.2815811602661,1865.7623875541021
1482.8403448653419,1482.8403448653419,1398.486541249195,1438.339068928195,1865.7623875541021
1514.2448728242664,1514.2448728242664,1403.3161787405509,1439.4916882290115,1865.7623875541021
1484.2868977694247,1484.2868977694247,1425.386438688532,1439.9561103442416,1865.7623875541021
1503.9191683749077,1503.9191683749077,1442.3947697097763,1443.5422911465284,1865.7623875541021
1483.605602706958,1483.605602706958,1459.1568935664206,1442.1517468893621,1865.7623875541021
1495.6130020167757,1495.6130020167757,1452.7503196891362,1444.2389704523275,1865.7623875541021
1489.9363148809143,1489.9363148809143,1472.6376170501783,1447.637918633147,1865.7623875541021
1504.3573263460369,1504.3573263460369,1491.0900939810667,1449.715092456198,1865.7623875541021
1517.1857989984223,1517.1857989984223,1487.6455247205058,1450.84445167396,1865.7623875541021
1496.9566315798284,1496.9566315798284,1515.2832370787314,1452.5131873564255,1865.7623875541021
1505.5138701682583,1505.5138701682583,1507.427569883011,1453.481830073762,1865.7623875541021
1487.6059337349625,1487.6059337349625,1503.3941948929646,1456.0737832869238,1865.7623875541021
1504.0916368642042,1504.0916368642042,1496.2342631526185,1455.902462753197,1865.7623875541021
1502.9305038567807,1502.9305038567807,1493.7422564715184,1455.7261881743239,1865.7623875541021
1507.331107978462,1507.331107978462,1481.0850688571118,1458.889876919752,1865.7623875541021
1491.2899096209005,1491.2899096209005,1492.7223108709263,1462.5250057088342,1865.7623875541021
1475.5001737453595,1475.5001737453595,1472.4229769745828,1458.7975314126202,1865.7623875541021
1488.59416453834,1488.59416453834,1463.583968912867,1457.9689164328202,1865.7623875541021
1475.5540598002187,1475.5540598002187,1491.1587137792735,1458.7293439519271,1865.7623875541021
1479.2304239944451,1479.2304239944451,1505.556010724018,1466.6335456754282,1865.7623875541021
1499.5490457560577,1499.5490457560577,1520.1745638076052,1468.8747671033661,1865.7623875541021
1473.362634236961,1473.362634236961,1531.3632148449922,1472.5367556214892,1865.7623875541021
1491.8456232877525,1491.8456232877525,1533.2110229937227,1472.5719407749866,1865.7623875541021
1478.8469904162234,1478.8469904162234,1540.8707090414825,1475.202601271424,1865.7623875541021
1492.828212015829,1492.828212015829,1536.0274677069506,1470.2698507272542,1865.7623875541021
1515.5819578698363,1515.5819578698363,1514.2094195996365,1474.2065459122607,1865.7623875541021
1518.4579752555887,1518.4579752555887,1532.6961847266716,1475.1126725899067,1865.7623875541021
1491.3416831046281,1491.3416831046281,1536.2538756227318,1476.6156507756928,1865.7623875541021
1486.2774640513867,1486.2774640513867,1532.1567516916325,1478.8606862306528,1865.7623875541021
1517.9333270054783,1517.9333270054783,1514.2708575127829,1474.1854141997976,1865.7623875541021
1500.7894960429126,1500.7894960429126,1520.3426377331505,1474.8278121501446,1865.7623875541021
1494.502666509038,1494.502666509038,1538.6191833852436,1487.868311587296,1865.7623875541021
1486.6089377546734,1486.6089377546734,1560.5883456859785,1494.831910289899,1865.7623875541021
1506.67474980043,1506.67474980043,1546.6477283341073,1495.1968982360738,1865.7623875541021
1496.168080120552,1496.168080120552,1555.463450882225,1497.339840671687,1865.7623875541021
1500.964950392555,1500.964950392555,1550.367231826364,1498.4905899505582,1865.7623875541021
1481.890818132355,1481.890818132355,1571.539269233552,1502.6486243903032,1865.7623875541021
1484.281837071105,1484.281837071105,1581.7683290664531,1503.909170281259,1865.7623875541021
1510.22791216081,1510.22791216081,1576.716784016041,1500.4593860362068,1865.7623875541021
1509.9633737155277,1509.9633737155277,1565.718064979709,1500.0041291935527,1865.7623875541021
1508.103995742945,1508.103995742945,1548.4924997238188,1498.984762479356,1865.7623875541021
1499.29775484604,1499.29775484604,1522.0352016005822,1499.7455946928667,1865.7623875541021
1467.9510279383517,1467.9510279383517,1492.0756328088194,1501.499140665934,1865.7623875541021
1499.9161712255964,1499.9161712255964,1502.234826813426,1505.178058074062,1865.7623875541021
1481.869913627676,1481.869913627676,1489.8022276341392,1504.3070217293696,1865.7623875541021
1500.2520012199072,1500.2520012199072,1507.8599021450405,1503.581836826221,1865.7623875541021
1508.1693610941695,1508.1693610941695,1478.7629946275279,1505.6118085225025,1865.7623875541021
1493.5254868360346,1493.5254868360346,1471.359989961707,1508.811251508965,1865.7623875541021
1486.7537590386428,1486.7537590386428,1473.5632390772241,1512.248202656935,1865.7623875541021
1475.9883393511286,1475.9883393511286,1493.0558904704792,1518.7768121531437,1865.7623875541021
1475.4170916240641,1475.4170916240641,1484.0499274299066,1516.0974397154985,1865.7623875541021
1501.9811281454301,1501.9811281454301,1481.0697495517195,1515.2963088551003,1865.7623875541021
1505.575112444418,1505.575112444418,1492.064596189529,1514.834772166134,1865.7623875541021
1492.1724783215238,1492.1724783215238,1469.052576171604,1510.5096193664276,1865.7623875541021
1503.9710577289377,1503.9710577289377,1474.4275702922946,1507.3611570745443,1865.7623875541021
1515.7688602689977,1515.7688602689977,1464.468388162049,1505.9254505208032,1865.7623875541021
1497.5553563648643,1497.5553563648643,1467.953556265626,1504.6749963655923,1865.7623875541021
1499.580422288287,1499.580422288287,1459.0358759995406,1502.4004079126598,1865.7623875541021
1505.161858484736,1505.161858484736,1445.9636596550095,1503.911829643836,1865.7623875541021
1507.7716823648575,1507.7716823648575,1429.5705770103987,1501.6342801394776,1865.7623875541021
1514.726270347481,1514.726270347481,1439.629702048064,1502.537866148509,1865.7623875541021
1493.421598852032,1493.421598852032,1423.7411085599008,1499.3656915884876,1865.7623875541021
1490.4157291951356,1490.4157291951356,1428.1829102640072,1501.2245015884112,1865.7623875541021
1500.6705682777235,1500.6705682777235,1432.4381698453758,1498.2488020411993,1865.7623875541021
1487.704514553126,1487.704514553126,1428.940732272479,1496.9322897576176,1865.7623875541021
1482.2146168991749,1482.2146168991749,1428.8973561044093,1493.1604595674999,1865.7623875541021
1509.6737335963646,1509.6737335963646,1427.7027327422143,1495.7309475191182,1865.7623875541021
1497.7245553130422,1497.7245553130422,1437.4949444302358,1497.1826030161337,1865.7623875541021
1514.418278383487,1514.418278383487,1467.5785506581306,1499.1957970196077,1865.7623875541021
1494.0735093477563,1494.0735093477563,1461.265681171128,1492.7762142288993,1865.7623875541021
1498.0522515175792,1498.0522515175792,1449.4232787795602,1488.3876091428997,1865.7623875541021
1486.9264231275856,1486.9264231275856,1471.693429895043,1487.4317345984975,1865.7623875541021
1504.3242065827467,1504.3242065827467,1452.8013855907468,1485.142574107816,1865.7623875541021
1498.6847374610284,1498.6847374610284,1485.6643330538018,1487.207526843663,1865.7623875541021
1488.1790220375624,1488.1790220375624,1482.20781174062,1486.1683585643516,1865.7623875541021
1481.31540082077,1481.31540082077,1470.591506334134,1484.4368769143991,1865.7623875541021
1485.0484552193948,1485.0484552193948,1453.0225732519646,1479.7962252241766,1865.7623875541021
1523.2296990370387,1523.2296990370387,1439.1940287882753,1477.7706336492424,1865.7623875541021
1495.3736141096117,1495.3736141096117,1416.2753659856862,1476.0195198784184,1865.7623875541021
1499.4105038032205,1499.4105038032205,1431.6265655270404,1476.2473558317508,1865.7623875541021
1491.378732402124,1491.378732402124,1430.109108512761,1470.340903298822,1865.7623875541021
1489.898865599364,1489.898865599364,1418.3532767724687,1463.3785532759427,1865.7623875541021
1467.9487980084145,1467.9487980084145,1427.5700733149586,1458.5389196336123,1865.7623875541021
1501.886995788988,1501.886995788988,1427.909016644683,1463.4597845057779,1865.7623875541021
1488.6549774435323,1488.6549774435323,1436.2509834972388,1462.325865087354,1865.7623875541021
1495.1787516481627,1495.1787516481627,1443.9978700026866,1463.1630045496638,1865.7623875541021
1502.1997959993043,1502.1997959993043,1457.0440176509123,1456.8971749076488,1865.7623875541021
1497.8885463264971,1497.8885463264971,1459.1439165930665,1453.2457511545651,1865.7623875541021
1476.3376405751626,1476.3376405751626,1457.1506898653683,1452.106301048284,1865.7623875541021
1504.7136094696425,1504.7136094696425,1478.2485545390625,1458.753453743622,1865.7623875541021
1492.2818900506797,1492.2818900506797,1488.7801053335247,1458.3984244207631,1865.7623875541021
1487.8304990490624,1487.8304990490624,1496.794626066409,1458.330438169108,1865.7623875541021
1493.6953760330903,1493.6953760330903,1507.834105160911,1461.6906141040306,1865.7623875541021
1497.8639049330504,1497.8639049330504,1474.3309032104855,1457.87899978519,1865.7623875541021
1502.5445970613666,1502.5445970613666,1479.3593848301139,1460.2372965265492,1865.7623875541021
1484.314602841108,1484.314602841108,1470.8363958896066,1455.7583032985774,1865.7623875541021
1488.8408281100421,1488.8408281100421,1468.9802871370966,1454.940633409563,1865.7623875541021
1504.8104168521165,1504.8104168521165,1486.19079628607,1456.2119124194378,1865.7623875541021
1514.7905130079482,1514.7905130079482,1515.4853522352364,1460.4907236798865,1865.7623875541021
1528.1411878932797,1528.1411878932797,1497.427602321954,1459.627796113917,1865.7623875541021
1492.9635243819564,1492.9635243819564,1498.7735198391204,1461.3431429026064,1865.7623875541021
1489.051265631822,1489.051265631822,1506.9270764366931,1463.501903546103,1865.7623875541021
1485.4288941985421,1485.4288941985421,1518.2352008796531,1466.9247350420555,1865.7623875541021
1492.829668967319,1492.829668967319,1526.3174515428495,1469.331974859439,1865.7623875541021
1480.5322968285127,1480.5322968285127,1526.1834664393205,1470.5884757559545,1865.7623875541021
1499.4894195021327,1499.4894195021327,1541.5792777082866,1471.1804812078249,1865.7623875541021
1498.5185347594318,1498.5185347594318,1547.0176780334427,1470.753457763126,1865.7623875541021
1516.1664830979496,1516.1664830979496,1555.552708771536,1475.5152789738368,1865.7623875541021
1495.535515608139,1495.535515608139,1542.6814384853342,1479.8342794459509,1865.7623875541021
1501.680342954256,1501.680342954256,1532.4622665226511,1480.206134016367,1865.7623875541021
1503.9543919766666,1503.9543919766666,1552.1626686705833,1483.8497362271096,1865.7623875541021
1502.0455706339528,1502.0455706339528,1532.5821901471268,1485.270119863548,1865.7623875541021
1507.9972477350636,1507.9972477350636,1513.9859038837217,1484.085333765998,1865.7623875541021
1494.97472291047,1494.97472291047,1490.4459257053354,1480.933526031431,1865.7623875541021
1476.459144484051,1476.459144484051,1476.1981179287372,1480.0399528872063,1865.7623875541021
1511.8113603952183,1511.8113603952183,1477.540425527859,1480.9090950925147,1865.7623875541021
1491.6426655104979,1491.6426655104979,1482.6416886853062,1481.7412489517446,1865.7623875541021
1514.3872607176738,1514.3872607176738,1481.1458320721827,1484.245456502226,1865.7623875541021
1488.2232909288473,1488.2232909288473,1484.968066956461,1483.3121827056173,1865.7623875541021
1503.6160832203675,1503.6160832203675,1479.3461098111322,1483.822219744368,1865.7623875541021
1493.1980545555355,1493.1980545555355,1462.8654994561055,1486.5381803624193,1865.7623875541021
1495.7655581865606,1495.7655581865606,1478.1113446150407,1486.553702807548,1865.7623875541021
1498.2157212959544,1498.2157212959544,1489.2370845110408,1491.372473550057,1865.7623875541021
1485.4641809404234,1485.4641809404234,1534.4561555490648,1490.6918905304835,1865.7623875541021
1505.6565204535773,1505.6565204535773,1549.539638491548,1493.5063182373917,1865.7623875541021
1492.5995060214277,1492.5995060214277,1564.3209991078024,1499.6549936472481,1865.7623875541021
1532.8667904058227,1532.8667904058227,1558.6152978060038,1502.8597938625521,1865.7623875541021
1491.945145998095,1491.945145998095,1537.9294447160141,1503.9925396877736,1865.7623875541021
1490.9732118182967,1490.9732118182967,1547.50422753547,1509.5579550155735,1865.7623875541021
1488.720354112728,1488.720354112728,1577.8239434299326,1513.0616953249462,1865.7623875541021
1505.8768972776782,1505.8768972776782,1559.3090569288888,1512.3781700456445,1865.7623875541021
1472.4845702541352,1472.4845702541352,1574.9497322294558,1517.872993898945,1865.7623875541021
1512.4070818249163,1512.4070818249163,1573.2157041603255,1520.5015997191304,1865.7623875541021
1492.8754565367249,1492.8754565367249,1535.3326855359837,1512.1766243087438,1865.7623875541021
1480.1550243636304,1480.1550243636304,1513.0675880990477,1508.8696391577532,1865.7623875541021
1477.9144374854557,1477.9144374854557,1487.3348210318636,1508.3223838530832,1865.7623875541021
1494.3399979854305,1494.3399979854305,1490.899446599491,1509.6308796522678,1865.7623875541021
1491.5980424569198,1491.5980424569198,1466.2291366217462,1505.4095836935096,1865.7623875541021
1508.341154609674,1508.341154609674,1432.3185201902234,1504.5915210805447,1865.7623875541021
1490.5051424611881,1490.5051424611881,1417.572322439718,1500.9264489050777,1865.7623875541021
1500.8581142298895,1500.8581142298895,1425.3277651412702,1499.6877020071936,1865.7623875541021
1490.1415983408829,1490.1415983408829,1413.3760394040228,1501.189276566468,1865.7623875541021
1500.5420110159912,1500.5420110159912,1384.161523810319,1495.7670834490118,1865.7623875541021
1483.0513725380165,1483.0513725380165,1410.2930758526581,1499.3690588371783,1865.7623875541021
1484.7596259625318,1484.7596259625318,1421.7792612097178,1497.3536144336745,1865.7623875541021
1505.9343056126218,1505.9343056126218,1417.8663448924722,1497.7283736536567,1865.7623875541021
1509.4903533078812,1509.4903533078812,1421.9378171991611,1500.2223856646808,1865.7623875541021
1513.2102282075707,1513.2102282075707,1443.8976658871247,1496.9509576137207,1865.7623875541021
1500.4409780754597,1500.4409780754597,1451.7584322625785,1491.8461370860134,1865.7623875541021
1489.1237377861498,1489.1237377861498,1459.9261327072832,1493.4261549821435,1865.7623875541021
1516.39311008561,1516.39311008561,1465.2511639362347,1492.9832308266166,1865.7623875541021
1483.2214980132255,1483.2214980132255,1487.7213420651512,1497.3481296921593,1865.7623875541021
1497.0862365420376,1497.0862365420376,1515.0728890156754,1495.1346210762163,1865.7623875541021
1493.5121058669433,1493.5121058669433,1510.2605349956916,1496.157675527747,1865.7623875541021
1497.635289837714,1497.635289837714,1522.838418860793,1496.6846049179687,1865.7623875541021
1507.016533306834,1507.016533306834,1531.3219808303058,1495.6769142780604,1865.7623875541021
1493.855504814515,1493.855504814515,1542.8213653368737,1499.3831231253673,1865.7623875541021
1475.4494964332168,1475.4494964332168,1538.2873447939096,1493.4978848181954,1865.7623875541021
1502.4275344124303,1502.4275344124303,1540.3362889960329,1491.377107188153,1865.7623875541021
1514.6432572561362,1514.6432572561362,1517.6625556297172,1490.4662128035568,1865.7623875541021
1484.1370925348351,1484.1370925348351,1531.3544532742903,1488.8215877473585,1865.7623875541021
1499.5623371367835,1499.5623371367835,1511.6758368975559,1493.1668590422455,1865.7623875541021
1500.9852565355968,1500.9852565355968,1491.662831289124,1490.6700065572973,1865.7623875541021
1484.7831139000002,1484.7831139000002,1489.047349021794,1495.8779601910385,1865.7623875541021
1484.6746028800906,1484.6746028800906,1466.617399172439,1494.7684611667091,1865.7623875541021
1504.838519063701,1504.838519063701,1475.4980703345805,1495.2684432394049,1865.7623875541021
1506.6532669403664,1506.6532669403664,1474.8721166234122,1497.8292087129887,1865.7623875541021
1508.9252271035048,1508.9252271035048,1494.4881992983458,1496.166358263428,1865.7623875541021
1483.669441255397,1483.669441255397,1501.0227612040512,1494.5880460376713,1865.7623875541021
1490.835509287278,1490.835509287278,1510.9540963134489,1496.7878101040199,1865.7623875541021
1496.9868366515961,1496.9868366515961,1511.2943657898652,1498.5073610141096,1865.7623875541021
1507.1171095195916,1507.1171095195916,1493.4891528500293,1496.242420689243,1865.7623875541021
1495.8721715795868,1495.8721715795868,1517.6610238030073,1496.35479441569,1865.7623875541021
1492.600875397252,1492.600875397252,1525.0952520998574,1494.005779501197,1865.7623875541021
1502.1209319013951,1502.1209319013951,1543.484510672045,1493.5574356028083,1865.7623875541021
1489.4693695093274,1489.4693695093274,1531.5087389748592,1488.7059912128163,1865.7623875541021
1511.206228981804,1511.206228981804,1518.4428058812537,1489.7947103280383,1865.7623875541021
1511.2133609366474,1511.2133609366474,1511.0437783651578,1490.7892249932568,1865.7623875541021
1489.5296746146587,1489.5296746146587,1495.9865990728374,1484.2845203451448,1865.7623875541021
1496.6174451531974,1496.6174451531974,1491.6601374018446,1479.5550488984022,1865.7623875541021
1504.1195758123324,1504.1195758123324,1489.314888333114,1484.5085272949548,1865.7623875541021
1494.3131378001772,1494.3131378001772,1475.6944055075076,1476.391355344854,1865.7623875541021
1496.2950200274513,1496.2950200274513,1468.4916424309818,1475.4099820698216,1865.7623875541021
1502.108018863125,1502.108018863125,1469.2102590462237,1480.781294203245,1865.7623875541021
1481.60469298636,1481.60469298636,1467.8274814600268,1484.509414275004,1865.7623875541021
1523.1468770641802,1523.1468770641802,1470.9742618417954,1485.4338793748027,1865.7623875541021
1500.9776180966335,1500.9776180966335,1460.8594881245021,1483.7867186330404,1865.7623875541021
1493.4986490490876,1493.4986490490876,1473.4420694011365,1492.2318115491348,1865.7623875541021
1487.0101258256661,1487.0101258256661,1467.6618889409606,1491.3531940952919,1865.7623875541021
1497.7267768114095,1497.7267768114095,1478.2807489355355,1491.6967341975655,1865.7623875541021
1479.9005648827952,1479.9005648827952,1478.8749793448217,1495.2179701356652,1865.7623875541021
1511.7844430820755,1511.7844430820755,1509.0573882645963,1495.5276251169678,1865.7623875541021
1489.8907288708976,1489.8907288708976,1503.5084758751377,1499.279372482785,1865.7623875541021
1493.2190044553988,1493.2190044553988,1480.1325661337187,1494.749192259457,1865.7623875541021
1492.8275068990133,1492.8275068990133,1467.5181825409802,1493.6571985412563,1865.7623875541021
1510.017833910393,1510.017833910393,1473.6649784129836,1496.5936060789047,1865.7623875541021
1495.2784845776278,1495.2784845776278,1481.4062484719884,1495.6804048876063,1865.7623875541021
1501.5847447113194,1501.5847447113194,1458.0571148974584,1495.0637013512014,1865.7623875541021
1493.5656493290328,1493.5656493290328,1496.258778440007,1500.2532633307776,1865.7623875541021
1486.2474847285555,1486.2474847285555,1484.8559540526371,1496.6826984666363,1865.7623875541021
1505.370280349495,1505.370280349495,1461.846965169048,1494.5371303822276,1865.7623875541021
1482.0535791299235,1482.0535791299235,1441.2562736833675,1486.234611440611,1865.7623875541021
1504.5308517899466,1504.5308517899466,1427.1461041963871,1481.6940155189275,1865.7623875541021
1485.0964354184603,1485.0964354184603,1435.9225563229688,1479.8815965249125,1865.7623875541021
1496.9229781220088,1496.9229781220088,1441.8352126423138,1477.4565572975607,1865.7623875541021
1492.6964625591709,1492.6964625591709,1448.7314551527948,1480.0755009434026,1865.7623875541021
1504.4273877612554,1504.4273877612554,1447.6943080549015,1476.6549934312116,1865.7623875541021
1506.515209667939,1506.515209667939,1448.3466905863136,1477.075570509682,1865.7623875541021
1484.540948162351,1484.540948162351,1438.6480997415886,1479.915625479889,1865.7623875541021
1499.1451415269341,1499.1451415269341,1448.4399261166996,1482.8381725640334,1865.7623875541021
1501.7858955959732,1501.7858955959732,1456.0788409754261,1479.482007922455,1865.7623875541021
1495.8353016544206,1495.8353016544206,1451.1149177303473,1474.1224276071696,1865.7623875541021
1510.8344693820181,1510.8344693820181,1444.851800774334,1472.3318094159695,1865.7623875541021
1492.1139149225014,1492.1139149225014,1449.667479063082,1472.00562253317,1865.7623875541021
1506.785687998252,1506.785687998252,1458.785371119989,1475.890151687071,1865.7623875541021
1488.5331315220835,1488.5331315220835,1444.179083990389,1473.8117036745646,1865.7623875541021
1514.4997983354845,1514.4997983354845,1439.178590004847,1469.516288107499,1865.7623875541021
1508.2805993750496,1508.2805993750496,1453.9227310684778,1468.9624768637086,1865.7623875541021
1514.297997110496,1514.297997110496,1431.3050784934583,1465.9720889377704,1865.7623875541021
1506.662301178118,1506.662301178118,1403.5176662090394,1461.3508865431515,1865.7623875541021
1485.0650291582642,1485.0650291582642,1424.401963255245,1462.103527415531,1865.7623875541021
1478.0406138212743,1478.0406138212743,1417.8888111518627,1459.002359267536,1865.7623875541021
1504.3926213680024,1504.3926213680024,1427.6826627220703,1454.3361371997817,1865.7623875541021
1476.339637738556,1476.339637738556,1431.250551359613,1453.2366823851212,1865.7623875541021
1490.4155467576215,1490.4155467576215,1437.7977451237662,1454.752798577415,1865.7623875541021
1497.300254390133,1497.300254390133,1449.6525497065638,1457.4404658209053,1865.7623875541021
1512.3177445162967,1512.3177445162967,1458.955320278494,1457.6187909869464,1865.7623875541021
1508.2805090315687,1508.2805090315687,1469.0529192653646,1460.56430504375,1865.7623875541021
1505.5456037785452,1505.5456037785452,1503.1690990313696,1467.408588929477,1865.7623875541021
1506.6859122365925,1506.6859122365925,1523.5239157954632,1467.7236422218748,1865.7623875541021
1499.7435154825132,1499.7435154825132,1501.1772184592078,1464.4759934407498,1865.7623875541021
1505.7925426323718,1505.7925426323718,1512.3750415993409,1466.3384864859024,1865.7623875541021
1509.8834400862133,1509.8834400862133,1535.5218746925816,1467.7421836521019,1865.7623875541021
1511.3348780806257,1511.3348780806257,1540.111304013874,1467.4168913786518,1865.7623875541021
1493.7468504923888,1493.7468504923888,1531.8794551691813,1467.563193319246,1865.7623875541021
1491.92627053686,1491.92627053686,1537.2944875737035,1470.704510967287,1865.7623875541021
1487.1817878804018,1487.1817878804018,1530.7895662026344,1471.604806602573,1865.7623875541021
1470.320050787294,1470.320050787294,1525.578263964452,1470.9915439564131,1865.7623875541021
1512.6730133603571,1512.6730133603571,1495.3590730018477,1472.948025741654,1865.7623875541021
1472.6698760986844,1472.6698760986844,1485.7044253317981,1469.2083775011276,1865.7623875541021
1498.0330345865812,1498.0330345865812,1490.6333666926519,1466.8276709103159,1865.7623875541021
1469.4268697988366,1469.4268697988366,1504.8858692120798,1465.5041826753995,1865.7623875541021
1498.3839457615964,1498.3839457615964,1479.5391158248622,1462.948311642047,1865.7623875541021
1481.3579770666258,1481.3579770666258,1482.864638664563,1467.96330588482,1865.7623875541021
1484.3912735447116,1484.3912735447116,1485.5456468448297,1471.1686861800158,1865.7623875541021
1498.0025906781773,1498.0025906781773,1489.392539697757,1473.8500232242418,1865.7623875541021
1495.917895901003,1495.917895901003,1482.9760385128425,1471.9187646107437,1865.7623875541021
1486.2793351501934,1486.2793351501934,1468.419811027758,1473.0640831824733,1865.7623875541021
1490.5331205693694,1490.5331205693694,1482.618525984671,1470.2199752505871,1865.7623875541021
1502.272825123707,1502.272825123707,1481.5259508128547,1468.542376853171,1865.7623875541021
1486.1054153380471,1486.1054153380471,1476.174936873443,1469.6932652511948,1865.7623875541021
1489.9947677305609,1489.9947677305609,1490.7063493669823,1475.3941978121222,1865.7623875541021
1504.1471718186303,1504.1471718186303,1503.826972836081,1478.284485369986,1865.7623875541021
1499.659453973437,1499.659453973437,1496.653842164556,1480.1095630531377,1865.7623875541021
1482.5484134865326,1482.5484134865326,1505.3534473107534,1483.8723331137037,1865.7623875541021
1509.8329066952572,1509.8329066952572,1473.4281663614584,1478.7893654659742,1865.7623875541021
1501.842928847776,1501.842928847776,1485.5440408173847,1479.4887111632404,1865.7623875541021
1516.4779260409623,1516.4779260409623,1520.4402239487908,1487.4827898549684,1865.7623875541021
1492.9519506509837,1492.9519506509837,1521.8194715979917,1486.8542496218674,1865.7623875541021
1492.0454297614208,1492.0454297614208,1524.319285525023,1483.718248734835,1865.7623875541021
1504.8590986315457,1504.8590986315457,1547.4264996799116,1487.9627969920919,1865.7623875541021
1496.8660404812692,1496.8660404812692,1529.342855534465,1491.0397853729457,1865.7623875541021
1484.3232349821242,1484.3232349821242,1514.7718742970658,1492.2685000745319,1865.7623875541021
1502.4800616854961,1502.4800616854961,1508.4225151112328,1491.8605702627674,1865.7623875541021
1492.8995089967277,1492.8995089967277,1499.7882075760824,1492.0729004049226,1865.7623875541021
1500.6970993063787,1500.6970993063787,1509.538275750915,1491.8612038180797,1865.7623875541021
1517.2926163618163,1517.2926163618163,1517.4110911965572,1495.1352114015826,1865.7623875541021
1491.4913627679032,1491.4913627679032,1475.3081255254758,1491.759868746368,1865.7623875541021
1511.8040580451334,1511.8040580451334,1455.906888111871,1491.7746115455502,1865.7623875541021
1494.4591722104728,1494.4591722104728,1488.2431297278997,1500.6633414386079,1865.7623875541021
1506.193244961098,1506.193244961098,1497.117006277825,1502.5058055966083,1865.7623875541021
1498.3619612610676,1498.3619612610676,1488.4752996793527,1505.1570830784444,1865.7623875541021
1497.308860605073,1497.308860605073,1495.4117666979869,1505.8143208697159,1865.7623875541021
1483.3174380193389,1483.3174380193389,1489.1079387186103,1503.4320477345673,1865.7623875541021
1510.319020967259,1510.319020967259,1490.0849788898026,1502.5303471581303,1865.7623875541021
1502.3203228701157,1502.3203228701157,1501.0868463688748,1502.148063150542,1865.7623875541021
1507.951757249433,1507.951757249433,1479.4253755169352,1499.2292224492705,1865.7623875541021
1515.6511802519803,1515.6511802519803,1505.8700192499127,1499.1232887432777,1865.7623875541021
1512.7992544385406,1512.7992544385406,1503.5058338545532,1491.8419585101867,1865.7623875541021
1497.9507716157145,1497.9507716157145,1471.4606465716956,1490.250687593854,1865.7623875541021
1508.0857884254103,1508.0857884254103,1458.8088864049605,1494.0321391857585,1865.7623875541021
1485.0991078405652,1485.0991078405652,1461.6138087233326,1495.0048365032426,1865.7623875541021
1488.455717061338,1488.455717061338,1475.2490985237755,1493.7597656359542,1865.7623875541021
1508.6666152704486,1508.6666152704486,1482.8317638878902,1491.97613970937,1865.7623875541021
1505.350920786443,1505.350920786443,1484.2524057944827,1493.00493728319,1865.7623875541021
1503.5387212213,1503.5387212213,1478.2495919448734,1490.3390840247757,1865.7623875541021
1496.470065105766,1496.470065105766,1495.720866161912,1492.2154824411264,1865.7623875541021
1514.7504807216765,1514.7504807216765,1496.9509449012019,1493.3978249306278,1865.7623875541021
1483.3736083557128,1483.3736083557128,1509.2419853554845,1494.6185409809145,1865.7623875541021
1505.6467687892568,1505.6467687892568,1509.8141716527628,1495.072636858047,1865.7623875541021
1507.5176439333634,1507.5176439333634,1491.0502256143297,1494.115510970094,1865.7623875541021
1483.4778112241804,1483.4778112241804,1518.542086431236,1497.7360799470737,1865.7623875541021
1493.864999146706,1493.864999146706,1508.5133076654984,1499.5546040040817,1865.7623875541021
1497.744275152394,1497.744275152394,1507.765858271852,1496.9563836308284,1865.7623875541021
1500.093431995446,1500.093431995446,1497.1275269529958,1495.3213133048232,1865.7623875541021
1513.075905864787,1513.075905864787,1495.3275363215382,1491.5260833495317,1865.7623875541021
1493.4835640076815,1493.4835640076815,1495.0464733078716,1494.6295694001321,1865.7623875541021
1490.6670253524615,1490.6670253524615,1467.967976247429,1493.3074579745623,1865.7623875541021
1490.056153688365,1490.056153688365,1466.0807037463956,1491.3109765332595,1865.7623875541021
1509.4599540469994,1509.4599540469994,1483.750756115396,1495.5175979185556,1865.7623875541021
1511.7154506642871,1511.7154506642871,1506.8973549364675,1500.2599945826992,1865.7623875541021
1503.641527349939,1503.641527349939,1481.8047117505791,1495.9557524237932,1865.7623875541021
1490.8661741080543,1490.8661741080543,1490.1883347116445,1496.8268763791943,1865.7623875541021
1508.8597013998565,1508.8597013998565,1477.4619838355425,1493.1180119650257,1865.7623875541021
1496.9400157710054,1496.9400157710054,1479.5712192170467,1490.164867686082,1865.7623875541021
1485.8489856524416,1485.8489856524416,1519.4485934164065,1500.7301687605216,1865.7623875541021
1492.2452654076103,1492.2452654076103,1536.050128738027,1504.7307869842607,1865.7623875541021
1485.606887005331,1485.606887005331,1533.896027332338,1495.9986186512715,1865.7623875541021
1492.7113235218922,1492.7113235218922,1515.6810991653367,1490.0833020467282,1865.7623875541021
1500.7947622672475,1500.7947622672475,1486.7986543008087,1488.0134716737127,1865.7623875541021
1498.2816376483338,1498.2816376483338,1454.8988786618108,1481.7544703790786,1865.7623875541021
1494.9065186366795,1494.9065186366795,1463.5475880503036,1482.7966989269605,1865.7623875541021
1492.7346367177227,1492.7346367177227,1459.5738146618146,1485.787264452144,1865.7623875541021
1482.1550737814218,1482.1550737814218,1497.6348561693378,1490.9604801766466,1865.7623875541021
1523.2433288242921,1523.2433288242921,1512.4919066043624,1492.705607491738,1865.7623875541021
1514.0207090072422,1514.0207090072422,1478.7608158920239,1494.5746767887429,1865.7623875541021
1515.436745118806,1515.436745118806,1456.8047920428326,1492.6095271535157,1865.7623875541021
1476.5071607565944,1476.5071607565944,1478.7330769768605,1496.6836089415485,1865.7623875541021
1508.1121619809894,1508.1121619809894,1495.873969365553,1498.0767182974646,1865.7623875541021
1489.8707266346873,1489.8707266346873,1487.1976105283886,1487.8043678338101,1865.7623875541021
1482.7769915324502,1482.7769915324502,1512.8546629234065,1484.9020017081953,1865.7623875541021
1493.1024689315072,1493.1024689315072,1516.724367053244,1488.4465124017393,1865.7623875541021
1497.5200950377202,1497.5200950377202,1511.5548858819184,1489.0158882889302,1865.7623875541021
1488.3537221207068,1488.3537221207068,1474.2122148237474,1487.9813353976742,1865.7623875541021
1493.2790292219015,1493.2790292219015,1460.777386050077,1486.8440889237932,1865.7623875541021
1478.3618414690955,1478.3618414690955,1456.119307916861,1485.5811690983405,1865.7623875541021
1484.3047215416059,1484.3047215416059,1435.5270624057769,1483.8298645312839,1865.7623875541021
1501.2728683646214,1501.2728683646214,1410.7417991438579,1477.6579649203375,1865.7623875541021
1513.5935430386435,1513.5935430386435,1407.3878224356981,1478.8531160136936,1865.7623875541021
1485.9552469641026,1485.9552469641026,1462.4129813319228,1485.9948347858558,1865.7623875541021
1504.9763430491437,1504.9763430491437,1455.9943498092737,1484.3390943890574,1865.7623875541021
1491.7360839437104,1491.7360839437104,1471.8820607265861,1490.5001628023895,1865.7623875541021
1501.2108854087664,1501.2108854087664,1457.919005364469,1485.549869657069,1865.7623875541021
1496.6872592792183,1496.6872592792183,1457.3881164300628,1482.8926059061084,1865.7623875541021
1486.6430952325618,1486.6430952325618,1468.0452595376555,1483.6026596724273,1865.7623875541021
1505.5442456685498,1505.5442456685498,1450.8033611039968,1480.0919229301653,1865.7623875541021
1510.8312950107297,1510.8312950107297,1472.254650644271,1479.1366214277557,1865.7623875541021
1493.5160125837676,1493.5160125837676,1493.7141048026567,1477.0105969006286,1865.7623875541021
1492.6423715599058,1492.6423715599058,1505.4366795621324,1478.0920548550232,1865.7623875541021
1481.6314304983866,1481.6314304983866,1460.7276055010102,1476.1775215555056,1865.7623875541021
1484.5912695118793,1484.5912695118793,1474.099551199864,1480.9489595061646,1865.7623875541021
1505.4667359374666,1505.4667359374666,1445.3740573138282,1475.8665569789084,1865.7623875541021
1503.1572512665443,1503.1572512665443,1448.59874082139,1473.5669562882476,1865.7623875541021
1505.8499363707583,1505.8499363707583,1464.701553833715,1474.279745018481,1865.7623875541021
1507.811180870428,1507.811180870428,1436.4623341282413,1471.4696211074763,1865.7623875541021
1495.1076616561008,1495.1076616561008,1443.023032537873,1469.631022173432,1865.7623875541021
1502.1471051059882,1502.1471051059882,1446.3472431811867,1469.3967754024186,1865.7623875541021
1498.9294064807632,1498.9294064807632,1435.287247363913,1470.474451123925,1865.7623875541021
1492.6847714358655,1492.6847714358655,1436.4704613683168,1472.1700063794078,1865.7623875541021
1522.3781245853681,1522.3781245853681,1464.1626228502957,1472.2598949024853,1865.7623875541021
1509.9278039971073,1509.9278039971073,1440.6399236420434,1467.6974732472795,1865.7623875541021
1492.0052712370568,1492.0052712370568,1456.635335275687,1470.8326816839296,1865.7623875541021
1501.7020804868723,1501.7020804868723,1495.319836036762,1474.593256553271,1865.7623875541021
1483.0812955270605,1483.0812955270605,1508.0806905756858,1480.4034863665102,1865.7623875541021
1518.2561422985339,1518.2561422985339,1521.8019150277953,1479.9157602696264,1865.7623875541021
1496.111517497022,1496.111517497022,1545.3556406311916,1474.8124316163894,1865.7623875541021
1489.4253707561386,1489.4253707561386,1537.3111258367562,1469.6489748221647,1865.7623875541021
1473.9288989524766,1473.9288989524766,1529.4859773495273,1469.5924411273634,1865.7623875541021
1492.8433895292742,1492.8433895292742,1524.6975507162376,1473.9732966895879,1865.7623875541021
1500.6753733337155,1500.6753733337155,1534.3912020503685,1481.7784044523974,1865.7623875541021
1485.9846241413502,1485.9846241413502,1530.0897201004232,1482.7356415350023,1865.7623875541021
1480.5727561799465,1480.5727561799465,1540.2060149747817,1486.1643670688254,1865.7623875541021
1493.9169043662955,1493.9169043662955,1507.3881028288292,1484.1561141866737,1865.7623875541021
1511.606273011345,1511.606273011345,1486.6051481425434,1478.1975447611508,1865.7623875541021
1494.2536344226835,1494.2536344226835,1503.5566573369656,1478.128710416147,1865.7623875541021
1468.6683905499874,1468.6683905499874,1510.58724943037,1481.1777183240583,1865.7623875541021
1478.2023889200248,1478.2023889200248,1512.482605660296,1480.7845375456573,1865.7623875541021
1502.8193959616783,1502.8193959616783,1518.0040413614365,1477.4466340042782,1865.7623875541021
1492.4854158765957,1492.4854158765957,1518.1702873984616,1478.4325602961696,1865.7623875541021
1504.224467966346,1504.224467966346,1500.4202946226383,1484.422941271247,1865.7623875541021
1497.9346151754153,1497.9346151754153,1501.2473314996982,1480.4141752502608,1865.7623875541021
1509.7559595367525,1509.7559595367525,1488.1871657508477,1480.4569268083462,1865.7623875541021
1482.1787196116993,1482.1787196116993,1499.5733562901657,1481.7598082683232,1865.7623875541021
1484.2899546255937,1484.2899546255937,1508.9803767662302,1485.1511771496475,1865.7623875541021
1492.4648692122166,1492.4648692122166,1489.3711230226866,1483.8474578106689,1865.7623875541021
1500.794750055828,1500.794750055828,1468.5048043786392,1483.6548176164142,1865.7623875541021
1507.2158573348186,1507.2158573348186,1467.771548155971,1487.2334346956964,1865.7623875541021
1485.263454362066,1485.263454362066,1473.6974338014902,1490.0377609358047,1865.7623875541021
1493.5035291477623,1493.5035291477623,1482.1429816657128,1493.3835921421723,1865.7623875541021
1483.5974810186776,1483.5974810186776,1469.0095918136267,1485.7422633675876,1865.7623875541021
1497.3350607494178,1497.3350607494178,1494.1089844335072,1488.0371021751073,1865.7623875541021
1501.29281489647,1501.29281489647,1498.0757447946432,1485.6956636219577,1865.7623875541021
1489.012125486737,1489.012125486737,1512.5987302586786,1492.6957532471652,1865.7623875541021
1490.7783135360953,1490.7783135360953,1525.1937880462287,1498.7123114728806,1865.7623875541021
1514.141848471305,1514.141848471305,1522.2827745920931,1494.6949608215562,1865.7623875541021
1489.417771788502,1489.417771788502,1529.347155752508,1499.363576546116,1865.7623875541021
1491.849799713709,1491.849799713709,1532.2971806158405,1499.2419406900099,1865.7623875541021
1504.573490911897,1504.573490911897,1528.2214501213762,1496.9392299995484,1865.7623875541021
1455.760384273618,1455.760384273618,1510.557798435646,1494.407815916875,1865.7623875541021
1503.328371724521,1503.328371724521,1521.2934456401385,1497.8554313954137,1865.7623875541021
1492.0181266428963,1492.0181266428963,1519.3930032599958,1497.0957925871337,1865.7623875541021
1505.0200254596452,1505.0200254596452,1520.6541942163742,1500.751691002467,1865.7623875541021
1483.9129322782496,1483.9129322782496,1496.3399200591646,1502.24398909472,1865.7623875541021
1473.2833470489452,1473.2833470489452,1473.7520006313216,1500.5224008324021,1865.7623875541021
1506.4076868260431,1506.4076868260431,1463.0460469999796,1500.011703395904,1865.7623875541021
1525.3290404279503,1525.3290404279503,1486.77850793048,1508.1146716246376,1865.7623875541021
1481.5070151691968,1481.5070151691968,1471.4410713148927,1504.2607063167513,1865.7623875541021
1502.0554505182645,1502.0554505182645,1475.1451133656362,1504.9108031998935,1865.7623875541021
1494.3615793465246,1494.3615793465246,1482.2315592419022,1503.560035491592,1865.7623875541021
1529.3000871827492,1529.3000871827492,1479.4891889310552,1500.9207446115656,1865.7623875541021
1496.5677771987635,1496.5677771987635,1486.6028732710815,1506.2883825129413,1865.7623875541021
1500.73276727256,1500.73276727256,1481.7581336047983,1505.776250668289,1865.7623875541021
1471.7137678761626,1471.7137678761626,1495.4084645190792,1502.2617147911837,1865.7623875541021
1508.6846947580111,1508.6846947580111,1501.1715026696618,1499.1405632511974,1865.7623875541021
1510.3576485480191,1510.3576485480191,1532.1466953677862,1502.080659463902,1865.7623875541021
1475.4948537964474,1475.4948537964474,1489.3286865011537,1496.90928079863,1865.7623875541021
1486.2635487421235,1486.2635487421235,1504.3376537202814,1497.6660118934565,1865.7623875541021
1510.252668806048,1510.252668806048,1512.2985434239686,1501.4733164147817,1865.7623875541021
1501.2081184182618,1501.2081184182618,1520.8593111263556,1502.7923875736153,1865.7623875541021
1504.6179591910166,1504.6179591910166,1531.9904604378155,1500.440596289055,1865.7623875541021
1483.305899334288,1483.305899334288,1498.823936766981,1500.0352258462528,1865.7623875541021
1510.3474125209748,1510.3474125209748,1500.1167139186452,1497.7583904570618,1865.7623875541021
1483.1831609074763,1483.1831609074763,1493.2357200883248,1499.4312382430828,1865.7623875541021
1472.1514267963182,1472.1514267963182,1497.684366795899,1501.3564069818683,1865.7623875541021
1506.520620714925,1506.520620714925,1475.1812639390248,1496.4055807843138,1865.7623875541021
1497.9819204236885,1497.9819204236885,1474.1323082453196,1489.61829256162,1865.7623875541021
1483.0871234436718,1483.0871234436718,1463.8504263386774,1487.9395760291327,1865.7623875541021
1523.6976231727012,1523.6976231727012,1466.249663256743,1491.1224407938428,1865.7623875541021
1492.4690347076496,1492.4690347076496,1462.130799403218,1491.584489974567,1865.7623875541021
1523.0684760671443,1523.0684760671443,1458.6598798092264,1492.088513326372,1865.7623875541021
1509.386324092759,1509.386324092759,1462.3446105524822,1492.2546816568095,1865.7623875541021
1497.9535690684102,1497.9535690684102,1426.942822465174,1485.509521799927,1865.7623875541021
1501.8506345865278,1501.8506345865278,1436.494902981509,1486.8155475813517,1865.7623875541021
1478.5841051112145,1478.5841051112145,1462.2717408566746,1492.0146797999573,1865.7623875541021
1496.0963604540188,1496.0963604540188,1464.3281211332946,1491.396980406436,1865.7623875541021
1499.2254303458842,1499.2254303458842,1473.3125328733,1490.5798382605522,1865.7623875541021
1519.3174196184234,1519.3174196184234,1471.7875162557857,1488.7427696490956,1865.7623875541021
1479.2490498086313,1479.2490498086313,1473.2927119023877,1491.0414964140225,1865.7623875541021
1469.3400761473583,1469.3400761473583,1464.5057120995486,1488.057036061334,1865.7623875541021
1483.791867324634,1483.791867324634,1455.828434019049,1489.4522817674567,1865.7623875541021
1500.3825356526215,1500.3825356526215,1453.8839386230372,1484.2096724947153,1865.7623875541021
1479.2920206556255,1479.2920206556255,1468.2123712901139,1479.5368470990213,1865.7623875541021
1504.8098023801908,1504.8098023801908,1468.4219526700126,1477.9801920636182,1865.7623875541021
1468.3916448608331,1468.3916448608331,1430.3903427770842,1473.0539907461282,1865.7623875541021
1503.061612615316,1503.061612615316,1434.8812305515498,1473.9166715983274,1865.7623875541021
1495.4860792660202,1495.4860792660202,1448.313080393322,1474.3730231887153,1865.7623875541021
1482.3933026883003,1482.3933026883003,1447.656089788156,1471.8145514835587,1865.7623875541021
1499.766402677949,1499.766402677949,1441.786071123234,1473.754420614394,1865.7623875541021
1498.1451651709015,1498.1451651709015,1453.4554931513337,1476.6365750044718,1865.7623875541021
1488.965692895215,1488.965692895215,1466.8236379533764,1478.5583202301045,1865.7623875541021
1467.8409499007375,1467.8409499007375,1470.2560433267386,1474.3822805080638,1865.7623875541021
1499.8928913356763,1499.8928913356763,1508.7795100237122,1477.1619102604889,1865.7623875541021
1518.789677874337,1518.789677874337,1514.7660872097274,1481.665425493731,1865.7623875541021
1506.3293285423542,1506.3293285423542,1494.4389845696114,1477.1913875337862,1865.7623875541021
1518.9409198382307,1518.9409198382307,1506.483142928377,1482.604090784006,1865.7623875541021
1533.1091205243117,1533.1091205243117,1508.2221204867847,1478.6617456999759,1865.7623875541021
1502.2697000768705,1502.2697000768705,1525.3924577411094,1482.604828768802,1865.7623875541021
1516.7052634876572,1516.7052634876572,1505.514754870846,1479.8283489154364,1865.7623875541021
1500.4669520371854,1500.4669520371854,1486.1233941691075,1477.4149419899131,1865.7623875541021
1499.6809063918201,1499.6809063918201,1470.6617522102229,1476.7928328859382,1865.7623875541021
1497.351763474081,1497.351763474081,1478.4850615375758,1472.7587181613633,1865.7623875541021
1492.8623611851312,1492.8623611851312,1453.321664027355,1471.4746163450002,1865.7623875541021
1485.8998903773515,1485.8998903773515,1439.4601797828407,1470.475768546483,1865.7623875541021
1483.7796017346886,1483.7796017346886,1459.1880601747255,1468.794699034799,1865.7623875541021
1485.7898187730386,1485.7898187730386,1446.5180649259776,1465.4783646956448,1865.7623875541021
1496.8972216593002,1496.8972216593002,1433.8312157418793,1467.5622515481214,1865.7623875541021
1477.532626087591,1477.532626087591,1437.4821428982732,1469.2337266044005,1865.7623875541021
1478.77375414387,1478.77375414387,1447.7633890995246,1466.921318050547,1865.7623875541021
1523.695795643429,1523.695795643429,1463.3234749937387,1465.9077747633894,1865.7623875541021
1502.313958694042,1502.313958694042,1470.5913194293921,1464.5130046842535,1865.7623875541021
1483.307737455625,1483.307737455625,1465.9047436475971,1466.1748795374865,1865.7623875541021
1497.6185609869437,1497.6185609869437,1463.334180031218,1464.118109567515,1865.7623875541021
1508.980801084027,1508.980801084027,1461.3412516219894,1464.0968748532157,1865.7623875541021
1489.143887483488,1489.143887483488,1478.8971635486157,1465.0372583853425,1865.7623875541021
1510.3713899175107,1510.3713899175107,1473.1986374952908,1465.0818394068979,1865.7623875541021
1498.0345926660978,1498.0345926660978,1495.0616488324472,1471.748119665547,1865.7623875541021
1500.5725999493682,1500.5725999493682,1493.5370467910693,1475.171050694879,1865.7623875541021
1481.9840997275894,1481.9840997275894,1485.4270047607354,1470.7567863513455,1865.7623875541021
1493.9966876380336,1493.9966876380336,1478.681227869026,1469.2178604565509,1865.7623875541021
1508.7036642783248,1508.7036642783248,1510.916504680737,1474.9643296585557,1865.7623875541021
1471.9679213392476,1471.9679213392476,1494.7384732689095,1472.653652080772,1865.7623875541021
1509.4834372769567,1509.4834372769567,1481.5524295173393,1475.0400309779477,1865.7623875541021
1490.5724247736687,1490.5724247736687,1494.1675028812901,1475.6313948331722,1865.7623875541021
1508.4056429411994,1508.4056429411994,1489.2410472583538,1470.4311196656781,1865.7623875541021
1488.5769918921628,1488.5769918921628,1485.945012051288,1469.4052175904967,1865.7623875541021
1509.116532299204,1509.116532299204,1500.8964185311331,1477.2648967971136,1865.7623875541021
1508.7469395262167,1508.7469395262167,1498.3638328559473,1480.4863140149112,1865.7623875541021
1497.3761732272678,1497.3761732272678,1528.6050652440722,1481.8192570196825,1865.7623875541021
1494.394248756503,1494.394248756503,1516.584116756721,1479.6335413879854,1865.7623875541021
1502.931634050325,1502.931634050325,1484.0289689078343,1480.6044366363124,1865.7623875541021
1496.6765821927504,1496.6765821927504,1537.8822403396423,1489.4533124240927,1865.7623875541021
1498.9263374650723,1498.9263374650723,1533.208478848228,1488.0392524895703,1865.7623875541021
1501.9435224421677,1501.9435224421677,1524.1630347916398,1486.7796112574974,1865.7623875541021
1497.291281291352,1497.291281291352,1539.3578364212265,1492.2246183945067,1865.7623875541021
1506.1296322588282,1506.1296322588282,1560.9018576731357,1494.6093430148137,1865.7623875541021
1500.6217382172608,1500.6217382172608,1529.8810505940191,1493.5784908372527,1865.7623875541021
1516.2216019912826,1516.2216019912826,1531.116043610967,1497.1783047794734,1865.7623875541021
1512.6556993914708,1512.6556993914708,1523.3722429631594,1498.1364913876675,1865.7623875541021
1484.6659225085593,1484.6659225085593,1537.5112986784045,1496.4447024933993,1865.7623875541021
1492.77637783385,1492.77637783385,1542.3880331045718,1495.7173156665515,1865.7623875541021
1489.3724440729573,1489.3724440729573,1524.874887845059,1500.3770813277567,1865.7623875541021
1515.0931778583265,1515.0931778583265,1547.6674780602198,1495.8168460968716,1865.7623875541021
1500.3745449927605,1500.3745449927605,1542.0850654409717,1492.243406903746,1865.7623875541021
1493.61843330385,1493.61843330385,1536.452340445616,1500.6272895697073,1865.7623875541021
1473.7791497850872,1473.7791497850872,1538.8563466089286,1501.0839837509243,1865.7623875541021
1502.195059701996,1502.195059701996,1549.6898699128726,1501.87204072247,1865.7623875541021
1492.0036668420123,1492.0036668420123,1556.008641747219,1503.3015415806951,1865.7623875541021
1505.2749199450939,1505.2749199450939,1550.9371665707915,1507.2209737276569,1865.7623875541021
1504.9721947565322,1504.9721947565322,1563.3572013715025,1511.8914639338786,1865.7623875541021
1488.8786878330811,1488.8786878330811,1552.8609937007495,1512.1571639646572,1865.7623875541021
1483.7304694192032,1483.7304694192032,1519.109123392676,1508.5018936987772,1865.7623875541021
1500.3318035014918,1500.3318035014918,1502.2646469452031,1505.6054426804417,1865.7623875541021
1489.7784746167774,1489.7784746167774,1509.7247957635423,1506.2963300998867,1865.7623875541021
1494.366239482003,1494.366239482003,1485.395570547851,1505.8687916443325,1865.7623875541021
1483.2865716000556,1483.2865716000556,1482.003492933284,1508.1810693523853,1865.7623875541021
1494.9192167260862,1494.9192167260862,1470.7706798543882,1509.2599335449718,1865.7623875541021
1485.3195169233798,1485.3195169233798,1439.6627926379174,1503.7376715286239,1865.7623875541021
1481.1700441609653,1481.1700441609653,1430.5076677250659,1503.7698294527652,1865.7623875541021
1494.7086747601006,1494.7086747601006,1424.130273269499,1504.0528235890306,1865.7623875541021
1504.1828977431794,1504.1828977431794,1429.804262112001,1503.9997525011788,1865.7623875541021
1531.81620135804,1531.81620135804,1440.6597160051037,1503.4528881702781,1865.7623875541021
1496.1139899318212,1496.1139899318212,1463.0108297024622,1505.5407726146905,1865.7623875541021
1500.2885831914089,1500.2885831914089,1436.4277650917834,1501.3136327938453,1865.7623875541021
1514.0682428272155,1514.0682428272155,1460.5898094833665,1502.2073208312827,1865.7623875541021
1497.9049072207758,1497.9049072207758,1441.3577497172164,1501.8128917967704,1865.7623875541021
1502.6836315267271,1502.6836315267271,1450.7892773003816,1500.4054592385585,1865.7623875541021
1506.4726628493631,1506.4726628493631,1496.387846950462,1504.3078315605023,1865.7623875541021
1500.5439473612214,1500.5439473612214,1474.439262423822,1501.5722809853823,1865.7623875541021
1481.1391937051242,1481.1391937051242,1472.5203502266481,1502.8206480605547,1865.7623875541021
1498.4109527277335,1498.4109527277335,1463.1413355875281,1494.4447186825369,1865.7623875541021
1493.5204565180036,1493.5204565180036,1458.6482504981946,1496.234843616135,1865.7623875541021
1509.37413368853,1509.37413368853,1446.564939557927,1498.543274622808,1865.7623875541021
1500.4147709955816,1500.4147709955816,1457.0840108338855,1493.8969343843646,1865.7623875541021
1514.820791985364,1514.820791985364,1440.1327346193345,1492.3856583034792,1865.7623875541021
1507.314556486261,1507.314556486261,1442.8916394077323,1493.2022172680597,1865.7623875541021
1495.530207231399,1495.530207231399,1435.4960830993805,1487.3253921522085,1865.7623875541021
1495.9200230925044,1495.9200230925044,1399.7205013967473,1484.5791652686626,1865.7623875541021
1497.2581294660056,1497.2581294660056,1424.6423031566376,1480.7797285678953,1865.7623875541021
1512.2647331759915,1512.2647331759915,1409.290352137034,1481.361895136618,1865.7623875541021
1491.814098579546,1491.814098579546,1418.1734744963892,1481.273619800248,1865.7623875541021
1500.5084488223802,1500.5084488223802,1436.6626827505618,1475.9909320983193,1865.7623875541021
1495.2642747659854,1495.2642747659854,1435.1554005607672,1478.9326589653158,1865.7623875541021
1499.6055577274974,1499.6055577274974,1450.9250260876688,1479.2493326435704,1865.7623875541021
1504.083845934697,1504.083845934697,1453.738644285943,1475.2618198764221,1865.7623875541021
1510.4867750203266,1510.4867750203266,1437.1544486842274,1468.4527354702777,1865.7623875541021
1492.016421068758,1492.016421068758,1416.3712467527826,1464.623431383961,1865.7623875541021
1487.8882904272793,1487.8882904272793,1426.7891191565836,1463.7137803777857,1865.7623875541021
1486.4800761571462,1486.4800761571462,1421.7017585346289,1460.4456316821888,1865.7623875541021
1484.6874044826059,1484.6874044826059,1434.8916792575235,1460.837971252441,1865.7623875541021
1497.5573013376634,1497.5573013376634,1432.936548330801,1459.3833228454935,1865.7623875541021
1490.317272580668,1490.317272580668,1436.9879314352634,1458.4135408163595,1865.7623875541021
1491.0430828387327,1491.0430828387327,1442.0090398555615,1457.8009713243841,1865.7623875541021
1490.207913989302,1490.207913989302,1442.3744851319032,1459.3072165817566,1865.7623875541021
1507.246128454381,1507.246128454381,1450.7810128017445,1458.127554347648,1865.7623875541021
1472.7631484003305,1472.7631484003305,1477.0680417784147,1456.0950745041746,1865.7623875541021
1501.627326148377,1501.627326148377,1486.474461716964,1451.9803497447792,1865.7623875541021
1499.193465582273,1499.193465582273,1500.7574802180359,1452.6635480719494,1865.7623875541021
1506.6701943644186,1506.6701943644186,1499.7386365380958,1450.2059256756497,1865.7623875541021
1483.581514870962,1483.581514870962,1498.5630181765857,1447.879134613458,1865.7623875541021
1498.4905084519153,1498.4905084519153,1494.7876707253824,1447.7686582504205,1865.7623875541021
1504.7444466522534,1504.7444466522534,1473.3155840296447,1449.2548329437539,1865.7623875541021
1483.3780074267931,1483.3780074267931,1475.2409413901964,1452.3962302133828,1865.7623875541021
1488.4990918440626,1488.4990918440626,1453.7095353081725,1448.1041644906827,1865.7623875541021
1495.52452984036,1495.52452984036,1438.9126198531553,1448.8309642087083,1865.7623875541021
1500.8406189313846,1500.8406189313846,1435.3917915207026,1446.7727342216585,1865.7623875541021
1506.0970567294273,1506.0970567294273,1460.497964059375,1449.9258065857766,1865.7623875541021
1492.0805197275945,1492.0805197275945,1467.950223279684,1458.3210342003026,1865.7623875541021
1510.4749320089134,1510.4749320089134,1488.2627502236585,1461.756942175369,1865.7623875541021
1492.4989613378839,1492.4989613378839,1516.7460955200406,1466.4022990635663,1865.7623875541021
1489.7715648585802,1489.7715648585802,1533.105113058613,1468.4288284397428,1865.7623875541021
1493.9951354335076,1493.9951354335076,1563.0434319991448,1473.731576142562,1865.7623875541021
1502.450805574328,1502.450805574328,1532.8022463924742,1466.3545135513853,1865.7623875541021
1504.23314843029,1504.23314843029,1541.317590431761,1469.0821295586782,1865.7623875541021
1499.5885073926574,1499.5885073926574,1554.987751984515,1467.7105527089388,1865.7623875541021
1498.5732251742186,1498.5732251742186,1570.5491567019078,1472.611015618597,1865.7623875541021
1492.3648288834436,1492.3648288834436,1555.5592107291088,1470.8797932715224,1865.7623875541021
1506.996739117101,1506.996739117101,1536.461451698567,1466.3357551499234,1865.7623875541021
1499.1658233622738,1499.1658233622738,1508.5213567839514,1468.5733610473947,1865.7623875541021
1495.3933049450027,1495.3933049450027,1465.9629487198704,1465.0908187622108,1865.7623875541021
1477.833931457747,1477.833931457747,1449.8100055752534,1465.7625624372877,1865.7623875541021
1494.7722591960046,1494.7722591960046,1417.3879438504227,1465.4795148130072,1865.7623875541021
1493.0692782224444,1493.0692782224444,1437.8519722010337,1464.6119200800067,1865.7623875541021
1485.5958038291812,1485.5958038291812,1440.779023330004,1465.8211320579017,1865.7623875541021
1518.5545944628154,1518.5545944628154,1435.8030942452137,1466.844624634114,1865.7623875541021
1489.222493498736,1489.222493498736,1414.6967786192506,1466.9720434609005,1865.7623875541021
1480.6738500172928,1480.6738500172928,1415.1392329452683,1466.8084232406995,1865.7623875541021
1479.7055064104823,1479.7055064104823,1401.7597854485152,1466.7436119602771,1865.7623875541021
1485.0748247022361,1485.0748247022361,1403.7361559648489,1464.3921316090366,1865.7623875541021
1512.2861075077508,1512.2861075077508,1437.8945562984977,1470.8116595945037,1865.7623875541021
1505.4753111135215,1505.4753111135215,1451.1772753908601,1472.363322616182,1865.7623875541021
1470.43221454745,1470.43221454745,1474.6219701475607,1473.0713722924074,1865.7623875541021
1498.9059159350738,1498.9059159350738,1468.910214081489,1471.362882784151,1865.7623875541021
1487.3765623233717,1487.3765623233717,1468.004250033696,1469.2369768471076,1865.7623875541021
1499.8568348424242,1499.8568348424242,1468.317858066359,1469.7604673901974,1865.7623875541021
1487.6036967480134,1487.6036967480134,1478.3762762130984,1475.2164089666749,1865.7623875541021
1497.4982648713694,1497.4982648713694,1476.3333209138068,1478.8008380729045,1865.7623875541021
1507.119615529745,1507.119615529745,1503.594169408083,1482.104622010577,1865.7623875541021
1495.8008180463737,1495.8008180463737,1510.4321223182292,1482.1382043657566,1865.7623875541021
1496.622256312345,1496.622256312345,1477.320336296331,1479.297391002265,1865.7623875541021
1499.714164357887,1499.714164357887,1463.3978100074694,1478.4555749515157,1865.7623875541021
1486.2215093322002,1486.2215093322002,1455.587816403058,1476.7913492859664,1865.7623875541021
1491.111387778238,1491.111387778238,1448.7989409798524,1472.720863009009,1865.7623875541021
1489.2823419079632,1489.2823419079632,1440.3592042806306,1468.8339206768528,1865.7623875541021
1495.2926809604005,1495.2926809604005,1444.9942219065101,1468.6031092111505,1865.7623875541021
1516.182369977615,1516.182369977615,1422.2514583403922,1464.2530922790702,1865.7623875541021
1494.8930478234781,1494.8930478234781,1423.1294247846631,1466.1318306864443,1865.7623875541021
1503.7884306859655,1503.7884306859655,1394.366834620549,1460.8264928910796,1865.7623875541021
1512.7538411335706,1512.7538411335706,1383.6521180086909,1458.9209006598758,1865.7623875541021
1521.5699297138415,1521.5699297138415,1390.9660269651777,1457.7779927599834,1865.7623875541021
1510.5170331734148,1510.5170331734148,1415.0795804966451,1462.5139569057678,1865.7623875541021
1477.523513170351,1477.523513170351,1403.9313924027542,1462.914510960588,1865.7623875541021
1493.9693049938735,1493.9693049938735,1418.8701628663302,1461.4467073042358,1865.7623875541021
1505.43862228116,1505.43862228116,1415.5249169667236,1461.196997008563,1865.7623875541021
1527.3455262268283,1527.3455262268283,1419.2345296076994,1464.6674911620594,1865.7623875541021
1482.812286548666,1482.812286548666,1453.4468002027963,1467.8640940154892,1865.7623875541021
1492.5199359439682,1492.5199359439682,1445.3393763568638,1463.1001131459418,1865.7623875541021
1508.7069407234164,1508.7069407234164,1473.6824395923777,1461.9729361536183,1865.7623875541021
1486.3791240038656,1486.3791240038656,1499.1818442837316,1461.1047194718903,1865.7623875541021
1483.3529231460075,1483.3529231460075,1506.7068348592231,1455.77014062782,1865.7623875541021
1489.6393463559766,1489.6393463559766,1494.2561257850473,1454.744159451055,1865.7623875541021
1484.17343778376,1484.17343778376,1523.4889871036794,1455.003621981495,1865.7623875541021
1495.181541974571,1495.181541974571,1527.829306707518,1460.452119367245,1865.7623875541021
1499.8699995655572,1499.8699995655572,1538.5940260332277,1460.6522841288568,1865.7623875541021
1506.1656894333876,1506.1656894333876,1537.3549260312361,1461.1409259714042,1865.7623875541021
1496.9577721313717,1496.9577721313717,1530.1585985527875,1459.7859823856652,1865.7623875541021
1500.0013200060148,1500.0013200060148,1546.2242062746986,1461.2331122550602,1865.7623875541021
1491.5429916542128,1491.5429916542128,1520.5271194839124,1458.7860697106871,1865.7623875541021
1492.3078002528387,1492.3078002528387,1533.8088623532176,1466.1622205857434,1865.7623875541021
1506.640911627597,1506.640911627597,1541.9152956667172,1470.9606100171895,1865.7623875541021
1487.1934856454009,1487.1934856454009,1535.6800180769565,1471.9181619513956,1865.7623875541021
1507.0982923888057,1507.0982923888057,1527.709723040934,1477.0679778195977,1865.7623875541021
1501.3099800561697,1501.3099800561697,1527.821487672123,1478.4460224614627,1865.7623875541021
1496.5764497487328,1496.5764497487328,1544.8953622931517,1481.475551921486,1865.7623875541021
1506.7942164006322,1506.7942164006322,1513.656595047864,1476.7116261319338,1865.7623875541021
1509.4360987464938,1509.4360987464938,1500.5878815545962,1476.964202972734,1865.7623875541021
1511.602022690213,1511.602022690213,1501.5511683423103,1478.5154993344686,1865.7623875541021
1497.157787977643,1497.157787977643,1496.283601200426,1477.6908328610693,1865.7623875541021
1499.2306252297515,1499.2306252297515,1468.929938007213,1479.2009769942163,1865.7623875541021
1509.4340690871436,1509.4340690871436,1437.8505502301714,1470.9518088035243,1865.7623875541021
1487.8983515708328,1487.8983515708328,1432.4659982821127,1468.1759065296462,1865.7623875541021
1494.7942337508832,1494.7942337508832,1414.65019940481,1465.0736236710475,1865.7623875541021
1490.0776325219783,1490.0776325219783,1396.0046564358113,1463.8649109323271,1865.7623875541021
1497.3598870202572,1497.3598870202572,1400.889051036106,1468.0525121219678,1865.7623875541021
