Average Episodic Reward,Average Episodic N-Reward,Avg Reward (last 10),Avg Reward (last 50),Best Reward
7020.915469873983,7020.915469873983,9612.306620553685,9612.306620553685,9612.306620553685
6843.226753430845,6843.226753430845,6061.285982092672,6061.285982092672,9612.306620553685
7039.908546408953,7039.908546408953,6769.448348842045,6769.448348842045,9612.306620553685
6847.642413606959,6847.642413606959,5704.652597539448,5704.652597539448,9612.306620553685
6459.7745446358695,6459.7745446358695,6551.247487806029,6551.247487806029,9937.627048872357
6923.409992211486,6923.409992211486,5923.778705490417,5923.778705490417,9937.627048872357
7097.923843692573,7097.923843692573,5406.286369207404,5406.286369207404,9937.627048872357
6646.840705915913,6646.840705915913,5051.142347704892,5051.142347704892,9937.627048872357
6529.8179972570615,6529.8179972570615,5594.085092279054,5594.085092279054,9937.627048872357
7392.728311864249,7392.728311864249,5853.253891285228,5853.253891285228,9937.627048872357
6509.987688283369,6509.987688283369,5885.785934117096,6224.560541974966,9937.627048872357
6500.782867393936,6500.782867393936,5913.402879145166,5938.050062969749,9937.627048872357
6630.397598832913,6630.397598832913,5368.794382429905,5692.022220832705,9937.627048872357
6319.884142386674,6319.884142386674,6131.620957760926,6009.629997697646,10138.531096941872
6880.664521753251,6880.664521753251,6160.611336357177,6290.8233868401285,10227.530834834872
7277.78504427717,7277.78504427717,6769.635984859313,6452.439505095977,10227.530834834872
6868.6737158028645,6868.6737158028645,7369.015258223303,6560.8327745108745,10227.530834834872
7170.156012686547,7170.156012686547,8106.264543391808,6748.432456419845,10227.530834834872
7306.800780237173,7306.800780237173,7363.528372867739,6525.371029430993,10227.530834834872
7003.4357641932575,7003.4357641932575,6801.46448435239,6327.359187818809,10227.530834834872
6347.259225677005,6347.259225677005,6058.728313828319,6145.592814286088,10227.530834834872
7065.2315392542105,7065.2315392542105,6058.72831382832,5992.903813360009,10227.530834834872
6700.543625876486,6700.543625876486,6137.235895317305,5885.593383652097,10227.530834834872
7162.15163258519,7162.15163258519,6117.145490510355,6054.428119702941,10227.530834834872
7460.944717828649,7460.944717828649,5345.418941390033,5912.66160866009,10227.530834834872
3168.275324431395,3168.275324431395,4745.564189100128,5795.948998943727,10227.530834834872
11336.98252848377,11336.98252848377,4392.860653628096,5757.880137146882,10227.530834834872
12792.910965539475,12792.910965539475,4694.740407044689,6014.971010214432,12956.424583038293
13458.428982353124,13458.428982353124,5752.184415253052,6258.75495557653,13084.705425715278
8969.422763663511,8969.422763663511,6536.505843979867,6397.074739872494,13084.705425715278
9181.077124394002,9181.077124394002,7115.815801436595,6458.567971431412,13084.705425715278
8929.057236024186,8929.057236024186,7620.12033639171,6501.4089768074155,13084.705425715278
8929.057236024186,8929.057236024186,8130.364172985137,6565.826956177261,13084.705425715278
8960.605646471615,8960.605646471615,7999.258412441728,6626.437029331996,13084.705425715278
14783.986501415167,14783.986501415167,9018.472328937978,6800.036100168058,13084.705425715278
14783.986501415167,14783.986501415167,10272.838321974916,7039.529366452391,15421.793686404033
14783.986501415167,14783.986501415167,11338.04693966119,7266.033327015614,15421.793686404033
14783.986501415167,14783.986501415167,11584.745975501453,7480.701264237334,15423.414941440953
14783.986501415167,14783.986501415167,11818.61303251433,7684.359590688788,15423.414941440953
14783.986501415167,14783.986501415167,12320.090473057195,7877.82867316867,15423.414941440953
14783.986501415167,14783.986501415167,13031.936698835589,8061.828636651944,15423.414941440953
14783.986501415167,14783.986501415167,13791.111873928621,8237.052523741037,15423.414941440953
14783.986501415167,14783.986501415167,14470.527662108061,8404.129445928611,15423.414941440953
14783.986501415167,14783.986501415167,15149.957776764557,8563.600835566669,15423.414941440953
14783.986501415167,14783.986501415167,15421.991720847425,8716.026238096807,15423.414941440953
14783.986501415167,14783.986501415167,15422.191249650768,8861.847167147691,15423.78897443748
14783.986501415167,14783.986501415167,15422.465889141638,9001.444510446683,15423.78897443748
14783.986501415167,14783.986501415167,15422.546780193617,9135.252413394892,15424.223851960736
14783.986501415167,14783.986501415167,15422.462725615707,9263.564312102446,15424.223851960736
14783.986501415167,14783.986501415167,15422.286211277406,9386.720180790417,15424.223851960736
14783.986501415167,14783.986501415167,15422.543265320399,9502.962002707602,15424.397716412815
14783.986501415167,14783.986501415167,15422.632741352843,9761.199228929332,15424.397716412815
14783.986501415167,14783.986501415167,15422.835018872624,9905.951426342608,15424.397716412815
14783.986501415167,14783.986501415167,15423.268577584973,10164.250243012508,15425.206177126676
14783.986501415167,14783.986501415167,15423.248049279977,10273.948475362518,15425.206177126676
14783.986501415167,14783.986501415167,15423.03520021967,10526.65298916096,15425.206177126676
14783.986501415167,14783.986501415167,15423.01525871818,10789.080799874482,15425.206177126676
14783.986501415167,14783.986501415167,15422.898613495989,11046.23926392551,15425.206177126676
14783.986501415167,14783.986501415167,15422.93144901479,11155.943999053123,15425.206177126676
14783.986501415167,14783.986501415167,15423.143825096191,11300.698167552611,15425.206177126676
14783.986501415167,14783.986501415167,15423.150334506001,11410.43488278538,15425.206177126676
14783.986501415167,14783.986501415167,15423.10216360966,11663.139085822231,15425.206177126676
14783.986501415167,14783.986501415167,15423.018414348804,11916.796232726389,15425.206177126676
14783.986501415167,14783.986501415167,15422.947676759397,12022.515586812202,15425.206177126676
14783.986501415167,14783.986501415167,15423.003349951552,12126.426878081393,15425.206177126676
14783.986501415167,14783.986501415167,15423.11922077174,12257.349636343446,15425.206177126676
14783.986501415167,14783.986501415167,15423.122215858133,12399.902191401445,15425.206177126676
14783.986501415167,14783.986501415167,15422.896620675641,12509.565679382276,15425.206177126676
14783.986501415167,14783.986501415167,15422.881370502859,12767.814598580148,15425.206177126676
14783.986501415167,14783.986501415167,15422.884682318869,13024.982207145908,15425.206177126676
14783.986501415167,14783.986501415167,15422.524772868317,13283.19417459338,15425.206177126676
14783.986501415167,14783.986501415167,15422.71599174011,13535.936621404588,15425.206177126676
14783.986501415167,14783.986501415167,15422.545691464253,13773.858191955776,15425.206177126676
14783.986501415167,14783.986501415167,15422.336985690758,13883.553885848285,15425.206177126676
14783.986501415167,14783.986501415167,15422.435356311602,14141.83016106571,15425.206177126676
14783.986501415167,14783.986501415167,15422.48707407548,14392.734213338517,15425.206177126676
14783.986501415167,14783.986501415167,15422.418601509218,14605.813780977673,15425.206177126676
14783.986501415167,14783.986501415167,15422.476126882675,14655.112823349875,15425.206177126676
14783.986501415167,14783.986501415167,15422.298562111075,14701.837427951754,15425.206177126676
14783.986501415167,14783.986501415167,15422.007517043778,14802.082541758688,15425.206177126676
14783.986501415167,14783.986501415167,15422.220293556238,14944.475073017307,15425.206177126676
14783.986501415167,14783.986501415167,15422.161268914739,15096.344807909194,15425.206177126676
14783.986501415167,14783.986501415167,15422.454409234244,15232.276239205596,15425.206177126676
14783.986501415167,14783.986501415167,15422.35545176871,15368.173293713679,15425.206177126676
14783.986501415167,14783.986501415167,15422.061361496197,15422.547967577348,15425.206177126676
14783.986501415167,14783.986501415167,15422.080388832794,15422.58262671009,15425.206177126676
14783.986501415167,14783.986501415167,15422.257685702043,15422.655930185841,15425.206177126676
14783.986501415167,14783.986501415167,15422.283791616539,15422.62038657289,15425.206177126676
14783.986501415167,14783.986501415167,15422.537668729148,15422.622355194713,15425.206177126676
14783.986501415167,14783.986501415167,15422.88868202309,15422.642183551867,15425.206177126676
14783.986501415167,14783.986501415167,15422.72511608416,15422.632756467021,15425.206177126676
14783.986501415167,14783.986501415167,15422.855407442523,15422.693514611972,15425.206177126676
14783.986501415167,14783.986501415167,15422.593409672918,15422.68938871857,15425.206177126676
14783.986501415167,14783.986501415167,15422.700986984677,15422.721935757703,15425.206177126676
14783.986501415167,14783.986501415167,15422.99054295786,15422.747731999436,15425.206177126676
14783.986501415167,14783.986501415167,15422.927265426953,15422.729829865326,15425.206177126676
14783.986501415167,14783.986501415167,15422.84189892761,15422.731132143035,15425.206177126676
14783.986501415167,14783.986501415167,15422.900434164363,15422.691117367041,15425.206177126676
14783.986501415167,14783.986501415167,15422.742371721451,15422.678284415866,15425.206177126676
14783.986501415167,14783.986501415167,15422.550367508657,15422.695014798117,15425.206177126676
14783.986501415167,14783.986501415167,15422.703861848611,15422.664875772663,15425.206177126676
14783.986501415167,14783.986501415167,15422.347677833368,15422.636501908079,15425.206177126676
14783.986501415167,14783.986501415167,15422.497382435442,15422.621861431133,15425.206177126676
14783.986501415167,14783.986501415167,15422.503540965492,15422.568928433808,15425.206177126676
14783.986501415167,14783.986501415167,15422.556447386127,15422.609411620668,15425.206177126676
14783.986501415167,14783.986501415167,15422.445362812277,15422.61186238385,15425.206177126676
14783.986501415167,14783.986501415167,15422.467639782224,15422.621608355847,15425.206177126676
14783.986501415167,14783.986501415167,15422.388574657245,15422.589109599292,15425.206177126676
14783.986501415167,14783.986501415167,15422.390761799741,15422.570146972854,15425.206177126676
14783.986501415167,14783.986501415167,15422.38791995137,15422.543833769158,15425.206177126676
14783.986501415167,14783.986501415167,15422.550090996341,15422.544827070737,15425.206177126676
14783.986501415167,14783.986501415167,15422.764533058866,15422.568975797922,15425.206177126676
14783.986501415167,14783.986501415167,15422.815146213248,15422.581207804022,15425.206177126676
14783.986501415167,14783.986501415167,15422.74188270283,15422.527769622493,15425.206177126676
14783.986501415167,14783.986501415167,15422.56648457924,15422.522038546209,15425.206177126676
14783.986501415167,14783.986501415167,15422.538506607458,15422.495719550994,15425.206177126676
14783.986501415167,14783.986501415167,15422.464363830168,15422.490037950254,15425.206177126676
14783.986501415167,14783.986501415167,15422.506360515947,15422.511057567352,15425.206177126676
14783.986501415167,14783.986501415167,15422.800942053585,15422.554061283,15425.206177126676
14783.986501415167,14783.986501415167,15422.883730416605,15422.543643388699,15425.206177126676
14783.986501415167,14783.986501415167,15422.74747980627,15422.589368458322,15425.206177126676
14783.986501415167,14783.986501415167,15422.629561372698,15422.55168972444,15425.206177126676
14783.986501415167,14783.986501415167,15422.701883938125,15422.612446298797,15425.206177126676
14783.986501415167,14783.986501415167,15422.719788418737,15422.604330168087,15425.206177126676
14783.986501415167,14783.986501415167,15422.790591183159,15422.593085520515,15425.206177126676
14783.986501415167,14783.986501415167,15422.865437371293,15422.571392210157,15425.206177126676
14783.986501415167,14783.986501415167,15422.875178512248,15422.581353350857,15425.206177126676
14783.986501415167,14783.986501415167,15422.915465816763,15422.598925354168,15425.206177126676
14783.986501415167,14783.986501415167,15422.833681469221,15422.661085154628,15425.206177126676
14783.986501415167,14783.986501415167,15422.666627634328,15422.675465506809,15425.206177126676
14783.986501415167,14783.986501415167,15422.47969054684,15422.64124785644,15425.206177126676
14783.986501415167,14783.986501415167,15422.653649593169,15422.650165860123,15425.206177126676
14783.986501415167,14783.986501415167,15422.560790009727,15422.633722453891,15425.206177126676
14783.986501415167,14783.986501415167,15422.570216692038,15422.647283152754,15425.206177126676
14783.986501415167,14783.986501415167,15422.383492153755,15422.657511652025,15425.206177126676
14783.986501415167,14783.986501415167,15422.294526583024,15422.6142197602,15425.206177126676
14783.986501415167,14783.986501415167,15422.250458320423,15422.579907874535,15425.206177126676
14783.986501415167,14783.986501415167,15422.238149791458,15422.589796989156,15425.206177126676
14783.986501415167,14783.986501415167,15422.150486249677,15422.583648658738,15425.206177126676
14783.986501415167,14783.986501415167,15422.340523038645,15422.565833709925,15425.206177126676
14783.986501415167,14783.986501415167,15422.476998785074,15422.591624396626,15425.206177126676
14783.986501415167,14783.986501415167,15422.650217319413,15422.609127835503,15425.206177126676
14783.986501415167,14783.986501415167,15422.632919012958,15422.641624321903,15425.206177126676
14783.986501415167,14783.986501415167,15422.814252731047,15422.669936302029,15425.206177126676
14783.986501415167,14783.986501415167,15422.87593392988,15422.63458984643,15425.206177126676
14783.986501415167,14783.986501415167,15423.22721722448,15422.674210119703,15425.206177126676
14783.986501415167,14783.986501415167,15423.347191729448,15422.6809664349,15425.206177126676
14783.986501415167,14783.986501415167,15423.247412397957,15422.659192635874,15425.206177126676
14783.986501415167,14783.986501415167,15423.157449516302,15422.666664217706,15425.206177126676
14783.986501415167,14783.986501415167,15423.105035484483,15422.676767305085,15425.206177126676
14783.986501415167,14783.986501415167,15423.177662057811,15422.686384438468,15425.206177126676
14783.986501415167,14783.986501415167,15422.940224606597,15422.72763719015,15425.206177126676
14783.986501415167,14783.986501415167,15423.019887544346,15422.74612534368,15425.206177126676
14783.986501415167,14783.986501415167,15422.869291358158,15422.743086380562,15425.206177126676
14783.986501415167,14783.986501415167,15423.051220793433,15422.733544527891,15425.206177126676
14783.986501415167,14783.986501415167,15422.874932922176,15422.760124141689,15425.206177126676
14783.986501415167,14783.986501415167,15422.784723030296,15422.744383084519,15425.206177126676
14783.986501415167,14783.986501415167,15422.959129889123,15422.773303682248,15425.206177126676
14783.986501415167,14783.986501415167,15422.83931297418,15422.75637445259,15425.206177126676
14783.986501415167,14783.986501415167,15422.722662766688,15422.74371586815,15425.206177126676
14783.986501415167,14783.986501415167,15422.172414720786,15422.610849183358,15425.206177126676
14783.986501415167,14783.986501415167,15422.139211795855,15422.602572937547,15425.206177126676
14783.986501415167,14783.986501415167,15422.01204029964,15422.585504160961,15425.206177126676
14783.986501415167,14783.986501415167,15422.049279773095,15422.604565794616,15425.206177126676
14783.986501415167,14783.986501415167,15421.83889479782,15422.588026571611,15425.206177126676
14783.986501415167,14783.986501415167,15421.835159430684,15422.61945470633,15425.206177126676
14783.986501415167,14783.986501415167,15421.932952432113,15422.638100804905,15425.206177126676
14783.986501415167,14783.986501415167,15421.86605802357,15422.645243183775,15425.206177126676
14783.986501415167,14783.986501415167,15422.00297470218,15422.596780982312,15425.206177126676
14783.986501415167,14783.986501415167,15422.096633273777,15422.586296439584,15425.206177126676
14783.986501415167,14783.986501415167,15422.66820738844,15422.594994699788,15425.206177126676
14783.986501415167,14783.986501415167,15422.72033957814,15422.620728578635,15425.206177126676
14783.986501415167,14783.986501415167,15422.79318596052,15422.603764565438,15425.206177126676
14783.986501415167,14783.986501415167,15422.737410205733,15422.608090152014,15425.206177126676
14783.986501415167,14783.986501415167,15422.554528772936,15422.540814089567,15425.206177126676
14783.986501415167,14783.986501415167,15422.416845144055,15422.529736260884,15425.206177126676
14783.986501415167,14783.986501415167,15422.21807555621,15422.506680213697,15425.206177126676
14783.986501415167,14783.986501415167,15422.301441968317,15422.522438414086,15425.206177126676
14783.986501415167,14783.986501415167,15422.376921905598,15422.505429069586,15425.206177126676
14783.986501415167,14783.986501415167,15422.436161684189,15422.540203249555,15425.206177126676
14783.986501415167,14783.986501415167,15422.28885038834,15422.556826668091,15425.206177126676
14783.986501415167,14783.986501415167,15422.119030712474,15422.513804802496,15425.206177126676
14783.986501415167,14783.986501415167,15422.063403390766,15422.504287241643,15425.206177126676
14783.986501415167,14783.986501415167,15422.090577863517,15422.512162386309,15425.206177126676
14783.986501415167,14783.986501415167,15422.333137304337,15422.530743119682,15425.206177126676
14783.986501415167,14783.986501415167,15422.511867032144,15422.573204350709,15425.206177126676
14783.986501415167,14783.986501415167,15422.511837700478,15422.558956089712,15425.206177126676
14783.986501415167,14783.986501415167,15422.552605155306,15422.585329486856,15425.206177126676
14783.986501415167,14783.986501415167,15422.44402555761,15422.564136931174,15425.206177126676
14783.986501415167,14783.986501415167,15422.378211843237,15422.547741010478,15425.206177126676
14783.986501415167,14783.986501415167,15422.590619270337,15422.579550765146,15425.206177126676
14783.986501415167,14783.986501415167,15422.681637859452,15422.520088910505,15425.206177126676
14783.986501415167,14783.986501415167,15422.863567918834,15422.55041702282,15425.206177126676
14783.986501415167,14783.986501415167,15423.045174662018,15422.558346772503,15425.206177126676
14783.986501415167,14783.986501415167,15423.110635068699,15422.577683347445,15425.206177126676
14783.986501415167,14783.986501415167,15422.9103050412,15422.509821914051,15425.206177126676
14783.986501415167,14783.986501415167,15422.814010324195,15422.452319808659,15425.206177126676
14783.986501415167,14783.986501415167,15422.722265111466,15422.480300029556,15425.206177126676
14783.986501415167,14783.986501415167,15422.784353009938,15422.489517629903,15425.206177126676
14783.986501415167,14783.986501415167,15422.871561888236,15422.501046291227,15425.206177126676
14783.986501415167,14783.986501415167,15422.895094792859,15422.523037312152,15425.206177126676
14783.986501415167,14783.986501415167,15422.974653416046,15422.526974672392,15425.206177126676
14783.986501415167,14783.986501415167,15422.942094795324,15422.534858473016,15425.206177126676
14783.986501415167,14783.986501415167,15422.746475910488,15422.53378368297,15425.206177126676
14783.986501415167,14783.986501415167,15422.733614687755,15422.514162126312,15425.206177126676
14783.986501415167,14783.986501415167,15422.839446813177,15422.502724692251,15425.206177126676
14783.986501415167,14783.986501415167,15423.105345295993,15422.516444261799,15425.206177126676
14783.986501415167,14783.986501415167,15423.330528308163,15422.554579713365,15425.206177126676
14783.986501415167,14783.986501415167,15423.711424015264,15422.663939838118,15426.537218686031
14783.986501415167,14783.986501415167,15423.676473599397,15422.691808457768,15426.537218686031
14783.986501415167,14783.986501415167,15423.531860949708,15422.794926557937,15426.537218686031
14783.986501415167,14783.986501415167,15423.245341128762,15422.748200538974,15426.537218686031
14783.986501415167,14783.986501415167,15423.059105081633,15422.744271429414,15426.537218686031
14783.986501415167,14783.986501415167,15423.160558105146,15422.75603934938,15426.537218686031
14783.986501415167,14783.986501415167,15423.147700463222,15422.77592325939,15426.537218686031
14783.986501415167,14783.986501415167,15423.02183441777,15422.740059689668,15426.537218686031
14783.986501415167,14783.986501415167,15422.950244426707,15422.71990266072,15426.537218686031
14783.986501415167,14783.986501415167,15422.536356660643,15422.688639440776,15426.537218686031
14783.986501415167,14783.986501415167,15421.918791943448,15422.647103286372,15426.537218686031
14783.986501415167,14783.986501415167,15421.77288555122,15422.627058913255,15426.537218686031
14783.986501415167,14783.986501415167,15421.657652382733,15422.592815556794,15426.537218686031
14783.986501415167,14783.986501415167,15421.802746660454,15422.564681955437,15426.537218686031
14783.986501415167,14783.986501415167,15421.874289745052,15422.56049218632,15426.537218686031
14783.986501415167,14783.986501415167,15421.91187988711,15422.590933285654,15426.537218686031
14783.986501415167,14783.986501415167,15421.883367805724,15422.641691065948,15426.537218686031
14783.986501415167,14783.986501415167,15422.190561025942,15422.694802866043,15426.537218686031
14783.986501415167,14783.986501415167,15422.144394778088,15422.70516650509,15426.537218686031
14783.986501415167,14783.986501415167,15422.155431556017,15422.659437358316,15426.537218686031
14783.986501415167,14783.986501415167,15422.434898520998,15422.658698609455,15426.537218686031
14783.986501415167,14783.986501415167,15422.417850242195,15422.623396624858,15426.537218686031
14783.986501415167,14783.986501415167,15422.57738812576,15422.65052310428,15426.537218686031
14783.986501415167,14783.986501415167,15422.464902391448,15422.633856291233,15426.537218686031
14783.986501415167,14783.986501415167,15422.274638921144,15422.602739292397,15426.537218686031
14783.986501415167,14783.986501415167,15422.09213998874,15422.5912457107,15426.537218686031
14783.986501415167,14783.986501415167,15422.156678036956,15422.606399212473,15426.537218686031
14783.986501415167,14783.986501415167,15422.048046762171,15422.60203881205,15426.537218686031
14783.986501415167,14783.986501415167,15422.038391651271,15422.61047729525,15426.537218686031
14783.986501415167,14783.986501415167,15422.424658794165,15422.63384808609,15426.537218686031
14783.986501415167,14783.986501415167,15422.36774493396,15422.643442484723,15426.537218686031
14783.986501415167,14783.986501415167,15422.564246333399,15422.660603522889,15426.537218686031
14783.986501415167,14783.986501415167,15422.609091706428,15422.654217591498,15426.537218686031
14783.986501415167,14783.986501415167,15422.75761132988,15422.64905098532,15426.537218686031
14783.986501415167,14783.986501415167,15422.71444049267,15422.572913807166,15426.537218686031
14783.986501415167,14783.986501415167,15422.716441239352,15422.525499026167,15426.537218686031
14783.986501415167,14783.986501415167,15422.447818761477,15422.473835951027,15426.537218686031
14783.986501415167,14783.986501415167,15422.359646459809,15422.491907095777,15426.537218686031
14783.986501415167,14783.986501415167,15422.3884983433,15422.525374899069,15426.537218686031
14783.986501415167,14783.986501415167,15422.189903970346,15422.527375857868,15426.537218686031
14783.986501415167,14783.986501415167,15422.349351647223,15422.556442212179,15426.537218686031
14783.986501415167,14783.986501415167,15422.507647412232,15422.587820627692,15426.537218686031
14783.986501415167,14783.986501415167,15422.614780598084,15422.59815475254,15426.537218686031
14783.986501415167,14783.986501415167,15422.893340205512,15422.632788343211,15426.537218686031
14783.986501415167,14783.986501415167,15423.12411295055,15422.60931743821,15426.537218686031
14783.986501415167,14783.986501415167,15423.265646202222,15422.629333084515,15426.537218686031
14783.986501415167,14783.986501415167,15423.361354650475,15422.59938394357,15426.537218686031
14783.986501415167,14783.986501415167,15423.420437648228,15422.608105262785,15426.537218686031
14783.986501415167,14783.986501415167,15423.446557609186,15422.59361736171,15426.537218686031
14783.986501415167,14783.986501415167,15423.638305038889,15422.58893120401,15426.537218686031
14783.986501415167,14783.986501415167,15423.528989247745,15422.519955258675,15426.537218686031
14783.986501415167,14783.986501415167,15423.20152239312,15422.492830386434,15426.537218686031
14783.986501415167,14783.986501415167,15423.08907913192,15422.509598388984,15426.537218686031
14783.986501415167,14783.986501415167,15422.925144864848,15422.56874909043,15426.537218686031
14783.986501415167,14783.986501415167,15422.831324754283,15422.563761372738,15426.537218686031
14783.986501415167,14783.986501415167,15422.708467273547,15422.538914918194,15426.537218686031
14783.986501415167,14783.986501415167,15423.007175214312,15422.571278893787,15426.537218686031
14783.986501415167,14783.986501415167,15423.06013197602,15422.615764774435,15426.537218686031
14783.986501415167,14783.986501415167,15423.315527780482,15422.666674032465,15426.537218686031
14783.986501415167,14783.986501415167,15423.056055602912,15422.692870992463,15426.537218686031
14783.986501415167,14783.986501415167,15423.086574840305,15422.753511838044,15426.537218686031
14783.986501415167,14783.986501415167,15423.243882012515,15422.787029678693,15426.537218686031
14783.986501415167,14783.986501415167,15422.90690394922,15422.759448702283,15426.537218686031
14783.986501415167,14783.986501415167,15422.920150030952,15422.79222976453,15426.537218686031
14783.986501415167,14783.986501415167,15422.927982776271,15422.774499978985,15426.537218686031
14783.986501415167,14783.986501415167,15422.97047016321,15422.750632973413,15426.537218686031
14783.986501415167,14783.986501415167,15422.780757077238,15422.750756748093,15426.537218686031
14783.986501415167,14783.986501415167,15422.731569963473,15422.72396656194,15426.537218686031
14783.986501415167,14783.986501415167,15422.437433832461,15422.72528184334,15426.537218686031
14783.986501415167,14783.986501415167,15422.510437682417,15422.763872217745,15426.537218686031
14783.986501415167,14783.986501415167,15422.401268529162,15422.74678583968,15426.537218686031
14783.986501415167,14783.986501415167,15422.27785896842,15422.759031423939,15426.537218686031
14783.986501415167,14783.986501415167,15422.492362950778,15422.742443667286,15426.537218686031
14783.986501415167,14783.986501415167,15422.326726113542,15422.764594508944,15426.537218686031
14783.986501415167,14783.986501415167,15422.399132174629,15422.799398629679,15426.537218686031
14783.986501415167,14783.986501415167,15422.402724058999,15422.812749787465,15426.537218686031
14783.986501415167,14783.986501415167,15422.379799747252,15422.795381090149,15426.537218686031
14783.986501415167,14783.986501415167,15422.297974315157,15422.773952072537,15426.537218686031
14783.986501415167,14783.986501415167,15422.409690728018,15422.79954165869,15426.537218686031
14783.986501415167,14783.986501415167,15422.479190222331,15422.774778503379,15426.537218686031
14783.986501415167,14783.986501415167,15422.378867826108,15422.749010418109,15426.537218686031
14783.986501415167,14783.986501415167,15422.535273751095,15422.753236907478,15426.537218686031
14783.986501415167,14783.986501415167,15422.381697067638,15422.696964739529,15426.537218686031
14783.986501415167,14783.986501415167,15422.697505244598,15422.752573291893,15426.537218686031
14783.986501415167,14783.986501415167,15422.689871323902,15422.794484795928,15426.537218686031
14783.986501415167,14783.986501415167,15422.48984966287,15422.767431472172,15426.537218686031
14783.986501415167,14783.986501415167,15422.330811255635,15422.771979588983,15426.537218686031
14783.986501415167,14783.986501415167,15422.386984085106,15422.779419597597,15426.537218686031
14783.986501415167,14783.986501415167,15422.259067764806,15422.773655542993,15426.537218686031
14783.986501415167,14783.986501415167,15422.04502541358,15422.745802792027,15426.537218686031
14783.986501415167,14783.986501415167,15422.156576971174,15422.7104554829,15426.537218686031
14783.986501415167,14783.986501415167,15422.05989637464,15422.663686699958,15426.537218686031
14783.986501415167,14783.986501415167,15422.34966852779,15422.643942325469,15426.537218686031
14783.986501415167,14783.986501415167,15422.078607933296,15422.589626837445,15426.537218686031
14783.986501415167,14783.986501415167,15422.1577432203,15422.601210849876,15426.537218686031
14783.986501415167,14783.986501415167,15422.389152457949,15422.592132723314,15426.537218686031
14783.986501415167,14783.986501415167,15422.587718653309,15422.61725238955,15426.537218686031
14783.986501415167,14783.986501415167,15422.400091425992,15422.575350353147,15426.537218686031
14783.986501415167,14783.986501415167,15422.376945539034,15422.559733128957,15426.537218686031
14783.986501415167,14783.986501415167,15422.364457360538,15422.491033256356,15426.537218686031
14783.986501415167,14783.986501415167,15422.366673300745,15422.4779922935,15426.537218686031
14783.986501415167,14783.986501415167,15422.349123927012,15422.493207006739,15426.537218686031
14783.986501415167,14783.986501415167,15422.090503288806,15422.444227156848,15426.537218686031
14783.986501415167,14783.986501415167,15422.06288993279,15422.417175851037,15426.537218686031
14783.986501415167,14783.986501415167,15421.9735473443,15422.429655367883,15426.537218686031
14783.986501415167,14783.986501415167,15421.863392035531,15422.423117675717,15426.537218686031
14783.986501415167,14783.986501415167,15421.83033206128,15422.381883758944,15426.537218686031
14783.986501415167,14783.986501415167,15422.006098359712,15422.36454362989,15426.537218686031
14783.986501415167,14783.986501415167,15421.985398838651,15422.293707340596,15426.537218686031
14783.986501415167,14783.986501415167,15422.071807825128,15422.2941837008,15426.537218686031
14783.986501415167,14783.986501415167,15422.162626585708,15422.293202642579,15426.537218686031
14783.986501415167,14783.986501415167,15422.197277625737,15422.28388612938,15426.537218686031
14783.986501415167,14783.986501415167,15422.276347162571,15422.318115799519,15426.537218686031
14783.986501415167,14783.986501415167,15422.379012055893,15422.308948256024,15426.537218686031
14783.986501415167,14783.986501415167,15422.51438826977,15422.34693646658,15426.537218686031
14783.986501415167,14783.986501415167,15422.429672843753,15422.314958211822,15426.537218686031
14783.986501415167,14783.986501415167,15422.458274156941,15422.317387174882,15426.537218686031
14783.986501415167,14783.986501415167,15422.508287786772,15422.319887194548,15426.537218686031
14783.986501415167,14783.986501415167,15422.66457356154,15422.33913528641,15426.537218686031
14783.986501415167,14783.986501415167,15422.618899348981,15422.315876034114,15426.537218686031
14783.986501415167,14783.986501415167,15422.756300242594,15422.364208985267,15426.537218686031
14783.986501415167,14783.986501415167,15422.806140006403,15422.389542336978,15426.537218686031
14783.986501415167,14783.986501415167,15422.947826022684,15422.409208413897,15426.537218686031
14783.986501415167,14783.986501415167,15422.855002790364,15422.41460359139,15426.537218686031
14783.986501415167,14783.986501415167,15422.651584325717,15422.397426896798,15426.537218686031
14783.986501415167,14783.986501415167,15422.653922326974,15422.365197865416,15426.537218686031
14783.986501415167,14783.986501415167,15422.65880871013,15422.373188967458,15426.537218686031
14783.986501415167,14783.986501415167,15422.69356571291,15422.399005474097,15426.537218686031
14783.986501415167,14783.986501415167,15422.490119840731,15422.355221108952,15426.537218686031
14783.986501415167,14783.986501415167,15422.534482284162,15422.326934446479,15426.537218686031
14783.986501415167,14783.986501415167,15422.249667892353,15422.338368998515,15426.537218686031
14783.986501415167,14783.986501415167,15422.136192002892,15422.309725987334,15426.537218686031
14783.986501415167,14783.986501415167,15421.988628887018,15422.330594777775,15426.537218686031
14783.986501415167,14783.986501415167,15422.032265947932,15422.281555732055,15426.537218686031
14783.986501415167,14783.986501415167,15422.028996707295,15422.265251973477,15426.537218686031
14783.986501415167,14783.986501415167,15422.138635516003,15422.294955036043,15426.537218686031
14783.986501415167,14783.986501415167,15421.990955710487,15422.30521785843,15426.537218686031
14783.986501415167,14783.986501415167,15421.828078199203,15422.287224296919,15426.537218686031
14783.986501415167,14783.986501415167,15421.84142950619,15422.271693457225,15426.537218686031
14783.986501415167,14783.986501415167,15421.904407532138,15422.298810870187,15426.537218686031
14783.986501415167,14783.986501415167,15421.824397489569,15422.271933102193,15426.537218686031
14783.986501415167,14783.986501415167,15421.952335766986,15422.2882138658,15426.537218686031
14783.986501415167,14783.986501415167,15422.106699886222,15422.28200104946,15426.537218686031
14783.986501415167,14783.986501415167,15422.105635636162,15422.286961272626,15426.537218686031
14783.986501415167,14783.986501415167,15422.323724970469,15422.29844832351,15426.537218686031
14783.986501415167,14783.986501415167,15422.293118294197,15422.275748203292,15426.537218686031
14783.986501415167,14783.986501415167,15422.623777907787,15422.312429709325,15426.537218686031
14783.986501415167,14783.986501415167,15422.811558462301,15422.369517704179,15426.537218686031
14783.986501415167,14783.986501415167,15423.034269535012,15422.403158256424,15426.537218686031
14783.986501415167,14783.986501415167,15423.105255150464,15422.446970428175,15426.537218686031
14783.986501415167,14783.986501415167,15423.43890630402,15422.486379702848,15426.537218686031
14783.986501415167,14783.986501415167,15423.524990299455,15422.523387140292,15426.537218686031
14783.986501415167,14783.986501415167,15423.596184907952,15422.583137373289,15426.537218686031
14783.986501415167,14783.986501415167,15423.672890168551,15422.608961319778,15426.537218686031
14783.986501415167,14783.986501415167,15423.8236372852,15422.668466311688,15426.537218686031
14783.986501415167,14783.986501415167,15424.118932847437,15422.726856365669,15426.537218686031
14783.986501415167,14783.986501415167,15423.914583666789,15422.729280030424,15426.537218686031
14783.986501415167,14783.986501415167,15423.730613256577,15422.714420683555,15426.537218686031
14783.986501415167,14783.986501415167,15423.759709925736,15422.758020473842,15426.537218686031
14783.986501415167,14783.986501415167,15423.755841778247,15422.7837772188,15426.537218686031
14783.986501415167,14783.986501415167,15423.553477007596,15422.764549787225,15426.537218686031
14783.986501415167,14783.986501415167,15423.507048145624,15422.785341244271,15426.537218686031
14783.986501415167,14783.986501415167,15423.434983402596,15422.814864621296,15426.537218686031
14783.986501415167,14783.986501415167,15423.434135274012,15422.819985963406,15426.537218686031
14783.986501415167,14783.986501415167,15423.070264756785,15422.779641609093,15426.537218686031
14783.986501415167,14783.986501415167,15422.90340346716,15422.821602490354,15426.537218686031
14783.986501415167,14783.986501415167,15422.874415028264,15422.812508204694,15426.537218686031
14783.986501415167,14783.986501415167,15422.923942717529,15422.797551669704,15426.537218686031
14783.986501415167,14783.986501415167,15422.80536453846,15422.786178669228,15426.537218686031
14783.986501415167,14783.986501415167,15422.646243468125,15422.78924604263,15426.537218686031
14783.986501415167,14783.986501415167,15422.900591096195,15422.79340795795,15426.537218686031
14783.986501415167,14783.986501415167,15422.909846344879,15422.806082511966,15426.537218686031
14783.986501415167,14783.986501415167,15422.679152406088,15422.761129897975,15426.537218686031
14783.986501415167,14783.986501415167,15422.713269213364,15422.791639248002,15426.537218686031
14783.986501415167,14783.986501415167,15422.988989027854,15422.84712254952,15426.537218686031
14783.986501415167,14783.986501415167,15422.871546001003,15422.865127225157,15426.537218686031
14783.986501415167,14783.986501415167,15422.97053557639,15422.87485357794,15426.537218686031
14783.986501415167,14783.986501415167,15423.06077738234,15422.87099400359,15426.537218686031
14783.986501415167,14783.986501415167,15422.905886625416,15422.869332026165,15426.537218686031
14783.986501415167,14783.986501415167,15422.963285500582,15422.875006685912,15426.537218686031
14783.986501415167,14783.986501415167,15422.70806690177,15422.88508775983,15426.537218686031
14783.986501415167,14783.986501415167,15422.669795806141,15422.912803272617,15426.537218686031
14783.986501415167,14783.986501415167,15422.776764776063,15422.918757075788,15426.537218686031
14783.986501415167,14783.986501415167,15422.478501639373,15422.880886386292,15426.537218686031
14783.986501415167,14783.986501415167,15422.301951378151,15422.901713483694,15426.537218686031
14783.986501415167,14783.986501415167,15422.319090846886,15422.901218291336,15426.537218686031
14783.986501415167,14783.986501415167,15422.205848891603,15422.917832214169,15426.537218686031
14783.986501415167,14783.986501415167,15422.259346727238,15422.957247709197,15426.537218686031
14783.986501415167,14783.986501415167,15422.366100099845,15422.974266144895,15426.537218686031
14783.986501415167,14783.986501415167,15422.451608937572,15422.984446966995,15426.537218686031
14783.986501415167,14783.986501415167,15422.504148108084,15423.021037883533,15426.537218686031
14783.986501415167,14783.986501415167,15422.57259311165,15423.036854741547,15426.537218686031
14783.986501415167,14783.986501415167,15422.751719775606,15423.047761053662,15426.537218686031
14783.986501415167,14783.986501415167,15423.106276792028,15423.081014617464,15426.537218686031
14783.986501415167,14783.986501415167,15423.161914035427,15423.069351296686,15426.537218686031
14783.986501415167,14783.986501415167,15423.31648512711,15423.105891657919,15426.537218686031
14783.986501415167,14783.986501415167,15423.386117951615,15423.070300222935,15426.537218686031
14783.986501415167,14783.986501415167,15423.134166282887,15423.021769273317,15426.537218686031
14783.986501415167,14783.986501415167,15422.983129111273,15422.964038060147,15426.537218686031
14783.986501415167,14783.986501415167,15422.900162089467,15422.943428354798,15426.537218686031
14783.986501415167,14783.986501415167,15422.942817786174,15422.921820179965,15426.537218686031
14783.986501415167,14783.986501415167,15422.783436986045,15422.888544078865,15426.537218686031
14783.986501415167,14783.986501415167,15422.59337524026,15422.847199120124,15426.537218686031
14783.986501415167,14783.986501415167,15422.456092532098,15422.837655090172,15426.537218686031
14783.986501415167,14783.986501415167,15422.319728080674,15422.76856945578,15426.537218686031
14783.986501415167,14783.986501415167,15422.035896580954,15422.689284404622,15426.537218686031
14783.986501415167,14783.986501415167,15421.8643880635,15422.660261102277,15426.537218686031
14783.986501415167,14783.986501415167,15421.87573262933,15422.650793147866,15426.537218686031
14783.986501415167,14783.986501415167,15422.009558373979,15422.614007749797,15426.537218686031
14783.986501415167,14783.986501415167,15421.979696516937,15422.588199302538,15426.537218686031
14783.986501415167,14783.986501415167,15421.940886895372,15422.599302157521,15426.537218686031
14783.986501415167,14783.986501415167,15421.890281595362,15422.565190768815,15426.537218686031
14783.986501415167,14783.986501415167,15421.955979410297,15422.551398321662,15426.537218686031
14783.986501415167,14783.986501415167,15421.94166198403,15422.53916043218,15426.537218686031
14783.986501415167,14783.986501415167,15421.957277298172,15422.545971964057,15426.537218686031
14783.986501415167,14783.986501415167,15421.87461359941,15422.483526431073,15426.537218686031
14783.986501415167,14783.986501415167,15422.121059969306,15422.509590090483,15426.537218686031
14783.986501415167,14783.986501415167,15422.305157098488,15422.527036024057,15426.537218686031
14783.986501415167,14783.986501415167,15422.461371928668,15422.545209227836,15426.537218686031
14783.986501415167,14783.986501415167,15422.525522317901,15422.564055072493,15426.537218686031
14783.986501415167,14783.986501415167,15422.447261912694,15422.50863632082,15426.537218686031
14783.986501415167,14783.986501415167,15422.650755808641,15422.51337266157,15426.537218686031
14783.986501415167,14783.986501415167,15422.675491128271,15422.550666066098,15426.537218686031
14783.986501415167,14783.986501415167,15422.468524572458,15422.490211503997,15426.537218686031
14783.986501415167,14783.986501415167,15422.42620180634,15422.433414519754,15426.537218686031
14783.986501415167,14783.986501415167,15422.763502298894,15422.46191769065,15426.537218686031
14783.986501415167,14783.986501415167,15422.702374999959,15422.455957975197,15426.537218686031
14783.986501415167,14783.986501415167,15422.60653540495,15422.436187628582,15426.537218686031
14783.986501415167,14783.986501415167,15422.709097165158,15422.505851335784,15426.537218686031
14783.986501415167,14783.986501415167,15422.755596251143,15422.522517222604,15426.537218686031
14783.986501415167,14783.986501415167,15422.93413812895,15422.553850566255,15426.537218686031
14783.986501415167,14783.986501415167,15422.933798668348,15422.566173234009,15426.537218686031
14783.986501415167,14783.986501415167,15422.805741146314,15422.55646134015,15426.537218686031
14783.986501415167,14783.986501415167,15423.087765337026,15422.612064243529,15426.537218686031
14783.986501415167,14783.986501415167,15423.10905476232,15422.594835196587,15426.537218686031
14783.986501415167,14783.986501415167,15423.086370690988,15422.615373659472,15426.537218686031
14783.986501415167,14783.986501415167,15423.11394782376,15422.637577761629,15426.537218686031
14783.986501415167,14783.986501415167,15423.297099002413,15422.643738083616,15426.537218686031
14783.986501415167,14783.986501415167,15423.26809507318,15422.686250330451,15426.537218686031
14783.986501415167,14783.986501415167,15423.237311935387,15422.679657822167,15426.537218686031
14783.986501415167,14783.986501415167,15423.1553500174,15422.684090948116,15426.537218686031
14783.986501415167,14783.986501415167,15422.98561838418,15422.648778288514,15426.537218686031
14783.986501415167,14783.986501415167,15423.258385423012,15422.65779446963,15426.537218686031
14783.986501415167,14783.986501415167,15423.223613642676,15422.63553161366,15426.537218686031
14783.986501415167,14783.986501415167,15423.203986768169,15422.603249743137,15426.537218686031
14783.986501415167,14783.986501415167,15423.093575474011,15422.570791728853,15426.537218686031
14783.986501415167,14783.986501415167,15423.172909022254,15422.594935975754,15426.537218686031
14783.986501415167,14783.986501415167,15423.133833121596,15422.643671451351,15426.537218686031
14783.986501415167,14783.986501415167,15423.137509471602,15422.717126402516,15426.537218686031
14783.986501415167,14783.986501415167,15423.107179699018,15422.721061344078,15426.537218686031
14783.986501415167,14783.986501415167,15423.004398492048,15422.696407089294,15426.537218686031
14783.986501415167,14783.986501415167,15423.213504158295,15422.734791722969,15426.537218686031
14783.986501415167,14783.986501415167,15423.0877187365,15422.756663168879,15426.537218686031
14783.986501415167,14783.986501415167,15423.181633391441,15422.780639785526,15426.537218686031
14783.986501415167,14783.986501415167,15423.371114820766,15422.813527091152,15426.537218686031
14783.986501415167,14783.986501415167,15423.678529520077,15422.899318316679,15426.537218686031
14783.986501415167,14783.986501415167,15423.770621330026,15422.976182629063,15426.537218686031
14783.986501415167,14783.986501415167,15423.817373246211,15423.031999574732,15426.537218686031
14783.986501415167,14783.986501415167,15423.947641645364,15423.104743056796,15426.537218686031
14783.986501415167,14783.986501415167,15424.04310466909,15423.133742974507,15426.537218686031
14783.986501415167,14783.986501415167,15423.800791976188,15423.068388105454,15426.537218686031
14783.986501415167,14783.986501415167,15423.576880609853,15423.072111525864,15426.537218686031
14783.986501415167,14783.986501415167,15423.347374790304,15423.03494224488,15426.537218686031
14783.986501415167,14783.986501415167,15423.219371089715,15423.036181606665,15426.537218686031
14783.986501415167,14783.986501415167,15422.95894700754,15423.013861033025,15426.537218686031
14783.986501415167,14783.986501415167,15422.771493783239,15423.07869435344,15426.537218686031
14783.986501415167,14783.986501415167,15422.504871738322,15423.052944982865,15426.537218686031
14783.986501415167,14783.986501415167,15422.387669574115,15423.048502069856,15426.537218686031
14783.986501415167,14783.986501415167,15422.163739412277,15423.045216553513,15426.537218686031
14783.986501415167,14783.986501415167,15422.154224707152,15423.059483452358,15426.537218686031
14783.986501415167,14783.986501415167,15422.65821120237,15423.11057796339,15426.537218686031
14783.986501415167,14783.986501415167,15422.660994092788,15423.074159182692,15426.537218686031
14783.986501415167,14783.986501415167,15422.903697040247,15423.080583427276,15426.537218686031
14783.986501415167,14783.986501415167,15422.876620483448,15423.117800788863,15426.537218686031
14783.986501415167,14783.986501415167,15422.984764001852,15423.12557347213,15426.537218686031
14783.986501415167,14783.986501415167,15423.071184139184,15423.140230721498,15426.537218686031
14783.986501415167,14783.986501415167,15423.205357961619,15423.153541575195,15426.537218686031
14783.986501415167,14783.986501415167,15423.352813457343,15423.197757680335,15426.537218686031
14783.986501415167,14783.986501415167,15423.469321111193,15423.197261342726,15426.537218686031
14783.986501415167,14783.986501415167,15423.30267376957,15423.168898956046,15426.537218686031
14783.986501415167,14783.986501415167,15422.914662783161,15423.106682894233,15426.537218686031
14783.986501415167,14783.986501415167,15422.73985500059,15423.035370449139,15426.537218686031
14783.986501415167,14783.986501415167,15422.419736363134,15423.00338247064,15426.537218686031
14783.986501415167,14783.986501415167,15422.321798074225,15422.964607336302,15426.537218686031
14783.986501415167,14783.986501415167,15422.178611841566,15422.93948488798,15426.537218686031
14783.986501415167,14783.986501415167,15421.926977640167,15422.908352111333,15426.537218686031
14783.986501415167,14783.986501415167,15421.655970263892,15422.861946063224,15426.537218686031
14783.986501415167,14783.986501415167,15421.270436105222,15422.792425100897,15426.537218686031
14783.986501415167,14783.986501415167,15421.022812434923,15422.748204815074,15426.537218686031
14783.986501415167,14783.986501415167,15421.065327242168,15422.7345020174,15426.537218686031
14783.986501415167,14783.986501415167,15421.034243077247,15422.682461506203,15426.537218686031
14783.986501415167,14783.986501415167,15421.415588755259,15422.721364523357,15426.537218686031
14783.986501415167,14783.986501415167,15421.753298671576,15422.70236512035,15426.537218686031
14783.986501415167,14783.986501415167,15421.93762188548,15422.707408984863,15426.537218686031
14783.986501415167,14783.986501415167,15422.09745443507,15422.718178421359,15426.537218686031
14783.986501415167,14783.986501415167,15422.410914108488,15422.771819838232,15426.537218686031
14783.986501415167,14783.986501415167,15422.540447606729,15422.735453780115,15426.537218686031
14783.986501415167,14783.986501415167,15422.680356254137,15422.701729727407,15426.537218686031
14783.986501415167,14783.986501415167,15422.858984305294,15422.692499781811,15426.537218686031
14783.986501415167,14783.986501415167,15422.827691742732,15422.678604426144,15426.537218686031
14783.986501415167,14783.986501415167,15422.956426628623,15422.672867133517,15426.537218686031
14783.986501415167,14783.986501415167,15422.881824134722,15422.655028518639,15426.537218686031
14783.986501415167,14783.986501415167,15422.68124322534,15422.62107001812,15426.537218686031
14783.986501415167,14783.986501415167,15422.466050283683,15422.564292363313,15426.537218686031
14783.986501415167,14783.986501415167,15422.49521990748,15422.542999438701,15426.537218686031
14783.986501415167,14783.986501415167,15422.446883530609,15422.525490640339,15426.537218686031
14783.986501415167,14783.986501415167,15422.66505979163,15422.514341472439,15426.537218686031
14783.986501415167,14783.986501415167,15422.864612931899,15422.511177664546,15426.537218686031
14783.986501415167,14783.986501415167,15422.750459684426,15422.453063389625,15426.537218686031
14783.986501415167,14783.986501415167,15422.963607878137,15422.46270506795,15426.537218686031
14783.986501415167,14783.986501415167,15423.041109673813,15422.520930673043,15426.537218686031
14783.986501415167,14783.986501415167,15422.858988038666,15422.511450004404,15426.537218686031
14783.986501415167,14783.986501415167,15422.858300775857,15422.523255215232,15426.537218686031
14783.986501415167,14783.986501415167,15423.166248625788,15422.553667870525,15426.537218686031
14783.986501415167,14783.986501415167,15423.236058053788,15422.598421647952,15426.537218686031
14783.986501415167,14783.986501415167,15423.122500351401,15422.59569195397,15426.537218686031
14783.986501415167,14783.986501415167,15422.976960337483,15422.60875919227,15426.537218686031
14783.986501415167,14783.986501415167,15422.976565179215,15422.628956785564,15426.537218686031
14783.986501415167,14783.986501415167,15423.267746394606,15422.673864786088,15426.537218686031
14783.986501415167,14783.986501415167,15423.304561784282,15422.692772483379,15426.537218686031
14783.986501415167,14783.986501415167,15423.595997890458,15422.70848801066,15426.537218686031
14783.986501415167,14783.986501415167,15423.609937698615,15422.701238725567,15426.537218686031
14783.986501415167,14783.986501415167,15423.680891782602,15422.678694163698,15426.537218686031
14783.986501415167,14783.986501415167,15423.473183528675,15422.672980479572,15426.537218686031
14783.986501415167,14783.986501415167,15423.294265670154,15422.660321981612,15426.537218686031
14783.986501415167,14783.986501415167,15423.326322441493,15422.646719614433,15426.537218686031
14783.986501415167,14783.986501415167,15423.51452806771,15422.670593213488,15426.537218686031
14783.986501415167,14783.986501415167,15423.4366962781,15422.645733349715,15426.537218686031
14783.986501415167,14783.986501415167,15423.2301710431,15422.626034772467,15426.537218686031
14783.986501415167,14783.986501415167,15423.021651988753,15422.636568127216,15426.537218686031
14783.986501415167,14783.986501415167,15422.66550967075,15422.65865738818,15426.537218686031
14783.986501415167,14783.986501415167,15422.51544238531,15422.656356202515,15426.537218686031
14783.986501415167,14783.986501415167,15422.478104524009,15422.690367795876,15426.537218686031
14783.986501415167,14783.986501415167,15422.60835800725,15422.730292466176,15426.537218686031
14783.986501415167,14783.986501415167,15422.576492116024,15422.739898036503,15426.537218686031
14783.986501415167,14783.986501415167,15422.438789612666,15422.749082008932,15426.537218686031
14783.986501415167,14783.986501415167,15422.278619661223,15422.795123092956,15426.537218686031
14783.986501415167,14783.986501415167,15422.272668215845,15422.846179771837,15426.537218686031
14783.986501415167,14783.986501415167,15422.39531801937,15422.900535889361,15426.537218686031
14783.986501415167,14783.986501415167,15422.328653961365,15422.889233471053,15426.537218686031
14783.986501415167,14783.986501415167,15422.340819533729,15422.919972679476,15426.537218686031
14783.986501415167,14783.986501415167,15422.683945764084,15422.910027604277,15426.537218686031
14783.986501415167,14783.986501415167,15422.794443118433,15422.898596685249,15426.537218686031
14783.986501415167,14783.986501415167,15422.943776174881,15422.931523324056,15426.537218686031
14783.986501415167,14783.986501415167,15423.011438561069,15422.922694861703,15426.537218686031
14783.986501415167,14783.986501415167,15423.437266128367,15422.954352412908,15426.537218686031
14783.986501415167,14783.986501415167,15423.418691807781,15422.970771933165,15426.537218686031
14783.986501415167,14783.986501415167,15423.237591635803,15422.957626848172,15426.537218686031
14783.986501415167,14783.986501415167,15422.990437743632,15422.926826577028,15426.537218686031
14783.986501415167,14783.986501415167,15422.97341542379,15422.918378207265,15426.537218686031
14783.986501415167,14783.986501415167,15423.071840471162,15422.943055447982,15426.537218686031
14783.986501415167,14783.986501415167,15422.775518689963,15422.888766515325,15426.537218686031
14783.986501415167,14783.986501415167,15422.490023560118,15422.860352752205,15426.537218686031
14783.986501415167,14783.986501415167,15422.177551828321,15422.873823632985,15426.537218686031
14783.986501415167,14783.986501415167,15422.091471435537,15422.841945167314,15426.537218686031
14783.986501415167,14783.986501415167,15421.813869979382,15422.827749702661,15426.537218686031
14783.986501415167,14783.986501415167,15421.762341215352,15422.790228217907,15426.537218686031
14783.986501415167,14783.986501415167,15422.020979088691,15422.788900079531,15426.537218686031
14783.986501415167,14783.986501415167,15422.172178040215,15422.811170248184,15426.537218686031
14783.986501415167,14783.986501415167,15422.223176836942,15422.770291999024,15426.537218686031
14783.986501415167,14783.986501415167,15422.225202714611,15422.77987405614,15426.537218686031
14783.986501415167,14783.986501415167,15422.42201698538,15422.80137230467,15426.537218686031
14783.986501415167,14783.986501415167,15422.704673316077,15422.829627260247,15426.537218686031
14783.986501415167,14783.986501415167,15422.923233708338,15422.825220649494,15426.537218686031
14783.986501415167,14783.986501415167,15423.064414246805,15422.80761640592,15426.537218686031
14783.986501415167,14783.986501415167,15422.949605050791,15422.79317064254,15426.537218686031
14783.986501415167,14783.986501415167,15422.820290681877,15422.75889428679,15426.537218686031
14783.986501415167,14783.986501415167,15422.618593552452,15422.717305754177,15426.537218686031
14783.986501415167,14783.986501415167,15422.61070235236,15422.679761439735,15426.537218686031
14783.986501415167,14783.986501415167,15422.66876979986,15422.643133602145,15426.537218686031
14783.986501415167,14783.986501415167,15422.565122863185,15422.573699050688,15426.537218686031
14783.986501415167,14783.986501415167,15422.490763858692,15422.577537536687,15426.537218686031
14783.986501415167,14783.986501415167,15422.33476273147,15422.560401450022,15426.537218686031
14783.986501415167,14783.986501415167,15422.32646169255,15422.59587628227,15426.537218686031
14783.986501415167,14783.986501415167,15422.287716779596,15422.606306627806,15426.537218686031
14783.986501415167,14783.986501415167,15422.290386788043,15422.58598351185,15426.537218686031
14783.986501415167,14783.986501415167,15422.248281915483,15422.505645056344,15426.537218686031
14783.986501415167,14783.986501415167,15422.317987443477,15422.493563987251,15426.537218686031
14783.986501415167,14783.986501415167,15422.068049238282,15422.447337078773,15426.537218686031
14783.986501415167,14783.986501415167,15422.150143430179,15422.468831890428,15426.537218686031
14783.986501415167,14783.986501415167,15422.166623967763,15422.473921910092,15426.537218686031
14783.986501415167,14783.986501415167,15422.252849564631,15422.52501897255,15426.537218686031
14783.986501415167,14783.986501415167,15422.443468358551,15422.55347421693,15426.537218686031
14783.986501415167,14783.986501415167,15422.291449218252,15422.532494524468,15426.537218686031
14783.986501415167,14783.986501415167,15422.535324211864,15422.598073046973,15426.537218686031
14783.986501415167,14783.986501415167,15422.69881623,15422.637988835317,15426.537218686031
14783.986501415167,14783.986501415167,15423.089908498054,15422.667902823707,15426.537218686031
14783.986501415167,14783.986501415167,15423.097692637806,15422.658568871646,15426.537218686031
14783.986501415167,14783.986501415167,15423.10129037919,15422.588531550735,15426.537218686031
14783.986501415167,14783.986501415167,15422.967494274602,15422.596599953073,15426.537218686031
14783.986501415167,14783.986501415167,15423.118953233556,15422.629548650055,15426.537218686031
14783.986501415167,14783.986501415167,15423.197635894841,15422.627756998701,15426.537218686031
14783.986501415167,14783.986501415167,15423.046466678928,15422.603878929029,15426.537218686031
14783.986501415167,14783.986501415167,15423.00970294803,15422.545679879095,15426.537218686031
14783.986501415167,14783.986501415167,15422.827505539015,15422.561286442562,15426.537218686031
14783.986501415167,14783.986501415167,15422.77139463962,15422.504814537566,15426.537218686031
14783.986501415167,14783.986501415167,15422.838050995142,15422.55177466118,15426.537218686031
14783.986501415167,14783.986501415167,15422.755071645399,15422.562064873568,15426.537218686031
14783.986501415167,14783.986501415167,15422.937710188042,15422.577986039618,15426.537218686031
14783.986501415167,14783.986501415167,15423.100091001446,15422.621935068606,15426.537218686031
14783.986501415167,14783.986501415167,15423.220432315298,15422.659267018884,15426.537218686031
14783.986501415167,14783.986501415167,15423.187552383979,15422.710163737505,15426.537218686031
14783.986501415167,14783.986501415167,15423.198168943058,15422.745508005619,15426.537218686031
14783.986501415167,14783.986501415167,15423.210206347136,15422.752210782859,15426.537218686031
14783.986501415167,14783.986501415167,15423.053858634908,15422.753763882438,15426.537218686031
14783.986501415167,14783.986501415167,15422.953195046906,15422.732679551074,15426.537218686031
14783.986501415167,14783.986501415167,15422.680823303552,15422.735471078824,15426.537218686031
14783.986501415167,14783.986501415167,15422.63819445255,15422.685507946338,15426.537218686031
14783.986501415167,14783.986501415167,15422.68051348787,15422.67965312915,15426.537218686031
14783.986501415167,14783.986501415167,15422.318063638144,15422.640912428848,15426.537218686031
14783.986501415167,14783.986501415167,15422.060562442857,15422.626338964536,15426.537218686031
14783.986501415167,14783.986501415167,15422.016061749808,15422.628972690392,15426.537218686031
14783.986501415167,14783.986501415167,15421.875730101223,15422.579719362648,15426.537218686031
14783.986501415167,14783.986501415167,15421.852124654004,15422.537988971995,15426.537218686031
14783.986501415167,14783.986501415167,15421.900288955312,15422.520938824138,15426.537218686031
14783.986501415167,14783.986501415167,15421.800005550973,15422.502759651108,15426.537218686031
14783.986501415167,14783.986501415167,15421.798978566623,15422.53120865577,15426.537218686031
14783.986501415167,14783.986501415167,15421.921328984565,15422.54605503276,15426.537218686031
14783.986501415167,14783.986501415167,15421.840916944882,15422.52569604765,15426.537218686031
14783.986501415167,14783.986501415167,15422.002622090129,15422.5076828869,15426.537218686031
14783.986501415167,14783.986501415167,15422.038563407,15422.521027073297,15426.537218686031
14783.986501415167,14783.986501415167,15422.0104524057,15422.53291039979,15426.537218686031
14783.986501415167,14783.986501415167,15422.218507703723,15422.556468357097,15426.537218686031
14783.986501415167,14783.986501415167,15422.237541065775,15422.52020484664,15426.537218686031
14783.986501415167,14783.986501415167,15422.268223433179,15422.517040154857,15426.537218686031
14783.986501415167,14783.986501415167,15422.307918278932,15422.506265949285,15426.537218686031
14783.986501415167,14783.986501415167,15422.120160666615,15422.505584405995,15426.537218686031
14783.986501415167,14783.986501415167,15422.04721953476,15422.491901451014,15426.537218686031
14783.986501415167,14783.986501415167,15421.913762498527,15422.4948386997,15426.537218686031
14783.986501415167,14783.986501415167,15421.956004316138,15422.468855064093,15426.537218686031
14783.986501415167,14783.986501415167,15421.989335054295,15422.485569290602,15426.537218686031
14783.986501415167,14783.986501415167,15421.991592794284,15422.480659045721,15426.537218686031
14783.986501415167,14783.986501415167,15422.019099671385,15422.471594619663,15426.537218686031
14783.986501415167,14783.986501415167,15422.082534616187,15422.478421926226,15426.537218686031
14783.986501415167,14783.986501415167,15422.224619279823,15422.454899168446,15426.537218686031
14783.986501415167,14783.986501415167,15422.366051697096,15422.439713042704,15426.537218686031
14783.986501415167,14783.986501415167,15422.556082357962,15422.398819177977,15426.537218686031
14783.986501415167,14783.986501415167,15422.703696539576,15422.41310223137,15426.537218686031
14783.986501415167,14783.986501415167,15422.810119824984,15422.43660458886,15426.537218686031
14783.986501415167,14783.986501415167,15423.019525976884,15422.47926140455,15426.537218686031
14783.986501415167,14783.986501415167,15423.13684301345,15422.489147246582,15426.537218686031
14783.986501415167,14783.986501415167,15423.369868927964,15422.515105652346,15426.537218686031
14783.986501415167,14783.986501415167,15423.20370448275,15422.503042180426,15426.537218686031
14783.986501415167,14783.986501415167,15423.190659649976,15422.514613266618,15426.537218686031
14783.986501415167,14783.986501415167,15423.152982523956,15422.519994565435,15426.537218686031
14783.986501415167,14783.986501415167,15423.286333839267,15422.542700882635,15426.537218686031
14783.986501415167,14783.986501415167,15423.063347150397,15422.443878409029,15426.537218686031
14783.986501415167,14783.986501415167,15422.944445965386,15422.45097709537,15426.537218686031
14783.986501415167,14783.986501415167,15423.037110463938,15422.45648464404,15426.537218686031
14783.986501415167,14783.986501415167,15423.154302415755,15422.49010368741,15426.537218686031
14783.986501415167,14783.986501415167,15423.299403220666,15422.504941427655,15426.537218686031
14783.986501415167,14783.986501415167,15423.12410036394,15422.502415248342,15426.537218686031
14783.986501415167,14783.986501415167,15423.255034949427,15422.514415381704,15426.537218686031
14783.986501415167,14783.986501415167,15423.372278993585,15422.547027795908,15426.537218686031
14783.986501415167,14783.986501415167,15423.400147086508,15422.589252255755,15426.537218686031
14783.986501415167,14783.986501415167,15423.357696084155,15422.623601090087,15426.537218686031
14783.986501415167,14783.986501415167,15423.643076104147,15422.636328969149,15426.537218686031
14783.986501415167,14783.986501415167,15423.674870938867,15422.658312392628,15426.537218686031
14783.986501415167,14783.986501415167,15423.458462662215,15422.61207447891,15426.537218686031
14783.986501415167,14783.986501415167,15423.070357251621,15422.640562410106,15426.537218686031
14783.986501415167,14783.986501415167,15422.640737155592,15422.6209763702,15426.537218686031
14783.986501415167,14783.986501415167,15422.451157902533,15422.589434478883,15426.537218686031
14783.986501415167,14783.986501415167,15422.417312649039,15422.622731891264,15426.537218686031
14783.986501415167,14783.986501415167,15422.373366303387,15422.651276125782,15426.537218686031
14783.986501415167,14783.986501415167,15422.344005885494,15422.67799564179,15426.537218686031
14783.986501415167,14783.986501415167,15422.15620911998,15422.694841803888,15426.537218686031
14783.986501415167,14783.986501415167,15422.110463920699,15422.698626039963,15426.537218686031
14783.986501415167,14783.986501415167,15422.059389399106,15422.685924475538,15426.537218686031
14783.986501415167,14783.986501415167,15422.30940279323,15422.705771648576,15426.537218686031
14783.986501415167,14783.986501415167,15422.521907715965,15422.744419535273,15426.537218686031
14783.986501415167,14783.986501415167,15422.545625492687,15422.722388787337,15426.537218686031
14783.986501415167,14783.986501415167,15422.45697485499,15422.678738968745,15426.537218686031
14783.986501415167,14783.986501415167,15422.360767580243,15422.651183866568,15426.537218686031
14783.986501415167,14783.986501415167,15422.238561498123,15422.651480212251,15426.537218686031
14783.986501415167,14783.986501415167,15422.13762211871,15422.651875378899,15426.537218686031
14783.986501415167,14783.986501415167,15422.269556091656,15422.68716936643,15426.537218686031
14783.986501415167,14783.986501415167,15422.03583738204,15422.681761383048,15426.537218686031
14783.986501415167,14783.986501415167,15421.980740451467,15422.67262865888,15426.537218686031
14783.986501415167,14783.986501415167,15421.78573018267,15422.680165185408,15426.537218686031
14783.986501415167,14783.986501415167,15421.590719913875,15422.671362654819,15426.537218686031
14783.986501415167,14783.986501415167,15421.74268523083,15422.673058822644,15426.537218686031
14783.986501415167,14783.986501415167,15421.953117122841,15422.671043834456,15426.537218686031
14783.986501415167,14783.986501415167,15421.969821390294,15422.641328210351,15426.537218686031
14783.986501415167,14783.986501415167,15421.938266627645,15422.622626614548,15426.537218686031
14783.986501415167,14783.986501415167,15422.009623825357,15422.608876288004,15426.537218686031
14783.986501415167,14783.986501415167,15421.746255232356,15422.563210073484,15426.537218686031
14783.986501415167,14783.986501415167,15421.886774403267,15422.54789979211,15426.537218686031
14783.986501415167,14783.986501415167,15421.847831130082,15422.50145557698,15426.537218686031
14783.986501415167,14783.986501415167,15422.003719929693,15422.51888520635,15426.537218686031
14783.986501415167,14783.986501415167,15422.158558239225,15422.499169107288,15426.537218686031
14783.986501415167,14783.986501415167,15422.134362028079,15422.47256262557,15426.537218686031
14783.986501415167,14783.986501415167,15422.091602054434,15422.415390459746,15426.537218686031
14783.986501415167,14783.986501415167,15422.320451856893,15422.46467768518,15426.537218686031
14783.986501415167,14783.986501415167,15422.373005825468,15422.459095849641,15426.537218686031
14783.986501415167,14783.986501415167,15422.540042087634,15422.486288200742,15426.537218686031
14783.986501415167,14783.986501415167,15422.642938771682,15422.434531059964,15426.537218686031
14783.986501415167,14783.986501415167,15422.843871640565,15422.504004690141,15426.537218686031
14783.986501415167,14783.986501415167,15423.081407689979,15422.528847921896,15426.537218686031
14783.986501415167,14783.986501415167,15423.1241116666,15422.536285446882,15426.537218686031
14783.986501415167,14783.986501415167,15423.15756969619,15422.499822563374,15426.537218686031
14783.986501415167,14783.986501415167,15423.115680715471,15422.435818124532,15426.537218686031
14783.986501415167,14783.986501415167,15423.405335051506,15422.471637397259,15426.537218686031
14783.986501415167,14783.986501415167,15423.34712815492,15422.483096326278,15426.537218686031
14783.986501415167,14783.986501415167,15423.308335265898,15422.446307104103,15426.537218686031
14783.986501415167,14783.986501415167,15423.182396044638,15422.442737992365,15426.537218686031
14783.986501415167,14783.986501415167,15423.286426392393,15422.420277121611,15426.537218686031
14783.986501415167,14783.986501415167,15423.349203688853,15422.445230207084,15426.537218686031
14783.986501415167,14783.986501415167,15423.247709985555,15422.443415731235,15426.537218686031
14783.986501415167,14783.986501415167,15423.31226725032,15422.507046364504,15426.537218686031
14783.986501415167,14783.986501415167,15423.303317714663,15422.546414655984,15426.537218686031
14783.986501415167,14783.986501415167,15423.477028791018,15422.603076451616,15426.537218686031
14783.986501415167,14783.986501415167,15423.284203111625,15422.638246439079,15426.537218686031
14783.986501415167,14783.986501415167,15423.282833541423,15422.656200504754,15426.537218686031
14783.986501415167,14783.986501415167,15423.416027593112,15422.65483936205,15426.537218686031
14783.986501415167,14783.986501415167,15423.579208810155,15422.689778577298,15426.537218686031
14783.986501415167,14783.986501415167,15423.592058069562,15422.707446911525,15426.537218686031
14783.986501415167,14783.986501415167,15423.467759636755,15422.716689350294,15426.537218686031
14783.986501415167,14783.986501415167,15423.61949625325,15422.755437102067,15426.537218686031
14783.986501415167,14783.986501415167,15423.659708677962,15422.77710754145,15426.537218686031
14783.986501415167,14783.986501415167,15423.751733890324,15422.792379890854,15426.537218686031
14783.986501415167,14783.986501415167,15423.757291581918,15422.845409669466,15426.537218686031
14783.986501415167,14783.986501415167,15423.852152955344,15422.91728205915,15426.537218686031
14783.986501415167,14783.986501415167,15423.943520697983,15422.972751128304,15426.537218686031
14783.986501415167,14783.986501415167,15424.066495690025,15423.02042620043,15426.537218686031
14783.986501415167,14783.986501415167,15424.00532170352,15423.06331849426,15426.537218686031
14783.986501415167,14783.986501415167,15424.074861521027,15423.068507997401,15426.537218686031
14783.986501415167,14783.986501415167,15424.250459643046,15423.159613802494,15426.537218686031
14783.986501415167,14783.986501415167,15424.131141514872,15423.185517314749,15426.537218686031
14783.986501415167,14783.986501415167,15423.876527214126,15423.19526694774,15426.537218686031
14783.986501415167,14783.986501415167,15423.696720958007,15423.213580099682,15426.537218686031
14783.986501415167,14783.986501415167,15423.42144457775,15423.181161538847,15426.537218686031
14783.986501415167,14783.986501415167,15423.28745223996,15423.18414908257,15426.537218686031
14783.986501415167,14783.986501415167,15423.120041896409,15423.202795229527,15426.537218686031
14783.986501415167,14783.986501415167,15422.873425070662,15423.207457889032,15426.537218686031
14783.986501415167,14783.986501415167,15422.709654423854,15423.20332461396,15426.537218686031
14783.986501415167,14783.986501415167,15422.656440442584,15423.250545039447,15426.537218686031
14783.986501415167,14783.986501415167,15422.420412779378,15423.266341477716,15426.537218686031
14783.986501415167,14783.986501415167,15422.444810013525,15423.304913091437,15426.537218686031
14783.986501415167,14783.986501415167,15422.532417931367,15423.301006548076,15426.537218686031
14783.986501415167,14783.986501415167,15422.605666234997,15423.303001698832,15426.537218686031
14783.986501415167,14783.986501415167,15422.620519100752,15423.278392953383,15426.537218686031
14783.986501415167,14783.986501415167,15422.807852867447,15423.327399245178,15426.537218686031
14783.986501415167,14783.986501415167,15422.858251566795,15423.310355171508,15426.537218686031
14783.986501415167,14783.986501415167,15422.922462225155,15423.31734916897,15426.537218686031
14783.986501415167,14783.986501415167,15423.006464726606,15423.296609141757,15426.537218686031
14783.986501415167,14783.986501415167,15423.075154014086,15423.336988087929,15426.537218686031
14783.986501415167,14783.986501415167,15423.141803460463,15423.3259278417,15426.537218686031
14783.986501415167,14783.986501415167,15423.271744516902,15423.342980456822,15426.537218686031
14783.986501415167,14783.986501415167,15423.171248089657,15423.310433832687,15426.537218686031
14783.986501415167,14783.986501415167,15423.145053070155,15423.300498373626,15426.537218686031
14783.986501415167,14783.986501415167,15423.16015466151,15423.28728774259,15426.537218686031
14783.986501415167,14783.986501415167,15422.879646668502,15423.222261568573,15426.537218686031
14783.986501415167,14783.986501415167,15422.905183983108,15423.221966337143,15426.537218686031
14783.986501415167,14783.986501415167,15422.898740569453,15423.235430229683,15426.537218686031
14783.986501415167,14783.986501415167,15422.853849233314,15423.23089977949,15426.537218686031
14783.986501415167,14783.986501415167,15422.750989843838,15423.22990077822,15426.537218686031
14783.986501415167,14783.986501415167,15422.700376853678,15423.196162474665,15426.537218686031
14783.986501415167,14783.986501415167,15422.47958927977,15423.189356315665,15426.537218686031
14783.986501415167,14783.986501415167,15422.590381369733,15423.166056656568,15426.537218686031
14783.986501415167,14783.986501415167,15422.480929339266,15423.13602069855,15426.537218686031
14783.986501415167,14783.986501415167,15422.734774895343,15423.138836963457,15426.537218686031
14783.986501415167,14783.986501415167,15422.802328850225,15423.125886716296,15426.537218686031
14783.986501415167,14783.986501415167,15422.779598526287,15423.121319334117,15426.537218686031
14783.986501415167,14783.986501415167,15422.78007682277,15423.108240075615,15426.537218686031
14783.986501415167,14783.986501415167,15422.813717543835,15423.077801526226,15426.537218686031
14783.986501415167,14783.986501415167,15422.807544157378,15423.07299799578,15426.537218686031
14783.986501415167,14783.986501415167,15422.630622839188,15423.028735115151,15426.537218686031
14783.986501415167,14783.986501415167,15422.716008797976,15423.008658824607,15426.537218686031
14783.986501415167,14783.986501415167,15422.79005267974,15422.992125456925,15426.537218686031
14783.986501415167,14783.986501415167,15422.852407425657,15422.956155405614,15426.537218686031
14783.986501415167,14783.986501415167,15422.837641517326,15422.954906950536,15426.537218686031
14783.986501415167,14783.986501415167,15423.00916721019,15422.957289567265,15426.537218686031
14783.986501415167,14783.986501415167,15422.895690408952,15422.911753276312,15426.537218686031
14783.986501415167,14783.986501415167,15422.965400464545,15422.888021030516,15426.537218686031
14783.986501415167,14783.986501415167,15422.90727797768,15422.858192781056,15426.537218686031
14783.986501415167,14783.986501415167,15422.856472213089,15422.829320134195,15426.537218686031
14783.986501415167,14783.986501415167,15422.849606318076,15422.74856445016,15426.537218686031
14783.986501415167,14783.986501415167,15422.659469795788,15422.714324480794,15426.537218686031
14783.986501415167,14783.986501415167,15422.715498873906,15422.759919788881,15426.537218686031
14783.986501415167,14783.986501415167,15422.778501648054,15422.772511543624,15426.537218686031
14783.986501415167,14783.986501415167,15422.654425257282,15422.801503086444,15426.537218686031
14783.986501415167,14783.986501415167,15422.472168499622,15422.794232819197,15426.537218686031
14783.986501415167,14783.986501415167,15422.282799985498,15422.74430489413,15426.537218686031
14783.986501415167,14783.986501415167,15422.13168197033,15422.739672410451,15426.537218686031
14783.986501415167,14783.986501415167,15421.982001980601,15422.712662292406,15426.537218686031
14783.986501415167,14783.986501415167,15421.87817754161,15422.673667553998,15426.537218686031
14783.986501415167,14783.986501415167,15421.92090554533,15422.648663003349,15426.537218686031
14783.986501415167,14783.986501415167,15421.941817261977,15422.613725930483,15426.537218686031
14783.986501415167,14783.986501415167,15421.627256019803,15422.578887406567,15426.537218686031
14783.986501415167,14783.986501415167,15421.566336981672,15422.56464569296,15426.537218686031
14783.986501415167,14783.986501415167,15421.238172413965,15422.525033749085,15426.537218686031
14783.986501415167,14783.986501415167,15421.109217810337,15422.454505807777,15426.537218686031
14783.986501415167,14783.986501415167,15421.470879590759,15422.46683049892,15426.537218686031
14783.986501415167,14783.986501415167,15421.676870536863,15422.490554072794,15426.537218686031
14783.986501415167,14783.986501415167,15421.831972049316,15422.47776375695,15426.537218686031
14783.986501415167,14783.986501415167,15421.977780530364,15422.454192857258,15426.537218686031
14783.986501415167,14783.986501415167,15422.089471376361,15422.438196586527,15426.537218686031
14783.986501415167,14783.986501415167,15422.342554506797,15422.427887928463,15426.537218686031
14783.986501415167,14783.986501415167,15422.556184643527,15422.455874717343,15426.537218686031
14783.986501415167,14783.986501415167,15422.833499125356,15422.502334904002,15426.537218686031
14783.986501415167,14783.986501415167,15423.309101165103,15422.554823049804,15426.537218686031
14783.986501415167,14783.986501415167,15423.37442122112,15422.5534607183,15426.537218686031
14783.986501415167,14783.986501415167,15423.413113868335,15422.568416475964,15426.537218686031
14783.986501415167,14783.986501415167,15423.244357599635,15422.55967747883,15426.537218686031
14783.986501415167,14783.986501415167,15423.381665884363,15422.583327087159,15426.537218686031
14783.986501415167,14783.986501415167,15423.478642713957,15422.59972343128,15426.537218686031
14783.986501415167,14783.986501415167,15423.58999279805,15422.616119775399,15426.537218686031
14783.986501415167,14783.986501415167,15423.34677264743,15422.60132460199,15426.537218686031
14783.986501415167,14783.986501415167,15423.335693401814,15422.604937123759,15426.537218686031
14783.986501415167,14783.986501415167,15423.047328691962,15422.615614774542,15426.537218686031
14783.986501415167,14783.986501415167,15422.853938458187,15422.578655762372,15426.537218686031
14783.986501415167,14783.986501415167,15422.81501829857,15422.555998607964,15426.537218686031
14783.986501415167,14783.986501415167,15422.672041685286,15422.546905107763,15426.537218686031
14783.986501415167,14783.986501415167,15422.68645208095,15422.540952530464,15426.537218686031
14783.986501415167,14783.986501415167,15422.489024580278,15422.518388494449,15426.537218686031
14783.986501415167,14783.986501415167,15422.31020615605,15422.500255831015,15426.537218686031
14783.986501415167,14783.986501415167,15422.207081806275,15422.531411568818,15426.537218686031
14783.986501415167,14783.986501415167,15422.338951693848,15422.525913181167,15426.537218686031
14783.986501415167,14783.986501415167,15422.273545738692,15422.501635735547,15426.537218686031
14783.986501415167,14783.986501415167,15422.18249801883,15422.481632893176,15426.537218686031
14783.986501415167,14783.986501415167,15422.174165104685,15422.445960479845,15426.537218686031
14783.986501415167,14783.986501415167,15422.323853326612,15422.418935831252,15426.537218686031
14783.986501415167,14783.986501415167,15422.351343775832,15422.438035781139,15426.537218686031
14783.986501415167,14783.986501415167,15422.364051239812,15422.420682685519,15426.537218686031
14783.986501415167,14783.986501415167,15422.397805034145,15422.416493905741,15426.537218686031
14783.986501415167,14783.986501415167,15422.583363218213,15422.44563403204,15426.537218686031
14783.986501415167,14783.986501415167,15422.693227327827,15422.500135770768,15426.537218686031
14783.986501415167,14783.986501415167,15422.797052786056,15422.553429779222,15426.537218686031
14783.986501415167,14783.986501415167,15422.868507716767,15422.53223750412,15426.537218686031
14783.986501415167,14783.986501415167,15422.93157246886,15422.512247057335,15426.537218686031
14783.986501415167,14783.986501415167,15422.843751868404,15422.48382580207,15426.537218686031
14783.986501415167,14783.986501415167,15422.742439307662,15422.47298999286,15426.537218686031
14783.986501415167,14783.986501415167,15422.767169757095,15422.534909735461,15426.537218686031
14783.986501415167,14783.986501415167,15423.06362335027,15422.607070961509,15426.537218686031
14783.986501415167,14783.986501415167,15423.188863810423,15422.657866271706,15426.537218686031
14783.986501415167,14783.986501415167,15423.211488612511,15422.712296246218,15426.537218686031
14783.986501415167,14783.986501415167,15423.20403532289,15422.756761726278,15426.537218686031
14783.986501415167,14783.986501415167,15423.041927248278,15422.773451776484,15426.537218686031
14783.986501415167,14783.986501415167,15423.11511126687,15422.829808553532,15426.537218686031
14783.986501415167,14783.986501415167,15423.041684429438,15422.807316546887,15426.537218686031
14783.986501415167,14783.986501415167,15423.023882818195,15422.840967882914,15426.537218686031
14783.986501415167,14783.986501415167,15423.031987167822,15422.857543864355,15426.537218686031
14783.986501415167,14783.986501415167,15422.969177015373,15422.83456922038,15426.537218686031
14783.986501415167,14783.986501415167,15422.627189619878,15422.797134778108,15426.537218686031
14783.986501415167,14783.986501415167,15422.59462328103,15422.810396518049,15426.537218686031
14783.986501415167,14783.986501415167,15422.530575101933,15422.822855160532,15426.537218686031
14783.986501415167,14783.986501415167,15422.534091919777,15422.845685834964,15426.537218686031
14783.986501415167,14783.986501415167,15422.688152976993,15422.842571470523,15426.537218686031
14783.986501415167,14783.986501415167,15422.660946367798,15422.85076089839,15426.537218686031
14783.986501415167,14783.986501415167,15422.774623073008,15422.795541336418,15426.537218686031
14783.986501415167,14783.986501415167,15422.883910301418,15422.755929710178,15426.537218686031
14783.986501415167,14783.986501415167,15422.772140692712,15422.737087758675,15426.537218686031
14783.986501415167,14783.986501415167,15422.795695933033,15422.711085633324,15426.537218686031
14783.986501415167,14783.986501415167,15422.898445409137,15422.72795234001,15426.537218686031
14783.986501415167,14783.986501415167,15422.887198827939,15422.711503106766,15426.537218686031
14783.986501415167,14783.986501415167,15422.807586403065,15422.688643898357,15426.537218686031
14783.986501415167,14783.986501415167,15422.681762195803,15422.664039714513,15426.537218686031
14783.986501415167,14783.986501415167,15422.680067411007,15422.709230423232,15426.537218686031
14783.986501415167,14783.986501415167,15422.732498742746,15422.730121966573,15426.537218686031
14783.986501415167,14783.986501415167,15422.636127515041,15422.713301101036,15426.537218686031
14783.986501415167,14783.986501415167,15422.557403331666,15422.696622684873,15426.537218686031
14783.986501415167,14783.986501415167,15422.75977531186,15422.72603916133,15426.537218686031
14783.986501415167,14783.986501415167,15422.771693934925,15422.731016083248,15426.537218686031
14783.986501415167,14783.986501415167,15422.644545127376,15422.719570949293,15426.537218686031
14783.986501415167,14783.986501415167,15422.480212975832,15422.709740785876,15426.537218686031
14783.986501415167,14783.986501415167,15422.411040544717,15422.708810776088,15426.537218686031
14783.986501415167,14783.986501415167,15422.191302467027,15422.660883846665,15426.537218686031
14783.986501415167,14783.986501415167,15421.87803213638,15422.617046511743,15426.537218686031
14783.986501415167,14783.986501415167,15421.409624861495,15422.557337791135,15426.537218686031
14783.986501415167,14783.986501415167,15421.232282662797,15422.52325802983,15426.537218686031
14783.986501415167,14783.986501415167,15421.262536351696,15422.514296934278,15426.537218686031
14783.986501415167,14783.986501415167,15421.053478414955,15422.471964179005,15426.537218686031
14783.986501415167,14783.986501415167,15420.923682038116,15422.44548373571,15426.537218686031
14783.986501415167,14783.986501415167,15420.925414295774,15422.431843560487,15426.537218686031
14783.986501415167,14783.986501415167,15421.147747239767,15422.459729227,15426.537218686031
14783.986501415167,14783.986501415167,15421.25396770261,15422.442931672967,15426.537218686031
14783.986501415167,14783.986501415167,15421.621813446653,15422.446601070431,15426.537218686031
14783.986501415167,14783.986501415167,15422.038866915816,15422.465409337694,15426.537218686031
14783.986501415167,14783.986501415167,15422.561709951877,15422.49597823816,15426.537218686031
14783.986501415167,14783.986501415167,15423.288974430548,15422.594738422169,15427.01167523449
14783.986501415167,14783.986501415167,15423.732547255571,15422.69205601171,15427.01167523449
14783.986501415167,14783.986501415167,15424.062107965607,15422.735897910592,15427.01167523449
14783.986501415167,14783.986501415167,15424.260295229315,15422.744108830153,15427.01167523449
14783.986501415167,14783.986501415167,15424.54860230217,15422.728839350864,15427.01167523449
14783.986501415167,14783.986501415167,15424.487510065495,15422.719458478012,15427.01167523449
14783.986501415167,14783.986501415167,15424.439723844,15422.688578719264,15427.01167523449
14783.986501415167,14783.986501415167,15424.358780387667,15422.677550083385,15427.01167523449
14783.986501415167,14783.986501415167,15424.154618017768,15422.687947491593,15427.01167523449
14783.986501415167,14783.986501415167,15423.889933648106,15422.650942714405,15427.01167523449
14783.986501415167,14783.986501415167,15423.400483891088,15422.666498314496,15427.01167523449
14783.986501415167,14783.986501415167,15422.982113574835,15422.683702163038,15427.01167523449
14783.986501415167,14783.986501415167,15422.787490889988,15422.686998655023,15427.01167523449
14783.986501415167,14783.986501415167,15422.644980091567,15422.679269445392,15427.01167523449
14783.986501415167,14783.986501415167,15422.45883075957,15422.695167578804,15427.01167523449
14783.986501415167,14783.986501415167,15422.448183028278,15422.690170427462,15427.01167523449
14783.986501415167,14783.986501415167,15422.58411453506,15422.699286605888,15427.01167523449
14783.986501415167,14783.986501415167,15422.3946326646,15422.64965823235,15427.01167523449
14783.986501415167,14783.986501415167,15422.472283071364,15422.644773510465,15427.01167523449
14783.986501415167,14783.986501415167,15422.48622165938,15422.61599777272,15427.01167523449
14783.986501415167,14783.986501415167,15422.482860866663,15422.608145873228,15427.01167523449
14783.986501415167,14783.986501415167,15422.43440815676,15422.593801734107,15427.01167523449
14783.986501415167,14783.986501415167,15422.543800403782,15422.641330597238,15427.01167523449
14783.986501415167,14783.986501415167,15422.73632778317,15422.667395815419,15427.01167523449
14783.986501415167,14783.986501415167,15422.772482562612,15422.6699750095,15427.01167523449
14783.986501415167,14783.986501415167,15422.750928500176,15422.662916361909,15427.01167523449
14783.986501415167,14783.986501415167,15422.59360646211,15422.6564906177,15427.01167523449
14783.986501415167,14783.986501415167,15422.69605741165,15422.65251727552,15427.01167523449
14783.986501415167,14783.986501415167,15422.618391850683,15422.632438398407,15427.01167523449
14783.986501415167,14783.986501415167,15422.660181369041,15422.60153429798,15427.01167523449
14783.986501415167,14783.986501415167,15422.681291653726,15422.617178700964,15427.01167523449
14783.986501415167,14783.986501415167,15422.780931374466,15422.638507342665,15427.01167523449
14783.986501415167,14783.986501415167,15422.724045602692,15422.634184655408,15427.01167523449
14783.986501415167,14783.986501415167,15422.553459415716,15422.623748911576,15427.01167523449
14783.986501415167,14783.986501415167,15422.507282991504,15422.642522582326,15427.01167523449
14783.986501415167,14783.986501415167,15422.345426077965,15422.635958982335,15427.01167523449
14783.986501415167,14783.986501415167,15422.22055576438,15422.61839366163,15427.01167523449
14783.986501415167,14783.986501415167,15422.098928408182,15422.63404246375,15427.01167523449
14783.986501415167,14783.986501415167,15421.955282887564,15422.647888548638,15427.01167523449
14783.986501415167,14783.986501415167,15421.883656522466,15422.696340630173,15427.01167523449
14783.986501415167,14783.986501415167,15421.9457784392,15422.759877856244,15427.01167523449
14783.986501415167,14783.986501415167,15421.973619380558,15422.78072394844,15427.01167523449
14783.986501415167,14783.986501415167,15421.991516075645,15422.821792187544,15427.01167523449
14783.986501415167,14783.986501415167,15422.101737605413,15422.859360025033,15427.01167523449
14783.986501415167,14783.986501415167,15422.254670738717,15422.908373870912,15427.01167523449
14783.986501415167,14783.986501415167,15422.363837495146,15422.879177033412,15427.01167523449
14783.986501415167,14783.986501415167,15422.492745530883,15422.866149227284,15427.01167523449
14783.986501415167,14783.986501415167,15422.654170620648,15422.840513898549,15427.01167523449
14783.986501415167,14783.986501415167,15422.806788184453,15422.801472802366,15427.01167523449
14783.986501415167,14783.986501415167,15422.839189644608,15422.751836568721,15427.01167523449
14783.986501415167,14783.986501415167,15422.76052235714,15422.654187441563,15427.01167523449
14783.986501415167,14783.986501415167,15422.855126555402,15422.605239808403,15427.01167523449
14783.986501415167,14783.986501415167,15422.958514237287,15422.601073441878,15427.01167523449
14783.986501415167,14783.986501415167,15422.909840821623,15422.589269143496,15427.01167523449
14783.986501415167,14783.986501415167,15422.869782469821,15422.572609904448,15427.01167523449
14783.986501415167,14783.986501415167,15422.743161737317,15422.530307367779,15427.01167523449
14783.986501415167,14783.986501415167,15422.610325553973,15422.500269569282,15427.01167523449
14783.986501415167,14783.986501415167,15422.438192226206,15422.456396266258,15427.01167523449
14783.986501415167,14783.986501415167,15422.180171462576,15422.40658349133,15427.01167523449
14783.986501415167,14783.986501415167,15421.970347647075,15422.367919368517,15427.01167523449
14783.986501415167,14783.986501415167,15421.830539702214,15422.34019860379,15427.01167523449
14783.986501415167,14783.986501415167,15421.562099169789,15422.321236927393,15427.01167523449
14783.986501415167,14783.986501415167,15421.3073838941,15422.305052042704,15427.01167523449
14783.986501415167,14783.986501415167,15421.042202357194,15422.26871359662,15427.01167523449
14783.986501415167,14783.986501415167,15420.942258145635,15422.269295381657,15427.01167523449
14783.986501415167,14783.986501415167,15421.236713428323,15422.288013447784,15427.01167523449
14783.986501415167,14783.986501415167,15421.491929321815,15422.28183252663,15427.01167523449
14783.986501415167,14783.986501415167,15421.668333051353,15422.311136343607,15427.01167523449
14783.986501415167,14783.986501415167,15421.957374750495,15422.303601827154,15427.01167523449
14783.986501415167,14783.986501415167,15422.228695627151,15422.31641416207,15427.01167523449
14783.986501415167,14783.986501415167,15422.679830919853,15422.379592614425,15427.01167523449
14783.986501415167,14783.986501415167,15423.03995766283,15422.442346828608,15427.01167523449
14783.986501415167,14783.986501415167,15423.33424807254,15422.463141576454,15427.01167523449
14783.986501415167,14783.986501415167,15423.623245649535,15422.4460971699,15427.01167523449
14783.986501415167,14783.986501415167,15423.593481451244,15422.433495159385,15427.01167523449
14783.986501415167,14783.986501415167,15423.569942204103,15422.451816188574,15427.01167523449
14783.986501415167,14783.986501415167,15423.564675784004,15422.476046391012,15427.01167523449
14783.986501415167,14783.986501415167,15423.561571540256,15422.484239169327,15427.01167523449
14783.986501415167,14783.986501415167,15423.640653830904,15422.508054223195,15427.01167523449
14783.986501415167,14783.986501415167,15423.577377109585,15422.499853310177,15427.01167523449
14783.986501415167,14783.986501415167,15423.334137219927,15422.510161727667,15427.01167523449
14783.986501415167,14783.986501415167,15423.19226774757,15422.52461410323,15427.01167523449
14783.986501415167,14783.986501415167,15423.17207643759,15422.552747743432,15427.01167523449
14783.986501415167,14783.986501415167,15423.246750867052,15422.584755460164,15427.01167523449
14783.986501415167,14783.986501415167,15423.216291485554,15422.575296858193,15427.01167523449
14783.986501415167,14783.986501415167,15423.08968322695,15422.600667618372,15427.01167523449
14783.986501415167,14783.986501415167,15423.035501492259,15422.63903553659,15427.01167523449
14783.986501415167,14783.986501415167,15423.115137504978,15422.687480988689,15427.01167523449
14783.986501415167,14783.986501415167,15422.989085844081,15422.7148148145,15427.01167523449
14783.986501415167,14783.986501415167,15422.99512724849,15422.722147455386,15427.01167523449
14783.986501415167,14783.986501415167,15423.058284073555,15422.732662854536,15427.01167523449
14783.986501415167,14783.986501415167,15423.098550829396,15422.749600392994,15427.01167523449
14783.986501415167,14783.986501415167,15423.082420601253,15422.770928648551,15427.01167523449
14783.986501415167,14783.986501415167,15422.993056493553,15422.763019237791,15427.01167523449
14783.986501415167,14783.986501415167,15423.222231779248,15422.768809066298,15427.01167523449
14783.986501415167,14783.986501415167,15423.407770176045,15422.809454154545,15427.01167523449
14783.986501415167,14783.986501415167,15423.538830618048,15422.848252554018,15427.01167523449
14783.986501415167,14783.986501415167,15423.582709057326,15422.873188676023,15427.01167523449
14783.986501415167,14783.986501415167,15423.57003148372,15422.867463474355,15427.01167523449
14783.986501415167,14783.986501415167,15423.597401271172,15422.873789780699,15427.01167523449
14783.986501415167,14783.986501415167,15423.411038335544,15422.862766050219,15427.01167523449
14783.986501415167,14783.986501415167,15423.137227575286,15422.806020596978,15427.01167523449
14783.986501415167,14783.986501415167,15422.863971969904,15422.75202019508,15427.01167523449
14783.986501415167,14783.986501415167,15422.70898092734,15422.722847258936,15427.01167523449
14783.986501415167,14783.986501415167,15422.414795319779,15422.677811636291,15427.01167523449
14783.986501415167,14783.986501415167,15422.322455373196,15422.725312881723,15427.01167523449
14783.986501415167,14783.986501415167,15422.017987896306,15422.729785022486,15427.01167523449
14783.986501415167,14783.986501415167,15421.651118243492,15422.715773879483,15427.01167523449
14783.986501415167,14783.986501415167,15421.72652536096,15422.776734254032,15427.01167523449
14783.986501415167,14783.986501415167,15421.720155502368,15422.823751351754,15427.01167523449
14783.986501415167,14783.986501415167,15421.887074456197,15422.874073001016,15427.01167523449
14783.986501415167,14783.986501415167,15422.097794844687,15422.913159731956,15427.01167523449
14783.986501415167,14783.986501415167,15422.133702977875,15422.917284011832,15427.01167523449
14783.986501415167,14783.986501415167,15422.135775328008,15422.941561853097,15427.01167523449
14783.986501415167,14783.986501415167,15422.165507668291,15422.922461540822,15427.01167523449
14783.986501415167,14783.986501415167,15421.991476847918,15422.876265565643,15427.01167523449
14783.986501415167,14783.986501415167,15422.225256896223,15422.876450537366,15427.01167523449
14783.986501415167,14783.986501415167,15422.49090571795,15422.8802884128,15427.01167523449
14783.986501415167,14783.986501415167,15422.378537650471,15422.860966834025,15427.01167523449
14783.986501415167,14783.986501415167,15422.30425113354,15422.83886245303,15427.01167523449
14783.986501415167,14783.986501415167,15422.292115858432,15422.796529988731,15427.01167523449
14783.986501415167,14783.986501415167,15422.228167295127,15422.75080165841,15427.01167523449
14783.986501415167,14783.986501415167,15422.462935896236,15422.74302157657,15427.01167523449
14783.986501415167,14783.986501415167,15422.620646096853,15422.741041942563,15427.01167523449
14783.986501415167,14783.986501415167,15422.706671529362,15422.745099556449,15427.01167523449
14783.986501415167,14783.986501415167,15422.73781917895,15422.709840960611,15427.01167523449
14783.986501415167,14783.986501415167,15422.506811877149,15422.664877755997,15427.01167523449
14783.986501415167,14783.986501415167,15422.327702108194,15422.63351452639,15427.01167523449
14783.986501415167,14783.986501415167,15422.321993023128,15422.59723467247,15427.01167523449
14783.986501415167,14783.986501415167,15422.487185134774,15422.620824058069,15427.01167523449
14783.986501415167,14783.986501415167,15422.629009936656,15422.655504532078,15427.01167523449
14783.986501415167,14783.986501415167,15422.757958882497,15422.663939885399,15427.01167523449
14783.986501415167,14783.986501415167,15422.78300234818,15422.665206758691,15427.01167523449
14783.986501415167,14783.986501415167,15422.75487133495,15422.642666036141,15427.01167523449
14783.986501415167,14783.986501415167,15422.89277801626,15422.680396862588,15427.01167523449
14783.986501415167,14783.986501415167,15423.227543680157,15422.737413051249,15427.01167523449
14783.986501415167,14783.986501415167,15423.537171981396,15422.765211853824,15427.01167523449
14783.986501415167,14783.986501415167,15423.855450395215,15422.781577104435,15427.01167523449
14783.986501415167,14783.986501415167,15423.945769323682,15422.78857136839,15427.01167523449
14783.986501415167,14783.986501415167,15423.9530912763,15422.812416863633,15427.01167523449
14783.986501415167,14783.986501415167,15423.751754343739,15422.794198586116,15427.01167523449
14783.986501415167,14783.986501415167,15423.682892598696,15422.780808239258,15427.01167523449
14783.986501415167,14783.986501415167,15423.411830978124,15422.731088834065,15427.01167523449
14783.986501415167,14783.986501415167,15423.36922215425,15422.717899168283,15427.01167523449
14783.986501415167,14783.986501415167,15423.240769227845,15422.684104352307,15427.01167523449
14783.986501415167,14783.986501415167,15422.825033762474,15422.620865768538,15427.01167523449
14783.986501415167,14783.986501415167,15422.572118040101,15422.571869338233,15427.01167523449
14783.986501415167,14783.986501415167,15422.40947187485,15422.546929667942,15427.01167523449
14783.986501415167,14783.986501415167,15422.387804387961,15422.55212594924,15427.01167523449
14783.986501415167,14783.986501415167,15422.349318595754,15422.562800328547,15427.01167523449
14783.986501415167,14783.986501415167,15422.446618481074,15422.60131461522,15427.01167523449
14783.986501415167,14783.986501415167,15422.527643249767,15422.658891374154,15427.01167523449
14783.986501415167,14783.986501415167,15422.767291262158,15422.711752692512,15427.01167523449
14783.986501415167,14783.986501415167,15422.900402513033,15422.75618348542,15427.01167523449
14783.986501415167,14783.986501415167,15422.95520146586,15422.792185581522,15427.01167523449
14783.986501415167,14783.986501415167,15423.153395689524,15422.787053831802,15427.01167523449
14783.986501415167,14783.986501415167,15423.313165163647,15422.830904791703,15427.01167523449
14783.986501415167,14783.986501415167,15423.440137221765,15422.904733463596,15427.01167523449
14783.986501415167,14783.986501415167,15423.567109279888,15422.920242733026,15427.01167523449
14783.986501415167,14783.986501415167,15423.702491396845,15422.959267507445,15427.01167523449
14783.986501415167,14783.986501415167,15423.654723846726,15422.954844493326,15427.01167523449
14783.986501415167,14783.986501415167,15423.58138303187,15422.95560901159,15427.01167523449
14783.986501415167,14783.986501415167,15423.475205804885,15422.980053257914,15427.01167523449
14783.986501415167,14783.986501415167,15423.389895643326,15423.007007548484,15427.01167523449
14783.986501415167,14783.986501415167,15423.35995190891,15423.031074429651,15427.01167523449
14783.986501415167,14783.986501415167,15423.380712828726,15423.064901027967,15427.01167523449
14783.986501415167,14783.986501415167,15423.34887092995,15423.05562759845,15427.01167523449
14783.986501415167,14783.986501415167,15423.259556890052,15423.058463698015,15427.01167523449
14783.986501415167,14783.986501415167,15423.060385705554,15423.056612344044,15427.01167523449
14783.986501415167,14783.986501415167,15422.885656900578,15423.07554866085,15427.01167523449
14783.986501415167,14783.986501415167,15422.902824983878,15423.076986318418,15427.01167523449
14783.986501415167,14783.986501415167,15422.906665630091,15423.091308678586,15427.01167523449
14783.986501415167,14783.986501415167,15422.95179794155,15423.077825666978,15427.01167523449
14783.986501415167,14783.986501415167,15422.984380031796,15423.079754335471,15427.01167523449
14783.986501415167,14783.986501415167,15422.916760279957,15423.073092179764,15427.01167523449
14783.986501415167,14783.986501415167,15422.798435873887,15423.077024366954,15427.01167523449
14783.986501415167,14783.986501415167,15422.745309145092,15423.103327052037,15427.01167523449
14783.986501415167,14783.986501415167,15422.764381697189,15423.145799615813,15427.01167523449
14783.986501415167,14783.986501415167,15422.903241655233,15423.172862070463,15427.01167523449
14783.986501415167,14783.986501415167,15422.795065910763,15423.137124816049,15427.01167523449
14783.986501415167,14783.986501415167,15422.613459079792,15423.07387614704,15427.01167523449
14783.986501415167,14783.986501415167,15422.454239591854,15423.030564820458,15427.01167523449
14783.986501415167,14783.986501415167,15422.31811964737,15422.984849126819,15427.01167523449
14783.986501415167,14783.986501415167,15422.243243698937,15422.977428808266,15427.01167523449
14783.986501415167,14783.986501415167,15422.008529943265,15422.896242565166,15427.01167523449
14783.986501415167,14783.986501415167,15421.873691793313,15422.806253989584,15427.01167523449
14783.986501415167,14783.986501415167,15421.85093329132,15422.76607931402,15427.01167523449
14783.986501415167,14783.986501415167,15421.755975508437,15422.725904638457,15427.01167523449
14783.986501415167,14783.986501415167,15421.66245054363,15422.716198314454,15427.01167523449
14783.986501415167,14783.986501415167,15421.657226432468,15422.677951847283,15427.01167523449
14783.986501415167,14783.986501415167,15421.740790070733,15422.67168329244,15427.01167523449
14783.986501415167,14783.986501415167,15422.01697021745,15422.697380344209,15427.01167523449
14783.986501415167,14783.986501415167,15422.313152117038,15422.7651133546,15427.01167523449
14783.986501415167,14783.986501415167,15422.422767268556,15422.788137831129,15427.01167523449
14783.986501415167,14783.986501415167,15422.808311189065,15422.809750957413,15427.01167523449
14783.986501415167,14783.986501415167,15423.053642670391,15422.851975771167,15427.01167523449
14783.986501415167,14783.986501415167,15423.103789061774,15422.872413518357,15427.01167523449
14783.986501415167,14783.986501415167,15422.933980171689,15422.830806297827,15427.01167523449
14783.986501415167,14783.986501415167,15422.686868847839,15422.776011206428,15427.01167523449
14783.986501415167,14783.986501415167,15422.771674063357,15422.762422940801,15427.01167523449
14783.986501415167,14783.986501415167,15422.740084065135,15422.73037640925,15427.01167523449
14783.986501415167,14783.986501415167,15422.64601602676,15422.721054899604,15427.01167523449
14783.986501415167,14783.986501415167,15422.523968641824,15422.716448830532,15427.01167523449
14783.986501415167,14783.986501415167,15422.527244008908,15422.713506130302,15427.01167523449
14783.986501415167,14783.986501415167,15422.586140446616,15422.73593875356,15427.01167523449
14783.986501415167,14783.986501415167,15422.685436164033,15422.758383866068,15427.01167523449
14783.986501415167,14783.986501415167,15422.733188990765,15422.756418283781,15427.01167523449
14783.986501415167,14783.986501415167,15422.88403290358,15422.719585434186,15427.01167523449
14783.986501415167,14783.986501415167,15422.95366377223,15422.653322104898,15427.01167523449
14783.986501415167,14783.986501415167,15422.921342496722,15422.606193160778,15427.01167523449
14783.986501415167,14783.986501415167,15423.013047266702,15422.60204109325,15427.01167523449
14783.986501415167,14783.986501415167,15422.867937654635,15422.57836582416,15427.01167523449
14783.986501415167,14783.986501415167,15422.757372403872,15422.57288215033,15427.01167523449
14783.986501415167,14783.986501415167,15422.74653692604,15422.58483438685,15427.01167523449
14783.986501415167,14783.986501415167,15422.557511541561,15422.575450680093,15427.01167523449
14783.986501415167,14783.986501415167,15422.391564873707,15422.560554275065,15427.01167523449
14783.986501415167,14783.986501415167,15422.314885662057,15422.5496212302,15427.01167523449
14783.986501415167,14783.986501415167,15422.35507064579,15422.538688185336,15427.01167523449
14783.986501415167,14783.986501415167,15422.51707661892,15422.544660287569,15427.01167523449
14783.986501415167,14783.986501415167,15422.53554952539,15422.53617168574,15427.01167523449
14783.986501415167,14783.986501415167,15422.50866949108,15422.523209994692,15427.01167523449
14783.986501415167,14783.986501415167,15422.381704375963,15422.473373573333,15427.01167523449
14783.986501415167,14783.986501415167,15422.368402454234,15422.456203052867,15427.01167523449
14783.986501415167,14783.986501415167,15422.096637373286,15422.407285855144,15427.01167523449
14783.986501415167,14783.986501415167,15422.052207740202,15422.402540172143,15427.01167523449
14783.986501415167,14783.986501415167,15422.177810888626,15422.436429278016,15427.01167523449
14783.986501415167,14783.986501415167,15422.328639575042,15422.466287316189,15427.01167523449
14783.986501415167,14783.986501415167,15422.478673868973,15422.481546619692,15427.01167523449
14783.986501415167,14783.986501415167,15422.608949055448,15422.485801767614,15427.01167523449
14783.986501415167,14783.986501415167,15422.912781669113,15422.559714837413,15427.01167523449
14783.986501415167,14783.986501415167,15423.136428153073,15422.627803809344,15427.01167523449
14783.986501415167,14783.986501415167,15423.45442936616,15422.673411528196,15427.01167523449
14783.986501415167,14783.986501415167,15423.62422302456,15422.717423728307,15427.01167523449
14783.986501415167,14783.986501415167,15424.005739509837,15422.759785017326,15427.01167523449
14783.986501415167,14783.986501415167,15424.031445405217,15422.807123264529,15427.01167523449
14783.986501415167,14783.986501415167,15423.86397735622,15422.834486390595,15427.01167523449
14783.986501415167,14783.986501415167,15423.671283769232,15422.83035741177,15427.01167523449
14783.986501415167,14783.986501415167,15423.464312808957,15422.823214079795,15427.01167523449
14783.986501415167,14783.986501415167,15423.317679320438,15422.816847522974,15427.01167523449
14783.986501415167,14783.986501415167,15422.997488404731,15422.827767231865,15427.01167523449
14783.986501415167,14783.986501415167,15422.639151387095,15422.807476072616,15427.01167523449
14783.986501415167,14783.986501415167,15422.407474918748,15422.751512468454,15427.01167523449
14783.986501415167,14783.986501415167,15422.175798450398,15422.689952994979,15427.01167523449
14783.986501415167,14783.986501415167,15422.027115236197,15422.680654610856,15427.01167523449
14783.986501415167,14783.986501415167,15422.034947200747,15422.652450466869,15427.01167523449
14783.986501415167,14783.986501415167,15422.06367184798,15422.636492226113,15427.01167523449
14783.986501415167,14783.986501415167,15422.116026587752,15422.63280491697,15427.01167523449
14783.986501415167,14783.986501415167,15422.314397531987,15422.699297551857,15427.01167523449
14783.986501415167,14783.986501415167,15422.457977366419,15422.771069226692,15427.01167523449
14783.986501415167,14783.986501415167,15422.410252170166,15422.755482853225,15427.01167523449
14783.986501415167,14783.986501415167,15422.62679929056,15422.7848191177,15427.01167523449
14783.986501415167,14783.986501415167,15422.715695703233,15422.765448403747,15427.01167523449
14783.986501415167,14783.986501415167,15422.816480912214,15422.748455449055,15427.01167523449
14783.986501415167,14783.986501415167,15422.746390212636,15422.7244838516,15427.01167523449
14783.986501415167,14783.986501415167,15422.76756315366,15422.688735008276,15427.01167523449
14783.986501415167,14783.986501415167,15422.932789865561,15422.685962966418,15427.01167523449
14783.986501415167,14783.986501415167,15422.994608866371,15422.685088892087,15427.01167523449
14783.986501415167,14783.986501415167,15422.837730420633,15422.690037055265,15427.01167523449
14783.986501415167,14783.986501415167,15422.720396129496,15422.724415698141,15427.01167523449
14783.986501415167,14783.986501415167,15422.837354795902,15422.738685313061,15427.01167523449
14783.986501415167,14783.986501415167,15422.75268543715,15422.732746751793,15427.01167523449
14783.986501415167,14783.986501415167,15422.594931615473,15422.710847195913,15427.01167523449
14783.986501415167,14783.986501415167,15422.491421659162,15422.695265300114,15427.01167523449
14783.986501415167,14783.986501415167,15422.537115486339,15422.682599563661,15427.01167523449
14783.986501415167,14783.986501415167,15422.51890879332,15422.681014458632,15427.01167523449
14783.986501415167,14783.986501415167,15422.342340428,15422.676118077277,15427.01167523449
14783.986501415167,14783.986501415167,15422.295126421455,15422.681137043972,15427.01167523449
14783.986501415167,14783.986501415167,15422.335665422763,15422.686156010664,15427.01167523449
14783.986501415167,14783.986501415167,15422.224133155512,15422.665827005463,15427.01167523449
14783.986501415167,14783.986501415167,15422.004620362033,15422.632499480389,15427.01167523449
14783.986501415167,14783.986501415167,15421.817263461071,15422.594465545788,15427.01167523449
14783.986501415167,14783.986501415167,15422.127257485841,15422.65995781789,15427.01167523449
14783.986501415167,14783.986501415167,15422.12035889392,15422.645656588049,15427.01167523449
14783.986501415167,14783.986501415167,15421.999149732332,15422.663102035467,15427.01167523449
14783.986501415167,14783.986501415167,15421.96476573772,15422.663526058133,15427.01167523449
14783.986501415167,14783.986501415167,15421.94213685538,15422.628983270628,15427.01167523449
14783.986501415167,14783.986501415167,15421.891632954046,15422.593735719773,15427.01167523449
14783.986501415167,14783.986501415167,15421.840627441114,15422.55854672509,15427.01167523449
14783.986501415167,14783.986501415167,15422.023464450787,15422.54873008453,15427.01167523449
14783.986501415167,14783.986501415167,15422.235174594656,15422.4969780655,15427.01167523449
14783.986501415167,14783.986501415167,15422.480399290673,15422.46325977331,15427.01167523449
14783.986501415167,14783.986501415167,15422.45976360115,15422.46102466489,15427.01167523449
14783.986501415167,14783.986501415167,15422.609110854188,15422.442634153977,15427.01167523449
14783.986501415167,14783.986501415167,15422.75249175867,15422.412452485236,15427.01167523449
14783.986501415167,14783.986501415167,15423.010997325875,15422.459436442263,15427.01167523449
14783.986501415167,14783.986501415167,15423.263299775537,15422.508847754492,15427.01167523449
14783.986501415167,14783.986501415167,15423.493900503967,15422.55825906672,15427.01167523449
14783.986501415167,14783.986501415167,15423.725002843998,15422.610684732099,15427.01167523449
14783.986501415167,14783.986501415167,15423.860716202636,15422.657337460969,15427.01167523449
14783.986501415167,14783.986501415167,15424.032549026455,15422.70399018984,15427.01167523449
14783.986501415167,14783.986501415167,15424.170867298124,15422.769602955515,15427.01167523449
14783.986501415167,14783.986501415167,15424.036087396913,15422.78674716052,15427.01167523449
14783.986501415167,14783.986501415167,15423.982084508161,15422.803891365527,15427.01167523449
14783.986501415167,14783.986501415167,15423.856706485542,15422.778370735105,15427.01167523449
14783.986501415167,14783.986501415167,15423.650437415843,15422.782534485286,15427.01167523449
14783.986501415167,14783.986501415167,15423.544827365,15422.805078857897,15427.01167523449
14783.986501415167,14783.986501415167,15423.415680545553,15422.818189858279,15427.01167523449
14783.986501415167,14783.986501415167,15423.342338510836,15422.816272927867,15427.01167523449
14783.986501415167,14783.986501415167,15423.282614203456,15422.822264828379,15427.01167523449
14783.986501415167,14783.986501415167,15423.26103980115,15422.874147716042,15427.01167523449
14783.986501415167,14783.986501415167,15423.063635049319,15422.856970107268,15427.01167523449
14783.986501415167,14783.986501415167,15422.987286003574,15422.841065220593,15427.01167523449
14783.986501415167,14783.986501415167,15423.252804567988,15422.891156096684,15427.01167523449
14783.986501415167,14783.986501415167,15423.595664614815,15422.948225615539,15427.01167523449
14783.986501415167,14783.986501415167,15423.764737718331,15422.98196939822,15427.01167523449
14783.986501415167,14783.986501415167,15423.754134998151,15422.969347884415,15427.01167523449
14783.986501415167,14783.986501415167,15423.767069046571,15422.972681894318,15427.01167523449
14783.986501415167,14783.986501415167,15423.646459912361,15422.978018826214,15427.01167523449
14783.986501415167,14783.986501415167,15423.525850778151,15422.983355758106,15427.01167523449
14783.986501415167,14783.986501415167,15423.417022365049,15422.99008122987,15427.01167523449
14783.986501415167,14783.986501415167,15423.47427637126,15423.001288294088,15427.01167523449
14783.986501415167,14783.986501415167,15423.44680923002,15423.011440743501,15427.01167523449
14783.986501415167,14783.986501415167,15423.048848534512,15423.002641471752,15427.01167523449
14783.986501415167,14783.986501415167,15422.56421155143,15422.953644828556,15427.01167523449
14783.986501415167,14783.986501415167,15422.208297544228,15422.919847148401,15427.01167523449
14783.986501415167,14783.986501415167,15422.004301372206,15422.901740073254,15427.01167523449
14783.986501415167,14783.986501415167,15421.703822702728,15422.854421150572,15427.01167523449
14783.986501415167,14783.986501415167,15421.536977834054,15422.818281308473,15427.01167523449
14783.986501415167,14783.986501415167,15421.399137718714,15422.818356670748,15427.01167523449
14783.986501415167,14783.986501415167,15421.287250518446,15422.846607261152,15427.01167523449
14783.986501415167,14783.986501415167,15421.213128013964,15422.880461204666,15427.01167523449
14783.986501415167,14783.986501415167,15421.123144161966,15422.810618078727,15427.01167523449
14783.986501415167,14783.986501415167,15421.36052350326,15422.850674393621,15427.01167523449
14783.986501415167,14783.986501415167,15421.699338138493,15422.893682509792,15427.01167523449
14783.986501415167,14783.986501415167,15422.013434517768,15422.929580904412,15427.01167523449
14783.986501415167,14783.986501415167,15422.242493090725,15422.961811320325,15427.01167523449
14783.986501415167,14783.986501415167,15422.566244909884,15422.989343541742,15427.01167523449
14783.986501415167,14783.986501415167,15422.593124689383,15422.968780758127,15427.01167523449
14783.986501415167,14783.986501415167,15422.680455951931,15422.94975497098,15427.01167523449
14783.986501415167,14783.986501415167,15422.691903673223,15422.937953076864,15427.01167523449
14783.986501415167,14783.986501415167,15422.682670228469,15422.920915392227,15427.01167523449
14783.986501415167,14783.986501415167,15422.948816372987,15422.908428633093,15427.01167523449
14783.986501415167,14783.986501415167,15422.892447241069,15422.907341670996,15427.01167523449
14783.986501415167,14783.986501415167,15422.82131910278,15422.90744797861,15427.01167523449
14783.986501415167,14783.986501415167,15422.750190964496,15422.877419632134,15427.01167523449
14783.986501415167,14783.986501415167,15422.70293110302,15422.849737585819,15427.01167523449
14783.986501415167,14783.986501415167,15422.451007761201,15422.780764993186,15427.01167523449
14783.986501415167,14783.986501415167,15422.598552500305,15422.743490689387,15427.01167523449
14783.986501415167,14783.986501415167,15422.656641003035,15422.708939931057,15427.01167523449
14783.986501415167,14783.986501415167,15422.667133916902,15422.664870054952,15427.01167523449
14783.986501415167,14783.986501415167,15422.781036682045,15422.642949269013,15427.01167523449
14783.986501415167,14783.986501415167,15422.796315506119,15422.660474254932,15427.01167523449
14783.986501415167,14783.986501415167,15422.989867789609,15422.708898327286,15427.01167523449
14783.986501415167,14783.986501415167,15423.1834200731,15422.77279069612,15427.01167523449
14783.986501415167,14783.986501415167,15423.37697235659,15422.822726620281,15427.01167523449
14783.986501415167,14783.986501415167,15423.40330708805,15422.82143353043,15427.01167523449
14783.986501415167,14783.986501415167,15423.636094551108,15422.824847794298,15427.01167523449
14783.986501415167,14783.986501415167,15423.633504716254,15422.801723930472,15427.01167523449
14783.986501415167,14783.986501415167,15423.65846696783,15422.784110483935,15427.01167523449
14783.986501415167,14783.986501415167,15423.595178135389,15422.731697721803,15427.01167523449
14783.986501415167,14783.986501415167,15423.499701407141,15422.730162540576,15427.01167523449
14783.986501415167,14783.986501415167,15423.463609289576,15422.755738912134,15427.01167523449
14783.986501415167,14783.986501415167,15423.175376075353,15422.69341262876,15427.01167523449
14783.986501415167,14783.986501415167,15422.930075586113,15422.639672890386,15427.01167523449
14783.986501415167,14783.986501415167,15422.684775096877,15422.606734095993,15427.01167523449
14783.986501415167,14783.986501415167,15422.545105581175,15422.579627647037,15427.01167523449
14783.986501415167,14783.986501415167,15422.405436065474,15422.552521198078,15427.01167523449
14783.986501415167,14783.986501415167,15422.38348164031,15422.549128276061,15427.01167523449
14783.986501415167,14783.986501415167,15422.225198128828,15422.52397995407,15427.01167523449
14783.986501415167,14783.986501415167,15422.26631028598,15422.50155530599,15427.01167523449
14783.986501415167,14783.986501415167,15422.200143808059,15422.475336027937,15427.01167523449
14783.986501415167,14783.986501415167,15422.074592719457,15422.481295610023,15427.01167523449
14783.986501415167,14783.986501415167,15422.26854972826,15422.53735286751,15427.01167523449
14783.986501415167,14783.986501415167,15422.361233041767,15422.599077188452,15427.01167523449
14783.986501415167,14783.986501415167,15422.386046702037,15422.642283927555,15427.01167523449
14783.986501415167,14783.986501415167,15422.51819690105,15422.682406752805,15427.01167523449
14783.986501415167,14783.986501415167,15422.555259792225,15422.72280861598,15427.01167523449
14783.986501415167,14783.986501415167,15422.63547158498,15422.76882702625,15427.01167523449
14783.986501415167,14783.986501415167,15422.834843253291,15422.811121060984,15427.01167523449
14783.986501415167,14783.986501415167,15423.042061120443,15422.852517426389,15427.01167523449
14783.986501415167,14783.986501415167,15423.063032241687,15422.84531687348,15427.01167523449
14783.986501415167,14783.986501415167,15423.08400336293,15422.873467450216,15427.01167523449
14783.986501415167,14783.986501415167,15422.82818094087,15422.830884355035,15427.01167523449
14783.986501415167,14783.986501415167,15422.727276119636,15422.804664784682,15427.01167523449
14783.986501415167,14783.986501415167,15422.732847677742,15422.786166559548,15427.01167523449
14783.986501415167,14783.986501415167,15422.536561441637,15422.741220422986,15427.01167523449
14783.986501415167,14783.986501415167,15422.600848787237,15422.72972939145,15427.01167523449
14783.986501415167,14783.986501415167,15422.494185227095,15422.749039133787,15427.01167523449
14783.986501415167,14783.986501415167,15422.32641381025,15422.740312632646,15427.01167523449
14783.986501415167,14783.986501415167,15422.052556001008,15422.724647891942,15427.01167523449
14783.986501415167,14783.986501415167,15421.971213727502,15422.703025573288,15427.01167523449
14783.986501415167,14783.986501415167,15421.944927038221,15422.67268958326,15427.01167523449
14783.986501415167,14783.986501415167,15421.973571459323,15422.647109198684,15427.01167523449
14783.986501415167,14783.986501415167,15421.905639249913,15422.621528814108,15427.01167523449
14783.986501415167,14783.986501415167,15421.80994326188,15422.598117019026,15427.01167523449
14783.986501415167,14783.986501415167,15421.747184662358,15422.550071134856,15427.01167523449
14783.986501415167,14783.986501415167,15421.805119548362,15422.600551748881,15427.01167523449
14783.986501415167,14783.986501415167,15421.94090212528,15422.617509058784,15427.01167523449
14783.986501415167,14783.986501415167,15421.884171795124,15422.585818791065,15427.01167523449
14783.986501415167,14783.986501415167,15421.911473220462,15422.573515752658,15427.01167523449
14783.986501415167,14783.986501415167,15421.803787140958,15422.50757566507,15427.01167523449
14783.986501415167,14783.986501415167,15421.827264296424,15422.47887934132,15427.01167523449
14783.986501415167,14783.986501415167,15422.073164443136,15422.46376852939,15427.01167523449
14783.986501415167,14783.986501415167,15422.29547923749,15422.443940646986,15427.01167523449
14783.986501415167,14783.986501415167,15422.391081797346,15422.400938907178,15427.01167523449
14783.986501415167,14783.986501415167,15422.620408399021,15422.393491397052,15427.01167523449
14783.986501415167,14783.986501415167,15422.511797519785,15422.375692342617,15427.01167523449
14783.986501415167,14783.986501415167,15422.373054804679,15422.36541907647,15427.01167523449
14783.986501415167,14783.986501415167,15422.409735282718,15422.336072454043,15427.01167523449
14783.986501415167,14783.986501415167,15422.424719379695,15422.339424001517,15427.01167523449
14783.986501415167,14783.986501415167,15422.656507350393,15422.338936853721,15427.01167523449
14783.986501415167,14783.986501415167,15422.702952924232,15422.326748068248,15427.01167523449
14783.986501415167,14783.986501415167,15422.48842287151,15422.32637788862,15427.01167523449
14783.986501415167,14783.986501415167,15422.2672117201,15422.311367873783,15427.01167523449
14783.986501415167,14783.986501415167,15422.411326449164,15422.346249177635,15427.01167523449
14783.986501415167,14783.986501415167,15422.478573455937,15422.380184971997,15427.01167523449
14783.986501415167,14783.986501415167,15422.525290638452,15422.399663257213,15427.01167523449
14783.986501415167,14783.986501415167,15422.583108458271,15422.405344440062,15427.01167523449
14783.986501415167,14783.986501415167,15422.761103730201,15422.443253574318,15427.01167523449
14783.986501415167,14783.986501415167,15422.969928495882,15422.480147643497,15427.01167523449
14783.986501415167,14783.986501415167,15423.086337354256,15422.51617556296,15427.01167523449
14783.986501415167,14783.986501415167,15423.198649490272,15422.551559422414,15427.01167523449
14783.986501415167,14783.986501415167,15423.374933162495,15422.547654575466,15427.01167523449
14783.986501415167,14783.986501415167,15423.581483285761,15422.55541792258,15427.01167523449
14783.986501415167,14783.986501415167,15423.472428381132,15422.563525513453,15427.01167523449
14783.986501415167,14783.986501415167,15423.502357855803,15422.577017162952,15427.01167523449
14783.986501415167,14783.986501415167,15423.47938063645,15422.58448742606,15427.01167523449
14783.986501415167,14783.986501415167,15423.401355555956,15422.558521234256,15427.01167523449
14783.986501415167,14783.986501415167,15423.270967718312,15422.530478467323,15427.01167523449
14783.986501415167,14783.986501415167,15423.169318928925,15422.505599205193,15427.01167523449
14783.986501415167,14783.986501415167,15423.032872994227,15422.510143713467,15427.01167523449
14783.986501415167,14783.986501415167,15423.01311132763,15422.537381015354,15427.01167523449
14783.986501415167,14783.986501415167,15422.96793076013,15422.575604539317,15427.01167523449
14783.986501415167,14783.986501415167,15422.867250472767,15422.583412793205,15427.01167523449
14783.986501415167,14783.986501415167,15422.94300979707,15422.605557937317,15427.01167523449
14783.986501415167,14783.986501415167,15422.922230591177,15422.65415099286,15427.01167523449
14783.986501415167,14783.986501415167,15423.016284839488,15422.66757463651,15427.01167523449
14783.986501415167,14783.986501415167,15423.238133366502,15422.707310862139,15427.01167523449
14783.986501415167,14783.986501415167,15423.142095934832,15422.693614892238,15427.01167523449
14783.986501415167,14783.986501415167,15422.958845784528,15422.686857161896,15427.01167523449
14783.986501415167,14783.986501415167,15422.843444608196,15422.684589889608,15427.01167523449
14783.986501415167,14783.986501415167,15422.686517623,15422.685699132311,15427.01167523449
14783.986501415167,14783.986501415167,15422.457181295113,15422.672326506476,15427.01167523449
14783.986501415167,14783.986501415167,15422.184108982958,15422.639106739814,15427.01167523449
14783.986501415167,14783.986501415167,15421.818720960795,15422.607313477101,15427.01167523449
14783.986501415167,14783.986501415167,15421.607232225433,15422.626160505475,15427.01167523449
14783.986501415167,14783.986501415167,15421.506333879588,15422.607817502752,15427.01167523449
14783.986501415167,14783.986501415167,15421.360845391198,15422.59129951532,15427.01167523449
14783.986501415167,14783.986501415167,15421.313955456668,15422.579571624547,15427.01167523449
14783.986501415167,14783.986501415167,15421.518229764028,15422.60820847061,15427.01167523449
14783.986501415167,14783.986501415167,15421.503353816825,15422.62450322478,15427.01167523449
14783.986501415167,14783.986501415167,15421.50162392604,15422.620571058233,15427.01167523449
14783.986501415167,14783.986501415167,15421.742383239462,15422.606170265743,15427.01167523449
14783.986501415167,14783.986501415167,15422.0168287056,15422.583376633436,15427.01167523449
14783.986501415167,14783.986501415167,15422.295393702385,15422.58817585811,15427.01167523449
14783.986501415167,14783.986501415167,15422.420059412369,15422.586090708142,15427.01167523449
14783.986501415167,14783.986501415167,15422.463119791642,15422.598081957123,15427.01167523449
14783.986501415167,14783.986501415167,15422.509625968121,15422.61861374801,15427.01167523449
14783.986501415167,14783.986501415167,15422.623506564516,15422.622325880904,15427.01167523449
14783.986501415167,14783.986501415167,15422.475030761809,15422.61827074703,15427.01167523449
14783.986501415167,14783.986501415167,15422.662445432996,15422.6256908413,15427.01167523449
14783.986501415167,14783.986501415167,15422.770699884186,15422.634120450228,15427.01167523449
14783.986501415167,14783.986501415167,15422.708874473863,15422.650260586215,15427.01167523449
14783.986501415167,14783.986501415167,15422.716980347333,15422.673330358884,15427.01167523449
14783.986501415167,14783.986501415167,15422.705600983474,15422.647030764974,15427.01167523449
14783.986501415167,14783.986501415167,15422.694221619618,15422.629220340881,15427.01167523449
14783.986501415167,14783.986501415167,15422.664217982567,15422.625867425948,15427.01167523449
14783.986501415167,14783.986501415167,15422.63076854831,15422.628145766015,15427.01167523449
14783.986501415167,14783.986501415167,15422.819451111374,15422.633995357139,15427.01167523449
14783.986501415167,14783.986501415167,15422.999826321984,15422.624250312254,15427.01167523449
14783.986501415167,14783.986501415167,15423.079186306888,15422.62426063183,15427.01167523449
14783.986501415167,14783.986501415167,15423.169202379306,15422.628231028031,15427.01167523449
14783.986501415167,14783.986501415167,15423.210337357905,15422.617341425293,15427.01167523449
14783.986501415167,14783.986501415167,15423.288227076297,15422.61467911699,15427.01167523449
14783.986501415167,14783.986501415167,15423.29265742354,15422.611076573452,15427.01167523449
14783.986501415167,14783.986501415167,15423.297087770781,15422.588166323874,15427.01167523449
14783.986501415167,14783.986501415167,15423.328346803512,15422.595660659359,15427.01167523449
14783.986501415167,14783.986501415167,15423.281230688686,15422.604120792565,15427.01167523449
14783.986501415167,14783.986501415167,15422.995872958567,15422.578976405191,15427.01167523449
14783.986501415167,14783.986501415167,15422.730014738107,15422.536389474091,15427.01167523449
14783.986501415167,14783.986501415167,15422.449683216488,15422.50762267628,15427.01167523449
14783.986501415167,14783.986501415167,15422.33415605436,15422.492439973379,15427.01167523449
14783.986501415167,14783.986501415167,15422.153742319704,15422.454503737214,15427.01167523449
14783.986501415167,14783.986501415167,15421.900708177662,15422.42137065797,15427.01167523449
14783.986501415167,14783.986501415167,15421.718145651079,15422.366103744256,15427.01167523449
14783.986501415167,14783.986501415167,15421.5355831245,15422.310836830537,15427.01167523449
14783.986501415167,14783.986501415167,15421.270576909747,15422.24651907341,15427.01167523449
14783.986501415167,14783.986501415167,15421.146845959758,15422.185863311213,15427.01167523449
14783.986501415167,14783.986501415167,15421.13402929631,15422.177363077486,15427.01167523449
14783.986501415167,14783.986501415167,15421.049442178506,15422.154508752888,15427.01167523449
14783.986501415167,14783.986501415167,15421.003989996554,15422.13973175395,15427.01167523449
14783.986501415167,14783.986501415167,15420.763160595958,15422.10776856797,15427.01167523449
14783.986501415167,14783.986501415167,15420.768859504376,15422.116839379061,15427.01167523449
14783.986501415167,14783.986501415167,15420.853464375105,15422.1552417364,15427.01167523449
14783.986501415167,14783.986501415167,15420.786840199831,15422.159727592063,15427.01167523449
14783.986501415167,14783.986501415167,15420.744614903291,15422.13831336611,15427.01167523449
14783.986501415167,14783.986501415167,15420.797259886062,15422.104704274703,15427.01167523449
14783.986501415167,14783.986501415167,15420.741622051224,15422.062018643219,15427.01167523449
14783.986501415167,14783.986501415167,15420.766242505686,15422.06782048729,15427.01167523449
14783.986501415167,14783.986501415167,15420.777433803243,15422.006349560728,15427.01167523449
14783.986501415167,14783.986501415167,15420.762722440346,15421.991605478654,15427.01167523449
14783.986501415167,14783.986501415167,15420.863366093541,15421.98011700147,15427.01167523449
14783.986501415167,14783.986501415167,15420.809876245374,15421.930337980246,15427.01167523449
14783.986501415167,14783.986501415167,15420.708964370107,15421.893668869301,15427.01167523449
14783.986501415167,14783.986501415167,15420.748120180797,15421.850272887745,15427.01167523449
14783.986501415167,14783.986501415167,15420.857652976552,15421.825832078948,15427.01167523449
14783.986501415167,14783.986501415167,15421.037113712335,15421.819503058845,15427.01167523449
14783.986501415167,14783.986501415167,15421.3634903264,15421.832791514871,15427.01167523449
14783.986501415167,14783.986501415167,15421.452579396468,15421.833635053683,15427.01167523449
14783.986501415167,14783.986501415167,15421.741788373862,15421.859701083142,15427.01167523449
14783.986501415167,14783.986501415167,15422.033096110996,15421.865735614258,15427.01167523449
14783.986501415167,14783.986501415167,15422.208786500025,15421.867734324642,15427.01167523449
14783.986501415167,14783.986501415167,15422.405849747753,15421.869733035024,15427.01167523449
14783.986501415167,14783.986501415167,15422.676400187065,15421.885552837248,15427.01167523449
14783.986501415167,14783.986501415167,15422.919753708125,15421.893103432672,15427.01167523449
14783.986501415167,14783.986501415167,15423.068331365383,15421.9006540281,15427.01167523449
14783.986501415167,14783.986501415167,15423.15749843307,15421.918159148941,15427.01167523449
14783.986501415167,14783.986501415167,15423.145132322863,15421.935664269784,15427.01167523449
14783.986501415167,14783.986501415167,15423.211770750135,15421.912098981433,15427.01167523449
14783.986501415167,14783.986501415167,15423.093377243937,15421.878411267533,15427.01167523449
14783.986501415167,14783.986501415167,15422.923296607749,15421.834557674427,15427.01167523449
14783.986501415167,14783.986501415167,15422.970029347693,15421.827899718317,15427.01167523449
14783.986501415167,14783.986501415167,15422.865453174698,15421.800756198385,15427.01167523449
14783.986501415167,14783.986501415167,15422.779505023515,15421.783808426691,15427.01167523449
14783.986501415167,14783.986501415167,15422.724040481131,15421.779380044192,15427.01167523449
14783.986501415167,14783.986501415167,15422.668575938751,15421.774951661695,15427.01167523449
14783.986501415167,14783.986501415167,15422.563338769289,15421.765157542099,15427.01167523449
14783.986501415167,14783.986501415167,15422.503403783636,15421.780098888776,15427.01167523449
14783.986501415167,14783.986501415167,15422.576544899095,15421.82823336954,15427.01167523449
14783.986501415167,14783.986501415167,15422.589397812591,15421.85028788243,15427.01167523449
14783.986501415167,14783.986501415167,15422.604051333978,15421.865431297927,15427.01167523449
14783.986501415167,14783.986501415167,15422.416146587271,15421.844297824902,15427.01167523449
14783.986501415167,14783.986501415167,15422.330946015933,15421.836196937631,15427.01167523449
14783.986501415167,14783.986501415167,15422.544759694554,15421.912618730074,15427.01167523449
14783.986501415167,14783.986501415167,15422.766826037821,15421.989116121544,15427.01167523449
14783.986501415167,14783.986501415167,15422.666910632548,15422.001217163308,15427.01167523449
14783.986501415167,14783.986501415167,15422.550014724478,15422.021045105048,15427.01167523449
14783.986501415167,14783.986501415167,15422.444273603489,15422.039584417522,15427.01167523449
14783.986501415167,14783.986501415167,15422.378447302695,15422.077116970815,15427.01167523449
14783.986501415167,14783.986501415167,15422.443020841267,15422.12900361498,15427.01167523449
14783.986501415167,14783.986501415167,15422.645985561137,15422.193830410843,15427.01167523449
14783.986501415167,14783.986501415167,15422.775250662176,15422.24671583814,15427.01167523449
14783.986501415167,14783.986501415167,15422.89738803449,15422.26190264365,15427.01167523449
14783.986501415167,14783.986501415167,15422.703543231557,15422.28263450136,15427.01167523449
14783.986501415167,14783.986501415167,15422.50969842863,15422.333687767301,15427.01167523449
14783.986501415167,14783.986501415167,15422.500110172847,15422.352316217215,15427.01167523449
14783.986501415167,14783.986501415167,15422.521086786484,15422.365810485127,15427.01167523449
14783.986501415167,14783.986501415167,15422.691677688888,15422.429595545053,15427.01167523449
14783.986501415167,14783.986501415167,15422.758703697522,15422.475609209181,15427.01167523449
14783.986501415167,14783.986501415167,15422.82572970615,15422.538662795565,15427.01167523449
14783.986501415167,14783.986501415167,15422.756257414541,15422.592537405679,15427.01167523449
14783.986501415167,14783.986501415167,15422.784905043005,15422.631023628033,15427.01167523449
14783.986501415167,14783.986501415167,15422.95001121333,15422.689929637241,15427.01167523449
14783.986501415167,14783.986501415167,15422.963344878439,15422.733510603028,15427.01167523449
14783.986501415167,14783.986501415167,15422.977182200299,15422.779500171202,15427.01167523449
14783.986501415167,14783.986501415167,15423.128744723548,15422.806534566618,15427.01167523449
14783.986501415167,14783.986501415167,15423.266722880177,15422.811732318702,15427.01167523449
14783.986501415167,14783.986501415167,15423.255875298219,15422.808072539421,15427.01167523449
14783.986501415167,14783.986501415167,15423.294619509034,15422.844017231699,15427.01167523449
14783.986501415167,14783.986501415167,15423.271788994036,15422.844662919597,15427.01167523449
14783.986501415167,14783.986501415167,15423.318770584894,15422.849672300461,15427.01167523449
14783.986501415167,14783.986501415167,15423.266239811888,15422.842514290405,15427.01167523449
14783.986501415167,14783.986501415167,15423.149303198234,15422.838620327339,15427.01167523449
14783.986501415167,14783.986501415167,15423.108991801699,15422.820028925955,15427.01167523449
14783.986501415167,14783.986501415167,15423.06817674841,15422.80918477926,15427.01167523449
14783.986501415167,14783.986501415167,15423.062913662285,15422.805451025997,15427.01167523449
14783.986501415167,14783.986501415167,15423.044061807837,15422.789044993653,15427.01167523449
14783.986501415167,14783.986501415167,15422.910545509189,15422.761155176684,15427.01167523449
14783.986501415167,14783.986501415167,15422.838244444327,15422.769311970533,15427.01167523449
14783.986501415167,14783.986501415167,15422.86181129179,15422.798349729168,15427.01167523449
14783.986501415167,14783.986501415167,15422.869144267646,15422.838841832441,15427.01167523449
14783.986501415167,14783.986501415167,15422.978468596368,15422.844202140144,15427.01167523449
14783.986501415167,14783.986501415167,15422.947971444437,15422.855123981286,15427.01167523449
14783.986501415167,14783.986501415167,15422.91747429251,15422.847622779753,15427.01167523449
14783.986501415167,14783.986501415167,15423.041483106479,15422.872673304328,15427.01167523449
14783.986501415167,14783.986501415167,15423.128563320963,15422.89744850244,15427.01167523449
14783.986501415167,14783.986501415167,15423.132082245133,15422.902793688823,15427.01167523449
14783.986501415167,14783.986501415167,15423.376882792396,15422.935850978438,15427.01167523449
14783.986501415167,14783.986501415167,15423.500485393957,15422.954100069508,15427.01167523449
14783.986501415167,14783.986501415167,15423.558509994391,15422.992172165525,15427.01167523449
14783.986501415167,14783.986501415167,15423.472014888655,15423.012434543376,15427.01167523449
14783.986501415167,14783.986501415167,15423.269711150035,15423.014915052694,15427.01167523449
14783.986501415167,14783.986501415167,15423.375903026026,15423.064115383304,15427.01167523449
14783.986501415167,14783.986501415167,15423.482094902018,15423.035089821245,15427.01167523449
14783.986501415167,14783.986501415167,15423.37864504448,15422.995037105658,15427.01167523449
14783.986501415167,14783.986501415167,15423.22465261379,15423.008996898685,15427.01167523449
14783.986501415167,14783.986501415167,15423.163724017246,15423.025535547375,15427.01167523449
14783.986501415167,14783.986501415167,15422.918932720742,15423.030782801889,15427.01167523449
14783.986501415167,14783.986501415167,15422.678465833558,15423.01410377568,15427.01167523449
14783.986501415167,14783.986501415167,15422.64460511609,15423.032489020494,15427.01167523449
14783.986501415167,14783.986501415167,15422.755320552713,15423.03430154169,15427.01167523449
14783.986501415167,14783.986501415167,15422.954945331987,15423.050853986657,15427.01167523449
14783.986501415167,14783.986501415167,15423.035588711213,15423.09175551865,15427.01167523449
14783.986501415167,14783.986501415167,15423.111778242135,15423.116736823362,15427.01167523449
14783.986501415167,14783.986501415167,15423.292042212484,15423.151505862432,15427.01167523449
14783.986501415167,14783.986501415167,15423.278761169646,15423.164727098048,15427.01167523449
14783.986501415167,14783.986501415167,15423.463276110459,15423.213973412168,15427.01167523449
14783.986501415167,14783.986501415167,15423.421215674325,15423.176690398974,15427.01167523449
14783.986501415167,14783.986501415167,15423.5339097172,15423.169144979614,15427.01167523449
14783.986501415167,14783.986501415167,15423.536017124705,15423.174546504202,15427.01167523449
14783.986501415167,14783.986501415167,15423.471692277915,15423.177388514367,15427.01167523449
14783.986501415167,14783.986501415167,15423.592741313918,15423.21242124084,15427.01167523449
14783.986501415167,14783.986501415167,15423.469804719183,15423.19571421982,15427.01167523449
14783.986501415167,14783.986501415167,15423.370055377542,15423.198078923182,15427.01167523449
14783.986501415167,14783.986501415167,15422.983888691993,15423.15284716077,15427.01167523449
14783.986501415167,14783.986501415167,15422.957011619725,15423.130380477283,15427.01167523449
14783.986501415167,14783.986501415167,15422.858244087212,15423.132277653576,15427.01167523449
14783.986501415167,14783.986501415167,15422.83838201775,15423.09319174288,15427.01167523449
14783.986501415167,14783.986501415167,15422.735538985133,15423.057328874836,15427.01167523449
14783.986501415167,14783.986501415167,15422.492170665297,15423.018622838454,15427.01167523449
14783.986501415167,14783.986501415167,15422.293010831007,15422.972236563584,15427.01167523449
14783.986501415167,14783.986501415167,15421.90847711392,15422.940868701244,15427.01167523449
14783.986501415167,14783.986501415167,15421.914251162802,15422.948703812732,15427.01167523449
14783.986501415167,14783.986501415167,15421.983488742839,15422.972978311409,15427.01167523449
14783.986501415167,14783.986501415167,15422.257380876108,15422.99068798631,15427.01167523449
14783.986501415167,14783.986501415167,15422.54594277773,15423.02698630037,15427.01167523449
14783.986501415167,14783.986501415167,15422.712685380428,15423.066002368096,15427.01167523449
14783.986501415167,14783.986501415167,15422.561220765949,15423.023326794231,15427.01167523449
14783.986501415167,14783.986501415167,15422.500736377426,15422.989827261456,15427.01167523449
14783.986501415167,14783.986501415167,15422.516042556406,15422.949469091376,15427.01167523449
14783.986501415167,14783.986501415167,15422.774819822062,15422.95337167447,15427.01167523449
14783.986501415167,14783.986501415167,15423.03359708772,15422.951894399514,15427.01167523449
14783.986501415167,14783.986501415167,15423.009677115571,15422.96104494696,15427.01167523449
