Average Episodic Reward,Average Episodic N-Reward,Avg Reward (last 10),Avg Reward (last 50),Best Reward
9148.729617828589,9148.729617828589,11223.197699351405,11223.197699351405,11223.197699351405
9027.266347425888,9027.266347425888,10483.479884774722,10483.479884774722,11223.197699351405
10847.381121227227,10847.381121227227,7844.164440241128,7844.164440241128,11223.197699351405
10041.185626308907,10041.185626308907,10593.546941114455,10593.546941114455,18841.694443734435
10532.536005486607,10532.536005486607,10130.29085613662,10130.29085613662,18841.694443734435
9415.819917993927,9415.819917993927,10249.855969201226,10249.855969201226,18841.694443734435
10049.493210835093,10049.493210835093,9859.1799936707,9859.1799936707,18841.694443734435
10759.971424040625,10759.971424040625,10686.16008468073,10686.16008468073,18841.694443734435
10152.261183873024,10152.261183873024,11069.517315160156,11069.517315160156,18841.694443734435
10191.681355100085,10191.681355100085,11599.76749318641,11599.76749318641,18841.694443734435
10042.011957982777,10042.011957982777,11561.32252800577,11530.583907219012,18841.694443734435
10325.688314017123,10325.688314017123,11642.532503749291,11449.35706725353,18841.694443734435
10346.014629652822,10346.014629652822,12888.90431568748,11724.73357519986,18841.694443734435
10469.133199815664,10469.133199815664,11367.119422765627,11146.098713722438,18841.694443734435
10747.104134274996,10747.104134274996,10851.364414340142,10611.006561605636,18841.694443734435
9518.332776601565,9518.332776601565,10732.869576226467,10551.739473592002,18841.694443734435
8861.321594008312,8861.321594008312,10878.29717306048,10458.660687429396,18841.694443734435
10952.450015879222,10952.450015879222,10874.355030892737,10790.71283257629,18841.694443734435
9494.458058169595,9494.458058169595,10325.840070998904,10678.108239285812,18841.694443734435
10090.825090658594,10090.825090658594,8977.43118352264,10288.599338354525,18841.694443734435
10216.42826163622,10216.42826163622,8207.237947090227,9948.038211919591,18841.694443734435
11016.606596264504,11016.606596264504,8247.178275383625,9993.821252767208,18841.694443734435
10766.241516963393,10766.241516963393,7135.91954129606,9729.597038719947,18841.694443734435
10405.346957992731,10405.346957992731,8069.577373930035,9864.214822142269,18841.694443734435
10043.528538438053,10043.528538438053,8081.6594430668965,9599.26771419014,18841.694443734435
25065.977564620098,25065.977564620098,8151.654169093689,9628.62974109265,18841.694443734435
19528.620599840797,19528.620599840797,9415.370674842583,10072.25697906391,21606.565166316617
16819.39030424496,16819.39030424496,8850.765003747905,10097.874322280439,21606.565166316617
15214.354080861118,15214.354080861118,9808.39813041037,10378.208201742558,21606.565166316617
11827.166881812851,11827.166881812851,11479.220816645018,10685.473164451358,21606.565166316617
13694.582250622769,13694.582250622769,12130.933708142631,10652.198049410896,21606.565166316617
13477.685649165174,13477.685649165174,12611.036336521936,10811.700966440563,21606.565166316617
13967.62001046869,13967.62001046869,13639.857436133945,10914.524431875705,21606.565166316617
11021.270227056024,11021.270227056024,14004.312697077901,11081.890667711574,21606.565166316617
19136.022330618816,19136.022330618816,14902.935572251352,11114.601387921917,21606.565166316617
12697.149771339868,12697.149771339868,15107.66450355782,11150.583841777421,21606.565166316617
12268.211365601566,12268.211365601566,14145.843527036142,11173.226316353703,21606.565166316617
14712.446634215676,14712.446634215676,13964.034574681355,11115.284915017523,21606.565166316617
12729.815518087822,12729.815518087822,14228.859428911015,11365.554670247291,21606.565166316617
12707.147557846138,12707.147557846138,13127.877209950739,11296.074175826201,21606.565166316617
11021.869058574397,11021.869058574397,13153.854368412256,11262.358127216103,21606.565166316617
13913.513950360717,13913.513950360717,12493.572395097846,11212.146544692296,21606.565166316617
16297.3347372404,16297.3347372404,12036.19491445203,11175.37803247485,21606.565166316617
16361.279647400494,16361.279647400494,10821.301049499469,11022.665754481548,21606.565166316617
14598.358869660748,14598.358869660748,10847.955444588839,11055.346733847897,21606.565166316617
9549.991565349135,9549.991565349135,10936.760804300284,11104.10057276065,21606.565166316617
13444.802359532638,13444.802359532638,11883.32606488599,11324.31136923291,21606.565166316617
10869.11996267618,10869.11996267618,12343.238635997966,11371.108606888447,21606.565166316617
15121.623683557045,15121.623683557045,12029.06610410826,11500.96516695361,21606.565166316617
10719.778140882847,10719.778140882847,12417.43503463405,11520.346347587772,21606.565166316617
16467.57924833469,16467.57924833469,12453.184625667222,11501.306635463625,21606.565166316617
13775.736079325921,13775.736079325921,12097.104495306196,11418.284801211781,21606.565166316617
12548.637310563252,12548.637310563252,11566.71247325019,11453.517736163943,21606.565166316617
13773.079998335881,13773.079998335881,12144.589340073062,11281.379976669217,21606.565166316617
13083.427968331045,13083.427968331045,13335.910280557306,11603.965030960908,24406.519230809714
13496.05853827952,13496.05853827952,14164.481819740919,11818.686174583838,24406.519230809714
11402.115657328106,11402.115657328106,13174.662797605537,11899.500047486148,24406.519230809714
11850.150828186637,11850.150828186637,13021.790965039365,11810.836842071863,24406.519230809714
11790.993398366498,11790.993398366498,12599.982258438762,11798.429198573462,24406.519230809714
10575.097614942068,10575.097614942068,12170.920207400235,11634.576890430537,24406.519230809714
14253.850205352079,14253.850205352079,11444.389450928462,11477.92002004816,24406.519230809714
12519.872532654274,12519.872532654274,11472.540532340667,11384.286406930052,24406.519230809714
11553.633495620685,11553.633495620685,12612.202707885059,11398.177414603459,24406.519230809714
16941.42320110381,16941.42320110381,12622.1380069111,11532.383693498316,24406.519230809714
10367.810007161845,10367.810007161845,11721.502202271115,11777.992588547102,24406.519230809714
16255.126511328663,16255.126511328663,10886.00190584051,11849.312640506643,24406.519230809714
10482.123671399586,10482.123671399586,10937.323306419978,11911.305274158045,24406.519230809714
14046.430300434711,14046.430300434711,10807.716344012992,11797.509104695913,24406.519230809714
14482.994969345147,14482.994969345147,10672.730463421629,11867.80727705801,24406.519230809714
13800.756274531555,13800.756274531555,11444.877145968636,12128.066082919739,24406.519230809714
9855.369484957897,9855.369484957897,12422.009703764554,12320.874371383024,24406.519230809714
18993.442830003212,18993.442830003212,13066.718445121569,12348.194440877642,24406.519230809714
11277.86320862929,11277.86320862929,13913.240206060267,12753.6415475563,24406.519230809714
19670.992563926917,19670.992563926917,14517.890130551934,12822.046244822694,24406.519230809714
8965.659672961721,8965.659672961721,15059.228422927528,13173.506384519229,24406.519230809714
12999.373358208213,12999.373358208213,15136.095479437634,13246.200902575434,24406.519230809714
10377.391417016945,10377.391417016945,14887.033410774984,13005.637821344526,24406.519230809714
11720.370344341813,11720.370344341813,14996.218932398944,13026.59989042612,24406.519230809714
10798.170742797987,10798.170742797987,14044.541626345488,12715.035976245032,24406.519230809714
12663.517102889125,12663.517102889125,13721.101449809063,12576.442209552544,24406.519230809714
11566.760821205138,11566.760821205138,13818.220245357783,12658.331678826054,24406.519230809714
14269.739331575536,14269.739331575536,13376.15025765487,12501.217225104227,24406.519230809714
12124.930789796197,12124.930789796197,11941.490195971863,12413.968099523881,24406.519230809714
14255.037255245226,14255.037255245226,11727.006263313251,12366.584958069761,24406.519230809714
13187.861162976535,13187.861162976535,10153.551056698281,12223.629481408614,24406.519230809714
16012.38165130216,16012.38165130216,10339.220272661036,12292.512056396075,24406.519230809714
14211.892388610291,14211.892388610291,11372.297144981556,12450.92854493361,24406.519230809714
14913.643413082898,14913.643413082898,12593.748140468033,12752.542603583459,24406.519230809714
13759.501622188303,13759.501622188303,13857.428396470437,12640.749769756918,24406.519230809714
14724.953899524564,14724.953899524564,13293.23971843959,12609.514711250316,24406.519230809714
13292.808637691422,13292.808637691422,12911.939618551307,12609.948728853868,24406.519230809714
16773.792572576098,16773.792572576098,13992.39740473777,12800.982227032213,24406.519230809714
16911.953526765144,16911.953526765144,14936.785093961473,12994.08613542577,24406.519230809714
15647.815096291166,15647.815096291166,15132.973047507669,13228.919357671402,24406.519230809714
15636.372799443721,15636.372799443721,16148.175330193317,13283.673458529509,24406.519230809714
16561.30222102074,16561.30222102074,16504.825125856576,13406.124920707334,24406.519230809714
16389.738293757095,16389.738293757095,15314.903386679618,13137.244009292333,24406.519230809714
18625.22989773805,18625.22989773805,14373.249534306666,13158.5447832452,24406.519230809714
17810.929075730102,17810.929075730102,14180.644776169313,13071.065504169126,24406.519230809714
17287.24272939995,17287.24272939995,14832.877753176323,13092.603254958769,24406.519230809714
16895.23464565673,16895.23464565673,15299.390498335933,13179.189903387609,24406.519230809714
18650.312779588752,18650.312779588752,15483.050756801205,13478.171479331213,24406.519230809714
16478.636837792394,16478.636837792394,15097.322774704648,13700.20819571666,24406.519230809714
17433.24083369364,17433.24083369364,15854.712448063106,13970.94397926941,24406.519230809714
16925.309259145146,16925.309259145146,16132.345894081163,13842.96058123428,24406.519230809714
16506.55198121494,16506.55198121494,16128.45151812413,13798.918860383978,24406.519230809714
15332.019627112053,15332.019627112053,16365.209352681984,13775.353320307622,24406.519230809714
17900.77974281107,17900.77974281107,16837.690629124783,13921.724716062283,24406.519230809714
16912.921134037595,16912.921134037595,16731.88152118214,13897.445356717799,24406.519230809714
17021.204384102406,17021.204384102406,18215.011068124426,14301.421427103609,28378.20720756677
16594.307060986146,16594.307060986146,18494.422327399192,14589.196478681757,28378.20720756677
16299.587119010845,16299.587119010845,18631.9003389402,14910.043440651123,28378.20720756677
14855.684707853494,14855.684707853494,18482.60396830812,14874.288447801275,28378.20720756677
15664.920464892404,15664.920464892404,17567.01858360351,14959.920094607896,28378.20720756677
17297.686820195828,17297.686820195828,16863.069572655026,14871.274055311065,28378.20720756677
16811.12856591638,16811.12856591638,17011.44349610985,15024.007178437843,28378.20720756677
15884.21194016062,15884.21194016062,17238.08986462812,15035.50663194925,28378.20720756677
15479.932532449484,15479.932532449484,16536.713312600074,15067.524109779699,28378.20720756677
15260.488906990668,15260.488906990668,17012.192268947252,15165.337717822926,28378.20720756677
15225.624515881058,15225.624515881058,15900.438874267114,15192.533772763305,28378.20720756677
13390.275859820978,13390.275859820978,15600.554242935192,15224.905386515884,28378.20720756677
15444.814796797715,15444.814796797715,15310.716173250068,15358.84298627682,28378.20720756677
14065.235128254857,14065.235128254857,15730.979681824081,15237.836342954035,28378.20720756677
15313.263642280172,15313.263642280172,15426.16461726311,15141.57499195013,28378.20720756677
15397.658385901865,15397.658385901865,16114.880720695475,15082.404514864655,28378.20720756677
16997.50800480954,16997.50800480954,15302.4815627081,15057.28439509194,28378.20720756677
14387.955481180448,14387.955481180448,14737.04834540786,15005.509618875827,28378.20720756677
14328.397920864816,14328.397920864816,14954.828597828402,15059.246042865592,28378.20720756677
14318.035972096392,14318.035972096392,15840.077624603979,15524.444917474624,28378.20720756677
14492.312775197388,14492.312775197388,15383.911741721367,15525.09583114576,28378.20720756677
14291.85185259504,14291.85185259504,15169.874033194172,15495.23614408316,28378.20720756677
15780.400926855384,15780.400926855384,14396.536207223864,15562.920176190617,28378.20720756677
13035.128417901231,13035.128417901231,13733.046459994885,15596.147595758639,28378.20720756677
15322.472498209663,15322.472498209663,13972.041498242674,15590.582038936009,28378.20720756677
12475.198262857375,12475.198262857375,13244.828901708417,15700.660083866678,28378.20720756677
14295.630934122519,14295.630934122519,13133.47147825501,15616.134636210732,28378.20720756677
12644.225846709376,12644.225846709376,13951.606610906205,15521.371512060758,28378.20720756677
14207.925257443585,14207.925257443585,13400.65431515594,15220.627277803173,28378.20720756677
13332.046393955681,13332.046393955681,12307.319988187637,15214.423235818067,28378.20720756677
15206.033344454308,15206.033344454308,11930.639979603755,15252.575883378599,28378.20720756677
12134.868420076657,12134.868420076657,12438.36774267585,15400.52176890807,28378.20720756677
15760.18781257483,15760.18781257483,12993.102622429304,15363.061219728928,28378.20720756677
12228.127203039618,12228.127203039618,14654.737415907637,15539.738060147874,28378.20720756677
14144.502182435825,14144.502182435825,14609.310718872064,15485.849573208894,28378.20720756677
10648.170129800194,10648.170129800194,14716.421353539408,15414.309288535898,28378.20720756677
13237.806206809797,13237.806206809797,15696.506756119943,15454.47096226341,28378.20720756677
10464.976236225797,10464.976236225797,15321.245957468043,15522.640026218443,28378.20720756677
13892.469112843226,13892.469112843226,15704.864478597587,15486.950266661357,28378.20720756677
11806.85325238219,11806.85325238219,15574.27174917302,15493.148630418806,28378.20720756677
12975.346408535546,12975.346408535546,16099.924072771002,15505.985147297532,28378.20720756677
11670.556920855017,11670.556920855017,15104.772691564922,15361.598207553863,28378.20720756677
11660.734777148326,11660.734777148326,14505.541903569241,15167.559449082532,28378.20720756677
12588.167900211387,12588.167900211387,13067.829037722002,15133.839312751345,28378.20720756677
10831.672977138667,10831.672977138667,13489.863083783977,15012.879700353069,28378.20720756677
12004.867417394422,12004.867417394422,12895.474981505793,14766.935106020823,28378.20720756677
12667.026546439949,12667.026546439949,12390.995731900464,14706.979805018676,28378.20720756677
12063.728482159335,12063.728482159335,12811.902485523258,14811.978652786698,28378.20720756677
11558.168990953513,11558.168990953513,12159.710991310534,14551.354339098507,28378.20720756677
11689.265569450174,11689.265569450174,12676.927179665967,14682.15776211557,28378.20720756677
11472.776946595768,11472.776946595768,11728.46533508354,14208.676000689356,28378.20720756677
11698.229102686566,11698.229102686566,12495.573559751425,14161.828454024311,28378.20720756677
10501.289534620608,10501.289534620608,12252.399012663725,13891.65918382724,28378.20720756677
10550.13232515565,10550.13232515565,11372.167431729544,13711.752005435628,28378.20720756677
10767.615395420738,10767.615395420738,11399.011462995726,13779.278276231513,28378.20720756677
10941.429574570484,10941.429574570484,12403.133172972874,13874.947826084395,28378.20720756677
10881.445618336247,10881.445618336247,11967.395773297967,13698.170260456298,28378.20720756677
9396.757010264444,9396.757010264444,11893.927653018132,13743.146210464698,28378.20720756677
11288.551985391747,11288.551985391747,13994.199983236342,14042.851673225761,28378.20720756677
11367.739027962594,11367.739027962594,12713.002024947467,13822.319713315612,28378.20720756677
10234.662020313403,10234.662020313403,13685.266301589809,13765.64148615389,28378.20720756677
11617.979883683687,11617.979883683687,13064.49059435785,13654.615724308842,28378.20720756677
10639.005721638032,10639.005721638032,13816.146299026052,13592.745208982436,28378.20720756677
11652.943507084208,11652.943507084208,14885.217931012294,13542.59965527327,28378.20720756677
11060.390329646585,11060.390329646585,13849.356732936674,13463.916699366222,28378.20720756677
9876.811181554478,9876.811181554478,12904.343045214486,13232.840290988195,28378.20720756677
11349.462969797363,11349.462969797363,12558.727372925257,13149.419422499728,28378.20720756677
10160.72191735148,10160.72191735148,12267.53551376105,13249.243644135338,28378.20720756677
10199.848321126043,10199.848321126043,10176.33674872989,13087.153303406058,28378.20720756677
10200.079432891402,10200.079432891402,10243.936062379657,12703.091400870748,28378.20720756677
9255.923299398071,9255.923299398071,10229.798464272464,12734.818830664113,28378.20720756677
9460.603993717632,9460.603993717632,10711.342743550262,12762.909466380062,28378.20720756677
11191.641800462903,11191.641800462903,10103.157805453011,12734.069528628266,28378.20720756677
9967.803240522655,9967.803240522655,9326.711488953319,12661.332661064958,28378.20720756677
10843.321967985683,10843.321967985683,9233.312299756637,12516.170859669017,28378.20720756677
10357.327255075368,10357.327255075368,9230.733493483913,12430.021209343295,28378.20720756677
10312.652827751539,10312.652827751539,9670.661407929036,12456.857408434533,28378.20720756677
10392.121222760508,10392.121222760508,9529.962161882198,12364.914754330535,28378.20720756677
8891.975107208524,8891.975107208524,9631.83504679311,12333.389449733491,28378.20720756677
10106.991339522086,10106.991339522086,9769.583408532153,12195.54408493965,28378.20720756677
10083.094177242026,10083.094177242026,9563.925014305292,12261.47583760442,28378.20720756677
9981.454890283618,9981.454890283618,9404.233455275255,12156.08260889994,28378.20720756677
10123.15841632493,10123.15841632493,9424.727403236295,12020.394484789666,28378.20720756677
9873.17660236394,9873.17660236394,9401.186055611577,11610.622389005748,28378.20720756677
10229.812696269162,10229.812696269162,9492.954292708777,11492.899574436358,28378.20720756677
10820.780587822273,10820.780587822273,9661.9045171297,11419.117842061352,28378.20720756677
9256.446311286474,9256.446311286474,9259.91208229156,11169.538473668856,28378.20720756677
11706.956979419345,11706.956979419345,9075.541886755827,11115.773940188095,28378.20720756677
10835.844596375373,10835.844596375373,9073.366410004937,11007.089836014964,28378.20720756677
9191.644228601894,9191.644228601894,9612.324184072224,11003.154571919495,28378.20720756677
11142.000958744571,11142.000958744571,9784.93413917825,10998.47785088587,28378.20720756677
11069.441526270124,11069.441526270124,9163.876156903953,10967.903301967748,28378.20720756677
9273.505899682243,9273.505899682243,9364.878083671338,10992.261720810084,28378.20720756677
10914.545326414625,10914.545326414625,9756.995290519633,10948.455639565274,28378.20720756677
9357.356438317998,9357.356438317998,9710.418451973246,10737.010648074212,28378.20720756677
10551.658984052934,10551.658984052934,10068.938554543443,10853.810556668883,28378.20720756677
9506.632804480822,9506.632804480822,10017.495393763107,10694.838406041386,28378.20720756677
9819.759758471604,9819.759758471604,9705.3525748239,10494.46395804822,28378.20720756677
9662.980317898047,9662.980317898047,9529.928956725324,10481.13342909792,28378.20720756677
10892.285153475159,10892.285153475159,9154.569560843385,10298.683048154977,28378.20720756677
10409.750836463405,10409.750836463405,8849.13908433359,10422.612600735882,28378.20720756677
10292.271843526607,10292.271843526607,8875.020236700331,10243.792637357528,28378.20720756677
9668.4314968832,9668.4314968832,8380.959391806296,10217.973796638596,28378.20720756677
10059.914773382481,10059.914773382481,8359.702880324801,10345.962729284325,28378.20720756677
10224.816687781331,10224.816687781331,9088.033273376032,10274.815010150272,28378.20720756677
8236.832226428405,8236.832226428405,9011.492198736656,10175.482361821638,28378.20720756677
9657.675205319067,9657.675205319067,8905.674115044178,10082.494074390626,28378.20720756677
8969.651759964894,8969.651759964894,9129.90878881534,9941.660185207662,28378.20720756677
9841.621649966657,9841.621649966657,9548.87207075363,9592.067846601378,28378.20720756677
9808.522129598903,9808.522129598903,9198.943191484314,9595.871281462347,28378.20720756677
9757.826490067722,9757.826490067722,9765.605166004927,9638.680373618903,28378.20720756677
9417.752092711973,9417.752092711973,10541.608047819855,9739.216128049931,28378.20720756677
10213.578911215649,10213.578911215649,10448.448233272129,9544.434183487814,28378.20720756677
10244.865810846928,10244.865810846928,10480.93332728474,9465.105808538816,28378.20720756677
8908.757051981134,8908.757051981134,9546.895967146873,9414.322856992314,28378.20720756677
10303.201061691656,10303.201061691656,9160.764117487102,9426.766576276163,28378.20720756677
10337.179731972119,10337.179731972119,8956.938630374463,9362.136325880469,28378.20720756677
9804.784445634194,9804.784445634194,9426.729060509952,9373.498894557442,28378.20720756677
10584.817931136093,10584.817931136093,9160.470994461868,9388.894695747771,28378.20720756677
9745.077508695445,9745.077508695445,9553.094291158191,9457.702927218053,28378.20720756677
9189.854876822334,9189.854876822334,9482.955184891096,9489.31171774263,28378.20720756677
10796.743368953823,10796.743368953823,9308.243978165698,9458.596374973018,28378.20720756677
9633.102330557977,9633.102330557977,9621.704168624356,9448.143456122083,28378.20720756677
10060.62378036856,10060.62378036856,9029.138853014418,9405.591281351033,28378.20720756677
10829.016763193074,10829.016763193074,9202.371306268049,9408.134658294595,28378.20720756677
9311.109943616413,9311.109943616413,9209.729192321307,9422.56571604364,28378.20720756677
9920.674458161706,9920.674458161706,9473.382874896377,9322.680619273937,28378.20720756677
10360.436547155494,10360.436547155494,9024.926455388788,9272.49175325876,28378.20720756677
10027.743356720317,10027.743356720317,8647.117475746556,9191.951181538461,28378.20720756677
11764.578419565541,11764.578419565541,8570.505106599423,9217.887266831507,28378.20720756677
10554.281234091555,10554.281234091555,7655.826172628791,9107.69194940733,28378.20720756677
8569.006857850512,8569.006857850512,7623.832454787303,9102.516174875427,28378.20720756677
9686.34143843071,9686.34143843071,7211.114965960839,9005.420968666991,28378.20720756677
9046.693589904948,9046.693589904948,7448.674782373479,9015.089026703416,28378.20720756677
10811.789918992194,10811.789918992194,7581.317119982074,9025.807223749254,28378.20720756677
9968.611042785873,9968.611042785873,7898.458693742146,9069.876551366131,28378.20720756677
10190.336816725427,10190.336816725427,7572.719071015454,8985.242017018716,28378.20720756677
9648.251677116981,9648.251677116981,7556.472200982996,8968.677816104195,28378.20720756677
10009.376254774666,10009.376254774666,7659.095579867145,8909.097015510903,28378.20720756677
10066.16797834901,10066.16797834901,7648.618854469637,8825.146200910991,28378.20720756677
9412.125619217803,9412.125619217803,7800.323209723004,8710.76976351628,28378.20720756677
10552.538134361203,10552.538134361203,7518.132203883923,8773.367384271422,28378.20720756677
10727.551511243195,10727.551511243195,7543.055942215183,8641.05654037576,28378.20720756677
10990.673189266729,10990.673189266729,8325.096934487936,8728.709355497076,28378.20720756677
9585.434978123722,9585.434978123722,8702.126008513806,8824.148735057366,28378.20720756677
9869.174855983094,9869.174855983094,8228.371380836968,8701.763116624836,28378.20720756677
9506.392508507204,9506.392508507204,8473.226047388525,8676.388147743799,28378.20720756677
10422.825586661833,10422.825586661833,8500.899679489947,8727.787237037404,28378.20720756677
10133.977301959525,10133.977301959525,8719.854823281357,8747.08218882211,28378.20720756677
9352.633648787116,9352.633648787116,8705.41941950708,8735.316172643728,28378.20720756677
9013.46628983706,9013.46628983706,8842.585141891186,8709.458975027801,28378.20720756677
10534.79207012319,10534.79207012319,9362.707940558026,8870.90492504296,28378.20720756677
9876.498806556363,9876.498806556363,9749.573036053296,8914.77926922516,28378.20720756677
10001.286406282394,10001.286406282394,8673.55051435356,8791.478882302827,28378.20720756677
10759.475476633332,10759.475476633332,8101.764062723474,8626.894892926854,28378.20720756677
10763.656031115173,10763.656031115173,8822.776896433474,8664.0200561642,28378.20720756677
8672.211337009128,8672.211337009128,8874.376698006745,8670.128664336311,28378.20720756677
10570.904657748055,10570.904657748055,9084.693758294492,8718.744230933235,28378.20720756677
8745.962425251713,8745.962425251713,9408.078876889054,8718.923550049196,28378.20720756677
10764.056328317942,10764.056328317942,8999.731020965612,8695.473738539988,28378.20720756677
9554.890052192726,9554.890052192726,8702.095205417605,8496.756982910336,28378.20720756677
9980.128257007154,9980.128257007154,8141.706470489135,8390.924609576816,28378.20720756677
9947.567453144802,9947.567453144802,7908.493014003968,8406.788225371529,28378.20720756677
11025.382503487725,11025.382503487725,9663.250169003995,8627.942250646676,28378.20720756677
9508.930331953301,9508.930331953301,9569.868754207113,8631.489450338902,28378.20720756677
8481.82500482846,8481.82500482846,9274.099721306726,8686.687176928122,28378.20720756677
11143.738745722894,11143.738745722894,8962.80538320514,8671.302014902445,28378.20720756677
9028.785311355283,9028.785311355283,9098.783196476517,8653.155058126547,28378.20720756677
10348.71391519879,10348.71391519879,8932.217199567607,8673.272791070343,28378.20720756677
9624.172435040055,9624.172435040055,10012.479070992733,8787.350694506897,28378.20720756677
10325.975282387903,10325.975282387903,10571.424230746099,8714.450792081338,28378.20720756677
8870.656805257091,8870.656805257091,10992.697038271022,8727.815221597883,28378.20720756677
8766.285925025953,8766.285925025953,11038.19716020892,8690.08682368844,28378.20720756677
11138.979831256222,11138.979831256222,9720.070128309158,8766.128505705625,28378.20720756677
9678.328941540429,9678.328941540429,9795.896154445032,8750.1944199743,28378.20720756677
10671.899496632619,10671.899496632619,9604.765785266149,8765.694495517091,28378.20720756677
9103.981762533002,9103.981762533002,9972.07363538867,8771.040167000907,28378.20720756677
9618.190764822699,9618.190764822699,10717.135306762571,8991.596828401303,28378.20720756677
9869.101990347812,9869.101990347812,10483.435472331137,9040.53639038726,28378.20720756677
9681.165044892192,9681.165044892192,10183.666023158494,9109.982877818711,28378.20720756677
10657.078619417369,10657.078619417369,9458.753887796187,9075.036335114817,28378.20720756677
10273.906092405652,10273.906092405652,9253.055430775396,9053.6598167955,28378.20720756677
10260.695946074338,10260.695946074338,8914.81789990126,9030.827410476528,28378.20720756677
9746.1433972955,9746.1433972955,8933.805910382398,9063.15473130741,28378.20720756677
9275.051033020209,9275.051033020209,9479.414482918342,9129.813892561555,28378.20720756677
9246.245757589366,9246.245757589366,10169.713476118926,9219.94545199245,28378.20720756677
9732.94558606047,9732.94558606047,10059.75818580782,9268.44798995938,28378.20720756677
9559.504427906395,9559.504427906395,8574.788364345624,9195.260061073832,28378.20720756677
9472.043513451055,9472.043513451055,8445.866142657334,9197.890502945298,28378.20720756677
9383.218968689851,9383.218968689851,7826.180004835897,9145.495107891964,28378.20720756677
10362.320994302157,10362.320994302157,8476.77734647343,9210.3271624649,28378.20720756677
9897.053330346407,9897.053330346407,8046.07766842312,9159.248909703341,28378.20720756677
9729.821606761137,9729.821606761137,8504.053103911723,9223.026842815836,28378.20720756677
9706.757111474386,9706.757111474386,8018.62668784538,9001.8606819789,28378.20720756677
9839.595366670932,9839.595366670932,7516.477043629022,8892.684099584596,28378.20720756677
9659.062631849876,9659.062631849876,7079.995619188479,8990.27029966275,28378.20720756677
10269.564833279665,10269.564833279665,6912.652237719476,8956.333228025569,28378.20720756677
9513.629799747072,9513.629799747072,7254.6870422942575,8946.017533634691,28378.20720756677
8910.900276454282,8910.900276454282,7315.370844121714,8916.993707113368,28378.20720756677
8684.01584014864,8684.01584014864,7288.2796488787935,8862.067153766304,28378.20720756677
9823.244194307292,9823.244194307292,7356.904093409061,8913.190952768477,28378.20720756677
10388.142994583779,10388.142994583779,7324.897799570196,8751.686881505773,28378.20720756677
9825.43191234277,9825.43191234277,7548.140479265252,8782.740331458224,28378.20720756677
10577.54941757337,10577.54941757337,8030.477621468615,8873.246103401909,28378.20720756677
10977.435475223256,10977.435475223256,8103.342936005091,8892.999874240919,28378.20720756677
9554.9827678852,9554.9827678852,7928.797869040641,8811.474494184184,28378.20720756677
9638.590436725526,9638.590436725526,8257.437791542348,8832.94544673269,28378.20720756677
8673.038813756004,8673.038813756004,7941.276107823032,8717.334003540402,28378.20720756677
9509.561013196628,9509.561013196628,8051.134269160594,8645.604785567677,28378.20720756677
9386.611519656019,9386.611519656019,8321.29033025802,8726.379015624787,28378.20720756677
9098.032007864387,9098.032007864387,9131.076616217004,8998.987234928356,28378.20720756677
10097.688301528618,10097.688301528618,9456.913665986438,9014.728320605233,28378.20720756677
9737.117723039797,9737.117723039797,9212.185450242006,9043.478818705833,28378.20720756677
9549.508195938168,9549.508195938168,9415.797503162024,8823.755570233514,28378.20720756677
9531.384000824533,9531.384000824533,9533.089293413495,8885.643982082196,28378.20720756677
9123.462458325506,9123.462458325506,9372.505180231045,8831.155585969047,28378.20720756677
9210.799727181433,9210.799727181433,9778.60504916526,8996.105379924715,28378.20720756677
8804.921328437058,8804.921328437058,10072.222522477226,8912.021868740543,28378.20720756677
8943.91424826236,8943.91424826236,10370.60713931296,8933.282773516747,28378.20720756677
9470.379972130173,9470.379972130173,10550.553933867928,8833.993988199827,28378.20720756677
9301.459167588204,9301.459167588204,9100.978408515533,8704.898070482242,28378.20720756677
9680.024690174312,9680.024690174312,9121.089233610186,8640.406759673067,28378.20720756677
9180.935350528558,9180.935350528558,8826.98756110891,8601.23689888583,28378.20720756677
9284.835845783145,9284.835845783145,8277.259391976146,8535.193422966913,28378.20720756677
9616.479732130178,9616.479732130178,7794.543051533697,8485.37336149993,28378.20720756677
9673.491386674945,9673.491386674945,7981.486279980961,8506.49968491201,28378.20720756677
9862.849343579117,9862.849343579117,7917.245091008672,8585.139671048715,28378.20720756677
9388.764456922147,9388.764456922147,7921.932313905662,8352.98127016916,28378.20720756677
9586.569880579042,9586.569880579042,7491.63089646425,8334.92185834337,28378.20720756677
9283.098780370192,9283.098780370192,7136.152545201735,8224.491292608474,28378.20720756677
8369.232429796022,8369.232429796022,7118.85771422432,8236.91883576787,28378.20720756677
9264.725979035426,9264.725979035426,7524.162783071142,8294.628230132215,28378.20720756677
9107.944454625665,9107.944454625665,7994.416613515388,8417.156641608655,28378.20720756677
8967.217945635419,8967.217945635419,8103.11187028149,8369.05461494673,28378.20720756677
8874.343872485268,8874.343872485268,8583.827399082782,8306.255944732817,28378.20720756677
9964.731071452072,9964.731071452072,8591.243181411819,8190.805625970589,28378.20720756677
8388.082454129528,8388.082454129528,8044.294057521768,8182.046845391505,28378.20720756677
8660.481072710963,8660.481072710963,8025.32491688812,8243.088580677659,28378.20720756677
8957.788566050147,8957.788566050147,8797.373946711301,8405.223419154163,28378.20720756677
8981.823498907386,8981.823498907386,9033.957681739328,8466.046827989161,28378.20720756677
9039.859109372004,9039.859109372004,9055.379601370929,8352.63928674737,28378.20720756677
8716.564166940381,8716.564166940381,8322.769645786848,8349.966625604962,28378.20720756677
9379.606482745212,9379.606482745212,8375.638048598228,8391.473630545957,28378.20720756677
9377.178958085855,9377.178958085855,8392.313839244289,8443.792045226513,28378.20720756677
9396.464004727084,9396.464004727084,8102.405742270084,8423.44168446103,28378.20720756677
9999.455841438523,9999.455841438523,7667.498167535363,8308.306135639965,28378.20720756677
9163.875420658514,9163.875420658514,7765.655583825222,8352.647514612654,28378.20720756677
9669.2896820351,9669.2896820351,7879.037275593769,8367.958627337563,28378.20720756677
8872.279707738162,8872.279707738162,7395.350340266092,8421.219318383039,28378.20720756677
10280.15888491213,10280.15888491213,7363.427955906433,8481.076489394687,28378.20720756677
9746.788309708547,9746.788309708547,7676.379985637672,8416.53446519309,28378.20720756677
9256.788990757083,9256.788990757083,8478.572078352785,8580.70148136148,28378.20720756677
9282.79388417576,9282.79388417576,8107.107206881313,8503.266976069168,28378.20720756677
9248.34759384247,9248.34759384247,8373.825000846686,8512.461521102126,28378.20720756677
9754.00312770892,9754.00312770892,8429.136837866197,8488.600464833251,28378.20720756677
8610.89898961694,8610.89898961694,8547.086691869723,8431.963900205781,28378.20720756677
9705.826731028712,9705.826731028712,8692.90256759178,8439.74046982254,28378.20720756677
8927.828893786838,8927.828893786838,8852.467227244546,8550.196851221865,28378.20720756677
9035.293069064857,9035.293069064857,8904.513343227509,8591.895133196422,28378.20720756677
8834.495219233557,8834.495219233557,8486.513490681642,8514.121121479413,28378.20720756677
9172.770640574463,9172.770640574463,8622.250381177015,8314.769218185094,28378.20720756677
8734.432114205514,8734.432114205514,8165.059526984272,8322.330653561046,28378.20720756677
8800.607916641322,8800.607916641322,8425.316071501384,8345.893100321045,28378.20720756677
8617.750188629827,8617.750188629827,8629.508700408662,8355.203760551456,28378.20720756677
9281.439890592772,9281.439890592772,8496.473169759058,8281.277240102365,28378.20720756677
8959.966916070367,8959.966916070367,8579.02484190677,8273.267832540929,28378.20720756677
8193.918493345986,8193.918493345986,8249.742231047927,8133.967906199075,28378.20720756677
9593.332659895805,9593.332659895805,8001.449237922434,8136.042194310905,28378.20720756677
9289.1256943483,9289.1256943483,7868.420353267456,8091.45777598732,28378.20720756677
8744.482850462586,8744.482850462586,8307.858844661028,8065.582103638033,28378.20720756677
9842.321815595113,9842.321815595113,8690.192212660058,8232.611979014,28378.20720756677
9164.906677177574,9164.906677177574,8227.030307440818,8143.518868327173,28378.20720756677
9207.143525306587,9207.143525306587,7876.808443887863,8155.8572768768345,28378.20720756677
9577.121406701965,9577.121406701965,7328.127191373014,8165.377320430828,28378.20720756677
9268.034223754665,9268.034223754665,7366.695048093289,8195.707639414282,28378.20720756677
8945.940348118917,8945.940348118917,7687.133510833586,8214.397278711453,28378.20720756677
9277.520899046962,9277.520899046962,7717.4217436444105,8094.003236726221,28378.20720756677
9711.36215918454,9711.36215918454,7715.974500406461,8094.850631611064,28378.20720756677
8604.167199529855,8604.167199529855,7629.923441225139,8119.116284939498,28378.20720756677
8804.075646367412,8804.075646367412,7307.000444237189,8099.751683445123,28378.20720756677
8650.557201987858,8650.557201987858,7042.0483991544315,8217.250116000021,28378.20720756677
9168.338743299759,9168.338743299759,7025.561847630373,8043.798681239018,28378.20720756677
8490.211476523898,8490.211476523898,6940.804168477172,7945.134787869192,28378.20720756677
9361.162816953934,9361.162816953934,6756.605494851996,7896.076045344929,28378.20720756677
9060.225894065368,9060.225894065368,7187.484569566489,7916.439073511022,28378.20720756677
9141.121565299427,9141.121565299427,7181.538667060566,7932.4563758412005,28378.20720756677
8322.506656079535,8322.506656079535,7209.937736424455,7927.131972506759,28378.20720756677
8891.417604083283,8891.417604083283,6988.73643983124,7887.532936199689,28378.20720756677
9443.225577058309,9443.225577058309,6986.517832191615,7756.945062035561,28378.20720756677
8598.474408319726,8598.474408319726,7009.538828609357,7694.867912819131,28378.20720756677
9231.124857754008,9231.124857754008,6638.9579906929375,7733.965793864423,28378.20720756677
9186.762528285137,9186.762528285137,6985.130262922699,7776.27080466619,28378.20720756677
8813.58565295945,8813.58565295945,7194.77606669706,7708.962391488958,28378.20720756677
9476.67596159054,9476.67596159054,7394.577348129053,7696.528747121882,28378.20720756677
8419.482968473174,8419.482968473174,7020.155578817868,7699.98904082058,28378.20720756677
8966.519446388864,8966.519446388864,6530.393881020833,7705.035518538297,28378.20720756677
8601.135170452615,8601.135170452615,7197.494436060841,7813.4997429538835,28378.20720756677
9015.391347698189,9015.391347698189,7486.9243247141885,7809.110346023775,28378.20720756677
9595.375187476993,9595.375187476993,7778.1117026987,7833.497334522083,28378.20720756677
9286.169991649216,9286.169991649216,7742.511610688726,7770.684643775589,28378.20720756677
9826.062818994227,9826.062818994227,7984.334467954631,7795.556690327815,28378.20720756677
10723.204003328812,10723.204003328812,7782.895704972773,7637.135529990187,28378.20720756677
8756.827280906638,8756.827280906638,8144.855732391034,7716.512096590903,28378.20720756677
9546.063357133526,9546.063357133526,8107.738357217362,7643.311418396017,28378.20720756677
9406.39771931642,9406.39771931642,8523.557851455962,7718.873243538533,28378.20720756677
8424.926034563656,8424.926034563656,8775.72295443378,7750.762771051107,28378.20720756677
9903.355313625429,9903.355313625429,7836.154111579837,7642.150051751494,28378.20720756677
9019.599350948867,9019.599350948867,7657.976555537212,7570.2122116823075,28378.20720756677
9121.821672523654,9121.821672523654,7645.195321110608,7581.633730098704,28378.20720756677
9209.48762938457,9209.48762938457,7765.555408619124,7626.493027363085,28378.20720756677
8344.483594440015,8344.483594440015,7728.801406618547,7616.86689541612,28378.20720756677
8541.211732262096,8541.211732262096,8028.882223796614,7609.900069352658,28378.20720756677
8704.32864609844,8704.32864609844,8355.483984562132,7702.5456792030545,28378.20720756677
8167.577238890937,8167.577238890937,8542.440399783296,7625.897758270946,28378.20720756677
8942.665972753519,8942.665972753519,8244.445332415773,7668.467676069876,28378.20720756677
8915.607884445359,8915.607884445359,8442.495108401505,7723.456824350054,28378.20720756677
8924.100459781472,8924.100459781472,8891.94565977844,7770.590737497597,28378.20720756677
9418.177877036245,9418.177877036245,8702.093771789561,7710.341118455733,28378.20720756677
8752.244983289751,8752.244983289751,8416.717044758405,7691.2930683968925,28378.20720756677
8448.30001954934,8448.30001954934,8433.917391469673,7651.704736724815,28378.20720756677
9357.263617999528,9357.263617999528,8185.237413688861,7515.8759356218825,28378.20720756677
8847.848992440973,8847.848992440973,7821.7364987811725,7528.841307620729,28378.20720756677
8283.47801757977,8283.47801757977,7909.326182858966,7709.049226997274,28378.20720756677
8360.395213405323,8360.395213405323,7857.736193887642,7731.819558773871,28378.20720756677
9364.794903617305,9364.794903617305,7637.651368807239,7722.658940212667,28378.20720756677
8765.801463955733,8765.801463955733,7323.991035706507,7650.8283293246395,28378.20720756677
8085.020725882229,8085.020725882229,7206.599903327553,7668.426369434225,28378.20720756677
9694.485938790887,9694.485938790887,7680.739093790847,7703.29403713261,28378.20720756677
8288.473182142103,8288.473182142103,7611.495906098746,7687.607561371614,28378.20720756677
8052.388996844773,8052.388996844773,7778.857129338699,7746.076073745116,28378.20720756677
8353.488244944165,8353.488244944165,7652.0404783109825,7637.874351453191,28378.20720756677
9213.881939401908,9213.881939401908,7833.600995436085,7690.449137181869,28378.20720756677
9058.101387632929,9058.101387632929,7276.459946933542,7776.180382688546,28378.20720756677
8592.400493891455,8592.400493891455,7405.582632084147,7861.6149862203,28378.20720756677
8437.3333371915,8437.3333371915,8151.991369007231,7915.560300100815,28378.20720756677
8414.37776267726,8414.37776267726,8185.710252947807,7851.662646502086,28378.20720756677
8349.884578037436,8349.884578037436,8068.377661925899,7840.114354534514,28378.20720756677
8779.524518307004,8779.524518307004,7868.873036038442,7879.321356374051,28378.20720756677
8789.774011009229,8789.774011009229,7840.672587997426,7858.438512532777,28378.20720756677
8538.725958165733,8538.725958165733,7845.956585254922,7913.359625074228,28378.20720756677
7993.972732502583,7993.972732502583,7824.001210711656,7874.8829954569355,28378.20720756677
8456.703185885632,8456.703185885632,8090.094816924099,7911.442047982148,28378.20720756677
9014.51581069944,9014.51581069944,7996.461360229301,7936.517441394995,28378.20720756677
8656.673309102223,8656.673309102223,7546.694268979477,7892.038370390385,28378.20720756677
8837.207037734755,8837.207037734755,6994.51879381728,7910.432943100696,28378.20720756677
7979.1232258677455,7979.1232258677455,6851.677363614956,7915.919343020912,28378.20720756677
8451.4236086595,8451.4236086595,6915.846880745603,7783.784843471465,28378.20720756677
9701.680513088262,9701.680513088262,6554.672673658676,7692.871026162948,28378.20720756677
8478.132051073268,8478.132051073268,6940.987358076687,7691.013643608375,28378.20720756677
8907.080063150512,8907.080063150512,6838.024176095898,7732.4621381556635,28378.20720756677
8123.371124653267,8123.371124653267,7406.051741520278,7759.226450170066,28378.20720756677
9779.846224523879,9779.846224523879,6999.347904047354,7754.732487797067,28378.20720756677
8508.144263028596,8508.144263028596,6809.970795764221,7669.540454069634,28378.20720756677
8067.859395189914,8067.859395189914,6934.450625542837,7657.38082405548,28378.20720756677
8879.9769563655,8879.9769563655,6872.589194342887,7580.239211678081,28378.20720756677
8570.824387107354,8570.824387107354,7317.9744034765945,7624.3696328294745,28378.20720756677
8138.912040951292,8138.912040951292,7658.030386073404,7748.160098370178,28378.20720756677
8906.643058566255,8906.643058566255,8132.686520784269,7787.81301921236,28378.20720756677
8990.995613557578,8990.995613557578,8202.876915415993,7802.54996246945,28378.20720756677
8816.49862518227,8816.49862518227,8535.853608337135,7886.521778099263,28378.20720756677
8220.83142181631,8220.83142181631,8193.392393813105,7852.144647608976,28378.20720756677
7935.831780073286,7935.831780073286,8123.730519037361,7773.702146845214,28378.20720756677
8370.817430020477,8370.817430020477,7961.450222505284,7590.733701658263,28378.20720756677
8317.867192887443,8317.867192887443,7991.635513066527,7547.219846712125,28378.20720756677
8767.667577364082,8767.667577364082,8038.263505905588,7539.0028463760445,28378.20720756677
8292.550179233356,8292.550179233356,7604.397669257039,7456.750145000579,28378.20720756677
8664.908642513266,8664.908642513266,7164.998973047676,7402.770761024025,28378.20720756677
8441.635327814083,8441.635327814083,7993.794465622198,7646.153157978885,28378.20720756677
8337.66433518742,8337.66433518742,7667.917783524655,7652.790110222701,28378.20720756677
8456.765512117616,8456.765512117616,7252.782663223066,7650.294832449943,28378.20720756677
9185.856635709955,9185.856635709955,7577.514504173033,7730.60006570581,28378.20720756677
8909.143964012963,8909.143964012963,7937.812872854219,7796.917421659824,28378.20720756677
7786.936182152896,7786.936182152896,8084.671675945026,7625.802800275475,28378.20720756677
8415.86295231699,8415.86295231699,7938.492105906829,7563.371029115963,28378.20720756677
7678.3955698656155,7678.3955698656155,8220.296735097587,7655.531919634114,28378.20720756677
8361.500088825758,8361.500088825758,8611.3058018402,7714.21309822732,28378.20720756677
8866.846636969165,8866.846636969165,8667.24123757138,7694.899027872793,28378.20720756677
8713.380133848887,8713.380133848887,7593.262348656685,7628.657808952054,28378.20720756677
8121.626133464224,8121.626133464224,7551.735130034496,7640.837955009851,28378.20720756677
8375.33421058952,8375.33421058952,7491.86130654855,7592.895667891913,28378.20720756677
8667.626311397573,8667.626311397573,7004.368263498765,7601.065622743368,28378.20720756677
7392.721463479126,7392.721463479126,7100.396692111417,7650.276560994891,28378.20720756677
8281.726456976676,8281.726456976676,7411.060944924704,7652.7229998737075,28378.20720756677
8428.317253556459,8428.317253556459,8108.275911298939,7703.909684958921,28378.20720756677
8177.887253501481,8177.887253501481,8437.737464942335,7712.681138821137,28378.20720756677
8641.249539784292,8641.249539784292,8229.97204004673,7723.065455647105,28378.20720756677
8502.938519609712,8502.938519609712,8399.688045714456,7761.161104630503,28378.20720756677
8547.136843386623,8547.136843386623,8590.288695572166,7772.940940858797,28378.20720756677
8288.205785120483,8288.205785120483,9351.626056503568,7943.02864871108,28378.20720756677
8296.96724133348,8296.96724133348,9285.98633713612,7880.9016182681535,28378.20720756677
9586.301973260113,9586.301973260113,9620.78619740503,7960.422620082042,28378.20720756677
8797.516591874124,8797.516591874124,9220.169211188691,7876.29143984781,28378.20720756677
8095.7235541373,8095.7235541373,9033.37341424022,7860.105410675892,28378.20720756677
7744.394326229115,7744.394326229115,8720.511449149046,7938.673120992836,28378.20720756677
8319.192505081988,8319.192505081988,8428.201544043848,7999.41768886645,28378.20720756677
8340.64867670812,8340.64867670812,8376.343780985972,8027.998739121308,28378.20720756677
8100.661282868481,8100.661282868481,8428.181124710478,8063.627953423481,28378.20720756677
8621.88044098582,8621.88044098582,8797.81066811976,8221.568539751017,28378.20720756677
8385.848039954237,8385.848039954237,8242.034053105082,8203.23798771676,28378.20720756677
8343.974225991915,8343.974225991915,8316.19243683931,8176.535270416836,28378.20720756677
8503.342191707823,8503.342191707823,8033.593103970702,8085.930892572126,28378.20720756677
8276.124723431198,8276.124723431198,8111.487135648955,8098.719286168131,28378.20720756677
8148.442714511192,8148.442714511192,7947.655536950148,8087.642358913077,28378.20720756677
8546.195115705923,8546.195115705923,7837.223615920254,8119.227719068319,28378.20720756677
8599.495382958361,8599.495382958361,7683.0904985776215,8161.517949713395,28378.20720756677
8652.9950469821,8652.9950469821,7888.043762064981,8142.012610838985,28378.20720756677
8310.300655054707,8310.300655054707,7790.447140231836,8090.111304255166,28378.20720756677
8450.660694331298,8450.660694331298,7813.405079187476,8157.712251431658,28378.20720756677
8329.582962466191,8329.582962466191,7686.4839201931,8099.95938867218,28378.20720756677
8381.892753667444,8381.892753667444,7740.791348403101,8017.522818430029,28378.20720756677
7592.781824028992,7592.781824028992,8047.939321992938,8056.840278208093,28378.20720756677
7983.183235107765,7983.183235107765,8089.377627842805,8091.848707929217,28378.20720756677
7459.308292873263,7459.308292873263,8288.553142397519,8153.062942891524,28378.20720756677
8021.711083779311,8021.711083779311,8442.89361674143,8209.4793398033,28378.20720756677
8367.914364336903,8367.914364336903,8241.521607146677,8202.169569961612,28378.20720756677
7915.277829035693,7915.277829035693,8309.763619245725,8283.085800836721,28378.20720756677
7924.087321109411,7924.087321109411,8027.5031987641105,8262.612149398452,28378.20720756677
8198.691334564312,8198.691334564312,7486.512175849066,8056.25579347703,28378.20720756677
8734.50076540044,8734.50076540044,7503.489841843495,8067.073800335947,28378.20720756677
7769.2057797734715,7769.2057797734715,7783.987588845381,8123.763803554492,28378.20720756677
8102.788348001891,8102.788348001891,7373.482545040855,8016.033886381659,28378.20720756677
8224.818200891108,8224.818200891108,7361.324340291047,7976.551001416585,28378.20720756677
8299.352513679098,8299.352513679098,7116.441913407934,7959.416990384106,28378.20720756677
8426.225121340662,8426.225121340662,7099.512684710227,8041.683455563979,28378.20720756677
8137.357484438403,8137.357484438403,7143.486660087833,7986.8075549596615,28378.20720756677
7545.003741471138,7545.003741471138,7054.861138769612,7971.796868222604,28378.20720756677
7953.877958576881,7953.877958576881,7267.647217291838,7982.693345342543,28378.20720756677
8269.997049763577,8269.997049763577,7784.41896360295,8094.487116466284,28378.20720756677
7559.501711758991,7559.501711758991,8056.389668189459,8168.00470796694,28378.20720756677
8024.149415543951,8024.149415543951,7710.687010176659,8167.528944280115,28378.20720756677
8434.05592634778,8434.05592634778,7960.4548078519265,8207.25119525229,28378.20720756677
7927.53634522228,7927.53634522228,8094.907882959157,8175.453239586131,28378.20720756677
8294.556068797354,8294.556068797354,8426.669139801726,8162.538629359508,28378.20720756677
8023.972700953288,8023.972700953288,8583.560077559338,8136.740288816059,28378.20720756677
7602.1177620998515,7602.1177620998515,9054.378240125745,8110.135709996344,28378.20720756677
8386.962380939487,8386.962380939487,8762.881877209684,8078.378835655195,28378.20720756677
8217.827271250273,8217.827271250273,8847.34185853571,8072.224107906796,28378.20720756677
8008.949410659472,8008.949410659472,8345.7875710813,8045.586891568111,28378.20720756677
8156.1459013792955,8156.1459013792955,8026.970618270735,7903.073620320373,28378.20720756677
8030.206568676821,8030.206568676821,8294.051869377778,7969.1420507284465,28378.20720756677
8099.413241174067,8099.413241174067,8139.305495523675,7910.95505487602,28378.20720756677
8148.648128010747,8148.648128010747,7981.4416647183025,7927.707730292054,28378.20720756677
8115.759751565957,8115.759751565957,7798.338642507001,7915.531675012866,28378.20720756677
7593.329843960731,7593.329843960731,7345.727103941938,7861.783419774638,28378.20720756677
7989.896001978018,7989.896001978018,7315.005743851408,7887.496549957857,28378.20720756677
7776.197810565122,7776.197810565122,7536.288037429306,7910.367686943861,28378.20720756677
7665.186090036496,7665.186090036496,7672.825111998553,7921.152905364412,28378.20720756677
7677.291267677385,7677.291267677385,7924.935375355725,7871.011833015303,28378.20720756677
8324.836836435743,8324.836836435743,8183.620044629284,7891.390818625215,28378.20720756677
7415.195362169613,7415.195362169613,7942.474800137027,7894.39852338799,28378.20720756677
7516.754535171134,7516.754535171134,8088.206458435709,7921.877725769021,28378.20720756677
8335.625216940687,8335.625216940687,8309.8203468128,7967.374372524821,28378.20720756677
8174.814643897504,8174.814643897504,8340.79953660769,7994.160474944376,28378.20720756677
7785.824663106212,7785.824663106212,8482.017918759697,7990.742280342525,28378.20720756677
8794.67139983862,8794.67139983862,8266.472846536042,8004.173019549539,28378.20720756677
8170.145872770239,8170.145872770239,8070.067272258193,7946.772388982503,28378.20720756677
8239.541004285127,8239.541004285127,8009.989751820232,7965.061427682089,28378.20720756677
7762.524871737929,7762.524871737929,7713.5562262626045,7851.042062430328,28378.20720756677
7542.991252350394,7542.991252350394,7392.063613101365,7832.5067572068665,28378.20720756677
8465.67794576616,8465.67794576616,7220.108297707746,7790.261913248919,28378.20720756677
7575.268420846888,7575.268420846888,6929.803697212521,7698.250600812937,28378.20720756677
7831.335803739705,7831.335803739705,6865.424180489004,7722.583683054063,28378.20720756677
7756.149797199468,7756.149797199468,6718.888734034001,7680.22759327167,28378.20720756677
8147.782610251687,8147.782610251687,6722.589911280501,7646.6815392503395,28378.20720756677
7427.843986366101,7427.843986366101,6859.959284579716,7727.860555036148,28378.20720756677
7548.636652569348,7548.636652569348,7047.434525857236,7694.306570304807,28378.20720756677
7819.68563374031,7819.68563374031,7003.221603688796,7760.205108667026,28378.20720756677
8159.913349966804,8159.913349966804,6909.08385397236,7735.556398054988,28378.20720756677
8076.024680764149,8076.024680764149,7477.509048820311,7827.310598602232,28378.20720756677
8110.781505983349,8110.781505983349,7534.045421047816,7740.2734796894065,28378.20720756677
7576.021663089095,7576.021663089095,7842.574583631938,7792.069008531154,28378.20720756677
8084.194906369409,8084.194906369409,7819.102774248635,7814.13936984558,28378.20720756677
8171.895917375377,8171.895917375377,8014.351660973562,7859.809542784796,28378.20720756677
7562.784870102672,7562.784870102672,8197.742972426851,7866.327596793666,28378.20720756677
7963.074511965482,7963.074511965482,7750.603546849159,7849.2839323884145,28378.20720756677
8269.444646101249,8269.444646101249,8151.767682848387,7913.68787912056,28378.20720756677
8211.933274443612,8211.933274443612,8062.741901852899,7919.224045579239,28378.20720756677
7806.286280710916,7806.286280710916,8128.365392297985,7804.345683793996,28378.20720756677
7844.5736415122465,7844.5736415122465,7465.421486554985,7709.116962275338,28378.20720756677
8120.063470892,8120.063470892,7883.350916570434,7774.80626096816,28378.20720756677
8305.016388530194,8305.016388530194,7656.501277999783,7731.278302560724,28378.20720756677
7558.188938938157,7558.188938938157,7555.4487181400955,7706.247536881768,28378.20720756677
7763.036585561698,7763.036585561698,7619.408218990968,7698.357358622645,28378.20720756677
7384.991078633512,7384.991078633512,7681.174376291249,7685.850456540049,28378.20720756677
7168.010302546474,7168.010302546474,7713.23904693035,7581.056093749336,28378.20720756677
7503.143041378454,7503.143041378454,7195.836232210223,7600.278750120669,28378.20720756677
7898.302980204317,7898.302980204317,7326.655055940285,7615.086685060154,28378.20720756677
7999.268012440248,7999.268012440248,7384.118887612254,7612.011947100185,28378.20720756677
8036.314540515715,8036.314540515715,7839.342334015976,7671.591305424386,28378.20720756677
7559.684485094119,7559.684485094119,7491.0705994821965,7614.210006989044,28378.20720756677
7891.77651626131,7891.77651626131,7567.328390788015,7616.882881613594,28378.20720756677
8392.199424623022,8392.199424623022,7410.7842945178145,7592.116062841669,28378.20720756677
7424.805731914075,7424.805731914075,7468.592675480334,7632.408165217311,28378.20720756677
8062.674052342154,8062.674052342154,7280.398771750637,7672.784790101787,28378.20720756677
8017.21933191826,8017.21933191826,7391.8989122836865,7596.434727435791,28378.20720756677
7393.128693909223,7393.128693909223,7551.200119118451,7603.261166458497,28378.20720756677
7957.861655375908,7957.861655375908,8201.052460493793,7720.732154759201,28378.20720756677
7885.080996401981,7885.080996401981,8264.36673860716,7679.898219750472,28378.20720756677
7717.21091284417,7717.21091284417,8009.318312034033,7636.730958905336,28378.20720756677
7840.085908969009,7840.085908969009,7764.23264089196,7578.561575140031,28378.20720756677
7504.35746366664,7504.35746366664,7914.936944959691,7582.228978918391,28378.20720756677
7770.366599145663,7770.366599145663,7813.1274079171035,7492.77747506253,28378.20720756677
8016.580197217565,8016.580197217565,7697.697005234481,7503.7876589426705,28378.20720756677
7905.744548866301,7905.744548866301,7636.280428804969,7503.637292110842,28378.20720756677
7452.464211094971,7452.464211094971,8079.655336240348,7559.0712253766515,28378.20720756677
7979.250469953803,7979.250469953803,8266.391463264412,7642.526004659742,28378.20720756677
7770.546482717166,7770.546482717166,7672.436880541145,7653.221580503384,28378.20720756677
7784.099454162622,7784.099454162622,7594.139944912572,7656.014963480467,28378.20720756677
7622.593677441644,7622.593677441644,7551.602195501044,7668.638675385271,28378.20720756677
7525.5137931216605,7525.5137931216605,7788.001901454382,7692.140295889358,28378.20720756677
7674.793367636914,7674.793367636914,7362.320600478532,7668.732359571593,28378.20720756677
8327.393120122204,8327.393120122204,7646.488912440404,7648.990421452811,28378.20720756677
8087.9309977180965,8087.9309977180965,7634.543733281078,7686.918658792084,28378.20720756677
7434.545728257155,7434.545728257155,7693.481064200319,7697.815522694806,28378.20720756677
7823.270782223111,7823.270782223111,7444.152371332234,7675.909842727156,28378.20720756677
8173.498782291817,8173.498782291817,7114.386974621343,7655.916494412564,28378.20720756677
7339.859843206637,7339.859843206637,7294.212582164505,7711.419776198526,28378.20720756677
8065.72967783273,8065.72967783273,7523.049633172098,7778.808119320413,28378.20720756677
7617.726277466199,7617.726277466199,7667.7687622179055,7706.690618064789,28378.20720756677
7608.0256913677995,7608.0256913677995,8062.632015786467,7797.8576148370885,28378.20720756677
7885.481361562578,7885.481361562578,8213.429212519002,7742.903285349004,28378.20720756677
7874.509468186371,7874.509468186371,8193.684526817362,7723.9067719665545,28378.20720756677
7337.672969673911,7337.672969673911,8000.676689771931,7684.183664551758,28378.20720756677
7964.296274011181,7964.296274011181,7646.558615559659,7587.578651321367,28378.20720756677
7419.539267801539,7419.539267801539,7222.388566244597,7570.266846606242,28378.20720756677
7615.987246603348,7615.987246603348,7536.45088854847,7532.853135552581,28378.20720756677
8254.384842793186,8254.384842793186,7193.721850002454,7537.6157658284355,28378.20720756677
7381.670383872779,7381.670383872779,7071.967787733333,7567.528598407483,28378.20720756677
8182.195715630597,8182.195715630597,6827.52730059151,7579.111780872094,28378.20720756677
7859.946063798445,7859.946063798445,6760.5577050207485,7573.298972527152,28378.20720756677
7826.614304130955,7826.614304130955,6902.157022930811,7592.034434335211,28378.20720756677
7550.12171529721,7550.12171529721,6970.497523416244,7606.916533021785,28378.20720756677
7108.937342722787,7108.937342722787,7115.8262682128425,7583.467274396135,28378.20720756677
7430.486648881696,7430.486648881696,7144.3930416813455,7480.222384399388,28378.20720756677
7461.54795132307,7461.54795132307,7182.624013211382,7464.1438398624505,28378.20720756677
7390.939333163251,7390.939333163251,6714.37938586606,7436.561766283748,28378.20720756677
7884.561715187003,7884.561715187003,6514.829489248959,7375.250652490171,28378.20720756677
7429.988376798088,7429.988376798088,6638.506261036362,7418.406073092306,28378.20720756677
7997.805722312698,7997.805722312698,6911.836647868081,7393.610643642515,28378.20720756677
7450.976016181121,7450.976016181121,6882.824950102379,7451.649842651188,28378.20720756677
7763.071032430956,7763.071032430956,7115.516011012825,7501.671958380172,28378.20720756677
7724.995445807646,7724.995445807646,6972.609794164839,7519.281632951191,28378.20720756677
7402.705230414621,7402.705230414621,7067.516268795528,7503.251993059172,28378.20720756677
7202.012258636273,7202.012258636273,7323.261911143571,7488.795012277974,28378.20720756677
7386.214893576127,7386.214893576127,7635.74927865029,7512.913913135771,28378.20720756677
7448.027888214048,7448.027888214048,7768.668114717659,7480.055365403589,28378.20720756677
7553.409900662966,7553.409900662966,7788.733245259112,7292.786809443234,28378.20720756677
7601.4493494590015,7601.4493494590015,7637.7981416509865,7293.092353701071,28378.20720756677
7937.438503090229,7937.438503090229,7449.126123814499,7281.572205998607,28378.20720756677
7310.035009363426,7310.035009363426,7173.144380069956,7333.4321904867875,28378.20720756677
8029.815998856838,8029.815998856838,7294.531159075387,7377.5908012033115,28378.20720756677
7465.10685342254,7465.10685342254,7327.605738669033,7422.177299101575,28378.20720756677
8033.798454390291,8033.798454390291,7453.598007603204,7454.432193532915,28378.20720756677
7530.087606948171,7530.087606948171,7369.976415017879,7435.534209520553,28378.20720756677
7429.553249567194,7429.553249567194,7396.876368071957,7376.358119502091,28378.20720756677
7451.1847400176175,7451.1847400176175,7695.659963068622,7365.909065364431,28378.20720756677
7633.035469878819,7633.035469878819,8100.0500266432155,7378.3094386636485,28378.20720756677
7918.529754821466,7918.529754821466,8050.591191683149,7384.382603055184,28378.20720756677
7054.904048707581,7054.904048707581,8326.292426977237,7436.510252293847,28378.20720756677
7899.473155957206,7899.473155957206,8424.818645305484,7460.795539257006,28378.20720756677
7985.08894736316,7985.08894736316,8140.84011820249,7533.294704748103,28378.20720756677
7677.216786251139,7677.216786251139,8237.913605649808,7540.462237743456,28378.20720756677
7678.3505192122575,7678.3505192122575,7620.759459247975,7451.675338726295,28378.20720756677
7625.6855439023475,7625.6855439023475,7581.3150220905645,7413.101001098603,28378.20720756677
7874.486471846682,7874.486471846682,7403.568244546174,7368.241294144878,28378.20720756677
7148.122057715515,7148.122057715515,7054.898668354932,7354.011404111148,28378.20720756677
7459.68323613415,7459.68323613415,6929.07889021652,7305.282700274052,28378.20720756677
7645.594188867178,7645.594188867178,7025.216288979126,7284.815934216591,28378.20720756677
7317.217828928219,7317.217828928219,6741.063365154962,7251.169172881259,28378.20720756677
7743.012680890908,7743.012680890908,6563.6461222105545,7160.998360541825,28378.20720756677
7297.226870976782,7297.226870976782,6545.763815860488,7199.7616254163995,28378.20720756677
7356.0953171158335,7356.0953171158335,6627.8278328225815,7227.290898944501,28378.20720756677
7745.8288063909695,7745.8288063909695,7044.850774417559,7260.510155655423,28378.20720756677
7653.784117344971,7653.784117344971,7140.506196175993,7311.890517221869,28378.20720756677
7747.31049961785,7747.31049961785,7497.669405280138,7423.297461951988,28378.20720756677
7820.0749477525505,7820.0749477525505,7364.224097656932,7319.566045932841,28378.20720756677
7571.719813734493,7571.719813734493,7476.083648093574,7361.755059892277,28378.20720756677
7608.518915678907,7608.518915678907,7465.352654589673,7363.492907587859,28378.20720756677
7746.66268044914,7746.66268044914,7345.383287497585,7354.740370262472,28378.20720756677
8036.684247605244,8036.684247605244,7589.085109750277,7326.703841487731,28378.20720756677
7800.213101884836,7800.213101884836,7645.82472062991,7348.495164956221,28378.20720756677
7110.034589306442,7110.034589306442,7584.648712483661,7350.121136757985,28378.20720756677
7328.952021339538,7328.952021339538,7465.514414997548,7330.447785012363,28378.20720756677
7720.235785422226,7720.235785422226,7529.064246657696,7388.8247582171425,28378.20720756677
7627.691957656576,7627.691957656576,7205.72318537584,7427.9172963848805,28378.20720756677
7692.503733809728,7692.503733809728,7296.839939380328,7436.058156635695,28378.20720756677
7506.5951914472225,7506.5951914472225,7403.146606429662,7539.418483328416,28378.20720756677
7749.38841075162,7749.38841075162,7158.433244602449,7467.478304301077,28378.20720756677
7455.2245008678765,7455.2245008678765,7640.8290125972,7500.538843208297,28378.20720756677
7948.905836820359,7948.905836820359,7332.365178096657,7416.611887086586,28378.20720756677
7905.753483119129,7905.753483119129,6981.21007900478,7321.6339785546115,28378.20720756677
7714.592887949057,7714.592887949057,7043.015945150878,7364.202366955192,28378.20720756677
7140.5968008228365,7140.5968008228365,6990.354995954493,7315.015530444157,28378.20720756677
7763.553698951916,7763.553698951916,7580.892693329889,7440.350914654405,28378.20720756677
7567.156322214712,7567.156322214712,7995.414688039246,7499.850378262672,28378.20720756677
7269.72519558974,7269.72519558974,8091.933970439527,7500.711327780068,28378.20720756677
7430.123523275815,7430.123523275815,7853.564420325192,7552.384718341634,28378.20720756677
7499.79694244043,7499.79694244043,8025.420168399711,7545.002709650821,28378.20720756677
8163.550550148185,8163.550550148185,8031.43676472058,7617.000971389513,28378.20720756677
7482.077903694203,7482.077903694203,8353.439290577524,7652.6708691880995,28378.20720756677
8189.065893202966,8189.065893202966,8388.954838670947,7540.518714473723,28378.20720756677
7721.179880604781,7721.179880604781,8133.995901850071,7525.480399591399,28378.20720756677
8017.6012929434255,8017.6012929434255,8163.8753684453495,7457.0710026125835,28378.20720756677
7581.326418183905,7581.326418183905,7931.378073308832,7552.631246312596,28378.20720756677
7625.06250392047,7625.06250392047,7723.805587745288,7565.236222197338,28378.20720756677
7734.618230003806,7734.618230003806,7718.053717687237,7505.190078703791,28378.20720756677
7709.314698337657,7709.314698337657,7356.697485672352,7403.714210147459,28378.20720756677
7766.483208242675,7766.483208242675,7391.150833972468,7413.114638108686,28378.20720756677
7014.269105081518,7014.269105081518,7321.587775241473,7416.06004104236,28378.20720756677
7899.688011823663,7899.688011823663,7293.815991948674,7426.470338516737,28378.20720756677
7532.438665983709,7532.438665983709,7318.745808311136,7376.099852495451,28378.20720756677
7913.0322389979,7913.0322389979,7259.427120709695,7329.783102603378,28378.20720756677
7705.754122420498,7705.754122420498,7128.978116912632,7358.714734145516,28378.20720756677
7822.459038813109,7822.459038813109,7161.142012179113,7468.596644330305,28378.20720756677
7142.189466118651,7142.189466118651,6765.879540222983,7437.698481332698,28378.20720756677
7460.470247570609,7460.470247570609,7146.7205078654315,7523.554446605891,28378.20720756677
7222.979710705022,7222.979710705022,7400.84979426683,7498.068390957522,28378.20720756677
7147.789811098797,7147.789811098797,7773.527371009475,7562.776854514756,28378.20720756677
7402.698021326384,7402.698021326384,7734.4389996678465,7614.7351679449375,28378.20720756677
7931.7926620465805,7931.7926620465805,7550.124788705449,7623.766071815718,28378.20720756677
7875.331564524643,7875.331564524643,7727.871072866265,7612.521303896607,28378.20720756677
7867.296133833186,7867.296133833186,7712.627828162569,7546.743101671375,28378.20720756677
7966.319274428162,7966.319274428162,8149.21772782808,7579.588124827622,28378.20720756677
7385.425938920825,7385.425938920825,7482.5663321905595,7537.008671533218,28378.20720756677
7840.732639301035,7840.732639301035,7620.925929196797,7462.34978611603,28378.20720756677
7574.701571839501,7574.701571839501,7411.529329724753,7533.015493019456,28378.20720756677
7664.180824002163,7664.180824002163,7496.114796940424,7502.074620726893,28378.20720756677
7598.319131139421,7598.319131139421,7079.7167690759625,7485.649677412014,28378.20720756677
7401.324610537496,7401.324610537496,6925.56869805303,7530.772250056026,28378.20720756677
7848.219986594685,7848.219986594685,7080.224702969148,7521.99399045949,28378.20720756677
7420.759935182312,7420.759935182312,6904.442484444419,7464.244856659509,28378.20720756677
7777.9549061985335,7777.9549061985335,7123.570824320904,7454.527524038825,28378.20720756677
7562.739938605165,7562.739938605165,6670.524567581105,7420.590155344331,28378.20720756677
7812.780951900887,7812.780951900887,7217.92442710246,7474.780707622172,28378.20720756677
7763.488069987225,7763.488069987225,7145.191193959882,7450.243387832839,28378.20720756677
7011.177983555527,7011.177983555527,7186.418146747531,7510.931134492896,28378.20720756677
7486.725774621744,7486.725774621744,7060.789289335476,7433.603157308054,28378.20720756677
7511.078200023471,7511.078200023471,7140.111288103241,7481.985286112172,28378.20720756677
7439.499939121152,7439.499939121152,7142.398477841666,7431.086143104918,28378.20720756677
7429.505720511623,7429.505720511623,7345.51883712442,7524.624722265044,28378.20720756677
7501.340820979095,7501.340820979095,7639.493343580805,7595.9015095747145,28378.20720756677
7429.37597776892,7429.37597776892,7774.163509658871,7600.757036940424,28378.20720756677
7693.154244350455,7693.154244350455,7859.457899894635,7594.4107361323595,28378.20720756677
7662.605220034747,7662.605220034747,7588.40118728493,7476.28240641318,28378.20720756677
7719.775557336076,7719.775557336076,7791.167592562773,7409.393968737544,28378.20720756677
7158.337940422056,7158.337940422056,7586.962951985412,7409.936930802072,28378.20720756677
8216.056920734873,8216.056920734873,7504.702468616789,7363.830766966374,28378.20720756677
7877.965435786256,7877.965435786256,7710.102369591486,7418.921726350528,28378.20720756677
7023.365577014845,7023.365577014845,7479.767233926554,7320.752236946115,28378.20720756677
7505.329702202198,7505.329702202198,7117.096465916776,7277.356157332894,28378.20720756677
7858.475533521311,7858.475533521311,6993.925832749248,7316.895708390375,28378.20720756677
7434.756892855434,7434.756892855434,6801.423229476162,7334.242502465641,28378.20720756677
7309.1984548060045,7309.1984548060045,6746.455274547259,7310.926717352742,28378.20720756677
7716.119174301685,7716.119174301685,6454.695901210456,7180.945971993504,28378.20720756677
7481.98414402468,7481.98414402468,6270.84911165058,7118.802673518604,28378.20720756677
7890.38645388769,7890.38645388769,6511.575363312368,7168.641259927099,28378.20720756677
7769.816590649812,7769.816590649812,6558.088755301651,7204.109020892232,28378.20720756677
6810.363385363852,6810.363385363852,6165.990501627914,7173.889659881616,28378.20720756677
7027.578347973367,7027.578347973367,6378.321005412321,7132.098882980284,28378.20720756677
7521.088496838205,7521.088496838205,6744.919350654787,7167.576829074117,28378.20720756677
7096.5171162987735,7096.5171162987735,6790.123334381747,7211.171213604497,28378.20720756677
7287.402826334291,7287.402826334291,6697.382787204444,7221.83363576459,28378.20720756677
7877.023142591172,7877.023142591172,6844.262127846328,7253.983519539482,28378.20720756677
7370.828908628072,7370.828908628072,6891.7779971600885,7127.073168989698,28378.20720756677
7447.540295951172,7447.540295951172,7092.858104726361,7184.198386419278,28378.20720756677
7759.935948233001,7759.935948233001,6625.7328826343655,7064.443734880886,28378.20720756677
8170.68788923146,8170.68788923146,6871.932921123051,7098.325646263477,28378.20720756677
7638.584285271694,7638.584285271694,6927.596780824448,7004.70354184461,28378.20720756677
7609.86627106346,7609.86627106346,6943.539738802535,6973.919030807221,28378.20720756677
8009.797153703407,8009.797153703407,6702.466788012306,6998.045228935488,28378.20720756677
8027.45889391649,8027.45889391649,6614.108805178199,6988.418760066884,28378.20720756677
7271.45455918835,7271.45455918835,6463.53510734309,6972.015091600694,28378.20720756677
7736.49805861971,7736.49805861971,6567.55096499821,6937.650166973506,28378.20720756677
8079.205500416912,8079.205500416912,6472.605481562789,6925.080998864145,28378.20720756677
7674.339580013018,7674.339580013018,6552.436337064164,6970.500467992752,28378.20720756677
7675.7671656825905,7675.7671656825905,6857.903921440564,6953.718653224048,28378.20720756677
7262.399936918236,7262.399936918236,6550.542086456498,6909.211104166693,28378.20720756677
7592.666482024888,7592.666482024888,6920.098818705545,6972.779951770528,28378.20720756677
7982.898166393707,7982.898166393707,6966.311744264041,6982.067640049424,28378.20720756677
7472.4545889746505,7472.4545889746505,7092.313500481941,7000.462988438045,28378.20720756677
7269.221237085054,7269.221237085054,7479.6264880474655,7103.4555607874945,28378.20720756677
7389.018893679782,7389.018893679782,7658.540024320597,7079.008931600633,28378.20720756677
7444.698204063391,7444.698204063391,7556.830193973519,7114.91129225199,28378.20720756677
7686.43663645658,7686.43663645658,7839.220854990717,7049.340284441796,28378.20720756677
7371.719903928299,7371.719903928299,7581.720480733321,7057.806325347438,28378.20720756677
7374.337101308885,7374.337101308885,7268.186643513615,6970.0723525772655,28378.20720756677
7661.317404980146,7661.317404980146,7403.241016339036,6977.701449567405,28378.20720756677
7329.943979550091,7329.943979550091,7339.672027984634,7012.692099746804,28378.20720756677
7963.408141864276,7963.408141864276,7198.1197846679615,6993.211901414683,28378.20720756677
7314.021179915039,7314.021179915039,6846.9015120741215,6900.739523427987,28378.20720756677
8147.895812350413,8147.895812350413,6515.1153747509,6878.579967021513,28378.20720756677
7457.843399343905,7457.843399343905,6327.546646145878,6789.685558898034,28378.20720756677
7418.679985868775,7418.679985868775,6424.729117157806,6827.965535704625,28378.20720756677
7974.216378021296,7974.216378021296,6583.48497056802,6848.357041098415,28378.20720756677
7685.846136245979,7685.846136245979,6634.726334380504,6826.518073710987,28378.20720756677
7314.603821589636,7314.603821589636,6904.94584141401,6833.6689304629845,28378.20720756677
7384.05769563488,7384.05769563488,7224.461978121739,6921.653351468394,28378.20720756677
7885.952795613993,7885.952795613993,7080.729950531257,6886.8176159347595,28378.20720756677
7565.018352511325,7565.018352511325,7385.7530181452485,6974.409058258423,28378.20720756677
7663.346548791347,7663.346548791347,7555.333348308933,6988.386899906417,28378.20720756677
7716.011380042265,7716.011380042265,7408.994116509166,6961.593623773494,28378.20720756677
7574.581699071133,7574.581699071133,7597.59241910602,6948.919396824004,28378.20720756677
7877.738021185733,7877.738021185733,7632.907882580778,7005.256057311327,28378.20720756677
7812.030648951709,7812.030648951709,7533.253610382928,7064.068582932907,28378.20720756677
8038.814462837709,8038.814462837709,7502.024589689347,7072.7531693187375,28378.20720756677
8082.046908004275,8082.046908004275,7326.457219283702,6996.6453016572505,28378.20720756677
7593.483085383866,7593.483085383866,6912.623142077018,6992.560228823469,28378.20720756677
7597.21195285952,7597.21195285952,6737.520219021297,7001.123559413435,28378.20720756677
7695.5469757135015,7695.5469757135015,6550.688931064382,7008.8826433888335,28378.20720756677
7398.238104758962,7398.238104758962,6504.807189714701,6940.3644677184,28378.20720756677
7888.409725449935,7888.409725449935,6750.594026317583,6953.687762160664,28378.20720756677
7553.86213152089,7553.86213152089,6616.581338445969,6932.75910707231,28378.20720756677
7667.794084687045,7667.794084687045,6538.6861890745395,6944.140869556969,28378.20720756677
7505.154449981359,7505.154449981359,6371.195078302153,6959.9519991613215,28378.20720756677
7379.549666667612,7379.549666667612,6385.203657724687,6931.222279918405,28378.20720756677
8017.614737724888,8017.614737724888,6818.315668157993,7035.161858761977,28378.20720756677
8016.438111315443,8016.438111315443,7049.557313670851,7028.08510733303,28378.20720756677
7738.656822077568,7738.656822077568,7607.196832485589,7137.043569745663,28378.20720756677
7742.123756849434,7742.123756849434,7451.149893820104,7110.404674392347,28378.20720756677
7675.380367049662,7675.380367049662,7744.757581575755,7148.82262643109,28378.20720756677
7644.761766700125,7644.761766700125,8125.220244546845,7255.910050034391,28378.20720756677
7691.267528794411,7691.267528794411,8472.091236017111,7334.470332807116,28378.20720756677
7673.652894220559,7673.652894220559,8684.15482460183,7367.461641477696,28378.20720756677
7430.720911287873,7430.720911287873,8977.713030229694,7460.973508894702,28378.20720756677
7707.716848852545,7707.716848852545,8891.95307296966,7399.125627099503,28378.20720756677
7312.626658098784,7312.626658098784,8565.519150249414,7376.684904523748,28378.20720756677
7763.261537155656,7763.261537155656,8408.403659957086,7399.657422033146,28378.20720756677
7812.720305855303,7812.720305855303,7969.332650525341,7346.890336109622,28378.20720756677
7681.387130368751,7681.387130368751,8335.970354889918,7384.336396517522,28378.20720756677
7727.695304351602,7727.695304351602,8015.909277404731,7333.5417818156475,28378.20720756677
7661.634376300278,7661.634376300278,7403.2599871367875,7240.636749852256,28378.20720756677
7987.76491840533,7987.76491840533,7298.0230026448335,7262.366928471964,28378.20720756677
7592.50141341342,7592.50141341342,6987.465549759206,7253.588712634832,28378.20720756677
7588.9831757895545,7588.9831757895545,6903.0181181475955,7273.732961526078,28378.20720756677
7423.967351659491,7423.967351659491,7327.93306135645,7348.368143224129,28378.20720756677
7995.699946021337,7995.699946021337,7494.925546264455,7422.032685073915,28378.20720756677
7636.243602265231,7636.243602265231,7783.103035774786,7475.629825920296,28378.20720756677
7280.233232015206,7280.233232015206,8071.090726220129,7493.174075756722,28378.20720756677
7035.997809996869,7035.997809996869,7534.448294271884,7451.602098438308,28378.20720756677
7769.8632174783315,7769.8632174783315,7868.212168530839,7537.803913106993,28378.20720756677
7107.286286639275,7107.286286639275,8098.503996673644,7557.314474236806,28378.20720756677
8014.763067907418,8014.763067907418,8021.820541182569,7601.221707479301,28378.20720756677
8022.787613375556,8022.787613375556,8069.701539671734,7582.583197137618,28378.20720756677
7393.77295404737,7393.77295404737,8260.638490116931,7609.163665435862,28378.20720756677
7823.210839288601,7823.210839288601,7698.86079236614,7561.195034821257,28378.20720756677
7667.991897165852,7667.991897165852,8008.643030390673,7642.772122869247,28378.20720756677
7415.363592157589,7415.363592157589,7829.848299047703,7596.7070901054885,28378.20720756677
7573.461426118111,7573.461426118111,7297.730407149104,7536.574167080291,28378.20720756677
7438.377643923541,7438.377643923541,7701.3273993271,7514.716974674678,28378.20720756677
7647.706033837914,7647.706033837914,7391.766743418081,7505.090592128822,28378.20720756677
7559.7948338333845,7559.7948338333845,7201.350887591488,7515.7858284532695,28378.20720756677
7217.685029555252,7217.685029555252,7333.55427220929,7548.414078099955,28378.20720756677
7548.219033666289,7548.219033666289,7493.833663679548,7554.768353357371,28378.20720756677
7216.800967489423,7216.800967489423,7261.246343562749,7554.762212071825,28378.20720756677
8016.948211119812,8016.948211119812,7580.416906508052,7576.8734981849975,28378.20720756677
7746.248105906604,7746.248105906604,6853.129320614093,7548.106543135326,28378.20720756677
7564.286075765022,7564.286075765022,6910.37577508596,7596.257616707277,28378.20720756677
8015.049141767235,8015.049141767235,7177.665946300386,7624.603312536109,28378.20720756677
7622.572177453544,7622.572177453544,6560.713756214008,7516.721939704601,28378.20720756677
7887.581233420216,7887.581233420216,6618.9431430844315,7527.917782802767,28378.20720756677
7598.397478543847,7598.397478543847,6735.732935349666,7512.8136102596845,28378.20720756677
7101.570174481608,7101.570174481608,6764.399240029461,7577.977658416652,28378.20720756677
7678.411102583526,7678.411102583526,6925.0883250817105,7632.048780558805,28378.20720756677
7273.1107286365095,7273.1107286365095,6668.267517291044,7614.176699869602,28378.20720756677
8022.343344937031,8022.343344937031,6732.01538436804,7646.235843513668,28378.20720756677
7302.8050924396985,7302.8050924396985,7125.206934625264,7609.484796428779,28378.20720756677
7279.257504466708,7279.257504466708,6807.79374477017,7547.904902927141,28378.20720756677
6907.651137726955,6907.651137726955,6620.880672802197,7427.340080599431,28378.20720756677
7734.683436865294,7734.683436865294,7093.6296824486,7445.217897430301,28378.20720756677
7474.423123091146,7474.423123091146,6948.661063895168,7368.698479266649,28378.20720756677
7033.757336716107,7033.757336716107,6936.286439515332,7275.026849253382,28378.20720756677
7828.769536403109,7828.769536403109,6808.42600718522,7245.244612650274,28378.20720756677
7610.763736029916,7610.763736029916,6447.691003749854,7184.75601638841,28378.20720756677
7924.266271159767,7924.266271159767,6773.527109945896,7173.339515812844,28378.20720756677
7726.790606365815,7726.790606365815,7064.982708710944,7280.841770661926,28378.20720756677
8034.192217920196,8034.192217920196,7824.715870806182,7461.324140540132,28378.20720756677
7411.917084956259,7411.917084956259,8039.44751665401,7474.113674266526,28378.20720756677
7892.305900769598,7892.305900769598,8344.294140706705,7502.332378635704,28378.20720756677
7607.418548814475,7607.418548814475,8355.631334733225,7449.150093398964,28378.20720756677
7268.823236120008,7268.823236120008,8564.119954543317,7478.340614694366,28378.20720756677
7513.510321207135,7513.510321207135,8691.447067998677,7532.66426542576,28378.20720756677
7659.219346491192,7659.219346491192,8648.049405485483,7515.2498932184035,28378.20720756677
7559.554976219489,7559.554976219489,8886.047823429879,7564.472471122546,28378.20720756677
7277.656282745322,7277.656282745322,8531.249203714,7498.985732926125,28378.20720756677
7394.745395167663,7394.745395167663,8107.365952977692,7436.728348986175,28378.20720756677
7595.255082502562,7595.255082502562,7220.138567718818,7406.366744831006,28378.20720756677
8050.274040496088,8050.274040496088,7114.291901966812,7340.3514475049315,28378.20720756677
7364.159867831635,7364.159867831635,6853.472987398607,7258.8088308714,28378.20720756677
7678.208760824162,7678.208760824162,7020.315157142378,7346.323465973062,28378.20720756677
7647.8859360179995,7647.8859360179995,7045.354428522573,7313.769066692714,28378.20720756677
7399.540999738129,7399.540999738129,6680.257315926268,7249.014929276287,28378.20720756677
7418.377234773501,7418.377234773501,6796.426909833268,7270.171166948542,28378.20720756677
7060.6155328838495,7060.6155328838495,6802.858281667325,7311.103819521663,28378.20720756677
7645.166984256552,7645.166984256552,6981.201517040604,7243.09833831086,28378.20720756677
7501.752027923265,7501.752027923265,6859.799682089368,7268.916126930819,28378.20720756677
7425.443850179291,7425.443850179291,7255.435289325947,7255.725196618059,28378.20720756677
7306.595959705817,7306.595959705817,7239.609173310413,7222.303622357472,28378.20720756677
7120.528283665693,7120.528283665693,7322.157154865608,7263.694180414701,28378.20720756677
7437.681620970345,7437.681620970345,7376.544602465158,7281.366906600673,28378.20720756677
7107.195158827629,7107.195158827629,7533.342041076083,7342.084126224314,28378.20720756677
7571.293440918647,7571.293440918647,7530.250566677983,7314.794865093586,28378.20720756677
7718.621572475565,7718.621572475565,7395.024156360315,7282.465143778749,28378.20720756677
7340.369846652193,7340.369846652193,7110.299453976544,7234.396977581063,28378.20720756677
7633.906297698283,7633.906297698283,7023.576868423787,7195.564443283066,28378.20720756677
7706.8509572889525,7706.8509572889525,7362.505626020972,7225.333870833403,28378.20720756677
7884.725822478017,7884.725822478017,7189.050371981482,7322.909406891538,28378.20720756677
7556.108540599639,7556.108540599639,7324.010416558131,7305.030550651905,28378.20720756677
7841.252431594899,7841.252431594899,7204.888266680064,7269.138644490637,28378.20720756677
7595.540558831256,7595.540558831256,6874.566059919877,7344.1373673418475,28378.20720756677
7405.734449556124,7405.734449556124,6677.372134351596,7353.769924477748,28378.20720756677
8108.246370452094,8108.246370452094,7323.864613944881,7432.421200812628,28378.20720756677
7680.512340222087,7680.512340222087,7465.057922522637,7422.596880277385,28378.20720756677
7389.7362912355175,7389.7362912355175,7366.042637461632,7322.587840057047,28378.20720756677
7390.523104622673,7390.523104622673,7784.866919359713,7418.8843236968005,28378.20720756677
7363.803044394774,7363.803044394774,7371.433884330181,7353.217570825833,28378.20720756677
7751.435102192603,7751.435102192603,7246.666253657118,7347.201270697909,28378.20720756677
7258.609921985024,7258.609921985024,7071.813844011494,7357.834570500172,28378.20720756677
7691.007152110158,7691.007152110158,7252.509204846833,7395.464350899564,28378.20720756677
7733.73297616964,7733.73297616964,7326.423705397365,7390.696171931601,28378.20720756677
7714.136288469715,7714.136288469715,7431.791448896534,7450.3960014780205,28378.20720756677
7829.351941443067,7829.351941443067,7064.906592656467,7458.145231440855,28378.20720756677
7493.381940266846,7493.381940266846,6940.556800860724,7449.023039012485,28378.20720756677
7356.696350293091,7356.696350293091,7130.94462012176,7459.238563331427,28378.20720756677
7541.13665183493,7541.13665183493,7040.22113433653,7472.2231285749285,28378.20720756677
7518.978432176357,7518.978432176357,7169.900625004923,7374.201154084628,28378.20720756677
7435.837949937554,7435.837949937554,7399.194479582479,7262.096992453169,28378.20720756677
7562.717704780874,7562.717704780874,7443.127979879396,7238.5706631452495,28378.20720756677
7258.150899127985,7258.150899127985,7140.2173671305845,7154.64899618434,28378.20720756677
8105.341744046871,8105.341744046871,7795.404773799875,7278.650859744931,28378.20720756677
7360.737484057672,7360.737484057672,7696.155243234694,7276.803059216295,28378.20720756677
7484.189786837172,7484.189786837172,7748.365285481635,7269.528874937448,28378.20720756677
7290.805106378934,7290.805106378934,7957.895119358291,7310.992181787046,28378.20720756677
7729.9918452980355,7729.9918452980355,8348.143724584888,7351.657743562429,28378.20720756677
7675.07993382997,7675.07993382997,8399.896920602074,7445.952671952541,28378.20720756677
7761.7986699088515,7761.7986699088515,8444.746114717573,7441.677186432602,28378.20720756677
7200.976896967509,7200.976896967509,8530.589493182071,7524.187177545819,28378.20720756677
6915.303390374495,6915.303390374495,8779.561352982779,7571.624553348443,28378.20720756677
7790.987496387878,7790.987496387878,9166.01712816778,7617.1578243381755,28378.20720756677
7778.970426393872,7778.970426393872,8718.430297071645,7618.273887730785,28378.20720756677
8058.3143286031445,8058.3143286031445,8741.760673360532,7616.084308183887,28378.20720756677
7541.466824771717,7541.466824771717,8690.400237476864,7671.557459247565,28378.20720756677
7762.512259399885,7762.512259399885,8608.499234220322,7673.406646664458,28378.20720756677
7894.083175627352,7894.083175627352,8356.097819898725,7662.30565120871,28378.20720756677
7723.444989124541,7723.444989124541,7942.047717088348,7638.121911962089,28378.20720756677
8116.329076417936,8116.329076417936,8195.549428974777,7708.8271358096845,28378.20720756677
7594.652332310283,7594.652332310283,7874.359721407278,7647.972063962086,28378.20720756677
7228.037571135032,7228.037571135032,7626.177537397348,7648.938226165829,28378.20720756677
7420.664972661864,7420.664972661864,7472.243516681362,7647.175096701324,28378.20720756677
7735.204213326064,7735.204213326064,7370.093275226083,7616.983622282969,28378.20720756677
7675.889257650671,7675.889257650671,7378.846357504602,7585.185171469592,28378.20720756677
7714.84321870293,7714.84321870293,7382.603940670893,7642.028134046148,28378.20720756677
7815.20604463826,7815.20604463826,7524.8430437023535,7699.370424132864,28378.20720756677
7613.487227888271,7613.487227888271,7413.770987349779,7722.999957883356,28378.20720756677
7559.984341354715,7559.984341354715,7728.417154086119,7779.089969094555,28378.20720756677
7465.04482299976,7465.04482299976,7554.430952147033,7747.212201034897,28378.20720756677
7495.321976848764,7495.321976848764,7551.655367156562,7720.493062997102,28378.20720756677
7518.278384712611,7518.278384712611,7900.990562551044,7764.3342553644125,28378.20720756677
7906.0490656033,7906.0490656033,8036.708329413641,7813.5391092480395,28378.20720756677
7645.931449132785,7645.931449132785,7943.7422579231425,7830.818861883623,28378.20720756677
7670.487853849852,7670.487853849852,7905.278300598644,7830.766404719001,28378.20720756677
7885.410578914267,7885.410578914267,7698.060623333952,7716.867335923963,28378.20720756677
8033.947094772082,8033.947094772082,7592.03251560768,7724.765342749873,28378.20720756677
8187.992046420309,8187.992046420309,7738.852834504037,7797.561997291837,28378.20720756677
7740.231686853259,7740.231686853259,7486.022082394416,7719.321001701497,28378.20720756677
7514.5690678794235,7514.5690678794235,7105.861685113081,7694.097761191478,28378.20720756677
7564.567529424837,7564.567529424837,7438.823355493414,7758.924483364362,28378.20720756677
7803.6452200923595,7803.6452200923595,6956.57030814198,7741.28554819051,28378.20720756677
7537.722680342054,7537.722680342054,6920.816371026715,7747.200542484016,28378.20720756677
7911.520913501113,7911.520913501113,7002.456379305311,7766.025396665212,28378.20720756677
7712.98614504094,7712.98614504094,7071.088573278937,7758.625829595481,28378.20720756677
7381.962407370576,7381.962407370576,7361.921026078477,7776.270222608363,28378.20720756677
7816.239286392587,7816.239286392587,7197.242137870123,7776.102410151753,28378.20720756677
7887.620714132171,7887.620714132171,6925.213702564714,7756.415813780428,28378.20720756677
7670.011292195268,7670.011292195268,6927.4161040795125,7696.759995650093,28378.20720756677
7494.570299819399,7494.570299819399,7188.704449952452,7697.858526180982,28378.20720756677
7248.005236622248,7248.005236622248,6660.591159813681,7611.203819410602,28378.20720756677
7629.764389624226,7629.764389624226,6839.352433454315,7620.530438905492,28378.20720756677
7765.556854577139,7765.556854577139,6752.9613545223965,7669.749339962378,28378.20720756677
7739.438886914634,7739.438886914634,6697.889514916943,7546.5223448886245,28378.20720756677
7608.206142579494,7608.206142579494,6429.7035560892045,7505.335492166384,28378.20720756677
7719.721813050266,7719.721813050266,6354.882792377566,7497.573723987551,28378.20720756677
7821.141728382351,7821.141728382351,6494.781673063569,7483.479720892809,28378.20720756677
7687.264773571549,7687.264773571549,6442.603310098861,7375.307730883223,28378.20720756677
7421.828910906016,7421.828910906016,6597.4978272968465,7336.280176989048,28378.20720756677
7681.369138564052,7681.369138564052,6750.357652964578,7358.980833830384,28378.20720756677
7543.923949008736,7543.923949008736,6732.320213890207,7251.549963552229,28378.20720756677
7418.122325772551,7418.122325772551,6901.337361059731,7244.885640520884,28378.20720756677
7214.400838770766,7214.400838770766,7007.476304632641,7238.041175255352,28378.20720756677
7459.99872186948,7459.99872186948,7362.076870305296,7275.251659535355,28378.20720756677
7725.999974866274,7725.999974866274,7462.524767411594,7249.488310976597,28378.20720756677
7777.171723464228,7777.171723464228,7790.169058949259,7317.527488282027,28378.20720756677
7419.662854019819,7419.662854019819,8033.9600364667185,7368.571881342089,28378.20720756677
7126.72751081315,7126.72751081315,8203.784645544867,7344.845096012453,28378.20720756677
7513.835760792766,7513.835760792766,8466.219803723758,7441.114594316131,28378.20720756677
8016.164647635686,8016.164647635686,8680.91434264951,7456.05381656533,28378.20720756677
8149.190289751079,8149.190289751079,8803.356929898293,7437.34940525043,28378.20720756677
7574.116726197476,7574.116726197476,8599.36968535962,7439.524070113337,28378.20720756677
7355.186872503987,7355.186872503987,8458.73700619797,7435.339873158672,28378.20720756677
7505.981485402145,7505.981485402145,7995.045331450356,7400.242070780209,28378.20720756677
7916.047273446735,7916.047273446735,8384.120910292391,7450.543221534154,28378.20720756677
7488.16173935914,7488.16173935914,8202.281847731967,7481.463069694244,28378.20720756677
8111.292260497406,8111.292260497406,7745.127339148154,7412.628740431249,28378.20720756677
7595.680465496091,7595.680465496091,7561.9415140824585,7374.479201358987,28378.20720756677
7781.0705417731315,7781.0705417731315,7238.926019480377,7343.216367394981,28378.20720756677
7517.743537435603,7517.743537435603,6732.170777262143,7291.601781588352,28378.20720756677
7392.143884112722,7392.143884112722,7028.139987299585,7332.646329279034,28378.20720756677
7699.914895584394,7699.914895584394,7091.027328946095,7277.531423392347,28378.20720756677
7917.658359417226,7917.658359417226,7233.03394910176,7274.604997096295,28378.20720756677
7766.547606106543,7766.547606106543,7486.0919506325645,7308.712009322095,28378.20720756677
7601.3243490219065,7601.3243490219065,7166.275771055062,7302.742715625437,28378.20720756677
7214.637282590429,7214.637282590429,6922.498749317276,7326.350694890908,28378.20720756677
7231.952161055696,7231.952161055696,7171.239277798757,7328.470092869464,28378.20720756677
7328.100571505766,7328.100571505766,7483.532699496146,7323.415174357409,28378.20720756677
7680.237339668528,7680.237339668528,7682.26433893233,7382.464818702565,28378.20720756677
7547.340279342379,7547.340279342379,7686.542092743158,7407.737863114368,28378.20720756677
7646.362075180128,7646.362075180128,7254.609266218735,7295.803511424099,28378.20720756677
7320.70916086488,7320.70916086488,7427.562466640782,7371.729855092108,28378.20720756677
7353.1594537575975,7353.1594537575975,7480.379243765603,7386.517571644073,28378.20720756677
7606.893533842053,7606.893533842053,7355.593614755943,7379.339456412221,28378.20720756677
7547.238292737772,7547.238292737772,7442.618041071009,7377.048609183852,28378.20720756677
7382.37177433135,7382.37177433135,7424.493615171632,7338.86521270954,28378.20720756677
7533.899242454595,7533.899242454595,7256.862834943815,7340.394232284203,28378.20720756677
7622.5736720256655,7622.5736720256655,7103.243363247583,7359.021106493984,28378.20720756677
7799.048860263796,7799.048860263796,6779.824741697399,7352.946546226142,28378.20720756677
7395.949241111563,7395.949241111563,7073.363928945027,7384.669758912883,28378.20720756677
7217.173341829326,7217.173341829326,7259.119357767229,7415.509151014809,28378.20720756677
7802.721673465601,7802.721673465601,7405.432329643937,7484.945834330033,28378.20720756677
7003.874826622806,7003.874826622806,7362.735430098875,7508.472386759369,28378.20720756677
7301.179475885377,7301.179475885377,7737.64956233146,7587.291465895125,28378.20720756677
7064.2827213296105,7064.2827213296105,7708.624847193486,7632.832867404708,28378.20720756677
7936.933827703033,7936.933827703033,7515.994322612326,7571.0875187564925,28378.20720756677
7473.178344678507,7473.178344678507,7589.38727229292,7559.315352130073,28378.20720756677
7901.182444096733,7901.182444096733,7517.207643421854,7573.941973158582,28378.20720756677
7612.468800610479,7612.468800610479,7686.926469976659,7570.832274762106,28378.20720756677
7407.114320120438,7407.114320120438,7859.147963613798,7606.427821042727,28378.20720756677
7586.021834622652,7586.021834622652,7898.987973902588,7648.842703017285,28378.20720756677
7888.796505790662,7888.796505790662,7484.073301613204,7601.493022440728,28378.20720756677
7940.690396425631,7940.690396425631,7578.923870891993,7622.761900011239,28378.20720756677
7374.743123460391,7374.743123460391,6936.5628915389025,7502.188670141844,28378.20720756677
7611.857337131908,7611.857337131908,6822.3436112992085,7504.796636182229,28378.20720756677
7452.899238097112,7452.899238097112,7099.519413344383,7432.9575896355145,28378.20720756677
7479.285999085285,7479.285999085285,7376.041571780284,7427.731659192784,28378.20720756677
7387.784367014809,7387.784367014809,7201.833679435325,7373.5517799366735,28378.20720756677
7656.494466859368,7656.494466859368,7200.796471523827,7317.747608322117,28378.20720756677
7673.481001525618,7673.481001525618,7335.2023422032435,7337.2854209534735,28378.20720756677
7395.381418735507,7395.381418735507,7448.670853974077,7377.905487832441,28378.20720756677
7618.105843916072,7618.105843916072,7687.601066971048,7419.139298763014,28378.20720756677
8110.593368422877,8110.593368422877,7450.7599111798245,7421.16648100761,28378.20720756677
7914.0651968381635,7914.0651968381635,8450.382621355195,7593.256128122813,28378.20720756677
7692.901287927435,7692.901287927435,8418.722028766459,7511.716859877044,28378.20720756677
7357.936585185778,7357.936585185778,8525.658888264123,7497.632997741947,28378.20720756677
7656.957577480153,7656.957577480153,8256.447749492687,7529.995741261692,28378.20720756677
7206.2864103352185,7206.2864103352185,8591.23080235659,7579.409637591499,28378.20720756677
7569.758288608884,7569.758288608884,8747.44773730458,7619.451951886958,28378.20720756677
7372.983651014036,7372.983651014036,8593.940049908464,7709.639275482738,28378.20720756677
7441.608007752373,7441.608007752373,8366.209844236759,7645.519459219877,28378.20720756677
7894.220188155237,7894.220188155237,8284.58914713056,7657.851662399906,28378.20720756677
7198.467846101174,7198.467846101174,7994.57060301341,7573.473811789943,28378.20720756677
7630.793674540515,7630.793674540515,7222.560776630931,7540.549893322487,28378.20720756677
7591.117031882687,7591.117031882687,7367.054096279178,7551.872524921867,28378.20720756677
7679.438098976352,7679.438098976352,7352.028834549706,7583.5390147884345,28378.20720756677
7734.2967511305815,7734.2967511305815,7546.074305578123,7604.962746817565,28378.20720756677
7590.515318885498,7590.515318885498,7684.072169133244,7619.51753151892,28378.20720756677
7375.953839204374,7375.953839204374,7784.772583751258,7639.953600850745,28378.20720756677
7365.459611887737,7365.459611887737,7684.183550129841,7709.167566960075,28378.20720756677
7850.172961036146,7850.172961036146,7664.120776056394,7727.421761187409,28378.20720756677
7421.8452304638995,7421.8452304638995,7745.135010770784,7721.366171225908,28378.20720756677
7966.527901373229,7966.527901373229,8266.189402509854,7730.635843538791,28378.20720756677
7661.254369484673,7661.254369484673,8295.609991124786,7728.553168596255,28378.20720756677
7720.930851747752,7720.930851747752,8360.292405320144,7735.407397771694,28378.20720756677
7384.758314979787,7384.758314979787,8409.245788306893,7780.489449415485,28378.20720756677
7506.536544468837,7506.536544468837,7965.534500474676,7746.697079923737,28378.20720756677
7347.316641058748,7347.316641058748,7768.583470789274,7752.5855530272565,28378.20720756677
7293.592780620229,7293.592780620229,7959.204413979314,7875.829535307126,28378.20720756677
7862.052147015571,7862.052147015571,7624.284087567183,7819.351598684507,28378.20720756677
7209.222034902644,7209.222034902644,7606.708740951997,7796.939637824364,28378.20720756677
7666.180988479975,7666.180988479975,7192.382080409307,7678.756121378981,28378.20720756677
8005.517428975545,8005.517428975545,7105.455672349007,7679.179891988818,28378.20720756677
7644.769791338614,7644.769791338614,7132.48072580333,7607.519401290629,28378.20720756677
7146.540173083898,7146.540173083898,6999.867065829737,7593.655841498945,28378.20720756677
7755.962990614202,7755.962990614202,6726.273927888872,7622.545370470795,28378.20720756677
7553.296887707872,7553.296887707872,6939.719802476628,7616.76358596048,28378.20720756677
7776.95322523046,7776.95322523046,6762.670164423228,7601.678057227532,28378.20720756677
7893.044547189477,7893.044547189477,6145.146306379011,7567.473502587598,28378.20720756677
8199.89440733951,8199.89440733951,6054.999073002762,7458.521820562298,28378.20720756677
7458.6864144388655,7458.6864144388655,6216.380637182241,7460.418170480293,28378.20720756677
7563.76252425983,7563.76252425983,6574.020825488126,7496.745626153965,28378.20720756677
7625.027520395054,7625.027520395054,6521.0902972992535,7467.613177270271,28378.20720756677
7627.978707635115,7627.978707635115,6438.989299351603,7508.0046828531695,28378.20720756677
7961.4771541409555,7961.4771541409555,6681.833897242493,7565.553898687603,28378.20720756677
7734.022177343942,7734.022177343942,6555.455725662777,7513.732632934473,28378.20720756677
7990.626227477854,7990.626227477854,6627.97604673949,7467.15048095232,28378.20720756677
7844.037693403955,7844.037693403955,7068.996045758965,7575.11053049226,28378.20720756677
7475.14878623188,7475.14878623188,7211.070577316546,7569.528323746142,28378.20720756677
7895.706587257792,7895.706587257792,7551.163710544401,7501.71409423053,28378.20720756677
7210.162382813941,7210.162382813941,7791.351162031997,7528.954232091878,28378.20720756677
7717.00209565302,7717.00209565302,7580.013202834566,7475.2280533266685,28378.20720756677
6922.890541965932,6922.890541965932,7567.460142242572,7490.953223482819,28378.20720756677
7309.186737466622,7309.186737466622,7688.885304546608,7355.705219491452,28378.20720756677
7580.917981674975,7580.917981674975,7738.534580397696,7429.51640901385,28378.20720756677
7105.680219798573,7105.680219798573,7930.788430166816,7394.758541315013,28378.20720756677
7468.649368848187,7468.649368848187,8097.523327937497,7435.3655966412825,28378.20720756677
7362.536059363791,7362.536059363791,7825.185523739909,7421.901474768923,28378.20720756677
7728.948458353432,7728.948458353432,7723.011315932961,7364.641039471819,28378.20720756677
7319.965519320802,7319.965519320802,7635.561410832433,7310.038366415323,28378.20720756677
7861.775440191962,7861.775440191962,7314.452551033211,7318.602773451167,28378.20720756677
8005.90410639465,8005.90410639465,7339.28701307046,7286.167626514648,28378.20720756677
7408.715524575747,7408.715524575747,7242.37338978976,7340.513780838088,28378.20720756677
7180.557507378726,7180.557507378726,7452.276206894612,7401.648305544188,28378.20720756677
7313.040635874582,7313.040635874582,7175.622794010817,7391.2301485601765,28378.20720756677
7208.198708256201,7208.198708256201,7234.5070597662325,7371.254186358318,28378.20720756677
7598.096406865751,7598.096406865751,7076.43551157696,7341.43783784105,28378.20720756677
7998.397291745363,7998.397291745363,6895.931696323972,7264.273380207068,28378.20720756677
7668.501193411597,7668.501193411597,6874.641912658548,7182.614905253276,28378.20720756677
7692.740310319625,7692.740310319625,6811.396141770501,7135.480884743455,28378.20720756677
7753.888488068456,7753.888488068456,6887.694856361459,7163.317589512182,28378.20720756677
7250.8651231344,7250.8651231344,6881.164411598559,7113.373506680205,28378.20720756677
7499.274046706065,7499.274046706065,7355.415444865534,7158.358989309226,28378.20720756677
7368.024643069794,7368.024643069794,6785.54103940324,7099.63451519988,28378.20720756677
7888.03956305316,7888.03956305316,6934.592726044469,7106.090212705045,28378.20720756677
7408.937740052081,7408.937740052081,6920.440495259619,7073.493127748864,28378.20720756677
7720.625884750956,7720.625884750956,7023.289547250584,7152.988847196234,28378.20720756677
7454.927075288029,7454.927075288029,7373.61425184433,7185.279536418081,28378.20720756677
7135.395883288909,7135.395883288909,7732.822168172696,7137.338456091953,28378.20720756677
7818.532832546026,7818.532832546026,7750.497378618374,7160.723542953693,28378.20720756677
7670.035393848867,7670.035393848867,7798.16227681199,7201.6082966841805,28378.20720756677
7869.752364324638,7869.752364324638,7993.405612817133,7273.578213161769,28378.20720756677
7778.762079242288,7778.762079242288,7888.9788029242245,7315.06361542427,28378.20720756677
8047.191838442272,8047.191838442272,8241.828073432962,7321.503984725806,28378.20720756677
7709.414953864434,7709.414953864434,8091.966014044444,7324.5100023479845,28378.20720756677
7642.057062674422,7642.057062674422,8312.10933534567,7390.660209240222,28378.20720756677
7472.220184692478,7472.220184692478,8218.792356996975,7408.803358100301,28378.20720756677
7497.471207430091,7497.471207430091,8173.2982421745355,7467.405151968343,28378.20720756677
7799.120150403647,7799.120150403647,7864.174120022604,7481.1440188206725,28378.20720756677
7631.219394119411,7631.219394119411,8249.157096647532,7599.555147682648,28378.20720756677
7379.014922470428,7379.014922470428,8049.010967498817,7568.1343627474935,28378.20720756677
7609.940876728596,7609.940876728596,7833.685001681403,7525.511048400423,28378.20720756677
7414.053355270738,7414.053355270738,7669.952069914801,7544.8359699473785,28378.20720756677
7594.2080789825495,7594.2080789825495,7599.957272300021,7553.697579315489,28378.20720756677
7250.968253016346,7250.968253016346,7472.810248059349,7482.705272511355,28378.20720756677
7597.256507068002,7597.256507068002,7184.109599723786,7516.390984052426,28378.20720756677
7346.325111945057,7346.325111945057,7091.085213262198,7501.425191404843,28378.20720756677
7207.455073979071,7207.455073979071,7139.818611822377,7481.569665181023,28378.20720756677
7643.2477964153,7643.2477964153,7482.670469059092,7535.46399716918,28378.20720756677
7804.1285754028695,7804.1285754028695,6985.402922292434,7486.402990032254,28378.20720756677
7529.12891163777,7529.12891163777,7145.326010459345,7438.929332432964,28378.20720756677
7832.745853829298,7832.745853829298,7449.274787700633,7499.363365373637,28378.20720756677
8132.472688789318,8132.472688789318,7362.805575297073,7503.905056558278,28378.20720756677
7764.965727342158,7764.965727342158,7390.070358905163,7493.934590187199,28378.20720756677
7438.359660346177,7438.359660346177,7468.8191026608065,7428.762176963978,28378.20720756677
7539.438139531487,7539.438139531487,7412.335100666952,7412.700318152452,28378.20720756677
8222.282522306812,8222.282522306812,7793.6048421745745,7440.641494252258,28378.20720756677
7539.786206549853,7539.786206549853,8047.556921258321,7526.043944684707,28378.20720756677
7710.100745870213,7710.100745870213,7758.900440956493,7542.641822173888,28378.20720756677
7305.835708878875,7305.835708878875,8101.732618714147,7579.637231608599,28378.20720756677
7511.7881468049045,7511.7881468049045,8151.827383960386,7606.404299018398,28378.20720756677
7656.678881270033,7656.678881270033,8183.221054536914,7668.150173666928,28378.20720756677
7599.8392992408035,7599.8392992408035,8383.16271901017,7732.062922402361,28378.20720756677
7395.390913341045,7395.390913341045,8485.955700026945,7700.670488813667,28378.20720756677
7560.004173096026,7560.004173096026,8378.586985232188,7669.355015208251,28378.20720756677
7307.925358225142,7307.925358225142,8564.283651815154,7678.655636562238,28378.20720756677
7226.022339971108,7226.022339971108,8286.15990403906,7682.5863727446795,28378.20720756677
7428.326201433683,7428.326201433683,8030.343907984762,7752.926387016865,28378.20720756677
7725.844578578727,7725.844578578727,8127.995982676541,7793.312636177485,28378.20720756677
7632.439050823691,7632.439050823691,7769.572084004336,7771.272420055366,28378.20720756677
7874.56495396355,7874.56495396355,8102.390933199371,7849.343514385982,28378.20720756677
7030.250633101298,7030.250633101298,7682.109006995789,7828.339092746376,28378.20720756677
7527.948293693224,7527.948293693224,7748.696950959531,7810.71922362116,28378.20720756677
7467.9461520338655,7467.9461520338655,7816.2006358356975,7906.8024081001595,28378.20720756677
8092.001229827205,8092.001229827205,7934.795938749538,7869.395657749265,28378.20720756677
7780.478640458905,7780.478640458905,7886.642705226982,7871.896078555708,28378.20720756677
7226.934333523116,7226.934333523116,7571.221357563445,7792.172734807251,28378.20720756677
7678.8852665448285,7678.8852665448285,7295.23619118256,7737.250774884512,28378.20720756677
7681.252737556981,7681.252737556981,7065.465204300968,7659.841243403138,28378.20720756677
7977.47449746474,7977.47449746474,7013.485158392595,7623.869976010208,28378.20720756677
7359.750236106127,7359.750236106127,6248.267523569294,7539.364563737442,28378.20720756677
7912.917379324535,7912.917379324535,6482.576632826534,7526.173296748254,28378.20720756677
7309.085690620516,7309.085690620516,6469.549263927574,7526.83331582183,28378.20720756677
7393.660080407468,7393.660080407468,6624.197843813381,7583.2763621762415,28378.20720756677
7568.152820383775,7568.152820383775,6423.814052960939,7535.765265532562,28378.20720756677
7669.235364529066,7669.235364529066,6449.318451534253,7499.337901793424,28378.20720756677
8080.01084360565,8080.01084360565,6645.268084673798,7477.467880342616,28378.20720756677
7387.5383059809055,7387.5383059809055,6682.727275151139,7439.136581479833,28378.20720756677
7807.371886498808,7807.371886498808,7473.88095130295,7581.78260965921,28378.20720756677
7221.571582547272,7221.571582547272,7948.830832696107,7563.804723219924,28378.20720756677
8043.539856094005,8043.539856094005,8600.179757215545,7649.598321680787,28378.20720756677
7621.388427416752,7621.388427416752,8547.37289029871,7668.910874471717,28378.20720756677
7514.382590784033,7514.382590784033,8244.630968906991,7641.769095620269,28378.20720756677
7603.318250702199,7603.318250702199,8213.166002649466,7705.918108246131,28378.20720756677
7390.919400879991,7390.919400879991,8819.805995449284,7805.164415010549,28378.20720756677
7386.530529148215,7386.530529148215,8992.941629663492,7861.104307781366,28378.20720756677
7568.380612420265,7568.380612420265,8848.777787785191,7829.006395247213,28378.20720756677
7750.307746669946,7750.307746669946,8675.9592205591,7746.364703227176,28378.20720756677
7536.968187586762,7536.968187586762,8297.198467421476,7744.688209331686,28378.20720756677
7065.195609628413,7065.195609628413,7987.873259502805,7764.298790661999,28378.20720756677
7406.3071423307065,7406.3071423307065,7782.80874588274,7777.094868765467,28378.20720756677
7550.313388556037,7550.313388556037,7822.367132059549,7743.529343343499,28378.20720756677
7806.863177290503,7806.863177290503,7814.542577528826,7732.116496066618,28378.20720756677
7494.832486261415,7494.832486261415,7310.056479673284,7689.915332399754,28378.20720756677
7262.037776917253,7262.037776917253,6726.438065504262,7656.688207579241,28378.20720756677
7723.5517677481075,7723.5517677481075,6779.651952873564,7734.567678222687,28378.20720756677
7770.151286869273,7770.151286869273,6991.948180871137,7668.675062986527,28378.20720756677
7048.096788608073,7048.096788608073,7155.794861816699,7568.012291338852,28378.20720756677
7912.539543938447,7912.539543938447,6800.485422263997,7553.005205593186,28378.20720756677
7655.040488962829,7655.040488962829,7416.190718812411,7627.190410681651,28378.20720756677
7912.885617372626,7912.885617372626,7259.051228744322,7598.539637722254,28378.20720756677
7388.70763249142,7388.70763249142,7448.624963189085,7596.610125073934,28378.20720756677
7460.831307802764,7460.831307802764,7420.208316310178,7539.525615526621,28378.20720756677
7039.363167512305,7039.363167512305,7410.635138420634,7474.851220078493,28378.20720756677
7356.4132223312,7356.4132223312,7598.493791426375,7500.66956881808,28378.20720756677
7800.888365175883,7800.888365175883,7657.894648757519,7553.2898776111615,28378.20720756677
7314.859399350544,7314.859399350544,7612.70414230155,7533.9839106390245,28378.20720756677
7182.281655735955,7182.281655735955,7900.91025925541,7542.125561592983,28378.20720756677
7808.938097464144,7808.938097464144,8294.297745317066,7586.265558121292,28378.20720756677
7553.868097853289,7553.868097853289,7544.66888365555,7582.209770611894,28378.20720756677
7140.031329461569,7140.031329461569,7718.6312444714,7521.787699976661,28378.20720756677
7489.285564157236,7489.285564157236,7685.434765515895,7597.275276777955,28378.20720756677
7400.104813093685,7400.104813093685,8107.234642958525,7611.23315392642,28378.20720756677
7304.623395669996,7304.623395669996,8023.642076216156,7516.339508154584,28378.20720756677
7550.3932403045055,7550.3932403045055,8376.018639251579,7588.914108918488,28378.20720756677
7576.520931049881,7576.520931049881,8001.754215116036,7576.312179588972,28378.20720756677
7692.556696462329,7692.556696462329,7898.59648277403,7599.458935681141,28378.20720756677
7685.973630535407,7685.973630535407,7766.912572480329,7636.460837852535,28378.20720756677
7396.536269601222,7396.536269601222,7340.77860040392,7641.328237341882,28378.20720756677
8081.881806952789,8081.881806952789,7596.4056695064555,7698.793872834666,28378.20720756677
7472.649860256498,7472.649860256498,7534.666960199887,7779.0675873027785,28378.20720756677
7379.4642612885045,7379.4642612885045,7442.0951470999935,7789.178979632646,28378.20720756677
6903.256593865044,6903.256593865044,7144.415041070059,7746.206309354917,28378.20720756677
7555.755609105226,7555.755609105226,7357.118868256856,7662.923713043279,28378.20720756677
7538.82200529198,7538.82200529198,6884.446790334585,7681.0406563932165,28378.20720756677
7334.637347295776,7334.637347295776,7065.671886045541,7699.582866491231,28378.20720756677
7411.183460227119,7411.183460227119,7299.599193164206,7730.325157379223,28378.20720756677
7838.30779726427,7838.30779726427,7096.340361862097,7719.183455194726,28378.20720756677
7746.190139396424,7746.190139396424,7228.5205235084895,7592.256151782989,28378.20720756677
7752.172918384799,7752.172918384799,7244.008888196925,7557.829483934829,28378.20720756677
7778.981040284143,7778.981040284143,7255.549377966518,7510.141511452974,28378.20720756677
7462.302016900999,7462.302016900999,7623.7622103467365,7604.456843642252,28378.20720756677
7452.610472219477,7452.610472219477,7642.748518212829,7625.829819216084,28378.20720756677
7440.996001364989,7440.996001364989,7711.958379694665,7562.682188452318,28378.20720756677
7307.924010192696,7307.924010192696,8219.208499727447,7560.921157248849,28378.20720756677
7573.743675737347,7573.743675737347,8338.438029719178,7568.682146502369,28378.20720756677
8159.771814777993,8159.771814777993,8521.204272641606,7664.810454350505,28378.20720756677
7654.148115054946,7654.148115054946,8734.262627441287,7730.844136571163,28378.20720756677
7723.364786163412,7723.364786163412,8923.403392005357,7717.497136699766,28378.20720756677
8029.758552123141,8029.758552123141,8649.070406923096,7690.068913418888,28378.20720756677
7284.088259923589,7284.088259923589,8793.40970942564,7712.261704161552,28378.20720756677
7267.960685533418,7267.960685533418,8383.09625150298,7716.602667530937,28378.20720756677
7493.593189532977,7493.593189532977,8787.23600954856,7820.368505620031,28378.20720756677
7572.690985335143,7572.690985335143,8701.261749847243,7840.92324248711,28378.20720756677
7285.052675345139,7285.052675345139,8279.210473754023,7871.475638898802,28378.20720756677
8209.552815941537,8209.552815941537,8094.088706282193,7831.569497184095,28378.20720756677
7775.910927717333,7775.910927717333,7797.094631948683,7825.839744566016,28378.20720756677
7780.756919900605,7780.756919900605,7945.740299585399,7888.8332241249045,28378.20720756677
7289.420774363555,7289.420774363555,7762.024875000781,7909.805027247124,28378.20720756677
8014.169669514403,8014.169669514403,7758.152703584621,7758.461310373329,28378.20720756677
7476.850822224884,7476.850822224884,7337.22846585729,7727.897151584148,28378.20720756677
7724.430673540829,7724.430673540829,7297.789465075099,7686.43556790814,28378.20720756677
7325.608556473238,7325.608556473238,6600.209729418435,7656.3687882416825,28378.20720756677
7828.611628288857,7828.611628288857,6760.052967223001,7710.806808247585,28378.20720756677
7677.182324679626,7677.182324679626,6528.11960079984,7657.400800773495,28378.20720756677
6847.117640009528,6847.117640009528,6688.268682907122,7637.644304014014,28378.20720756677
7717.335535315873,7717.335535315873,6600.282156686071,7623.355347442919,28378.20720756677
7126.0923894531325,7126.0923894531325,6474.526802108443,7603.556532695511,28378.20720756677
7474.877205550965,7474.877205550965,6731.1534531900925,7597.176168821727,28378.20720756677
7317.380412123627,7317.380412123627,6787.771372636696,7607.08180816956,28378.20720756677
7473.78559235229,7473.78559235229,7104.2571645015805,7605.0223355901835,28378.20720756677
7597.2639063399765,7597.2639063399765,7092.2608663425635,7567.800788073475,28378.20720756677
7770.555925066358,7770.555925066358,7280.161125418892,7490.954084733755,28378.20720756677
7979.767919648962,7979.767919648962,7356.128750545133,7577.30414311338,28378.20720756677
7180.89567667295,7180.89567667295,7643.517219721255,7510.90051686743,28378.20720756677
7760.166593263821,7760.166593263821,7518.643979503057,7541.022256891418,28378.20720756677
7708.663258120717,7708.663258120717,7985.782165702396,7640.792484028592,28378.20720756677
7989.651023087059,7989.651023087059,8101.781448715285,7670.530307942502,28378.20720756677
7836.0772276447215,7836.0772276447215,7868.32647822718,7702.685744386382,28378.20720756677
7292.9083971544715,7292.9083971544715,8277.93127875269,7743.386930018808,28378.20720756677
7791.180754134511,7791.180754134511,8083.116122512346,7714.712168052675,28378.20720756677
7681.512015195047,7681.512015195047,8209.326905933784,7721.247139840233,28378.20720756677
7644.051682540027,7644.051682540027,7958.992755988562,7653.869627717454,28378.20720756677
7421.72530381873,7421.72530381873,7755.394921016394,7656.9593536652865,28378.20720756677
7736.3949252412,7736.3949252412,8016.161655341915,7737.243489868896,28378.20720756677
7347.043328814848,7347.043328814848,7766.364885215519,7681.160856725415,28378.20720756677
7982.599081414677,7982.599081414677,7561.704462586915,7693.213537913135,28378.20720756677
7863.517289761977,7863.517289761977,7984.951378740635,7848.252511318211,28378.20720756677
7690.898835400819,7690.898835400819,7684.554420530517,7793.892523790785,28378.20720756677
7133.456894137855,7133.456894137855,7837.468517551109,7862.078855889643,28378.20720756677
7836.20938960796,7836.20938960796,7939.886510901517,7851.579594639675,28378.20720756677
7977.921533214844,7977.921533214844,7974.9293994675945,7791.480577664404,28378.20720756677
7392.953952884451,7392.953952884451,8267.837202384953,7778.88736455188,28378.20720756677
7517.656192647029,7517.656192647029,8168.430306500299,7748.253739026415,28378.20720756677
7308.134188243924,7308.134188243924,7594.9875592410945,7612.399301771627,28378.20720756677
7496.011022508335,7496.011022508335,7278.199164285266,7469.113083638632,28378.20720756677
7753.893261060094,7753.893261060094,7247.675513403463,7438.507786065506,28378.20720756677
7539.228060266923,7539.228060266923,6687.0327660655075,7438.806539043053,28378.20720756677
8076.049226966666,8076.049226966666,6880.505552064285,7385.312955802572,28378.20720756677
7743.531062819846,7743.531062819846,6182.9233217364235,7368.849438852308,28378.20720756677
7113.985149027604,7113.985149027604,6423.023850756047,7377.502422905756,28378.20720756677
7721.17963001636,7721.17963001636,6462.9183954304035,7407.445006449889,28378.20720756677
7400.996286972605,7400.996286972605,6546.668025381836,7330.773767718535,28378.20720756677
7536.162846595517,7536.162846595517,6702.100675573451,7348.421524171655,28378.20720756677
7616.442386393987,7616.442386393987,7011.510880600935,7358.859383141006,28378.20720756677
7549.093642923718,7549.093642923718,7502.239780278649,7350.743298437923,28378.20720756677
7584.610274765402,7584.610274765402,7345.455757192687,7348.180011114306,28378.20720756677
7822.71735984581,7822.71735984581,7636.745755875806,7377.007630301136,28378.20720756677
7443.535200844322,7443.535200844322,7743.47873520044,7381.603727842503,28378.20720756677
7590.534323790543,7590.534323790543,8135.570902837348,7444.3330787028535,28378.20720756677
7720.283390885071,7720.283390885071,7886.987112027004,7487.454152139699,28378.20720756677
7489.213938089104,7489.213938089104,7955.776463169226,7539.042406068715,28378.20720756677
7546.382439282419,7546.382439282419,7944.352622614182,7599.602346357685,28378.20720756677
7277.393814194012,7277.393814194012,8109.821096132112,7618.375149953476,28378.20720756677
7985.9291437438005,7985.9291437438005,8178.82541399046,7689.00054577913,28378.20720756677
7257.820914507738,7257.820914507738,8054.417014245766,7623.972964705651,28378.20720756677
7788.454915250019,7788.454915250019,8179.225436234148,7663.9686670239225,28378.20720756677
7572.07177649283,7572.07177649283,7979.916572631514,7678.0855844057505,28378.20720756677
8071.385274741887,8071.385274741887,8023.305504524165,7640.0341381093185,28378.20720756677
7432.557336543433,7432.557336543433,8060.18754304162,7698.816312783839,28378.20720756677
7325.269424582259,7325.269424582259,8028.142568455558,7672.231232930494,28378.20720756677
7142.08355177785,7142.08355177785,7855.64710515263,7691.719653830727,28378.20720756677
7703.175780526458,7703.175780526458,7765.816435843833,7696.733408442673,28378.20720756677
7095.362594309327,7095.362594309327,7690.213806135963,7685.192161071644,28378.20720756677
7412.768036473951,7412.768036473951,7806.312251101876,7721.559552055256,28378.20720756677
7310.548180856081,7310.548180856081,8039.818287722832,7728.207826349607,28378.20720756677
7102.394917684952,7102.394917684952,7773.495382385334,7621.51131036051,28378.20720756677
6975.551406596196,6975.551406596196,7344.522927671964,7526.633880197086,28378.20720756677
7682.663398955051,7682.663398955051,7249.781374095954,7516.325117283072,28378.20720756677
7291.87092695583,7291.87092695583,7230.300689894073,7489.290195012116,28378.20720756677
7677.135208801232,7677.135208801232,7369.1641295830295,7529.440834344631,28378.20720756677
7779.203545430592,7779.203545430592,7486.511759823186,7547.156624608608,28378.20720756677
7099.595101508307,7099.595101508307,7535.368902052146,7612.00863765539,28378.20720756677
7532.696913792387,7532.696913792387,7772.331022356727,7688.57938133971,28378.20720756677
7600.016515826982,7600.016515826982,7624.416800819437,7643.210581150761,28378.20720756677
7620.825767103528,7620.825767103528,7676.119193509871,7710.158688008477,28378.20720756677
7529.869322757687,7529.869322757687,7877.642083928613,7684.698834628848,28378.20720756677
7176.177756512761,7176.177756512761,8101.659565108801,7549.975517470719,28378.20720756677
7424.708067051714,7424.708067051714,8050.708830532288,7589.555999283428,28378.20720756677
7602.4499199935,7602.4499199935,8322.869596368955,7586.370410775684,28378.20720756677
7359.987385287552,7359.987385287552,8412.95659869354,7624.054851903035,28378.20720756677
7490.444601911677,7490.444601911677,8291.367450169653,7610.44423474902,28378.20720756677
7956.720765606807,7956.720765606807,8546.518072861418,7667.744811750683,28378.20720756677
7013.420973291927,7013.420973291927,8269.713388154156,7708.835997670481,28378.20720756677
7531.415776664953,7531.415776664953,8161.323266907697,7756.477722684081,28378.20720756677
7610.0992328612365,7610.0992328612365,8227.742708094165,7900.067396770258,28378.20720756677
7700.113632903859,7700.113632903859,8624.275841046348,7960.018900157426,28378.20720756677
7083.765742892338,7083.765742892338,8594.925965710232,7931.554157399664,28378.20720756677
7424.610935273527,7424.610935273527,8690.246220752637,7951.504133021096,28378.20720756677
7533.316704079205,7533.316704079205,8889.426478280355,8127.67104208447,28378.20720756677
7380.623605118997,7380.623605118997,8671.736249410056,8073.7973316338375,28378.20720756677
7379.399057270294,7379.399057270294,8777.277403088474,8073.316036280634,28378.20720756677
7596.900307919398,7596.900307919398,8443.64525901648,8047.1402584776115,28378.20720756677
7449.876725161746,7449.876725161746,8596.513317854877,8087.718526126767,28378.20720756677
7709.742971511994,7709.742971511994,8452.355866785048,8044.646719920903,28378.20720756677
7671.488396090435,7671.488396090435,8286.453672229327,8056.910175160392,28378.20720756677
7678.8913811281745,7678.8913811281745,7761.639440528871,8043.255636824661,28378.20720756677
7127.466888818043,7127.466888818043,7754.638301312856,7955.132666487073,28378.20720756677
7881.698244794949,7881.698244794949,7819.465141098968,7966.701414200802,28378.20720756677
7494.485160040626,7494.485160040626,7412.891311487049,7983.135123814411,28378.20720756677
7624.2956586326945,7624.2956586326945,7355.698677166319,7967.5396446617,28378.20720756677
7513.937124352749,7513.937124352749,7308.111054636681,7943.782954574125,28378.20720756677
7735.525056965748,7735.525056965748,7381.582973419116,7934.586328638601,28378.20720756677
7848.536175290364,7848.536175290364,7413.430594838113,7948.440425867967,28378.20720756677
7159.3686593075445,7159.3686593075445,7252.113203972124,7859.3042779172365,28378.20720756677
7195.841587449289,7195.841587449289,7871.596313870819,8020.346035085402,28378.20720756677
7846.544408810608,7846.544408810608,8315.39611604053,8070.489772785941,28378.20720756677
7454.859329323477,7454.859329323477,8331.0904565006,8025.3674432608905,28378.20720756677
7380.243045434803,7380.243045434803,8795.501270573815,8121.140567410732,28378.20720756677
7641.479576264433,7641.479576264433,8826.61303062156,8136.420221330397,28378.20720756677
7335.087553645473,7335.087553645473,8822.62388928098,8126.4359088267865,28378.20720756677
7483.399470780449,7483.399470780449,8823.711354842695,8137.395804512139,28378.20720756677
7799.758166398681,7799.758166398681,8798.967985556275,8141.216638581088,28378.20720756677
7070.360785934077,7070.360785934077,8644.957670108422,8139.3891986624585,28378.20720756677
7614.164767790694,7614.164767790694,9221.307250726788,8142.303277842218,28378.20720756677
7069.997953240136,7069.997953240136,8674.150803372268,8147.21253821529,28378.20720756677
7763.861553891769,7763.861553891769,8603.317716191068,8236.454239547085,28378.20720756677
7418.746575973301,7418.746575973301,8480.003186220354,8252.463494970569,28378.20720756677
7663.585201232981,7663.585201232981,8111.1645144003905,8293.41719547162,28378.20720756677
8062.607098112844,8062.607098112844,7969.375914334416,8284.235266218468,28378.20720756677
7477.6950883025365,7477.6950883025365,8100.365320633534,8272.676147036887,28378.20720756677
7772.93607304614,7772.93607304614,8100.434411559135,8260.180334859328,28378.20720756677
7686.3837156241025,7686.3837156241025,8261.676321365268,8286.478122443712,28378.20720756677
7914.098387358376,7914.098387358376,8008.699501717917,8186.6628945346965,28378.20720756677
7168.613201723639,7168.613201723639,7997.152172877997,8216.850352253929,28378.20720756677
7220.896092908066,7220.896092908066,7630.469608566437,8138.082621226602,28378.20720756677
7881.561755118603,7881.561755118603,7492.509739085229,8159.42777057841,28378.20720756677
7769.525417963778,7769.525417963778,7803.0020208153965,8192.731986111887,28378.20720756677
6962.710283214647,6962.710283214647,7588.959245665074,8201.067278498176,28378.20720756677
7839.372029828253,7839.372029828253,7675.720578003087,8154.805462545292,28378.20720756677
7596.912580500075,7596.912580500075,7817.377882079229,8153.560403714024,28378.20720756677
7785.919689107699,7785.919689107699,7761.947800767584,8154.296404978913,28378.20720756677
7501.357714225254,7501.357714225254,7613.346628104198,8099.843833492268,28378.20720756677
7388.9499213587915,7388.9499213587915,7946.863317523591,8122.092880408583,28378.20720756677
7486.276806212713,7486.276806212713,7486.677451841325,8081.9211892406565,28378.20720756677
7646.094553638973,7646.094553638973,7682.545034393195,8029.043086486408,28378.20720756677
7253.332010896602,7253.332010896602,7844.697728766882,8003.512148122515,28378.20720756677
7294.379844848005,7294.379844848005,7922.331438032258,8058.213080576292,28378.20720756677
7621.463679202483,7621.463679202483,7983.917085745203,8059.80145149669,28378.20720756677
Average Episodic Reward,Average Episodic N-Reward,Avg Reward (last 10),Avg Reward (last 50),Best Reward
9676.20574328341,9676.20574328341,10974.151998407986,10974.151998407986,10974.151998407986
9641.025035489733,9641.025035489733,6913.41311301116,6913.41311301116,10974.151998407986
10365.171259195575,10365.171259195575,9486.315011661498,9486.315011661498,14632.118808962172
10076.011598944271,10076.011598944271,7885.491892797139,7885.491892797139,14632.118808962172
10027.175443827975,10027.175443827975,7981.050173916594,7981.050173916594,14632.118808962172
9994.757979592563,9994.757979592563,8438.807274596553,8438.807274596553,14632.118808962172
9488.776969894587,9488.776969894587,7867.481854835311,7867.481854835311,14632.118808962172
10430.285930735628,10430.285930735628,7289.113763398278,7289.113763398278,14632.118808962172
9531.93202257743,9531.93202257743,8430.45833838633,8430.45833838633,17561.214938290756
10095.252717235287,10095.252717235287,8301.52874157012,8301.52874157012,17561.214938290756
10435.604449626899,10435.604449626899,8873.442203720588,9064.415821419443,17561.214938290756
9845.46535748907,9845.46535748907,10118.204887021355,9584.072924686323,17561.214938290756
10237.679072607652,10237.679072607652,10273.3146109509,10091.699318807192,17561.214938290756
10977.754701036454,10977.754701036454,11304.297840697833,10327.496141297635,17561.214938290756
9947.871203648796,9947.871203648796,11918.285790842881,10605.873918534118,17561.214938290756
11651.26672943308,11651.26672943308,11247.612447371679,10194.310507581005,17561.214938290756
9503.710666752155,9503.710666752155,12936.08361299576,10849.012300812046,21324.240992508705
10992.874068024284,10992.874068024284,13373.134768473707,10669.125432884626,21324.240992508705
9942.810318284075,9942.810318284075,11979.397826096221,10298.321226654696,21324.240992508705
10643.662847202102,10643.662847202102,11899.96762345599,10100.748182513056,21324.240992508705
10047.340551380115,10047.340551380115,10960.735255843381,9967.425075907031,21324.240992508705
10418.954544729737,10418.954544729737,10181.01850710955,9855.411825787787,21324.240992508705
8761.476877472422,8761.476877472422,10054.99092868433,10075.739149188554,21324.240992508705
10333.24462132332,10333.24462132332,9319.307538483528,9907.417556791755,21324.240992508705
10833.8086428701,10833.8086428701,8169.404555058614,9631.286173143917,21324.240992508705
24421.383494803245,24421.383494803245,9020.106765048138,9742.693683529902,21324.240992508705
22356.469007332416,22356.469007332416,9349.73073795161,10293.722833085958,24620.480721543412
15932.943925764863,15932.943925764863,10272.375337903159,10527.428970391245,24620.480721543412
12115.1775309661,12115.1775309661,10946.362948751663,10521.783889446751,24620.480721543412
14619.598685957342,14619.598685957342,13508.700298260399,11236.732221095503,31970.2338389093
14916.118398965089,14916.118398965089,14555.374431260265,11447.408738924203,31970.2338389093
14120.422998181462,14120.422998181462,15999.44159910239,11775.421129948601,31970.2338389093
14340.412700717738,14340.412700717738,15073.634349567506,11590.252846273086,31970.2338389093
16467.562700765095,16467.562700765095,15628.784247257785,11590.172465752354,31970.2338389093
19411.399047719806,19411.399047719806,16283.83419195448,11532.014178518364,31970.2338389093
11350.272581586116,11350.272581586116,15339.88514344527,11297.46908906195,31970.2338389093
16838.241293249062,16838.241293249062,15421.886127352793,11679.712912617537,31970.2338389093
10897.158519036338,10897.158519036338,15340.342960963128,11793.985283699636,31970.2338389093
15983.342835142977,15983.342835142977,15150.65491129892,11708.673895049873,31970.2338389093
10523.09086545883,10523.09086545883,14836.679141889219,12136.718951293933,31970.2338389093
Average Episodic Reward,Average Episodic N-Reward,Avg Reward (last 10),Avg Reward (last 50),Best Reward
9676.20574328341,9676.20574328341,10974.151998407986,10974.151998407986,10974.151998407986
9641.025035489733,9641.025035489733,6913.41311301116,6913.41311301116,10974.151998407986
10365.171259195575,10365.171259195575,9486.315011661498,9486.315011661498,14632.118808962172
10076.011598944271,10076.011598944271,7885.491892797139,7885.491892797139,14632.118808962172
10027.175443827975,10027.175443827975,7981.050173916594,7981.050173916594,14632.118808962172
9994.757979592563,9994.757979592563,8438.807274596553,8438.807274596553,14632.118808962172
9488.776969894587,9488.776969894587,7867.481854835311,7867.481854835311,14632.118808962172
10430.285930735628,10430.285930735628,7289.113763398278,7289.113763398278,14632.118808962172
9531.93202257743,9531.93202257743,8430.45833838633,8430.45833838633,17561.214938290756
10095.252717235287,10095.252717235287,8301.52874157012,8301.52874157012,17561.214938290756
10435.604449626899,10435.604449626899,8873.442203720588,9064.415821419443,17561.214938290756
9845.46535748907,9845.46535748907,10118.204887021355,9584.072924686323,17561.214938290756
10237.679072607652,10237.679072607652,10273.3146109509,10091.699318807192,17561.214938290756
10977.754701036454,10977.754701036454,11304.297840697833,10327.496141297635,17561.214938290756
9947.871203648796,9947.871203648796,11918.285790842881,10605.873918534118,17561.214938290756
11651.26672943308,11651.26672943308,11247.612447371679,10194.310507581005,17561.214938290756
9503.710666752155,9503.710666752155,12936.08361299576,10849.012300812046,21324.240992508705
10992.874068024284,10992.874068024284,13373.134768473707,10669.125432884626,21324.240992508705
9942.810318284075,9942.810318284075,11979.397826096221,10298.321226654696,21324.240992508705
10643.662847202102,10643.662847202102,11899.96762345599,10100.748182513056,21324.240992508705
10047.340551380115,10047.340551380115,10960.735255843381,9967.425075907031,21324.240992508705
10418.954544729737,10418.954544729737,10181.01850710955,9855.411825787787,21324.240992508705
8761.476877472422,8761.476877472422,10054.99092868433,10075.739149188554,21324.240992508705
10333.24462132332,10333.24462132332,9319.307538483528,9907.417556791755,21324.240992508705
10833.8086428701,10833.8086428701,8169.404555058614,9631.286173143917,21324.240992508705
24421.383494803245,24421.383494803245,9020.106765048138,9742.693683529902,21324.240992508705
22356.469007332416,22356.469007332416,9349.73073795161,10293.722833085958,24620.480721543412
15932.943925764863,15932.943925764863,10272.375337903159,10527.428970391245,24620.480721543412
12115.1775309661,12115.1775309661,10946.362948751663,10521.783889446751,24620.480721543412
14619.598685957342,14619.598685957342,13508.700298260399,11236.732221095503,31970.2338389093
14916.118398965089,14916.118398965089,14555.374431260265,11447.408738924203,31970.2338389093
14120.422998181462,14120.422998181462,15999.44159910239,11775.421129948601,31970.2338389093
14340.412700717738,14340.412700717738,15073.634349567506,11590.252846273086,31970.2338389093
16467.562700765095,16467.562700765095,15628.784247257785,11590.172465752354,31970.2338389093
19411.399047719806,19411.399047719806,16283.83419195448,11532.014178518364,31970.2338389093
11350.272581586116,11350.272581586116,15339.88514344527,11297.46908906195,31970.2338389093
16838.241293249062,16838.241293249062,15421.886127352793,11679.712912617537,31970.2338389093
10897.158519036338,10897.158519036338,15340.342960963128,11793.985283699636,31970.2338389093
15983.342835142977,15983.342835142977,15150.65491129892,11708.673895049873,31970.2338389093
10523.09086545883,10523.09086545883,14836.679141889219,12136.718951293933,31970.2338389093
13676.161996759027,13676.161996759027,13767.025773574298,12013.168991277886,31970.2338389093
11826.88305034176,11826.88305034176,12093.194644448162,11851.081490543736,31970.2338389093
15068.69786724875,15068.69786724875,12043.957419580438,11695.765537739913,31970.2338389093
10138.388366348297,10138.388366348297,11250.405875311713,11512.952786106755,31970.2338389093
14116.097412441035,14116.097412441035,11551.809131123853,11536.413056875139,31970.2338389093
10970.558201138607,10970.558201138607,12320.92227122247,11519.958911270758,31970.2338389093
10114.941436144805,10114.941436144805,10174.317326856693,11359.415979476931,31970.2338389093
12360.63860163879,12360.63860163879,9953.054037772003,11410.457940798044,31970.2338389093
10112.93785230703,10112.93785230703,9660.654949793698,11290.71084499759,31970.2338389093
15522.546057119267,15522.546057119267,7955.919169620948,11300.558994959334,31970.2338389093
11418.576065493358,11418.576065493358,8704.518233491632,11372.219179578033,31970.2338389093
14366.223551804524,14366.223551804524,10013.44635751366,11681.061199039024,31970.2338389093
17590.1531970574,17590.1531970574,11124.841728261066,11714.14780740885,31970.2338389093
18021.884081729037,18021.884081729037,12824.626632154992,12065.48442678117,31970.2338389093
8640.864447598547,8640.864447598547,12842.541845940572,12153.175102984078,31970.2338389093
11741.665912011125,11741.665912011125,13297.208712325573,12245.147067882626,31970.2338389093
8359.861249073792,8359.861249073792,13191.692718147111,12214.742104660796,31970.2338389093
15275.596940222398,15275.596940222398,12259.156338316758,12239.61268868575,31970.2338389093
8364.421547493774,8364.421547493774,12942.334598116886,12135.881046811477,31970.2338389093
15336.037865225608,15336.037865225608,13534.322686392139,12347.117783923739,31970.2338389093
8835.226126995547,8835.226126995547,13432.960226376847,12284.122784109284,31970.2338389093
15654.989924612282,15654.989924612282,12677.914494772627,12193.003120589277,31970.2338389093
8395.811329403665,8395.811329403665,12821.403961282003,12223.76567747507,31970.2338389093
12904.085272460246,12904.085272460246,11751.800588818638,12154.984976405334,31970.2338389093
8894.553515899257,8894.553515899257,11015.212857624672,11972.56051634044,31970.2338389093
14715.465640830942,14715.465640830942,9852.659609985358,11966.156500405365,31970.2338389093
7782.142476528252,7782.142476528252,10823.350911526122,11792.195564366866,31970.2338389093
13786.942697894117,13786.942697894117,11570.715822193883,11879.128899429785,31970.2338389093
8513.65703098924,8513.65703098924,11668.74343485061,12073.750168562352,31970.2338389093
14291.540820481481,14291.540820481481,10250.346397205252,12017.193538673593,31970.2338389093
8255.442038227498,8255.442038227498,10477.875339002127,12187.550800741034,31970.2338389093
14081.738664576676,14081.738664576676,10486.26028274286,12254.051475715942,31970.2338389093
8500.47457512265,8500.47457512265,9798.833185133994,12172.534128765003,31970.2338389093
10118.264644320258,10118.264644320258,8982.849804597909,12087.693429628207,31970.2338389093
Average Episodic Reward,Average Episodic N-Reward,Avg Reward (last 10),Avg Reward (last 50),Best Reward
9676.20574328341,9676.20574328341,10974.151998407986,10974.151998407986,10974.151998407986
17360.06736113024,17360.06736113024,8959.975203363862,12130.67464600149,31970.2338389093
9641.025035489733,9641.025035489733,6913.41311301116,6913.41311301116,10974.151998407986
9074.07748320925,9074.07748320925,9703.575996834152,12102.850346762563,31970.2338389093
10365.171259195575,10365.171259195575,9486.315011661498,9486.315011661498,14632.118808962172
15845.60042624913,15845.60042624913,10193.821995658665,11961.013815908276,31970.2338389093
10076.011598944271,10076.011598944271,7885.491892797139,7885.491892797139,14632.118808962172
7752.428157868089,7752.428157868089,10796.224190750949,11983.898669999347,31970.2338389093
10027.175443827975,10027.175443827975,7981.050173916594,7981.050173916594,14632.118808962172
13682.222774993794,13682.222774993794,10246.410141222446,11933.759607056512,31970.2338389093
9994.757979592563,9994.757979592563,8438.807274596553,8438.807274596553,14632.118808962172
7402.200366175358,7402.200366175358,10284.037545405998,11372.260988102711,31970.2338389093
9488.776969894587,9488.776969894587,7867.481854835311,7867.481854835311,14632.118808962172
13814.554385334912,13814.554385334912,10084.062026038733,11293.288319696729,31970.2338389093
10430.285930735628,10430.285930735628,7289.113763398278,7289.113763398278,14632.118808962172
7689.41299159972,7689.41299159972,10041.791616989503,11062.521479293364,31970.2338389093
9531.93202257743,9531.93202257743,8430.45833838633,8430.45833838633,17561.214938290756
11597.993497591624,11597.993497591624,9698.039707544069,11097.415200360312,31970.2338389093
10095.252717235287,10095.252717235287,8301.52874157012,8301.52874157012,17561.214938290756
10435.604449626899,10435.604449626899,8873.442203720588,9064.415821419443,17561.214938290756
9072.12133104619,9072.12133104619,9957.337150133311,10953.40401020331,31970.2338389093
9845.46535748907,9845.46535748907,10118.204887021355,9584.072924686323,17561.214938290756
10532.536775994537,10532.536775994537,11532.099252998629,11180.327658210317,31970.2338389093
10237.679072607652,10237.679072607652,10273.3146109509,10091.699318807192,17561.214938290756
11939.717291165578,11939.717291165578,12239.845857750257,11482.842489623563,31970.2338389093
10977.754701036454,10977.754701036454,11304.297840697833,10327.496141297635,17561.214938290756
9689.080242806527,9689.080242806527,11558.322817695942,11188.301153976905,31970.2338389093
9947.871203648796,9947.871203648796,11918.285790842881,10605.873918534118,17561.214938290756
10587.832232044933,10587.832232044933,10304.295521115595,10976.689182029837,31970.2338389093
11651.26672943308,11651.26672943308,11247.612447371679,10194.310507581005,17561.214938290756
9376.847158758612,9376.847158758612,10890.905085808741,11081.809641958474,31970.2338389093
9503.710666752155,9503.710666752155,12936.08361299576,10849.012300812046,21324.240992508705
10026.680701749527,10026.680701749527,11789.044200513537,10762.733999827575,31970.2338389093
10992.874068024284,10992.874068024284,13373.134768473707,10669.125432884626,21324.240992508705
9742.882322236988,9742.882322236988,11781.519163095745,10896.186997601017,31970.2338389093
9942.810318284075,9942.810318284075,11979.397826096221,10298.321226654696,21324.240992508705
10192.772997661132,10192.772997661132,11921.130307298798,11028.10861186349,31970.2338389093
10643.662847202102,10643.662847202102,11899.96762345599,10100.748182513056,21324.240992508705
8283.021916613525,8283.021916613525,12696.302906592147,11227.884297762655,31970.2338389093
10047.340551380115,10047.340551380115,10960.735255843381,9967.425075907031,21324.240992508705
11078.349680715357,11078.349680715357,14260.442755880626,11555.411386317093,31970.2338389093
10418.954544729737,10418.954544729737,10181.01850710955,9855.411825787787,21324.240992508705
7652.338664400021,7652.338664400021,12975.931314742804,11465.152094934108,31970.2338389093
8761.476877472422,8761.476877472422,10054.99092868433,10075.739149188554,21324.240992508705
11104.673440192333,11104.673440192333,11729.34092948899,11364.526221276868,31970.2338389093
10333.24462132332,10333.24462132332,9319.307538483528,9907.417556791755,21324.240992508705
8508.476629953135,8508.476629953135,11536.137624888665,11460.665213583303,31970.2338389093
11669.378761793894,11669.378761793894,12517.652589484002,11489.608892372236,31970.2338389093
8434.632306891146,8434.632306891146,12644.910094791758,11678.660670958086,31970.2338389093
11446.072565066665,11446.072565066665,12631.040801601514,11697.758326223691,31970.2338389093
8383.274635607033,8383.274635607033,12067.986657425048,11568.880682387702,31970.2338389093
11072.785956278294,11072.785956278294,11972.87682259144,11419.994704879045,31970.2338389093
8237.168697258423,8237.168697258423,11679.560657577103,11338.828083625864,31970.2338389093
9518.871927801289,9518.871927801289,10896.476950379107,11169.781449961916,31970.2338389093
10208.538949021542,10208.538949021542,11524.278946330896,11201.499515012172,31970.2338389093
11093.719359200484,11093.719359200484,11506.823665894277,11006.449211990608,31970.2338389093
9848.982150257454,9848.982150257454,11628.708303430472,11148.068330639973,31970.2338389093
10529.838833162583,10529.838833162583,11077.900065660651,11253.357637841014,31970.2338389093
9860.014786157679,9860.014786157679,10284.41320276703,11147.076391888117,31970.2338389093
10381.785814884855,10381.785814884855,9825.008710632495,10955.89553107176,31970.2338389093
10381.832318501474,10381.832318501474,10548.07175184863,10991.902987482057,31970.2338389093
10919.779798025242,10919.779798025242,10104.84203817393,10905.380213559305,31970.2338389093
9408.86778106976,9408.86778106976,10429.750970848638,10860.497485539192,31970.2338389093
10150.423647295303,10150.423647295303,10243.535979403296,10868.128528078849,31970.2338389093
9802.875177221047,9802.875177221047,10048.621403348057,11008.181224156851,31970.2338389093
9740.95499524788,9740.95499524788,10262.265205403632,11088.370331074262,31970.2338389093
10068.67743916399,10068.67743916399,10304.553752367749,11044.3088988083,31970.2338389093
8093.7339742792665,8093.7339742792665,10537.74126479053,11046.762726360344,31970.2338389093
8761.971151959688,8761.971151959688,11019.200808909434,11017.167866699881,31970.2338389093
8683.770448105137,8683.770448105137,11723.730221396469,11250.572295910002,31970.2338389093
8975.919906567451,8975.919906567451,10917.523741835412,11079.832668048713,31970.2338389093
9615.258952860026,9615.258952860026,11405.180722243529,11089.164301459443,31970.2338389093
11937.442460964565,11937.442460964565,10528.640090574496,11006.458866627294,31970.2338389093
8760.61456927829,8760.61456927829,10389.418541016472,11149.442275362562,31970.2338389093
10458.470359583058,10458.470359583058,10311.030304586164,11278.392244401308,31970.2338389093
10316.678638813142,10316.678638813142,10378.28667363137,11223.312466433707,31970.2338389093
11275.85594570142,11275.85594570142,10743.257940182575,11154.196087713079,31970.2338389093
9741.611340703497,9741.611340703497,11116.11204546061,11110.740297302276,31970.2338389093
10668.884391665302,10668.884391665302,10564.445593041648,11080.774957063722,31970.2338389093
10972.915855400217,10972.915855400217,10250.357288129851,11243.836244454773,31970.2338389093
11168.282298832068,11168.282298832068,10616.226006761115,11186.265464193193,31970.2338389093
11738.13724990848,11738.13724990848,10553.107156207636,11191.427409303067,31970.2338389093
9865.905065116107,9865.905065116107,10319.018370850077,11130.65459928849,31970.2338389093
12314.391118552223,12314.391118552223,10942.428591629792,11346.460563661856,31970.2338389093
11306.825682743995,11306.825682743995,10940.018097369482,11159.976013275478,31970.2338389093
11341.851121579728,11341.851121579728,10985.5573837497,10972.454771633593,31970.2338389093
10363.938478277316,10363.938478277316,10635.50191387645,10969.63190694918,31970.2338389093
10989.41322390281,10989.41322390281,10188.825918518938,11087.646376782945,31970.2338389093
11927.177680080697,11927.177680080697,11003.961667429527,11103.386273387878,31970.2338389093
11295.786231690076,11295.786231690076,10996.804619080944,11085.388328168256,31970.2338389093
11812.396472637573,11812.396472637573,11090.825304287966,11048.126692431635,31970.2338389093
11509.131313833983,11509.131313833983,10982.592550097546,11003.719857862816,31970.2338389093
11935.534020061821,11935.534020061821,11042.16221499895,10799.826460969853,31970.2338389093
10657.590057393329,10657.590057393329,11637.571554617905,10821.886323409313,31970.2338389093
12477.312545830748,12477.312545830748,11114.825239830592,10787.75479829304,31970.2338389093
11479.099079441628,11479.099079441628,11742.907382505113,10975.168062236822,31970.2338389093
10840.854313534253,10840.854313534253,11826.496229870638,11027.703627945575,31970.2338389093
11202.530403986962,11202.530403986962,11134.780224932681,10811.071903872684,31970.2338389093
12604.082337522848,12604.082337522848,10896.381013230664,10753.68045707566,31970.2338389093
11030.684268481074,11030.684268481074,10338.28134208434,10626.83643626482,31970.2338389093
11644.138199681714,11644.138199681714,10256.078541788673,10685.74506930436,31970.2338389093
12003.71653019073,12003.71653019073,10612.406545478036,10731.625802440136,31970.2338389093
12381.441262236123,12381.441262236123,11567.859248527942,10777.48617916002,31970.2338389093
12389.240507584145,12389.240507584145,11013.131170432396,10845.217167419973,31970.2338389093
12166.431910686953,12166.431910686953,11908.410340557259,10864.581077138311,31970.2338389093
12983.482897118514,12983.482897118514,11158.629790091223,10905.529287076208,31970.2338389093
12404.55874733863,12404.55874733863,11053.26652238244,10912.61527173597,31970.2338389093
12984.060778158902,12984.060778158902,11424.322134646129,10880.356317669779,31970.2338389093
11757.015965485756,11757.015965485756,11823.620563885976,11061.521929299448,31970.2338389093
13331.430159932701,13331.430159932701,13160.519309700958,11293.938556078512,31970.2338389093
11669.982976843057,11669.982976843057,12839.785224410642,11144.087763816766,31970.2338389093
12356.673158870013,12356.673158870013,12810.383214385332,11272.734037682416,31970.2338389093
12651.761631002626,12651.761631002626,12884.998666424963,11268.535718275287,31970.2338389093
12943.889926846636,12943.889926846636,12570.382761887991,11310.586523916912,31970.2338389093
11920.65676928197,11920.65676928197,11795.370609889413,11213.930918446582,31970.2338389093
14134.953611764846,14134.953611764846,11800.861534312635,11213.248552858007,31970.2338389093
11291.673497743508,11291.673497743508,12057.222928327099,11263.14910692784,31970.2338389093
11993.785898689923,11993.785898689923,12478.537354018677,11268.51553551541,31970.2338389093
12536.900215587577,12536.900215587577,12498.848007087629,11357.451368935088,31970.2338389093
12229.393031222278,12229.393031222278,11820.064148910236,11313.205341581266,31970.2338389093
14136.935021440322,14136.935021440322,11844.380316787308,11329.459078807144,31970.2338389093
11317.146058510509,11317.146058510509,12248.893100893922,11441.476513412495,31970.2338389093
12702.132479236023,12702.132479236023,11642.611927865752,11491.330085733538,31970.2338389093
14298.774987963214,14298.774987963214,12132.488270503094,11659.200469814235,31970.2338389093
12292.001703928343,12292.001703928343,13223.54945256656,11796.43474804266,31970.2338389093
11976.21829961538,11976.21829961538,13568.771720376832,11851.3455622071,31970.2338389093
12975.239150493075,12975.239150493075,12902.688985330298,11695.035315957386,31970.2338389093
12927.502470202384,12927.502470202384,13077.055837430953,11660.704293909477,31970.2338389093
12515.337300973239,12515.337300973239,12608.745534107566,11766.311357148274,31970.2338389093
12286.102975731632,12286.102975731632,12192.843147430078,11701.70251344131,31970.2338389093
12169.506621575358,12169.506621575358,12115.92929075676,11629.39973560627,31970.2338389093
13873.086199244457,13873.086199244457,12197.342235401407,11770.323529251245,31970.2338389093
13037.063708999436,13037.063708999436,12191.824985111116,11865.891408585743,31970.2338389093
13776.604325172508,13776.604325172508,11580.280435946657,11786.770838677608,31970.2338389093
13151.513249639556,13151.513249639556,10644.076188933397,11737.246366355444,31970.2338389093
12014.33000520232,12014.33000520232,10536.828303555845,11761.599746168331,31970.2338389093
12357.227551108666,12357.227551108666,10965.919092666387,11761.11875171537,31970.2338389093
13401.55091227012,13401.55091227012,11125.451979367735,11848.029506079236,31970.2338389093
13183.94449955683,13183.94449955683,11531.27612938749,11871.774249539863,31970.2338389093
14214.30886689758,14214.30886689758,11803.361677024646,11863.013925030053,31970.2338389093
14045.78068310569,14045.78068310569,11990.474971859501,11809.329669120578,31970.2338389093
13350.039867293483,13350.039867293483,11808.681398855104,11935.54129900276,31970.2338389093
13399.39731305951,13399.39731305951,12615.86867518616,12180.632700623186,31970.2338389093
13902.555805144117,13902.555805144117,12385.059904981408,11936.268508750307,31970.2338389093
13400.520114581914,13400.520114581914,13523.902379572715,12219.061794303867,31970.2338389093
13323.621133854562,13323.621133854562,13729.527804157895,12158.923830498885,31970.2338389093
13350.374132688657,13350.374132688657,13263.595972522857,12048.538700245814,31970.2338389093
15075.667230744557,15075.667230744557,13227.255884325976,12266.524637957893,31970.2338389093
14093.507736752694,14093.507736752694,12926.884857985926,12277.875018490919,31970.2338389093
14567.740843836724,14567.740843836724,14311.662055949835,12657.690067803149,31970.2338389093
13757.094406954007,13757.094406954007,15120.959445205028,12782.305849803846,31970.2338389093
14123.618020488255,14123.618020488255,15930.26825097956,12999.113640103065,31970.2338389093
13764.693296296049,13764.693296296049,16347.806822882168,13136.622215494033,31970.2338389093
15603.6572070538,15603.6572070538,16086.769801344111,12950.996234932654,31970.2338389093
14455.200315664046,14455.200315664046,15801.875687694614,12997.75486373134,31970.2338389093
15498.083312102443,15498.083312102443,16001.47088682654,13127.492049845949,31970.2338389093
14017.981138965544,14017.981138965544,16479.905098127743,13133.866415394878,31970.2338389093
14035.429434066124,14035.429434066124,16838.716530855087,13349.403517199687,31970.2338389093
14857.315829450996,14857.315829450996,16541.70739866488,13221.4923854467,31970.2338389093
12951.633626768722,12951.633626768722,14857.932672956207,12997.172740454202,31970.2338389093
14421.301496364407,14421.301496364407,14491.54219522898,13112.657243967515,31970.2338389093
13667.915679689533,13667.915679689533,12958.753361222505,13028.787669470501,31970.2338389093
15356.884363472414,15356.884363472414,12286.920344780809,13017.006551165201,31970.2338389093
14133.347136360291,14133.347136360291,12438.77574672281,12924.674831899616,31970.2338389093
14528.062743994475,14528.062743994475,12801.132882178748,13198.907318189205,31970.2338389093
15512.355279047884,15512.355279047884,12551.910988687443,13277.70194072091,31970.2338389093
13662.82373918369,13662.82373918369,12498.058547681594,13222.033539265774,31970.2338389093
14707.644560774072,14707.644560774072,12013.117184352493,13256.319483266447,31970.2338389093
13399.428997174178,13399.428997174178,12211.327415541647,13163.9882671375,31970.2338389093
14650.661135713095,14650.661135713095,12344.6504509453,13102.090000861213,31970.2338389093
13983.955425881431,13983.955425881431,11962.655764241299,13136.312333458314,31970.2338389093
15047.380526330311,15047.380526330311,12435.159790621225,13066.041007415963,31970.2338389093
15311.130877273159,15311.130877273159,12078.285978524265,13104.141361296906,31970.2338389093
14590.088632343046,14590.088632343046,13374.503466393213,13173.077871077638,31970.2338389093
14689.162432247973,14689.162432247973,12815.94598255179,13117.386624186252,31970.2338389093
15169.608833464159,15169.608833464159,13292.260627140302,13222.399722073604,31970.2338389093
14224.393334911469,14224.393334911469,13320.679860701046,13305.631714339926,31970.2338389093
14032.991148492487,14032.991148492487,13649.185142675075,13370.745344315272,31970.2338389093
14453.563164112398,14453.563164112398,13849.036226065538,13412.046405529096,31970.2338389093
15498.560175832885,15498.560175832885,14316.70592121091,13526.862555617377,31970.2338389093
14672.615597551132,14672.615597551132,15916.060183762198,13896.338512059401,31970.2338389093
14568.054711575784,14568.054711575784,16233.14300876561,13873.2011620888,31970.2338389093
14219.75174602585,14219.75174602585,16190.608574265769,13903.898079127835,31970.2338389093
14425.288325930507,14425.288325930507,14981.674972467003,13853.356778381709,31970.2338389093
15119.120574908824,15119.120574908824,15207.235830355776,14030.018552470729,31970.2338389093
13548.245149605902,13548.245149605902,14940.555300805616,14103.14512152356,31970.2338389093
14541.043489414866,14541.043489414866,15972.371467303383,14306.922189267325,31970.2338389093
14270.390761313767,14270.390761313767,15012.007962853371,14148.0565410124,31970.2338389093
14368.330038056209,14368.330038056209,15262.328958556807,14158.25697136296,31970.2338389093
14768.350247976889,14768.350247976889,15728.164605387448,14311.823141289942,31970.2338389093
14174.885177019592,14174.885177019592,14339.900666591973,14366.223651005896,31970.2338389093
13208.22501817096,13208.22501817096,14266.673820655113,14364.799646448804,31970.2338389093
13462.344151890773,13462.344151890773,15042.918274750711,14389.307999040748,31970.2338389093
13748.2806526927,13748.2806526927,15355.38110611898,14447.421018609226,31970.2338389093
14377.638033809964,14377.638033809964,15222.094894317235,14369.657055419631,31970.2338389093
13705.7450321797,13705.7450321797,15185.11543713853,14394.262648119686,31970.2338389093
14563.962681958204,14563.962681958204,14076.536967525908,14469.510388267934,31970.2338389093
13523.6092154211,13523.6092154211,14691.972920651151,14440.999948277436,31970.2338389093
14322.118847338059,14322.118847338059,14674.382655933794,14507.756530952534,31970.2338389093
13424.809192644127,13424.809192644127,13897.47071154023,14228.98487240802,31970.2338389093
14198.035232968252,14198.035232968252,14091.670069271297,14160.365775819148,31970.2338389093
12962.390065846299,12962.390065846299,14008.435191496092,13980.43303455211,31970.2338389093
13543.783378681137,13543.783378681137,14070.912009582407,13933.92903638079,31970.2338389093
12963.411110303861,12963.411110303861,14091.84976839266,14048.437012018934,31970.2338389093
14280.179562609104,14280.179562609104,13697.300911441396,13948.74210016899,31970.2338389093
13890.835776916472,13890.835776916472,14253.846926833861,14044.73785612115,31970.2338389093
12487.374482937721,12487.374482937721,14580.870251249196,14089.703418892224,31970.2338389093
13790.285671411642,13790.285671411642,14828.123323937654,14038.881306893947,31970.2338389093
13135.857536136957,13135.857536136957,14468.715746780881,14093.158200575732,31970.2338389093
14034.278075767641,14034.278075767641,14517.880686415574,14160.974475099894,31970.2338389093
13506.222862486942,13506.222862486942,14167.556674472571,14095.568671667867,31970.2338389093
12399.46400435237,12399.46400435237,14150.372718804578,14218.756906068524,31970.2338389093
13922.569651175085,13922.569651175085,14197.301185519658,14316.005204528561,31970.2338389093
12746.233089369847,12746.233089369847,14390.728623367879,14438.827587347949,31970.2338389093
12626.797965014443,12626.797965014443,14236.317768966246,14235.77907752649,31970.2338389093
13471.062303112214,13471.062303112214,13882.418188787637,14310.839296141188,31970.2338389093
13910.995401270544,13910.995401270544,13993.235363113174,14388.73878197854,31970.2338389093
13525.114181337422,13525.114181337422,13422.253265766889,14320.708523176827,31970.2338389093
14090.341343805308,14090.341343805308,13174.81380004736,14285.855477476875,31970.2338389093
12896.319264014457,12896.319264014457,13583.30000415101,14408.704385741034,31970.2338389093
12696.878464188612,12696.878464188612,13416.931190358626,14386.423756891332,31970.2338389093
13365.217431271216,13365.217431271216,13946.219761038159,14520.968900151911,31970.2338389093
12003.050452657515,12003.050452657515,12992.24527586318,14498.797063996348,31970.2338389093
12974.26769154483,12974.26769154483,12250.540884882377,14214.035071045779,31970.2338389093
11402.974885420099,11402.974885420099,12811.896714701954,14234.96922395652,31970.2338389093
12745.872899270726,12745.872899270726,12460.243849858573,14144.435940684843,31970.2338389093
12602.10837339306,12602.10837339306,12251.33387279886,14174.869584398104,31970.2338389093
13156.378046644584,13156.378046644584,12178.9671371835,14026.664922078513,31970.2338389093
13581.573542594791,13581.573542594791,12245.655611986442,13965.179354661053,31970.2338389093
12695.66069048264,12695.66069048264,12352.79829617403,14015.922860733657,31970.2338389093
12416.189525173775,12416.189525173775,13013.178684046925,13805.847456948277,31970.2338389093
11769.10340553669,11769.10340553669,12726.063835794077,13819.553065557604,31970.2338389093
13634.621986224085,13634.621986224085,12875.29328021058,13835.734005185308,31970.2338389093
12533.986663801452,12533.986663801452,12888.88070691286,13795.476217934951,31970.2338389093
11972.255326810293,11972.255326810293,12777.111705352003,13748.944398955768,31970.2338389093
12411.239582400014,12411.239582400014,12973.610113228542,13751.04690316943,31970.2338389093
11635.310038898895,11635.310038898895,13276.945212862756,13635.784333509977,31970.2338389093
12178.665808465204,12178.665808465204,13852.275288062941,13794.718387120427,31970.2338389093
10825.11021386241,10825.11021386241,14334.98280205341,13779.710123360375,31970.2338389093
11798.04637951979,11798.04637951979,14122.412604273693,13694.772460510907,31970.2338389093
11505.793585221543,11505.793585221543,13393.190156784089,13616.505354986706,31970.2338389093
11992.19803943012,11992.19803943012,13132.64716795049,13592.74773501668,31970.2338389093
12172.577331781979,12172.577331781979,13357.730533185375,13498.69645687224,31970.2338389093
12207.063519393205,12207.063519393205,14371.25994756015,13598.651986223185,31970.2338389093
11995.967951509054,11995.967951509054,14083.103495957903,13521.146119283901,31970.2338389093
11596.85018014031,11596.85018014031,14724.53215230483,13658.93024620269,31970.2338389093
11891.265805316796,11891.265805316796,14042.648428767858,13629.006625758368,31970.2338389093
11060.895894842182,11060.895894842182,13661.879038749965,13588.699610740188,31970.2338389093
11773.417417396016,11773.417417396016,13432.227083536927,13531.279008881003,31970.2338389093
11666.200770164409,11666.200770164409,12937.286436036587,13502.735605410177,31970.2338389093
11707.679114415516,11707.679114415516,13765.141808870869,13551.199702906615,31970.2338389093
11763.10759054519,11763.10759054519,13496.6954887998,13490.399794477418,31970.2338389093
11678.583307073974,11678.583307073974,13228.523181890308,13330.218691333821,31970.2338389093
11645.567562806706,11645.567562806706,12730.026755589422,13326.287383662535,31970.2338389093
11935.988836433375,11935.988836433375,12566.735135746943,13295.032964145008,31970.2338389093
11006.764199663787,11006.764199663787,12457.395981631,13299.640057162116,31970.2338389093
11778.895387765737,11778.895387765737,12733.80527234708,13259.593629977946,31970.2338389093
10926.739716311535,10926.739716311535,12378.941599739135,13098.863265900483,31970.2338389093
11177.840482994046,11177.840482994046,11995.825795579742,13036.701018640779,31970.2338389093
10574.424538316565,10574.424538316565,12627.497732352145,13124.659014597495,31970.2338389093
11535.377534646519,11535.377534646519,12585.037820556567,13234.695932123417,31970.2338389093
10379.039557721602,10379.039557721602,12505.795423866079,13161.48433548972,31970.2338389093
11540.980486366925,11540.980486366925,12341.171939561555,12958.992842142201,31970.2338389093
11056.737529514514,11056.737529514514,12639.078720018571,12975.957402992677,31970.2338389093
11674.640763432097,11674.640763432097,13144.772715260371,13076.723953403834,31970.2338389093
10096.920073633255,10096.920073633255,11712.855540813047,12865.7275275672,31970.2338389093
11878.76815471509,11878.76815471509,11693.272619679188,12799.60108129115,31970.2338389093
10741.111220855144,10741.111220855144,12014.074760655862,12817.227564878282,31970.2338389093
11309.140476457109,11309.140476457109,12768.70759188027,12955.479777007362,31970.2338389093
10804.741181087076,10804.741181087076,11833.296689856965,12774.658351738686,31970.2338389093
10654.87253995812,10654.87253995812,11397.607056150477,12830.831105281788,31970.2338389093
11151.746452595953,11151.746452595953,11588.83634772855,12690.007652827797,31970.2338389093
10826.316478961087,10826.316478961087,11662.28708324865,12693.001203619293,31970.2338389093
10752.648897847748,10752.648897847748,11337.545741020687,12793.358374220337,31970.2338389093
10215.344081597223,10215.344081597223,11066.648718107583,12727.67435408496,31970.2338389093
10066.893809064755,10066.893809064755,11685.926862791046,12710.864130153694,31970.2338389093
10361.335702511,10361.335702511,11725.014831328483,12694.337272997072,31970.2338389093
10355.76173995256,10355.76173995256,11296.615472394491,12640.757231920477,31970.2338389093
10664.755545413876,10664.755545413876,10468.303150690244,12600.009284748121,31970.2338389093
10288.586235312763,10288.586235312763,10603.518677507662,12424.802428005412,31970.2338389093
10153.385667006072,10153.385667006072,10589.389592166182,12346.073286905634,31970.2338389093
10175.915087326004,10175.915087326004,10845.784217951825,12313.951729259346,31970.2338389093
10258.092731326738,10258.092731326738,11336.72310813379,12385.287169203935,31970.2338389093
9469.400800726457,9469.400800726457,11468.709025348528,12509.32403790747,31970.2338389093
10473.577737125275,10473.577737125275,11067.89461670715,12385.83093635599,31970.2338389093
9714.444765253525,9714.444765253525,11003.092006457902,12316.760508799565,31970.2338389093
10103.89726906029,10103.89726906029,11491.18893041024,12337.186016506568,31970.2338389093
9376.061890251713,9376.061890251713,12054.571296383205,12281.216433584532,31970.2338389093
9491.282392091493,9491.282392091493,12050.725899853895,12143.15790430822,31970.2338389093
10565.71056574473,10565.71056574473,12445.302941125523,12089.380495375777,31970.2338389093
9981.572926990033,9981.572926990033,12515.016628145833,12170.438581177987,31970.2338389093
9941.406766832994,9941.406766832994,11758.80705116113,12039.183705901476,31970.2338389093
9943.14361819564,9943.14361819564,11093.295553247319,11932.400173216325,31970.2338389093
9581.604608062877,9581.604608062877,10547.086393874384,11744.48932717032,31970.2338389093
9756.123745686555,9756.123745686555,10602.904002293975,11689.791037623205,31970.2338389093
9736.662683420336,9736.662683420336,10434.468368744372,11458.747752087475,31970.2338389093
9853.617354804452,9853.617354804452,10069.669812788721,11542.590293310743,31970.2338389093
9287.870719819446,9287.870719819446,10133.811550907893,11575.602936016116,31970.2338389093
9627.771701810392,9627.771701810392,10656.669339570097,11588.04635551485,31970.2338389093
9394.50072155179,9394.50072155179,10606.3679342184,11623.19679501214,31970.2338389093
9109.507240483963,9109.507240483963,10357.219691628441,11488.854157729504,31970.2338389093
9569.58411357607,9569.58411357607,10139.480847202296,11367.740777581977,31970.2338389093
9304.708622647251,9304.708622647251,9912.81676658387,11269.258890155037,31970.2338389093
9267.501654866246,9267.501654866246,10062.877734775355,11211.059523007505,31970.2338389093
9228.957313959698,9228.957313959698,10195.920202578192,11215.628050989455,31970.2338389093
8420.382915581351,8420.382915581351,10123.38331742086,10991.945219245446,31970.2338389093
9476.478991701402,9476.478991701402,9597.71651056822,10915.372540954972,31970.2338389093
9446.733716125169,9446.733716125169,9081.221768453055,10916.0589697589,31970.2338389093
8749.016759063526,8749.016759063526,8978.992526584207,10984.679701715744,31970.2338389093
8533.380581133239,8533.380581133239,8279.25207815909,10753.54766417353,31970.2338389093
9064.959808378671,9064.959808378671,8565.130956594125,10684.872784937012,31970.2338389093
9030.057844937031,9030.057844937031,8876.609509865411,10641.903594781841,31970.2338389093
8638.737451045788,8638.737451045788,9415.572049517436,10684.138912146213,31970.2338389093
9206.131041196122,9206.131041196122,9237.450314619568,10530.733841927706,31970.2338389093
8867.004447245568,8867.004447245568,8773.956174179317,10341.464742773243,31970.2338389093
8803.021406286023,8803.021406286023,8373.495294935416,10324.073170069918,31970.2338389093
8774.430265359582,8774.430265359582,8282.262894349837,10233.1705958891,31970.2338389093
8803.551552474175,8803.551552474175,8430.149118137553,10199.273841255239,31970.2338389093
8377.739829861797,8377.739829861797,7943.128948750389,10019.563973089766,31970.2338389093
9083.939200213588,9083.939200213588,8106.8364690193175,10008.255620005999,31970.2338389093
8595.677802638631,8595.677802638631,7823.98064415462,9970.14750253784,31970.2338389093
8697.888484718489,8697.888484718489,7548.857294913849,9833.907784218902,31970.2338389093
8432.757525790112,8432.757525790112,7138.739216253491,9779.42933874718,31970.2338389093
8368.080537618713,8368.080537618713,7133.723416385376,9689.969377000642,31970.2338389093
8475.584817825167,8475.584817825167,7111.499556669073,9550.434910485541,31970.2338389093
8124.363772388324,8124.363772388324,7568.306182951446,9500.549034101998,31970.2338389093
8774.497774851046,8774.497774851046,7522.844530624599,9392.736535748323,31970.2338389093
8388.928280974342,8388.928280974342,7324.680421016946,9404.88683097973,31970.2338389093
8613.378120834097,8613.378120834097,6925.91384368963,9311.086111689643,31970.2338389093
8825.251988887785,8825.251988887785,6954.47183582719,9278.446251669904,31970.2338389093
8820.508745509835,8820.508745509835,7040.831855324342,9260.435955169472,31970.2338389093
8433.057845327969,8433.057845327969,6888.928510243425,9042.536642677222,31970.2338389093
8165.863882126641,8165.863882126641,7085.813464027209,8929.247409925865,31970.2338389093
8989.797938174406,8989.797938174406,7152.960311976409,8826.819634326217,31970.2338389093
7938.493994096515,7938.493994096515,6974.74634409708,8731.805255963525,31970.2338389093
8119.021637261417,8119.021637261417,7407.052057294693,8781.341044269357,31970.2338389093
8527.077453956905,8527.077453956905,7906.8595077021555,8675.870651206707,31970.2338389093
7914.293694128698,7914.293694128698,7794.1091716437395,8552.794406031839,31970.2338389093
7960.854678101102,7960.854678101102,8033.645523108857,8507.670036340636,31970.2338389093
8297.015203566158,8297.015203566158,8718.912312282206,8533.16812590124,31970.2338389093
8644.121546930452,8644.121546930452,8185.054554262967,8394.4435403929,31970.2338389093
8106.3687858334815,8106.3687858334815,9189.378482655797,8528.650928976154,31970.2338389093
7432.807795307167,7432.807795307167,8551.865808496816,8420.961460975763,31970.2338389093
7818.387466622506,7818.387466622506,8446.816797113486,8406.765714974039,31970.2338389093
8469.769707677407,8469.769707677407,8661.356924381102,8343.495840380952,31970.2338389093
7737.62051853336,7737.62051853336,8046.095276172401,8303.666425754964,31970.2338389093
7649.936949547244,7649.936949547244,8057.677178656579,8273.472124380278,31970.2338389093
8329.950848068982,8329.950848068982,8011.682802571426,8128.368656364544,31970.2338389093
7831.947064184709,7831.947064184709,8341.336747920981,8044.603518010813,31970.2338389093
7782.325024781282,7782.325024781282,7877.525589564206,7987.399656970403,31970.2338389093
8219.759604433275,8219.759604433275,8083.843139038479,7939.768229874906,31970.2338389093
7599.533849189319,7599.533849189319,7176.995498921242,7936.153859319944,31970.2338389093
7596.70677774264,7596.70677774264,7439.626778365756,7926.323463332141,31970.2338389093
7634.501455827177,7634.501455827177,7034.362511998978,7801.062670418764,31970.2338389093
7671.07382741785,7671.07382741785,7146.3770622956,7733.587212324434,31970.2338389093
7277.323207591716,7277.323207591716,7580.886894169258,7795.167141104644,31970.2338389093
7753.161591755628,7753.161591755628,7326.556484509076,7819.24011916845,31970.2338389093
7850.061631974288,7850.061631974288,7168.752320393585,7745.874766752651,31970.2338389093
7635.864805635003,7635.864805635003,6948.184408708849,7638.441894435742,31970.2338389093
8368.252793842708,8368.252793842708,7243.663115707439,7780.28186448007,31970.2338389093
7147.739869407473,7147.739869407473,7480.501816605868,7722.842401877254,31970.2338389093
7629.719250776801,7629.719250776801,7807.563740393661,7722.344705425595,31970.2338389093
7538.556393265653,7538.556393265653,7785.826143871376,7600.374282202929,31970.2338389093
7626.751364599347,7626.751364599347,8371.481013632389,7627.868810221327,31970.2338389093
7107.345548378121,7107.345548378121,8559.056550927613,7690.607287674094,31970.2338389093
7459.976294580563,7459.976294580563,8168.904393698804,7754.2489608573205,31970.2338389093
7673.043660078024,7673.043660078024,8379.251936539202,7838.637927606323,31970.2338389093
7707.792387507058,7707.792387507058,8702.907610629902,7800.426465251121,31970.2338389093
7718.438405831216,7718.438405831216,8621.918843166271,7774.1998733189175,31970.2338389093
7070.958438100488,7070.958438100488,7953.088690255803,7749.532308727369,31970.2338389093
8288.343501262523,8288.343501262523,7740.498394659716,7706.145951978275,31970.2338389093
7425.167941728719,7425.167941728719,7510.187699722635,7714.610786387352,31970.2338389093
6985.674999423227,6985.674999423227,7716.831500056745,7715.992738963581,31970.2338389093
7720.431969781473,7720.431969781473,7921.860662628138,7785.49625946988,31970.2338389093
7531.401673732226,7531.401673732226,7798.113335809738,7827.930043502225,31970.2338389093
7510.671815563285,7510.671815563285,7688.844546711662,7778.356633609364,31970.2338389093
7033.63721253557,7033.63721253557,7631.948708075193,7860.4587630964415,31970.2338389093
7577.699807904491,7577.699807904491,7675.397146078782,7870.569810263488,31970.2338389093
7872.595510640571,7872.595510640571,7825.720937031305,7954.161291987254,31970.2338389093
7469.450472189795,7469.450472189795,8020.9413285203045,7962.826207265991,31970.2338389093
6830.694634456249,6830.694634456249,7803.364445284469,7858.6524699702995,31970.2338389093
7310.799669036441,7310.799669036441,7935.598452166756,7923.94477477202,31970.2338389093
7733.436839041945,7733.436839041945,7987.262769826846,7896.282600123507,31970.2338389093
7365.186969957215,7365.186969957215,7369.676356276168,7828.839468329833,31970.2338389093
7697.527279028123,7697.527279028123,7368.458862767284,7906.672547236267,31970.2338389093
7333.388634891899,7333.388634891899,7398.317145197696,7776.609651189964,31970.2338389093
6756.824684303167,6756.824684303167,6937.436472394438,7666.574156034899,31970.2338389093
7292.855182039643,7292.855182039643,6704.400956053735,7652.628167145487,31970.2338389093
6936.657476615949,6936.657476615949,6605.394687839024,7668.511124933288,31970.2338389093
7001.291295630817,7001.291295630817,6339.0474511355005,7486.8532350366495,31970.2338389093
7089.835059803151,7089.835059803151,6708.001451845792,7563.241849486864,31970.2338389093
7194.881899627699,7194.881899627699,6416.56170324841,7369.381418890541,31970.2338389093
7504.0860950303895,7504.0860950303895,6289.934916765585,7443.896421777262,31970.2338389093
7156.617491625016,7156.617491625016,6312.30531003639,7401.937170914412,31970.2338389093
7741.551813814871,7741.551813814871,5862.827440927215,7346.966650545489,31970.2338389093
7441.948425267208,7441.948425267208,6038.171425009646,7375.024880957412,31970.2338389093
7456.877631686633,7456.877631686633,6128.5310178865375,7280.7449238808895,31970.2338389093
7902.309750463119,7902.309750463119,6392.534766779413,7328.798559987084,31970.2338389093
7520.8453295019435,7520.8453295019435,6438.987957960708,7288.041366941232,31970.2338389093
7313.126012831277,7313.126012831277,6671.984820135192,7245.745081150847,31970.2338389093
7154.934485199382,7154.934485199382,6634.23752873207,7273.320727425583,31970.2338389093
7650.012149226881,7650.012149226881,6711.078486582295,7276.19801642275,31970.2338389093
7998.215129690941,7998.215129690941,7005.745679158618,7357.120201935833,31970.2338389093
7377.87980643501,7377.87980643501,7118.577491091752,7418.780166732968,31970.2338389093
7256.630454930405,7256.630454930405,7471.0267311619145,7411.8965843187525,31970.2338389093
7280.785549609014,7280.785549609014,7099.488355800674,7278.745173283695,31970.2338389093
7242.438685064944,7242.438685064944,7106.781866444474,7236.79000026797,31970.2338389093
7461.618575774194,7461.618575774194,7046.39158393146,7304.326412694659,31970.2338389093
6948.736044462636,6948.736044462636,6886.647213116526,7275.733927822767,31970.2338389093
7650.269971484004,7650.269971484004,7729.414427735753,7342.89534355651,31970.2338389093
7323.5728273767245,7323.5728273767245,7438.937998578175,7265.007963820044,31970.2338389093
7176.563549035173,7176.563549035173,7318.150508459487,7178.315370035916,31970.2338389093
6981.901108619903,6981.901108619903,7027.838009318622,7205.522575025284,31970.2338389093
7677.0951710098425,7677.0951710098425,7267.27125211267,7197.938214429025,31970.2338389093
7664.41674645531,7664.41674645531,7310.247631479158,7162.134800429061,31970.2338389093
6869.124617481202,6869.124617481202,7839.299198651681,7212.824134274272,31970.2338389093
7132.06964214239,7132.06964214239,8121.056699132687,7185.150952786665,31970.2338389093
7106.802676501273,7106.802676501273,8040.603484381446,7171.865587444965,31970.2338389093
6619.110202297245,6619.110202297245,8456.06876894608,7242.563912978728,31970.2338389093
7080.864158541198,7080.864158541198,7596.391803864608,7271.555966278272,31970.2338389093
7706.7746003403745,7706.7746003403745,7715.417642664494,7259.991813420999,31970.2338389093
6973.308221431083,6973.308221431083,8466.651776435256,7369.60818537844,31970.2338389093
6545.395664351897,6545.395664351897,8581.107793105863,7378.377833635107,31970.2338389093
7305.879400090449,7305.879400090449,8472.534248846412,7308.072931672678,31970.2338389093
6998.275088105317,6998.275088105317,8317.727011641273,7266.057535595369,31970.2338389093
7759.789427979563,7759.789427979563,8273.571613800936,7329.769547692126,31970.2338389093
6919.303744305453,6919.303744305453,8121.425636116313,7283.046338394888,31970.2338389093
7294.250931356806,7294.250931356806,8148.477447701883,7266.481647769588,31970.2338389093
7760.4316977849285,7760.4316977849285,8166.118611503854,7310.643447873238,31970.2338389093
7627.793676045358,7627.793676045358,8341.8089938482,7335.729499343852,31970.2338389093
6988.5181362050635,6988.5181362050635,8797.620641125952,7458.843052589296,31970.2338389093
7108.30262625953,7108.30262625953,8270.106653449842,7436.5098256350575,31970.2338389093
6609.910271548539,6609.910271548539,8529.040650060282,7486.733409681795,31970.2338389093
7340.359270205538,7340.359270205538,8959.459386405728,7626.029537698591,31970.2338389093
6812.19871008053,6812.19871008053,9347.84974892286,7661.935712826485,31970.2338389093
7026.125367388291,7026.125367388291,8824.708646227507,7615.0478478980895,31970.2338389093
6694.050713190947,6694.050713190947,8704.28764808489,7636.416573532981,31970.2338389093
7491.898028424659,7491.898028424659,8627.533170633571,7651.108090685555,31970.2338389093
7559.335034871069,7559.335034871069,8849.664687967226,7759.497447898878,31970.2338389093
7026.561704742419,7026.561704742419,8735.806436585748,7815.081296433901,31970.2338389093
7306.988061438064,7306.988061438064,8074.62164048453,7732.167090317043,31970.2338389093
7382.846586091615,7382.846586091615,7809.269048495815,7715.051294684537,31970.2338389093
7005.537949730973,7005.537949730973,7699.616017372221,7768.669629803122,31970.2338389093
7293.945583867513,7293.945583867513,7365.097301804346,7836.587936052183,31970.2338389093
6659.826096641886,6659.826096641886,7284.942510141736,7946.358726669389,31970.2338389093
7031.2643318937535,7031.2643318937535,7614.439317882902,7930.30142647274,31970.2338389093
7401.737369730611,7401.737369730611,7678.65834025677,7946.442038007027,31970.2338389093
6717.236806354716,6717.236806354716,7589.114522612757,7890.424041852225,31970.2338389093
7184.7462507778955,7184.7462507778955,6577.2494706165335,7787.149750430044,31970.2338389093
6498.1821086846185,6498.1821086846185,6669.454273822863,7814.575187171435,31970.2338389093
7224.958134088249,7224.958134088249,6821.183911808481,7769.556366932326,31970.2338389093
7494.068250596385,7494.068250596385,7124.852561130987,7797.806109594278,31970.2338389093
7367.967751566355,7367.967751566355,6769.644227909193,7721.449339553237,31970.2338389093
7124.141530795892,7124.141530795892,6769.931700548148,7766.858777943462,31970.2338389093
7150.911484407233,7150.911484407233,6597.62020306369,7771.677421049743,31970.2338389093
7649.751502612082,7649.751502612082,6593.840925851514,7829.171940482908,31970.2338389093
7101.981291668399,7101.981291668399,6454.498995382442,7815.985463794621,31970.2338389093
6991.494637330631,6991.494637330631,6509.1336058475,7782.9724462354325,31970.2338389093
6855.378797007869,6855.378797007869,6977.476886344964,7805.315685075731,31970.2338389093
6948.929413108778,6948.929413108778,6657.624010173167,7600.217103658917,31970.2338389093
7065.650191043217,7065.650191043217,7020.5180432232855,7685.872375861348,31970.2338389093
7190.58882186445,7190.58882186445,7133.709975240546,7760.918002950489,31970.2338389093
7952.217441857635,7952.217441857635,6850.43353448578,7685.968444586668,31970.2338389093
7257.5278684312825,7257.5278684312825,6780.065848674747,7669.417697255875,31970.2338389093
7003.533549525757,7003.533549525757,6475.6115718135125,7604.750209116613,31970.2338389093
7284.428167114455,7284.428167114455,6390.149910352475,7539.342082823068,31970.2338389093
6960.646559014347,6960.646559014347,7006.893971791122,7593.152918326308,31970.2338389093
7253.310767502677,7253.310767502677,7046.408389596766,7584.133427278496,31970.2338389093
7592.921869006838,7592.921869006838,7475.668664013721,7609.23566408926,31970.2338389093
7140.551077090702,7140.551077090702,7355.870956876347,7552.112934261266,31970.2338389093
7532.21083273228,7532.21083273228,7118.265496593891,7566.441946647228,31970.2338389093
7390.912357810199,7390.912357810199,6851.380933256989,7437.863834314837,31970.2338389093
7164.268209644411,7164.268209644411,7301.795269250916,7430.1059398156785,31970.2338389093
7690.899090712978,7690.899090712978,7402.429672998924,7455.396782086379,31970.2338389093
6981.642315918742,6981.642315918742,7689.785834766772,7479.161973741713,31970.2338389093
7474.861979949164,7474.861979949164,7817.288242735032,7448.085408609887,31970.2338389093
7448.801251620835,7448.801251620835,7293.436733167667,7427.555137736577,31970.2338389093
7222.334993619175,7222.334993619175,7205.102519728016,7395.458441683722,31970.2338389093
7139.158999576735,7139.158999576735,6606.974511659088,7297.406844120306,31970.2338389093
7110.211697018856,7110.211697018856,6856.121684218682,7254.975472335363,31970.2338389093
7215.665202898407,7215.665202898407,6656.633765855401,7138.244571593117,31970.2338389093
7208.670599989971,7208.670599989971,6617.481095124613,7107.33872264979,31970.2338389093
7016.192737508878,7016.192737508878,6394.578528750992,7003.21351555382,31970.2338389093
7234.818198587061,7234.818198587061,6259.65120397922,6915.435145601077,31970.2338389093
7634.711862479806,7634.711862479806,6323.828108858445,6874.357645728832,31970.2338389093
6972.589477953281,6972.589477953281,6038.864115226597,6890.916502409706,31970.2338389093
7367.882160837217,7367.882160837217,6127.911403843356,6912.279888888272,31970.2338389093
7536.18587647939,7536.18587647939,6395.65902679751,6949.083612916508,31970.2338389093
7179.538798252228,7179.538798252228,6670.731276824532,6861.6201618917685,31970.2338389093
7532.111960503734,7532.111960503734,6529.66205140353,6813.746595298919,31970.2338389093
7426.067702850697,7426.067702850697,6559.310865412049,6835.182416578621,31970.2338389093
7370.471641145157,7370.471641145157,6736.014584185805,6892.687829787788,31970.2338389093
7424.306263732235,7424.306263732235,6439.911977280428,6751.272707535462,31970.2338389093
7954.7017606448235,7954.7017606448235,6464.208108145363,6735.257306869282,31970.2338389093
7606.537111572941,7606.537111572941,6299.286582556468,6677.2264602117775,31970.2338389093
7636.930698363999,7636.930698363999,6491.779481178889,6666.384535068903,31970.2338389093
7123.129919047136,7123.129919047136,6515.948237540596,6679.737868345038,31970.2338389093
7070.983675231967,7070.983675231967,6041.736976178172,6639.608103629593,31970.2338389093
7243.870548409852,7243.870548409852,5728.327988538024,6691.835865476066,31970.2338389093
7245.493619442561,7245.493619442561,6072.749001985454,6694.405540931437,31970.2338389093
7230.903294159843,7230.903294159843,6325.734340299079,6736.092502276739,31970.2338389093
6942.630284918547,6942.630284918547,6331.264042669953,6733.970126095581,31970.2338389093
6830.517749827453,6830.517749827453,6610.218182569495,6719.387498467523,31970.2338389093
7549.862246322105,7549.862246322105,6704.140513716023,6722.099069502856,31970.2338389093
7228.7120994356865,7228.7120994356865,6827.3317406377555,6723.16876772659,31970.2338389093
7238.361973391766,7238.361973391766,7057.920334330937,6759.2004167647865,31970.2338389093
7285.322643482279,7285.322643482279,6958.608016329371,6780.559672534423,31970.2338389093
7230.292825309285,7230.292825309285,7832.62177040902,6904.305736541897,31970.2338389093
7068.710183065787,7068.710183065787,7911.782850879727,6878.697058383018,31970.2338389093
7526.412990057468,7526.412990057468,8104.259176120917,6983.732574120986,31970.2338389093
7481.293734842924,7481.293734842924,7735.287489253115,6879.046391482706,31970.2338389093
7259.110946949134,7259.110946949134,7778.545771889301,6862.937285425332,31970.2338389093
7555.704452412555,7555.704452412555,8005.88609009847,6950.4780095900605,31970.2338389093
7367.706517783465,7367.706517783465,7847.87814039503,6935.661527846912,31970.2338389093
7486.88708762178,7486.88708762178,7809.593203772818,6989.965094118453,31970.2338389093
7176.3566748017565,7176.3566748017565,7383.79605721369,6957.9296461370295,31970.2338389093
7022.738421639626,7022.738421639626,7538.249828579702,6886.830843892139,31970.2338389093
7644.331122113819,7644.331122113819,6747.811649655104,6844.586388553564,31970.2338389093
7885.035291250559,7885.035291250559,6835.3041139559555,6750.624148371466,31970.2338389093
7160.702940466597,7160.702940466597,6686.576015561758,6849.873585858069,31970.2338389093
7121.959219558385,7121.959219558385,6864.155402354841,6828.224372634898,31970.2338389093
7138.0599974087045,7138.0599974087045,6627.544976016603,6818.170093977255,31970.2338389093
7168.933163556712,7168.933163556712,6702.79186617113,6830.677328974104,31970.2338389093
7251.0581465782725,7251.0581465782725,6931.805910420791,6841.536775331286,31970.2338389093
7853.290087520013,7853.290087520013,6925.260635831626,6837.060054331422,31970.2338389093
7387.554762379597,7387.554762379597,7236.493497855925,6841.770697161207,31970.2338389093
7545.928701388268,7545.928701388268,7218.304133103937,6871.804323879393,31970.2338389093
7495.522504524315,7495.522504524315,7869.271468137679,6977.420178235498,31970.2338389093
7335.2324620604895,7335.2324620604895,7844.439040772489,6998.1170541941465,31970.2338389093
7136.476498910459,7136.476498910459,7955.343820706681,7069.718013155669,31970.2338389093
7261.735828240183,7261.735828240183,8160.162775478377,7128.930174559492,31970.2338389093
7200.750802925163,7200.750802925163,8385.831544043045,7171.840183760941,31970.2338389093
7420.865374795934,7420.865374795934,8524.080501193439,7256.577723462593,31970.2338389093
7601.427484583762,7601.427484583762,8630.111910458752,7315.628916627193,31970.2338389093
7178.5050088686985,7178.5050088686985,8284.611989737734,7229.216830507279,31970.2338389093
7807.330482953876,7807.330482953876,8178.521098287664,7269.702093773421,31970.2338389093
7166.0563711352415,7166.0563711352415,8172.477744753119,7280.7175920613445,31970.2338389093
7186.9236322612805,7186.9236322612805,7695.477627936505,7237.383898463296,31970.2338389093
7709.181810106238,7709.181810106238,7724.011046340536,7208.773008097347,31970.2338389093
7757.085559618835,7757.085559618835,7159.585142149872,7195.702631304937,31970.2338389093
7229.480604276122,7229.480604276122,7143.680176513975,7245.804036779878,31970.2338389093
7599.927587061671,7599.927587061671,7105.935128191991,7245.824292562179,31970.2338389093
6880.2126051972455,6880.2126051972455,6589.911972867204,7286.5777225799475,31970.2338389093
7421.613675312185,7421.613675312185,6469.356990018069,7316.658693001733,31970.2338389093
7917.9937297250935,7917.9937297250935,6923.060745581276,7353.971663112241,31970.2338389093
7614.248820763272,7614.248820763272,6973.965322805148,7366.139262098673,31970.2338389093
7431.472682789714,7431.472682789714,6798.6158829093565,7337.2511211350975,31970.2338389093
7068.086944862673,7068.086944862673,6950.980453827539,7419.23259399317,31970.2338389093
7683.8260355485,7683.8260355485,7113.445164068922,7485.796443203526,31970.2338389093
6653.45316380919,6653.45316380919,7876.1680731933475,7556.386445546515,31970.2338389093
7717.572840568982,7717.572840568982,7707.236902128099,7522.1045491456825,31970.2338389093
8106.881800973656,8106.881800973656,7591.9141869309515,7497.954321414379,31970.2338389093
7314.120876939979,7314.120876939979,8007.010546824635,7565.936195430975,31970.2338389093
7483.441886896337,7483.441886896337,7734.567054917978,7522.744001242126,31970.2338389093
7674.2655167418125,7674.2655167418125,7784.767949063546,7545.458904797401,31970.2338389093
7245.082331077203,7245.082331077203,7717.133453280394,7497.981885888564,31970.2338389093
7542.615218738604,7542.615218738604,7863.801095536362,7518.289736976495,31970.2338389093
6939.823551145907,6939.823551145907,7598.246238648356,7372.357487641037,31970.2338389093
7582.848330555472,7582.848330555472,7490.541921844117,7401.548257396404,31970.2338389093
7327.843935078584,7327.843935078584,7108.679454400031,7357.270501202338,31970.2338389093
6854.185421790102,6854.185421790102,7535.668453343527,7482.180741963765,31970.2338389093
7291.269643422965,7291.269643422965,7872.127088928404,7516.670584822199,31970.2338389093
7203.2652512527375,7203.2652512527375,7722.049094603701,7509.168796332021,31970.2338389093
7213.170639250865,7213.170639250865,7860.6448896385555,7525.297351090829,31970.2338389093
7309.669012777915,7309.669012777915,7456.595337780092,7474.859331598855,31970.2338389093
7199.681156377482,7199.681156377482,7454.805581882707,7512.183790822368,31970.2338389093
6865.644580495734,6865.644580495734,7675.5076775777125,7545.741306776097,31970.2338389093
7408.07871816136,7408.07871816136,7772.117360984502,7577.218629906915,31970.2338389093
7904.0559338110315,7904.0559338110315,7532.438310534632,7540.97509671214,31970.2338389093
7239.570510722834,7239.570510722834,7713.8562786609855,7562.7265538221845,31970.2338389093
7689.962465816579,7689.962465816579,7518.536862810911,7613.0570340549775,31970.2338389093
7415.097739761808,7415.097739761808,7175.429548446204,7626.24749930812,31970.2338389093
7310.049761518903,7310.049761518903,7146.819106301799,7597.974244358156,31970.2338389093
7208.288602287533,7208.288602287533,7205.589384060336,7580.054045818739,31970.2338389093
7074.423973885195,7074.423973885195,7465.676123065961,7582.942429045723,31970.2338389093
7929.491132390974,7929.491132390974,7510.299131481335,7566.944917547449,31970.2338389093
7257.506308123977,7257.506308123977,7520.729451695018,7606.226370494315,31970.2338389093
7315.282086645747,7315.282086645747,7543.331313095584,7512.030598898498,31970.2338389093
6910.256233284513,6910.256233284513,7781.0925277457045,7528.305794106784,31970.2338389093
7212.380503830445,7212.380503830445,7407.032958517356,7453.064381384319,31970.2338389093
7026.383977105426,7026.383977105426,7094.325430770172,7399.889565113339,31970.2338389093
7641.984000719261,7641.984000719261,7174.6980753261205,7384.020805564735,31970.2338389093
7467.195223451792,7467.195223451792,7132.729380015591,7319.7040201225855,31970.2338389093
7540.24472040108,7540.24472040108,7091.5933886967705,7272.350341466342,31970.2338389093
7465.834953767048,7465.834953767048,6852.134725222642,7296.4469761427035,31970.2338389093
7633.100722504081,7633.100722504081,6899.746340887247,7311.189966067365,31970.2338389093
7484.413610681986,7484.413610681986,6813.808673070676,7334.492556157825,31970.2338389093
7861.280424952536,7861.280424952536,6843.388793879358,7341.612832087067,31970.2338389093
6999.800740301793,6999.800740301793,6771.715598217828,7337.846704482242,31970.2338389093
7539.651210465406,7539.651210465406,6974.544025049705,7416.056157964283,31970.2338389093
7635.989344141355,7635.989344141355,7507.6751320968615,7472.688556229915,31970.2338389093
7322.466866083853,7322.466866083853,7264.243540202672,7415.682487966871,31970.2338389093
7393.156154780832,7393.156154780832,7158.939842937123,7433.509594136571,31970.2338389093
7068.6549473754085,7068.6549473754085,7136.226066202968,7405.7241567033225,31970.2338389093
7374.571830281289,7374.571830281289,7367.902064706215,7385.415239967691,31970.2338389093
7532.231024824677,7532.231024824677,7326.815965456632,7381.760094597662,31970.2338389093
7788.0968395253785,7788.0968395253785,7165.620997742501,7407.893579124453,31970.2338389093
7608.533008864436,7608.533008864436,6960.847579343649,7343.586257190289,31970.2338389093
7043.314251602435,7043.314251602435,6842.020952661822,7283.56186220082,31970.2338389093
7575.698220920669,7575.698220920669,6905.479307934006,7221.918404912415,31970.2338389093
6988.450900838356,6988.450900838356,6557.544632712614,7242.750102346818,31970.2338389093
7361.920025622102,7361.920025622102,7148.380391301794,7326.97572884104,31970.2338389093
7283.987647781684,7283.987647781684,7171.388509268834,7266.385186625409,31970.2338389093
7708.662231330648,7708.662231330648,7038.010674335518,7266.4128805868295,31970.2338389093
7279.448532507699,7279.448532507699,6942.190896067796,7216.89982936854,31970.2338389093
7496.531794125364,7496.531794125364,6651.367818036114,7168.606967548807,31970.2338389093
7284.286127449662,7284.286127449662,6646.078229266537,7164.349005870489,31970.2338389093
7531.8204251836405,7531.8204251836405,6627.562940597889,7149.4495975801965,31970.2338389093
7114.085521356555,7114.085521356555,6675.623098265387,7120.578097485075,31970.2338389093
7083.001471393762,7083.001471393762,6533.46424453521,7106.875362939452,31970.2338389093
7699.699848308086,7699.699848308086,6241.991198845006,6984.0146514471135,31970.2338389093
7560.642838724458,7560.642838724458,5786.2298276562815,6909.796276586616,31970.2338389093
7581.720570157378,7581.720570157378,5874.247877870219,6896.824943278715,31970.2338389093
7432.65019407213,7432.65019407213,6200.24395811952,6934.332694283023,31970.2338389093
7898.404118922567,7898.404118922567,5981.973393749191,6921.975440562361,31970.2338389093
7594.694544744782,7594.694544744782,6125.65989570938,6902.777830314141,31970.2338389093
7306.163725137944,7306.163725137944,6299.115992771636,6889.070668909273,31970.2338389093
6979.5643601186985,6979.5643601186985,6258.27024521967,6846.680174427229,31970.2338389093
7341.872464340721,7341.872464340721,6632.962222882255,6940.682879954598,31970.2338389093
7330.882847876281,7330.882847876281,6374.146591615258,6838.933425530306,31970.2338389093
7160.6964445751555,7160.6964445751555,6577.590106205911,6795.825300126112,31970.2338389093
7132.04540195724,7132.04540195724,6800.818882862603,6834.874143469895,31970.2338389093
7288.331814412099,7288.331814412099,6899.99784539595,6847.460691097544,31970.2338389093
6900.90452975229,6900.90452975229,6570.568714503288,6807.328560371613,31970.2338389093
7155.599660811938,7155.599660811938,6449.360710564279,6718.7123580620255,31970.2338389093
6918.788719396697,6918.788719396697,6561.933879748636,6713.104779967603,31970.2338389093
7119.147736597701,7119.147736597701,6420.955519451004,6669.115882460472,31970.2338389093
7803.134997465232,7803.134997465232,7141.544332734338,6766.322778354981,31970.2338389093
7126.0135416527655,7126.0135416527655,6865.238456492024,6757.512065703863,31970.2338389093
7516.762794490946,7516.762794490946,6924.7864887874675,6742.48413158433,31970.2338389093
7328.957814009889,7328.957814009889,7208.74464359633,6818.709142691344,31970.2338389093
7320.406831422675,7320.406831422675,7197.190020351096,6839.372532474888,31970.2338389093
7440.934527555833,7440.934527555833,7238.067463232823,6868.528307740989,31970.2338389093
6540.144376425308,6540.144376425308,7726.018469151721,6934.213576462603,31970.2338389093
7890.351261951579,7890.351261951579,8071.376544001757,6962.5607218178475,31970.2338389093
7611.774807657327,7611.774807657327,8078.3243252449265,6948.8203768391395,31970.2338389093
7183.6512406796755,7183.6512406796755,7888.786647651587,6884.111477376655,31970.2338389093
7626.508118403689,7626.508118403689,7618.317941026694,6921.308607784446,31970.2338389093
7627.569345877149,7627.569345877149,7854.850073901478,6974.1389608405925,31970.2338389093
7697.672987045285,7697.672987045285,8011.611972311315,6949.897721036653,31970.2338389093
7878.551640113499,7878.551640113499,7908.312042034947,6898.836524678963,31970.2338389093
7321.052003689218,7321.052003689218,7873.535494644328,6961.23092336322,31970.2338389093
7776.585043393732,7776.585043393732,7704.088735877728,6977.558086329111,31970.2338389093
7888.414635152405,7888.414635152405,7319.569073329423,6970.8821778878955,31970.2338389093
6983.411687076398,6983.411687076398,7868.8098757371945,7062.742284024044,31970.2338389093
7216.635148757787,7216.635148757787,7866.553756627672,7056.767935073345,31970.2338389093
7053.725549574301,7053.725549574301,7775.055068370872,7005.998291502327,31970.2338389093
7353.667115176254,7353.667115176254,7426.81963027864,7014.503017971446,31970.2338389093
8081.141785859258,8081.141785859258,7302.01578539678,7066.137927387585,31970.2338389093
7442.7736457477695,7442.7736457477695,7546.0313371437005,7078.008126878591,31970.2338389093
7364.162978625402,7364.162978625402,7674.922759993819,7122.3121501352025,31970.2338389093
7346.944174848451,7346.944174848451,7421.2571696675,7015.806279036362,31970.2338389093
6806.18015762229,6806.18015762229,7534.033065708345,7050.086997617014,31970.2338389093
6784.947908168608,6784.947908168608,7509.010353061623,7065.082113633116,31970.2338389093
7305.584908681657,7305.584908681657,7241.708059152583,7122.645716641002,31970.2338389093
7591.0717450179745,7591.0717450179745,7354.919286280291,7197.478228722182,31970.2338389093
6998.293401601438,6998.293401601438,7306.724451921063,7138.127536033234,31970.2338389093
7490.0812331996785,7490.0812331996785,7689.67306580915,7226.925043013698,31970.2338389093
7829.926015261541,7829.926015261541,7348.914598173253,7200.796227369157,31970.2338389093
7341.373720416264,7341.373720416264,6900.63390871775,7151.442059715098,31970.2338389093
7418.443402006722,7418.443402006722,6312.236066972399,7136.361123760683,31970.2338389093
6852.360293256793,6852.360293256793,6735.47144544366,7205.654602593835,31970.2338389093
7851.530114549596,7851.530114549596,6715.295995320579,7218.296621107085,31970.2338389093
7272.502419386746,7272.502419386746,6873.775820560637,7199.788486121339,31970.2338389093
6913.721070239711,6913.721070239711,6725.788156769466,7271.4086692450555,31970.2338389093
7950.281081336364,7950.281081336364,6755.39651021884,7323.425551624074,31970.2338389093
7091.455040873351,7091.455040873351,6739.010264392996,7226.106390357505,31970.2338389093
7257.785540839229,7257.785540839229,6871.998169312722,7349.67062783231,31970.2338389093
6856.893769479208,6856.893769479208,6986.306081736793,7271.464999140066,31970.2338389093
6981.328879402227,6981.328879402227,7033.634083574781,7283.3395581070035,31970.2338389093
7255.785300715037,7255.785300715037,7590.11068330387,7338.865239180274,31970.2338389093
7440.305259676416,7440.305259676416,7319.94209512642,7309.479245046601,31970.2338389093
7657.028745241701,7657.028745241701,7485.486647537697,7335.394381535435,31970.2338389093
7787.107055321867,7787.107055321867,7833.85136079058,7452.445015378797,31970.2338389093
7287.269596837406,7287.269596837406,7801.1646201046,7541.76945115312,31970.2338389093
7434.539981954694,7434.539981954694,7591.127857235448,7529.264347121435,31970.2338389093
7883.349368549143,7883.349368549143,8434.151465123574,7628.745579492019,31970.2338389093
7159.598741367402,7159.598741367402,7835.591631975515,7488.480087680543,31970.2338389093
7138.849194287788,7138.849194287788,7812.379990090149,7460.8933058596895,31970.2338389093
7177.62115703083,7177.62115703083,7988.318016606385,7496.045863670786,31970.2338389093
7821.149808857733,7821.149808857733,7567.2438712082785,7410.565084702664,31970.2338389093
7451.299217914311,7451.299217914311,7639.667367804247,7397.974714537231,31970.2338389093
7345.699162820552,7345.699162820552,7412.011297525249,7370.1831483939195,31970.2338389093
7178.246511684733,7178.246511684733,6936.823671776925,7294.606055903836,31970.2338389093
7966.480289063369,7966.480289063369,7089.425845189262,7345.379311390621,31970.2338389093
7961.5314740200665,7961.5314740200665,7167.1594065975605,7347.031363391963,31970.2338389093
7472.691626373717,7472.691626373717,6518.510024581346,7354.69025487797,31970.2338389093
7512.359430008701,7512.359430008701,6994.153352989769,7363.64717007316,31970.2338389093
7329.79843835903,7329.79843835903,7145.587741868691,7319.040839453135,31970.2338389093
7647.146088091325,7647.146088091325,7189.697291268477,7331.662927462219,31970.2338389093
7293.287650196764,7293.287650196764,7349.3346825953195,7298.769612814739,31970.2338389093
7518.441611774831,7518.441611774831,7470.269367740152,7317.321489156396,31970.2338389093
7507.7016016085645,7507.7016016085645,7314.9951748270705,7292.364436183789,31970.2338389093
7390.078531912868,7390.078531912868,7062.2068969565935,7243.133620629273,31970.2338389093
7371.2168502937375,7371.2168502937375,6950.411358535933,7161.699607950368,31970.2338389093
7106.05489937646,7106.05489937646,6970.242648712568,7167.769141808942,31970.2338389093
6973.677126918565,6973.677126918565,7090.53128635941,7217.785498475678,31970.2338389093
7624.311273652346,7624.311273652346,7171.561595848303,7312.595563187092,31970.2338389093
7255.509936549006,7255.509936549006,7245.796750216423,7307.797032417061,31970.2338389093
7280.3207159943495,7280.3207159943495,7403.121695216246,7303.0809990767275,31970.2338389093
7191.376076248656,7191.376076248656,7341.6070872230075,7232.106478260576,31970.2338389093
7357.407415604793,7357.407415604793,7240.8712546280485,7281.244306148507,31970.2338389093
7295.631815757506,7295.631815757506,7558.948081846858,7297.347439411492,31970.2338389093
7478.023855169486,7478.023855169486,7774.957534338369,7296.323056884621,31970.2338389093
7231.410761889248,7231.410761889248,7676.515908627487,7248.661177845349,31970.2338389093
7232.773678340766,7232.773678340766,7653.903202655306,7227.565925083945,31970.2338389093
7316.587917565806,7316.587917565806,7747.053613109509,7305.851330713368,31970.2338389093
7293.330993670084,7293.330993670084,7421.988096654255,7259.058569356113,31970.2338389093
7369.048375274179,7369.048375274179,7355.185300102841,7309.051172802981,31970.2338389093
7300.208742289931,7300.208742289931,7157.723754213264,7354.49896817583,31970.2338389093
7600.175149226719,7600.175149226719,7284.350103224026,7426.529285510899,31970.2338389093
7149.634888107355,7149.634888107355,7147.742140977754,7363.698445255324,31970.2338389093
7795.841427492931,7795.841427492931,7130.693783094632,7380.426996966301,31970.2338389093
7422.346721204484,7422.346721204484,7133.906101158226,7348.3491130041375,31970.2338389093
7041.883572987248,7041.883572987248,7104.885400055915,7324.480626502639,31970.2338389093
7189.03253361198,7189.03253361198,7434.519147064277,7363.390452453032,31970.2338389093
7515.747557201644,7515.747557201644,7232.345744331363,7404.518426701041,31970.2338389093
7331.550787946995,7331.550787946995,7512.386841963846,7387.136303886338,31970.2338389093
7537.495333428973,7537.495333428973,7583.995157923042,7428.58898804023,31970.2338389093
7212.5463638195815,7212.5463638195815,7775.524992443081,7502.8771499494915,31970.2338389093
7237.00511876512,7237.00511876512,7839.405927142507,7476.3883342786285,31970.2338389093
7273.6511343753555,7273.6511343753555,7927.663986934934,7485.242823617027,31970.2338389093
7698.484596544519,7698.484596544519,8434.938673140457,7570.317402086854,31970.2338389093
7513.707668298773,7513.707668298773,8294.749419325952,7440.528724711214,31970.2338389093
7419.545155077993,7419.545155077993,8381.138417649712,7440.475386011661,31970.2338389093
7006.127512807074,7006.127512807074,8049.660362228283,7455.096953451597,31970.2338389093
7382.604195475057,7382.604195475057,8267.695038348249,7371.227141345975,31970.2338389093
7312.976048666864,7312.976048666864,8077.937564850823,7435.605490461398,31970.2338389093
7325.272249440225,7325.272249440225,8302.932175612059,7526.69942514461,31970.2338389093
7131.954518797716,7131.954518797716,8013.975167326748,7508.008580093563,31970.2338389093
7733.925121789146,7733.925121789146,7953.254208974524,7553.590401831877,31970.2338389093
7297.639126238624,7297.639126238624,8187.099244135704,7594.729198883319,31970.2338389093
7154.820736395503,7154.820736395503,7420.854983468195,7572.086139275443,31970.2338389093
7454.536278802065,7454.536278802065,7649.646165179865,7583.093223391802,31970.2338389093
7158.366874317185,7158.366874317185,7598.560692555591,7542.302355484928,31970.2338389093
7734.624591240717,7734.624591240717,7590.1153715088585,7539.6881464338585,31970.2338389093
7168.692422820044,7168.692422820044,7380.192863697773,7543.563709169261,31970.2338389093
7730.236807824545,7730.236807824545,7260.261039711656,7488.827027805776,31970.2338389093
7442.792186195791,7442.792186195791,6934.105729730809,7484.403022717033,31970.2338389093
7137.385652909364,7137.385652909364,7231.757349469064,7516.42059173368,31970.2338389093
7446.859826966813,7446.859826966813,7534.335106337545,7590.590486580323,31970.2338389093
7646.518441525366,7646.518441525366,7594.078404058159,7619.49100614692,31970.2338389093
7019.699368132271,7019.699368132271,7606.932390939828,7630.473582497993,31970.2338389093
7808.362350374438,7808.362350374438,7429.846070242071,7656.621058048896,31970.2338389093
7382.77085144382,7382.77085144382,7419.304463364361,7636.080976450612,31970.2338389093
7403.204612269624,7403.204612269624,7572.200100231605,7660.079636737664,31970.2338389093
7096.976524684912,7096.976524684912,7789.984170232283,7683.454285943836,31970.2338389093
7215.645642981473,7215.645642981473,7793.262758184617,7613.16726027304,31970.2338389093
7405.202522050491,7405.202522050491,7673.437190081063,7569.931110689964,31970.2338389093
7199.074989437484,7199.074989437484,7278.263823593325,7491.449017409097,31970.2338389093
7554.866682929304,7554.866682929304,6969.775419063482,7516.224152948417,31970.2338389093
8159.634417764298,8159.634417764298,6413.215490348687,7453.9598532910495,31970.2338389093
7045.936096450493,7045.936096450493,6576.529012879859,7433.989768704595,31970.2338389093
7816.155554692941,7816.155554692941,6896.3647372164605,7480.902498624515,31970.2338389093
7357.160557901242,7357.160557901242,6918.1641779669535,7484.410630318506,31970.2338389093
7212.257018570285,7212.257018570285,6673.133029650549,7463.925602136715,31970.2338389093
7295.524998193304,7295.524998193304,6375.228916676509,7409.089346657234,31970.2338389093
7870.304588595018,7870.304588595018,6405.593922831895,7409.888425508567,31970.2338389093
7531.715357395459,7531.715357395459,6684.190089832373,7435.732068635869,31970.2338389093
7099.4984856737165,7099.4984856737165,6748.8009933106005,7409.664465228564,31970.2338389093
7197.598441732589,7197.598441732589,6424.616571041711,7344.277446511954,31970.2338389093
7778.254614801469,7778.254614801469,6792.810959423866,7382.97361698027,31970.2338389093
7928.365754498962,7928.365754498962,6644.047343153716,7336.66048071641,31970.2338389093
7342.449797225383,7342.449797225383,6632.297820090785,7380.5808424110255,31970.2338389093
7241.727646449577,7241.727646449577,6653.394768765351,7394.112504060393,31970.2338389093
7313.438506766626,7313.438506766626,6909.265885528718,7358.874949829602,31970.2338389093
7175.819873769438,7175.819873769438,6930.936681558729,7348.807534102708,31970.2338389093
7738.609982300446,7738.609982300446,6803.357503546157,7268.08255782503,31970.2338389093
7599.927693382542,7599.927693382542,6943.4563688804365,7307.624310827349,31970.2338389093
7239.597982518575,7239.597982518575,7413.153868107377,7337.190240361421,31970.2338389093
7273.84627945653,7273.84627945653,7836.638057163442,7343.723872516141,31970.2338389093
7259.503746668147,7259.503746668147,7622.6572874017465,7321.972277073631,31970.2338389093
7065.801164960058,7065.801164960058,7748.877193667638,7199.448184821847,31970.2338389093
7379.388234066414,7379.388234066414,7430.789481122479,7207.788854770332,31970.2338389093
7381.992867062555,7381.992867062555,7595.317232211091,7236.94826697267,31970.2338389093
7691.714516714173,7691.714516714173,7505.52505474461,7250.047888332867,31970.2338389093
7542.683690681461,7542.683690681461,7675.6966980084135,7230.40786603474,31970.2338389093
7204.423812335989,7204.423812335989,7957.505107609619,7243.996066376788,31970.2338389093
7170.539319606947,7170.539319606947,7579.114560125064,7162.860787729949,31970.2338389093
6917.368508022898,6917.368508022898,7417.111742194647,7217.817555335001,31970.2338389093
7327.401304877334,7327.401304877334,7402.776892959686,7233.628409313172,31970.2338389093
6665.874158883216,6665.874158883216,7510.031681176321,7186.558764481755,31970.2338389093
7633.536105168138,7633.536105168138,7403.397286067787,7195.956645341766,31970.2338389093
7234.300465964828,7234.300465964828,7781.650813368993,7234.189784408156,31970.2338389093
7202.924093533728,7202.924093533728,7517.781001544169,7220.792328770385,31970.2338389093
7484.448376098571,7484.448376098571,7416.333149406106,7215.291443912318,31970.2338389093
7331.907880043898,7331.907880043898,7452.875315061348,7244.9443563074565,31970.2338389093
7579.458886067037,7579.458886067037,7276.962492740682,7247.336356982594,31970.2338389093
7662.645873411734,7662.645873411734,7311.985588361941,7238.436759456176,31970.2338389093
7451.898882516609,7451.898882516609,7521.998736956439,7275.865832832478,31970.2338389093
7556.247230727768,7556.247230727768,7237.218501290292,7174.205088303723,31970.2338389093
7324.155699584718,7324.155699584718,7265.414795634833,7120.826042797092,31970.2338389093
7157.239702037347,7157.239702037347,7270.357280683218,7128.641623290444,31970.2338389093
7491.742207142698,7491.742207142698,6699.256630691585,7088.07189649806,31970.2338389093
7575.657029069194,7575.657029069194,6541.700235488049,7045.2714831951225,31970.2338389093
6806.9239239011295,6806.9239239011295,6615.014067521492,7023.854237370294,31970.2338389093
7908.448360827224,7908.448360827224,6429.040735858243,6972.7556694326495,31970.2338389093
7219.110438093209,7219.110438093209,6432.233338384013,6975.130473022474,31970.2338389093
7249.196468706719,7249.196468706719,6400.168319741517,6983.782985388265,31970.2338389093
7358.470505909368,7358.470505909368,6066.817242134178,7033.576516540647,31970.2338389093
7282.859569317894,7282.859569317894,6244.376805184694,7029.125365527963,31970.2338389093
7465.8840326376085,7465.8840326376085,6485.538184807339,7135.2905816888215,31970.2338389093
7358.935945748764,7358.935945748764,6914.585404411993,7196.25290159687,31970.2338389093
7273.971761428365,7273.971761428365,7273.763250071528,7163.551599069075,31970.2338389093
7053.852540303868,7053.852540303868,7381.324229582706,7137.903493518273,31970.2338389093
7234.351858795808,7234.351858795808,7549.411705811499,7199.109972602485,31970.2338389093
7476.842715583622,7476.842715583622,7558.40112591572,7209.3901112804915,31970.2338389093
7260.469016862358,7260.469016862358,7514.027907108195,7196.817269877732,31970.2338389093
7754.586680282265,7754.586680282265,7714.926350398744,7189.93023750154,31970.2338389093
7356.382965538538,7356.382965538538,7363.6240547948055,7156.54112883749,31970.2338389093
6896.488058580098,6896.488058580098,7459.994376397614,7236.2009265991455,31970.2338389093
7324.855868768426,7324.855868768426,7155.453290371753,7207.819047878398,31970.2338389093
7810.694572621954,7810.694572621954,6945.047933904614,7256.45301974705,31970.2338389093
7189.127113116402,7189.127113116402,6935.809891207388,7224.254013292395,31970.2338389093
7087.943756600247,7087.943756600247,7160.425372411312,7239.309614247467,31970.2338389093
7609.22160089226,7609.22160089226,6790.745102139461,7175.405815924634,31970.2338389093
7024.388935488419,7024.388935488419,6655.094962696329,7154.221767508012,31970.2338389093
7346.634125657015,7346.634125657015,6862.608586178049,7208.6674864041115,31970.2338389093
7445.910261117655,7445.910261117655,6852.611787989374,7171.761321323328,31970.2338389093
7448.622037973503,7448.622037973503,7307.678204954313,7135.445996206877,31970.2338389093
7308.910049274315,7308.910049274315,7239.837807282996,7116.840876623057,31970.2338389093
7444.252530177331,7444.252530177331,7196.593406399203,7122.606271677889,31970.2338389093
7439.313678940125,7439.313678940125,7223.961811781797,7151.469943369882,31970.2338389093
7555.114460605583,7555.114460605583,7162.038016833538,7170.503720434607,31970.2338389093
6967.204941748218,6967.204941748218,6844.843479143865,7089.214863634021,31970.2338389093
7207.347498707726,7207.347498707726,7076.188749259692,7089.538554827649,31970.2338389093
7687.603691907886,7687.603691907886,7618.402274010325,7142.762882708394,31970.2338389093
7507.424459390697,7507.424459390697,7489.8275802826465,7115.131980938716,31970.2338389093
7427.828714751048,7427.828714751048,7922.947581920923,7240.527925682499,31970.2338389093
7402.995611880273,7402.995611880273,7751.040911794684,7202.231830126883,31970.2338389093
7427.983177752017,7427.983177752017,7692.932577030394,7174.872013437199,31970.2338389093
7324.8395338594655,7324.8395338594655,7836.656374454263,7187.931210333478,31970.2338389093
7579.259286482312,7579.259286482312,7458.943883083817,7162.57926277309,31970.2338389093
7920.3924313457965,7920.3924313457965,7716.290983572742,7157.431754475357,31970.2338389093
7657.324749703058,7657.324749703058,8076.798871395002,7201.018437604187,31970.2338389093
7109.915466368378,7109.915466368378,8030.400276831739,7212.3519803127765,31970.2338389093
7420.152332814428,7420.152332814428,7621.914563919495,7176.570732480023,31970.2338389093
7257.727314522083,7257.727314522083,7330.70628061098,7125.880738512777,31970.2338389093
7038.499503396382,7038.499503396382,6795.082273832826,7137.147262776677,31970.2338389093
6948.1128365625445,6948.1128365625445,6757.189995790222,7049.270081893639,31970.2338389093
7759.509942339525,7759.509942339525,6752.756431872974,7077.979599553734,31970.2338389093
7553.079198113153,7553.079198113153,6703.08269424179,7075.46479005487,31970.2338389093
7360.644738930913,7360.644738930913,7073.777080290725,7123.26322269459,31970.2338389093
7760.782624318331,7760.782624318331,6656.552731396904,7148.890974616423,31970.2338389093
7113.833937446121,7113.833937446121,6353.79283264073,7163.4369570347235,31970.2338389093
7348.921369241059,7348.921369241059,6757.878867692436,7240.924940346965,31970.2338389093
7035.835942232575,7035.835942232575,7141.990842788096,7319.160753865993,31970.2338389093
7271.415752800605,7271.415752800605,7336.626148935262,7306.759300623026,31970.2338389093
7416.489210016996,7416.489210016996,7529.792587361037,7363.07211630058,31970.2338389093
7342.721146863611,7342.721146863611,7513.680337265961,7338.642700919997,31970.2338389093
7317.188171982981,7317.188171982981,7495.683815786979,7328.2410016741915,31970.2338389093
7524.383240449658,7524.383240449658,7590.5180612066815,7296.4607653347375,31970.2338389093
7052.476456223676,7052.476456223676,7646.368566016759,7269.619855015543,31970.2338389093
7434.364974261992,7434.364974261992,7656.576890343526,7225.4537026708185,31970.2338389093
7683.255875921615,7683.255875921615,7682.727082405829,7223.717527599348,31970.2338389093
6867.947197411202,6867.947197411202,7289.822867335094,7189.007172651684,31970.2338389093
7002.604718658329,7002.604718658329,6927.526525210722,7192.985833724994,31970.2338389093
7661.999596268554,7661.999596268554,7247.2574831195725,7253.4052158253035,31970.2338389093
7880.275652612411,7880.275652612411,6910.77930894499,7202.24270800983,31970.2338389093
7634.410581640828,7634.410581640828,7005.155861012114,7266.949062163459,31970.2338389093
7293.655452310316,7293.655452310316,6834.72657665189,7203.187441725047,31970.2338389093
7416.470532130613,7416.470532130613,6707.394738740035,7206.849055008396,31970.2338389093
7279.603705494283,7279.603705494283,6670.763136323648,7214.762895499349,31970.2338389093
6883.009016795309,6883.009016795309,6794.122373504413,7197.116199130226,31970.2338389093
7435.730016336494,7435.730016336494,6900.302207079396,7171.692894532965,31970.2338389093
7304.945646934767,7304.945646934767,7145.164913556713,7259.891134935135,31970.2338389093
7365.796551480119,7365.796551480119,7091.341343032718,7280.235109792271,31970.2338389093
6697.418455164517,6697.418455164517,7245.563191108558,7329.996136811404,31970.2338389093
7407.535399307995,7407.535399307995,7423.632000863197,7316.446750584594,31970.2338389093
7940.008404056537,7940.008404056537,7468.814515305133,7299.176324233624,31970.2338389093
7107.341609230428,7107.341609230428,7647.2818316014655,7284.676246588741,31970.2338389093
7198.053274146594,7198.053274146594,7786.4073691281465,7324.811847554184,31970.2338389093
7141.058071559111,7141.058071559111,7459.299510573544,7261.830435257701,31970.2338389093
7459.515761504693,7459.515761504693,7684.464674494778,7301.601530662472,31970.2338389093
7245.295202438872,7245.295202438872,7453.194950542527,7293.3631888126965,31970.2338389093
7379.813938498577,7379.813938498577,7449.368027889944,7334.526990661187,31970.2338389093
6802.3702794563105,6802.3702794563105,7538.743942343093,7264.303443458825,31970.2338389093
7416.897542463033,7416.897542463033,7381.093463679439,7308.249313490764,31970.2338389093
7086.4158452656875,7086.4158452656875,7384.891566528733,7208.835547506157,31970.2338389093
7429.625220589006,7429.625220589006,7112.96497029434,7171.561135933554,31970.2338389093
6968.773742028216,6968.773742028216,6816.994525388005,7109.488636260262,31970.2338389093
7186.928300714724,7186.928300714724,6672.636965325808,7092.007965728492,31970.2338389093
7696.975557937514,7696.975557937514,6760.576981763687,7122.157054993673,31970.2338389093
7438.090725705989,7438.090725705989,6681.457204980228,7094.63477494397,31970.2338389093
7436.216634749064,7436.216634749064,6805.7678275294675,7039.156980039589,31970.2338389093
7795.071158117262,7795.071158117262,6843.076919049609,7097.06231910476,31970.2338389093
7004.789752886144,7004.789752886144,6824.159474514747,7104.752425577875,31970.2338389093
7769.853489281597,7769.853489281597,6431.081604865878,7128.324378341743,31970.2338389093
7442.248665768974,7442.248665768974,6398.297856293781,7129.478663998348,31970.2338389093
7184.017564380208,7184.017564380208,6879.127652378493,7195.948667251207,31970.2338389093
7812.430993708411,7812.430993708411,7062.20736051587,7171.378821988843,31970.2338389093
7311.705057803039,7311.705057803039,7134.391254952982,7178.2696778707295,31970.2338389093
7293.94211155263,7293.94211155263,7273.867427213814,7162.17512437829,31970.2338389093
7540.409928340792,7540.409928340792,7172.145883053379,7197.753405275264,31970.2338389093
7697.481435424203,7697.481435424203,7245.263275827994,7217.451068677043,31970.2338389093
7230.844619224584,7230.844619224584,7112.56105674374,7167.998756915019,31970.2338389093
7280.18822680215,7280.18822680215,7272.73950334414,7130.902157689084,31970.2338389093
7258.920054161244,7258.920054161244,7391.338701420989,7139.266888838888,31970.2338389093
7510.575073588097,7510.575073588097,7299.308035719359,7083.381753670012,31970.2338389093
7333.883692065997,7333.883692065997,6923.688248041358,7077.950249406285,31970.2338389093
7128.913185384033,7128.913185384033,6968.839566550669,7066.009972141579,31970.2338389093
7191.606241540389,7191.606241540389,6718.851728428138,7003.936411315021,31970.2338389093
7019.561087200101,7019.561087200101,6608.139184292757,6954.529248033491,31970.2338389093
7456.785585054964,7456.785585054964,6669.755196774326,7000.389066561424,31970.2338389093
7308.625097948252,7308.625097948252,6641.435887148014,7009.19282962548,31970.2338389093
7323.080525420726,7323.080525420726,6331.853075396455,6976.404798527293,31970.2338389093
6869.982317116407,6869.982317116407,5960.796183821738,6937.556089411287,31970.2338389093
7483.596579274849,7483.596579274849,6436.519512141128,6977.119294643199,31970.2338389093
7263.946421065841,7263.946421065841,6491.116375033778,6999.449166887769,31970.2338389093
7108.85610688627,7108.85610688627,6740.42014438869,7025.003106081602,31970.2338389093
7045.170340752396,7045.170340752396,6896.971647848239,7078.45898638085,31970.2338389093
7768.920035543203,7768.920035543203,7169.962683947901,7096.450000356595,31970.2338389093
6954.115855840963,6954.115855840963,7410.674889782141,7102.511598725188,31970.2338389093
7550.743894470773,7550.743894470773,7726.536402178404,7186.871872296224,31970.2338389093
6924.826857011939,6924.826857011939,7929.266744200399,7214.985737049681,31970.2338389093
7370.474541325703,7370.474541325703,7960.711324974861,7139.514080810922,31970.2338389093
7630.005485398206,7630.005485398206,8072.797647034485,7133.84735021164,31970.2338389093
7165.453659920881,7165.453659920881,7536.199009570669,7035.246458335621,31970.2338389093
7395.050670736766,7395.050670736766,7792.004750615,7073.123716838131,31970.2338389093
7427.619060452499,7427.619060452499,7696.95438460944,7070.631079942465,31970.2338389093
7329.459478015199,7329.459478015199,7702.036965458018,7089.410013152159,31970.2338389093
7565.527731444055,7565.527731444055,7770.798864595907,7093.328299450147,31970.2338389093
7431.673257645511,7431.673257645511,7809.67719394695,7172.58713539987,31970.2338389093
7276.772128624477,7276.772128624477,7759.675658631619,7201.914069123592,31970.2338389093
7659.398428116558,7659.398428116558,7482.751586624899,7220.897064266155,31970.2338389093
7289.207032732001,7289.207032732001,7770.0477753,7203.650030292932,31970.2338389093
7175.1999696186285,7175.1999696186285,7886.2345583776,7203.345473418542,31970.2338389093
7197.979555680253,7197.979555680253,7723.727896433285,7103.77334488639,31970.2338389093
7588.688806796775,7588.688806796775,7502.991463314071,7096.743696195198,31970.2338389093
7531.8150397876425,7531.8150397876425,7230.159860384624,7094.070057960521,31970.2338389093
7554.367687491979,7554.367687491979,7265.896620980221,7179.190432270602,31970.2338389093
7594.720977003724,7594.720977003724,7354.770633104426,7229.75503300587,31970.2338389093
7405.749534276525,7405.749534276525,7026.825158588091,7225.836770764751,31970.2338389093
7325.575358961907,7325.575358961907,6529.843808749841,7171.591389877513,31970.2338389093
7125.300872832609,7125.300872832609,7123.26660428064,7284.39681961639,31970.2338389093
7213.552596468104,7213.552596468104,7113.706061754381,7257.775858833887,31970.2338389093
7550.710293472464,7550.710293472464,7282.535036964677,7295.020585908528,31970.2338389093
7403.732345562234,7403.732345562234,7876.725111586538,7392.902046230521,31970.2338389093
7722.424054246018,7722.424054246018,7856.08919007244,7388.301962950929,31970.2338389093
7446.981615254367,7446.981615254367,8054.813403086693,7329.207208102161,31970.2338389093
7289.1471057414155,7289.1471057414155,8071.038089872003,7380.95657814183,31970.2338389093
7259.319469996621,7259.319469996621,7873.736433840795,7377.624068783434,31970.2338389093
6899.130561147272,6899.130561147272,8367.71172148986,7444.6056296199595,31970.2338389093
7161.213372899514,7161.213372899514,8686.054812960032,7474.373175858845,31970.2338389093
7399.302699975282,7399.302699975282,8133.504558117253,7462.045076074241,31970.2338389093
7478.042591583853,7478.042591583853,7782.930039501329,7391.849655385405,31970.2338389093
7207.60177409505,7207.60177409505,7502.816901460178,7341.036065531736,31970.2338389093
7254.518416578402,7254.518416578402,7198.1371071796475,7354.261727382253,31970.2338389093
7231.487060074582,7231.487060074582,7155.7527241635225,7359.590900639762,31970.2338389093
7457.48512189923,7457.48512189923,7231.467408670917,7390.763040228074,31970.2338389093
7363.20239103675,7363.20239103675,6896.236942943021,7366.436053420301,31970.2338389093
7808.519643056175,7808.519643056175,6914.35455782645,7416.724634663097,31970.2338389093
7584.533713965005,7584.533713965005,6731.479304517483,7469.273653664905,31970.2338389093
7015.621204488161,7015.621204488161,6770.522264387878,7494.526589381554,31970.2338389093
7628.849835865938,7628.849835865938,6826.8210854191875,7499.122115728477,31970.2338389093
7195.085246607772,7195.085246607772,6866.753548518775,7498.82975000987,31970.2338389093
7233.173742910045,7233.173742910045,6737.941136740921,7496.465056115573,31970.2338389093
7152.1470485663685,7152.1470485663685,6907.581779187504,7448.47418079153,31970.2338389093
7723.081913366602,7723.081913366602,7059.6397833534065,7473.295582303687,31970.2338389093
7265.705232658894,7265.705232658894,6943.009744595518,7431.280960269439,31970.2338389093
7383.965149235146,7383.965149235146,7124.1958578461035,7411.880895419874,31970.2338389093
7108.898194306032,7108.898194306032,6882.294518250002,7359.191001523516,31970.2338389093
7577.137806399484,7577.137806399484,6837.352271884565,7354.609130085389,31970.2338389093
7441.375962482998,7441.375962482998,6727.200509667884,7294.659410879452,31970.2338389093
7684.573050524623,7684.573050524623,6659.254371899961,7245.119641268389,31970.2338389093
7009.880182199152,7009.880182199152,6715.357172781345,7249.758919571168,31970.2338389093
7299.9364749097695,7299.9364749097695,7089.007033643768,7299.706933437428,31970.2338389093
7158.796005939883,7158.796005939883,7026.056351665486,7346.445649210492,31970.2338389093
7147.015804639543,7147.015804639543,6795.578010011655,7274.01023418302,31970.2338389093
7620.633170650595,7620.633170650595,6654.660203626327,7222.822124072816,31970.2338389093
6931.748907875282,6931.748907875282,6599.615232786724,7191.396548885615,31970.2338389093
7552.94170603645,7552.94170603645,6734.628054891383,7151.956839582612,31970.2338389093
7599.2488667136895,7599.2488667136895,6743.067978424621,7141.287286980924,31970.2338389093
7386.107125185597,7386.107125185597,6606.837467197598,7064.0917725926465,31970.2338389093
7532.611074080612,7532.611074080612,6668.097969734389,7082.188917890287,31970.2338389093
7262.059172362086,7262.059172362086,6803.545206977983,7056.458405906763,31970.2338389093
6970.28051608943,6970.28051608943,6571.808752737796,7036.821772309468,31970.2338389093
7612.678282638462,7612.678282638462,6456.548961258486,7093.009862175531,31970.2338389093
7308.604651142099,7308.604651142099,6602.060979860065,7093.824137492217,31970.2338389093
7463.212628707132,7463.212628707132,6883.540290281046,7153.498210052099,31970.2338389093
6947.3017689848775,6947.3017689848775,6916.386007351551,7121.494426159881,31970.2338389093
7902.233469020338,7902.233469020338,7003.373409095994,7081.677394780925,31970.2338389093
7244.3030628650695,7244.3030628650695,6899.70061490109,7115.862378243524,31970.2338389093
7157.995043391458,7157.995043391458,6820.747862178794,7122.272583278438,31970.2338389093
7101.163573607799,7101.163573607799,7004.345211861434,7058.404639406445,31970.2338389093
7583.1624122160965,7583.1624122160965,7014.886913338526,7036.694576223593,31970.2338389093
7371.813944528516,7371.813944528516,6811.136394315041,6942.542043779541,31970.2338389093
7338.463083839276,7338.463083839276,6821.938277068735,6882.0524952719725,31970.2338389093
7746.780152133597,7746.780152133597,6817.154171265805,6886.0371337308925,31970.2338389093
7395.011275014163,7395.011275014163,6873.853807362265,6917.306290907215,31970.2338389093
7313.58077653436,7313.58077653436,6983.648593886015,6904.016526962683,31970.2338389093
7815.734552407557,7815.734552407557,7060.893202885129,6919.1087485897915,31970.2338389093
7581.02138724067,7581.02138724067,7083.5347524298895,6859.02698443153,31970.2338389093
6782.960502882595,6782.960502882595,7342.384486356221,6853.538517957673,31970.2338389093
7314.869284544187,7314.869284544187,7337.785758406227,6899.260879464239,31970.2338389093
7453.640055744316,7453.640055744316,7204.080881652488,6920.924744653823,31970.2338389093
7865.65108503506,7865.65108503506,7487.959511179572,6939.570565723418,31970.2338389093
7331.2375975609,7331.2375975609,7209.363183692576,6884.297710574558,31970.2338389093
7435.938740021939,7435.938740021939,7157.923189185133,6886.4712267352115,31970.2338389093
7448.319717800608,7448.319717800608,6940.032790986892,6859.01936737041,31970.2338389093
7225.769762936534,7225.769762936534,6749.997295671744,6874.768597508427,31970.2338389093
7462.297203692101,7462.297203692101,6590.4531268178125,6854.3284623880645,31970.2338389093
7473.389909863872,7473.389909863872,6602.576507874519,6833.246425102936,31970.2338389093
7814.181371615461,7814.181371615461,6508.095470334688,6801.053159147038,31970.2338389093
7439.4455036015015,7439.4455036015015,6419.1391751922765,6817.724497418856,31970.2338389093
7396.250491086594,7396.250491086594,6349.880848062932,6817.550204562655,31970.2338389093
7369.896023516164,7369.896023516164,6595.439839460081,6911.070306267252,31970.2338389093
7765.023263997844,7765.023263997844,7018.32628952844,6906.446612642745,31970.2338389093
7076.1446884761945,7076.1446884761945,7351.210278035937,6944.785325671718,31970.2338389093
7653.242492225365,7653.242492225365,7314.675894521609,6933.352597355627,31970.2338389093
7519.337015659132,7519.337015659132,7273.398377286297,6904.609101396465,31970.2338389093
7532.529768418396,7532.529768418396,7431.993359259982,6964.26823059006,31970.2338389093
7480.6901032805445,7480.6901032805445,7179.599322133792,6901.695835152783,31970.2338389093
7361.4705656445985,7361.4705656445985,7112.870799348627,6878.187217083187,31970.2338389093
7043.105509126019,7043.105509126019,7025.878562906111,6891.049335620087,31970.2338389093
6695.062160019218,6695.062160019218,7312.838505632593,6937.046471132905,31970.2338389093
7000.4210842106095,7000.4210842106095,7236.880957780464,6940.64509109459,31970.2338389093
7010.889063010139,7010.889063010139,7165.206766335466,6934.276695576741,31970.2338389093
7088.241776971849,7088.241776971849,6963.956857084244,6978.461095086236,31970.2338389093
7003.514045124823,7003.514045124823,7195.690991348341,7041.55875490003,31970.2338389093
7390.188711279147,7390.188711279147,7259.899174463785,7036.665889731878,31970.2338389093
7427.860191943161,7427.860191943161,7085.972233859279,7034.537066383639,31970.2338389093
7322.409888783306,7322.409888783306,7307.894963367119,7014.661232141282,31970.2338389093
7392.671476722284,7392.671476722284,7459.874835312609,7048.794690706189,31970.2338389093
7400.084151310947,7400.084151310947,7599.514166356661,7077.332574944541,31970.2338389093
7156.891855430922,7156.891855430922,7373.853925772409,7051.10821489179,31970.2338389093
7114.213356848159,7114.213356848159,7190.045654524215,7064.292471451876,31970.2338389093
7123.566138984662,7123.566138984662,7181.240129372914,7079.214929199627,31970.2338389093
7528.952656147723,7528.952656147723,7180.894074494223,7094.227714013068,31970.2338389093
7337.963387029478,7337.963387029478,6861.655812356487,7037.181859315118,31970.2338389093
7294.620001851854,7294.620001851854,6586.394018511873,6970.667491963943,31970.2338389093
7219.479836882948,7219.479836882948,6660.6019914103235,6965.982782846505,31970.2338389093
7470.513275514288,7470.513275514288,6482.939563093518,6931.309021779768,31970.2338389093
7512.403428164104,7512.403428164104,6494.198929131901,6983.484904096808,31970.2338389093
7209.883399205204,7209.883399205204,6482.842723475972,6973.0320772674495,31970.2338389093
7309.740972888107,7309.740972888107,6650.973652226475,6978.32556266938,31970.2338389093
7437.002381753343,7437.002381753343,6653.609946843618,7032.78718195759,31970.2338389093
7282.886000790638,7282.886000790638,6689.25272352522,7052.677818490924,31970.2338389093
7310.541214412364,7310.541214412364,6561.859830447359,7043.168845849379,31970.2338389093
7362.056593245061,7362.056593245061,7312.712016267114,7124.953501096088,31970.2338389093
7251.619819852793,7251.619819852793,7578.7514957826115,7089.688072343262,31970.2338389093
7456.863382398895,7456.863382398895,7777.255667383462,7109.255275746172,31970.2338389093
7297.790708327009,7297.790708327009,7963.263619416913,7107.254795177171,31970.2338389093
7858.196479232009,7858.196479232009,7865.938278259988,7088.195662477562,31970.2338389093
7339.956999127803,7339.956999127803,8035.9331150997095,7112.661548606146,31970.2338389093
7300.574525678713,7300.574525678713,7906.034845261689,7118.71635539122,31970.2338389093
7679.346908359576,7679.346908359576,7884.014429521728,7111.998165626021,31970.2338389093
7462.434287452796,7462.434287452796,7749.875138444566,7160.780209441321,31970.2338389093
7718.431618915749,7718.431618915749,8023.456559116241,7216.275519835601,31970.2338389093
7035.574456044465,7035.574456044465,7388.3151751638125,7214.609977931472,31970.2338389093
7234.459798092641,7234.459798092641,7434.809922034956,7226.650597615903,31970.2338389093
7133.35300108502,7133.35300108502,7386.033893151487,7268.371429012906,31970.2338389093
7859.986220535077,7859.986220535077,7597.4538540778785,7306.230264417844,31970.2338389093
7451.121533723765,7451.121533723765,7505.800513869071,7287.736671184439,31970.2338389093
7116.480902425085,7116.480902425085,7313.8292669068705,7291.599566949065,31970.2338389093
6937.228416490805,6937.228416490805,7206.813479986076,7290.102881775849,31970.2338389093
7238.345048277337,7238.345048277337,7407.858720089202,7274.481941751846,31970.2338389093
7152.727343652849,7152.727343652849,7507.667929481245,7258.648537431884,31970.2338389093
7428.600234189009,7428.600234189009,7459.942672895905,7238.021998807595,31970.2338389093
7492.4505080763365,7492.4505080763365,7626.522674388871,7276.979333904925,31970.2338389093
7555.754554715965,7555.754554715965,7578.9665546680235,7287.764233092249,31970.2338389093
6827.156708041085,6827.156708041085,7288.206734442661,7239.614104049442,31970.2338389093
7576.690416036716,7576.690416036716,6877.197132609744,7245.749826513035,31970.2338389093
7591.107556011248,7591.107556011248,7182.873805680176,7301.7372724507495,31970.2338389093
7001.788576479244,7001.788576479244,7239.348399945275,7334.293534356897,31970.2338389093
7213.472376872315,7213.472376872315,7411.966887106653,7309.92855807066,31970.2338389093
7544.931815395186,7544.931815395186,7025.414478098799,7232.188645815511,31970.2338389093
7414.647313614376,7414.647313614376,7160.33526710472,7257.674237585732,31970.2338389093
7133.8900435327405,7133.8900435327405,6959.884630023834,7237.207553395512,31970.2338389093
7308.431776638485,7308.431776638485,6670.049195049581,7171.850974645174,31970.2338389093
7504.369495353358,7504.369495353358,6764.7777190833685,7188.739942016166,31970.2338389093
7331.9795852582165,7331.9795852582165,7011.023092589203,7224.624275795428,31970.2338389093
7854.864382059367,7854.864382059367,7054.994933732955,7195.169820586202,31970.2338389093
7290.794998983528,7290.794998983528,6987.229224639977,7207.208150316223,31970.2338389093
7460.078720651574,7460.078720651574,7123.329516324344,7239.056604350434,31970.2338389093
7241.519679358729,7241.519679358729,7324.041466763866,7299.966066268951,31970.2338389093
7324.317325990539,7324.317325990539,7900.639891514405,7374.3074932135505,31970.2338389093
7316.4157978620815,7316.4157978620815,7511.253270789578,7323.676865869065,31970.2338389093
6968.897110189898,6968.897110189898,7642.993397418895,7329.627417980447,31970.2338389093
7328.735866239612,7328.735866239612,7881.216653258814,7375.76314282564,31970.2338389093
7331.573907047933,7331.573907047933,7966.223930287384,7464.705924371269,31970.2338389093
7210.150048045384,7210.150048045384,7861.017834834449,7464.707444480253,31970.2338389093
7562.239112041396,7562.239112041396,8347.614821903377,7568.104872348174,31970.2338389093
7436.658741393944,7436.658741393944,8237.21178126002,7555.810720741847,31970.2338389093
7070.472035037653,7070.472035037653,7990.961980562033,7540.680455767646,31970.2338389093
7273.356769942367,7273.356769942367,7840.874885384105,7537.946312900479,31970.2338389093
6953.9232855946,6953.9232855946,7523.471102460794,7548.279724336985,31970.2338389093
7097.850916776439,7097.850916776439,7875.586749388912,7560.943671041804,31970.2338389093
7563.182517410835,7563.182517410835,7641.21663028156,7545.498777947288,31970.2338389093
7201.279514003795,7201.279514003795,7659.454839551554,7445.111707482527,31970.2338389093
7828.734353080114,7828.734353080114,7829.031706951512,7514.761966605049,31970.2338389093
6950.949078290855,6950.949078290855,7823.992123401787,7474.054735683918,31970.2338389093
7553.73885781006,7553.73885781006,7257.425096900553,7426.9371678449015,31970.2338389093
7042.2516998076935,7042.2516998076935,7268.85576662114,7436.394218414077,31970.2338389093
7458.82683678951,7458.82683678951,7315.067773281802,7396.5073874040645,31970.2338389093
7547.687581283593,7547.687581283593,7236.361884469459,7404.011720742033,31970.2338389093
6909.428982346725,6909.428982346725,7217.934612514597,7415.063760935561,31970.2338389093
7279.020218930407,7279.020218930407,7353.362615485904,7481.641166450073,31970.2338389093
7094.9023765016345,7094.9023765016345,7760.685485596357,7492.944563243311,31970.2338389093
7417.442640131276,7417.442640131276,7763.643830418607,7520.177438533486,31970.2338389093
7782.841646843628,7782.841646843628,7610.763422761537,7549.952666750364,31970.2338389093
7112.5563378714305,7112.5563378714305,7605.284312665748,7517.904819586768,31970.2338389093
7631.8142440795655,7631.8142440795655,7667.633033171178,7440.973003663562,31970.2338389093
7357.282883162511,7357.282883162511,7658.908747968923,7467.015865234047,31970.2338389093
7454.280073770688,7454.280073770688,7506.337754951061,7435.009085012903,31970.2338389093
6921.334578289097,6921.334578289097,7736.6917754758015,7509.987379839978,31970.2338389093
7024.133787546657,7024.133787546657,7845.04546696523,7502.5011103107645,31970.2338389093
7401.752169376896,7401.752169376896,7695.6187193402075,7519.231324421864,31970.2338389093
6958.296203672107,6958.296203672107,7418.536952968646,7484.663419257859,31970.2338389093
7253.53217300058,7253.53217300058,7048.497925153162,7404.5724886863445,31970.2338389093
7313.77849226449,7313.77849226449,6982.51814119942,7430.662984056645,31970.2338389093
7082.006169452397,7082.006169452397,7143.987488111583,7489.060970320554,31970.2338389093
7623.116157377644,7623.116157377644,7414.565968983494,7548.4467709383125,31970.2338389093
7543.837618712203,7543.837618712203,7308.569728482832,7492.155049794578,31970.2338389093
7134.705301914526,7134.705301914526,7277.913249310697,7442.722054885987,31970.2338389093
7185.740287934213,7185.740287934213,7110.800230797572,7449.754048578162,31970.2338389093
7160.633290104414,7160.633290104414,7012.918245304463,7500.001863751897,31970.2338389093
7104.523481368957,7104.523481368957,6550.127200794863,7397.189711159893,31970.2338389093
7194.478299597128,7194.478299597128,6488.54902561296,7390.396298375684,31970.2338389093
7405.240747948916,7405.240747948916,6705.883602368916,7411.73937015021,31970.2338389093
7238.834188112453,7238.834188112453,6453.385397327523,7368.384519705475,31970.2338389093
7113.441846215831,7113.441846215831,6592.615585622449,7405.379468927203,31970.2338389093
7216.48092975655,7216.48092975655,6483.7715617803915,7434.202096547799,31970.2338389093
7344.724249226416,7344.724249226416,6709.692033485835,7436.64761156375,31970.2338389093
7162.777189427991,7162.777189427991,6973.609101631648,7412.777971947449,31970.2338389093
7205.669480313351,7205.669480313351,7055.576456941814,7396.0610466137505,31970.2338389093
7526.203423966395,7526.203423966395,7195.90125843948,7359.054137136912,31970.2338389093
7371.055089903442,7371.055089903442,7544.625607393898,7403.864178480756,31970.2338389093
6960.867238174771,6960.867238174771,7494.4520528607445,7360.688029464054,31970.2338389093
7534.563702957306,7534.563702957306,7341.636168213056,7303.823273141059,31970.2338389093
7148.5601036226235,7148.5601036226235,7758.934757052333,7326.926685058466,31970.2338389093
7504.841456362807,7504.841456362807,7829.131098103778,7399.002121581069,31970.2338389093
7227.4492731357495,7227.4492731357495,7958.04448677198,7356.28802952152,31970.2338389093
7560.390623350226,7560.390623350226,8079.92150583066,7405.189556477878,31970.2338389093
7381.646080721661,7381.646080721661,8119.885388243105,7438.562653483662,31970.2338389093
6936.938429728977,6936.938429728977,7994.230352586359,7426.732140054202,31970.2338389093
6943.497525044231,6943.497525044231,8173.9322186750915,7489.146360379773,31970.2338389093
7610.469187357159,7610.469187357159,8355.799189329127,7499.9066664688,31970.2338389093
7752.643036509721,7752.643036509721,8430.573167428996,7518.559336893541,31970.2338389093
7227.593884202168,7227.593884202168,8693.736199048875,7510.679545040525,31970.2338389093
7694.641163018736,7694.641163018736,8606.294329084627,7482.379209485089,31970.2338389093
7061.154071707874,7061.154071707874,8608.017497686105,7555.807196437933,31970.2338389093
7236.311810708725,7236.311810708725,8814.07188200242,7667.617386541893,31970.2338389093
7224.50271914367,7224.50271914367,8438.659694140155,7639.150341981682,31970.2338389093
7270.2818318366635,7270.2818318366635,8418.270772962842,7659.203253419871,31970.2338389093
7614.756567302462,7614.756567302462,8509.056297829795,7681.271022726269,31970.2338389093
7195.626193387941,7195.626193387941,8146.307283304023,7674.820894537657,31970.2338389093
6886.351878360712,6886.351878360712,7853.822134350601,7599.998570241738,31970.2338389093
7230.837629608686,7230.837629608686,7757.588075418784,7517.939854858025,31970.2338389093
7092.974140163283,7092.974140163283,7919.141454026761,7541.779069762156,31970.2338389093
7881.23176719254,7881.23176719254,8165.539246897912,7593.334374312364,31970.2338389093
7009.4866591772425,7009.4866591772425,7826.048532109114,7599.960040326606,31970.2338389093
7305.380261504741,7305.380261504741,7761.062738634879,7686.303327634632,31970.2338389093
7114.043587372319,7114.043587372319,7707.187345984232,7648.806061584743,31970.2338389093
7382.533831905988,7382.533831905988,7766.517067261983,7711.239115882054,31970.2338389093
7864.484845726878,7864.484845726878,7540.252833677839,7641.983234366677,31970.2338389093
7236.054192303061,7236.054192303061,7809.057598171409,7667.623320778895,31970.2338389093
7570.1484468694825,7570.1484468694825,8152.391098589212,7691.35304609154,31970.2338389093
7449.233319784975,7449.233319784975,8425.109687366377,7719.254401737573,31970.2338389093
7726.028343394697,7726.028343394697,8121.462006765571,7756.371886084635,31970.2338389093
6886.315610367956,6886.315610367956,8048.795928862704,7806.58993184502,31970.2338389093
7388.2333957316905,7388.2333957316905,7785.583524561157,7728.279247616519,31970.2338389093
7468.540344442836,7468.540344442836,7468.339265480642,7697.057986934062,31970.2338389093
7461.474044889169,7461.474044889169,7517.933513430888,7690.678818574353,31970.2338389093
7674.902675098615,7674.902675098615,7036.915346193755,7663.039535258667,31970.2338389093
7473.248506333472,7473.248506333472,7067.277056667711,7633.278599540702,31970.2338389093
6757.85759452866,6757.85759452866,6712.8881763251175,7607.617306983024,31970.2338389093
7562.638071833761,7562.638071833761,6668.960417648168,7715.119689462201,31970.2338389093
7434.400820287374,7434.400820287374,6575.751160337434,7736.694828682467,31970.2338389093
6991.198650860358,6991.198650860358,6869.52166815002,7789.099499240856,31970.2338389093
7129.702444222166,7129.702444222166,6588.886946487827,7833.69024167708,31970.2338389093
7101.197741778579,7101.197741778579,6717.800361703483,7753.316202832727,31970.2338389093
7779.5533320164095,7779.5533320164095,7111.57454153966,7822.618582885916,31970.2338389093
7352.455355355446,7352.455355355446,7280.074489578243,7804.755309792835,31970.2338389093
7106.000996607934,7106.000996607934,7684.171272826847,7805.151969497704,31970.2338389093
7327.999383911554,7327.999383911554,7623.200406596488,7746.803389471638,31970.2338389093
7330.811388423102,7330.811388423102,7520.630917506953,7672.56323879652,31970.2338389093
7278.856285420292,7278.856285420292,7291.700703482667,7664.534708679956,31970.2338389093
7282.897308154244,7282.897308154244,7209.838580449776,7679.772134200273,31970.2338389093
7369.468737885845,7369.468737885845,7357.510206480698,7792.274306894385,31970.2338389093
7337.882031196883,7337.882031196883,7393.429905010375,7760.589271268688,31970.2338389093
6957.334420215838,6957.334420215838,7569.807938187038,7701.451570849379,31970.2338389093
7119.063884032908,7119.063884032908,7471.460301659361,7725.301745863393,31970.2338389093
7382.847227462579,7382.847227462579,7402.460009052466,7669.2630104371965,31970.2338389093
7192.003938634057,7192.003938634057,7516.196336608016,7684.4141591706875,31970.2338389093
6961.566208319233,6961.566208319233,7706.090566763803,7689.175432307125,31970.2338389093
7088.446462034276,7088.446462034276,7967.0222537402515,7631.18124580955,31970.2338389093
7660.250535300533,7660.250535300533,8392.942926471049,7671.9634561083385,31970.2338389093
7046.2725390062005,7046.2725390062005,8311.723282586969,7656.002157231867,31970.2338389093
7482.2137703215485,7482.2137703215485,7988.256803929738,7651.178427870557,31970.2338389093
7388.626419237923,7388.626419237923,8061.060930396532,7651.54259153107,31970.2338389093
6943.748208546022,6943.748208546022,7975.55044750668,7574.958160813494,31970.2338389093
7365.667910703606,7365.667910703606,7838.19808469495,7530.126986401897,31970.2338389093
7476.131309662949,7476.131309662949,7738.262560176396,7529.183583644444,31970.2338389093
7582.376337648817,7582.376337648817,7492.997354204332,7499.359475418986,31970.2338389093
7439.801774604669,7439.801774604669,7372.633242879854,7461.890821317139,31970.2338389093
7441.795117023049,7441.795117023049,7607.579101932759,7523.435609535298,31970.2338389093
7636.528603288303,7636.528603288303,7321.274094296117,7565.453848097443,31970.2338389093
7783.705260541724,7783.705260541724,7378.774492030471,7580.239440554205,31970.2338389093
8047.262492434825,8047.262492434825,7539.579655315414,7575.26606812829,31970.2338389093
7521.506648186848,7521.506648186848,7344.641059567771,7487.362954065041,31970.2338389093
7454.685615778737,7454.685615778737,7534.646228106898,7516.677700013051,31970.2338389093
7557.788522334563,7557.788522334563,7537.108575819449,7485.3361538388135,31970.2338389093
7256.326386048911,7256.326386048911,7822.960915589478,7552.338297565493,31970.2338389093
7619.676978020114,7619.676978020114,7767.22801697095,7499.501665360778,31970.2338389093
7165.578476700682,7165.578476700682,7975.436408858412,7548.927536353253,31970.2338389093
7762.116468850692,7762.116468850692,7894.192029040581,7540.462495709133,31970.2338389093
7536.399666933094,7536.399666933094,7902.739621125312,7515.523552604663,31970.2338389093
7422.926716295596,7422.926716295596,8037.248309308101,7502.66716494255,31970.2338389093
7244.912292476786,7244.912292476786,7993.206145346203,7549.614895844414,31970.2338389093
7546.425751357601,7546.425751357601,8152.811599937045,7508.166088279911,31970.2338389093
7625.2595848306255,7625.2595848306255,8020.031999954522,7563.567395091725,31970.2338389093
7522.644357628793,7522.644357628793,7829.1367342465865,7557.495647592001,31970.2338389093
7409.074396097779,7409.074396097779,7622.3956040601315,7573.230715691342,31970.2338389093
7081.3396429917775,7081.3396429917775,7530.961032841998,7598.310802690427,31970.2338389093
7360.8339381827545,7360.8339381827545,7530.19385078432,7641.510895176574,31970.2338389093
7646.271356611838,7646.271356611838,7694.214919460234,7736.727844336155,31970.2338389093
7198.653767393932,7198.653767393932,7651.9976155613285,7712.130992187294,31970.2338389093
7512.699461807275,7512.699461807275,7510.318186882572,7689.580570251577,31970.2338389093
7490.0112231296125,7490.0112231296125,7413.014719585143,7658.313506131438,31970.2338389093
7214.651503636619,7214.651503636619,7474.819851475955,7685.352669277535,31970.2338389093
7168.762685089224,7168.762685089224,7363.2217688028395,7692.651676511596,31970.2338389093
7074.948142526472,7074.948142526472,7252.643934617122,7585.7095262074945,31970.2338389093
7154.169312458409,7154.169312458409,7310.996140618918,7579.415045899479,31970.2338389093
7572.90834781114,7572.90834781114,7548.9862287282185,7571.273793870703,31970.2338389093
7823.699327170609,7823.699327170609,7354.488621396145,7587.768538136506,31970.2338389093
7140.367255721914,7140.367255721914,7144.470410975222,7661.495743029809,31970.2338389093
7369.227411971081,7369.227411971081,6857.179660454945,7625.226783581751,31970.2338389093
7475.847540645669,7475.847540645669,7121.280769695777,7671.869008100778,31970.2338389093
7803.57397897508,7803.57397897508,7036.6453326511955,7594.14053136554,31970.2338389093
7360.729424228772,7360.729424228772,7133.8950956842655,7633.445707412313,31970.2338389093
7781.4299449784585,7781.4299449784585,7212.839310019362,7621.257950878061,31970.2338389093
7076.130819087284,7076.130819087284,7393.8857449295265,7570.194614861527,31970.2338389093
7095.452965544279,7095.452965544279,7297.7679149739515,7558.476627083775,31970.2338389093
6360.762043616768,6360.762043616768,7628.125172934311,7593.6595611359635,31970.2338389093
7486.851040746182,7486.851040746182,7672.433826735044,7581.037190130754,31970.2338389093
7653.394023218996,7653.394023218996,7584.327696676772,7584.956831617112,31970.2338389093
7445.99507835836,7445.99507835836,7715.948367741435,7489.827871835827,31970.2338389093
7373.198391246216,7373.198391246216,7559.8243085326685,7521.489213289919,31970.2338389093
7622.133947073681,7622.133947073681,7624.201211677442,7521.32941291508,31970.2338389093
7318.966983326587,7318.966983326587,7421.4267228381705,7505.518865900642,31970.2338389093
7533.811388320633,7533.811388320633,7301.308004106856,7486.409462198095,31970.2338389093
7310.987428009905,7310.987428009905,7137.142434686398,7429.983484859816,31970.2338389093
7523.951422166287,7523.951422166287,7411.283110197262,7493.080737087949,31970.2338389093
7324.73950249207,7324.73950249207,6880.172323097309,7471.094554914557,31970.2338389093
7093.090154622433,7093.090154622433,6900.454224247255,7486.601386404234,31970.2338389093
7521.267264646865,7521.267264646865,7086.685978479075,7480.778206926376,31970.2338389093
7647.675726637321,7647.675726637321,7167.678210129225,7459.10869500245,31970.2338389093
7269.23075277262,7269.23075277262,7085.883344633665,7462.910983810558,31970.2338389093
7179.155871829068,7179.155871829068,6902.048592562649,7393.823200364527,31970.2338389093
6983.690636030464,6983.690636030464,6752.635818190395,7387.117817625167,31970.2338389093
7076.788078541064,7076.788078541064,6734.863903986179,7326.452997373953,31970.2338389093
7719.155233781024,7719.155233781024,6775.298432424737,7277.621456180875,31970.2338389093
7077.040409888419,7077.040409888419,6633.874000786525,7255.263354127358,31970.2338389093
7309.618496510691,7309.618496510691,6880.828074158926,7293.814566352154,31970.2338389093
7727.690300044907,7727.690300044907,7329.158392359665,7357.345783104485,31970.2338389093
7212.0342131599145,7212.0342131599145,7497.161962995617,7401.372193717384,31970.2338389093
7413.256174871561,7413.256174871561,7403.752447522849,7359.311260281955,31970.2338389093
7273.135345574402,7273.135345574402,7287.383401120793,7312.938002173095,31970.2338389093
7221.505581632626,7221.505581632626,7548.5937370636075,7304.900718708008,31970.2338389093
7290.31899770523,7290.31899770523,7778.921104997976,7312.339718637355,31970.2338389093
7659.377044786106,7659.377044786106,7835.6154597056975,7289.5696893241875,31970.2338389093
7073.519563752444,7073.519563752444,8007.214782397934,7313.237065811143,31970.2338389093
7224.012747731997,7224.012747731997,7700.6106463564665,7270.906362586626,31970.2338389093
7350.084177267135,7350.084177267135,7898.585096626591,7367.339379109072,31970.2338389093
7247.987510920553,7247.987510920553,7129.221861951561,7277.151385337934,31970.2338389093
7209.27169256403,7209.27169256403,7246.92097944395,7311.913405714127,31970.2338389093
7159.167420031884,7159.167420031884,7580.245221360555,7344.960781441802,31970.2338389093
7213.665925997553,7213.665925997553,7595.64771523532,7330.003907843646,31970.2338389093
7855.980057714815,7855.980057714815,7704.664944666414,7363.230763724262,31970.2338389093
7618.532177487383,7618.532177487383,7617.443235986744,7340.86439553951,31970.2338389093
7311.623864426472,7311.623864426472,7444.988518250463,7305.9230392137115,31970.2338389093
7574.464026801558,7574.464026801558,7188.321556612495,7300.372590210217,31970.2338389093
7717.888677087804,7717.888677087804,7416.245206762275,7291.956175815297,31970.2338389093
7093.854414876129,7093.854414876129,6921.042593666125,7241.750652096653,31970.2338389093
7499.010562958013,7499.010562958013,7373.701314373162,7280.993923933336,31970.2338389093
7648.925110716978,7648.925110716978,6845.163103219982,7252.051944163079,31970.2338389093
7358.444123684889,7358.444123684889,6347.573229310524,7243.039495212917,31970.2338389093
6869.137891756225,6869.137891756225,6768.1158100468265,7259.370915913855,31970.2338389093
7657.085816476516,7657.085816476516,6745.0675352566,7304.915204245344,31970.2338389093
7185.264323853136,7185.264323853136,6424.317080328096,7198.948792468277,31970.2338389093
7371.92825681075,7371.92825681075,6579.843571358475,7179.323891481535,31970.2338389093
7175.451223324923,7175.451223324923,6937.2439595269,7209.044233129694,31970.2338389093
7278.3272868311815,7278.3272868311815,6919.1359819842855,7216.229789217364,31970.2338389093
7406.114246317792,7406.114246317792,7216.457129075583,7159.417043324909,31970.2338389093
7300.411058698355,7300.411058698355,7264.802772709855,7199.467713128301,31970.2338389093
7984.040559486324,7984.040559486324,7429.507081854693,7221.087821198665,31970.2338389093
7598.264043063629,7598.264043063629,7833.261417892591,7266.50210524315,31970.2338389093
7484.628136252062,7484.628136252062,7523.654739977654,7252.137002202852,31970.2338389093
7127.772446671649,7127.772446671649,7416.1032113781675,7263.295604185488,31970.2338389093
7097.384011657639,7097.384011657639,7491.8167229090395,7213.026792482451,31970.2338389093
7262.891376408461,7262.891376408461,7627.641158283686,7244.5905223169,31970.2338389093
7453.680528025925,7453.680528025925,7661.990307683838,7314.013807729181,31970.2338389093
6950.821941856861,6950.821941856861,7757.02873493121,7285.378914164154,31970.2338389093
7505.401053666832,7505.401053666832,7853.870723822086,7354.156723469862,31970.2338389093
7596.820682845532,7596.820682845532,7791.310005829977,7377.638869444844,31970.2338389093
6566.76097107077,6566.76097107077,7497.804244363151,7303.31147437548,31970.2338389093
7028.7231219215455,7028.7231219215455,7324.115296956406,7297.789522608586,31970.2338389093
7585.220044101593,7585.220044101593,7617.035668366865,7358.367466949493,31970.2338389093
7694.328046866264,7694.328046866264,7813.794643016123,7445.644814276183,31970.2338389093
7185.809460434478,7185.809460434478,7967.704757116732,7456.040580267718,31970.2338389093
7321.759696440621,7321.759696440621,7987.132387253789,7495.044218970423,31970.2338389093
7314.005702146326,7314.005702146326,7517.628986150977,7462.479918474431,31970.2338389093
7194.398709719102,7194.398709719102,7519.073751077803,7462.418864222409,31970.2338389093
7366.528627285916,7366.528627285916,7510.4445151497,7480.080011668019,31970.2338389093
7324.696127746132,7324.696127746132,7534.109890446644,7418.62916906224,31970.2338389093
7662.72583861518,7662.72583861518,7732.549768897455,7350.389035555846,31970.2338389093
7401.788200677851,7401.788200677851,7535.045163356357,7324.048065775287,31970.2338389093
7310.633354338546,7310.633354338546,7075.754236323507,7316.041633990035,31970.2338389093
7725.0946583224295,7725.0946583224295,6614.899368779699,7258.9059406194,31970.2338389093
7286.3494063789185,7286.3494063789185,6452.532916134501,7190.762942495024,31970.2338389093
7082.880452688497,7082.880452688497,6542.241383990526,7236.369403827388,31970.2338389093
7448.579413045099,7448.579413045099,7315.001734802752,7324.037308955393,31970.2338389093
7318.761113623977,7318.761113623977,7045.81516681637,7331.459768314389,31970.2338389093
7602.520577934097,7602.520577934097,7043.961238263687,7309.155239995436,31970.2338389093
7320.913870127984,7320.913870127984,6833.61328605155,7359.507453882238,31970.2338389093
7825.7371820997805,7825.7371820997805,6340.529390182231,7169.110717703502,31970.2338389093
7482.791553090072,7482.791553090072,6472.096388101493,7102.418299123475,31970.2338389093
7177.3975924184915,7177.3975924184915,7027.767822157849,7202.46565537454,31970.2338389093
7238.7000575361935,7238.7000575361935,7554.798271360548,7228.932605958227,31970.2338389093
6976.10309115016,6976.10309115016,7773.469806469082,7221.96825659149,31970.2338389093
7353.996674052664,7353.996674052664,7381.937738056562,7223.759247788607,31970.2338389093
7382.317243161901,7382.317243161901,6961.420781477495,7278.657153928393,31970.2338389093
7561.867468798561,7561.867468798561,7028.08155768165,7253.827038498263,31970.2338389093
7152.1447486571515,7152.1447486571515,6815.085100799586,7287.963741422131,31970.2338389093
7152.844969010374,7152.844969010374,6751.633443263607,7235.093879660326,31970.2338389093
7209.808626078927,7209.808626078927,7222.277249724121,7244.533547004331,31970.2338389093
7436.206701956515,7436.206701956515,7170.525890327418,7267.008831326853,31970.2338389093
7473.395412070956,7473.395412070956,6836.773927577871,7216.197278880751,31970.2338389093
7369.829161888727,7369.829161888727,6522.463961192593,7184.411891145427,31970.2338389093
7923.042130021495,7923.042130021495,6718.583876990886,7280.821615924049,31970.2338389093
7268.586180094734,7268.586180094734,6726.913417596899,7253.173217036292,31970.2338389093
7422.773774230886,7422.773774230886,6403.703628357435,7171.9490876945,31970.2338389093
6852.53148187178,6852.53148187178,6428.5349191154255,7155.7068259244925,31970.2338389093
7170.368989277726,7170.368989277726,6517.266446892104,7148.125604985435,31970.2338389093
7258.749246106311,7258.749246106311,6668.880396718177,7115.9094044619915,31970.2338389093
7259.225376881334,7259.225376881334,6883.722866554506,7135.376703944293,31970.2338389093
6684.878680992975,6684.878680992975,6919.32877372556,7084.2223024934465,31970.2338389093
7441.019325018761,7441.019325018761,6788.30547792795,7069.127426470808,31970.2338389093
7449.106922812718,7449.106922812718,6848.861082559952,7070.963465381783,31970.2338389093
7435.204948488631,7435.204948488631,6349.628347891599,7052.383940920561,31970.2338389093
7555.171074643248,7555.171074643248,7013.213143479658,7130.287614075487,31970.2338389093
7443.434373258761,7443.434373258761,7295.986580628099,7098.748342283352,31970.2338389093
7718.846367591099,7718.846367591099,7349.611674822672,7074.223413902784,31970.2338389093
7166.963597900033,7166.963597900033,7369.606058882868,7051.272671997589,31970.2338389093
7726.34989706656,7726.34989706656,7513.167854562055,7060.280974208406,31970.2338389093
7671.741332571049,7671.741332571049,7553.6749806022,7146.550851192104,31970.2338389093
7464.058954358625,7464.058954358625,7517.4680038023,7122.892843862625,31970.2338389093
7462.895302298802,7462.895302298802,7257.8878944387325,6997.297871685182,31970.2338389093
7178.901536671217,7178.901536671217,7039.830272362791,6916.170591251115,31970.2338389093
7659.255916834094,7659.255916834094,7418.553228644572,6942.553635226127,31970.2338389093
7290.369582495965,7290.369582495965,7186.761460657882,6970.213428756306,31970.2338389093
7523.872646729723,7523.872646729723,7176.688589754092,7030.560263003975,31970.2338389093
7283.131138450679,7283.131138450679,7302.749616835392,7030.9585870543015,31970.2338389093
7363.349751945254,7363.349751945254,7630.098265604849,7075.203422088621,31970.2338389093
7227.604935011081,7227.604935011081,7557.510576436434,7064.961111406366,31970.2338389093
7393.278881211336,7393.278881211336,7432.229478302349,7086.486793073082,31970.2338389093
7344.126187303241,7344.126187303241,7754.403670448488,7166.764545281052,31970.2338389093
7363.747054174984,7363.747054174984,8235.23975366403,7229.194975153288,31970.2338389093
7579.862185266009,7579.862185266009,8354.765130715143,7264.143743638206,31970.2338389093
7021.811759456948,7021.811759456948,8389.799247596227,7330.006901518474,31970.2338389093
7120.310176970608,7120.310176970608,8037.643961438475,7269.293944245896,31970.2338389093
6960.392502053334,6960.392502053334,8290.299197348286,7225.619755513081,31970.2338389093
7124.1730425607375,7124.1730425607375,8035.783445640955,7228.952242819218,31970.2338389093
6998.094834475786,6998.094834475786,7765.457813593724,7219.502737154627,31970.2338389093
6987.287023482756,6987.287023482756,7954.1980164584675,7289.078057487748,31970.2338389093
7406.788604911715,7406.788604911715,7946.284108509851,7407.637736738605,31970.2338389093
7099.711354438326,7099.711354438326,7752.885253731477,7422.922318407048,31970.2338389093
7099.393898423845,7099.393898423845,7393.395789853204,7302.320568692359,31970.2338389093
6908.892254049087,6908.892254049087,7609.891005544404,7275.162290474977,31970.2338389093
7345.353810999734,7345.353810999734,7344.530224809516,7244.218985186562,31970.2338389093
7053.134405932355,7053.134405932355,7487.782171270794,7290.462830888743,31970.2338389093
7522.254540512358,7522.254540512358,7183.220306905534,7269.979660598689,31970.2338389093
7861.121560844909,7861.121560844909,7271.048092275193,7277.545549737926,31970.2338389093
7418.168292777454,7418.168292777454,6937.033080846911,7243.892333164092,31970.2338389093
7352.182343846597,7352.182343846597,6584.321252766729,7255.615619388373,31970.2338389093
7012.929605985959,7012.929605985959,6546.0809750387825,7272.398481801538,31970.2338389093
7337.618700260073,7337.618700260073,6443.405561513265,7277.498252644217,31970.2338389093
7122.440146055585,7122.440146055585,6817.472970117075,7298.460377200198,31970.2338389093
7304.316814348018,7304.316814348018,6429.669117738006,7256.6033217840595,31970.2338389093
7566.918399120389,7566.918399120389,6373.277293761241,7175.157668540632,31970.2338389093
7475.353214463459,7475.353214463459,6778.030724615579,7300.686292292478,31970.2338389093
7072.1563042664875,7072.1563042664875,7012.549292152238,7391.748793357649,31970.2338389093
7471.4673109116475,7471.4673109116475,7035.968155652881,7399.03219704542,31970.2338389093
7361.518580616514,7361.518580616514,7305.535194224243,7401.546082630521,31970.2338389093
7344.99811489848,7344.99811489848,7163.82555017376,7354.604650079489,31970.2338389093
7346.40234584173,7346.40234584173,6981.32030176111,7291.917968842858,31970.2338389093
7178.169547152485,7178.169547152485,7162.949454814542,7326.222388862014,31970.2338389093
7754.289463250729,7754.289463250729,7195.716108963493,7379.942503407307,31970.2338389093
7016.676781135096,7016.676781135096,7272.437845289167,7341.318674329901,31970.2338389093
7061.111649537161,7061.111649537161,7657.421009868849,7436.716200936082,31970.2338389093
7369.427451799681,7369.427451799681,6899.332879041288,7277.910239404804,31970.2338389093
7223.250361891963,7223.250361891963,7078.287909073054,7348.2090590466405,31970.2338389093
7312.047948953924,7312.047948953924,7221.928859882435,7373.495634057371,31970.2338389093
7613.2407499803385,7613.2407499803385,7389.638445007877,7405.552559855521,31970.2338389093
7341.49517677548,7341.49517677548,7672.368118222415,7386.444702811563,31970.2338389093
6844.348515277799,6844.348515277799,7686.536539073332,7318.490280537085,31970.2338389093
7568.203092418937,7568.203092418937,7808.4045846811105,7384.409705037776,31970.2338389093
7381.639646119722,7381.639646119722,7439.442909743562,7416.2535064682725,31970.2338389093
7290.657100491736,7290.657100491736,7746.280007710897,7482.608621399524,31970.2338389093
7389.7151251208015,7389.7151251208015,7506.079291258031,7454.221413458773,31970.2338389093
6983.916642589191,6983.916642589191,7849.877332019947,7410.533413677218,31970.2338389093
7156.921341821718,7156.921341821718,7399.792538605766,7392.829848816976,31970.2338389093
7427.076226935623,7427.076226935623,7780.816272490883,7469.108965188469,31970.2338389093
7320.524271421618,7320.524271421618,7742.998937232676,7428.132694181087,31970.2338389093
7555.562311200475,7555.562311200475,7736.187108141948,7422.180009152665,31970.2338389093
7381.6961125408825,7381.6961125408825,7884.188251553447,7408.882035187305,31970.2338389093
7211.829186916626,7211.829186916626,7892.488773841089,7412.026725716296,31970.2338389093
7371.727135875037,7371.727135875037,8195.345820135695,7408.274719762607,31970.2338389093
7635.084388892521,7635.084388892521,8119.711165732677,7435.597828403029,31970.2338389093
6919.633501619367,6919.633501619367,8323.848835722187,7441.031331083966,31970.2338389093
7448.491163655301,7448.491163655301,8192.056303522413,7441.415882094006,31970.2338389093
7532.268559017284,7532.268559017284,8024.252665624078,7339.620542472136,31970.2338389093
7230.890144665314,7230.890144665314,7436.626644286203,7349.277604917518,31970.2338389093
7333.714862602576,7333.714862602576,7129.340493979615,7300.909230258265,31970.2338389093
7731.204541090168,7731.204541090168,6811.6671879451005,7193.673843449991,31970.2338389093
7330.895484508608,7330.895484508608,6529.040598978228,7125.43333328098,31970.2338389093
7243.26361845213,7243.26361845213,6291.181250941432,7119.685925158286,31970.2338389093
7294.145617629441,7294.145617629441,6445.815524203684,7218.758666632701,31970.2338389093
7059.323348746265,7059.323348746265,6406.858379626976,7194.991303219544,31970.2338389093
7295.038127745509,7295.038127745509,6298.337939093175,7231.792873940697,31970.2338389093
7323.681253608221,7323.681253608221,6545.737062103331,7253.0068602605115,31970.2338389093
7592.256384532977,7592.256384532977,7122.148937296869,7327.406268550402,31970.2338389093
7725.236671586564,7725.236671586564,7653.5929065632035,7425.786567775121,31970.2338389093
7206.662241668167,7206.662241668167,7534.6408550573415,7420.4307851003505,31970.2338389093
7400.126548158444,7400.126548158444,8210.755989990505,7518.9607908947455,31970.2338389093
7924.50604347941,7924.50604347941,8638.36057178892,7543.889252631007,31970.2338389093
7034.156617936506,7034.156617936506,8937.229702141529,7618.450753283942,31970.2338389093
7719.547431198171,7719.547431198171,8802.295504031994,7615.723173415687,31970.2338389093
7353.021214180754,7353.021214180754,8768.94100174418,7662.84568002078,31970.2338389093
7231.1241279988035,7231.1241279988035,8664.362025195183,7690.009820227486,31970.2338389093
7716.5637397790015,7716.5637397790015,8708.802547280897,7639.1612247935755,31970.2338389093
6995.837324849558,6995.837324849558,8158.085261000859,7556.513462320125,31970.2338389093
7695.816984289783,7695.816984289783,7648.048522872091,7548.2026412189625,31970.2338389093
7201.070102214165,7201.070102214165,7660.039668132156,7491.331679881932,31970.2338389093
7334.921389364095,7334.921389364095,7199.674701309859,7526.130621121964,31970.2338389093
7395.109203497165,7395.109203497165,7105.023796901465,7568.629951659078,31970.2338389093
7099.081294656776,7099.081294656776,6903.257873724705,7566.512437065972,31970.2338389093
7459.418518297909,7459.418518297909,6849.605139490642,7546.500979521116,31970.2338389093
7070.9777896926835,7070.9777896926835,7002.750043289865,7608.908119620918,31970.2338389093
7250.910618675423,7250.910618675423,7207.331092496002,7599.991836752917,31970.2338389093
6801.760965435334,6801.760965435334,7226.11756716094,7704.518162417506,31970.2338389093
7554.973785087341,7554.973785087341,7311.958278525264,7603.247536210568,31970.2338389093
7265.983336976933,7265.983336976933,7152.42408906821,7534.301687056119,31970.2338389093
7306.245477431987,7306.245477431987,7287.943171489412,7470.992625178242,31970.2338389093
7857.963611091515,7857.963611091515,7072.327044099016,7406.122406297287,31970.2338389093
7332.152842812484,7332.152842812484,7141.857236211565,7459.694091086725,31970.2338389093
7825.450092796965,7825.450092796965,7435.477755948469,7491.927071319444,31970.2338389093
7680.6669725039355,7680.6669725039355,7274.569628410119,7513.5263232544285,31970.2338389093
7594.503675537806,7594.503675537806,7601.491330107968,7579.950384100334,31970.2338389093
Average Episodic Reward,Average Episodic N-Reward,Avg Reward (last 10),Avg Reward (last 50),Best Reward
9676.20574328341,9676.20574328341,10974.151998407986,10974.151998407986,10974.151998407986
9641.025035489733,9641.025035489733,6913.41311301116,6913.41311301116,10974.151998407986
10365.171259195575,10365.171259195575,9486.315011661498,9486.315011661498,14632.118808962172
10076.011598944271,10076.011598944271,7885.491892797139,7885.491892797139,14632.118808962172
10027.175443827975,10027.175443827975,7981.050173916594,7981.050173916594,14632.118808962172
9994.757979592563,9994.757979592563,8438.807274596553,8438.807274596553,14632.118808962172
9488.776969894587,9488.776969894587,7867.481854835311,7867.481854835311,14632.118808962172
10430.285930735628,10430.285930735628,7289.113763398278,7289.113763398278,14632.118808962172
9531.93202257743,9531.93202257743,8430.45833838633,8430.45833838633,17561.214938290756
10095.252717235287,10095.252717235287,8301.52874157012,8301.52874157012,17561.214938290756
10435.604449626899,10435.604449626899,8873.442203720588,9064.415821419443,17561.214938290756
9845.46535748907,9845.46535748907,10118.204887021355,9584.072924686323,17561.214938290756
10237.679072607652,10237.679072607652,10273.3146109509,10091.699318807192,17561.214938290756
10977.754701036454,10977.754701036454,11304.297840697833,10327.496141297635,17561.214938290756
9947.871203648796,9947.871203648796,11918.285790842881,10605.873918534118,17561.214938290756
11651.26672943308,11651.26672943308,11247.612447371679,10194.310507581005,17561.214938290756
9503.710666752155,9503.710666752155,12936.08361299576,10849.012300812046,21324.240992508705
10992.874068024284,10992.874068024284,13373.134768473707,10669.125432884626,21324.240992508705
9942.810318284075,9942.810318284075,11979.397826096221,10298.321226654696,21324.240992508705
10643.662847202102,10643.662847202102,11899.96762345599,10100.748182513056,21324.240992508705
10047.340551380115,10047.340551380115,10960.735255843381,9967.425075907031,21324.240992508705
10418.954544729737,10418.954544729737,10181.01850710955,9855.411825787787,21324.240992508705
8761.476877472422,8761.476877472422,10054.99092868433,10075.739149188554,21324.240992508705
10333.24462132332,10333.24462132332,9319.307538483528,9907.417556791755,21324.240992508705
10833.8086428701,10833.8086428701,8169.404555058614,9631.286173143917,21324.240992508705
8925.208216573381,8925.208216573381,8976.28148829816,9725.837807856833,21324.240992508705
13534.632315146593,13534.632315146593,8647.317450100396,10033.569763511434,21324.240992508705
11131.087458586155,11131.087458586155,9720.861082618841,10330.459593503987,21324.240992508705
14654.442085171537,14654.442085171537,10471.322550151392,10357.97685544666,21324.240992508705
12280.131720851374,12280.131720851374,10930.05891811152,10377.185094379209,21324.240992508705
13374.116550299535,13374.116550299535,11334.532267984549,10408.427395932034,21324.240992508705
11678.688712870618,11678.688712870618,11435.065416271236,10349.053572813868,21324.240992508705
11243.590575266793,11243.590575266793,10854.509629824788,10311.730203926809,21324.240992508705
13507.066794279588,13507.066794279588,10951.136737496232,10214.39378641072,21324.240992508705
11304.530094368143,11304.530094368143,12230.089175309982,10373.801316619936,21324.240992508705
15187.09607961681,15187.09607961681,12508.332927338226,10498.753118823886,21324.240992508705
13284.841601829516,13284.841601829516,12046.069098646212,10577.488502737051,21324.240992508705
12558.0709361672,12558.0709361672,10800.388143509323,10454.125001400129,21324.240992508705
9558.128134171671,9558.128134171671,10476.431872477307,10388.34993673657,21324.240992508705
12687.351258465389,12687.351258465389,10736.766863903684,10467.080536760328,21324.240992508705
8350.455017523527,8350.455017523527,10112.989406603625,10336.369349754375,21324.240992508705
12009.881744524695,12009.881744524695,11192.797693139823,10549.94503003433,21324.240992508705
8928.395249156749,8928.395249156749,10558.024826973671,10369.00802324003,21324.240992508705
11608.411705588831,11608.411705588831,10852.025761055687,10359.310144284575,21324.240992508705
9680.765638524936,9680.765638524936,11219.197916929892,10561.667227799926,21324.240992508705
10652.157234117947,10652.157234117947,10587.196564908882,10517.97995492932,21324.240992508705
15181.910179127986,15181.910179127986,10685.291685851556,10600.425350208221,21324.240992508705
14763.128435736453,14763.128435736453,10744.56646816798,10514.6336403101,21324.240992508705
11015.413141140778,11015.413141140778,10960.40404552443,10505.09567322389,21324.240992508705
11341.697175320352,11341.697175320352,10228.201720844021,10419.304773577069,21324.240992508705
12983.199329252777,12983.199329252777,10926.969342115091,10441.733695253446,21324.240992508705
11599.309092902573,11599.309092902573,9783.100576073088,10542.037415923009,21324.240992508705
10443.03876400382,10443.03876400382,10436.967618779583,10435.561523042654,21324.240992508705
13997.731854200372,13997.731854200372,10678.97164672062,10621.14790489078,21324.240992508705
16848.07276065175,16848.07276065175,9372.984011302226,10581.99228988872,21324.240992508705
10688.764910633894,10688.764910633894,9158.119971433855,10495.50867987016,21324.240992508705
12049.44827212464,12049.44827212464,8406.481786833017,10544.24872688539,21324.240992508705
9584.867580042264,9584.867580042264,9226.317845904148,10773.053661734799,21324.240992508705
14875.432098324329,14875.432098324329,9312.447744324729,10640.000807714816,21324.240992508705
12716.891249436427,12716.891249436427,9392.646578676937,10637.52834099843,21324.240992508705
12467.598489354175,12467.598489354175,9180.715388602304,10503.188332229789,21324.240992508705
8360.359186909678,8360.359186909678,9470.060272014442,10412.408492921626,21324.240992508705
11496.847623718962,11496.847623718962,9286.415661514573,10238.181733155388,21324.240992508705
8136.494189165645,8136.494189165645,8738.285591495533,10107.945455050321,21324.240992508705
11020.736699827221,11020.736699827221,8966.930800477974,9991.721291815738,21324.240992508705
12959.087146016986,12959.087146016986,10176.220047904262,10281.230199976679,21324.240992508705
10817.890005763848,10817.890005763848,10177.542035327295,9992.540411351696,21324.240992508705
9717.677455180032,9717.677455180032,10153.928868467568,10129.212481733572,21324.240992508705
11517.91635204634,11517.91635204634,9665.506431949561,10177.222528885484,21324.240992508705
10282.812455434074,10282.812455434074,9242.464119568369,10106.027640220906,21324.240992508705
9858.620614384432,9858.620614384432,9112.98613614063,10133.63850828924,21324.240992508705
14087.243518839408,14087.243518839408,8888.72514511169,10153.949820522055,21324.240992508705
9910.31207376636,9910.31207376636,9625.259329171935,10152.23541325291,21324.240992508705
13077.618159416406,13077.618159416406,10229.667707071047,10290.017488767824,21324.240992508705
9673.707235110034,9673.707235110034,10433.423509466747,10444.525082697366,21324.240992508705
12297.77577511734,12297.77577511734,9108.234844564951,10307.620871230034,21324.240992508705
11771.888978661395,11771.888978661395,9356.456454757923,10134.368212283202,21324.240992508705
16479.595319236993,16479.595319236993,8782.068108748785,9941.453886959562,21324.240992508705
9669.781604817528,9669.781604817528,9783.468474633422,10039.65171378189,21324.240992508705
10548.469488173165,10548.469488173165,10751.989626841027,10070.413781966809,21324.240992508705
9449.281694489791,9449.281694489791,11160.961333030282,10098.924321298386,21324.240992508705
10568.169195034408,10568.169195034408,11373.388788703447,10141.614495008498,21324.240992508705
7819.3342737716075,7819.3342737716075,11024.96288461156,10186.326064210263,21324.240992508705
11140.20002636828,11140.20002636828,10263.700450925262,10152.530231453631,21324.240992508705
7714.146634710523,7714.146634710523,9971.659287637154,9992.839105162799,21324.240992508705
9889.221463645903,9889.221463645903,10431.180446601988,9892.190375082786,21324.240992508705
10509.47797265992,10509.47797265992,10218.46557748754,9768.847508051464,21324.240992508705
10224.738275552345,10224.738275552345,10004.993891305017,9782.375036518699,21324.240992508705
9792.836385073726,9792.836385073726,9076.344615436063,9759.63426237364,21324.240992508705
9701.161699219321,9701.161699219321,8584.83280051854,9640.026969289778,21324.240992508705
10384.433903100038,10384.433903100038,7928.342799432396,9661.994999864139,21324.240992508705
9914.979906114058,9914.979906114058,7513.542048237415,9405.763366028015,21324.240992508705
11058.576940125144,11058.576940125144,6768.304009439002,9428.381900703329,21324.240992508705
10938.922571990148,10938.922571990148,7127.06505447402,9407.538090137297,21324.240992508705
9897.85350586315,9897.85350586315,7181.943920404733,9185.388305857767,21324.240992508705
10165.275481807603,10165.275481807603,7017.875326070261,9178.326127315062,21324.240992508705
9542.352661704326,9542.352661704326,7479.735145734392,9127.736200028034,21324.240992508705
10879.782665432223,10879.782665432223,8051.021383005337,9243.66601948617,21324.240992508705
9413.551859457042,9413.551859457042,8630.220334699541,9293.597520208663,21324.240992508705
10477.128008691621,10477.128008691621,8477.404972060498,9289.867619533074,21324.240992508705
10021.190963356936,10021.190963356936,9077.492515538874,9292.099634548897,21324.240992508705
9456.712226115247,9456.712226115247,8959.746576296855,9241.092566072772,21324.240992508705
10772.17450762777,10772.17450762777,9208.190617102275,9182.626500367867,21324.240992508705
9417.168849913862,9417.168849913862,10000.281823754462,9271.800125544065,21324.240992508705
11355.45338307277,11355.45338307277,10334.265129886475,9377.644529574616,21324.240992508705
8426.934669789154,8426.934669789154,10247.484327534385,9396.19899853517,21324.240992508705
9586.737349335981,9586.737349335981,9606.611201938944,9367.762083049218,21324.240992508705
9733.041143392644,9733.041143392644,8890.83845523308,9176.570141351958,21324.240992508705
9931.624037819887,9931.624037819887,8311.142692585945,9093.336509860905,21324.240992508705
8907.157755773,8907.157755773,8469.498768554837,9105.238057508654,21324.240992508705
9526.520848727752,9526.520848727752,8308.00568638727,9117.55769410589,21324.240992508705
8730.026733858225,8730.026733858225,8553.7769764136,9057.835906952601,21324.240992508705
9852.506925463578,9852.506925463578,8626.684708422728,9050.6803097495,21324.240992508705
10548.165766078731,10548.165766078731,7911.763346839686,9106.495676612896,21324.240992508705
9720.004494670538,9720.004494670538,7205.517613142829,9025.361892107587,21324.240992508705
9905.917001191125,9905.917001191125,7277.351948363871,8816.425378627091,21324.240992508705
10051.452653168182,10051.452653168182,7781.200698383516,8888.493815660462,21324.240992508705
9876.77227213881,9876.77227213881,8105.283340965468,8766.841035851538,21324.240992508705
9182.10025364755,9182.10025364755,8826.296389633677,8925.494501397729,21324.240992508705
10164.179405805537,10164.179405805537,9228.133223869216,9102.371878368824,21324.240992508705
8351.488639551466,8351.488639551466,9062.78841221087,9107.518149319938,21324.240992508705
8593.655309170454,8593.655309170454,9307.73781531983,9141.63844099423,21324.240992508705
8890.983179057932,8890.983179057932,9752.163931265732,9076.06123016826,21324.240992508705
9602.160757681166,9602.160757681166,9073.771689006508,8875.316472999988,21324.240992508705
9796.631071317048,9796.631071317048,9138.615768019285,8766.400343818095,21324.240992508705
11329.954919685948,11329.954919685948,9160.002019452279,8826.778813604555,21324.240992508705
11090.624832463116,11090.624832463116,9218.54093381881,8860.91071147264,21324.240992508705
10168.71608809883,10168.71608809883,9748.630339306686,8960.153481963118,21324.240992508705
9570.798440713113,9570.798440713113,9029.63374851029,8774.727556173102,21324.240992508705
8237.08427582683,8237.08427582683,8914.227499999733,8734.819453000564,21324.240992508705
11287.969098192067,11287.969098192067,10121.672049296403,8899.660292573162,21324.240992508705
10307.85376300305,10307.85376300305,10431.215074489572,8953.203698151454,21324.240992508705
9941.046777388092,9941.046777388092,10253.570137179562,8921.78268068186,21324.240992508705
10963.78138366035,10963.78138366035,10863.488460534529,8995.274074921843,21324.240992508705
12223.276432179453,12223.276432179453,11504.102825530397,9072.889051396744,21324.240992508705
10218.547042222726,10218.547042222726,11627.975416742662,9066.137807632691,21324.240992508705
10787.039630584677,10787.039630584677,11595.303622557056,9136.278320486545,21324.240992508705
11335.40011322652,11335.40011322652,10925.202016542155,9144.195107010544,21324.240992508705
13140.306677335431,13140.306677335431,11268.44676762979,9213.147986611848,21324.240992508705
11459.335724462737,11459.335724462737,10641.498326314555,9146.152558159767,21324.240992508705
11814.139050126265,11814.139050126265,9286.574536458193,9171.306639978322,21324.240992508705
10541.00955144904,10541.00955144904,9189.140862892464,9288.323461082462,21324.240992508705
11032.74324588169,11032.74324588169,8885.020383959756,9345.125955586009,21324.240992508705
11609.297275691955,11609.297275691955,9487.859896233664,9467.43304327377,21324.240992508705
11813.839210700746,11813.839210700746,8731.123710183365,9382.725009352469,21324.240992508705
12212.173698112025,12212.173698112025,8894.130696930744,9441.388881804787,21324.240992508705
12527.114192860741,12527.114192860741,8413.25109111876,9322.981509563415,21324.240992508705
11908.456257029962,11908.456257029962,7953.747207105111,9124.7402718305,21324.240992508705
12174.05729362101,12174.05729362101,7863.841577566391,9059.87223518522,21324.240992508705
11589.435751773386,11589.435751773386,9384.854968637617,9327.642557475192,21324.240992508705
12725.386694990446,12725.386694990446,10396.914733302976,9435.191083531143,21324.240992508705
13525.752127892089,13525.752127892089,10164.915931353471,9529.357332093787,21324.240992508705
12937.964273423746,12937.964273423746,12162.789969214842,9936.045826008523,26719.445575436195
12980.352658352458,12980.352658352458,12017.308902501933,9870.838459023264,26719.445575436195
12970.338583773344,12970.338583773344,12544.883800986096,9824.848743572393,26719.445575436195
14799.982568850266,14799.982568850266,13296.440978876908,10051.180212073292,26719.445575436195
14036.184951385498,14036.184951385498,13677.354147915603,10137.13009875875,26719.445575436195
13636.68261022392,13636.68261022392,14628.581206781522,10272.288822140188,26719.445575436195
13959.150700956368,13959.150700956368,15043.60062969719,10406.363822607467,26719.445575436195
14277.091588506577,14277.091588506577,14184.080250005354,10470.558853765295,26719.445575436195
12797.130104637446,12797.130104637446,13430.904463488429,10459.770838951374,26719.445575436195
14180.405729439166,14180.405729439166,13808.38059025301,10580.278054861668,26719.445575436195
14182.646676961293,14182.646676961293,12116.909343672167,10634.090753058412,26719.445575436195
14471.2171167634,14471.2171167634,12681.806256920234,10824.847041039373,26719.445575436195
15864.487664043469,15864.487664043469,12867.8682830098,10957.31887754579,26719.445575436195
15365.147832045108,15365.147832045108,12031.342195826162,11001.97826156575,26719.445575436195
14810.794902334932,14810.794902334932,13296.494162801147,11240.188791642275,26719.445575436195
15606.629876871122,15606.629876871122,14103.142595266065,11471.860673000307,26719.445575436195
15123.225121307929,15123.225121307929,13644.154070220839,11369.9353587249,26719.445575436195
15795.74882433684,15795.74882433684,14830.86543954208,11591.105296899867,26719.445575436195
15058.903710943996,15058.903710943996,15116.0043067527,11670.414017859739,26719.445575436195
14874.856527277983,14874.856527277983,15714.943727157119,11861.719237229125,26719.445575436195
16023.478073523971,16023.478073523971,16362.945660997028,11956.247099004671,26719.445575436195
14199.232258652211,14199.232258652211,16461.6026916506,12302.413241568194,26719.445575436195
14910.384721349667,14910.384721349667,16509.967703448343,12431.589264631599,26719.445575436195
15330.880303090513,15330.880303090513,17566.94848278944,12683.367554233182,26719.445575436195
14865.105852713532,14865.105852713532,17456.583104180136,12887.79722571454,26719.445575436195
14703.688887120858,14703.688887120858,17082.690450515016,12938.672695241974,26719.445575436195
14314.981926792869,14314.981926792869,17768.67405277156,13117.743419577151,26719.445575436195
15881.469405725064,15881.469405725064,17773.399618413525,13362.939720582624,26719.445575436195
14005.450704634548,14005.450704634548,17876.072789087008,13221.29416581786,26719.445575436195
14515.323643602918,14515.323643602918,17618.259141471754,13299.128050625563,26719.445575436195
15241.3887779283,15241.3887779283,17420.212082228845,13389.57548801453,26719.445575436195
14784.762134008406,14784.762134008406,17423.410358527217,13614.397621166732,26719.445575436195
15181.947900374045,15181.947900374045,17201.832897316715,13571.135278988868,26719.445575436195
15141.580281956842,15141.580281956842,16889.37773328773,13735.648017542195,26719.445575436195
13999.548379812471,13999.548379812471,15857.018013185774,13740.140103840284,26719.445575436195
16140.443597423584,16140.443597423584,15505.599628699114,13854.752217673364,26719.445575436195
13640.610034884689,13640.610034884689,15328.81327112899,13929.816720276995,26719.445575436195
16284.913291703218,16284.913291703218,14165.226350954787,14067.685325510673,26719.445575436195
15273.258649127283,15273.258649127283,14089.172517927746,14181.813762111773,26719.445575436195
15409.531249212603,15409.531249212603,14168.211931624459,14294.942264371964,26719.445575436195
14962.080861414897,14962.080861414897,13519.41368834665,14316.454148891908,26719.445575436195
14693.316356444933,14693.316356444933,12362.734840018082,14189.372609923616,26719.445575436195
14790.544047894464,14790.544047894464,12235.980690467088,14272.106675045608,26719.445575436195
14309.313099309746,14309.313099309746,12167.938598057182,14390.409597767484,26719.445575436195
15212.394395977764,15212.394395977764,11930.313366490485,14443.552558914627,26719.445575436195
14425.950993613937,14425.950993613937,11269.557233019576,14517.914222856258,26719.445575436195
14130.43467145415,14130.43467145415,11442.1956102405,14645.487526811816,26719.445575436195
14633.273854830824,14633.273854830824,12258.759288269594,14642.466189437066,26719.445575436195
13399.74216997393,13399.74216997393,12269.117788486557,14556.254373148484,26719.445575436195
13796.34089409017,13796.34089409017,11574.404855040644,14576.840049109396,26719.445575436195
13984.14261204461,13984.14261204461,11613.829260127577,14206.662007074452,26719.445575436195
13542.842920406763,13542.842920406763,12292.298520566615,14244.370533536548,26719.445575436195
13162.813516352348,13162.813516352348,13785.553211543787,14520.240557157145,26719.445575436195
13730.802910626975,13730.802910626975,13958.270616262653,14522.775525244633,26719.445575436195
13521.800919061852,13521.800919061852,14274.51428578662,14562.98458648883,26719.445575436195
13394.02309926423,13394.02309926423,15025.222687342091,14597.242518968373,26719.445575436195
12468.645702860085,12468.645702860085,15253.300144932009,14687.42742985878,26719.445575436195
14133.049717142447,14133.049717142447,14829.19446141122,14771.489031718243,26719.445575436195
14062.517804124924,14062.517804124924,14659.341398664128,14801.941760183629,26719.445575436195
14645.038113295195,14645.038113295195,15281.494548612227,14871.462840781242,26719.445575436195
14303.705961651276,14303.705961651276,15602.428659278317,14903.765870195683,26719.445575436195
14166.154953596917,14166.154953596917,15469.207552595035,14801.850792671512,26719.445575436195
13810.38529494667,13810.38529494667,14335.972968944707,14813.86149434413,26719.445575436195
13451.707880130954,13451.707880130954,13645.31053954038,14845.569193987476,26719.445575436195
12959.665622802391,12959.665622802391,13661.018285658865,14635.889411060372,26719.445575436195
13941.367977300974,13941.367977300974,13765.536113973914,14529.721222709939,26719.445575436195
14160.012391650707,14160.012391650707,13111.43021666701,14580.882659148012,26719.445575436195
13355.297840942536,13355.297840942536,13385.671197034646,14482.450183216752,26719.445575436195
14015.77066271106,14015.77066271106,13374.682250636066,14453.677348960298,26719.445575436195
13332.045663717852,13332.045663717852,13059.298869338152,14340.333869217446,26719.445575436195
12990.072213345034,12990.072213345034,13188.955082741164,14268.96775454451,26719.445575436195
13432.312414951215,13432.312414951215,13472.00579369659,14203.931413080709,26719.445575436195
12983.206797742623,12983.206797742623,13052.648858822313,14122.397725418923,26719.445575436195
12842.91758363254,12842.91758363254,13632.496096145056,14058.678716658598,26719.445575436195
12146.453060513044,12146.453060513044,13534.544613272981,13851.481712878945,26719.445575436195
12797.711195855412,12797.711195855412,13563.664820452963,13825.91609669753,26719.445575436195
13713.086841380671,13713.086841380671,13110.53783000253,13649.255414594209,26719.445575436195
14086.157722552018,14086.157722552018,12479.217362346546,13423.613732003356,26719.445575436195
13057.040613274841,13057.040613274841,12248.214408249547,13328.105672792804,26719.445575436195
12636.017113450707,12636.017113450707,12372.180005789287,13291.118042080956,26719.445575436195
13548.976010713866,13548.976010713866,12421.494650915818,13269.224268281905,26719.445575436195
12453.496098838064,12453.496098838064,11508.00898724123,13020.851138823513,26719.445575436195
12318.744159383989,12318.744159383989,11626.297214352078,13007.290588825997,26719.445575436195
12891.708269385686,12891.708269385686,10764.216126718833,12833.646395344822,26719.445575436195
13501.38248695908,13501.38248695908,11168.691007748173,12913.816311791423,26719.445575436195
13209.728339387286,13209.728339387286,11653.684158295295,13055.533002616768,26719.445575436195
11637.610042718004,11637.610042718004,12353.25020451043,13054.142801270495,26719.445575436195
12973.086833970838,12973.086833970838,12385.00626819401,13067.569715451202,26719.445575436195
12159.845219531107,12159.845219531107,13023.317101841447,13114.934589575547,26719.445575436195
12531.615896948757,12531.615896948757,12510.674520865914,12959.610559929246,26719.445575436195
12631.772992190803,12631.772992190803,11903.964779948972,12946.13448660237,26719.445575436195
12443.358224510484,12443.358224510484,12735.618378357583,13095.427846491411,26719.445575436195
12073.197034624893,12073.197034624893,12526.668194125117,13065.4280895576,26719.445575436195
12596.996768319123,12596.996768319123,12514.473807854596,12902.953437304304,26719.445575436195
12608.125494070666,12608.125494070666,12013.007113894913,12930.35506127231,26719.445575436195
12331.234742917539,12331.234742917539,10697.135364281788,12941.04862886921,26719.445575436195
11823.910978741169,11823.910978741169,10286.12153043722,12822.927985309841,26719.445575436195
12597.766683462443,12597.766683462443,10116.670637522653,12639.151985301816,26719.445575436195
12595.52670863062,12595.52670863062,9749.652818867358,12611.041595651708,26719.445575436195
11808.292446512378,11808.292446512378,10083.971464340366,12661.523881789191,26719.445575436195
12456.989914683161,12456.989914683161,10461.235933752585,12715.615821327374,26719.445575436195
13091.589184106137,13091.589184106137,9632.8642909566,12563.541000569408,26719.445575436195
12156.956197373396,12156.956197373396,10193.581909754936,12347.03382919983,26719.445575436195
12694.032623008947,12694.032623008947,10425.883282161896,12196.475970484153,26719.445575436195
11786.520853138318,11786.520853138318,10404.89203355821,12156.430610826628,26719.445575436195
11521.897478006014,11521.897478006014,11189.466542395003,12173.897399879794,26719.445575436195
11213.226295892106,11213.226295892106,11843.118129029217,12140.891582129283,26719.445575436195
12163.060945321075,12163.060945321075,12202.138256314161,12113.740744282402,26719.445575436195
11864.774239292929,11864.774239292929,12115.29699168835,12102.232714256552,26719.445575436195
12059.354973525307,12059.354973525307,11759.919296713739,11957.208831409489,26719.445575436195
11498.632528807992,11498.632528807992,11859.681187570386,11967.066326985785,26719.445575436195
11961.40836791391,11961.40836791391,12229.00009426227,11915.499508902856,26719.445575436195
10779.273160044198,10779.273160044198,11999.270155886421,11879.693266588174,26719.445575436195
10884.665222686592,10884.665222686592,11781.988184358614,11823.811499447802,26719.445575436195
11068.184671318751,11068.184671318751,11601.116783760936,11744.450310447044,26719.445575436195
11441.607359598775,11441.607359598775,10763.460239453218,11573.482224975654,26719.445575436195
11745.156894101003,11745.156894101003,10337.277693008004,11586.06107739748,26719.445575436195
10348.905960613836,10348.905960613836,9469.8212685496,11330.570758585394,26719.445575436195
10775.400759000333,10775.400759000333,10238.373068482226,11474.970877825788,26719.445575436195
10830.151005070109,10830.151005070109,10060.026929940334,11357.354443529928,26719.445575436195
11409.465985929459,11409.465985929459,9686.052017776341,11266.485713992823,26719.445575436195
11799.379503566604,11799.379503566604,9273.204801722191,11075.739310507975,26719.445575436195
10168.73298028391,10168.73298028391,8784.472518278284,11026.057998479368,26719.445575436195
10775.866229823754,10775.866229823754,8760.97166213578,10849.506612645944,26719.445575436195
10388.735318151841,10388.735318151841,9074.640843726704,10852.469556537788,26719.445575436195
10573.659510589927,10573.659510589927,9797.538915781286,10820.257044041318,26719.445575436195
11080.478227805555,11080.478227805555,9292.340209715263,10822.421553340026,26719.445575436195
10261.68506328665,10261.68506328665,9578.806301336337,10750.488546383353,26719.445575436195
10688.553468457723,10688.553468457723,8384.834126793203,10702.294821534517,26719.445575436195
9437.83854760709,9437.83854760709,8718.925412133513,10626.703524798771,26719.445575436195
10203.325322111623,10203.325322111623,8916.335845009917,10565.45395281164,26719.445575436195
10422.61079219402,10422.61079219402,9707.40492184067,10715.618497427866,26719.445575436195
10118.948494190161,10118.948494190161,10116.362005757685,10724.070956760488,26719.445575436195
11331.588682622789,11331.588682622789,10899.687181204092,10876.600823542998,26719.445575436195
10663.412483548082,10663.412483548082,10826.592606912094,10784.04987637057,26719.445575436195
10022.313709303584,10022.313709303584,10375.486427053682,10564.617497792997,26719.445575436195
10814.395709394208,10814.395709394208,10835.970468766916,10518.965606191327,26719.445575436195
9995.350942128589,9995.350942128589,10744.625512161654,10422.41239517688,26719.445575436195
9811.668394771295,9811.668394771295,11529.529118951757,10403.537224956579,26719.445575436195
9739.344756567947,9739.344756567947,11086.87944525728,10341.944509677047,26719.445575436195
9898.368100701122,9898.368100701122,11111.009790563006,10406.862954934448,26719.445575436195
9788.684357030685,9788.684357030685,10234.3212178036,10215.359065317067,26719.445575436195
10313.86091918817,10313.86091918817,10157.41079032618,10250.2194760007,26719.445575436195
9892.093127209493,9892.093127209493,9390.1786683612,10251.741795644315,26719.445575436195
9788.533737919626,9788.533737919626,9584.243806461105,10298.29721488381,26719.445575436195
9839.94481966037,9839.94481966037,9756.952420839507,10376.58090910454,26719.445575436195
9553.778692687943,9553.778692687943,9798.960098758072,10421.533319855494,26719.445575436195
9489.902698778656,9489.902698778656,10026.929882437606,10404.464244159872,26719.445575436195
9093.791644869103,9093.791644869103,9033.795001302062,10260.365661443519,26719.445575436195
9695.720645321642,9695.720645321642,9137.350992540627,10152.620415317097,26719.445575436195
8837.651644174837,8837.651644174837,9525.502288920277,10219.716225967983,26719.445575436195
8500.00295886358,8500.00295886358,9588.302364753934,10206.446680076531,26719.445575436195
9733.04068828721,9733.04068828721,9627.020587753188,10136.907211600352,26719.445575436195
8348.346547161991,8348.346547161991,9843.246453872805,10135.2144299865,26719.445575436195
9354.389782256068,9354.389782256068,9477.647098113745,10112.848227794917,26719.445575436195
9630.043232990345,9630.043232990345,9435.418770935017,10025.771354812543,26719.445575436195
8437.717834402374,8437.717834402374,9171.72959941423,9887.255613932497,26719.445575436195
8556.448702630696,8556.448702630696,9157.23518076129,9795.483629049297,26719.445575436195
8983.296812844224,8983.296812844224,9956.849000590739,9828.676063223997,26719.445575436195
8063.340172030247,8063.340172030247,9719.458927741687,9744.528341522688,26719.445575436195
7800.3009801418575,7800.3009801418575,9326.851277105827,9713.150243875074,26719.445575436195
8352.671830583167,8352.671830583167,9488.64703027219,9658.376067278517,26719.445575436195
9570.426603797117,9570.426603797117,9143.753300832916,9565.803840589651,26719.445575436195
7817.514380654404,7817.514380654404,8371.537424097412,9453.12427793426,26719.445575436195
8215.29176397063,8215.29176397063,8143.879901939266,9421.400851430582,26719.445575436195
8281.283917355202,8281.283917355202,7667.123119862309,9406.50393089436,26719.445575436195
7664.7501657469875,7664.7501657469875,7450.133600649991,9309.826795460895,26719.445575436195
8197.689612663697,8197.689612663697,7304.4744390704145,9362.414263153461,26719.445575436195
8118.463712344649,8118.463712344649,7171.2242789975735,9215.246305327066,26719.445575436195
8930.112213147768,8930.112213147768,7258.884634845485,9184.29988250372,26719.445575436195
8246.980555459513,8246.980555459513,6984.516126353458,9172.843065590496,26719.445575436195
8550.860242493256,8550.860242493256,7395.952525924431,9282.925612118966,26719.445575436195
8208.7619170712,8208.7619170712,7743.64799465316,9357.638935864627,26719.445575436195
8249.320680391113,8249.320680391113,8156.577850234292,9332.245515553961,26719.445575436195
8141.084804048648,8141.084804048648,8378.001997182078,9282.073082121657,26719.445575436195
7971.729135061881,7971.729135061881,8788.111113331404,9204.618370404385,26719.445575436195
8060.748960631447,8060.748960631447,8625.710243851754,9176.500802288192,26719.445575436195
8210.986767074544,8210.986767074544,8797.853443257041,9206.223691537602,26719.445575436195
8032.41646811823,8032.41646811823,8561.147272483413,9250.508934465108,26719.445575436195
8042.4322351586015,8042.4322351586015,8644.353401230343,9169.385480323084,26719.445575436195
8044.592980339575,8044.592980339575,8734.199290395763,9136.415754667665,26719.445575436195
7872.4104751146115,7872.4104751146115,8383.647930911055,9018.174213933042,26719.445575436195
8143.040508692202,8143.040508692202,8124.103173386832,8959.187169390454,26719.445575436195
7470.04449574205,7470.04449574205,8052.906558164801,8762.889390946102,26719.445575436195
7989.7882920196025,7989.7882920196025,8081.150299444041,8732.984620628047,26719.445575436195
7341.174114863928,7341.174114863928,7847.503352474931,8699.021755488633,26719.445575436195
7832.354538172214,7832.354538172214,7968.661159265439,8603.038940387896,26719.445575436195
8074.092859984847,8074.092859984847,7825.141998075409,8622.326988720351,26719.445575436195
7572.877453331025,7572.877453331025,7732.98370733303,8491.199852141362,26719.445575436195
7606.1719272692235,7606.1719272692235,7808.694042807969,8513.74839983322,26719.445575436195
7580.649733495084,7580.649733495084,7888.22662461662,8491.859121478388,26719.445575436195
7603.804878817626,7603.804878817626,7810.826319353767,8533.475234243077,26719.445575436195
7896.5242631765195,7896.5242631765195,7729.724064681062,8473.64982426143,26719.445575436195
7866.40003250065,7866.40003250065,7884.624779874178,8461.778613248698,26719.445575436195
8228.125884416035,8228.125884416035,7337.146809215641,8283.565221178955,26719.445575436195
7771.029641023388,7771.029641023388,7417.1290420122705,8231.057079723185,26719.445575436195
7096.302358767133,7096.302358767133,7307.052120406316,8104.657344717545,26719.445575436195
8160.564056871136,8160.564056871136,7068.583016944276,8030.657615621686,26719.445575436195
7200.352112487879,7200.352112487879,6631.852803230455,8010.811412527042,26719.445575436195
7418.344250256951,7418.344250256951,6277.8463232929325,7941.847465983683,26719.445575436195
7731.214829253792,7731.214829253792,5600.74000310571,7706.906664315474,26719.445575436195
7620.864389718078,7620.864389718078,5323.736646862255,7680.562090664739,26719.445575436195
7419.38915460714,7419.38915460714,5626.636882539211,7673.573083218637,26719.445575436195
7549.097111842339,7549.097111842339,5383.903101955484,7569.909942865234,26719.445575436195
7764.010441476293,7764.010441476293,5419.166663598042,7471.869134275813,26719.445575436195
7582.5135326077325,7582.5135326077325,5530.480096831539,7450.069344902491,26719.445575436195
7525.0331044454015,7525.0331044454015,5629.919996498966,7396.295424134494,26719.445575436195
7370.609773711131,7370.609773711131,6018.209244991128,7402.852428467656,26719.445575436195
7632.7600620063195,7632.7600620063195,7095.260543286166,7438.493721066127,26719.445575436195
7635.527963386929,7635.527963386929,7866.622964153414,7571.2802732660275,26719.445575436195
7336.262578819412,7336.262578819412,8460.12740110633,7533.5618891155755,26719.445575436195
7523.7077564898555,7523.7077564898555,8859.61214631888,7554.755113874079,26719.445575436195
7838.3372093570615,7838.3372093570615,8828.694396380033,7610.561302328061,26719.445575436195
7306.500580140805,7306.500580140805,9143.562159708748,7724.314889987502,26719.445575436195
7499.531622554799,7499.531622554799,9498.438269201333,7742.780807728227,26719.445575436195
7554.435153685266,7554.435153685266,9613.243753018513,7839.293471533733,26719.445575436195
7405.306884017104,7405.306884017104,9432.316298709758,7792.731963746448,26719.445575436195
7722.21120886317,7722.21120886317,9195.033418540603,7780.964224361691,26719.445575436195
7109.049945622482,7109.049945622482,8681.471360425388,7740.54313735169,26719.445575436195
7165.134283580005,7165.134283580005,8093.217917707283,7738.146929838387,26719.445575436195
7433.139943799823,7433.139943799823,7895.067444982774,7715.672152841439,26719.445575436195
6897.987186895793,6897.987186895793,7736.091266381484,7622.782861965488,26719.445575436195
6905.104966437245,6905.104966437245,7684.680701011863,7598.7678435998005,26719.445575436195
6550.70156812843,6550.70156812843,7498.980158614499,7592.795351663542,26719.445575436195
7071.120830747548,7071.120830747548,7468.924930638494,7560.965394419511,26719.445575436195
7197.039734008993,7197.039734008993,7015.946711360899,7484.860591139631,26719.445575436195
7557.416958930482,7557.416958930482,7048.039516193028,7477.197818214701,26719.445575436195
7171.395536458043,7171.395536458043,7064.860399581897,7434.365615626663,26719.445575436195
7122.3360057642285,7122.3360057642285,6880.910658277047,7404.495814510418,26719.445575436195
7443.182130901558,7443.182130901558,6941.78981044516,7397.634211681351,26719.445575436195
6998.139393387921,6998.139393387921,6723.124561168375,7313.457206995962,26719.445575436195
7129.308990091214,7129.308990091214,6416.273923726697,7229.308060528618,26719.445575436195
6671.194612751779,6671.194612751779,6106.640444248619,7195.275297772159,26719.445575436195
6895.854297049868,6895.854297049868,6041.743088477302,7190.562657726043,26719.445575436195
7116.787323040541,7116.787323040541,6245.410893731566,7193.817513277016,26719.445575436195
6888.003011965894,6888.003011965894,6338.615059207208,7183.082932486087,26719.445575436195
6724.049288758526,6724.049288758526,6503.482065556322,7184.161999472878,26719.445575436195
7054.495195467176,7054.495195467176,6683.0976659539865,7205.956749202379,26719.445575436195
7204.898057825261,7204.898057825261,6831.61476998756,7224.2220270413245,26719.445575436195
7068.778435215761,7068.778435215761,6722.841709835031,7180.463745086765,26719.445575436195
6695.227708832001,6695.227708832001,7038.935508065673,7143.5989836857725,26719.445575436195
6674.839194853583,6674.839194853583,7121.188661736256,7091.380529005114,26719.445575436195
7690.499175917048,7690.499175917048,7698.393869461358,7189.009258728217,26719.445575436195
6511.902801705712,6511.902801705712,7959.846686311352,7205.607039013477,26719.445575436195
7549.758670216974,7549.758670216974,7821.192118996286,7290.626575233145,26719.445575436195
7290.5758621539235,7290.5758621539235,7796.005420472544,7258.858208178142,26719.445575436195
7059.042443787484,7059.042443787484,8230.377254609815,7368.827026313578,26719.445575436195
6863.746382888482,6863.746382888482,8793.84108064775,7551.008361943072,26719.445575436195
7301.870148159494,7301.870148159494,8512.257238621853,7600.302914119601,26719.445575436195
6760.336420498153,6760.336420498153,8791.461143332446,7683.186709094665,26719.445575436195
6592.586229508223,6592.586229508223,8691.463783180785,7761.743739700788,26719.445575436195
6830.221972644634,6830.221972644634,8346.035226697275,7695.840244972118,26719.445575436195
7356.349762487799,7356.349762487799,7852.011884563211,7634.084259133016,26719.445575436195
7134.85132088196,7134.85132088196,8090.160940703332,7746.858606763046,26719.445575436195
7126.958449486876,7126.958449486876,7871.827233871195,7781.158689287774,26719.445575436195
7231.842469362451,7231.842469362451,7645.7017635715965,7681.902541526152,26719.445575436195
7227.922629921885,7227.922629921885,7247.921217238647,7692.427270461515,26719.445575436195
7224.8329721207065,7224.8329721207065,6820.937688215793,7711.554050588006,26719.445575436195
6817.615794885284,6817.615794885284,6991.55689653164,7579.562184768699,26719.445575436195
6787.35081751921,6787.35081751921,6772.201320165307,7464.302380297046,26719.445575436195
6945.471410285028,6945.471410285028,6772.110363374872,7424.140332154497,26719.445575436195
6934.540295732741,6934.540295732741,7285.554755013751,7381.028766711092,26719.445575436195
6596.852331469828,6596.852331469828,7134.061833426109,7295.157746542232,26719.445575436195
6637.8575716564255,6637.8575716564255,6850.217115778969,7288.18959797709,26719.445575436195
7291.504626588454,7291.504626588454,6830.63842356359,7247.598720160226,26719.445575436195
6479.684306243513,6479.684306243513,7396.547128633023,7238.563216649054,26719.445575436195
6901.061942630885,6901.061942630885,7328.19621321078,7271.603253361719,26719.445575436195
7138.726581602982,7138.726581602982,6745.493629555463,7221.646092790977,26719.445575436195
7193.973214229553,7193.973214229553,6728.223680971302,7188.912648877881,26719.445575436195
7056.20883853778,7056.20883853778,6680.328995855652,7181.724595926719,26719.445575436195
7126.902638746088,7126.902638746088,6814.315347152075,7207.989912588357,26719.445575436195
7345.627903108576,7345.627903108576,6782.288877273628,7190.268288889521,26719.445575436195
7357.506620339478,7357.506620339478,7026.7363345665635,7163.568873253172,26719.445575436195
6978.911108935036,6978.911108935036,6930.580963929684,7174.509759040128,26719.445575436195
7076.961127252343,7076.961127252343,7116.340791157188,7177.081892263965,26719.445575436195
6915.860504730693,6915.860504730693,6930.211771833485,7221.416228743573,26719.445575436195
6956.20968644139,6956.20968644139,7298.804600188018,7321.7562701607185,26719.445575436195
6962.291075110333,6962.291075110333,7564.29946711502,7321.533906297602,26719.445575436195
6867.987035121533,6867.987035121533,7434.799143331815,7299.6903458888355,26719.445575436195
7034.864164209023,7034.864164209023,7516.095565451304,7296.585746927949,26719.445575436195
7130.030112498405,7130.030112498405,7691.021556429039,7401.569311640491,26719.445575436195
7171.793832523349,7171.793832523349,7519.834725669438,7410.9804492780695,26719.445575436195
6899.459215305967,6899.459215305967,7480.986858999476,7438.438156203343,26719.445575436195
7060.254975792749,7060.254975792749,7478.096340003994,7461.780409345465,26719.445575436195
7005.977612530626,7005.977612530626,7388.436705469261,7405.687054611505,26719.445575436195
6721.38808675998,6721.38808675998,7164.3560862884815,7386.564434159825,26719.445575436195
6811.020063707399,6811.020063707399,6885.751039057628,7398.2100648609785,26719.445575436195
6899.388028445865,6899.388028445865,6896.411059612535,7364.196585029313,26719.445575436195
6711.786693080911,6711.786693080911,6950.335695117127,7323.434530914749,26719.445575436195
6427.442857107796,6427.442857107796,6716.047970446742,7295.226999050289,26719.445575436195
7101.029948665706,7101.029948665706,6661.261906731537,7326.034591373662,26719.445575436195
6933.981110397844,6933.981110397844,6784.281256549766,7343.598968240771,26719.445575436195
6839.9172713703465,6839.9172713703465,6559.237423745,7210.606867060073,26719.445575436195
7398.71836030727,7398.71836030727,6746.624838895106,7219.136039862218,26719.445575436195
7048.246799395483,7048.246799395483,6700.5849822887085,7181.565627269988,26719.445575436195
7230.67680616219,7230.67680616219,6969.30157253738,7221.223664572792,26719.445575436195
7352.944247638403,7352.944247638403,6976.757628512614,7147.486139641538,26719.445575436195
6894.621110965299,6894.621110965299,7029.820381142451,7011.392445128253,26719.445575436195
7090.984247350494,7090.984247350494,7200.518258565802,7061.086734903537,26719.445575436195
6982.862363924582,6982.862363924582,7279.612323804324,6992.8572351446655,26719.445575436195
7291.639894272811,7291.639894272811,7355.663812260874,7058.874597189681,26719.445575436195
7121.732965336043,7121.732965336043,7030.132824970552,7080.418487895428,26719.445575436195
7163.8968804642245,7163.8968804642245,7318.181298933169,7103.840749934065,26719.445575436195
6871.999834558706,6871.999834558706,6770.394333829859,6955.182718487522,26719.445575436195
7061.9751794227595,7061.9751794227595,6750.312024972658,6957.262585490281,26719.445575436195
7038.747894675684,7038.747894675684,6781.575783669716,7048.398468592419,26719.445575436195
6612.491204076501,6612.491204076501,6611.880670013292,7020.278030196467,26719.445575436195
7273.299859699074,7273.299859699074,6688.508801512459,6984.906667787586,26719.445575436195
7376.8347047207535,7376.8347047207535,6310.103131332095,6924.795981863629,26719.445575436195
6924.592827673869,6924.592827673869,6314.356438742175,6901.288258860039,26719.445575436195
6940.927903875079,6940.927903875079,5839.244362114938,6872.301396937692,26719.445575436195
7292.973794259945,7292.973794259945,6144.138298059425,6852.135196504562,26719.445575436195
7056.943473382276,7056.943473382276,6369.576063095375,6950.943595867916,26719.445575436195
7151.562594638585,7151.562594638585,6456.38639304107,6876.416573939943,26719.445575436195
7054.204456312733,7054.204456312733,6862.317878846348,6963.598476546833,26719.445575436195
6932.556005162739,6932.556005162739,6804.284639530315,6929.945970771874,26719.445575436195
6659.211739165592,6659.211739165592,7011.271665402955,6956.893120634901,26719.445575436195
6962.376013494159,6962.376013494159,6553.0534118115265,6946.418624238798,26719.445575436195
7023.5674160349645,7023.5674160349645,6767.337089162657,6932.6186635019,26719.445575436195
6901.3858134510265,6901.3858134510265,7137.930677447072,6992.808595178323,26719.445575436195
7162.6718467626,7162.6718467626,7173.42435707928,6944.123198923135,26719.445575436195
7801.811183064389,7801.811183064389,7540.865225687022,7003.85046618724,26719.445575436195
6863.5056203606155,6863.5056203606155,7481.7546323049055,7041.947255415585,26719.445575436195
7379.03162271259,7379.03162271259,7878.794039959226,7066.05918914585,26719.445575436195
7133.074173995243,7133.074173995243,7860.2288313178115,7112.376084578958,26719.445575436195
7596.541069385143,7596.541069385143,7740.868822749457,7092.07738095507,26719.445575436195
7296.280813580956,7296.280813580956,7613.3360917778,7019.799418952857,26719.445575436195
7294.9580772146455,7294.9580772146455,8064.935726604848,7046.5458761367645,26719.445575436195
7203.277077435627,7203.277077435627,8027.501969101296,7051.159228655795,26719.445575436195
6984.998165156972,6984.998165156972,7856.264029879656,7060.8422880639955,26719.445575436195
7099.538102807796,7099.538102807796,8256.1955654653,7057.1580007303855,26719.445575436195
6953.991861150846,6953.991861150846,7950.427427955836,7089.96900664452,26719.445575436195
7083.631125165194,7083.631125165194,8109.469594910338,7167.643802597757,26719.445575436195
6907.1392878164515,6907.1392878164515,7870.440051360286,7144.527931417109,26719.445575436195
7272.863473447244,7272.863473447244,7576.512589577204,7149.991261400545,26719.445575436195
7339.494802027362,7339.494802027362,7798.6698259924615,7218.940128895865,26719.445575436195
7271.958264874298,7271.958264874298,7667.180811730985,7176.08537348753,26719.445575436195
7003.569301269417,7003.569301269417,7526.885268056218,7172.640717825502,26719.445575436195
7230.733669824359,7230.733669824359,7441.267936036699,7149.345676839709,26719.445575436195
7442.78888249379,7442.78888249379,7375.3855316782165,7192.709800310288,26719.445575436195
6579.914251897994,6579.914251897994,7390.519479991097,7203.009515382299,26719.445575436195
6957.917591817362,6957.917591817362,7390.575960739525,7211.227947482473,26719.445575436195
6757.821473836854,6757.821473836854,7420.902196650798,7339.976757178916,26719.445575436195
7219.056593662215,7219.056593662215,7598.439483944448,7314.890860426978,26719.445575436195
7151.107296075298,7151.107296075298,7625.054734197469,7334.885211782298,26719.445575436195
6896.234627440538,6896.234627440538,7381.173865019572,7301.314587392304,26719.445575436195
7086.219956765608,7086.219956765608,7127.1617928841315,7206.166206361833,26719.445575436195
6933.747249148155,6933.747249148155,7391.0382985725855,7244.884301311527,26719.445575436195
7371.210139479666,7371.210139479666,7447.054883109153,7198.65300174838,26719.445575436195
7133.186533716619,7133.186533716619,7547.104707459885,7246.208277041401,26719.445575436195
7200.698533956614,7200.698533956614,7290.608459607583,7189.998444851639,26719.445575436195
7522.309263260552,7522.309263260552,7441.42101958655,7293.485586405671,26719.445575436195
7363.239769410122,7363.239769410122,7232.250670076083,7322.790631407499,26719.445575436195
7496.877950556106,7496.877950556106,7251.273531358407,7411.066699932687,26719.445575436195
6840.417108212013,6840.417108212013,7265.732701099725,7437.969347007711,26719.445575436195
6797.698298702551,6797.698298702551,7235.720804089913,7392.143591476343,26719.445575436195
6911.3911750696425,6911.3911750696425,7540.765258686642,7391.943124096502,26719.445575436195
7194.7692408613875,7194.7692408613875,7172.917834176507,7341.766107844337,26719.445575436195
6711.887189983245,6711.887189983245,7356.005980351903,7407.83357155234,26719.445575436195
7424.552744665376,7424.552744665376,7364.672933233863,7456.271575939739,26719.445575436195
7599.558238957625,7599.558238957625,6979.049672467702,7417.959506922192,26719.445575436195
7489.855119245849,7489.855119245849,6566.6005532533945,7377.978037444466,26719.445575436195
6847.904326716753,6847.904326716753,6393.502016009056,7327.5758219902345,26719.445575436195
6860.344488313715,6860.344488313715,6133.737510947189,7346.536923513911,26719.445575436195
6978.1942164012535,6978.1942164012535,5951.53513859688,7255.812798957818,26719.445575436195
7058.371105815533,7058.371105815533,6051.312914161846,7241.549246402648,26719.445575436195
7216.289836328259,7216.289836328259,6592.578383944914,7308.204467804894,26719.445575436195
6560.193152107505,6560.193152107505,6552.311924199563,7341.617810321945,26719.445575436195
6983.704393223365,6983.704393223365,6418.175599592023,7338.001273638214,26719.445575436195
7436.460389089828,7436.460389089828,6272.9086162884105,7283.267163708007,26719.445575436195
7351.265416791262,7351.265416791262,6675.256077604072,7318.325851027152,26719.445575436195
7506.845285236672,7506.845285236672,6941.789597664521,7258.162911839966,26719.445575436195
6872.843623837638,6872.843623837638,7154.51550737934,7262.127997005123,26719.445575436195
7036.195411787197,7036.195411787197,7478.603992281189,7266.498913978303,26719.445575436195
7447.445364730708,7447.445364730708,7803.672209365953,7244.501474567447,26719.445575436195
6930.662532213796,6930.662532213796,7674.327727159228,7228.241027284604,26719.445575436195
7305.426992493629,7305.426992493629,7193.269307592401,7224.191110967816,26719.445575436195
7052.634152153435,7052.634152153435,7122.037295028071,7153.03812400659,26719.445575436195
6971.225529520262,6971.225529520262,7075.207252846398,7147.542330387236,26719.445575436195
7324.018218503919,7324.018218503919,6971.455410108341,7106.3054397537435,26719.445575436195
6725.959889871106,6725.959889871106,6742.719515431723,7015.630641020436,26719.445575436195
7400.438572847446,7400.438572847446,6695.437582229005,7007.1649426946005,26719.445575436195
7653.366404711904,7653.366404711904,6689.695116501418,6978.17310132334,26719.445575436195
6992.955460364081,6992.955460364081,6359.120059426282,6964.234915591502,26719.445575436195
7098.703131036292,7098.703131036292,6247.792616568168,6978.7574799656395,26719.445575436195
7570.683512677184,7570.683512677184,6256.255114131798,6919.758084912472,26719.445575436195
6880.689909417078,6880.689909417078,6283.635369151563,6947.482022451931,26719.445575436195
7528.326092379786,7528.326092379786,6184.22769320139,6884.506609035623,26719.445575436195
7257.356089341453,7257.356089341453,6092.64885298614,6877.818513777123,26719.445575436195
7334.212706019883,7334.212706019883,6358.34218462731,6902.896770343562,26719.445575436195
7222.874003874748,7222.874003874748,6509.264033124721,6839.379551647161,26719.445575436195
7705.012908149075,7705.012908149075,6517.164723688685,6832.482695284432,26719.445575436195
7633.261378486662,7633.261378486662,6336.5712146621345,6761.306904925607,26719.445575436195
7486.680749713411,7486.680749713411,6309.005563615733,6706.348131525761,26719.445575436195
6876.317024633734,6876.317024633734,6284.218506835988,6710.590234493342,26719.445575436195
6949.571591240341,6949.571591240341,6206.988910169493,6684.921093942455,26719.445575436195
6873.564631661723,6873.564631661723,6048.537017961333,6731.757067467369,26719.445575436195
7181.00951664166,7181.00951664166,6380.818027551663,6682.46255483144,26719.445575436195
7360.063097813371,7360.063097813371,6582.179244002271,6704.843385955746,26719.445575436195
7102.2743301834535,7102.2743301834535,6403.872481610602,6674.250325173704,26719.445575436195
7353.295598376142,7353.295598376142,6397.69613118591,6660.797085962825,26719.445575436195
6906.620530999792,6906.620530999792,6441.044648551905,6632.407421077503,26719.445575436195
7030.042916952487,7030.042916952487,6404.997861274306,6595.856343165252,26719.445575436195
6930.24416040555,6930.24416040555,6740.28364788395,6604.15015483087,26719.445575436195
7565.736425377994,7565.736425377994,6916.856663007257,6640.815026874849,26719.445575436195
7071.370417089214,7071.370417089214,7629.942008470042,6763.76533481848,26719.445575436195
7129.958275141107,7129.958275141107,7597.876629972119,6743.179341724465,26719.445575436195
7078.53214394185,7078.53214394185,7889.969594060184,6825.872906808173,26719.445575436195
7163.141204457423,7163.141204457423,7726.729252194649,6778.988040324295,26719.445575436195
6962.931868954361,6962.931868954361,7905.615697973641,6782.43887812166,26719.445575436195
7519.208186163083,7519.208186163083,7984.996580601686,6861.9864675896215,26719.445575436195
7369.105130394619,7369.105130394619,7998.614778201954,6918.810266067213,26719.445575436195
7367.586685979102,7367.586685979102,8135.413732704457,6944.238686504332,26719.445575436195
7265.391996054036,7265.391996054036,7776.490102393553,6932.700673120142,26719.445575436195
7056.2797947749505,7056.2797947749505,7609.199953435597,6972.347989842592,26719.445575436195
7056.033952174942,7056.033952174942,7004.634404215375,6954.4296328291875,26719.445575436195
7817.028568800819,7817.028568800819,7143.216303148009,6853.306925565084,26719.445575436195
6979.754579843791,6979.754579843791,7064.024370828856,6928.215396134033,26719.445575436195
6761.165544885015,6761.165544885015,7293.1274234070925,6953.9784050873095,26719.445575436195
7145.199646636011,7145.199646636011,6935.817650193641,6915.020684902707,26719.445575436195
7228.726877311408,7228.726877311408,7141.4429061884875,6955.223833306506,26719.445575436195
7190.193552592768,7190.193552592768,7082.431579177588,6946.938662369827,26719.445575436195
7063.889346038759,7063.889346038759,7156.22802964226,6944.581190956915,26719.445575436195
7385.398333371659,7385.398333371659,7453.106710123056,6927.601216688515,26719.445575436195
7215.842399343923,7215.842399343923,7812.370064214867,6974.087560812376,26719.445575436195
7363.778330629164,7363.778330629164,8052.157934482003,7029.995674293743,26719.445575436195
7391.718225030134,7391.718225030134,8073.2749453191645,7029.308053110438,26719.445575436195
7592.94636740083,7592.94636740083,7900.631303099441,7083.934197748307,26719.445575436195
7254.504814117939,7254.504814117939,7962.186790253865,7131.374312568804,26719.445575436195
7140.023331380589,7140.023331380589,8187.085227547245,7158.146648390489,26719.445575436195
7333.2774009250015,7333.2774009250015,8070.1776251714855,7220.715455254458,26719.445575436195
7416.822976652226,7416.822976652226,8331.667079341805,7274.184561792386,26719.445575436195
7325.091238267511,7325.091238267511,7895.935686630012,7185.829304982633,26719.445575436195
7660.704453531761,7660.704453531761,7747.952001482241,7205.3676050997055,26719.445575436195
7104.507578974539,7104.507578974539,7385.155830372312,7201.5602035732045,26719.445575436195
7157.091353376472,7157.091353376472,7230.3530243587975,7224.81525633914,26719.445575436195
7262.997161046619,7262.997161046619,7247.053831848201,7221.991745649765,26719.445575436195
7539.098933180417,7539.098933180417,7146.557484451444,7276.400155998318,26719.445575436195
7318.030898402622,7318.030898402622,6975.7214941691955,7307.988840805416,26719.445575436195
6991.486052139488,6991.486052139488,7280.187181120038,7342.515647689033,26719.445575436195
6730.493455104784,6730.493455104784,7152.737676395003,7349.410183908514,26719.445575436195
7371.265998184224,7371.265998184224,7002.514446280851,7371.254506310821,26719.445575436195
7218.444741872554,7218.444741872554,7556.997302555401,7429.9145225612865,26719.445575436195
6953.971338214204,6953.971338214204,7658.461121962721,7475.258716769104,26719.445575436195
7147.838278076812,7147.838278076812,7530.509069608932,7450.818316127792,26719.445575436195
6742.685730319334,6742.685730319334,7704.654015498726,7524.348277404988,26719.445575436195
7532.700435486677,7532.700435486677,7930.30300111581,7598.344942280661,26719.445575436195
6964.996559274374,6964.996559274374,8341.690959905565,7668.5747424691,26719.445575436195
7518.2996184547865,7518.2996184547865,8351.155650498573,7661.784122104675,26719.445575436195
7415.219246442788,7415.219246442788,8044.038903284716,7670.548932023855,26719.445575436195
7340.27646797121,7340.27646797121,8210.204238686614,7711.911805408655,26719.445575436195
7236.845320377317,7236.845320377317,7792.930314591178,7641.631639518675,26719.445575436195
7362.832548500667,7362.832548500667,7820.892491500526,7713.093448606531,26719.445575436195
6811.778684396809,6811.778684396809,7695.82185789757,7666.366358771828,26719.445575436195
7247.127174961419,7247.127174961419,7831.091777660971,7633.665339058536,26719.445575436195
7024.139328608672,7024.139328608672,7329.846270654058,7464.329129841793,26719.445575436195
6856.655318804226,6856.655318804226,7132.479718608224,7505.265560007882,26719.445575436195
6747.417148322555,6747.417148322555,6910.358709529455,7472.652565562953,26719.445575436195
6847.242145890563,6847.242145890563,6907.463683354579,7497.931008336662,26719.445575436195
6936.012019104232,6936.012019104232,7186.928927826857,7526.8115779945,26719.445575436195
7492.067086001828,7492.067086001828,6881.572167880159,7491.226922864351,26719.445575436195
7395.840441953599,7395.840441953599,7258.299418551241,7493.568567588533,26719.445575436195
6860.234507788691,6860.234507788691,6883.281101685536,7462.666922402746,26719.445575436195
7493.845765963925,7493.845765963925,6924.568950464233,7495.982128385965,26719.445575436195
6860.425498241347,6860.425498241347,7407.577622400431,7593.340872851503,26719.445575436195
7325.564406676709,7325.564406676709,7373.036026504633,7538.009454299643,26719.445575436195
7639.2645426593745,7639.2645426593745,7245.970757297151,7525.816450837709,26719.445575436195
7101.417809568686,7101.417809568686,7375.703522525048,7534.988395902191,26719.445575436195
7337.565571258166,7337.565571258166,7517.7924296598985,7542.8640095872215,26719.445575436195
7260.095557503681,7260.095557503681,7262.433117776927,7592.134671511155,26719.445575436195
7233.67774233862,7233.67774233862,7632.722816645005,7589.482904955653,26719.445575436195
7314.116384067664,7314.116384067664,7610.5910339613065,7599.200458545278,26719.445575436195
7118.365144011494,7118.365144011494,7677.816158545783,7566.984548183452,26719.445575436195
7417.784827163203,7417.784827163203,7628.507458941551,7531.062278149662,26719.445575436195
6860.8210262371285,6860.8210262371285,7189.0116153628505,7468.669183081099,26719.445575436195
7087.728405312261,7087.728405312261,7417.440200674195,7411.065907538082,26719.445575436195
6777.130597536202,6777.130597536202,7558.210716537224,7422.8036050813225,26719.445575436195
7221.191441807732,7221.191441807732,7304.948472151258,7415.851829712554,26719.445575436195
7256.029128860853,7256.029128860853,7172.391105813443,7384.904872699138,26719.445575436195
7387.030785607469,7387.030785607469,7116.20884590896,7377.9593951834995,26719.445575436195
7121.370682994968,7121.370682994968,6957.749459530396,7366.997271827435,26719.445575436195
7143.5635222607725,7143.5635222607725,7144.568236637921,7361.780690004499,26719.445575436195
7261.550999036964,7261.550999036964,6983.682397125757,7384.533890282601,26719.445575436195
7681.474165542738,7681.474165542738,7002.20593740592,7381.9130653344,26719.445575436195
7143.786233088309,7143.786233088309,7144.52126791788,7420.542270590213,26719.445575436195
7598.9725582371875,7598.9725582371875,7073.4694577656,7379.689194219443,26719.445575436195
6947.474373414953,6947.474373414953,6978.548612829785,7369.102561277639,26719.445575436195
7185.501944903388,7185.501944903388,7266.84053810997,7439.90844044426,26719.445575436195
7603.18688053454,7603.18688053454,7527.143870252601,7495.18934791582,26719.445575436195
7052.334195783055,7052.334195783055,7350.062594386686,7391.934477836829,26719.445575436195
7368.945879267254,7368.945879267254,7148.645597238128,7366.178855996059,26719.445575436195
7044.424759649531,7044.424759649531,7033.103931448522,7367.898587038034,26719.445575436195
7107.40249158415,7107.40249158415,7275.893730365817,7328.313175844685,26719.445575436195
Average Episodic Reward,Average Episodic N-Reward,Avg Reward (last 10),Avg Reward (last 50),Best Reward
9676.20574328341,9676.20574328341,10974.151998407986,10974.151998407986,10974.151998407986
9641.025035489733,9641.025035489733,6913.41311301116,6913.41311301116,10974.151998407986
10365.171259195575,10365.171259195575,9486.315011661498,9486.315011661498,14632.118808962172
10076.011598944271,10076.011598944271,7885.491892797139,7885.491892797139,14632.118808962172
10027.175443827975,10027.175443827975,7981.050173916594,7981.050173916594,14632.118808962172
9994.757979592563,9994.757979592563,8438.807274596553,8438.807274596553,14632.118808962172
9488.776969894587,9488.776969894587,7867.481854835311,7867.481854835311,14632.118808962172
10430.285930735628,10430.285930735628,7289.113763398278,7289.113763398278,14632.118808962172
9531.93202257743,9531.93202257743,8430.45833838633,8430.45833838633,17561.214938290756
10095.252717235287,10095.252717235287,8301.52874157012,8301.52874157012,17561.214938290756
10435.604449626899,10435.604449626899,8873.442203720588,9064.415821419443,17561.214938290756
9845.46535748907,9845.46535748907,10118.204887021355,9584.072924686323,17561.214938290756
10237.679072607652,10237.679072607652,10273.3146109509,10091.699318807192,17561.214938290756
10977.754701036454,10977.754701036454,11304.297840697833,10327.496141297635,17561.214938290756
9947.871203648796,9947.871203648796,11918.285790842881,10605.873918534118,17561.214938290756
11651.26672943308,11651.26672943308,11247.612447371679,10194.310507581005,17561.214938290756
9503.710666752155,9503.710666752155,12936.08361299576,10849.012300812046,21324.240992508705
10992.874068024284,10992.874068024284,13373.134768473707,10669.125432884626,21324.240992508705
9942.810318284075,9942.810318284075,11979.397826096221,10298.321226654696,21324.240992508705
10643.662847202102,10643.662847202102,11899.96762345599,10100.748182513056,21324.240992508705
10047.340551380115,10047.340551380115,10960.735255843381,9967.425075907031,21324.240992508705
10418.954544729737,10418.954544729737,10181.01850710955,9855.411825787787,21324.240992508705
8761.476877472422,8761.476877472422,10054.99092868433,10075.739149188554,21324.240992508705
10333.24462132332,10333.24462132332,9319.307538483528,9907.417556791755,21324.240992508705
10833.8086428701,10833.8086428701,8169.404555058614,9631.286173143917,21324.240992508705
8925.208216573381,8925.208216573381,8976.28148829816,9725.837807856833,21324.240992508705
13534.632315146593,13534.632315146593,8647.317450100396,10033.569763511434,21324.240992508705
11131.087458586155,11131.087458586155,9720.861082618841,10330.459593503987,21324.240992508705
14654.442085171537,14654.442085171537,10471.322550151392,10357.97685544666,21324.240992508705
12280.131720851374,12280.131720851374,10930.05891811152,10377.185094379209,21324.240992508705
13374.116550299535,13374.116550299535,11334.532267984549,10408.427395932034,21324.240992508705
11678.688712870618,11678.688712870618,11435.065416271236,10349.053572813868,21324.240992508705
11243.590575266793,11243.590575266793,10854.509629824788,10311.730203926809,21324.240992508705
13507.066794279588,13507.066794279588,10951.136737496232,10214.39378641072,21324.240992508705
11304.530094368143,11304.530094368143,12230.089175309982,10373.801316619936,21324.240992508705
15187.09607961681,15187.09607961681,12508.332927338226,10498.753118823886,21324.240992508705
13284.841601829516,13284.841601829516,12046.069098646212,10577.488502737051,21324.240992508705
12558.0709361672,12558.0709361672,10800.388143509323,10454.125001400129,21324.240992508705
9558.128134171671,9558.128134171671,10476.431872477307,10388.34993673657,21324.240992508705
12687.351258465389,12687.351258465389,10736.766863903684,10467.080536760328,21324.240992508705
8350.455017523527,8350.455017523527,10112.989406603625,10336.369349754375,21324.240992508705
12009.881744524695,12009.881744524695,11192.797693139823,10549.94503003433,21324.240992508705
8928.395249156749,8928.395249156749,10558.024826973671,10369.00802324003,21324.240992508705
11608.411705588831,11608.411705588831,10852.025761055687,10359.310144284575,21324.240992508705
9680.765638524936,9680.765638524936,11219.197916929892,10561.667227799926,21324.240992508705
10652.157234117947,10652.157234117947,10587.196564908882,10517.97995492932,21324.240992508705
15181.910179127986,15181.910179127986,10685.291685851556,10600.425350208221,21324.240992508705
14763.128435736453,14763.128435736453,10744.56646816798,10514.6336403101,21324.240992508705
11015.413141140778,11015.413141140778,10960.40404552443,10505.09567322389,21324.240992508705
11341.697175320352,11341.697175320352,10228.201720844021,10419.304773577069,21324.240992508705
12983.199329252777,12983.199329252777,10926.969342115091,10441.733695253446,21324.240992508705
11599.309092902573,11599.309092902573,9783.100576073088,10542.037415923009,21324.240992508705
10443.03876400382,10443.03876400382,10436.967618779583,10435.561523042654,21324.240992508705
13997.731854200372,13997.731854200372,10678.97164672062,10621.14790489078,21324.240992508705
16848.07276065175,16848.07276065175,9372.984011302226,10581.99228988872,21324.240992508705
10688.764910633894,10688.764910633894,9158.119971433855,10495.50867987016,21324.240992508705
12049.44827212464,12049.44827212464,8406.481786833017,10544.24872688539,21324.240992508705
9584.867580042264,9584.867580042264,9226.317845904148,10773.053661734799,21324.240992508705
14875.432098324329,14875.432098324329,9312.447744324729,10640.000807714816,21324.240992508705
12716.891249436427,12716.891249436427,9392.646578676937,10637.52834099843,21324.240992508705
12467.598489354175,12467.598489354175,9180.715388602304,10503.188332229789,21324.240992508705
8360.359186909678,8360.359186909678,9470.060272014442,10412.408492921626,21324.240992508705
11496.847623718962,11496.847623718962,9286.415661514573,10238.181733155388,21324.240992508705
8136.494189165645,8136.494189165645,8738.285591495533,10107.945455050321,21324.240992508705
11020.736699827221,11020.736699827221,8966.930800477974,9991.721291815738,21324.240992508705
12959.087146016986,12959.087146016986,10176.220047904262,10281.230199976679,21324.240992508705
10817.890005763848,10817.890005763848,10177.542035327295,9992.540411351696,21324.240992508705
9717.677455180032,9717.677455180032,10153.928868467568,10129.212481733572,21324.240992508705
11517.91635204634,11517.91635204634,9665.506431949561,10177.222528885484,21324.240992508705
10282.812455434074,10282.812455434074,9242.464119568369,10106.027640220906,21324.240992508705
9858.620614384432,9858.620614384432,9112.98613614063,10133.63850828924,21324.240992508705
14087.243518839408,14087.243518839408,8888.72514511169,10153.949820522055,21324.240992508705
9910.31207376636,9910.31207376636,9625.259329171935,10152.23541325291,21324.240992508705
13077.618159416406,13077.618159416406,10229.667707071047,10290.017488767824,21324.240992508705
9673.707235110034,9673.707235110034,10433.423509466747,10444.525082697366,21324.240992508705
12297.77577511734,12297.77577511734,9108.234844564951,10307.620871230034,21324.240992508705
11771.888978661395,11771.888978661395,9356.456454757923,10134.368212283202,21324.240992508705
16479.595319236993,16479.595319236993,8782.068108748785,9941.453886959562,21324.240992508705
9669.781604817528,9669.781604817528,9783.468474633422,10039.65171378189,21324.240992508705
10548.469488173165,10548.469488173165,10751.989626841027,10070.413781966809,21324.240992508705
9449.281694489791,9449.281694489791,11160.961333030282,10098.924321298386,21324.240992508705
10568.169195034408,10568.169195034408,11373.388788703447,10141.614495008498,21324.240992508705
7819.3342737716075,7819.3342737716075,11024.96288461156,10186.326064210263,21324.240992508705
11140.20002636828,11140.20002636828,10263.700450925262,10152.530231453631,21324.240992508705
7714.146634710523,7714.146634710523,9971.659287637154,9992.839105162799,21324.240992508705
9889.221463645903,9889.221463645903,10431.180446601988,9892.190375082786,21324.240992508705
10509.47797265992,10509.47797265992,10218.46557748754,9768.847508051464,21324.240992508705
10224.738275552345,10224.738275552345,10004.993891305017,9782.375036518699,21324.240992508705
9792.836385073726,9792.836385073726,9076.344615436063,9759.63426237364,21324.240992508705
9701.161699219321,9701.161699219321,8584.83280051854,9640.026969289778,21324.240992508705
10384.433903100038,10384.433903100038,7928.342799432396,9661.994999864139,21324.240992508705
9914.979906114058,9914.979906114058,7513.542048237415,9405.763366028015,21324.240992508705
11058.576940125144,11058.576940125144,6768.304009439002,9428.381900703329,21324.240992508705
10938.922571990148,10938.922571990148,7127.06505447402,9407.538090137297,21324.240992508705
9897.85350586315,9897.85350586315,7181.943920404733,9185.388305857767,21324.240992508705
10165.275481807603,10165.275481807603,7017.875326070261,9178.326127315062,21324.240992508705
9542.352661704326,9542.352661704326,7479.735145734392,9127.736200028034,21324.240992508705
10879.782665432223,10879.782665432223,8051.021383005337,9243.66601948617,21324.240992508705
9413.551859457042,9413.551859457042,8630.220334699541,9293.597520208663,21324.240992508705
10477.128008691621,10477.128008691621,8477.404972060498,9289.867619533074,21324.240992508705
10021.190963356936,10021.190963356936,9077.492515538874,9292.099634548897,21324.240992508705
9456.712226115247,9456.712226115247,8959.746576296855,9241.092566072772,21324.240992508705
10772.17450762777,10772.17450762777,9208.190617102275,9182.626500367867,21324.240992508705
9417.168849913862,9417.168849913862,10000.281823754462,9271.800125544065,21324.240992508705
11355.45338307277,11355.45338307277,10334.265129886475,9377.644529574616,21324.240992508705
8426.934669789154,8426.934669789154,10247.484327534385,9396.19899853517,21324.240992508705
9586.737349335981,9586.737349335981,9606.611201938944,9367.762083049218,21324.240992508705
9733.041143392644,9733.041143392644,8890.83845523308,9176.570141351958,21324.240992508705
9931.624037819887,9931.624037819887,8311.142692585945,9093.336509860905,21324.240992508705
8907.157755773,8907.157755773,8469.498768554837,9105.238057508654,21324.240992508705
9526.520848727752,9526.520848727752,8308.00568638727,9117.55769410589,21324.240992508705
8730.026733858225,8730.026733858225,8553.7769764136,9057.835906952601,21324.240992508705
9852.506925463578,9852.506925463578,8626.684708422728,9050.6803097495,21324.240992508705
10548.165766078731,10548.165766078731,7911.763346839686,9106.495676612896,21324.240992508705
9720.004494670538,9720.004494670538,7205.517613142829,9025.361892107587,21324.240992508705
9905.917001191125,9905.917001191125,7277.351948363871,8816.425378627091,21324.240992508705
10051.452653168182,10051.452653168182,7781.200698383516,8888.493815660462,21324.240992508705
9876.77227213881,9876.77227213881,8105.283340965468,8766.841035851538,21324.240992508705
9182.10025364755,9182.10025364755,8826.296389633677,8925.494501397729,21324.240992508705
10164.179405805537,10164.179405805537,9228.133223869216,9102.371878368824,21324.240992508705
8351.488639551466,8351.488639551466,9062.78841221087,9107.518149319938,21324.240992508705
8593.655309170454,8593.655309170454,9307.73781531983,9141.63844099423,21324.240992508705
8890.983179057932,8890.983179057932,9752.163931265732,9076.06123016826,21324.240992508705
9602.160757681166,9602.160757681166,9073.771689006508,8875.316472999988,21324.240992508705
9796.631071317048,9796.631071317048,9138.615768019285,8766.400343818095,21324.240992508705
11329.954919685948,11329.954919685948,9160.002019452279,8826.778813604555,21324.240992508705
11090.624832463116,11090.624832463116,9218.54093381881,8860.91071147264,21324.240992508705
10168.71608809883,10168.71608809883,9748.630339306686,8960.153481963118,21324.240992508705
9570.798440713113,9570.798440713113,9029.63374851029,8774.727556173102,21324.240992508705
8237.08427582683,8237.08427582683,8914.227499999733,8734.819453000564,21324.240992508705
11287.969098192067,11287.969098192067,10121.672049296403,8899.660292573162,21324.240992508705
10307.85376300305,10307.85376300305,10431.215074489572,8953.203698151454,21324.240992508705
9941.046777388092,9941.046777388092,10253.570137179562,8921.78268068186,21324.240992508705
10963.78138366035,10963.78138366035,10863.488460534529,8995.274074921843,21324.240992508705
12223.276432179453,12223.276432179453,11504.102825530397,9072.889051396744,21324.240992508705
10218.547042222726,10218.547042222726,11627.975416742662,9066.137807632691,21324.240992508705
10787.039630584677,10787.039630584677,11595.303622557056,9136.278320486545,21324.240992508705
11335.40011322652,11335.40011322652,10925.202016542155,9144.195107010544,21324.240992508705
13140.306677335431,13140.306677335431,11268.44676762979,9213.147986611848,21324.240992508705
11459.335724462737,11459.335724462737,10641.498326314555,9146.152558159767,21324.240992508705
11814.139050126265,11814.139050126265,9286.574536458193,9171.306639978322,21324.240992508705
10541.00955144904,10541.00955144904,9189.140862892464,9288.323461082462,21324.240992508705
11032.74324588169,11032.74324588169,8885.020383959756,9345.125955586009,21324.240992508705
11609.297275691955,11609.297275691955,9487.859896233664,9467.43304327377,21324.240992508705
11813.839210700746,11813.839210700746,8731.123710183365,9382.725009352469,21324.240992508705
12212.173698112025,12212.173698112025,8894.130696930744,9441.388881804787,21324.240992508705
12527.114192860741,12527.114192860741,8413.25109111876,9322.981509563415,21324.240992508705
11908.456257029962,11908.456257029962,7953.747207105111,9124.7402718305,21324.240992508705
12174.05729362101,12174.05729362101,7863.841577566391,9059.87223518522,21324.240992508705
11589.435751773386,11589.435751773386,9384.854968637617,9327.642557475192,21324.240992508705
12725.386694990446,12725.386694990446,10396.914733302976,9435.191083531143,21324.240992508705
13525.752127892089,13525.752127892089,10164.915931353471,9529.357332093787,21324.240992508705
12937.964273423746,12937.964273423746,12162.789969214842,9936.045826008523,26719.445575436195
12980.352658352458,12980.352658352458,12017.308902501933,9870.838459023264,26719.445575436195
12970.338583773344,12970.338583773344,12544.883800986096,9824.848743572393,26719.445575436195
14799.982568850266,14799.982568850266,13296.440978876908,10051.180212073292,26719.445575436195
14036.184951385498,14036.184951385498,13677.354147915603,10137.13009875875,26719.445575436195
13636.68261022392,13636.68261022392,14628.581206781522,10272.288822140188,26719.445575436195
13959.150700956368,13959.150700956368,15043.60062969719,10406.363822607467,26719.445575436195
14277.091588506577,14277.091588506577,14184.080250005354,10470.558853765295,26719.445575436195
12797.130104637446,12797.130104637446,13430.904463488429,10459.770838951374,26719.445575436195
14180.405729439166,14180.405729439166,13808.38059025301,10580.278054861668,26719.445575436195
14182.646676961293,14182.646676961293,12116.909343672167,10634.090753058412,26719.445575436195
14471.2171167634,14471.2171167634,12681.806256920234,10824.847041039373,26719.445575436195
15864.487664043469,15864.487664043469,12867.8682830098,10957.31887754579,26719.445575436195
15365.147832045108,15365.147832045108,12031.342195826162,11001.97826156575,26719.445575436195
14810.794902334932,14810.794902334932,13296.494162801147,11240.188791642275,26719.445575436195
15606.629876871122,15606.629876871122,14103.142595266065,11471.860673000307,26719.445575436195
15123.225121307929,15123.225121307929,13644.154070220839,11369.9353587249,26719.445575436195
15795.74882433684,15795.74882433684,14830.86543954208,11591.105296899867,26719.445575436195
15058.903710943996,15058.903710943996,15116.0043067527,11670.414017859739,26719.445575436195
14874.856527277983,14874.856527277983,15714.943727157119,11861.719237229125,26719.445575436195
16023.478073523971,16023.478073523971,16362.945660997028,11956.247099004671,26719.445575436195
14199.232258652211,14199.232258652211,16461.6026916506,12302.413241568194,26719.445575436195
14910.384721349667,14910.384721349667,16509.967703448343,12431.589264631599,26719.445575436195
15330.880303090513,15330.880303090513,17566.94848278944,12683.367554233182,26719.445575436195
14865.105852713532,14865.105852713532,17456.583104180136,12887.79722571454,26719.445575436195
14703.688887120858,14703.688887120858,17082.690450515016,12938.672695241974,26719.445575436195
14314.981926792869,14314.981926792869,17768.67405277156,13117.743419577151,26719.445575436195
15881.469405725064,15881.469405725064,17773.399618413525,13362.939720582624,26719.445575436195
14005.450704634548,14005.450704634548,17876.072789087008,13221.29416581786,26719.445575436195
14515.323643602918,14515.323643602918,17618.259141471754,13299.128050625563,26719.445575436195
15241.3887779283,15241.3887779283,17420.212082228845,13389.57548801453,26719.445575436195
14784.762134008406,14784.762134008406,17423.410358527217,13614.397621166732,26719.445575436195
15181.947900374045,15181.947900374045,17201.832897316715,13571.135278988868,26719.445575436195
15141.580281956842,15141.580281956842,16889.37773328773,13735.648017542195,26719.445575436195
13999.548379812471,13999.548379812471,15857.018013185774,13740.140103840284,26719.445575436195
16140.443597423584,16140.443597423584,15505.599628699114,13854.752217673364,26719.445575436195
13640.610034884689,13640.610034884689,15328.81327112899,13929.816720276995,26719.445575436195
16284.913291703218,16284.913291703218,14165.226350954787,14067.685325510673,26719.445575436195
15273.258649127283,15273.258649127283,14089.172517927746,14181.813762111773,26719.445575436195
15409.531249212603,15409.531249212603,14168.211931624459,14294.942264371964,26719.445575436195
14962.080861414897,14962.080861414897,13519.41368834665,14316.454148891908,26719.445575436195
14693.316356444933,14693.316356444933,12362.734840018082,14189.372609923616,26719.445575436195
14790.544047894464,14790.544047894464,12235.980690467088,14272.106675045608,26719.445575436195
14309.313099309746,14309.313099309746,12167.938598057182,14390.409597767484,26719.445575436195
15212.394395977764,15212.394395977764,11930.313366490485,14443.552558914627,26719.445575436195
14425.950993613937,14425.950993613937,11269.557233019576,14517.914222856258,26719.445575436195
14130.43467145415,14130.43467145415,11442.1956102405,14645.487526811816,26719.445575436195
14633.273854830824,14633.273854830824,12258.759288269594,14642.466189437066,26719.445575436195
13399.74216997393,13399.74216997393,12269.117788486557,14556.254373148484,26719.445575436195
13796.34089409017,13796.34089409017,11574.404855040644,14576.840049109396,26719.445575436195
13984.14261204461,13984.14261204461,11613.829260127577,14206.662007074452,26719.445575436195
13542.842920406763,13542.842920406763,12292.298520566615,14244.370533536548,26719.445575436195
13162.813516352348,13162.813516352348,13785.553211543787,14520.240557157145,26719.445575436195
13730.802910626975,13730.802910626975,13958.270616262653,14522.775525244633,26719.445575436195
13521.800919061852,13521.800919061852,14274.51428578662,14562.98458648883,26719.445575436195
13394.02309926423,13394.02309926423,15025.222687342091,14597.242518968373,26719.445575436195
12468.645702860085,12468.645702860085,15253.300144932009,14687.42742985878,26719.445575436195
14133.049717142447,14133.049717142447,14829.19446141122,14771.489031718243,26719.445575436195
14062.517804124924,14062.517804124924,14659.341398664128,14801.941760183629,26719.445575436195
14645.038113295195,14645.038113295195,15281.494548612227,14871.462840781242,26719.445575436195
14303.705961651276,14303.705961651276,15602.428659278317,14903.765870195683,26719.445575436195
14166.154953596917,14166.154953596917,15469.207552595035,14801.850792671512,26719.445575436195
13810.38529494667,13810.38529494667,14335.972968944707,14813.86149434413,26719.445575436195
13451.707880130954,13451.707880130954,13645.31053954038,14845.569193987476,26719.445575436195
12959.665622802391,12959.665622802391,13661.018285658865,14635.889411060372,26719.445575436195
13941.367977300974,13941.367977300974,13765.536113973914,14529.721222709939,26719.445575436195
14160.012391650707,14160.012391650707,13111.43021666701,14580.882659148012,26719.445575436195
13355.297840942536,13355.297840942536,13385.671197034646,14482.450183216752,26719.445575436195
14015.77066271106,14015.77066271106,13374.682250636066,14453.677348960298,26719.445575436195
13332.045663717852,13332.045663717852,13059.298869338152,14340.333869217446,26719.445575436195
12990.072213345034,12990.072213345034,13188.955082741164,14268.96775454451,26719.445575436195
13432.312414951215,13432.312414951215,13472.00579369659,14203.931413080709,26719.445575436195
12983.206797742623,12983.206797742623,13052.648858822313,14122.397725418923,26719.445575436195
12842.91758363254,12842.91758363254,13632.496096145056,14058.678716658598,26719.445575436195
12146.453060513044,12146.453060513044,13534.544613272981,13851.481712878945,26719.445575436195
12797.711195855412,12797.711195855412,13563.664820452963,13825.91609669753,26719.445575436195
13713.086841380671,13713.086841380671,13110.53783000253,13649.255414594209,26719.445575436195
14086.157722552018,14086.157722552018,12479.217362346546,13423.613732003356,26719.445575436195
13057.040613274841,13057.040613274841,12248.214408249547,13328.105672792804,26719.445575436195
12636.017113450707,12636.017113450707,12372.180005789287,13291.118042080956,26719.445575436195
13548.976010713866,13548.976010713866,12421.494650915818,13269.224268281905,26719.445575436195
12453.496098838064,12453.496098838064,11508.00898724123,13020.851138823513,26719.445575436195
12318.744159383989,12318.744159383989,11626.297214352078,13007.290588825997,26719.445575436195
12891.708269385686,12891.708269385686,10764.216126718833,12833.646395344822,26719.445575436195
13501.38248695908,13501.38248695908,11168.691007748173,12913.816311791423,26719.445575436195
13209.728339387286,13209.728339387286,11653.684158295295,13055.533002616768,26719.445575436195
11637.610042718004,11637.610042718004,12353.25020451043,13054.142801270495,26719.445575436195
12973.086833970838,12973.086833970838,12385.00626819401,13067.569715451202,26719.445575436195
12159.845219531107,12159.845219531107,13023.317101841447,13114.934589575547,26719.445575436195
12531.615896948757,12531.615896948757,12510.674520865914,12959.610559929246,26719.445575436195
12631.772992190803,12631.772992190803,11903.964779948972,12946.13448660237,26719.445575436195
12443.358224510484,12443.358224510484,12735.618378357583,13095.427846491411,26719.445575436195
12073.197034624893,12073.197034624893,12526.668194125117,13065.4280895576,26719.445575436195
12596.996768319123,12596.996768319123,12514.473807854596,12902.953437304304,26719.445575436195
12608.125494070666,12608.125494070666,12013.007113894913,12930.35506127231,26719.445575436195
12331.234742917539,12331.234742917539,10697.135364281788,12941.04862886921,26719.445575436195
11823.910978741169,11823.910978741169,10286.12153043722,12822.927985309841,26719.445575436195
12597.766683462443,12597.766683462443,10116.670637522653,12639.151985301816,26719.445575436195
12595.52670863062,12595.52670863062,9749.652818867358,12611.041595651708,26719.445575436195
11808.292446512378,11808.292446512378,10083.971464340366,12661.523881789191,26719.445575436195
12456.989914683161,12456.989914683161,10461.235933752585,12715.615821327374,26719.445575436195
13091.589184106137,13091.589184106137,9632.8642909566,12563.541000569408,26719.445575436195
12156.956197373396,12156.956197373396,10193.581909754936,12347.03382919983,26719.445575436195
12694.032623008947,12694.032623008947,10425.883282161896,12196.475970484153,26719.445575436195
11786.520853138318,11786.520853138318,10404.89203355821,12156.430610826628,26719.445575436195
11521.897478006014,11521.897478006014,11189.466542395003,12173.897399879794,26719.445575436195
11213.226295892106,11213.226295892106,11843.118129029217,12140.891582129283,26719.445575436195
12163.060945321075,12163.060945321075,12202.138256314161,12113.740744282402,26719.445575436195
11864.774239292929,11864.774239292929,12115.29699168835,12102.232714256552,26719.445575436195
12059.354973525307,12059.354973525307,11759.919296713739,11957.208831409489,26719.445575436195
11498.632528807992,11498.632528807992,11859.681187570386,11967.066326985785,26719.445575436195
11961.40836791391,11961.40836791391,12229.00009426227,11915.499508902856,26719.445575436195
10779.273160044198,10779.273160044198,11999.270155886421,11879.693266588174,26719.445575436195
10884.665222686592,10884.665222686592,11781.988184358614,11823.811499447802,26719.445575436195
11068.184671318751,11068.184671318751,11601.116783760936,11744.450310447044,26719.445575436195
11441.607359598775,11441.607359598775,10763.460239453218,11573.482224975654,26719.445575436195
11745.156894101003,11745.156894101003,10337.277693008004,11586.06107739748,26719.445575436195
10348.905960613836,10348.905960613836,9469.8212685496,11330.570758585394,26719.445575436195
10775.400759000333,10775.400759000333,10238.373068482226,11474.970877825788,26719.445575436195
10830.151005070109,10830.151005070109,10060.026929940334,11357.354443529928,26719.445575436195
11409.465985929459,11409.465985929459,9686.052017776341,11266.485713992823,26719.445575436195
11799.379503566604,11799.379503566604,9273.204801722191,11075.739310507975,26719.445575436195
10168.73298028391,10168.73298028391,8784.472518278284,11026.057998479368,26719.445575436195
10775.866229823754,10775.866229823754,8760.97166213578,10849.506612645944,26719.445575436195
10388.735318151841,10388.735318151841,9074.640843726704,10852.469556537788,26719.445575436195
10573.659510589927,10573.659510589927,9797.538915781286,10820.257044041318,26719.445575436195
11080.478227805555,11080.478227805555,9292.340209715263,10822.421553340026,26719.445575436195
10261.68506328665,10261.68506328665,9578.806301336337,10750.488546383353,26719.445575436195
10688.553468457723,10688.553468457723,8384.834126793203,10702.294821534517,26719.445575436195
9437.83854760709,9437.83854760709,8718.925412133513,10626.703524798771,26719.445575436195
10203.325322111623,10203.325322111623,8916.335845009917,10565.45395281164,26719.445575436195
10422.61079219402,10422.61079219402,9707.40492184067,10715.618497427866,26719.445575436195
10118.948494190161,10118.948494190161,10116.362005757685,10724.070956760488,26719.445575436195
11331.588682622789,11331.588682622789,10899.687181204092,10876.600823542998,26719.445575436195
10663.412483548082,10663.412483548082,10826.592606912094,10784.04987637057,26719.445575436195
10022.313709303584,10022.313709303584,10375.486427053682,10564.617497792997,26719.445575436195
10814.395709394208,10814.395709394208,10835.970468766916,10518.965606191327,26719.445575436195
9995.350942128589,9995.350942128589,10744.625512161654,10422.41239517688,26719.445575436195
9811.668394771295,9811.668394771295,11529.529118951757,10403.537224956579,26719.445575436195
9739.344756567947,9739.344756567947,11086.87944525728,10341.944509677047,26719.445575436195
9898.368100701122,9898.368100701122,11111.009790563006,10406.862954934448,26719.445575436195
9788.684357030685,9788.684357030685,10234.3212178036,10215.359065317067,26719.445575436195
10313.86091918817,10313.86091918817,10157.41079032618,10250.2194760007,26719.445575436195
9892.093127209493,9892.093127209493,9390.1786683612,10251.741795644315,26719.445575436195
9788.533737919626,9788.533737919626,9584.243806461105,10298.29721488381,26719.445575436195
9839.94481966037,9839.94481966037,9756.952420839507,10376.58090910454,26719.445575436195
9553.778692687943,9553.778692687943,9798.960098758072,10421.533319855494,26719.445575436195
9489.902698778656,9489.902698778656,10026.929882437606,10404.464244159872,26719.445575436195
9093.791644869103,9093.791644869103,9033.795001302062,10260.365661443519,26719.445575436195
9695.720645321642,9695.720645321642,9137.350992540627,10152.620415317097,26719.445575436195
8837.651644174837,8837.651644174837,9525.502288920277,10219.716225967983,26719.445575436195
8500.00295886358,8500.00295886358,9588.302364753934,10206.446680076531,26719.445575436195
9733.04068828721,9733.04068828721,9627.020587753188,10136.907211600352,26719.445575436195
8348.346547161991,8348.346547161991,9843.246453872805,10135.2144299865,26719.445575436195
9354.389782256068,9354.389782256068,9477.647098113745,10112.848227794917,26719.445575436195
9630.043232990345,9630.043232990345,9435.418770935017,10025.771354812543,26719.445575436195
8437.717834402374,8437.717834402374,9171.72959941423,9887.255613932497,26719.445575436195
8556.448702630696,8556.448702630696,9157.23518076129,9795.483629049297,26719.445575436195
8983.296812844224,8983.296812844224,9956.849000590739,9828.676063223997,26719.445575436195
8063.340172030247,8063.340172030247,9719.458927741687,9744.528341522688,26719.445575436195
7800.3009801418575,7800.3009801418575,9326.851277105827,9713.150243875074,26719.445575436195
8352.671830583167,8352.671830583167,9488.64703027219,9658.376067278517,26719.445575436195
9570.426603797117,9570.426603797117,9143.753300832916,9565.803840589651,26719.445575436195
7817.514380654404,7817.514380654404,8371.537424097412,9453.12427793426,26719.445575436195
8215.29176397063,8215.29176397063,8143.879901939266,9421.400851430582,26719.445575436195
8281.283917355202,8281.283917355202,7667.123119862309,9406.50393089436,26719.445575436195
7664.7501657469875,7664.7501657469875,7450.133600649991,9309.826795460895,26719.445575436195
8197.689612663697,8197.689612663697,7304.4744390704145,9362.414263153461,26719.445575436195
8118.463712344649,8118.463712344649,7171.2242789975735,9215.246305327066,26719.445575436195
8930.112213147768,8930.112213147768,7258.884634845485,9184.29988250372,26719.445575436195
8246.980555459513,8246.980555459513,6984.516126353458,9172.843065590496,26719.445575436195
8550.860242493256,8550.860242493256,7395.952525924431,9282.925612118966,26719.445575436195
8208.7619170712,8208.7619170712,7743.64799465316,9357.638935864627,26719.445575436195
8249.320680391113,8249.320680391113,8156.577850234292,9332.245515553961,26719.445575436195
8141.084804048648,8141.084804048648,8378.001997182078,9282.073082121657,26719.445575436195
7971.729135061881,7971.729135061881,8788.111113331404,9204.618370404385,26719.445575436195
8060.748960631447,8060.748960631447,8625.710243851754,9176.500802288192,26719.445575436195
8210.986767074544,8210.986767074544,8797.853443257041,9206.223691537602,26719.445575436195
8032.41646811823,8032.41646811823,8561.147272483413,9250.508934465108,26719.445575436195
8042.4322351586015,8042.4322351586015,8644.353401230343,9169.385480323084,26719.445575436195
8044.592980339575,8044.592980339575,8734.199290395763,9136.415754667665,26719.445575436195
7872.4104751146115,7872.4104751146115,8383.647930911055,9018.174213933042,26719.445575436195
8143.040508692202,8143.040508692202,8124.103173386832,8959.187169390454,26719.445575436195
7470.04449574205,7470.04449574205,8052.906558164801,8762.889390946102,26719.445575436195
7989.7882920196025,7989.7882920196025,8081.150299444041,8732.984620628047,26719.445575436195
7341.174114863928,7341.174114863928,7847.503352474931,8699.021755488633,26719.445575436195
7832.354538172214,7832.354538172214,7968.661159265439,8603.038940387896,26719.445575436195
8074.092859984847,8074.092859984847,7825.141998075409,8622.326988720351,26719.445575436195
7572.877453331025,7572.877453331025,7732.98370733303,8491.199852141362,26719.445575436195
7606.1719272692235,7606.1719272692235,7808.694042807969,8513.74839983322,26719.445575436195
7580.649733495084,7580.649733495084,7888.22662461662,8491.859121478388,26719.445575436195
7603.804878817626,7603.804878817626,7810.826319353767,8533.475234243077,26719.445575436195
7896.5242631765195,7896.5242631765195,7729.724064681062,8473.64982426143,26719.445575436195
7866.40003250065,7866.40003250065,7884.624779874178,8461.778613248698,26719.445575436195
8228.125884416035,8228.125884416035,7337.146809215641,8283.565221178955,26719.445575436195
7771.029641023388,7771.029641023388,7417.1290420122705,8231.057079723185,26719.445575436195
7096.302358767133,7096.302358767133,7307.052120406316,8104.657344717545,26719.445575436195
8160.564056871136,8160.564056871136,7068.583016944276,8030.657615621686,26719.445575436195
7200.352112487879,7200.352112487879,6631.852803230455,8010.811412527042,26719.445575436195
7418.344250256951,7418.344250256951,6277.8463232929325,7941.847465983683,26719.445575436195
7731.214829253792,7731.214829253792,5600.74000310571,7706.906664315474,26719.445575436195
7620.864389718078,7620.864389718078,5323.736646862255,7680.562090664739,26719.445575436195
7419.38915460714,7419.38915460714,5626.636882539211,7673.573083218637,26719.445575436195
7549.097111842339,7549.097111842339,5383.903101955484,7569.909942865234,26719.445575436195
7764.010441476293,7764.010441476293,5419.166663598042,7471.869134275813,26719.445575436195
7582.5135326077325,7582.5135326077325,5530.480096831539,7450.069344902491,26719.445575436195
7525.0331044454015,7525.0331044454015,5629.919996498966,7396.295424134494,26719.445575436195
7370.609773711131,7370.609773711131,6018.209244991128,7402.852428467656,26719.445575436195
7632.7600620063195,7632.7600620063195,7095.260543286166,7438.493721066127,26719.445575436195
7635.527963386929,7635.527963386929,7866.622964153414,7571.2802732660275,26719.445575436195
7336.262578819412,7336.262578819412,8460.12740110633,7533.5618891155755,26719.445575436195
7523.7077564898555,7523.7077564898555,8859.61214631888,7554.755113874079,26719.445575436195
7838.3372093570615,7838.3372093570615,8828.694396380033,7610.561302328061,26719.445575436195
7306.500580140805,7306.500580140805,9143.562159708748,7724.314889987502,26719.445575436195
7499.531622554799,7499.531622554799,9498.438269201333,7742.780807728227,26719.445575436195
7554.435153685266,7554.435153685266,9613.243753018513,7839.293471533733,26719.445575436195
7405.306884017104,7405.306884017104,9432.316298709758,7792.731963746448,26719.445575436195
7722.21120886317,7722.21120886317,9195.033418540603,7780.964224361691,26719.445575436195
7109.049945622482,7109.049945622482,8681.471360425388,7740.54313735169,26719.445575436195
7165.134283580005,7165.134283580005,8093.217917707283,7738.146929838387,26719.445575436195
7433.139943799823,7433.139943799823,7895.067444982774,7715.672152841439,26719.445575436195
6897.987186895793,6897.987186895793,7736.091266381484,7622.782861965488,26719.445575436195
6905.104966437245,6905.104966437245,7684.680701011863,7598.7678435998005,26719.445575436195
6550.70156812843,6550.70156812843,7498.980158614499,7592.795351663542,26719.445575436195
7071.120830747548,7071.120830747548,7468.924930638494,7560.965394419511,26719.445575436195
7197.039734008993,7197.039734008993,7015.946711360899,7484.860591139631,26719.445575436195
7557.416958930482,7557.416958930482,7048.039516193028,7477.197818214701,26719.445575436195
7171.395536458043,7171.395536458043,7064.860399581897,7434.365615626663,26719.445575436195
7122.3360057642285,7122.3360057642285,6880.910658277047,7404.495814510418,26719.445575436195
7443.182130901558,7443.182130901558,6941.78981044516,7397.634211681351,26719.445575436195
6998.139393387921,6998.139393387921,6723.124561168375,7313.457206995962,26719.445575436195
7129.308990091214,7129.308990091214,6416.273923726697,7229.308060528618,26719.445575436195
6671.194612751779,6671.194612751779,6106.640444248619,7195.275297772159,26719.445575436195
6895.854297049868,6895.854297049868,6041.743088477302,7190.562657726043,26719.445575436195
7116.787323040541,7116.787323040541,6245.410893731566,7193.817513277016,26719.445575436195
6888.003011965894,6888.003011965894,6338.615059207208,7183.082932486087,26719.445575436195
6724.049288758526,6724.049288758526,6503.482065556322,7184.161999472878,26719.445575436195
7054.495195467176,7054.495195467176,6683.0976659539865,7205.956749202379,26719.445575436195
7204.898057825261,7204.898057825261,6831.61476998756,7224.2220270413245,26719.445575436195
7068.778435215761,7068.778435215761,6722.841709835031,7180.463745086765,26719.445575436195
6695.227708832001,6695.227708832001,7038.935508065673,7143.5989836857725,26719.445575436195
6674.839194853583,6674.839194853583,7121.188661736256,7091.380529005114,26719.445575436195
7690.499175917048,7690.499175917048,7698.393869461358,7189.009258728217,26719.445575436195
6511.902801705712,6511.902801705712,7959.846686311352,7205.607039013477,26719.445575436195
7549.758670216974,7549.758670216974,7821.192118996286,7290.626575233145,26719.445575436195
7290.5758621539235,7290.5758621539235,7796.005420472544,7258.858208178142,26719.445575436195
7059.042443787484,7059.042443787484,8230.377254609815,7368.827026313578,26719.445575436195
6863.746382888482,6863.746382888482,8793.84108064775,7551.008361943072,26719.445575436195
7301.870148159494,7301.870148159494,8512.257238621853,7600.302914119601,26719.445575436195
6760.336420498153,6760.336420498153,8791.461143332446,7683.186709094665,26719.445575436195
6592.586229508223,6592.586229508223,8691.463783180785,7761.743739700788,26719.445575436195
6830.221972644634,6830.221972644634,8346.035226697275,7695.840244972118,26719.445575436195
7356.349762487799,7356.349762487799,7852.011884563211,7634.084259133016,26719.445575436195
7134.85132088196,7134.85132088196,8090.160940703332,7746.858606763046,26719.445575436195
7126.958449486876,7126.958449486876,7871.827233871195,7781.158689287774,26719.445575436195
7231.842469362451,7231.842469362451,7645.7017635715965,7681.902541526152,26719.445575436195
7227.922629921885,7227.922629921885,7247.921217238647,7692.427270461515,26719.445575436195
7224.8329721207065,7224.8329721207065,6820.937688215793,7711.554050588006,26719.445575436195
6817.615794885284,6817.615794885284,6991.55689653164,7579.562184768699,26719.445575436195
6787.35081751921,6787.35081751921,6772.201320165307,7464.302380297046,26719.445575436195
6945.471410285028,6945.471410285028,6772.110363374872,7424.140332154497,26719.445575436195
6934.540295732741,6934.540295732741,7285.554755013751,7381.028766711092,26719.445575436195
6596.852331469828,6596.852331469828,7134.061833426109,7295.157746542232,26719.445575436195
6637.8575716564255,6637.8575716564255,6850.217115778969,7288.18959797709,26719.445575436195
7291.504626588454,7291.504626588454,6830.63842356359,7247.598720160226,26719.445575436195
6479.684306243513,6479.684306243513,7396.547128633023,7238.563216649054,26719.445575436195
6901.061942630885,6901.061942630885,7328.19621321078,7271.603253361719,26719.445575436195
7138.726581602982,7138.726581602982,6745.493629555463,7221.646092790977,26719.445575436195
7193.973214229553,7193.973214229553,6728.223680971302,7188.912648877881,26719.445575436195
7056.20883853778,7056.20883853778,6680.328995855652,7181.724595926719,26719.445575436195
7126.902638746088,7126.902638746088,6814.315347152075,7207.989912588357,26719.445575436195
7345.627903108576,7345.627903108576,6782.288877273628,7190.268288889521,26719.445575436195
7357.506620339478,7357.506620339478,7026.7363345665635,7163.568873253172,26719.445575436195
6978.911108935036,6978.911108935036,6930.580963929684,7174.509759040128,26719.445575436195
7076.961127252343,7076.961127252343,7116.340791157188,7177.081892263965,26719.445575436195
6915.860504730693,6915.860504730693,6930.211771833485,7221.416228743573,26719.445575436195
6956.20968644139,6956.20968644139,7298.804600188018,7321.7562701607185,26719.445575436195
6962.291075110333,6962.291075110333,7564.29946711502,7321.533906297602,26719.445575436195
6867.987035121533,6867.987035121533,7434.799143331815,7299.6903458888355,26719.445575436195
7034.864164209023,7034.864164209023,7516.095565451304,7296.585746927949,26719.445575436195
7130.030112498405,7130.030112498405,7691.021556429039,7401.569311640491,26719.445575436195
7171.793832523349,7171.793832523349,7519.834725669438,7410.9804492780695,26719.445575436195
6899.459215305967,6899.459215305967,7480.986858999476,7438.438156203343,26719.445575436195
7060.254975792749,7060.254975792749,7478.096340003994,7461.780409345465,26719.445575436195
7005.977612530626,7005.977612530626,7388.436705469261,7405.687054611505,26719.445575436195
6721.38808675998,6721.38808675998,7164.3560862884815,7386.564434159825,26719.445575436195
6811.020063707399,6811.020063707399,6885.751039057628,7398.2100648609785,26719.445575436195
6899.388028445865,6899.388028445865,6896.411059612535,7364.196585029313,26719.445575436195
6711.786693080911,6711.786693080911,6950.335695117127,7323.434530914749,26719.445575436195
6427.442857107796,6427.442857107796,6716.047970446742,7295.226999050289,26719.445575436195
7101.029948665706,7101.029948665706,6661.261906731537,7326.034591373662,26719.445575436195
6933.981110397844,6933.981110397844,6784.281256549766,7343.598968240771,26719.445575436195
6839.9172713703465,6839.9172713703465,6559.237423745,7210.606867060073,26719.445575436195
7398.71836030727,7398.71836030727,6746.624838895106,7219.136039862218,26719.445575436195
7048.246799395483,7048.246799395483,6700.5849822887085,7181.565627269988,26719.445575436195
7230.67680616219,7230.67680616219,6969.30157253738,7221.223664572792,26719.445575436195
7352.944247638403,7352.944247638403,6976.757628512614,7147.486139641538,26719.445575436195
6894.621110965299,6894.621110965299,7029.820381142451,7011.392445128253,26719.445575436195
7090.984247350494,7090.984247350494,7200.518258565802,7061.086734903537,26719.445575436195
6982.862363924582,6982.862363924582,7279.612323804324,6992.8572351446655,26719.445575436195
7291.639894272811,7291.639894272811,7355.663812260874,7058.874597189681,26719.445575436195
7121.732965336043,7121.732965336043,7030.132824970552,7080.418487895428,26719.445575436195
7163.8968804642245,7163.8968804642245,7318.181298933169,7103.840749934065,26719.445575436195
6871.999834558706,6871.999834558706,6770.394333829859,6955.182718487522,26719.445575436195
7061.9751794227595,7061.9751794227595,6750.312024972658,6957.262585490281,26719.445575436195
7038.747894675684,7038.747894675684,6781.575783669716,7048.398468592419,26719.445575436195
6612.491204076501,6612.491204076501,6611.880670013292,7020.278030196467,26719.445575436195
7273.299859699074,7273.299859699074,6688.508801512459,6984.906667787586,26719.445575436195
7376.8347047207535,7376.8347047207535,6310.103131332095,6924.795981863629,26719.445575436195
6924.592827673869,6924.592827673869,6314.356438742175,6901.288258860039,26719.445575436195
6940.927903875079,6940.927903875079,5839.244362114938,6872.301396937692,26719.445575436195
7292.973794259945,7292.973794259945,6144.138298059425,6852.135196504562,26719.445575436195
7056.943473382276,7056.943473382276,6369.576063095375,6950.943595867916,26719.445575436195
7151.562594638585,7151.562594638585,6456.38639304107,6876.416573939943,26719.445575436195
7054.204456312733,7054.204456312733,6862.317878846348,6963.598476546833,26719.445575436195
6932.556005162739,6932.556005162739,6804.284639530315,6929.945970771874,26719.445575436195
6659.211739165592,6659.211739165592,7011.271665402955,6956.893120634901,26719.445575436195
6962.376013494159,6962.376013494159,6553.0534118115265,6946.418624238798,26719.445575436195
7023.5674160349645,7023.5674160349645,6767.337089162657,6932.6186635019,26719.445575436195
6901.3858134510265,6901.3858134510265,7137.930677447072,6992.808595178323,26719.445575436195
7162.6718467626,7162.6718467626,7173.42435707928,6944.123198923135,26719.445575436195
7801.811183064389,7801.811183064389,7540.865225687022,7003.85046618724,26719.445575436195
6863.5056203606155,6863.5056203606155,7481.7546323049055,7041.947255415585,26719.445575436195
7379.03162271259,7379.03162271259,7878.794039959226,7066.05918914585,26719.445575436195
7133.074173995243,7133.074173995243,7860.2288313178115,7112.376084578958,26719.445575436195
7596.541069385143,7596.541069385143,7740.868822749457,7092.07738095507,26719.445575436195
7296.280813580956,7296.280813580956,7613.3360917778,7019.799418952857,26719.445575436195
7294.9580772146455,7294.9580772146455,8064.935726604848,7046.5458761367645,26719.445575436195
7203.277077435627,7203.277077435627,8027.501969101296,7051.159228655795,26719.445575436195
6984.998165156972,6984.998165156972,7856.264029879656,7060.8422880639955,26719.445575436195
7099.538102807796,7099.538102807796,8256.1955654653,7057.1580007303855,26719.445575436195
6953.991861150846,6953.991861150846,7950.427427955836,7089.96900664452,26719.445575436195
7083.631125165194,7083.631125165194,8109.469594910338,7167.643802597757,26719.445575436195
6907.1392878164515,6907.1392878164515,7870.440051360286,7144.527931417109,26719.445575436195
7272.863473447244,7272.863473447244,7576.512589577204,7149.991261400545,26719.445575436195
7339.494802027362,7339.494802027362,7798.6698259924615,7218.940128895865,26719.445575436195
7271.958264874298,7271.958264874298,7667.180811730985,7176.08537348753,26719.445575436195
7003.569301269417,7003.569301269417,7526.885268056218,7172.640717825502,26719.445575436195
7230.733669824359,7230.733669824359,7441.267936036699,7149.345676839709,26719.445575436195
7442.78888249379,7442.78888249379,7375.3855316782165,7192.709800310288,26719.445575436195
6579.914251897994,6579.914251897994,7390.519479991097,7203.009515382299,26719.445575436195
6957.917591817362,6957.917591817362,7390.575960739525,7211.227947482473,26719.445575436195
6757.821473836854,6757.821473836854,7420.902196650798,7339.976757178916,26719.445575436195
7219.056593662215,7219.056593662215,7598.439483944448,7314.890860426978,26719.445575436195
7151.107296075298,7151.107296075298,7625.054734197469,7334.885211782298,26719.445575436195
6896.234627440538,6896.234627440538,7381.173865019572,7301.314587392304,26719.445575436195
7086.219956765608,7086.219956765608,7127.1617928841315,7206.166206361833,26719.445575436195
6933.747249148155,6933.747249148155,7391.0382985725855,7244.884301311527,26719.445575436195
7371.210139479666,7371.210139479666,7447.054883109153,7198.65300174838,26719.445575436195
7133.186533716619,7133.186533716619,7547.104707459885,7246.208277041401,26719.445575436195
7200.698533956614,7200.698533956614,7290.608459607583,7189.998444851639,26719.445575436195
7522.309263260552,7522.309263260552,7441.42101958655,7293.485586405671,26719.445575436195
7363.239769410122,7363.239769410122,7232.250670076083,7322.790631407499,26719.445575436195
7496.877950556106,7496.877950556106,7251.273531358407,7411.066699932687,26719.445575436195
6840.417108212013,6840.417108212013,7265.732701099725,7437.969347007711,26719.445575436195
6797.698298702551,6797.698298702551,7235.720804089913,7392.143591476343,26719.445575436195
6911.3911750696425,6911.3911750696425,7540.765258686642,7391.943124096502,26719.445575436195
7194.7692408613875,7194.7692408613875,7172.917834176507,7341.766107844337,26719.445575436195
6711.887189983245,6711.887189983245,7356.005980351903,7407.83357155234,26719.445575436195
7424.552744665376,7424.552744665376,7364.672933233863,7456.271575939739,26719.445575436195
7599.558238957625,7599.558238957625,6979.049672467702,7417.959506922192,26719.445575436195
7489.855119245849,7489.855119245849,6566.6005532533945,7377.978037444466,26719.445575436195
6847.904326716753,6847.904326716753,6393.502016009056,7327.5758219902345,26719.445575436195
6860.344488313715,6860.344488313715,6133.737510947189,7346.536923513911,26719.445575436195
6978.1942164012535,6978.1942164012535,5951.53513859688,7255.812798957818,26719.445575436195
7058.371105815533,7058.371105815533,6051.312914161846,7241.549246402648,26719.445575436195
7216.289836328259,7216.289836328259,6592.578383944914,7308.204467804894,26719.445575436195
6560.193152107505,6560.193152107505,6552.311924199563,7341.617810321945,26719.445575436195
6983.704393223365,6983.704393223365,6418.175599592023,7338.001273638214,26719.445575436195
7436.460389089828,7436.460389089828,6272.9086162884105,7283.267163708007,26719.445575436195
7351.265416791262,7351.265416791262,6675.256077604072,7318.325851027152,26719.445575436195
7506.845285236672,7506.845285236672,6941.789597664521,7258.162911839966,26719.445575436195
6872.843623837638,6872.843623837638,7154.51550737934,7262.127997005123,26719.445575436195
7036.195411787197,7036.195411787197,7478.603992281189,7266.498913978303,26719.445575436195
7447.445364730708,7447.445364730708,7803.672209365953,7244.501474567447,26719.445575436195
6930.662532213796,6930.662532213796,7674.327727159228,7228.241027284604,26719.445575436195
7305.426992493629,7305.426992493629,7193.269307592401,7224.191110967816,26719.445575436195
7052.634152153435,7052.634152153435,7122.037295028071,7153.03812400659,26719.445575436195
6971.225529520262,6971.225529520262,7075.207252846398,7147.542330387236,26719.445575436195
7324.018218503919,7324.018218503919,6971.455410108341,7106.3054397537435,26719.445575436195
6725.959889871106,6725.959889871106,6742.719515431723,7015.630641020436,26719.445575436195
7400.438572847446,7400.438572847446,6695.437582229005,7007.1649426946005,26719.445575436195
7653.366404711904,7653.366404711904,6689.695116501418,6978.17310132334,26719.445575436195
6992.955460364081,6992.955460364081,6359.120059426282,6964.234915591502,26719.445575436195
7098.703131036292,7098.703131036292,6247.792616568168,6978.7574799656395,26719.445575436195
7570.683512677184,7570.683512677184,6256.255114131798,6919.758084912472,26719.445575436195
6880.689909417078,6880.689909417078,6283.635369151563,6947.482022451931,26719.445575436195
7528.326092379786,7528.326092379786,6184.22769320139,6884.506609035623,26719.445575436195
7257.356089341453,7257.356089341453,6092.64885298614,6877.818513777123,26719.445575436195
7334.212706019883,7334.212706019883,6358.34218462731,6902.896770343562,26719.445575436195
7222.874003874748,7222.874003874748,6509.264033124721,6839.379551647161,26719.445575436195
7705.012908149075,7705.012908149075,6517.164723688685,6832.482695284432,26719.445575436195
7633.261378486662,7633.261378486662,6336.5712146621345,6761.306904925607,26719.445575436195
7486.680749713411,7486.680749713411,6309.005563615733,6706.348131525761,26719.445575436195
6876.317024633734,6876.317024633734,6284.218506835988,6710.590234493342,26719.445575436195
6949.571591240341,6949.571591240341,6206.988910169493,6684.921093942455,26719.445575436195
6873.564631661723,6873.564631661723,6048.537017961333,6731.757067467369,26719.445575436195
7181.00951664166,7181.00951664166,6380.818027551663,6682.46255483144,26719.445575436195
7360.063097813371,7360.063097813371,6582.179244002271,6704.843385955746,26719.445575436195
7102.2743301834535,7102.2743301834535,6403.872481610602,6674.250325173704,26719.445575436195
7353.295598376142,7353.295598376142,6397.69613118591,6660.797085962825,26719.445575436195
6906.620530999792,6906.620530999792,6441.044648551905,6632.407421077503,26719.445575436195
7030.042916952487,7030.042916952487,6404.997861274306,6595.856343165252,26719.445575436195
6930.24416040555,6930.24416040555,6740.28364788395,6604.15015483087,26719.445575436195
7565.736425377994,7565.736425377994,6916.856663007257,6640.815026874849,26719.445575436195
7071.370417089214,7071.370417089214,7629.942008470042,6763.76533481848,26719.445575436195
7129.958275141107,7129.958275141107,7597.876629972119,6743.179341724465,26719.445575436195
7078.53214394185,7078.53214394185,7889.969594060184,6825.872906808173,26719.445575436195
7163.141204457423,7163.141204457423,7726.729252194649,6778.988040324295,26719.445575436195
6962.931868954361,6962.931868954361,7905.615697973641,6782.43887812166,26719.445575436195
7519.208186163083,7519.208186163083,7984.996580601686,6861.9864675896215,26719.445575436195
Average Episodic Reward,Average Episodic N-Reward,Avg Reward (last 10),Avg Reward (last 50),Best Reward
9676.20574328341,9676.20574328341,10974.151998407986,10974.151998407986,10974.151998407986
9641.025035489733,9641.025035489733,6913.41311301116,6913.41311301116,10974.151998407986
10365.171259195575,10365.171259195575,9486.315011661498,9486.315011661498,14632.118808962172
10076.011598944271,10076.011598944271,7885.491892797139,7885.491892797139,14632.118808962172
10027.175443827975,10027.175443827975,7981.050173916594,7981.050173916594,14632.118808962172
9994.757979592563,9994.757979592563,8438.807274596553,8438.807274596553,14632.118808962172
9488.776969894587,9488.776969894587,7867.481854835311,7867.481854835311,14632.118808962172
10430.285930735628,10430.285930735628,7289.113763398278,7289.113763398278,14632.118808962172
9531.93202257743,9531.93202257743,8430.45833838633,8430.45833838633,17561.214938290756
10095.252717235287,10095.252717235287,8301.52874157012,8301.52874157012,17561.214938290756
10435.604449626899,10435.604449626899,8873.442203720588,9064.415821419443,17561.214938290756
9845.46535748907,9845.46535748907,10118.204887021355,9584.072924686323,17561.214938290756
10237.679072607652,10237.679072607652,10273.3146109509,10091.699318807192,17561.214938290756
10977.754701036454,10977.754701036454,11304.297840697833,10327.496141297635,17561.214938290756
9947.871203648796,9947.871203648796,11918.285790842881,10605.873918534118,17561.214938290756
11651.26672943308,11651.26672943308,11247.612447371679,10194.310507581005,17561.214938290756
9503.710666752155,9503.710666752155,12936.08361299576,10849.012300812046,21324.240992508705
10992.874068024284,10992.874068024284,13373.134768473707,10669.125432884626,21324.240992508705
9942.810318284075,9942.810318284075,11979.397826096221,10298.321226654696,21324.240992508705
10643.662847202102,10643.662847202102,11899.96762345599,10100.748182513056,21324.240992508705
10047.340551380115,10047.340551380115,10960.735255843381,9967.425075907031,21324.240992508705
10418.954544729737,10418.954544729737,10181.01850710955,9855.411825787787,21324.240992508705
8761.476877472422,8761.476877472422,10054.99092868433,10075.739149188554,21324.240992508705
10333.24462132332,10333.24462132332,9319.307538483528,9907.417556791755,21324.240992508705
10833.8086428701,10833.8086428701,8169.404555058614,9631.286173143917,21324.240992508705
8925.208216573381,8925.208216573381,8976.28148829816,9725.837807856833,21324.240992508705
13534.632315146593,13534.632315146593,8647.317450100396,10033.569763511434,21324.240992508705
11131.087458586155,11131.087458586155,9720.861082618841,10330.459593503987,21324.240992508705
14654.442085171537,14654.442085171537,10471.322550151392,10357.97685544666,21324.240992508705
12280.131720851374,12280.131720851374,10930.05891811152,10377.185094379209,21324.240992508705
13374.116550299535,13374.116550299535,11334.532267984549,10408.427395932034,21324.240992508705
11678.688712870618,11678.688712870618,11435.065416271236,10349.053572813868,21324.240992508705
11243.590575266793,11243.590575266793,10854.509629824788,10311.730203926809,21324.240992508705
13507.066794279588,13507.066794279588,10951.136737496232,10214.39378641072,21324.240992508705
11304.530094368143,11304.530094368143,12230.089175309982,10373.801316619936,21324.240992508705
15187.09607961681,15187.09607961681,12508.332927338226,10498.753118823886,21324.240992508705
13284.841601829516,13284.841601829516,12046.069098646212,10577.488502737051,21324.240992508705
12558.0709361672,12558.0709361672,10800.388143509323,10454.125001400129,21324.240992508705
9558.128134171671,9558.128134171671,10476.431872477307,10388.34993673657,21324.240992508705
12687.351258465389,12687.351258465389,10736.766863903684,10467.080536760328,21324.240992508705
8350.455017523527,8350.455017523527,10112.989406603625,10336.369349754375,21324.240992508705
12009.881744524695,12009.881744524695,11192.797693139823,10549.94503003433,21324.240992508705
8928.395249156749,8928.395249156749,10558.024826973671,10369.00802324003,21324.240992508705
11608.411705588831,11608.411705588831,10852.025761055687,10359.310144284575,21324.240992508705
9680.765638524936,9680.765638524936,11219.197916929892,10561.667227799926,21324.240992508705
10652.157234117947,10652.157234117947,10587.196564908882,10517.97995492932,21324.240992508705
15181.910179127986,15181.910179127986,10685.291685851556,10600.425350208221,21324.240992508705
14763.128435736453,14763.128435736453,10744.56646816798,10514.6336403101,21324.240992508705
11015.413141140778,11015.413141140778,10960.40404552443,10505.09567322389,21324.240992508705
11341.697175320352,11341.697175320352,10228.201720844021,10419.304773577069,21324.240992508705
12983.199329252777,12983.199329252777,10926.969342115091,10441.733695253446,21324.240992508705
11599.309092902573,11599.309092902573,9783.100576073088,10542.037415923009,21324.240992508705
10443.03876400382,10443.03876400382,10436.967618779583,10435.561523042654,21324.240992508705
13997.731854200372,13997.731854200372,10678.97164672062,10621.14790489078,21324.240992508705
16848.07276065175,16848.07276065175,9372.984011302226,10581.99228988872,21324.240992508705
10688.764910633894,10688.764910633894,9158.119971433855,10495.50867987016,21324.240992508705
12049.44827212464,12049.44827212464,8406.481786833017,10544.24872688539,21324.240992508705
9584.867580042264,9584.867580042264,9226.317845904148,10773.053661734799,21324.240992508705
14875.432098324329,14875.432098324329,9312.447744324729,10640.000807714816,21324.240992508705
12716.891249436427,12716.891249436427,9392.646578676937,10637.52834099843,21324.240992508705
12467.598489354175,12467.598489354175,9180.715388602304,10503.188332229789,21324.240992508705
8360.359186909678,8360.359186909678,9470.060272014442,10412.408492921626,21324.240992508705
11496.847623718962,11496.847623718962,9286.415661514573,10238.181733155388,21324.240992508705
8136.494189165645,8136.494189165645,8738.285591495533,10107.945455050321,21324.240992508705
11020.736699827221,11020.736699827221,8966.930800477974,9991.721291815738,21324.240992508705
12959.087146016986,12959.087146016986,10176.220047904262,10281.230199976679,21324.240992508705
10817.890005763848,10817.890005763848,10177.542035327295,9992.540411351696,21324.240992508705
9717.677455180032,9717.677455180032,10153.928868467568,10129.212481733572,21324.240992508705
11517.91635204634,11517.91635204634,9665.506431949561,10177.222528885484,21324.240992508705
10282.812455434074,10282.812455434074,9242.464119568369,10106.027640220906,21324.240992508705
9858.620614384432,9858.620614384432,9112.98613614063,10133.63850828924,21324.240992508705
14087.243518839408,14087.243518839408,8888.72514511169,10153.949820522055,21324.240992508705
9910.31207376636,9910.31207376636,9625.259329171935,10152.23541325291,21324.240992508705
13077.618159416406,13077.618159416406,10229.667707071047,10290.017488767824,21324.240992508705
9673.707235110034,9673.707235110034,10433.423509466747,10444.525082697366,21324.240992508705
12297.77577511734,12297.77577511734,9108.234844564951,10307.620871230034,21324.240992508705
11771.888978661395,11771.888978661395,9356.456454757923,10134.368212283202,21324.240992508705
16479.595319236993,16479.595319236993,8782.068108748785,9941.453886959562,21324.240992508705
9669.781604817528,9669.781604817528,9783.468474633422,10039.65171378189,21324.240992508705
10548.469488173165,10548.469488173165,10751.989626841027,10070.413781966809,21324.240992508705
9449.281694489791,9449.281694489791,11160.961333030282,10098.924321298386,21324.240992508705
10568.169195034408,10568.169195034408,11373.388788703447,10141.614495008498,21324.240992508705
7819.3342737716075,7819.3342737716075,11024.96288461156,10186.326064210263,21324.240992508705
11140.20002636828,11140.20002636828,10263.700450925262,10152.530231453631,21324.240992508705
7714.146634710523,7714.146634710523,9971.659287637154,9992.839105162799,21324.240992508705
9889.221463645903,9889.221463645903,10431.180446601988,9892.190375082786,21324.240992508705
10509.47797265992,10509.47797265992,10218.46557748754,9768.847508051464,21324.240992508705
10224.738275552345,10224.738275552345,10004.993891305017,9782.375036518699,21324.240992508705
9792.836385073726,9792.836385073726,9076.344615436063,9759.63426237364,21324.240992508705
9701.161699219321,9701.161699219321,8584.83280051854,9640.026969289778,21324.240992508705
10384.433903100038,10384.433903100038,7928.342799432396,9661.994999864139,21324.240992508705
9914.979906114058,9914.979906114058,7513.542048237415,9405.763366028015,21324.240992508705
11058.576940125144,11058.576940125144,6768.304009439002,9428.381900703329,21324.240992508705
10938.922571990148,10938.922571990148,7127.06505447402,9407.538090137297,21324.240992508705
9897.85350586315,9897.85350586315,7181.943920404733,9185.388305857767,21324.240992508705
10165.275481807603,10165.275481807603,7017.875326070261,9178.326127315062,21324.240992508705
9542.352661704326,9542.352661704326,7479.735145734392,9127.736200028034,21324.240992508705
10879.782665432223,10879.782665432223,8051.021383005337,9243.66601948617,21324.240992508705
9413.551859457042,9413.551859457042,8630.220334699541,9293.597520208663,21324.240992508705
10477.128008691621,10477.128008691621,8477.404972060498,9289.867619533074,21324.240992508705
10021.190963356936,10021.190963356936,9077.492515538874,9292.099634548897,21324.240992508705
9456.712226115247,9456.712226115247,8959.746576296855,9241.092566072772,21324.240992508705
10772.17450762777,10772.17450762777,9208.190617102275,9182.626500367867,21324.240992508705
9417.168849913862,9417.168849913862,10000.281823754462,9271.800125544065,21324.240992508705
11355.45338307277,11355.45338307277,10334.265129886475,9377.644529574616,21324.240992508705
8426.934669789154,8426.934669789154,10247.484327534385,9396.19899853517,21324.240992508705
9586.737349335981,9586.737349335981,9606.611201938944,9367.762083049218,21324.240992508705
9733.041143392644,9733.041143392644,8890.83845523308,9176.570141351958,21324.240992508705
9931.624037819887,9931.624037819887,8311.142692585945,9093.336509860905,21324.240992508705
8907.157755773,8907.157755773,8469.498768554837,9105.238057508654,21324.240992508705
9526.520848727752,9526.520848727752,8308.00568638727,9117.55769410589,21324.240992508705
8730.026733858225,8730.026733858225,8553.7769764136,9057.835906952601,21324.240992508705
9852.506925463578,9852.506925463578,8626.684708422728,9050.6803097495,21324.240992508705
10548.165766078731,10548.165766078731,7911.763346839686,9106.495676612896,21324.240992508705
9720.004494670538,9720.004494670538,7205.517613142829,9025.361892107587,21324.240992508705
9905.917001191125,9905.917001191125,7277.351948363871,8816.425378627091,21324.240992508705
10051.452653168182,10051.452653168182,7781.200698383516,8888.493815660462,21324.240992508705
9876.77227213881,9876.77227213881,8105.283340965468,8766.841035851538,21324.240992508705
9182.10025364755,9182.10025364755,8826.296389633677,8925.494501397729,21324.240992508705
10164.179405805537,10164.179405805537,9228.133223869216,9102.371878368824,21324.240992508705
8351.488639551466,8351.488639551466,9062.78841221087,9107.518149319938,21324.240992508705
8593.655309170454,8593.655309170454,9307.73781531983,9141.63844099423,21324.240992508705
8890.983179057932,8890.983179057932,9752.163931265732,9076.06123016826,21324.240992508705
9602.160757681166,9602.160757681166,9073.771689006508,8875.316472999988,21324.240992508705
9796.631071317048,9796.631071317048,9138.615768019285,8766.400343818095,21324.240992508705
11329.954919685948,11329.954919685948,9160.002019452279,8826.778813604555,21324.240992508705
11090.624832463116,11090.624832463116,9218.54093381881,8860.91071147264,21324.240992508705
10168.71608809883,10168.71608809883,9748.630339306686,8960.153481963118,21324.240992508705
9570.798440713113,9570.798440713113,9029.63374851029,8774.727556173102,21324.240992508705
Average Episodic Reward,Average Episodic N-Reward,Avg Reward (last 10),Avg Reward (last 50),Best Reward
9676.20574328341,9676.20574328341,10974.151998407986,10974.151998407986,10974.151998407986
9641.025035489733,9641.025035489733,6913.41311301116,6913.41311301116,10974.151998407986
10365.171259195575,10365.171259195575,9486.315011661498,9486.315011661498,14632.118808962172
10076.011598944271,10076.011598944271,7885.491892797139,7885.491892797139,14632.118808962172
10027.175443827975,10027.175443827975,7981.050173916594,7981.050173916594,14632.118808962172
9994.757979592563,9994.757979592563,8438.807274596553,8438.807274596553,14632.118808962172
9488.776969894587,9488.776969894587,7867.481854835311,7867.481854835311,14632.118808962172
10430.285930735628,10430.285930735628,7289.113763398278,7289.113763398278,14632.118808962172
9531.93202257743,9531.93202257743,8430.45833838633,8430.45833838633,17561.214938290756
10095.252717235287,10095.252717235287,8301.52874157012,8301.52874157012,17561.214938290756
10435.604449626899,10435.604449626899,8873.442203720588,9064.415821419443,17561.214938290756
9845.46535748907,9845.46535748907,10118.204887021355,9584.072924686323,17561.214938290756
10237.679072607652,10237.679072607652,10273.3146109509,10091.699318807192,17561.214938290756
10977.754701036454,10977.754701036454,11304.297840697833,10327.496141297635,17561.214938290756
9947.871203648796,9947.871203648796,11918.285790842881,10605.873918534118,17561.214938290756
11651.26672943308,11651.26672943308,11247.612447371679,10194.310507581005,17561.214938290756
9503.710666752155,9503.710666752155,12936.08361299576,10849.012300812046,21324.240992508705
10992.874068024284,10992.874068024284,13373.134768473707,10669.125432884626,21324.240992508705
9942.810318284075,9942.810318284075,11979.397826096221,10298.321226654696,21324.240992508705
10643.662847202102,10643.662847202102,11899.96762345599,10100.748182513056,21324.240992508705
10047.340551380115,10047.340551380115,10960.735255843381,9967.425075907031,21324.240992508705
10418.954544729737,10418.954544729737,10181.01850710955,9855.411825787787,21324.240992508705
8761.476877472422,8761.476877472422,10054.99092868433,10075.739149188554,21324.240992508705
10333.24462132332,10333.24462132332,9319.307538483528,9907.417556791755,21324.240992508705
10833.8086428701,10833.8086428701,8169.404555058614,9631.286173143917,21324.240992508705
24421.383494803245,24421.383494803245,9020.106765048138,9742.693683529902,21324.240992508705
22356.469007332416,22356.469007332416,9349.73073795161,10293.722833085958,24620.480721543412
15932.943925764863,15932.943925764863,10272.375337903159,10527.428970391245,24620.480721543412
12115.1775309661,12115.1775309661,10946.362948751663,10521.783889446751,24620.480721543412
14619.598685957342,14619.598685957342,13508.700298260399,11236.732221095503,31970.2338389093
14916.118398965089,14916.118398965089,14555.374431260265,11447.408738924203,31970.2338389093
14120.422998181462,14120.422998181462,15999.44159910239,11775.421129948601,31970.2338389093
14340.412700717738,14340.412700717738,15073.634349567506,11590.252846273086,31970.2338389093
16467.562700765095,16467.562700765095,15628.784247257785,11590.172465752354,31970.2338389093
19411.399047719806,19411.399047719806,16283.83419195448,11532.014178518364,31970.2338389093
11350.272581586116,11350.272581586116,15339.88514344527,11297.46908906195,31970.2338389093
16838.241293249062,16838.241293249062,15421.886127352793,11679.712912617537,31970.2338389093
10897.158519036338,10897.158519036338,15340.342960963128,11793.985283699636,31970.2338389093
15983.342835142977,15983.342835142977,15150.65491129892,11708.673895049873,31970.2338389093
10523.09086545883,10523.09086545883,14836.679141889219,12136.718951293933,31970.2338389093
13676.161996759027,13676.161996759027,13767.025773574298,12013.168991277886,31970.2338389093
11826.88305034176,11826.88305034176,12093.194644448162,11851.081490543736,31970.2338389093
15068.69786724875,15068.69786724875,12043.957419580438,11695.765537739913,31970.2338389093
10138.388366348297,10138.388366348297,11250.405875311713,11512.952786106755,31970.2338389093
14116.097412441035,14116.097412441035,11551.809131123853,11536.413056875139,31970.2338389093
10970.558201138607,10970.558201138607,12320.92227122247,11519.958911270758,31970.2338389093
10114.941436144805,10114.941436144805,10174.317326856693,11359.415979476931,31970.2338389093
12360.63860163879,12360.63860163879,9953.054037772003,11410.457940798044,31970.2338389093
10112.93785230703,10112.93785230703,9660.654949793698,11290.71084499759,31970.2338389093
15522.546057119267,15522.546057119267,7955.919169620948,11300.558994959334,31970.2338389093
11418.576065493358,11418.576065493358,8704.518233491632,11372.219179578033,31970.2338389093
14366.223551804524,14366.223551804524,10013.44635751366,11681.061199039024,31970.2338389093
17590.1531970574,17590.1531970574,11124.841728261066,11714.14780740885,31970.2338389093
18021.884081729037,18021.884081729037,12824.626632154992,12065.48442678117,31970.2338389093
8640.864447598547,8640.864447598547,12842.541845940572,12153.175102984078,31970.2338389093
11741.665912011125,11741.665912011125,13297.208712325573,12245.147067882626,31970.2338389093
8359.861249073792,8359.861249073792,13191.692718147111,12214.742104660796,31970.2338389093
15275.596940222398,15275.596940222398,12259.156338316758,12239.61268868575,31970.2338389093
8364.421547493774,8364.421547493774,12942.334598116886,12135.881046811477,31970.2338389093
15336.037865225608,15336.037865225608,13534.322686392139,12347.117783923739,31970.2338389093
8835.226126995547,8835.226126995547,13432.960226376847,12284.122784109284,31970.2338389093
15654.989924612282,15654.989924612282,12677.914494772627,12193.003120589277,31970.2338389093
8395.811329403665,8395.811329403665,12821.403961282003,12223.76567747507,31970.2338389093
12904.085272460246,12904.085272460246,11751.800588818638,12154.984976405334,31970.2338389093
8894.553515899257,8894.553515899257,11015.212857624672,11972.56051634044,31970.2338389093
14715.465640830942,14715.465640830942,9852.659609985358,11966.156500405365,31970.2338389093
7782.142476528252,7782.142476528252,10823.350911526122,11792.195564366866,31970.2338389093
13786.942697894117,13786.942697894117,11570.715822193883,11879.128899429785,31970.2338389093
8513.65703098924,8513.65703098924,11668.74343485061,12073.750168562352,31970.2338389093
14291.540820481481,14291.540820481481,10250.346397205252,12017.193538673593,31970.2338389093
8255.442038227498,8255.442038227498,10477.875339002127,12187.550800741034,31970.2338389093
14081.738664576676,14081.738664576676,10486.26028274286,12254.051475715942,31970.2338389093
8500.47457512265,8500.47457512265,9798.833185133994,12172.534128765003,31970.2338389093
10118.264644320258,10118.264644320258,8982.849804597909,12087.693429628207,31970.2338389093
17360.06736113024,17360.06736113024,8959.975203363862,12130.67464600149,31970.2338389093
9074.07748320925,9074.07748320925,9703.575996834152,12102.850346762563,31970.2338389093
15845.60042624913,15845.60042624913,10193.821995658665,11961.013815908276,31970.2338389093
7752.428157868089,7752.428157868089,10796.224190750949,11983.898669999347,31970.2338389093
13682.222774993794,13682.222774993794,10246.410141222446,11933.759607056512,31970.2338389093
7402.200366175358,7402.200366175358,10284.037545405998,11372.260988102711,31970.2338389093
13814.554385334912,13814.554385334912,10084.062026038733,11293.288319696729,31970.2338389093
7689.41299159972,7689.41299159972,10041.791616989503,11062.521479293364,31970.2338389093
11597.993497591624,11597.993497591624,9698.039707544069,11097.415200360312,31970.2338389093
9072.12133104619,9072.12133104619,9957.337150133311,10953.40401020331,31970.2338389093
10532.536775994537,10532.536775994537,11532.099252998629,11180.327658210317,31970.2338389093
11939.717291165578,11939.717291165578,12239.845857750257,11482.842489623563,31970.2338389093
9689.080242806527,9689.080242806527,11558.322817695942,11188.301153976905,31970.2338389093
10587.832232044933,10587.832232044933,10304.295521115595,10976.689182029837,31970.2338389093
9376.847158758612,9376.847158758612,10890.905085808741,11081.809641958474,31970.2338389093
10026.680701749527,10026.680701749527,11789.044200513537,10762.733999827575,31970.2338389093
9742.882322236988,9742.882322236988,11781.519163095745,10896.186997601017,31970.2338389093
10192.772997661132,10192.772997661132,11921.130307298798,11028.10861186349,31970.2338389093
8283.021916613525,8283.021916613525,12696.302906592147,11227.884297762655,31970.2338389093
11078.349680715357,11078.349680715357,14260.442755880626,11555.411386317093,31970.2338389093
7652.338664400021,7652.338664400021,12975.931314742804,11465.152094934108,31970.2338389093
11104.673440192333,11104.673440192333,11729.34092948899,11364.526221276868,31970.2338389093
8508.476629953135,8508.476629953135,11536.137624888665,11460.665213583303,31970.2338389093
11669.378761793894,11669.378761793894,12517.652589484002,11489.608892372236,31970.2338389093
8434.632306891146,8434.632306891146,12644.910094791758,11678.660670958086,31970.2338389093
11446.072565066665,11446.072565066665,12631.040801601514,11697.758326223691,31970.2338389093
8383.274635607033,8383.274635607033,12067.986657425048,11568.880682387702,31970.2338389093
11072.785956278294,11072.785956278294,11972.87682259144,11419.994704879045,31970.2338389093
8237.168697258423,8237.168697258423,11679.560657577103,11338.828083625864,31970.2338389093
9518.871927801289,9518.871927801289,10896.476950379107,11169.781449961916,31970.2338389093
10208.538949021542,10208.538949021542,11524.278946330896,11201.499515012172,31970.2338389093
11093.719359200484,11093.719359200484,11506.823665894277,11006.449211990608,31970.2338389093
9848.982150257454,9848.982150257454,11628.708303430472,11148.068330639973,31970.2338389093
10529.838833162583,10529.838833162583,11077.900065660651,11253.357637841014,31970.2338389093
9860.014786157679,9860.014786157679,10284.41320276703,11147.076391888117,31970.2338389093
10381.785814884855,10381.785814884855,9825.008710632495,10955.89553107176,31970.2338389093
10381.832318501474,10381.832318501474,10548.07175184863,10991.902987482057,31970.2338389093
10919.779798025242,10919.779798025242,10104.84203817393,10905.380213559305,31970.2338389093
9408.86778106976,9408.86778106976,10429.750970848638,10860.497485539192,31970.2338389093
10150.423647295303,10150.423647295303,10243.535979403296,10868.128528078849,31970.2338389093
9802.875177221047,9802.875177221047,10048.621403348057,11008.181224156851,31970.2338389093
9740.95499524788,9740.95499524788,10262.265205403632,11088.370331074262,31970.2338389093
10068.67743916399,10068.67743916399,10304.553752367749,11044.3088988083,31970.2338389093
8093.7339742792665,8093.7339742792665,10537.74126479053,11046.762726360344,31970.2338389093
8761.971151959688,8761.971151959688,11019.200808909434,11017.167866699881,31970.2338389093
8683.770448105137,8683.770448105137,11723.730221396469,11250.572295910002,31970.2338389093
8975.919906567451,8975.919906567451,10917.523741835412,11079.832668048713,31970.2338389093
9615.258952860026,9615.258952860026,11405.180722243529,11089.164301459443,31970.2338389093
11937.442460964565,11937.442460964565,10528.640090574496,11006.458866627294,31970.2338389093
8760.61456927829,8760.61456927829,10389.418541016472,11149.442275362562,31970.2338389093
10458.470359583058,10458.470359583058,10311.030304586164,11278.392244401308,31970.2338389093
10316.678638813142,10316.678638813142,10378.28667363137,11223.312466433707,31970.2338389093
11275.85594570142,11275.85594570142,10743.257940182575,11154.196087713079,31970.2338389093
9741.611340703497,9741.611340703497,11116.11204546061,11110.740297302276,31970.2338389093
10668.884391665302,10668.884391665302,10564.445593041648,11080.774957063722,31970.2338389093
10972.915855400217,10972.915855400217,10250.357288129851,11243.836244454773,31970.2338389093
11168.282298832068,11168.282298832068,10616.226006761115,11186.265464193193,31970.2338389093
11738.13724990848,11738.13724990848,10553.107156207636,11191.427409303067,31970.2338389093
9865.905065116107,9865.905065116107,10319.018370850077,11130.65459928849,31970.2338389093
12314.391118552223,12314.391118552223,10942.428591629792,11346.460563661856,31970.2338389093
11306.825682743995,11306.825682743995,10940.018097369482,11159.976013275478,31970.2338389093
11341.851121579728,11341.851121579728,10985.5573837497,10972.454771633593,31970.2338389093
10363.938478277316,10363.938478277316,10635.50191387645,10969.63190694918,31970.2338389093
10989.41322390281,10989.41322390281,10188.825918518938,11087.646376782945,31970.2338389093
11927.177680080697,11927.177680080697,11003.961667429527,11103.386273387878,31970.2338389093
11295.786231690076,11295.786231690076,10996.804619080944,11085.388328168256,31970.2338389093
11812.396472637573,11812.396472637573,11090.825304287966,11048.126692431635,31970.2338389093
11509.131313833983,11509.131313833983,10982.592550097546,11003.719857862816,31970.2338389093
11935.534020061821,11935.534020061821,11042.16221499895,10799.826460969853,31970.2338389093
10657.590057393329,10657.590057393329,11637.571554617905,10821.886323409313,31970.2338389093
12477.312545830748,12477.312545830748,11114.825239830592,10787.75479829304,31970.2338389093
11479.099079441628,11479.099079441628,11742.907382505113,10975.168062236822,31970.2338389093
10840.854313534253,10840.854313534253,11826.496229870638,11027.703627945575,31970.2338389093
11202.530403986962,11202.530403986962,11134.780224932681,10811.071903872684,31970.2338389093
12604.082337522848,12604.082337522848,10896.381013230664,10753.68045707566,31970.2338389093
11030.684268481074,11030.684268481074,10338.28134208434,10626.83643626482,31970.2338389093
11644.138199681714,11644.138199681714,10256.078541788673,10685.74506930436,31970.2338389093
12003.71653019073,12003.71653019073,10612.406545478036,10731.625802440136,31970.2338389093
12381.441262236123,12381.441262236123,11567.859248527942,10777.48617916002,31970.2338389093
12389.240507584145,12389.240507584145,11013.131170432396,10845.217167419973,31970.2338389093
12166.431910686953,12166.431910686953,11908.410340557259,10864.581077138311,31970.2338389093
12983.482897118514,12983.482897118514,11158.629790091223,10905.529287076208,31970.2338389093
12404.55874733863,12404.55874733863,11053.26652238244,10912.61527173597,31970.2338389093
12984.060778158902,12984.060778158902,11424.322134646129,10880.356317669779,31970.2338389093
11757.015965485756,11757.015965485756,11823.620563885976,11061.521929299448,31970.2338389093
13331.430159932701,13331.430159932701,13160.519309700958,11293.938556078512,31970.2338389093
11669.982976843057,11669.982976843057,12839.785224410642,11144.087763816766,31970.2338389093
12356.673158870013,12356.673158870013,12810.383214385332,11272.734037682416,31970.2338389093
12651.761631002626,12651.761631002626,12884.998666424963,11268.535718275287,31970.2338389093
12943.889926846636,12943.889926846636,12570.382761887991,11310.586523916912,31970.2338389093
11920.65676928197,11920.65676928197,11795.370609889413,11213.930918446582,31970.2338389093
14134.953611764846,14134.953611764846,11800.861534312635,11213.248552858007,31970.2338389093
11291.673497743508,11291.673497743508,12057.222928327099,11263.14910692784,31970.2338389093
11993.785898689923,11993.785898689923,12478.537354018677,11268.51553551541,31970.2338389093
12536.900215587577,12536.900215587577,12498.848007087629,11357.451368935088,31970.2338389093
12229.393031222278,12229.393031222278,11820.064148910236,11313.205341581266,31970.2338389093
14136.935021440322,14136.935021440322,11844.380316787308,11329.459078807144,31970.2338389093
11317.146058510509,11317.146058510509,12248.893100893922,11441.476513412495,31970.2338389093
12702.132479236023,12702.132479236023,11642.611927865752,11491.330085733538,31970.2338389093
14298.774987963214,14298.774987963214,12132.488270503094,11659.200469814235,31970.2338389093
12292.001703928343,12292.001703928343,13223.54945256656,11796.43474804266,31970.2338389093
11976.21829961538,11976.21829961538,13568.771720376832,11851.3455622071,31970.2338389093
12975.239150493075,12975.239150493075,12902.688985330298,11695.035315957386,31970.2338389093
12927.502470202384,12927.502470202384,13077.055837430953,11660.704293909477,31970.2338389093
12515.337300973239,12515.337300973239,12608.745534107566,11766.311357148274,31970.2338389093
12286.102975731632,12286.102975731632,12192.843147430078,11701.70251344131,31970.2338389093
12169.506621575358,12169.506621575358,12115.92929075676,11629.39973560627,31970.2338389093
13873.086199244457,13873.086199244457,12197.342235401407,11770.323529251245,31970.2338389093
13037.063708999436,13037.063708999436,12191.824985111116,11865.891408585743,31970.2338389093
13776.604325172508,13776.604325172508,11580.280435946657,11786.770838677608,31970.2338389093
13151.513249639556,13151.513249639556,10644.076188933397,11737.246366355444,31970.2338389093
12014.33000520232,12014.33000520232,10536.828303555845,11761.599746168331,31970.2338389093
12357.227551108666,12357.227551108666,10965.919092666387,11761.11875171537,31970.2338389093
13401.55091227012,13401.55091227012,11125.451979367735,11848.029506079236,31970.2338389093
13183.94449955683,13183.94449955683,11531.27612938749,11871.774249539863,31970.2338389093
14214.30886689758,14214.30886689758,11803.361677024646,11863.013925030053,31970.2338389093
14045.78068310569,14045.78068310569,11990.474971859501,11809.329669120578,31970.2338389093
13350.039867293483,13350.039867293483,11808.681398855104,11935.54129900276,31970.2338389093
13399.39731305951,13399.39731305951,12615.86867518616,12180.632700623186,31970.2338389093
13902.555805144117,13902.555805144117,12385.059904981408,11936.268508750307,31970.2338389093
13400.520114581914,13400.520114581914,13523.902379572715,12219.061794303867,31970.2338389093
13323.621133854562,13323.621133854562,13729.527804157895,12158.923830498885,31970.2338389093
13350.374132688657,13350.374132688657,13263.595972522857,12048.538700245814,31970.2338389093
15075.667230744557,15075.667230744557,13227.255884325976,12266.524637957893,31970.2338389093
14093.507736752694,14093.507736752694,12926.884857985926,12277.875018490919,31970.2338389093
14567.740843836724,14567.740843836724,14311.662055949835,12657.690067803149,31970.2338389093
13757.094406954007,13757.094406954007,15120.959445205028,12782.305849803846,31970.2338389093
14123.618020488255,14123.618020488255,15930.26825097956,12999.113640103065,31970.2338389093
13764.693296296049,13764.693296296049,16347.806822882168,13136.622215494033,31970.2338389093
15603.6572070538,15603.6572070538,16086.769801344111,12950.996234932654,31970.2338389093
14455.200315664046,14455.200315664046,15801.875687694614,12997.75486373134,31970.2338389093
15498.083312102443,15498.083312102443,16001.47088682654,13127.492049845949,31970.2338389093
14017.981138965544,14017.981138965544,16479.905098127743,13133.866415394878,31970.2338389093
14035.429434066124,14035.429434066124,16838.716530855087,13349.403517199687,31970.2338389093
14857.315829450996,14857.315829450996,16541.70739866488,13221.4923854467,31970.2338389093
12951.633626768722,12951.633626768722,14857.932672956207,12997.172740454202,31970.2338389093
14421.301496364407,14421.301496364407,14491.54219522898,13112.657243967515,31970.2338389093
13667.915679689533,13667.915679689533,12958.753361222505,13028.787669470501,31970.2338389093
15356.884363472414,15356.884363472414,12286.920344780809,13017.006551165201,31970.2338389093
14133.347136360291,14133.347136360291,12438.77574672281,12924.674831899616,31970.2338389093
14528.062743994475,14528.062743994475,12801.132882178748,13198.907318189205,31970.2338389093
15512.355279047884,15512.355279047884,12551.910988687443,13277.70194072091,31970.2338389093
13662.82373918369,13662.82373918369,12498.058547681594,13222.033539265774,31970.2338389093
14707.644560774072,14707.644560774072,12013.117184352493,13256.319483266447,31970.2338389093
13399.428997174178,13399.428997174178,12211.327415541647,13163.9882671375,31970.2338389093
14650.661135713095,14650.661135713095,12344.6504509453,13102.090000861213,31970.2338389093
13983.955425881431,13983.955425881431,11962.655764241299,13136.312333458314,31970.2338389093
15047.380526330311,15047.380526330311,12435.159790621225,13066.041007415963,31970.2338389093
15311.130877273159,15311.130877273159,12078.285978524265,13104.141361296906,31970.2338389093
14590.088632343046,14590.088632343046,13374.503466393213,13173.077871077638,31970.2338389093
14689.162432247973,14689.162432247973,12815.94598255179,13117.386624186252,31970.2338389093
15169.608833464159,15169.608833464159,13292.260627140302,13222.399722073604,31970.2338389093
14224.393334911469,14224.393334911469,13320.679860701046,13305.631714339926,31970.2338389093
14032.991148492487,14032.991148492487,13649.185142675075,13370.745344315272,31970.2338389093
14453.563164112398,14453.563164112398,13849.036226065538,13412.046405529096,31970.2338389093
15498.560175832885,15498.560175832885,14316.70592121091,13526.862555617377,31970.2338389093
14672.615597551132,14672.615597551132,15916.060183762198,13896.338512059401,31970.2338389093
14568.054711575784,14568.054711575784,16233.14300876561,13873.2011620888,31970.2338389093
14219.75174602585,14219.75174602585,16190.608574265769,13903.898079127835,31970.2338389093
14425.288325930507,14425.288325930507,14981.674972467003,13853.356778381709,31970.2338389093
15119.120574908824,15119.120574908824,15207.235830355776,14030.018552470729,31970.2338389093
13548.245149605902,13548.245149605902,14940.555300805616,14103.14512152356,31970.2338389093
14541.043489414866,14541.043489414866,15972.371467303383,14306.922189267325,31970.2338389093
14270.390761313767,14270.390761313767,15012.007962853371,14148.0565410124,31970.2338389093
14368.330038056209,14368.330038056209,15262.328958556807,14158.25697136296,31970.2338389093
14768.350247976889,14768.350247976889,15728.164605387448,14311.823141289942,31970.2338389093
14174.885177019592,14174.885177019592,14339.900666591973,14366.223651005896,31970.2338389093
13208.22501817096,13208.22501817096,14266.673820655113,14364.799646448804,31970.2338389093
13462.344151890773,13462.344151890773,15042.918274750711,14389.307999040748,31970.2338389093
13748.2806526927,13748.2806526927,15355.38110611898,14447.421018609226,31970.2338389093
14377.638033809964,14377.638033809964,15222.094894317235,14369.657055419631,31970.2338389093
13705.7450321797,13705.7450321797,15185.11543713853,14394.262648119686,31970.2338389093
14563.962681958204,14563.962681958204,14076.536967525908,14469.510388267934,31970.2338389093
13523.6092154211,13523.6092154211,14691.972920651151,14440.999948277436,31970.2338389093
14322.118847338059,14322.118847338059,14674.382655933794,14507.756530952534,31970.2338389093
13424.809192644127,13424.809192644127,13897.47071154023,14228.98487240802,31970.2338389093
14198.035232968252,14198.035232968252,14091.670069271297,14160.365775819148,31970.2338389093
12962.390065846299,12962.390065846299,14008.435191496092,13980.43303455211,31970.2338389093
13543.783378681137,13543.783378681137,14070.912009582407,13933.92903638079,31970.2338389093
12963.411110303861,12963.411110303861,14091.84976839266,14048.437012018934,31970.2338389093
14280.179562609104,14280.179562609104,13697.300911441396,13948.74210016899,31970.2338389093
13890.835776916472,13890.835776916472,14253.846926833861,14044.73785612115,31970.2338389093
12487.374482937721,12487.374482937721,14580.870251249196,14089.703418892224,31970.2338389093
13790.285671411642,13790.285671411642,14828.123323937654,14038.881306893947,31970.2338389093
13135.857536136957,13135.857536136957,14468.715746780881,14093.158200575732,31970.2338389093
14034.278075767641,14034.278075767641,14517.880686415574,14160.974475099894,31970.2338389093
13506.222862486942,13506.222862486942,14167.556674472571,14095.568671667867,31970.2338389093
12399.46400435237,12399.46400435237,14150.372718804578,14218.756906068524,31970.2338389093
13922.569651175085,13922.569651175085,14197.301185519658,14316.005204528561,31970.2338389093
12746.233089369847,12746.233089369847,14390.728623367879,14438.827587347949,31970.2338389093
12626.797965014443,12626.797965014443,14236.317768966246,14235.77907752649,31970.2338389093
13471.062303112214,13471.062303112214,13882.418188787637,14310.839296141188,31970.2338389093
13910.995401270544,13910.995401270544,13993.235363113174,14388.73878197854,31970.2338389093
13525.114181337422,13525.114181337422,13422.253265766889,14320.708523176827,31970.2338389093
14090.341343805308,14090.341343805308,13174.81380004736,14285.855477476875,31970.2338389093
12896.319264014457,12896.319264014457,13583.30000415101,14408.704385741034,31970.2338389093
12696.878464188612,12696.878464188612,13416.931190358626,14386.423756891332,31970.2338389093
13365.217431271216,13365.217431271216,13946.219761038159,14520.968900151911,31970.2338389093
12003.050452657515,12003.050452657515,12992.24527586318,14498.797063996348,31970.2338389093
12974.26769154483,12974.26769154483,12250.540884882377,14214.035071045779,31970.2338389093
11402.974885420099,11402.974885420099,12811.896714701954,14234.96922395652,31970.2338389093
12745.872899270726,12745.872899270726,12460.243849858573,14144.435940684843,31970.2338389093
12602.10837339306,12602.10837339306,12251.33387279886,14174.869584398104,31970.2338389093
13156.378046644584,13156.378046644584,12178.9671371835,14026.664922078513,31970.2338389093
13581.573542594791,13581.573542594791,12245.655611986442,13965.179354661053,31970.2338389093
12695.66069048264,12695.66069048264,12352.79829617403,14015.922860733657,31970.2338389093
12416.189525173775,12416.189525173775,13013.178684046925,13805.847456948277,31970.2338389093
11769.10340553669,11769.10340553669,12726.063835794077,13819.553065557604,31970.2338389093
13634.621986224085,13634.621986224085,12875.29328021058,13835.734005185308,31970.2338389093
12533.986663801452,12533.986663801452,12888.88070691286,13795.476217934951,31970.2338389093
11972.255326810293,11972.255326810293,12777.111705352003,13748.944398955768,31970.2338389093
12411.239582400014,12411.239582400014,12973.610113228542,13751.04690316943,31970.2338389093
11635.310038898895,11635.310038898895,13276.945212862756,13635.784333509977,31970.2338389093
12178.665808465204,12178.665808465204,13852.275288062941,13794.718387120427,31970.2338389093
10825.11021386241,10825.11021386241,14334.98280205341,13779.710123360375,31970.2338389093
11798.04637951979,11798.04637951979,14122.412604273693,13694.772460510907,31970.2338389093
11505.793585221543,11505.793585221543,13393.190156784089,13616.505354986706,31970.2338389093
11992.19803943012,11992.19803943012,13132.64716795049,13592.74773501668,31970.2338389093
12172.577331781979,12172.577331781979,13357.730533185375,13498.69645687224,31970.2338389093
12207.063519393205,12207.063519393205,14371.25994756015,13598.651986223185,31970.2338389093
11995.967951509054,11995.967951509054,14083.103495957903,13521.146119283901,31970.2338389093
11596.85018014031,11596.85018014031,14724.53215230483,13658.93024620269,31970.2338389093
11891.265805316796,11891.265805316796,14042.648428767858,13629.006625758368,31970.2338389093
11060.895894842182,11060.895894842182,13661.879038749965,13588.699610740188,31970.2338389093
11773.417417396016,11773.417417396016,13432.227083536927,13531.279008881003,31970.2338389093
11666.200770164409,11666.200770164409,12937.286436036587,13502.735605410177,31970.2338389093
11707.679114415516,11707.679114415516,13765.141808870869,13551.199702906615,31970.2338389093
11763.10759054519,11763.10759054519,13496.6954887998,13490.399794477418,31970.2338389093
11678.583307073974,11678.583307073974,13228.523181890308,13330.218691333821,31970.2338389093
11645.567562806706,11645.567562806706,12730.026755589422,13326.287383662535,31970.2338389093
11935.988836433375,11935.988836433375,12566.735135746943,13295.032964145008,31970.2338389093
11006.764199663787,11006.764199663787,12457.395981631,13299.640057162116,31970.2338389093
11778.895387765737,11778.895387765737,12733.80527234708,13259.593629977946,31970.2338389093
10926.739716311535,10926.739716311535,12378.941599739135,13098.863265900483,31970.2338389093
11177.840482994046,11177.840482994046,11995.825795579742,13036.701018640779,31970.2338389093
10574.424538316565,10574.424538316565,12627.497732352145,13124.659014597495,31970.2338389093
11535.377534646519,11535.377534646519,12585.037820556567,13234.695932123417,31970.2338389093
10379.039557721602,10379.039557721602,12505.795423866079,13161.48433548972,31970.2338389093
11540.980486366925,11540.980486366925,12341.171939561555,12958.992842142201,31970.2338389093
11056.737529514514,11056.737529514514,12639.078720018571,12975.957402992677,31970.2338389093
11674.640763432097,11674.640763432097,13144.772715260371,13076.723953403834,31970.2338389093
10096.920073633255,10096.920073633255,11712.855540813047,12865.7275275672,31970.2338389093
11878.76815471509,11878.76815471509,11693.272619679188,12799.60108129115,31970.2338389093
10741.111220855144,10741.111220855144,12014.074760655862,12817.227564878282,31970.2338389093
11309.140476457109,11309.140476457109,12768.70759188027,12955.479777007362,31970.2338389093
10804.741181087076,10804.741181087076,11833.296689856965,12774.658351738686,31970.2338389093
10654.87253995812,10654.87253995812,11397.607056150477,12830.831105281788,31970.2338389093
11151.746452595953,11151.746452595953,11588.83634772855,12690.007652827797,31970.2338389093
10826.316478961087,10826.316478961087,11662.28708324865,12693.001203619293,31970.2338389093
10752.648897847748,10752.648897847748,11337.545741020687,12793.358374220337,31970.2338389093
10215.344081597223,10215.344081597223,11066.648718107583,12727.67435408496,31970.2338389093
10066.893809064755,10066.893809064755,11685.926862791046,12710.864130153694,31970.2338389093
10361.335702511,10361.335702511,11725.014831328483,12694.337272997072,31970.2338389093
10355.76173995256,10355.76173995256,11296.615472394491,12640.757231920477,31970.2338389093
10664.755545413876,10664.755545413876,10468.303150690244,12600.009284748121,31970.2338389093
10288.586235312763,10288.586235312763,10603.518677507662,12424.802428005412,31970.2338389093
10153.385667006072,10153.385667006072,10589.389592166182,12346.073286905634,31970.2338389093
10175.915087326004,10175.915087326004,10845.784217951825,12313.951729259346,31970.2338389093
10258.092731326738,10258.092731326738,11336.72310813379,12385.287169203935,31970.2338389093
9469.400800726457,9469.400800726457,11468.709025348528,12509.32403790747,31970.2338389093
10473.577737125275,10473.577737125275,11067.89461670715,12385.83093635599,31970.2338389093
9714.444765253525,9714.444765253525,11003.092006457902,12316.760508799565,31970.2338389093
10103.89726906029,10103.89726906029,11491.18893041024,12337.186016506568,31970.2338389093
9376.061890251713,9376.061890251713,12054.571296383205,12281.216433584532,31970.2338389093
9491.282392091493,9491.282392091493,12050.725899853895,12143.15790430822,31970.2338389093
10565.71056574473,10565.71056574473,12445.302941125523,12089.380495375777,31970.2338389093
9981.572926990033,9981.572926990033,12515.016628145833,12170.438581177987,31970.2338389093
9941.406766832994,9941.406766832994,11758.80705116113,12039.183705901476,31970.2338389093
9943.14361819564,9943.14361819564,11093.295553247319,11932.400173216325,31970.2338389093
9581.604608062877,9581.604608062877,10547.086393874384,11744.48932717032,31970.2338389093
9756.123745686555,9756.123745686555,10602.904002293975,11689.791037623205,31970.2338389093
9736.662683420336,9736.662683420336,10434.468368744372,11458.747752087475,31970.2338389093
9853.617354804452,9853.617354804452,10069.669812788721,11542.590293310743,31970.2338389093
9287.870719819446,9287.870719819446,10133.811550907893,11575.602936016116,31970.2338389093
9627.771701810392,9627.771701810392,10656.669339570097,11588.04635551485,31970.2338389093
9394.50072155179,9394.50072155179,10606.3679342184,11623.19679501214,31970.2338389093
9109.507240483963,9109.507240483963,10357.219691628441,11488.854157729504,31970.2338389093
9569.58411357607,9569.58411357607,10139.480847202296,11367.740777581977,31970.2338389093
9304.708622647251,9304.708622647251,9912.81676658387,11269.258890155037,31970.2338389093
9267.501654866246,9267.501654866246,10062.877734775355,11211.059523007505,31970.2338389093
9228.957313959698,9228.957313959698,10195.920202578192,11215.628050989455,31970.2338389093
8420.382915581351,8420.382915581351,10123.38331742086,10991.945219245446,31970.2338389093
9476.478991701402,9476.478991701402,9597.71651056822,10915.372540954972,31970.2338389093
9446.733716125169,9446.733716125169,9081.221768453055,10916.0589697589,31970.2338389093
8749.016759063526,8749.016759063526,8978.992526584207,10984.679701715744,31970.2338389093
8533.380581133239,8533.380581133239,8279.25207815909,10753.54766417353,31970.2338389093
9064.959808378671,9064.959808378671,8565.130956594125,10684.872784937012,31970.2338389093
9030.057844937031,9030.057844937031,8876.609509865411,10641.903594781841,31970.2338389093
8638.737451045788,8638.737451045788,9415.572049517436,10684.138912146213,31970.2338389093
9206.131041196122,9206.131041196122,9237.450314619568,10530.733841927706,31970.2338389093
8867.004447245568,8867.004447245568,8773.956174179317,10341.464742773243,31970.2338389093
8803.021406286023,8803.021406286023,8373.495294935416,10324.073170069918,31970.2338389093
8774.430265359582,8774.430265359582,8282.262894349837,10233.1705958891,31970.2338389093
8803.551552474175,8803.551552474175,8430.149118137553,10199.273841255239,31970.2338389093
8377.739829861797,8377.739829861797,7943.128948750389,10019.563973089766,31970.2338389093
9083.939200213588,9083.939200213588,8106.8364690193175,10008.255620005999,31970.2338389093
8595.677802638631,8595.677802638631,7823.98064415462,9970.14750253784,31970.2338389093
8697.888484718489,8697.888484718489,7548.857294913849,9833.907784218902,31970.2338389093
8432.757525790112,8432.757525790112,7138.739216253491,9779.42933874718,31970.2338389093
8368.080537618713,8368.080537618713,7133.723416385376,9689.969377000642,31970.2338389093
8475.584817825167,8475.584817825167,7111.499556669073,9550.434910485541,31970.2338389093
8124.363772388324,8124.363772388324,7568.306182951446,9500.549034101998,31970.2338389093
8774.497774851046,8774.497774851046,7522.844530624599,9392.736535748323,31970.2338389093
8388.928280974342,8388.928280974342,7324.680421016946,9404.88683097973,31970.2338389093
8613.378120834097,8613.378120834097,6925.91384368963,9311.086111689643,31970.2338389093
8825.251988887785,8825.251988887785,6954.47183582719,9278.446251669904,31970.2338389093
8820.508745509835,8820.508745509835,7040.831855324342,9260.435955169472,31970.2338389093
8433.057845327969,8433.057845327969,6888.928510243425,9042.536642677222,31970.2338389093
8165.863882126641,8165.863882126641,7085.813464027209,8929.247409925865,31970.2338389093
8989.797938174406,8989.797938174406,7152.960311976409,8826.819634326217,31970.2338389093
7938.493994096515,7938.493994096515,6974.74634409708,8731.805255963525,31970.2338389093
8119.021637261417,8119.021637261417,7407.052057294693,8781.341044269357,31970.2338389093
8527.077453956905,8527.077453956905,7906.8595077021555,8675.870651206707,31970.2338389093
7914.293694128698,7914.293694128698,7794.1091716437395,8552.794406031839,31970.2338389093
7960.854678101102,7960.854678101102,8033.645523108857,8507.670036340636,31970.2338389093
8297.015203566158,8297.015203566158,8718.912312282206,8533.16812590124,31970.2338389093
8644.121546930452,8644.121546930452,8185.054554262967,8394.4435403929,31970.2338389093
8106.3687858334815,8106.3687858334815,9189.378482655797,8528.650928976154,31970.2338389093
7432.807795307167,7432.807795307167,8551.865808496816,8420.961460975763,31970.2338389093
7818.387466622506,7818.387466622506,8446.816797113486,8406.765714974039,31970.2338389093
8469.769707677407,8469.769707677407,8661.356924381102,8343.495840380952,31970.2338389093
7737.62051853336,7737.62051853336,8046.095276172401,8303.666425754964,31970.2338389093
7649.936949547244,7649.936949547244,8057.677178656579,8273.472124380278,31970.2338389093
8329.950848068982,8329.950848068982,8011.682802571426,8128.368656364544,31970.2338389093
7831.947064184709,7831.947064184709,8341.336747920981,8044.603518010813,31970.2338389093
7782.325024781282,7782.325024781282,7877.525589564206,7987.399656970403,31970.2338389093
8219.759604433275,8219.759604433275,8083.843139038479,7939.768229874906,31970.2338389093
7599.533849189319,7599.533849189319,7176.995498921242,7936.153859319944,31970.2338389093
7596.70677774264,7596.70677774264,7439.626778365756,7926.323463332141,31970.2338389093
7634.501455827177,7634.501455827177,7034.362511998978,7801.062670418764,31970.2338389093
7671.07382741785,7671.07382741785,7146.3770622956,7733.587212324434,31970.2338389093
7277.323207591716,7277.323207591716,7580.886894169258,7795.167141104644,31970.2338389093
7753.161591755628,7753.161591755628,7326.556484509076,7819.24011916845,31970.2338389093
7850.061631974288,7850.061631974288,7168.752320393585,7745.874766752651,31970.2338389093
7635.864805635003,7635.864805635003,6948.184408708849,7638.441894435742,31970.2338389093
8368.252793842708,8368.252793842708,7243.663115707439,7780.28186448007,31970.2338389093
7147.739869407473,7147.739869407473,7480.501816605868,7722.842401877254,31970.2338389093
7629.719250776801,7629.719250776801,7807.563740393661,7722.344705425595,31970.2338389093
7538.556393265653,7538.556393265653,7785.826143871376,7600.374282202929,31970.2338389093
7626.751364599347,7626.751364599347,8371.481013632389,7627.868810221327,31970.2338389093
7107.345548378121,7107.345548378121,8559.056550927613,7690.607287674094,31970.2338389093
7459.976294580563,7459.976294580563,8168.904393698804,7754.2489608573205,31970.2338389093
7673.043660078024,7673.043660078024,8379.251936539202,7838.637927606323,31970.2338389093
7707.792387507058,7707.792387507058,8702.907610629902,7800.426465251121,31970.2338389093
7718.438405831216,7718.438405831216,8621.918843166271,7774.1998733189175,31970.2338389093
7070.958438100488,7070.958438100488,7953.088690255803,7749.532308727369,31970.2338389093
8288.343501262523,8288.343501262523,7740.498394659716,7706.145951978275,31970.2338389093
7425.167941728719,7425.167941728719,7510.187699722635,7714.610786387352,31970.2338389093
6985.674999423227,6985.674999423227,7716.831500056745,7715.992738963581,31970.2338389093
7720.431969781473,7720.431969781473,7921.860662628138,7785.49625946988,31970.2338389093
7531.401673732226,7531.401673732226,7798.113335809738,7827.930043502225,31970.2338389093
7510.671815563285,7510.671815563285,7688.844546711662,7778.356633609364,31970.2338389093
7033.63721253557,7033.63721253557,7631.948708075193,7860.4587630964415,31970.2338389093
7577.699807904491,7577.699807904491,7675.397146078782,7870.569810263488,31970.2338389093
7872.595510640571,7872.595510640571,7825.720937031305,7954.161291987254,31970.2338389093
7469.450472189795,7469.450472189795,8020.9413285203045,7962.826207265991,31970.2338389093
6830.694634456249,6830.694634456249,7803.364445284469,7858.6524699702995,31970.2338389093
7310.799669036441,7310.799669036441,7935.598452166756,7923.94477477202,31970.2338389093
7733.436839041945,7733.436839041945,7987.262769826846,7896.282600123507,31970.2338389093
7365.186969957215,7365.186969957215,7369.676356276168,7828.839468329833,31970.2338389093
7697.527279028123,7697.527279028123,7368.458862767284,7906.672547236267,31970.2338389093
7333.388634891899,7333.388634891899,7398.317145197696,7776.609651189964,31970.2338389093
6756.824684303167,6756.824684303167,6937.436472394438,7666.574156034899,31970.2338389093
7292.855182039643,7292.855182039643,6704.400956053735,7652.628167145487,31970.2338389093
6936.657476615949,6936.657476615949,6605.394687839024,7668.511124933288,31970.2338389093
7001.291295630817,7001.291295630817,6339.0474511355005,7486.8532350366495,31970.2338389093
7089.835059803151,7089.835059803151,6708.001451845792,7563.241849486864,31970.2338389093
7194.881899627699,7194.881899627699,6416.56170324841,7369.381418890541,31970.2338389093
7504.0860950303895,7504.0860950303895,6289.934916765585,7443.896421777262,31970.2338389093
7156.617491625016,7156.617491625016,6312.30531003639,7401.937170914412,31970.2338389093
7741.551813814871,7741.551813814871,5862.827440927215,7346.966650545489,31970.2338389093
7441.948425267208,7441.948425267208,6038.171425009646,7375.024880957412,31970.2338389093
7456.877631686633,7456.877631686633,6128.5310178865375,7280.7449238808895,31970.2338389093
7902.309750463119,7902.309750463119,6392.534766779413,7328.798559987084,31970.2338389093
7520.8453295019435,7520.8453295019435,6438.987957960708,7288.041366941232,31970.2338389093
7313.126012831277,7313.126012831277,6671.984820135192,7245.745081150847,31970.2338389093
7154.934485199382,7154.934485199382,6634.23752873207,7273.320727425583,31970.2338389093
7650.012149226881,7650.012149226881,6711.078486582295,7276.19801642275,31970.2338389093
7998.215129690941,7998.215129690941,7005.745679158618,7357.120201935833,31970.2338389093
7377.87980643501,7377.87980643501,7118.577491091752,7418.780166732968,31970.2338389093
7256.630454930405,7256.630454930405,7471.0267311619145,7411.8965843187525,31970.2338389093
7280.785549609014,7280.785549609014,7099.488355800674,7278.745173283695,31970.2338389093
7242.438685064944,7242.438685064944,7106.781866444474,7236.79000026797,31970.2338389093
7461.618575774194,7461.618575774194,7046.39158393146,7304.326412694659,31970.2338389093
6948.736044462636,6948.736044462636,6886.647213116526,7275.733927822767,31970.2338389093
7650.269971484004,7650.269971484004,7729.414427735753,7342.89534355651,31970.2338389093
7323.5728273767245,7323.5728273767245,7438.937998578175,7265.007963820044,31970.2338389093
7176.563549035173,7176.563549035173,7318.150508459487,7178.315370035916,31970.2338389093
6981.901108619903,6981.901108619903,7027.838009318622,7205.522575025284,31970.2338389093
7677.0951710098425,7677.0951710098425,7267.27125211267,7197.938214429025,31970.2338389093
7664.41674645531,7664.41674645531,7310.247631479158,7162.134800429061,31970.2338389093
6869.124617481202,6869.124617481202,7839.299198651681,7212.824134274272,31970.2338389093
7132.06964214239,7132.06964214239,8121.056699132687,7185.150952786665,31970.2338389093
7106.802676501273,7106.802676501273,8040.603484381446,7171.865587444965,31970.2338389093
6619.110202297245,6619.110202297245,8456.06876894608,7242.563912978728,31970.2338389093
7080.864158541198,7080.864158541198,7596.391803864608,7271.555966278272,31970.2338389093
7706.7746003403745,7706.7746003403745,7715.417642664494,7259.991813420999,31970.2338389093
6973.308221431083,6973.308221431083,8466.651776435256,7369.60818537844,31970.2338389093
6545.395664351897,6545.395664351897,8581.107793105863,7378.377833635107,31970.2338389093
7305.879400090449,7305.879400090449,8472.534248846412,7308.072931672678,31970.2338389093
6998.275088105317,6998.275088105317,8317.727011641273,7266.057535595369,31970.2338389093
7759.789427979563,7759.789427979563,8273.571613800936,7329.769547692126,31970.2338389093
6919.303744305453,6919.303744305453,8121.425636116313,7283.046338394888,31970.2338389093
7294.250931356806,7294.250931356806,8148.477447701883,7266.481647769588,31970.2338389093
7760.4316977849285,7760.4316977849285,8166.118611503854,7310.643447873238,31970.2338389093
7627.793676045358,7627.793676045358,8341.8089938482,7335.729499343852,31970.2338389093
6988.5181362050635,6988.5181362050635,8797.620641125952,7458.843052589296,31970.2338389093
7108.30262625953,7108.30262625953,8270.106653449842,7436.5098256350575,31970.2338389093
6609.910271548539,6609.910271548539,8529.040650060282,7486.733409681795,31970.2338389093
7340.359270205538,7340.359270205538,8959.459386405728,7626.029537698591,31970.2338389093
6812.19871008053,6812.19871008053,9347.84974892286,7661.935712826485,31970.2338389093
7026.125367388291,7026.125367388291,8824.708646227507,7615.0478478980895,31970.2338389093
6694.050713190947,6694.050713190947,8704.28764808489,7636.416573532981,31970.2338389093
7491.898028424659,7491.898028424659,8627.533170633571,7651.108090685555,31970.2338389093
7559.335034871069,7559.335034871069,8849.664687967226,7759.497447898878,31970.2338389093
7026.561704742419,7026.561704742419,8735.806436585748,7815.081296433901,31970.2338389093
7306.988061438064,7306.988061438064,8074.62164048453,7732.167090317043,31970.2338389093
7382.846586091615,7382.846586091615,7809.269048495815,7715.051294684537,31970.2338389093
7005.537949730973,7005.537949730973,7699.616017372221,7768.669629803122,31970.2338389093
7293.945583867513,7293.945583867513,7365.097301804346,7836.587936052183,31970.2338389093
6659.826096641886,6659.826096641886,7284.942510141736,7946.358726669389,31970.2338389093
7031.2643318937535,7031.2643318937535,7614.439317882902,7930.30142647274,31970.2338389093
7401.737369730611,7401.737369730611,7678.65834025677,7946.442038007027,31970.2338389093
6717.236806354716,6717.236806354716,7589.114522612757,7890.424041852225,31970.2338389093
7184.7462507778955,7184.7462507778955,6577.2494706165335,7787.149750430044,31970.2338389093
6498.1821086846185,6498.1821086846185,6669.454273822863,7814.575187171435,31970.2338389093
7224.958134088249,7224.958134088249,6821.183911808481,7769.556366932326,31970.2338389093
7494.068250596385,7494.068250596385,7124.852561130987,7797.806109594278,31970.2338389093
7367.967751566355,7367.967751566355,6769.644227909193,7721.449339553237,31970.2338389093
7124.141530795892,7124.141530795892,6769.931700548148,7766.858777943462,31970.2338389093
7150.911484407233,7150.911484407233,6597.62020306369,7771.677421049743,31970.2338389093
7649.751502612082,7649.751502612082,6593.840925851514,7829.171940482908,31970.2338389093
7101.981291668399,7101.981291668399,6454.498995382442,7815.985463794621,31970.2338389093
6991.494637330631,6991.494637330631,6509.1336058475,7782.9724462354325,31970.2338389093
6855.378797007869,6855.378797007869,6977.476886344964,7805.315685075731,31970.2338389093
6948.929413108778,6948.929413108778,6657.624010173167,7600.217103658917,31970.2338389093
7065.650191043217,7065.650191043217,7020.5180432232855,7685.872375861348,31970.2338389093
7190.58882186445,7190.58882186445,7133.709975240546,7760.918002950489,31970.2338389093
7952.217441857635,7952.217441857635,6850.43353448578,7685.968444586668,31970.2338389093
7257.5278684312825,7257.5278684312825,6780.065848674747,7669.417697255875,31970.2338389093
7003.533549525757,7003.533549525757,6475.6115718135125,7604.750209116613,31970.2338389093
7284.428167114455,7284.428167114455,6390.149910352475,7539.342082823068,31970.2338389093
6960.646559014347,6960.646559014347,7006.893971791122,7593.152918326308,31970.2338389093
7253.310767502677,7253.310767502677,7046.408389596766,7584.133427278496,31970.2338389093
7592.921869006838,7592.921869006838,7475.668664013721,7609.23566408926,31970.2338389093
7140.551077090702,7140.551077090702,7355.870956876347,7552.112934261266,31970.2338389093
7532.21083273228,7532.21083273228,7118.265496593891,7566.441946647228,31970.2338389093
7390.912357810199,7390.912357810199,6851.380933256989,7437.863834314837,31970.2338389093
7164.268209644411,7164.268209644411,7301.795269250916,7430.1059398156785,31970.2338389093
7690.899090712978,7690.899090712978,7402.429672998924,7455.396782086379,31970.2338389093
6981.642315918742,6981.642315918742,7689.785834766772,7479.161973741713,31970.2338389093
7474.861979949164,7474.861979949164,7817.288242735032,7448.085408609887,31970.2338389093
7448.801251620835,7448.801251620835,7293.436733167667,7427.555137736577,31970.2338389093
7222.334993619175,7222.334993619175,7205.102519728016,7395.458441683722,31970.2338389093
7139.158999576735,7139.158999576735,6606.974511659088,7297.406844120306,31970.2338389093
7110.211697018856,7110.211697018856,6856.121684218682,7254.975472335363,31970.2338389093
7215.665202898407,7215.665202898407,6656.633765855401,7138.244571593117,31970.2338389093
7208.670599989971,7208.670599989971,6617.481095124613,7107.33872264979,31970.2338389093
7016.192737508878,7016.192737508878,6394.578528750992,7003.21351555382,31970.2338389093
7234.818198587061,7234.818198587061,6259.65120397922,6915.435145601077,31970.2338389093
7634.711862479806,7634.711862479806,6323.828108858445,6874.357645728832,31970.2338389093
6972.589477953281,6972.589477953281,6038.864115226597,6890.916502409706,31970.2338389093
7367.882160837217,7367.882160837217,6127.911403843356,6912.279888888272,31970.2338389093
7536.18587647939,7536.18587647939,6395.65902679751,6949.083612916508,31970.2338389093
7179.538798252228,7179.538798252228,6670.731276824532,6861.6201618917685,31970.2338389093
7532.111960503734,7532.111960503734,6529.66205140353,6813.746595298919,31970.2338389093
7426.067702850697,7426.067702850697,6559.310865412049,6835.182416578621,31970.2338389093
7370.471641145157,7370.471641145157,6736.014584185805,6892.687829787788,31970.2338389093
7424.306263732235,7424.306263732235,6439.911977280428,6751.272707535462,31970.2338389093
7954.7017606448235,7954.7017606448235,6464.208108145363,6735.257306869282,31970.2338389093
7606.537111572941,7606.537111572941,6299.286582556468,6677.2264602117775,31970.2338389093
7636.930698363999,7636.930698363999,6491.779481178889,6666.384535068903,31970.2338389093
7123.129919047136,7123.129919047136,6515.948237540596,6679.737868345038,31970.2338389093
7070.983675231967,7070.983675231967,6041.736976178172,6639.608103629593,31970.2338389093
7243.870548409852,7243.870548409852,5728.327988538024,6691.835865476066,31970.2338389093
7245.493619442561,7245.493619442561,6072.749001985454,6694.405540931437,31970.2338389093
7230.903294159843,7230.903294159843,6325.734340299079,6736.092502276739,31970.2338389093
6942.630284918547,6942.630284918547,6331.264042669953,6733.970126095581,31970.2338389093
6830.517749827453,6830.517749827453,6610.218182569495,6719.387498467523,31970.2338389093
7549.862246322105,7549.862246322105,6704.140513716023,6722.099069502856,31970.2338389093
7228.7120994356865,7228.7120994356865,6827.3317406377555,6723.16876772659,31970.2338389093
7238.361973391766,7238.361973391766,7057.920334330937,6759.2004167647865,31970.2338389093
7285.322643482279,7285.322643482279,6958.608016329371,6780.559672534423,31970.2338389093
7230.292825309285,7230.292825309285,7832.62177040902,6904.305736541897,31970.2338389093
7068.710183065787,7068.710183065787,7911.782850879727,6878.697058383018,31970.2338389093
7526.412990057468,7526.412990057468,8104.259176120917,6983.732574120986,31970.2338389093
7481.293734842924,7481.293734842924,7735.287489253115,6879.046391482706,31970.2338389093
7259.110946949134,7259.110946949134,7778.545771889301,6862.937285425332,31970.2338389093
7555.704452412555,7555.704452412555,8005.88609009847,6950.4780095900605,31970.2338389093
7367.706517783465,7367.706517783465,7847.87814039503,6935.661527846912,31970.2338389093
7486.88708762178,7486.88708762178,7809.593203772818,6989.965094118453,31970.2338389093
7176.3566748017565,7176.3566748017565,7383.79605721369,6957.9296461370295,31970.2338389093
7022.738421639626,7022.738421639626,7538.249828579702,6886.830843892139,31970.2338389093
7644.331122113819,7644.331122113819,6747.811649655104,6844.586388553564,31970.2338389093
7885.035291250559,7885.035291250559,6835.3041139559555,6750.624148371466,31970.2338389093
7160.702940466597,7160.702940466597,6686.576015561758,6849.873585858069,31970.2338389093
7121.959219558385,7121.959219558385,6864.155402354841,6828.224372634898,31970.2338389093
7138.0599974087045,7138.0599974087045,6627.544976016603,6818.170093977255,31970.2338389093
7168.933163556712,7168.933163556712,6702.79186617113,6830.677328974104,31970.2338389093
7251.0581465782725,7251.0581465782725,6931.805910420791,6841.536775331286,31970.2338389093
7853.290087520013,7853.290087520013,6925.260635831626,6837.060054331422,31970.2338389093
7387.554762379597,7387.554762379597,7236.493497855925,6841.770697161207,31970.2338389093
7545.928701388268,7545.928701388268,7218.304133103937,6871.804323879393,31970.2338389093
7495.522504524315,7495.522504524315,7869.271468137679,6977.420178235498,31970.2338389093
7335.2324620604895,7335.2324620604895,7844.439040772489,6998.1170541941465,31970.2338389093
7136.476498910459,7136.476498910459,7955.343820706681,7069.718013155669,31970.2338389093
7261.735828240183,7261.735828240183,8160.162775478377,7128.930174559492,31970.2338389093
7200.750802925163,7200.750802925163,8385.831544043045,7171.840183760941,31970.2338389093
7420.865374795934,7420.865374795934,8524.080501193439,7256.577723462593,31970.2338389093
7601.427484583762,7601.427484583762,8630.111910458752,7315.628916627193,31970.2338389093
7178.5050088686985,7178.5050088686985,8284.611989737734,7229.216830507279,31970.2338389093
7807.330482953876,7807.330482953876,8178.521098287664,7269.702093773421,31970.2338389093
7166.0563711352415,7166.0563711352415,8172.477744753119,7280.7175920613445,31970.2338389093
7186.9236322612805,7186.9236322612805,7695.477627936505,7237.383898463296,31970.2338389093
7709.181810106238,7709.181810106238,7724.011046340536,7208.773008097347,31970.2338389093
7757.085559618835,7757.085559618835,7159.585142149872,7195.702631304937,31970.2338389093
7229.480604276122,7229.480604276122,7143.680176513975,7245.804036779878,31970.2338389093
7599.927587061671,7599.927587061671,7105.935128191991,7245.824292562179,31970.2338389093
6880.2126051972455,6880.2126051972455,6589.911972867204,7286.5777225799475,31970.2338389093
7421.613675312185,7421.613675312185,6469.356990018069,7316.658693001733,31970.2338389093
7917.9937297250935,7917.9937297250935,6923.060745581276,7353.971663112241,31970.2338389093
7614.248820763272,7614.248820763272,6973.965322805148,7366.139262098673,31970.2338389093
7431.472682789714,7431.472682789714,6798.6158829093565,7337.2511211350975,31970.2338389093
7068.086944862673,7068.086944862673,6950.980453827539,7419.23259399317,31970.2338389093
7683.8260355485,7683.8260355485,7113.445164068922,7485.796443203526,31970.2338389093
6653.45316380919,6653.45316380919,7876.1680731933475,7556.386445546515,31970.2338389093
7717.572840568982,7717.572840568982,7707.236902128099,7522.1045491456825,31970.2338389093
8106.881800973656,8106.881800973656,7591.9141869309515,7497.954321414379,31970.2338389093
7314.120876939979,7314.120876939979,8007.010546824635,7565.936195430975,31970.2338389093
7483.441886896337,7483.441886896337,7734.567054917978,7522.744001242126,31970.2338389093
7674.2655167418125,7674.2655167418125,7784.767949063546,7545.458904797401,31970.2338389093
7245.082331077203,7245.082331077203,7717.133453280394,7497.981885888564,31970.2338389093
7542.615218738604,7542.615218738604,7863.801095536362,7518.289736976495,31970.2338389093
6939.823551145907,6939.823551145907,7598.246238648356,7372.357487641037,31970.2338389093
7582.848330555472,7582.848330555472,7490.541921844117,7401.548257396404,31970.2338389093
7327.843935078584,7327.843935078584,7108.679454400031,7357.270501202338,31970.2338389093
6854.185421790102,6854.185421790102,7535.668453343527,7482.180741963765,31970.2338389093
7291.269643422965,7291.269643422965,7872.127088928404,7516.670584822199,31970.2338389093
7203.2652512527375,7203.2652512527375,7722.049094603701,7509.168796332021,31970.2338389093
7213.170639250865,7213.170639250865,7860.6448896385555,7525.297351090829,31970.2338389093
7309.669012777915,7309.669012777915,7456.595337780092,7474.859331598855,31970.2338389093
7199.681156377482,7199.681156377482,7454.805581882707,7512.183790822368,31970.2338389093
6865.644580495734,6865.644580495734,7675.5076775777125,7545.741306776097,31970.2338389093
7408.07871816136,7408.07871816136,7772.117360984502,7577.218629906915,31970.2338389093
7904.0559338110315,7904.0559338110315,7532.438310534632,7540.97509671214,31970.2338389093
7239.570510722834,7239.570510722834,7713.8562786609855,7562.7265538221845,31970.2338389093
7689.962465816579,7689.962465816579,7518.536862810911,7613.0570340549775,31970.2338389093
7415.097739761808,7415.097739761808,7175.429548446204,7626.24749930812,31970.2338389093
7310.049761518903,7310.049761518903,7146.819106301799,7597.974244358156,31970.2338389093
7208.288602287533,7208.288602287533,7205.589384060336,7580.054045818739,31970.2338389093
7074.423973885195,7074.423973885195,7465.676123065961,7582.942429045723,31970.2338389093
7929.491132390974,7929.491132390974,7510.299131481335,7566.944917547449,31970.2338389093
7257.506308123977,7257.506308123977,7520.729451695018,7606.226370494315,31970.2338389093
7315.282086645747,7315.282086645747,7543.331313095584,7512.030598898498,31970.2338389093
6910.256233284513,6910.256233284513,7781.0925277457045,7528.305794106784,31970.2338389093
7212.380503830445,7212.380503830445,7407.032958517356,7453.064381384319,31970.2338389093
7026.383977105426,7026.383977105426,7094.325430770172,7399.889565113339,31970.2338389093
7641.984000719261,7641.984000719261,7174.6980753261205,7384.020805564735,31970.2338389093
7467.195223451792,7467.195223451792,7132.729380015591,7319.7040201225855,31970.2338389093
7540.24472040108,7540.24472040108,7091.5933886967705,7272.350341466342,31970.2338389093
7465.834953767048,7465.834953767048,6852.134725222642,7296.4469761427035,31970.2338389093
7633.100722504081,7633.100722504081,6899.746340887247,7311.189966067365,31970.2338389093
7484.413610681986,7484.413610681986,6813.808673070676,7334.492556157825,31970.2338389093
7861.280424952536,7861.280424952536,6843.388793879358,7341.612832087067,31970.2338389093
6999.800740301793,6999.800740301793,6771.715598217828,7337.846704482242,31970.2338389093
7539.651210465406,7539.651210465406,6974.544025049705,7416.056157964283,31970.2338389093
7635.989344141355,7635.989344141355,7507.6751320968615,7472.688556229915,31970.2338389093
7322.466866083853,7322.466866083853,7264.243540202672,7415.682487966871,31970.2338389093
7393.156154780832,7393.156154780832,7158.939842937123,7433.509594136571,31970.2338389093
7068.6549473754085,7068.6549473754085,7136.226066202968,7405.7241567033225,31970.2338389093
7374.571830281289,7374.571830281289,7367.902064706215,7385.415239967691,31970.2338389093
7532.231024824677,7532.231024824677,7326.815965456632,7381.760094597662,31970.2338389093
7788.0968395253785,7788.0968395253785,7165.620997742501,7407.893579124453,31970.2338389093
7608.533008864436,7608.533008864436,6960.847579343649,7343.586257190289,31970.2338389093
7043.314251602435,7043.314251602435,6842.020952661822,7283.56186220082,31970.2338389093
7575.698220920669,7575.698220920669,6905.479307934006,7221.918404912415,31970.2338389093
6988.450900838356,6988.450900838356,6557.544632712614,7242.750102346818,31970.2338389093
7361.920025622102,7361.920025622102,7148.380391301794,7326.97572884104,31970.2338389093
7283.987647781684,7283.987647781684,7171.388509268834,7266.385186625409,31970.2338389093
7708.662231330648,7708.662231330648,7038.010674335518,7266.4128805868295,31970.2338389093
7279.448532507699,7279.448532507699,6942.190896067796,7216.89982936854,31970.2338389093
7496.531794125364,7496.531794125364,6651.367818036114,7168.606967548807,31970.2338389093
7284.286127449662,7284.286127449662,6646.078229266537,7164.349005870489,31970.2338389093
7531.8204251836405,7531.8204251836405,6627.562940597889,7149.4495975801965,31970.2338389093
7114.085521356555,7114.085521356555,6675.623098265387,7120.578097485075,31970.2338389093
7083.001471393762,7083.001471393762,6533.46424453521,7106.875362939452,31970.2338389093
7699.699848308086,7699.699848308086,6241.991198845006,6984.0146514471135,31970.2338389093
7560.642838724458,7560.642838724458,5786.2298276562815,6909.796276586616,31970.2338389093
7581.720570157378,7581.720570157378,5874.247877870219,6896.824943278715,31970.2338389093
7432.65019407213,7432.65019407213,6200.24395811952,6934.332694283023,31970.2338389093
7898.404118922567,7898.404118922567,5981.973393749191,6921.975440562361,31970.2338389093
7594.694544744782,7594.694544744782,6125.65989570938,6902.777830314141,31970.2338389093
7306.163725137944,7306.163725137944,6299.115992771636,6889.070668909273,31970.2338389093
6979.5643601186985,6979.5643601186985,6258.27024521967,6846.680174427229,31970.2338389093
7341.872464340721,7341.872464340721,6632.962222882255,6940.682879954598,31970.2338389093
7330.882847876281,7330.882847876281,6374.146591615258,6838.933425530306,31970.2338389093
7160.6964445751555,7160.6964445751555,6577.590106205911,6795.825300126112,31970.2338389093
7132.04540195724,7132.04540195724,6800.818882862603,6834.874143469895,31970.2338389093
7288.331814412099,7288.331814412099,6899.99784539595,6847.460691097544,31970.2338389093
6900.90452975229,6900.90452975229,6570.568714503288,6807.328560371613,31970.2338389093
7155.599660811938,7155.599660811938,6449.360710564279,6718.7123580620255,31970.2338389093
6918.788719396697,6918.788719396697,6561.933879748636,6713.104779967603,31970.2338389093
7119.147736597701,7119.147736597701,6420.955519451004,6669.115882460472,31970.2338389093
7803.134997465232,7803.134997465232,7141.544332734338,6766.322778354981,31970.2338389093
7126.0135416527655,7126.0135416527655,6865.238456492024,6757.512065703863,31970.2338389093
7516.762794490946,7516.762794490946,6924.7864887874675,6742.48413158433,31970.2338389093
7328.957814009889,7328.957814009889,7208.74464359633,6818.709142691344,31970.2338389093
Average Episodic Reward,Average Episodic N-Reward,Avg Reward (last 10),Avg Reward (last 50),Best Reward
9676.20574328341,9676.20574328341,10974.151998407986,10974.151998407986,10974.151998407986
9641.025035489733,9641.025035489733,6913.41311301116,6913.41311301116,10974.151998407986
10365.171259195575,10365.171259195575,9486.315011661498,9486.315011661498,14632.118808962172
10076.011598944271,10076.011598944271,7885.491892797139,7885.491892797139,14632.118808962172
10027.175443827975,10027.175443827975,7981.050173916594,7981.050173916594,14632.118808962172
9994.757979592563,9994.757979592563,8438.807274596553,8438.807274596553,14632.118808962172
9488.776969894587,9488.776969894587,7867.481854835311,7867.481854835311,14632.118808962172
10430.285930735628,10430.285930735628,7289.113763398278,7289.113763398278,14632.118808962172
9531.93202257743,9531.93202257743,8430.45833838633,8430.45833838633,17561.214938290756
10095.252717235287,10095.252717235287,8301.52874157012,8301.52874157012,17561.214938290756
10435.604449626899,10435.604449626899,8873.442203720588,9064.415821419443,17561.214938290756
9845.46535748907,9845.46535748907,10118.204887021355,9584.072924686323,17561.214938290756
10237.679072607652,10237.679072607652,10273.3146109509,10091.699318807192,17561.214938290756
10977.754701036454,10977.754701036454,11304.297840697833,10327.496141297635,17561.214938290756
9947.871203648796,9947.871203648796,11918.285790842881,10605.873918534118,17561.214938290756
11651.26672943308,11651.26672943308,11247.612447371679,10194.310507581005,17561.214938290756
9503.710666752155,9503.710666752155,12936.08361299576,10849.012300812046,21324.240992508705
10992.874068024284,10992.874068024284,13373.134768473707,10669.125432884626,21324.240992508705
9942.810318284075,9942.810318284075,11979.397826096221,10298.321226654696,21324.240992508705
10643.662847202102,10643.662847202102,11899.96762345599,10100.748182513056,21324.240992508705
10047.340551380115,10047.340551380115,10960.735255843381,9967.425075907031,21324.240992508705
10418.954544729737,10418.954544729737,10181.01850710955,9855.411825787787,21324.240992508705
8761.476877472422,8761.476877472422,10054.99092868433,10075.739149188554,21324.240992508705
10333.24462132332,10333.24462132332,9319.307538483528,9907.417556791755,21324.240992508705
10833.8086428701,10833.8086428701,8169.404555058614,9631.286173143917,21324.240992508705
24421.383494803245,24421.383494803245,9020.106765048138,9742.693683529902,21324.240992508705
22356.469007332416,22356.469007332416,9349.73073795161,10293.722833085958,24620.480721543412
15932.943925764863,15932.943925764863,10272.375337903159,10527.428970391245,24620.480721543412
12115.1775309661,12115.1775309661,10946.362948751663,10521.783889446751,24620.480721543412
14619.598685957342,14619.598685957342,13508.700298260399,11236.732221095503,31970.2338389093
14916.118398965089,14916.118398965089,14555.374431260265,11447.408738924203,31970.2338389093
14120.422998181462,14120.422998181462,15999.44159910239,11775.421129948601,31970.2338389093
14340.412700717738,14340.412700717738,15073.634349567506,11590.252846273086,31970.2338389093
16467.562700765095,16467.562700765095,15628.784247257785,11590.172465752354,31970.2338389093
19411.399047719806,19411.399047719806,16283.83419195448,11532.014178518364,31970.2338389093
11350.272581586116,11350.272581586116,15339.88514344527,11297.46908906195,31970.2338389093
16838.241293249062,16838.241293249062,15421.886127352793,11679.712912617537,31970.2338389093
10897.158519036338,10897.158519036338,15340.342960963128,11793.985283699636,31970.2338389093
15983.342835142977,15983.342835142977,15150.65491129892,11708.673895049873,31970.2338389093
10523.09086545883,10523.09086545883,14836.679141889219,12136.718951293933,31970.2338389093
13676.161996759027,13676.161996759027,13767.025773574298,12013.168991277886,31970.2338389093
11826.88305034176,11826.88305034176,12093.194644448162,11851.081490543736,31970.2338389093
15068.69786724875,15068.69786724875,12043.957419580438,11695.765537739913,31970.2338389093
10138.388366348297,10138.388366348297,11250.405875311713,11512.952786106755,31970.2338389093
14116.097412441035,14116.097412441035,11551.809131123853,11536.413056875139,31970.2338389093
10970.558201138607,10970.558201138607,12320.92227122247,11519.958911270758,31970.2338389093
10114.941436144805,10114.941436144805,10174.317326856693,11359.415979476931,31970.2338389093
12360.63860163879,12360.63860163879,9953.054037772003,11410.457940798044,31970.2338389093
10113.166822053303,10113.166822053303,9660.654949793698,11290.71084499759,31970.2338389093
15522.472361135771,15522.472361135771,7955.919169620948,11300.558994959334,31970.2338389093
11419.233706315492,11419.233706315492,8704.518233491632,11372.219179578033,31970.2338389093
14366.470459986496,14366.470459986496,10013.44635751366,11681.061199039024,31970.2338389093
17977.246646185853,17977.246646185853,11124.841728261066,11714.14780740885,31970.2338389093
19031.412079970698,19031.412079970698,11810.378937105179,11862.634887771208,31970.2338389093
8946.41349677139,8946.41349677139,11292.078399875512,11843.082413771068,31970.2338389093
15405.864916220375,15405.864916220375,10931.35958675921,11771.977242769352,31970.2338389093
8599.177455282805,8599.177455282805,12244.638475617803,12025.331256154934,31970.2338389093
16217.68928310094,16217.68928310094,12370.288920902321,12261.839205202863,31970.2338389093
9140.369480100655,9140.369480100655,13543.315783074751,12256.07728380305,31970.2338389093
16035.23796586828,16035.23796586828,13801.23232211936,12400.499711069184,31970.2338389093
8170.389218463379,8170.389218463379,13846.170706978886,12366.764880229692,31970.2338389093
15103.125220618216,15103.125220618216,12820.61811837643,12221.54384531004,31970.2338389093
9720.108798535848,9720.108798535848,12806.114980261009,12220.707881270871,31970.2338389093
16058.171078813028,16058.171078813028,12728.012734922067,12147.377866616054,31970.2338389093
8373.693999751842,8373.693999751842,12959.135668973935,12051.25238939728,31970.2338389093
14372.571122475782,14372.571122475782,13745.514568465045,12271.557666988028,31970.2338389093
10186.375609714334,10186.375609714334,13833.78848176657,12204.872229909093,31970.2338389093
15357.533210244612,15357.533210244612,14828.898829259115,12552.992017359946,31970.2338389093
10227.106845438071,10227.106845438071,13874.391717494043,12635.076062082613,31970.2338389093
13905.465089322634,13905.465089322634,13367.43875049803,12693.993936477593,31970.2338389093
10359.366690218267,10359.366690218267,13286.164955018592,12831.850820064734,31970.2338389093
9039.419154038495,9039.419154038495,13594.119050901742,12904.163954068477,31970.2338389093
12947.723502207407,12947.723502207407,13324.027684824629,12874.51523249893,31970.2338389093
8409.939873589854,8409.939873589854,13669.698611083932,13017.456081136137,31970.2338389093
11498.710828034638,11498.710828034638,13985.905533525496,13214.552585090658,31970.2338389093
14048.168643370396,14048.168643370396,13527.472697716521,13173.030853521705,31970.2338389093
12656.23866954223,12656.23866954223,12671.178941529875,12869.161870624746,31970.2338389093
11521.79037727265,11521.79037727265,11404.229615745811,12779.362872928476,31970.2338389093
11101.084946905206,11101.084946905206,11826.897172132834,12811.182906758848,31970.2338389093
11643.891972540992,11643.891972540992,11405.138961481012,12273.281669121712,31970.2338389093
10483.396323012077,10483.396323012077,11735.249681741236,12267.825870160928,31970.2338389093
11316.446484315495,11316.446484315495,11609.03539852833,12026.082713953663,31970.2338389093
10827.583412303567,10827.583412303567,11563.235224909497,12172.435407567327,31970.2338389093
9360.737540180038,9360.737540180038,11233.040495430501,12138.307330770678,31970.2338389093
13015.606207170074,13015.606207170074,10308.237329041967,12019.433212508155,31970.2338389093
9383.673614846812,9383.673614846812,10416.126399068708,12188.279104646394,31970.2338389093
15697.657219769444,15697.657219769444,10456.666236501065,11876.117892454402,31970.2338389093
8113.582494612113,8113.582494612113,9775.794883567349,11666.453257449322,31970.2338389093
10730.293848933441,10730.293848933441,9577.039102214818,11696.45974494203,31970.2338389093
9005.24981147202,9005.24981147202,10237.970570098618,11353.539954763593,31970.2338389093
12518.010406011465,12518.010406011465,9757.854021504707,11465.99151974701,31970.2338389093
11205.751097320172,11205.751097320172,9147.07460877646,11436.858706819325,31970.2338389093
11867.682945601358,11867.682945601358,9155.281859930838,11594.700295637409,31970.2338389093
11733.032785442549,11733.032785442549,9380.57903251572,11764.34196221148,31970.2338389093
11813.135713492156,11813.135713492156,9751.9195977393,11659.455305831241,31970.2338389093
8349.444897674672,8349.444897674672,9338.087351303326,11591.712120662565,31970.2338389093
12474.650215960648,12474.650215960648,9203.041750142022,11681.862777111468,31970.2338389093
8286.376429966096,8286.376429966096,9573.537681771577,11590.549986249232,31970.2338389093
12947.707820486035,12947.707820486035,9116.84493111834,11587.697741206957,31970.2338389093
8019.762455815437,8019.762455815437,8959.151742537211,11554.186469346845,31970.2338389093
12540.593767212178,12540.593767212178,8017.834543223388,11328.65478169336,31970.2338389093
7893.244867558159,7893.244867558159,8494.251514218075,11133.019738160208,31970.2338389093
13735.447296391041,13735.447296391041,8241.583517326397,11018.048653450473,31970.2338389093
7695.526236120807,7695.526236120807,8414.745502314767,11085.2152752534,31970.2338389093
14132.33517385872,14132.33517385872,9068.938642624464,11214.827354381034,31970.2338389093
7755.948737233224,7755.948737233224,8893.579655195763,11184.156134349874,31970.2338389093
14149.024918311849,14149.024918311849,8556.255598785803,10944.18620174507,31970.2338389093
7936.3464697754025,7936.3464697754025,9266.236338429484,10969.739469754668,31970.2338389093
13481.590165711339,13481.590165711339,9900.805728457412,10859.195730283489,31970.2338389093
7488.469493270394,7488.469493270394,10172.033637978715,10828.346732518718,31970.2338389093
13861.680252218512,13861.680252218512,10953.07253691363,10750.03514768031,31970.2338389093
10131.729863851482,10131.729863851482,11202.515960445377,10809.399306573998,31970.2338389093
13403.015409303714,13403.015409303714,11091.092952770641,10675.0442479524,31970.2338389093
10694.202619198086,10694.202619198086,10765.626737074297,10692.738075683843,31970.2338389093
11162.718202164846,11162.718202164846,9789.082471549078,10580.816714896062,31970.2338389093
11473.974546954336,11473.974546954336,9801.914466125501,10395.436113881964,31970.2338389093
11719.361914465157,11719.361914465157,10100.660319263758,10197.560569244504,31970.2338389093
9525.62958879787,9525.62958879787,10730.575201468768,10150.0747441966,31970.2338389093
11324.1212036596,11324.1212036596,10526.775917439762,10189.672570272634,31970.2338389093
9702.39147791761,9702.39147791761,9521.67178823864,10059.193340066839,31970.2338389093
9764.209675631771,9764.209675631771,9622.101821390455,10017.222520954681,31970.2338389093
13979.195984601867,13979.195984601867,9641.10677202081,10018.796850797811,31970.2338389093
17299.679325550518,17299.679325550518,10261.111784098255,10062.461067807126,31970.2338389093
12686.816207489457,12686.816207489457,10291.34217967251,10017.066789401557,31970.2338389093
9330.229761419865,9330.229761419865,11066.853492612074,9997.006306713376,31970.2338389093
11362.529017679775,11362.529017679775,11858.16266157644,10061.574106653947,31970.2338389093
10468.70837444997,10468.70837444997,12023.910161871487,10068.106813312826,31970.2338389093
11515.892136446308,11515.892136446308,11480.898402187053,10165.408501484846,31970.2338389093
9166.729493519202,9166.729493519202,11894.918376423539,10203.276811130774,31970.2338389093
11492.203913062007,11492.203913062007,13068.122841462691,10391.790116063175,31970.2338389093
11745.740898172246,11745.740898172246,12794.297826671875,10229.032149940811,31970.2338389093
10881.44998669294,10881.44998669294,12978.300341025944,10292.649839297334,31970.2338389093
11787.180728866688,11787.180728866688,12794.801185096567,10308.774259844538,31970.2338389093
9125.173108675242,9125.173108675242,12850.34141639087,10340.526973593633,31970.2338389093
12487.615785443315,12487.615785443315,12721.9349287092,10479.745826646824,31970.2338389093
12718.7244513959,12718.7244513959,12303.95000469908,10439.138827780023,31970.2338389093
11131.640824231645,11131.640824231645,12901.802324868728,10557.13403098636,31970.2338389093
10998.057901153383,10998.057901153383,12246.55233167587,10659.55999110655,31970.2338389093
11126.532056114485,11126.532056114485,12174.759648222152,10722.82092033224,31970.2338389093
11273.583627519572,11273.583627519572,12026.3520526624,10749.466412575932,31970.2338389093
12081.981357372359,12081.981357372359,12184.520237251421,10714.365393090153,31970.2338389093
11251.306270436282,11251.306270436282,12726.969738701442,11008.628865282331,31970.2338389093
12559.770374663483,12559.770374663483,12569.940310190412,10991.705949896454,31970.2338389093
11185.497282126891,11185.497282126891,12064.1027951525,10877.23172612099,31970.2338389093
11906.244661768935,11906.244661768935,13221.702494327455,11173.702405964455,31970.2338389093
10453.608102766853,10453.608102766853,12781.551888299773,11127.831735179312,31970.2338389093
12765.564660793743,12765.564660793743,12413.032528030242,11199.132186564002,31970.2338389093
10977.225283135167,10977.225283135167,12107.053015241881,11166.26305780061,31970.2338389093
12494.998259539534,12494.998259539534,12415.640794978633,11382.580093104301,31970.2338389093
10781.915235173274,10781.915235173274,11907.380600122155,11339.112184092919,31970.2338389093
12869.656316409777,12869.656316409777,11447.368267045136,11400.272137854503,31970.2338389093
12168.328951180047,12168.328951180047,10867.200103659221,11483.218583170557,31970.2338389093
12235.918331689632,12235.918331689632,11051.62925521595,11553.715097474365,31970.2338389093
12402.458774216995,12402.458774216995,11643.277316406547,11522.938088939343,31970.2338389093
12443.64829205536,12443.64829205536,10192.57525511752,11398.429728463065,31970.2338389093
13461.525853066732,13461.525853066732,10494.536829732333,11448.023170086624,31970.2338389093
12673.81249150371,12673.81249150371,10784.791911885146,11644.839449183872,31970.2338389093
11531.401572860073,11531.401572860073,10793.8483386811,11471.785457850934,31970.2338389093
11481.880758635665,11481.880758635665,10212.08045819649,11444.835039052114,31970.2338389093
11549.771931717112,11549.771931717112,10214.993661112327,11347.704188719641,31970.2338389093
11922.810783780746,11922.810783780746,10522.188132395397,11314.095256950855,31970.2338389093
12546.133988872094,12546.133988872094,10413.64992862846,11325.445376807174,31970.2338389093
12837.540633378614,12837.540633378614,10848.978288963644,11505.292164712962,31970.2338389093
12198.634193095653,12198.634193095653,10299.242508494008,11429.661243223285,31970.2338389093
13370.179625176183,13370.179625176183,11501.967104683408,11741.00665508993,31970.2338389093
12394.52099942095,12394.52099942095,11817.757105575967,11851.191697976717,31970.2338389093
12567.757642315606,12567.757642315606,11358.606315074336,11896.428648345987,31970.2338389093
11608.264456395993,11608.264456395993,12210.613360438516,11767.793089644885,31970.2338389093
13629.529032830875,13629.529032830875,12033.463456616377,11746.17254688744,31970.2338389093
12496.537043863324,12496.537043863324,12423.93833834588,11928.157498741091,31970.2338389093
12258.994726611101,12258.994726611101,13187.178315464553,12027.110555765677,31970.2338389093
11463.853556730824,11463.853556730824,12951.683305437171,11987.560683490448,31970.2338389093
12344.97824351263,12344.97824351263,12075.827069805187,11868.235221854351,31970.2338389093
12994.452620904536,12994.452620904536,12253.774332780997,11822.147673844984,31970.2338389093
11580.590267009728,11580.590267009728,11430.795195177949,11813.794995603108,31970.2338389093
10766.236547240447,10766.236547240447,10997.193545190272,11678.997874699484,31970.2338389093
11812.452227168314,11812.452227168314,11793.48217438506,11850.343050848702,31970.2338389093
11196.978474405192,11196.978474405192,11665.206318533334,11804.654672914141,31970.2338389093
12513.13985821051,12513.13985821051,12164.647052629512,11800.118282128633,31970.2338389093
12034.707520802473,12034.707520802473,11716.741942228631,11657.88131889428,31970.2338389093
13686.038911179141,13686.038911179141,11190.905837318325,11706.432157894968,31970.2338389093
12122.137425939422,12122.137425939422,11355.670071119803,11663.03462950922,31970.2338389093
12040.541107331212,12040.541107331212,11645.295735515912,11638.334131938222,31970.2338389093
12273.830196509518,12273.830196509518,12266.973257772745,11705.474042121357,31970.2338389093
12901.769546528012,12901.769546528012,12126.982833415339,11694.804576544333,31970.2338389093
13589.421201998734,13589.421201998734,12269.976187944188,11672.203111348508,31970.2338389093
13336.7643309442,13336.7643309442,11502.312021364512,11570.444990147858,31970.2338389093
12150.168146428052,12150.168146428052,11322.741351513494,11619.892476881665,31970.2338389093
13898.454829069244,13898.454829069244,10754.683313323036,11516.10301514881,31970.2338389093
12396.632254915114,12396.632254915114,11317.263937225945,11516.063695806986,31970.2338389093
14221.266932404495,14221.266932404495,11469.073176354364,11563.342745715554,31970.2338389093
13443.992526025548,13443.992526025548,11264.88338125581,11370.617358020092,31970.2338389093
13466.150728559747,13466.150728559747,11835.24084983033,11491.394239866206,31970.2338389093
13444.998209654535,13444.998209654535,11165.474468620545,11525.748376814967,31970.2338389093
13049.101598318892,13049.101598318892,11227.838707664781,11296.0318192118,31970.2338389093
12912.684713457511,12912.684713457511,12456.226101749791,11607.13795403851,31970.2338389093
13544.61185342851,13544.61185342851,13131.9270149538,11714.223887532575,31970.2338389093
13946.007653091827,13946.007653091827,12603.675063476121,11719.216886528513,31970.2338389093
13300.210497698678,13300.210497698678,13170.660890468029,11667.107034246688,31970.2338389093
12675.43604132464,12675.43604132464,13378.972502516399,11810.382076285838,31970.2338389093
13890.84384215106,13890.84384215106,14052.225446829001,12084.314181672326,31970.2338389093
13409.253557056396,13409.253557056396,13967.364327043735,11990.650202696994,31970.2338389093
13547.652372554105,13547.652372554105,13131.808024873495,11907.429993797712,31970.2338389093
14409.754052291366,14409.754052291366,13968.652275067285,11990.823368547117,31970.2338389093
14674.577650137293,14674.577650137293,13972.366913011549,12051.990150790603,31970.2338389093
13325.125977931277,13325.125977931277,13246.105013450699,12157.451590782182,31970.2338389093
15166.053683854465,15166.053683854465,12787.694940642841,12114.804493284111,31970.2338389093
14214.759202854317,14214.759202854317,13876.184907764153,12335.684200345122,31970.2338389093
14314.653870886319,14314.653870886319,13875.623200106294,12399.815582628647,31970.2338389093
14395.26184413644,14395.26184413644,14335.074223145592,12634.398188692492,31970.2338389093
13103.022335815565,13103.022335815565,13859.292399158818,12751.735035025013,31970.2338389093
14792.400005102796,14792.400005102796,14817.70336118241,12871.460889207787,31970.2338389093
15051.57238580818,15051.57238580818,14950.682932995183,12727.770922604019,31970.2338389093
14554.259317911123,14554.259317911123,15518.56891657594,13034.688650163504,31970.2338389093
13884.05344545356,13884.05344545356,15622.647177378336,12876.12616532959,31970.2338389093
14590.545088989793,14590.545088989793,15347.56101698394,12863.412373063778,31970.2338389093
13748.793569271853,13748.793569271853,16532.79194611457,13149.641619492157,31970.2338389093
15502.16744164742,15502.16744164742,16452.825219867256,13184.126572230873,31970.2338389093
14665.170113187001,14665.170113187001,17094.890459023904,13412.100983110155,31970.2338389093
14162.394947149207,14162.394947149207,16700.595938966606,13489.729708816634,31970.2338389093
14241.869325674863,14241.869325674863,16385.197537376574,13391.338879407416,31970.2338389093
13626.058875252515,13626.058875252515,16295.778963698316,13540.280020860017,31970.2338389093
14678.67292228252,14678.67292228252,17803.25666710791,13873.256842064566,31970.2338389093
14602.944916917026,14602.944916917026,16574.31047671016,13898.795878949335,31970.2338389093
14924.16902927517,14924.16902927517,17232.590139815147,14036.48515425703,31970.2338389093
15132.992597086513,15132.992597086513,17329.877855493734,14129.949235124472,31970.2338389093
14240.83864478392,14240.83864478392,16165.393316961568,14024.023848007457,31970.2338389093
14311.879501004563,14311.879501004563,16593.575599376054,14169.800428399416,31970.2338389093
14579.605020201,14579.605020201,16143.023357139982,14207.77624401225,31970.2338389093
15487.41082952064,15487.41082952064,16072.920026056008,14360.965325582114,31970.2338389093
14603.358300816308,14603.358300816308,15576.985674630321,14268.554846869816,31970.2338389093
13951.253051543788,13951.253051543788,15017.536691532432,14272.653344942539,31970.2338389093
14003.70135268563,14003.70135268563,14343.603315072007,14412.918357975786,31970.2338389093
14978.11538545738,14978.11538545738,15017.601774974184,14448.921582389623,31970.2338389093
14134.789963816404,14134.789963816404,14356.565398741435,14482.401667322254,31970.2338389093
14600.851699519168,14600.851699519168,14246.189847461364,14525.191967027904,31970.2338389093
13653.497461796329,13653.497461796329,14354.87890287986,14594.537224310527,31970.2338389093
13934.089448646626,13934.089448646626,13958.775689095215,14697.007295915757,31970.2338389093
13303.189979380091,13303.189979380091,14208.747035915043,14898.58898853065,31970.2338389093
14812.047584708633,14812.047584708633,14482.327597380907,14993.978057613105,31970.2338389093
13288.829181493693,13288.829181493693,15046.586607485695,14984.05753309608,31970.2338389093
15194.920225674916,15194.920225674916,15636.588263986749,15146.994321488728,31970.2338389093
14174.526946466065,14174.526946466065,15393.347551125864,15124.539698234892,31970.2338389093
14415.029986240585,14415.029986240585,15596.07367260558,15335.041423186633,31970.2338389093
14809.796655895618,14809.796655895618,16295.998270465047,15496.033579882302,31970.2338389093
13939.478411412874,13939.478411412874,16893.652696897425,15412.677286057433,31970.2338389093
13987.52192370328,13987.52192370328,16884.735367094683,15345.098894738707,31970.2338389093
13552.724889871924,13552.724889871924,16633.63337288691,15502.998957797918,31970.2338389093
14168.63737472838,14168.63737472838,16404.957475486874,15545.448305534417,31970.2338389093
14291.554508583476,14291.554508583476,15910.833948110487,15500.35034673192,31970.2338389093
14626.55130621865,14626.55130621865,16729.273721019672,15519.467187934215,31970.2338389093
13384.03228536556,13384.03228536556,16203.501077391309,15594.221671558244,31970.2338389093
14411.468437857167,14411.468437857167,15732.32007868918,15644.64210899803,31970.2338389093
13276.396675046835,13276.396675046835,14918.99010128868,15525.10898843091,31970.2338389093
14170.187566437058,14170.187566437058,14383.446383537646,15578.249473987522,31970.2338389093
13748.875825320305,13748.875825320305,14068.169717872388,15577.09022694177,31970.2338389093
14203.841872966117,14203.841872966117,14564.859035250358,15700.531713660208,31970.2338389093
13768.118475849185,13768.118475849185,14164.745355795118,15560.711047404107,31970.2338389093
13628.911413480619,13628.911413480619,13504.39375572994,15471.202416659144,31970.2338389093
14278.77952914602,14278.77952914602,13572.637773556646,15347.86305681413,31970.2338389093
13562.324913615037,13562.324913615037,13456.639413406985,15438.93659078385,31970.2338389093
13966.568987702161,13966.568987702161,13591.55940748368,15348.992880818498,31970.2338389093
13607.387350696938,13607.387350696938,13697.521005184453,15394.00972343588,31970.2338389093
13993.764377945537,13993.764377945537,14405.229378113354,15302.441080738394,31970.2338389093
13775.610391504084,13775.610391504084,14080.70951517875,15269.861941547608,31970.2338389093
13466.701069271752,13466.701069271752,13807.628728876018,15269.103769320185,31970.2338389093
13409.380955780593,13409.380955780593,13809.735397632172,15155.92040396373,31970.2338389093
13460.735921463056,13460.735921463056,13397.75744537639,14949.697492505937,31970.2338389093
13868.468608249323,13868.468608249323,13654.38132025515,14783.100588905398,31970.2338389093
13644.460826668495,13644.460826668495,13535.752120518091,14714.894293124427,31970.2338389093
13972.975843262067,13972.975843262067,12786.789261716145,14719.25493565176,31970.2338389093
13852.2984876309,13852.2984876309,12215.86758816792,14533.010605712416,31970.2338389093
13356.789661023724,13356.789661023724,12135.575309104688,14260.473451835238,31970.2338389093
14098.373204752606,14098.373204752606,11759.251939311041,14339.429373258568,31970.2338389093
12525.367275523266,12525.367275523266,11932.625656726148,14209.869044929806,31970.2338389093
13429.052715195787,13429.052715195787,11962.94784821877,14195.717767865191,31970.2338389093
13297.699648153983,13297.699648153983,11874.02413760405,14297.646568092225,31970.2338389093
12608.585520923329,12608.585520923329,12422.629809053193,14115.508334441365,31970.2338389093
12972.120707601107,12972.120707601107,12751.575227455101,14104.810962968422,31970.2338389093
12396.957154663934,12396.957154663934,12779.001332794769,14056.110554472183,31970.2338389093
12937.01770404157,12937.01770404157,13259.684708291868,14255.794742384074,31970.2338389093
12803.985904724746,12803.985904724746,14159.791824549819,14361.461632315892,31970.2338389093
13206.54004097582,13206.54004097582,14308.836025031498,14253.519993827136,31970.2338389093
12812.746473089215,12812.746473089215,14323.14913120809,14200.53884450535,31970.2338389093
13228.365689697828,13228.365689697828,14079.529342631626,14154.461833707845,31970.2338389093
13277.77145312852,13277.77145312852,14002.55467454118,14146.990733281154,31970.2338389093
12485.136140791077,12485.136140791077,13439.657710124808,14114.602329541214,31970.2338389093
13160.834547385706,13160.834547385706,13830.154452635543,14089.784087149428,31970.2338389093
12255.53529066906,12255.53529066906,13856.390530613615,14034.339661908136,31970.2338389093
12824.62341907868,12824.62341907868,13252.108736504952,13810.06678229699,31970.2338389093
12261.260888630788,12261.260888630788,12854.527832996802,13817.382987486293,31970.2338389093
12367.2340545599,12367.2340545599,12060.059034678081,13646.155786454163,31970.2338389093
12487.21975317614,12487.21975317614,11815.977483776202,13538.045980357207,31970.2338389093
11087.879751748016,11087.879751748016,11738.341755508023,13428.992461085836,31970.2338389093
12680.063431272654,12680.063431272654,12068.74446787191,13309.011073189216,31970.2338389093
12457.3538841468,12457.3538841468,11899.356395177872,13148.131472937248,31970.2338389093
12432.995520074044,12432.995520074044,12008.09613958389,13139.274484039057,31970.2338389093
12365.128281764044,12365.128281764044,11266.05020699503,13016.267453971055,31970.2338389093
12965.46205225062,12965.46205225062,11114.670987503836,12976.28236431153,31970.2338389093
12199.403579843025,12199.403579843025,11573.627186273085,12942.625429929509,31970.2338389093
11113.242793542222,11113.242793542222,11465.81478438408,12764.691200159175,31970.2338389093
11557.733049771532,11557.733049771532,11592.443164079314,12723.944203791763,31970.2338389093
11883.74638882587,11883.74638882587,11869.14317674642,12765.410599968653,31970.2338389093
11881.614874276762,11881.614874276762,12294.364555113014,12904.067351850703,31970.2338389093
11030.896217562227,11030.896217562227,12996.027122517607,13031.52722098521,31970.2338389093
11869.854055374952,11869.854055374952,13225.508295651522,12979.599188493074,31970.2338389093
11103.01931397986,11103.01931397986,13155.028903827279,12857.308457754441,31970.2338389093
11603.904467155786,11603.904467155786,13014.100614625226,12786.138505737075,31970.2338389093
11191.908912172872,11191.908912172872,12769.338782597304,12829.271369685004,31970.2338389093
11308.606055866228,11308.606055866228,12942.90824183048,12816.679523584276,31970.2338389093
11888.282893944743,11888.282893944743,12969.327642833548,12667.22884604449,31970.2338389093
11850.367994068347,11850.367994068347,12966.071988164897,12598.846719928006,31970.2338389093
11249.759305684045,11249.759305684045,12663.949763927792,12558.69635171732,31970.2338389093
10792.103452912155,10792.103452912155,11941.36768952905,12411.295014133844,31970.2338389093
11799.613411708335,11799.613411708335,11031.726631733462,12421.730644296154,31970.2338389093
11116.02203627794,11116.02203627794,10884.704883490685,12395.014419416008,31970.2338389093
11158.625112967471,11158.625112967471,10802.242043404509,12255.809786908905,31970.2338389093
11118.393501909486,11118.393501909486,10773.146446756498,12261.216306013099,31970.2338389093
10847.999441849983,10847.999441849983,11061.052215007625,12310.605548635498,31970.2338389093
11096.070736955768,11096.070736955768,10773.027287907924,12264.134557062243,31970.2338389093
10852.783609809612,10852.783609809612,10608.81212403128,12231.633418507514,31970.2338389093
11292.035099813756,11292.035099813756,10497.694961732373,12255.212194640895,31970.2338389093
11373.077848323246,11373.077848323246,10452.852042656157,12222.151698427613,31970.2338389093
11053.275974666702,11053.275974666702,10388.12236106877,12137.06909848539,31970.2338389093
9912.834437780466,9912.834437780466,10115.494250321697,12058.304363015259,31970.2338389093
10658.440382267432,10658.440382267432,10130.149865210566,12028.454822814367,31970.2338389093
10682.989323004995,10682.989323004995,9547.883937988214,11790.58174698574,31970.2338389093
11187.493542916047,11187.493542916047,9970.701010636216,11770.830546329704,31970.2338389093
10426.658358204177,10426.658358204177,9300.640660889027,11620.41863532228,31970.2338389093
10722.112850022097,10722.112850022097,8905.774633338517,11489.48921717099,31970.2338389093
10091.302086213494,10091.302086213494,9185.227918261657,11416.742060501472,31970.2338389093
9968.993442019459,9968.993442019459,9792.93547398528,11381.840924527989,31970.2338389093
10190.251192701026,10190.251192701026,10189.163227075322,11398.217138836379,31970.2338389093
10157.965171643094,10157.965171643094,9879.192725204723,11248.277817284716,31970.2338389093
9893.225631010464,9893.225631010464,9862.105999678539,11214.819694424641,31970.2338389093
9635.163079021366,9635.163079021366,10037.964659014027,11235.536819708934,31970.2338389093
10595.249524505483,10595.249524505483,11197.185910802626,11342.0873871213,31970.2338389093
9226.337938072165,9226.337938072165,10981.34239189568,11201.06813418173,31970.2338389093
10635.479304713494,10635.479304713494,11852.724916700292,11219.685512539614,31970.2338389093
10277.09224938784,10277.09224938784,12122.584891916278,11263.584448253254,31970.2338389093
8775.294203895857,8775.294203895857,11536.993629867893,11153.23521987569,31970.2338389093
9678.833883029407,9678.833883029407,10769.091780697212,11123.647473731817,31970.2338389093
9354.677393995278,9354.677393995278,10072.638830686803,11049.5494082185,31970.2338389093
9140.507267525612,9140.507267525612,10477.686647066741,10996.14679559646,31970.2338389093
9597.643263345142,9597.643263345142,10311.06650050974,10863.284100952214,31970.2338389093
9714.656432631657,9714.656432631657,10043.368739856265,10864.339288644614,31970.2338389093
10226.115607928552,10226.115607928552,9016.160915026267,10743.700342209777,31970.2338389093
9691.84691377337,9691.84691377337,8565.182467811916,10660.894586345104,31970.2338389093
9664.17605218447,9664.17605218447,7943.784123601188,10585.508139759086,31970.2338389093
9403.895044430836,9403.895044430836,8106.084502762218,10570.075911551083,31970.2338389093
8935.218450073853,8935.218450073853,8370.97478136739,10534.267219272353,31970.2338389093
9536.013237091918,9536.013237091918,8174.971722450743,10440.1531854061,31970.2338389093
9231.569570538655,9231.569570538655,8195.145685995061,10314.749910068227,31970.2338389093
9962.639286417405,9962.639286417405,8168.422367687586,10170.958358111373,31970.2338389093
8964.354570703708,8964.354570703708,8752.163515974084,10014.511379643503,31970.2338389093
9272.49608952443,9272.49608952443,9012.652374396097,10021.768104393528,31970.2338389093
9404.393471841715,9404.393471841715,8840.328955213688,9880.760352487061,31970.2338389093
9143.049867882437,9143.049867882437,9214.299126899019,9900.934288799865,31970.2338389093
8780.966681505823,8780.966681505823,9224.50342395659,9876.541068030943,31970.2338389093
10055.674877046682,10055.674877046682,8852.08450385599,9751.911163956183,31970.2338389093
8722.602088265801,8722.602088265801,8910.114103848915,9722.424511475427,31970.2338389093
8901.495368214797,8901.495368214797,9642.720125143713,9775.482812801865,31970.2338389093
9192.434545292894,9192.434545292894,9362.490582832554,9654.45807384918,31970.2338389093
8738.88869181576,8738.88869181576,9299.392550229037,9642.563330251372,31970.2338389093
8441.719235389524,8441.719235389524,8666.275849670752,9541.421223230964,31970.2338389093
8715.398795539077,8715.398795539077,8484.904165038228,9541.807960703036,31970.2338389093
9138.126381511769,9138.126381511769,8953.249304289562,9510.961804664072,31970.2338389093
8928.150045241893,8928.150045241893,8932.906364620014,9532.886272372569,31970.2338389093
8575.892704094978,8575.892704094978,9097.17562521842,9483.765750073102,31970.2338389093
8458.410708989662,8458.410708989662,9303.59399815019,9458.024506004638,31970.2338389093
8523.567552162358,8523.567552162358,9335.832369693584,9467.828560607888,31970.2338389093
8439.534317706028,8439.534317706028,8824.859714561979,9440.915763367786,31970.2338389093
8852.37300568305,8852.37300568305,9336.587157511527,9431.205096820253,31970.2338389093
8551.264766266057,8551.264766266057,8958.02955907045,9356.544769851707,31970.2338389093
8194.49072368084,8194.49072368084,9024.352747472973,9323.19292266122,31970.2338389093
8084.4634707233,8084.4634707233,9127.061080068326,9341.190203674589,31970.2338389093
8640.397143382892,8640.397143382892,8975.646023763813,9396.51422181919,31970.2338389093
7874.910800453195,7874.910800453195,8924.823989154653,9323.710868076256,31970.2338389093
8252.441258548724,8252.441258548724,8460.755373597061,9315.78869261471,31970.2338389093
8360.337880191099,8360.337880191099,8213.185054081976,9319.506590153329,31970.2338389093
8535.735655614748,8535.735655614748,7960.391505863608,9222.861278128277,31970.2338389093
7733.004631003726,7733.004631003726,7983.902285351034,9079.109125640938,31970.2338389093
7239.290320595817,7239.290320595817,8055.00930076841,9004.374311558871,31970.2338389093
8764.736598490788,8764.736598490788,8235.653037251428,9027.836832261048,31970.2338389093
7544.1650330357315,7544.1650330357315,8221.159887833715,8995.003700292255,31970.2338389093
7878.558297560543,7878.558297560543,8067.677932923779,8947.13285845654,31970.2338389093
7924.2144357734815,7924.2144357734815,7888.254112054188,8734.727862069505,31970.2338389093
8264.654956841938,8264.654956841938,7910.047543618658,8709.451898420852,31970.2338389093
7960.096537490402,7960.096537490402,7550.7682399774,8455.397357270132,31970.2338389093
8413.906751001483,8413.906751001483,7445.158185652656,8384.021248900606,31970.2338389093
8153.99579943191,8153.99579943191,6911.781954031059,8297.81894296091,31970.2338389093
7847.563883815293,7847.563883815293,7418.288047627936,8408.94837902708,31970.2338389093
7824.0071455238785,7824.0071455238785,7317.276322186447,8453.3018098588,31970.2338389093
7795.251552838097,7795.251552838097,7330.814289595805,8398.46236076686,31970.2338389093
9113.803405645338,9113.803405645338,7639.065407549232,8460.603481700151,31970.2338389093
7748.018780720465,7748.018780720465,7467.879218601869,8432.034954205661,31970.2338389093
7657.410035306358,7657.410035306358,7406.770154718525,8412.849710007955,31970.2338389093
7519.088450073057,7519.088450073057,6766.235553655327,8349.662515589534,31970.2338389093
7632.152805564132,7632.152805564132,7579.57874100482,8382.556280750858,31970.2338389093
7966.458975247663,7966.458975247663,7769.629300238188,8316.730208395798,31970.2338389093
7773.8127067556625,7773.8127067556625,8157.74168528775,8255.172323744982,31970.2338389093
7430.310729113274,7430.310729113274,7584.313037909805,8290.816642118894,31970.2338389093
7466.907911954871,7466.907911954871,7120.805777029083,8238.433828065603,31970.2338389093
7760.192286630455,7760.192286630455,6659.818995193306,8096.741686268006,31970.2338389093
7630.691443658771,7630.691443658771,6643.3708297697885,8038.844944459292,31970.2338389093
7464.085153799821,7464.085153799821,7107.455778491718,8050.995635024785,31970.2338389093
7417.182656253471,7417.182656253471,7175.918723754608,8079.967663716138,31970.2338389093
7800.76328614841,7800.76328614841,7437.670002946463,7994.336690799024,31970.2338389093
8283.865219716417,8283.865219716417,6985.457439378743,7934.74708383529,31970.2338389093
7939.935405057299,7939.935405057299,7233.922130099532,7993.097733644509,31970.2338389093
7162.736818492584,7162.736818492584,7116.721555816429,7896.493814138487,31970.2338389093
7230.238348635237,7230.238348635237,7196.347367037342,7801.542090497621,31970.2338389093
7291.392664439997,7291.392664439997,7378.830363376437,7841.701784174383,31970.2338389093
7520.006005983368,7520.006005983368,7393.873160636673,7715.637808349533,31970.2338389093
7349.56662358709,7349.56662358709,7002.308361444957,7706.051446814133,31970.2338389093
6791.622862419305,6791.622862419305,6870.845071498176,7728.183816316775,31970.2338389093
7415.198989882446,7415.198989882446,7436.134820451737,7776.544766948575,31970.2338389093
6937.453742331886,6937.453742331886,7535.895665652635,7714.934551005547,31970.2338389093
7506.206558967306,7506.206558967306,7688.932920459243,7653.098542883453,31970.2338389093
7163.096378156819,7163.096378156819,7321.630017475014,7596.704937509473,31970.2338389093
7639.349106248972,7639.349106248972,7337.487921070822,7496.824924413935,31970.2338389093
6938.241967577159,6938.241967577159,7216.492833402399,7479.868714265704,31970.2338389093
7744.310431403335,7744.310431403335,7162.737621435081,7406.931876959092,31970.2338389093
8174.11811344345,8174.11811344345,7595.193929348291,7443.0706824051,31970.2338389093
7102.88414604789,7102.88414604789,7804.087840932887,7461.998465506115,31970.2338389093
7657.132456895263,7657.132456895263,7466.209276549028,7396.013455612914,31970.2338389093
6788.557363639403,6788.557363639403,7328.8543357432045,7447.186429344454,31970.2338389093
7413.171079758042,7413.171079758042,7376.490396375295,7405.267832449675,31970.2338389093
7989.714936729229,7989.714936729229,7190.59652951716,7399.0667740674735,31970.2338389093
7338.8706804893145,7338.8706804893145,7883.470700994204,7530.762066891919,31970.2338389093
7418.855458638788,7418.855458638788,7670.866927812467,7438.920008803706,31970.2338389093
7817.106643643554,7817.106643643554,7523.088813769066,7387.706019949308,31970.2338389093
7591.791500214004,7591.791500214004,7493.695951261133,7294.669207057636,31970.2338389093
7465.1641548086345,7465.1641548086345,7637.359172354203,7323.411909425656,31970.2338389093
7694.175257188126,7694.175257188126,7568.243249344319,7331.415137808237,31970.2338389093
7338.77772880319,7338.77772880319,7622.135604306866,7306.904989889531,31970.2338389093
7296.5571822534075,7296.5571822534075,7092.115668552057,7287.958740644027,31970.2338389093
7191.934016464966,7191.934016464966,6993.8349022749435,7222.025304180933,31970.2338389093
6809.861501784699,6809.861501784699,6800.0341690192945,7248.919959875853,31970.2338389093
7116.859295906272,7116.859295906272,6057.618925842827,7253.254214929953,31970.2338389093
7845.946209094616,7845.946209094616,6307.919784416614,7318.147574880817,31970.2338389093
7358.216466345576,7358.216466345576,6390.355345916891,7182.1194796071,31970.2338389093
7278.604943368554,7278.604943368554,6629.9853934267185,7157.21102130569,31970.2338389093
7089.6405073526585,7089.6405073526585,6202.267376381473,7097.7025267827885,31970.2338389093
6762.814877623222,6762.814877623222,5800.480665265742,6963.698189351538,31970.2338389093
7196.202936709028,7196.202936709028,5940.447411044124,7001.418628377982,31970.2338389093
6987.982027644595,6987.982027644595,5815.961193843699,6969.796948469061,31970.2338389093
7219.687697655433,7219.687697655433,5889.780384685671,7046.734270387001,31970.2338389093
7229.5911296624445,7229.5911296624445,6306.8266006643025,6994.369531807749,31970.2338389093
7244.282782861223,7244.282782861223,6270.505530950302,6953.429461072376,31970.2338389093
7254.423245088417,7254.423245088417,6578.594101716558,7002.318058166577,31970.2338389093
6817.205069265516,6817.205069265516,6526.159674851389,6970.488806995418,31970.2338389093
7629.825876331427,7629.825876331427,6284.999600126761,6990.0497859252255,31970.2338389093
7011.742383600835,7011.742383600835,6254.74964383889,7016.688656511907,31970.2338389093
6697.008011200232,6697.008011200232,7127.234497637331,7060.4709229250475,31970.2338389093
6614.551942899614,6614.551942899614,6653.45020318091,6910.617513315821,31970.2338389093
6773.133375258838,6773.133375258838,6904.139215184536,6915.441046755046,31970.2338389093
7256.75003448838,7256.75003448838,7005.166263426961,6960.2335224831,31970.2338389093
6985.850357543091,6985.850357543091,6911.89410636016,6979.656865204031,31970.2338389093
6988.21027444316,6988.21027444316,7078.060372156569,6922.257109483783,31970.2338389093
7106.746941699913,7106.746941699913,6754.915844318353,6929.956915866963,31970.2338389093
7037.69265475208,7037.69265475208,6892.2821620251725,6909.675765992983,31970.2338389093
7329.326352270853,7329.326352270853,6669.290569528901,6848.1418271557195,31970.2338389093
7308.457720289586,7308.457720289586,6841.13200943852,6906.140426272275,31970.2338389093
7107.811575503035,7107.811575503035,6333.918321512078,6926.792914938473,31970.2338389093
7025.807113769035,7025.807113769035,6410.529409204816,6818.554380857149,31970.2338389093
6963.310536542459,6963.310536542459,6689.0048276003945,6766.015048184778,31970.2338389093
6926.26318911697,6926.26318911697,6913.726419853194,6835.799673323213,31970.2338389093
6908.844373453355,6908.844373453355,7279.619599261123,6897.794200964407,31970.2338389093
6366.560274591397,6366.560274591397,7140.112932566306,6885.953692502043,31970.2338389093
7376.00260400492,7376.00260400492,7155.057027023463,6893.4707370574915,31970.2338389093
7186.916425026422,7186.916425026422,7352.634851537133,6936.904169619928,31970.2338389093
7102.110974495503,7102.110974495503,7514.326089316712,6918.459520732044,31970.2338389093
7600.052924535407,7600.052924535407,7942.638504379234,6975.629341278465,31970.2338389093
7088.734541932565,7088.734541932565,7960.140524280343,6958.003451607962,31970.2338389093
7280.936400211771,7280.936400211771,8563.124793366445,7037.937484220632,31970.2338389093
6690.210254415044,6690.210254415044,7989.691268585247,6898.1824347531865,31970.2338389093
7260.934082950237,7260.934082950237,7669.710579673154,6894.443709982785,31970.2338389093
7801.89639093443,7801.89639093443,7133.063306548698,6886.287556370716,31970.2338389093
7180.799863124039,7180.799863124039,7199.163175377104,6749.092187378622,31970.2338389093
6737.738034408867,6737.738034408867,7130.876329708808,6785.472617436761,31970.2338389093
6800.096027895513,6800.096027895513,7072.615446206364,6846.80949610739,31970.2338389093
6749.145669764476,6749.145669764476,7264.236754476076,6872.567681375034,31970.2338389093
6945.712404759331,6945.712404759331,6981.918659443558,6844.541238696334,31970.2338389093
7242.318763770203,7242.318763770203,7663.709162424583,6977.096634224016,31970.2338389093
7243.385483303123,7243.385483303123,7190.240951799215,6951.558553719102,31970.2338389093
7074.458056333624,7074.458056333624,7251.81378317238,6930.12205767725,31970.2338389093
6801.31048240315,6801.31048240315,7387.444152354297,6973.165559998655,31970.2338389093
6955.921003656756,6955.921003656756,7412.64204229998,7008.809131026854,31970.2338389093
7094.039556795873,7094.039556795873,7348.90059424709,7007.3485210594745,31970.2338389093
7501.9989224775045,7501.9989224775045,7469.988538557179,7017.8863682648725,31970.2338389093
7386.8093936157275,7386.8093936157275,7445.8901792739125,7057.916462778794,31970.2338389093
6622.9764215069345,6622.9764215069345,7600.94228289287,7066.759059268263,31970.2338389093
6980.629249767191,6980.629249767191,8077.037392907907,7219.495242001622,31970.2338389093
6785.968713024568,6785.968713024568,7737.538987368704,7364.508298644609,31970.2338389093
7380.236162172398,7380.236162172398,7872.565760700422,7337.982223650362,31970.2338389093
7138.573622984407,7138.573622984407,8269.416169271473,7420.8130527628055,31970.2338389093
7095.182554601595,7095.182554601595,7888.078836960613,7372.825250453644,31970.2338389093
6864.589124660216,6864.589124660216,7505.217700293964,7248.487350952785,31970.2338389093
6787.750670920741,6787.750670920741,8282.324725368318,7409.712359943077,31970.2338389093
7685.379981235889,7685.379981235889,8432.320969652985,7388.631741852158,31970.2338389093
6918.737240055534,6918.737240055534,8706.235463943314,7493.931620597179,31970.2338389093
7164.5861147147925,7164.5861147147925,8673.454305371348,7544.450000317181,31970.2338389093
7125.984120904494,7125.984120904494,8077.258129506624,7583.996939135168,31970.2338389093
7132.888579020957,7132.888579020957,8009.403202715938,7540.942039660329,31970.2338389093
7557.540434447972,7557.540434447972,8139.144005890618,7635.120984192303,31970.2338389093
6923.81503162541,6923.81503162541,7805.074354857138,7601.000080697326,31970.2338389093
6638.849045233382,6638.849045233382,8288.71836171734,7629.53567011172,31970.2338389093
7167.661609784188,7167.661609784188,8574.373869798806,7580.983303640515,31970.2338389093
6935.434946610884,6935.434946610884,7708.1668842384115,7535.733662359446,31970.2338389093
6962.5144523527,6962.5144523527,7476.876286467978,7533.023830282083,31970.2338389093
7211.330234728071,7211.330234728071,7402.554729674087,7595.986134126962,31970.2338389093
7600.9162796705505,7600.9162796705505,6802.934433601772,7571.178773131756,31970.2338389093
6992.435987139009,6992.435987139009,6690.364710787467,7553.843479404957,31970.2338389093
6988.328824427886,6988.328824427886,6237.077097591011,7521.573794876114,31970.2338389093
7029.42315550155,7029.42315550155,6106.653653716304,7574.3458330946,31970.2338389093
6646.544681322778,6646.544681322778,6255.715035287531,7514.342122234753,31970.2338389093
6987.884331038589,6987.884331038589,6073.950085322387,7461.580403205559,31970.2338389093
6788.873873012019,6788.873873012019,6572.850552045826,7439.629494197456,31970.2338389093
6574.267351457247,6574.267351457247,6914.407354232477,7490.59254669268,31970.2338389093
7023.814799574686,7023.814799574686,7037.082057016034,7509.428836280596,31970.2338389093
7427.615367796081,7427.615367796081,6662.680063368252,7457.995176493186,31970.2338389093
7236.864607108819,7236.864607108819,7217.435650886242,7511.800685445662,31970.2338389093
7123.2757638494395,7123.2757638494395,7515.780981636994,7468.47197485651,31970.2338389093
6979.621491855322,6979.621491855322,7953.423950232334,7520.230480066513,31970.2338389093
7114.3683330040585,7114.3683330040585,8325.036168802526,7526.728108181818,31970.2338389093
7158.77762894868,7158.77762894868,8418.942432444925,7600.192355006689,31970.2338389093
7049.479806215294,7049.479806215294,8294.953883585822,7586.629063988093,31970.2338389093
7248.477762009409,7248.477762009409,7804.26284733361,7573.869402354438,31970.2338389093
7274.787490038009,7274.787490038009,7363.904908894749,7523.540893396208,31970.2338389093
7064.647467303714,7064.647467303714,7262.841556730175,7535.82188168487,31970.2338389093
7137.245768801397,7137.245768801397,7207.60991344476,7484.994069940865,31970.2338389093
6898.648621086766,6898.648621086766,6901.921275733944,7439.337589697235,31970.2338389093
7804.571092151189,7804.571092151189,6371.6497134552355,7346.418185658845,31970.2338389093
8141.007291735015,8141.007291735015,6484.2543415174,7284.339515885076,31970.2338389093
7071.617886085197,7071.617886085197,6055.500582837116,7299.780034389398,31970.2338389093
6670.024283687467,6670.024283687467,5942.913044819928,7338.4122073362,31970.2338389093
7649.406969087116,7649.406969087116,6009.429118346874,7311.026057186607,31970.2338389093
7169.567319567589,7169.567319567589,5798.041084890563,7250.949210872554,31970.2338389093
7456.256713473646,7456.256713473646,6153.048868264513,7284.370548199693,31970.2338389093
7259.508608803344,7259.508608803344,6152.077202819424,7272.239614537321,31970.2338389093
7530.280360789109,7530.280360789109,6311.970110954571,7258.2100562769965,31970.2338389093
7683.449505304208,7683.449505304208,6289.411673663644,7177.03146785139,31970.2338389093
7595.515035987627,7595.515035987627,6236.840792835932,6978.378865644449,31970.2338389093
7713.035437100291,7713.035437100291,5656.677634337671,6868.167245278871,31970.2338389093
7331.219379333797,7331.219379333797,5509.598793624389,6827.18664097419,31970.2338389093
7278.838566823813,7278.838566823813,5575.636287085616,6799.656230899027,31970.2338389093
6972.8225632499125,6972.8225632499125,5685.802225099437,6870.570734814373,31970.2338389093
7104.518597417761,7104.518597417761,5876.203385586066,6925.146347930974,31970.2338389093
7130.427959836678,7130.427959836678,5651.044555911374,6758.114514308304,31970.2338389093
7282.866467314223,7282.866467314223,5839.036102773753,6753.582641161472,31970.2338389093
7116.004296614685,7116.004296614685,5668.416726226085,6650.6463087335505,31970.2338389093
7387.689506706815,7387.689506706815,5688.6231796700595,6580.065242711132,31970.2338389093
6944.308773874707,6944.308773874707,6114.611523159359,6585.849544374997,31970.2338389093
6971.470919205741,6971.470919205741,6296.24666501687,6525.535937739057,31970.2338389093
7347.716394862906,7347.716394862906,6426.656558627047,6484.689151521477,31970.2338389093
7412.10068338041,7412.10068338041,6491.267515292552,6536.894862986111,31970.2338389093
6974.794979658428,6974.794979658428,7179.14889961483,6648.656842393871,31970.2338389093
7166.76945665461,7166.76945665461,7180.844394718563,6646.440452914925,31970.2338389093
7137.616102728264,7137.616102728264,7536.142284293846,6723.709594319392,31970.2338389093
7270.8351369844995,7270.8351369844995,7284.705002261357,6715.148384320148,31970.2338389093
7105.27955913159,7105.27955913159,7592.120666860125,6688.559496170759,31970.2338389093
7236.6327160256415,7236.6327160256415,7805.8719336564955,6780.652742722079,31970.2338389093
7298.185308233046,7298.185308233046,7710.1964180274035,6789.815885822986,31970.2338389093
6924.6737648347635,6924.6737648347635,7878.284432121832,6853.777404645221,31970.2338389093
7509.607619255458,7509.607619255458,7695.270237175193,6802.412468213255,31970.2338389093
7211.221779720657,7211.221779720657,7830.320854033425,6851.81602673529,31970.2338389093
7449.331259181909,7449.331259181909,6893.253765344101,6812.517578398213,31970.2338389093
7394.053597330613,7394.053597330613,7216.811334999659,6775.2326095056915,31970.2338389093
6704.05315279632,6704.05315279632,7282.868372432776,6797.401797959451,31970.2338389093
6935.465079002256,6935.465079002256,7449.618196965144,6797.655612309971,31970.2338389093
7048.051802901932,7048.051802901932,7271.7094978169025,6810.36538306049,31970.2338389093
7531.201034587069,7531.201034587069,7348.898698515832,6806.945352247995,31970.2338389093
7539.550384625696,7539.550384625696,7480.10731920955,6782.681153337497,31970.2338389093
7171.18516440898,7171.18516440898,7565.805420562514,6776.253698711257,31970.2338389093
7626.350577826829,7626.350577826829,7763.806317506055,6690.16649795396,31970.2338389093
7416.691053706684,7416.691053706684,7442.107936495541,6656.449127545413,31970.2338389093
7361.677667293323,7361.677667293323,7873.934310762261,6728.313663833501,31970.2338389093
7282.886218067675,7282.886218067675,7523.634024601456,6719.10684495926,31970.2338389093
7302.117544409277,7302.117544409277,7403.371067105456,6805.295029601593,31970.2338389093
7141.138791539515,7141.138791539515,7575.11095451187,6860.10949186631,31970.2338389093
7281.031001222233,7281.031001222233,7739.569619876804,6916.757324346899,31970.2338389093
6957.648637564787,6957.648637564787,7660.27488302171,6958.616073705547,31970.2338389093
7285.639025383624,7285.639025383624,7862.373763806181,7080.825963407686,31970.2338389093
6993.546164409878,6993.546164409878,7992.6378258551795,7077.930395578815,31970.2338389093
7755.52365936977,7755.52365936977,7841.785500474609,7047.423481481458,31970.2338389093
7138.696460225508,7138.696460225508,7953.658628516144,7058.598244284655,31970.2338389093
7010.614723669544,7010.614723669544,7929.5506858765,7112.337977339427,31970.2338389093
7568.348183382697,7568.348183382697,8095.6566982555905,7178.629967632267,31970.2338389093
7503.366869683129,7503.366869683129,8084.412974670215,7191.567850882732,31970.2338389093
7373.502852052837,7373.502852052837,7817.74533729368,7193.243118761161,31970.2338389093
7248.882537071934,7248.882537071934,7603.686285307286,7175.100559217442,31970.2338389093
7011.9546476407595,7011.9546476407595,7474.6004619510395,7195.653831363028,31970.2338389093
7037.952119127171,7037.952119127171,7206.316376837589,7274.721080208017,31970.2338389093
7392.320182398603,7392.320182398603,7219.125918903524,7390.420052491983,31970.2338389093
7167.432484539372,7167.432484539372,7707.112504943214,7486.926223745223,31970.2338389093
7503.985394620064,7503.985394620064,7671.299235477696,7477.730833963071,31970.2338389093
6925.750132862687,6925.750132862687,7690.869242557334,7513.351380831005,31970.2338389093
7468.800920927526,7468.800920927526,7957.925491506244,7594.974388816302,31970.2338389093
7246.212877562537,7246.212877562537,8166.051093880515,7694.569158476562,31970.2338389093
Average Episodic Reward,Average Episodic N-Reward,Avg Reward (last 10),Avg Reward (last 50),Best Reward
9676.20574328341,9676.20574328341,10974.151998407986,10974.151998407986,10974.151998407986
9641.025035489733,9641.025035489733,6913.41311301116,6913.41311301116,10974.151998407986
7496.312467001562,7496.312467001562,8245.035697956904,7674.4430377977915,31970.2338389093
10365.171259195575,10365.171259195575,9486.315011661498,9486.315011661498,14632.118808962172
7447.079441867949,7447.079441867949,8307.779630124787,7702.97313999718,31970.2338389093
10076.011598944271,10076.011598944271,7885.491892797139,7885.491892797139,14632.118808962172
6979.225727157307,6979.225727157307,8538.460134276544,7765.621222284324,31970.2338389093
10027.175443827975,10027.175443827975,7981.050173916594,7981.050173916594,14632.118808962172
7392.97488833543,7392.97488833543,8412.159145262438,7734.230604628634,31970.2338389093
9994.757979592563,9994.757979592563,8438.807274596553,8438.807274596553,14632.118808962172
7656.147952549554,7656.147952549554,8310.238511781587,7793.218421844927,31970.2338389093
9488.776969894587,9488.776969894587,7867.481854835311,7867.481854835311,14632.118808962172
7150.4967881839,7150.4967881839,7954.102384536533,7792.415388927121,31970.2338389093
10430.285930735628,10430.285930735628,7289.113763398278,7289.113763398278,14632.118808962172
7019.435696794499,7019.435696794499,7902.28081822649,7759.9334945498595,31970.2338389093
9531.93202257743,9531.93202257743,8430.45833838633,8430.45833838633,17561.214938290756
6946.127720206252,6946.127720206252,7530.095337460114,7583.540668400062,31970.2338389093
10095.252717235287,10095.252717235287,8301.52874157012,8301.52874157012,17561.214938290756
7108.317026034601,7108.317026034601,7261.277732277837,7611.061056328157,31970.2338389093
10435.604449626899,10435.604449626899,8873.442203720588,9064.415821419443,17561.214938290756
6879.881130947836,6879.881130947836,6995.300614895331,7586.400824596857,31970.2338389093
9845.46535748907,9845.46535748907,10118.204887021355,9584.072924686323,17561.214938290756
7097.936604999106,7097.936604999106,7172.939725711332,7652.089982487785,31970.2338389093
10237.679072607652,10237.679072607652,10273.3146109509,10091.699318807192,17561.214938290756
6789.129271852127,6789.129271852127,7407.567012616948,7666.062409148546,31970.2338389093
10977.754701036454,10977.754701036454,11304.297840697833,10327.496141297635,17561.214938290756
7589.716256244412,7589.716256244412,7281.765323473466,7660.799900247719,31970.2338389093
9947.871203648796,9947.871203648796,11918.285790842881,10605.873918534118,17561.214938290756
7299.198331169569,7299.198331169569,7298.281365689982,7651.847594161148,31970.2338389093
11651.26672943308,11651.26672943308,11247.612447371679,10194.310507581005,17561.214938290756
7048.393417987805,7048.393417987805,7138.480672412278,7645.257669903015,31970.2338389093
9503.710666752155,9503.710666752155,12936.08361299576,10849.012300812046,21324.240992508705
7526.635740455154,7526.635740455154,7108.703782352002,7675.102097962481,31970.2338389093
10992.874068024284,10992.874068024284,13373.134768473707,10669.125432884626,21324.240992508705
6884.197077220618,6884.197077220618,7543.82964069405,7702.635251881984,31970.2338389093
9942.810318284075,9942.810318284075,11979.397826096221,10298.321226654696,21324.240992508705
7028.494215231384,7028.494215231384,7373.944880688088,7679.678891468859,31970.2338389093
10643.662847202102,10643.662847202102,11899.96762345599,10100.748182513056,21324.240992508705
7948.997843696587,7948.997843696587,7470.164275707056,7661.731644469636,31970.2338389093
10047.340551380115,10047.340551380115,10960.735255843381,9967.425075907031,21324.240992508705
7347.225376477422,7347.225376477422,7863.773772217688,7702.581904553841,31970.2338389093
10418.954544729737,10418.954544729737,10181.01850710955,9855.411825787787,21324.240992508705
7876.709248164243,7876.709248164243,7855.089802830482,7733.184303660853,31970.2338389093
8761.476877472422,8761.476877472422,10054.99092868433,10075.739149188554,21324.240992508705
7624.099115219806,7624.099115219806,7611.542077543158,7734.028925093796,31970.2338389093
10333.24462132332,10333.24462132332,9319.307538483528,9907.417556791755,21324.240992508705
7181.297338883485,7181.297338883485,7691.13952478648,7729.248065501848,31970.2338389093
10833.8086428701,10833.8086428701,8169.404555058614,9631.286173143917,21324.240992508705
7493.69426492349,7493.69426492349,7966.758429633781,7749.177816245995,31970.2338389093
16048.369629662715,16048.369629662715,8991.760847522666,9731.791407558569,21324.240992508705
7059.3965130242395,7059.3965130242395,7951.2193100593095,7722.340447802375,31970.2338389093
18982.859669701174,18982.859669701174,8223.250422731104,9876.50790152281,21324.240992508705
7649.603591795095,7649.603591795095,7850.91888605381,7692.524611672034,31970.2338389093
15475.872885179775,15475.872885179775,8503.23146494931,9895.591872907728,21324.240992508705
6893.030738501528,6893.030738501528,7727.315514389588,7759.676767460794,31970.2338389093
14594.906996536893,14594.906996536893,9821.69777477213,10133.968312212433,21324.240992508705
7216.243084988012,7216.243084988012,7834.429825401685,7671.777994396744,31970.2338389093
14173.929865393922,14173.929865393922,10300.969540860951,10167.488635295687,21324.240992508705
7092.889616651925,7092.889616651925,7763.2869187716005,7709.662223303665,31970.2338389093
16780.35567375517,16780.35567375517,10639.533417038332,10184.234218207452,21324.240992508705
19064.56061597331,19064.56061597331,10656.88701046912,10105.872821000705,21324.240992508705
13971.945702729096,13971.945702729096,11023.266174004017,10362.868550647787,21324.240992508705
11558.828238382652,11558.828238382652,12898.499995522976,10787.14768583035,24788.359146854957
14960.30615340564,14960.30615340564,12978.417731167194,10587.609475436282,24788.359146854957
15058.364104302244,15058.364104302244,13209.247955388655,10697.751559733593,24788.359146854957
7726.903664675093,7726.903664675093,13759.7309562893,10926.027646054295,24788.359146854957
14485.669163979685,14485.669163979685,14359.640550553464,11070.341524919764,24788.359146854957
11312.658849321851,11312.658849321851,13380.525855749544,10966.418964401435,24788.359146854957
9195.540203922172,9195.540203922172,14246.09372504644,11187.139907733375,24788.359146854957
10685.36999861334,10685.36999861334,14775.863893057012,11304.143895000028,24788.359146854957
12941.972443634739,12941.972443634739,15043.22274600261,11281.432326953542,24788.359146854957
7236.1133537299465,7236.1133537299465,13587.337876207359,11112.745137987222,24788.359146854957
6590.0005944629675,6590.0005944629675,12772.331071840019,11238.325728105276,24788.359146854957
19156.846512142645,19156.846512142645,12874.137244231162,11095.7267573907,24788.359146854957
6624.243656184417,6624.243656184417,12138.912290975584,11011.047370873155,24788.359146854957
16262.002620337431,16262.002620337431,11293.201243277505,11004.14968801668,24788.359146854957
8198.468021333912,8198.468021333912,10454.18742547555,10941.976087535551,24788.359146854957
18171.09340652355,18171.09340652355,10569.606350452592,10885.436798289425,24788.359146854957
7372.357913241829,7372.357913241829,10122.610859276774,10974.234098042054,24788.359146854957
15706.07904885592,15706.07904885592,10229.599839163991,11095.834921764661,24788.359146854957
7998.128043283314,7998.128043283314,9930.166377271364,11185.899905574799,24788.359146854957
17582.96044729554,17582.96044729554,11201.930605553574,11228.168039080036,24788.359146854957
8077.8692438177,8077.8692438177,11306.467255288784,11520.18074036663,24788.359146854957
15559.33214372299,15559.33214372299,12159.401506396052,11619.929365539183,24788.359146854957
7914.782197556085,7914.782197556085,12364.966412486763,11590.499990749071,24788.359146854957
14907.474853590737,14907.474853590737,12118.173217895634,11666.087890637864,24788.359146854957
7976.468247099658,7976.468247099658,13409.703272042356,12019.979496298876,24788.359146854957
15015.329062684264,15015.329062684264,13552.306681926251,11860.706897799348,24788.359146854957
7957.08021889474,7957.08021889474,12545.512351884263,11823.030820104883,24788.359146854957
7067.628886203887,7067.628886203887,13053.523257341194,11931.851132488786,24788.359146854957
11199.994740697372,11199.994740697372,14400.556657381292,12042.370259646785,24788.359146854957
12902.639510639101,12902.639510639101,13096.588553054778,11792.822827500813,24788.359146854957
14698.544648495119,14698.544648495119,12173.651581359558,11694.051488498973,24788.359146854957
11497.866277384106,11497.866277384106,11527.155796704177,11541.703366711443,24788.359146854957
13554.477551812572,13554.477551812572,11991.771462508786,11739.331793776491,24788.359146854957
11573.484223645653,11573.484223645653,12058.30060484669,11490.531289008048,24788.359146854957
13062.676524532471,13062.676524532471,11392.948405317715,11623.94222366768,24788.359146854957
11097.461576907994,11097.461576907994,11631.333849727826,11791.094102525669,24788.359146854957
11866.483586019027,11866.483586019027,11346.557873539206,11712.348870121526,24788.359146854957
11732.355023560289,11732.355023560289,10008.53710506923,11741.411502333955,24788.359146854957
11797.92604884163,11797.92604884163,9008.394103998298,11807.845379024537,24788.359146854957
12600.49460151242,12600.49460151242,9498.88009838552,11681.60066144105,24788.359146854957
13491.780176946511,13491.780176946511,9083.106335025866,11646.811247807444,24788.359146854957
11850.196565843404,11850.196565843404,9937.185635388245,11895.259582777368,24788.359146854957
13029.052578485003,13029.052578485003,9220.03754326429,11784.987132924816,24788.359146854957
9818.8908582728,9818.8908582728,8634.891468347116,11572.859498131249,24788.359146854957
11128.70121932657,11128.70121932657,8328.148574751298,11588.925645628078,24788.359146854957
8088.128561569293,8088.128561569293,7780.491341561569,11382.852815883556,24788.359146854957
12583.5373922413,12583.5373922413,8976.928615150573,11447.540684979449,24788.359146854957
12588.690536030377,12588.690536030377,9473.965400531642,11508.297899032616,24788.359146854957
14386.824173890362,14386.824173890362,9165.608584068148,11509.589693744341,24788.359146854957
10763.77214176672,10763.77214176672,9068.498240789651,11290.647074798175,24788.359146854957
12065.728436201181,12065.728436201181,9614.535874078869,10990.018423518617,24788.359146854957
10334.38786393594,10334.38786393594,9016.298833211988,11102.835803186324,24788.359146854957
11042.458346395215,11042.458346395215,9317.846187912497,11006.706779429584,24788.359146854957
10786.306459099625,10786.306459099625,10282.37776049583,10877.388858972556,24788.359146854957
9422.421835679843,9422.421835679843,10045.110364922559,10726.019608501894,24788.359146854957
12553.970248044796,12553.970248044796,10279.845045426177,10762.716653818883,24788.359146854957
8983.4578979733,8983.4578979733,9578.985187440081,10514.118977458176,24788.359146854957
10194.423168118281,10194.423168118281,9073.444382364723,10367.813996894154,24788.359146854957
9659.18353790042,9659.18353790042,9718.482068767831,10444.641558297386,24788.359146854957
13230.075872211068,13230.075872211068,10500.485034716397,10673.276506499986,24788.359146854957
10903.20828396996,10903.20828396996,11256.097013273922,10686.7716118054,24788.359146854957
11831.658800484729,11831.658800484729,10672.376636496503,10662.483681639393,24788.359146854957
9713.329943395389,9713.329943395389,10884.975663911104,10755.919454016688,24788.359146854957
11416.543163378197,11416.543163378197,10714.615455850182,10761.67170148709,24788.359146854957
10900.29115713822,10900.29115713822,10419.908611498675,10719.163845706522,24788.359146854957
11194.8322529763,11194.8322529763,11170.2303915191,10882.841462032186,24788.359146854957
10649.512728538688,10649.512728538688,11927.517416589337,10875.100288920692,24788.359146854957
10666.741142891038,10666.741142891038,13438.25049418452,11009.54412789826,24788.359146854957
8780.64259939915,8780.64259939915,12788.43391964934,11016.295066772978,24788.359146854957
11804.207620573843,11804.207620573843,11911.602355724413,10815.21085653415,24788.359146854957
9799.70122717917,9799.70122717917,11544.049074827668,10734.287975713176,24788.359146854957
10700.455728431309,10700.455728431309,12660.672374581598,10762.7378552765,24788.359146854957
8784.750646944922,8784.750646944922,12418.340087632028,10766.59418904574,24788.359146854957
10391.480544741065,10391.480544741065,11813.304093674693,10700.697876642898,24788.359146854957
7902.556072918021,7902.556072918021,12114.065814607213,10460.036354219492,24788.359146854957
10358.53866547752,10358.53866547752,11312.022989168694,10434.784723480674,24788.359146854957
9657.04315291214,9657.04315291214,10296.107137680421,10425.219246079923,24788.359146854957
12458.837655220266,12458.837655220266,9268.56225707554,10252.55192784513,24788.359146854957
6661.355459965096,6661.355459965096,10080.259019656814,10152.235539228084,24788.359146854957
13081.089445649199,13081.089445649199,10705.020447936624,10336.89723551052,24788.359146854957
7590.372113245178,7590.372113245178,11035.542185716104,10506.666096584486,24788.359146854957
12572.86441558849,12572.86441558849,10430.11896230588,10543.330488396843,24788.359146854957
8275.650483726135,8275.650483726135,11056.6565512781,10579.571206799603,24788.359146854957
10588.013267065498,10588.013267065498,11392.848754542367,10567.607506582039,24788.359146854957
7502.354821829496,7502.354821829496,11407.937317239795,10463.03413660391,24788.359146854957
9584.82399440138,9584.82399440138,12174.84219917683,10543.486393370475,24788.359146854957
8295.289354784836,8295.289354784836,12730.650484365038,10702.037768245093,24788.359146854957
14048.142753547272,14048.142753547272,12258.724248612256,10702.589356553735,24788.359146854957
10700.671178955312,10700.671178955312,11395.502758742903,10629.657270177007,24788.359146854957
11417.296426833826,11417.296426833826,10987.619194532495,10634.645054739916,24788.359146854957
6800.190505201119,6800.190505201119,9948.076671658131,10679.660163910936,24788.359146854957
11927.676498292712,11927.676498292712,10459.618846551111,10647.817130629415,24788.359146854957
13168.017603157705,13168.017603157705,10252.715996028135,10786.106897352372,24788.359146854957
9403.2657039697,9403.2657039697,10162.18448588738,10873.066110090089,24788.359146854957
10116.972481144592,10116.972481144592,9683.782536406357,10734.16092893492,24788.359146854957
10784.630490582289,10784.630490582289,9258.175482806171,10839.023221619396,24788.359146854957
10015.317798497681,10015.317798497681,9743.247196601586,10855.301484535292,24788.359146854957
9532.010824125857,9532.010824125857,9957.706304506206,10799.33753734865,24788.359146854957
10273.689613643179,10273.689613643179,10292.055624922124,10854.946678347804,24788.359146854957
10681.125822912394,10681.125822912394,10413.771531149048,10903.699712811796,24788.359146854957
12081.782878014148,12081.782878014148,10925.20898515702,10941.794786126567,24788.359146854957
11167.755835685148,11167.755835685148,9846.891801535596,10813.935724294139,24788.359146854957
11771.925489927107,11771.925489927107,9724.023307299169,10867.342321229706,24788.359146854957
11711.208072397938,11711.208072397938,9859.329949792944,10788.456547949512,24788.359146854957
10826.384950860926,10826.384950860926,11023.216479347766,10929.782151819962,24788.359146854957
12271.59135989238,12271.59135989238,10598.825265529005,10902.819265639959,24788.359146854957
10795.581477322086,10795.581477322086,10600.140613764603,11059.532569800196,24788.359146854957
11796.81307115381,11796.81307115381,10889.79494908066,11162.607650691836,24788.359146854957
11085.586706049324,11085.586706049324,11146.62943280333,11140.576151154903,24788.359146854957
10579.65175859955,10579.65175859955,10893.717088827845,10982.346123634086,24788.359146854957
10117.470083595808,10117.470083595808,11179.385529568599,10926.452489385505,24788.359146854957
13179.822679239034,13179.822679239034,11226.98555216839,10924.857507428513,24788.359146854957
10582.550131712294,10582.550131712294,12038.268761926354,11098.000940832759,24788.359146854957
12188.265287020535,12188.265287020535,12430.071676756754,11131.547792130827,24788.359146854957
11716.932428502754,11716.932428502754,12338.674469981794,11313.535323516584,24788.359146854957
11085.871647407032,11085.871647407032,13206.271072998748,11310.02740193589,24788.359146854957
12614.900052608229,12614.900052608229,13163.280458109448,11306.685178104217,24788.359146854957
11733.353910255619,11733.353910255619,13157.641529144836,11106.4858576839,24788.359146854957
13692.280555192348,13692.280555192348,13767.183220925344,11336.326011410105,24788.359146854957
12439.633173643098,12439.633173643098,13745.868060328881,11349.199264554978,24788.359146854957
12645.455582020637,12645.455582020637,14218.082874182084,11461.259249256385,24788.359146854957
12106.246610848033,12106.246610848033,15335.772604362079,11459.877553384611,24788.359146854957
13180.009798315237,13180.009798315237,14808.377939089574,11576.008511124268,24788.359146854957
12420.437054049033,12420.437054049033,14493.694014100582,11667.625776216004,24788.359146854957
12255.093911392405,12255.093911392405,14179.349650595328,11726.592090714206,24788.359146854957
11447.681712536616,11447.681712536616,14363.583120369778,11920.339428176107,24788.359146854957
13573.759038892907,13573.759038892907,14360.155159492739,12119.494782466683,24788.359146854957
13002.947220801841,13002.947220801841,13698.296586090923,11992.432723486978,24788.359146854957
13379.73788704728,13379.73788704728,13281.644318945162,11976.603071267773,24788.359146854957
13045.308423609165,13045.308423609165,14366.012448067351,12081.397664581125,24788.359146854957
12791.592116594009,12791.592116594009,13624.358874048752,11979.022586922916,24788.359146854957
13182.942324193327,13182.942324193327,13557.301488057059,12085.314058534845,24788.359146854957
12060.660372377524,12060.660372377524,14045.174206305315,12173.712042129708,24788.359146854957
12843.789444963455,12843.789444963455,14765.970744499398,12342.250174207411,24788.359146854957
13272.823757864502,13272.823757864502,15007.797357393976,12446.564098745044,24788.359146854957
12526.002245897625,12526.002245897625,14901.207575877463,12465.612503516237,24788.359146854957
12383.407837145242,12383.407837145242,15136.158997929824,12600.59648517964,24788.359146854957
12658.617550725106,12658.617550725106,15593.382405195598,12659.364354803643,24788.359146854957
12623.03382644361,12623.03382644361,15800.69645543748,12857.641810606689,24788.359146854957
12305.840365888922,12305.840365888922,14866.29982082196,12857.133789839017,24788.359146854957
12639.926220252513,12639.926220252513,14476.30250871696,12884.667754334681,24788.359146854957
14124.007926055165,14124.007926055165,13958.657734259046,12785.121836076432,24788.359146854957
12766.289105918186,12766.289105918186,12702.96164374109,12663.761171672297,24788.359146854957
11902.552975959334,11902.552975959334,12638.888007931942,12837.590878616322,24788.359146854957
12347.674041755952,12347.674041755952,12334.84819187706,12976.777229839186,24788.359146854957
12588.694262646024,12588.694262646024,11848.883808242417,12983.75416860348,24788.359146854957
12579.487003327462,12579.487003327462,10535.644691564088,12759.075984172141,24788.359146854957
12618.063500528442,12618.063500528442,10604.019648762785,12788.627023654957,24788.359146854957
13063.398456982519,13063.398456982519,9894.525554162712,12778.135796454804,24788.359146854957
12339.543482345332,12339.543482345332,10332.82871232084,12840.945226073372,24788.359146854957
13391.431046697053,13391.431046697053,11111.320577627597,12921.890072828799,24788.359146854957
12405.070215207526,12405.070215207526,11485.775470196235,13112.89856980856,24788.359146854957
11876.155644235241,11876.155644235241,11959.952452470696,13110.947000706605,24788.359146854957
12085.666416092175,12085.666416092175,11583.337873986688,13182.39246345507,24788.359146854957
12583.683260234993,12583.683260234993,11042.68487345516,12980.670908660664,24788.359146854957
12792.849738787809,12792.849738787809,11021.075579456932,13068.204231389069,24788.359146854957
13080.986033253206,13080.986033253206,11741.495628675086,12987.346987154237,24788.359146854957
12824.099461879898,12824.099461879898,12178.412111341082,13046.350456107044,24788.359146854957
12097.640311236577,12097.640311236577,12522.375134920392,13053.284936878215,24788.359146854957
12783.514563844168,12783.514563844168,12689.626977524409,13200.127203812688,24788.359146854957
12530.199527746641,12530.199527746641,12507.998019997842,13187.612570914647,24788.359146854957
11850.362383327954,11850.362383327954,12440.989998717796,13355.699459118443,24788.359146854957
12409.79104712468,12409.79104712468,12055.110536373859,13114.315355596109,24788.359146854957
12603.059526181441,12603.059526181441,12644.858454792617,13225.349819062245,24788.359146854957
12345.409066085303,12345.409066085303,13386.42403991456,13190.220822647216,24788.359146854957
12980.19285099454,12980.19285099454,13484.961902093162,13123.942397207948,24788.359146854957
12909.404538816529,12909.404538816529,13706.857534764073,13096.062402485162,24788.359146854957
13332.55033558001,13332.55033558001,13439.339693143676,13102.690088906815,24788.359146854957
13051.049704927145,13051.049704927145,14029.430484310873,13105.734389555324,24788.359146854957
13145.1979294831,13145.1979294831,13649.07862512323,13180.769316771557,24788.359146854957
12564.635242374408,12564.635242374408,13407.71605683165,13025.539207444559,24788.359146854957
13157.566380599364,13157.566380599364,13102.68089368911,12909.08111698385,24788.359146854957
12427.891589483903,12427.891589483903,13377.197847405047,12828.0793372592,24788.359146854957
13637.10646405248,13637.10646405248,12723.42434194699,12871.295884631527,24788.359146854957
14087.49727303135,14087.49727303135,12278.00742364012,12809.952377256175,24788.359146854957
13292.431955330925,13292.431955330925,13366.811000659214,12924.58797326584,24788.359146854957
13536.81081825154,13536.81081825154,13658.562015552543,12955.74377369712,24788.359146854957
12849.581363789013,12849.581363789013,14143.544909105849,13191.739753509799,24788.359146854957
13332.77044869201,13332.77044869201,13108.524901375302,13071.110506041356,24788.359146854957
14094.84468580204,14094.84468580204,13983.17633228455,13104.202093614998,24788.359146854957
12751.828260658394,12751.828260658394,14026.620404790467,13105.991513592904,24788.359146854957
14379.47616250074,14379.47616250074,14342.335179833806,13066.087855339198,24788.359146854957
12285.626010761109,12285.626010761109,14672.475737365432,12953.539643471224,24788.359146854957
13773.774121341328,13773.774121341328,14119.781069061433,12742.057949543932,24788.359146854957
13168.245742708847,13168.245742708847,14675.711833777179,12743.535272532818,24788.359146854957
12840.566908944524,12840.566908944524,14076.753796978734,12759.697217486091,24788.359146854957
12450.63139965016,12450.63139965016,13734.973448614139,12675.506663833987,24788.359146854957
14298.315377164923,14298.315377164923,13676.60467224455,12808.384206919587,24788.359146854957
14517.602852916138,14517.602852916138,14610.803306946118,12833.131876343079,24788.359146854957
13356.94538132113,13356.94538132113,14766.327502015954,13084.207629853794,24788.359146854957
13205.118152731791,13205.118152731791,14543.865659565326,13119.504143762575,24788.359146854957
13244.925899828266,13244.925899828266,15706.12013296976,13415.580335081338,24788.359146854957
13243.457002876119,13243.457002876119,15880.583969840187,13589.06410869104,24788.359146854957
13824.380950263052,13824.380950263052,16817.86839001152,13577.85402595985,24788.359146854957
13030.757223535471,13030.757223535471,16207.644076672494,13518.094449491904,24788.359146854957
14152.375038665854,14152.375038665854,15560.004602904857,13501.92137641858,24788.359146854957
13031.982945571834,13031.982945571834,15691.830753393577,13706.74387619988,24788.359146854957
14112.220411882976,14112.220411882976,15128.112937738426,13713.202864714716,24788.359146854957
13687.027082686143,13687.027082686143,15260.782044330994,13906.383174376737,24788.359146854957
15213.88422064431,15213.88422064431,14646.88638939629,13947.019165268888,24788.359146854957
13434.811218885927,13434.811218885927,14259.896232071904,13749.219274651436,24788.359146854957
13078.738391159573,13078.738391159573,13798.547900310406,13878.134821104177,24788.359146854957
14048.635723498322,14048.635723498322,14330.849045358826,14063.24342726867,24788.359146854957
13992.693868029522,13992.693868029522,14979.685979045182,14257.123646971551,24788.359146854957
13547.368885140522,13547.368885140522,15264.375415841083,14362.432557969087,24788.359146854957
12658.286352627361,12658.286352627361,15312.26873118625,14360.160006764445,24788.359146854957
12624.030396871716,12624.030396871716,15384.888804997896,14435.422511464445,24788.359146854957
13744.712557885056,13744.712557885056,15189.436729227276,14315.407788291956,24788.359146854957
13666.879493695224,13666.879493695224,14964.354189405267,14394.778985273711,24788.359146854957
14026.63421034802,14026.63421034802,14534.578237494065,14316.009417262818,24788.359146854957
13149.799827967781,13149.799827967781,16496.200947816782,14546.859860215227,25435.155158741614
13367.674630775147,13367.674630775147,17225.35788849052,14835.008399058723,26338.99779216416
12441.197631131185,12441.197631131185,17381.015987534975,15128.424517500895,26338.99779216416
13942.915308155352,13942.915308155352,16355.041789994464,14999.160314011919,26338.99779216416
13539.332650377899,13539.332650377899,16399.128688911995,14964.973487768573,26338.99779216416
12220.013380714163,12220.013380714163,16588.849180238256,14980.937462393462,26338.99779216416
12519.459638782637,12519.459638782637,16251.422439439524,14944.335492399536,26338.99779216416
14019.9800132183,14019.9800132183,16829.35770186738,14993.411390036696,26338.99779216416
13501.0249736015,13501.0249736015,15798.128387179799,14748.518565847497,26338.99779216416
13523.902084635243,13523.902084635243,16391.174840179403,14864.428660274052,26338.99779216416
13760.624129580427,13760.624129580427,14596.006006167076,14784.51785008231,26338.99779216416
12743.750094832745,12743.750094832745,13388.379353628237,14892.148091046547,26338.99779216416
13673.71621062509,13673.71621062509,12203.168528772625,14893.618653774405,26338.99779216416
13632.08012648206,13632.08012648206,13329.220416640606,15120.319528950642,26338.99779216416
14319.297732801437,14319.297732801437,13980.0216003026,15305.376323101067,26338.99779216416
12580.689311695143,12580.689311695143,13138.905640771369,14935.356390415893,26338.99779216416
12864.577747865256,12864.577747865256,13328.507274914917,14878.324544272009,26338.99779216416
12845.133200460015,12845.133200460015,13743.0932366599,14913.321055547503,26338.99779216416
13427.41535432654,13427.41535432654,13558.648874137842,14838.543360400005,26338.99779216416
12731.021256125015,12731.021256125015,12968.171043068009,14661.427602430746,26338.99779216416
13294.287698605463,13294.287698605463,13804.765115955019,14740.14679231522,26338.99779216416
12488.089317947584,12488.089317947584,13774.56388971041,14778.593833021867,26338.99779216416
13018.2931849604,13018.2931849604,13950.882074229914,14749.299921147307,26338.99779216416
13834.061530788062,13834.061530788062,13080.63506311426,14912.49032776121,26338.99779216416
12042.040830378352,12042.040830378352,13394.468586234803,15049.127673592595,26338.99779216416
13744.678980094257,13744.678980094257,14179.427635762957,14955.891158172737,26338.99779216416
11924.06783064991,11924.06783064991,13877.259280360497,14906.781710621282,26338.99779216416
12348.837680300416,12348.837680300416,13330.595488235878,14844.119218745775,26338.99779216416
11846.349046293199,11846.349046293199,15020.48835764639,14920.480370540057,26338.99779216416
12241.069524968085,12241.069524968085,15249.530028085277,14758.068107644605,26338.99779216416
13629.48212746277,13629.48212746277,14604.414969432046,14752.256654288567,26338.99779216416
12334.185584508097,12334.185584508097,14210.218923140743,14479.413591056064,26338.99779216416
12303.5145149473,12303.5145149473,14077.183658107597,14388.619858800788,26338.99779216416
12963.83692002024,12963.83692002024,13543.410974899181,14257.598844738737,26338.99779216416
13007.05176429644,13007.05176429644,12292.701007017022,14266.139059661497,26338.99779216416
11762.538394106965,11762.538394106965,11939.884888774326,14231.867215346629,26338.99779216416
13232.962570995756,13232.962570995756,12305.631920967378,14229.541944136045,26338.99779216416
12287.458331857526,12287.458331857526,12134.831556997542,14245.462942597598,26338.99779216416
12400.811475779778,12400.811475779778,11056.96134480262,14079.716230634383,26338.99779216416
11703.715543821952,11703.715543821952,11023.96974063632,14033.484777892614,26338.99779216416
12769.216560385508,12769.216560385508,10500.391538255277,14000.355715525242,26338.99779216416
11450.314811900673,11450.314811900673,10278.56259356505,13775.416529706994,26338.99779216416
11937.81652131279,11937.81652131279,10010.959620651824,13524.641973859389,26338.99779216416
11999.94339558005,11999.94339558005,9730.967591833476,13207.855167296399,26338.99779216416
12243.698354748853,12243.698354748853,10273.099758307413,13267.883928154768,26338.99779216416
12049.651736877016,12049.651736877016,10772.133624610198,13323.84019403142,26338.99779216416
11010.465886152497,11010.465886152497,9817.541009844668,13116.072385105397,26338.99779216416
11614.437612856807,11614.437612856807,9990.995853642418,13205.774767480625,26338.99779216416
11711.646523500336,11711.646523500336,9740.418593264714,13034.929111406274,26338.99779216416
11279.105048278761,11279.105048278761,9817.183114420799,13090.00575327796,26338.99779216416
11000.198440493949,11000.198440493949,10536.869996348834,12808.48952523165,26338.99779216416
11193.243297989153,11193.243297989153,10560.371645453168,12442.419281099521,26338.99779216416
10509.858460568283,10509.858460568283,11266.92984029967,12301.824744412326,26338.99779216416
11195.116395863497,11195.116395863497,12039.98450085945,12344.843709469393,26338.99779216416
11686.836783490711,11686.836783490711,11610.640766270166,12310.1863436264,26338.99779216416
11642.014431856205,11642.014431856205,11325.271135583396,12271.124585100448,26338.99779216416
10436.51697537809,10436.51697537809,12142.523726709553,12294.2926425594,26338.99779216416
11591.596867971182,11591.596867971182,11718.66199940889,12183.635626988927,26338.99779216416
10903.3536141879,10903.3536141879,11747.876205254775,12224.878675021268,26338.99779216416
10863.229283708317,10863.229283708317,11721.213798814137,12156.01354500491,26338.99779216416
10845.467550944837,10845.467550944837,11465.594977593099,12182.407319516857,26338.99779216416
11314.777710244442,11314.777710244442,12383.709851921476,12241.485380758173,26338.99779216416
10755.726761004173,10755.726761004173,11747.288050434323,12210.648648744665,26338.99779216416
11126.068298504884,11126.068298504884,11476.969844705334,11974.393595082342,26338.99779216416
12068.217712836617,12068.217712836617,11474.627885368798,11809.107600639642,26338.99779216416
10619.611993260862,10619.611993260862,11453.806058611612,11934.104668668499,26338.99779216416
10351.36225326245,10351.36225326245,11766.749910274684,11981.941169631355,26338.99779216416
10922.520366159506,10922.520366159506,11952.490567296054,11825.515093116157,26338.99779216416
10236.775389340733,10236.775389340733,12076.815787707705,11928.51205773524,26338.99779216416
9439.422568704285,9439.422568704285,11910.94815192393,11944.56896677609,26338.99779216416
10233.654130908151,10233.654130908151,11681.432347512839,11757.740765828417,26338.99779216416
10031.68767709443,10031.68767709443,11074.84931357323,11701.542465530732,26338.99779216416
10124.733866934559,10124.733866934559,11156.351080442226,11651.742449987125,26338.99779216416
9963.274298131006,9963.274298131006,11263.535391546675,11610.973660768823,26338.99779216416
10635.206170920988,10635.206170920988,10813.437947693326,11292.901472931344,26338.99779216416
10577.99210234843,10577.99210234843,10681.615202494862,11234.542182014879,26338.99779216416
10362.738700139422,10362.738700139422,9876.967827598552,11181.882879078965,26338.99779216416
10141.667782899045,10141.667782899045,9325.69622781661,11024.535241032301,26338.99779216416
10313.755648127602,10313.755648127602,8813.495394724552,10687.113465150871,26338.99779216416
9922.520913992998,9922.520913992998,8848.85886317255,10664.434733793547,26338.99779216416
10193.646107861632,10193.646107861632,9667.729530408846,10770.403678023778,26338.99779216416
9689.861894665737,9689.861894665737,9686.108116511909,10796.720304204968,26338.99779216416
9300.18551481779,9300.18551481779,10080.352584597897,10852.37623528519,26338.99779216416
9836.53969518324,9836.53969518324,9670.62233225223,10836.415932239433,26338.99779216416
9643.357407753645,9643.357407753645,10029.376954960973,10840.236662520132,26338.99779216416
9641.259250983547,9641.259250983547,9601.330550930332,10766.83131444608,26338.99779216416
9664.664953663188,9664.664953663188,9951.770978967426,10711.110690678976,26338.99779216416
9171.314988014423,9171.314988014423,10496.409719908941,10696.850873614581,26338.99779216416
9898.564348979558,9898.564348979558,11094.770448145151,10694.67528581938,26338.99779216416
9428.939044350309,9428.939044350309,11350.273480965463,10729.695481859375,26338.99779216416
8934.53859006878,8934.53859006878,10199.732641494616,10710.271898671646,26338.99779216416
8811.58392190172,8811.58392190172,10048.012726688135,10750.610330829586,26338.99779216416
9013.672659127971,9013.672659127971,9571.75639531028,10764.535590216878,26338.99779216416
9581.971500703035,9581.971500703035,9838.301390295775,10857.882691931894,26338.99779216416
8982.167200507918,8982.167200507918,10253.008032460839,10836.218317350822,26338.99779216416
9449.217146144974,9449.217146144974,10812.068717517252,10774.818333027493,26338.99779216416
9597.012535078298,9597.012535078298,10502.220037091853,10848.046496128412,26338.99779216416
8708.674494505729,8708.674494505729,9893.607391570318,10677.373181200162,26338.99779216416
8806.508734725146,8806.508734725146,9492.077054729956,10645.006978112426,26338.99779216416
8727.289277723152,8727.289277723152,8922.264727742664,10550.71180452375,26338.99779216416
9127.870583937118,9127.870583937118,9503.470197790179,10503.591938959915,26338.99779216416
9116.316561217098,9116.316561217098,9556.24917491244,10549.78583672144,26338.99779216416
9025.54765538691,9025.54765538691,9829.275587308925,10477.004739618731,26338.99779216416
9525.740826515334,9525.740826515334,9428.338984213082,10335.553588602621,26338.99779216416
8827.615502308487,8827.615502308487,9588.611759768788,10431.812516050546,26338.99779216416
9010.163833685896,9010.163833685896,9678.08574900841,10445.381255712495,26338.99779216416
8730.263718751476,8730.263718751476,9510.493146300605,10321.640380046623,26338.99779216416
8734.898972378325,8734.898972378325,9591.05954701886,10251.852690722157,26338.99779216416
8467.945041123026,8467.945041123026,9475.927826765952,10190.617302414663,26338.99779216416
8493.401006964465,8493.401006964465,9822.227801703484,10170.91460510162,26338.99779216416
8704.693890691984,8704.693890691984,9587.388288913564,10127.950601224009,26338.99779216416
8684.876255138202,8684.876255138202,9314.120529391726,9935.86797221549,26338.99779216416
8499.49064444585,8499.49064444585,9102.106122472866,9947.96835402644,26338.99779216416
9172.582932382287,9172.582932382287,8998.016452200554,9839.762910101665,26338.99779216416
8607.492081360482,8607.492081360482,8543.381886566332,9845.563316290052,26338.99779216416
7850.336099687882,7850.336099687882,8179.342817413577,9790.488607472887,26338.99779216416
8262.760230470845,8262.760230470845,8010.483735094078,9570.387145010503,26338.99779216416
7931.336630890179,7931.336630890179,8327.096260032926,9526.77382926953,26338.99779216416
8696.76917134014,8696.76917134014,8464.405031896502,9468.135151252423,26338.99779216416
8748.847274773108,8748.847274773108,8008.451938742345,9390.4153624653,26338.99779216416
8284.9250655078,8284.9250655078,8322.121629732315,9456.088457667904,26338.99779216416
7598.360634105122,7598.360634105122,8726.879239662736,9466.273957433388,26338.99779216416
8306.245605271306,8306.245605271306,9199.82077026081,9556.662291990155,26338.99779216416
8172.4215173006905,8172.4215173006905,9201.759616613237,9427.407755114975,26338.99779216416
8229.611168760812,8229.611168760812,9010.006947740054,9484.877116299396,26338.99779216416
7727.659379755612,7727.659379755612,8921.19562809394,9438.404692592703,26338.99779216416
8375.066841123353,8375.066841123353,9468.377455176313,9488.669070526057,26338.99779216416
8440.832702200896,8440.832702200896,9562.360290351317,9574.106641776472,26338.99779216416
8016.886005283779,8016.886005283779,9556.994316200085,9616.83493554753,26338.99779216416
8390.74832129317,8390.74832129317,9617.0346037653,9544.050510583853,26338.99779216416
8136.040398713139,8136.040398713139,9346.161619446579,9391.77487547545,26338.99779216416
7506.400579044837,7506.400579044837,8795.915112195627,9288.235356570132,26338.99779216416
7281.568862129555,7281.568862129555,7770.374333445352,9094.666641759648,26338.99779216416
7625.124621958783,7625.124621958783,8085.662912760369,9110.415871216605,26338.99779216416
7931.300353257908,7931.300353257908,8466.995785361727,9172.400882379548,26338.99779216416
8094.164246853608,8094.164246853608,8053.150783932016,9128.76873919304,26338.99779216416
8176.617157501534,8176.617157501534,7941.053084154593,9086.525491563489,26338.99779216416
7963.268164224385,7963.268164224385,7259.120980660565,8926.648893926797,26338.99779216416
7673.131103240673,7673.131103240673,7462.474509953565,8890.375747909213,26338.99779216416
8044.950012054917,8044.950012054917,7322.014861382455,8738.39878666725,26338.99779216416
8292.069555396376,8292.069555396376,7467.787179870569,8845.385783150641,26338.99779216416
7551.439657423732,7551.439657423732,7403.776267042069,8759.388064640918,26338.99779216416
8229.247514764233,8229.247514764233,7826.972868342127,8745.709936366016,26338.99779216416
7227.5085949901895,7227.5085949901895,7480.593107575024,8638.874214672453,26338.99779216416
7363.096509910492,7363.096509910492,6932.6068338606565,8508.320642659512,26338.99779216416
8502.648176136256,8502.648176136256,7343.672262787868,8435.089448247163,26338.99779216416
7660.128854524326,7660.128854524326,7151.7515275547385,8416.431789656068,26338.99779216416
7848.303783327976,7848.303783327976,7688.118316878235,8485.551078988381,26338.99779216416
7874.537276760958,7874.537276760958,7224.986910491911,8436.957719061604,26338.99779216416
7426.13348982015,7426.13348982015,7293.155327643838,8412.576906647486,26338.99779216416
7172.8714648879495,7172.8714648879495,7141.564577353548,8373.004659063316,26338.99779216416
7988.836448840219,7988.836448840219,7257.477699709221,8299.633769600276,26338.99779216416
6550.728863766741,6550.728863766741,7068.644362232255,8193.583691350683,26338.99779216416
8161.035831003636,8161.035831003636,7706.132018372872,8294.432821504412,26338.99779216416
8081.027535250507,8081.027535250507,7587.034990165092,8108.005288738773,26338.99779216416
7477.107533337749,7477.107533337749,7179.577706347778,7935.3878397150365,26338.99779216416
7749.077526770155,7749.077526770155,7184.134611450184,7951.160082685982,26338.99779216416
7151.385873643867,7151.385873643867,6891.994190889821,7945.738007762573,26338.99779216416
7270.4577886527995,7270.4577886527995,7084.910777202689,7958.7543091489515,26338.99779216416
7204.752641894405,7204.752641894405,6948.879437888767,7837.907233884542,26338.99779216416
7549.8373683437585,7549.8373683437585,7020.544584241466,7859.635918128894,26338.99779216416
7239.727220579149,7239.727220579149,6847.748890537419,7806.359441829414,26338.99779216416
7558.6615528956045,7558.6615528956045,7020.239543348493,7777.2103755258095,26338.99779216416
7612.435154194061,7612.435154194061,6521.881521940726,7799.205835452446,26338.99779216416
7584.21089969141,7584.21089969141,6348.029279173715,7668.934767260249,26338.99779216416
7767.5102080241895,7767.5102080241895,6532.758791739471,7606.0710345802145,26338.99779216416
7611.592783030238,7611.592783030238,7151.353971756229,7779.334130018413,26338.99779216416
7156.548040046743,7156.548040046743,6990.320296642172,7678.382815084423,26338.99779216416
7664.729630829457,7664.729630829457,6833.866533484867,7632.646609466624,26338.99779216416
7625.83628944866,7625.83628944866,6574.507215570137,7551.1182892501,26338.99779216416
7011.377024758342,7011.377024758342,6411.831202808417,7477.577832744116,26338.99779216416
6862.065452162691,6862.065452162691,6804.850459191369,7421.95368573514,26338.99779216416
6993.181031713892,6993.181031713892,6694.005221704356,7276.047265814517,26338.99779216416
7162.32705285803,7162.32705285803,7154.343955663794,7389.722703262557,26338.99779216416
6835.7708238013065,6835.7708238013065,7596.314535221271,7386.196284756492,26338.99779216416
6684.059479830281,6684.059479830281,7668.93707139079,7355.619323239585,26338.99779216416
7374.546543922449,7374.546543922449,6915.737832586756,7268.8062055005,26338.99779216416
7319.755930484205,7319.755930484205,7001.945392911277,7166.299835596414,26338.99779216416
7591.475855762718,7591.475855762718,6862.615690210101,7093.770884268627,26338.99779216416
7862.014552087195,7862.014552087195,7378.500920090596,7103.411552515159,26338.99779216416
7528.2001866316605,7528.2001866316605,7341.3600832043885,7076.617525495679,26338.99779216416
7762.275662279559,7762.275662279559,7427.055979391366,7148.1818591742895,26338.99779216416
7834.1115687369465,7834.1115687369465,7434.318862540381,7208.836171633522,26338.99779216416
6863.171544099301,6863.171544099301,6953.740063740847,7163.338133458654,26338.99779216416
7343.193083965457,7343.193083965457,7417.478510847524,7176.292829853653,26338.99779216416
7356.312435546163,7356.312435546163,7508.717373776641,7246.73264120851,26338.99779216416
7465.751591933506,7465.751591933506,7980.3620198431045,7276.667992638203,26338.99779216416
7613.0659166667565,7613.0659166667565,8141.364222487331,7342.748483961767,26338.99779216416
7605.9001318829905,7605.9001318829905,8282.108135481109,7257.697609374134,26338.99779216416
7096.689330004188,7096.689330004188,8062.580359175474,7251.524652073763,26338.99779216416
7235.954515668681,7235.954515668681,8199.669974398446,7222.994084401253,26338.99779216416
7455.364766011885,7455.364766011885,7947.9538225404995,7257.017370273974,26338.99779216416
7316.554155456865,7316.554155456865,8069.481974491563,7257.337992863409,26338.99779216416
7079.808777376162,7079.808777376162,8196.953733558623,7306.6102586553725,26338.99779216416
6943.76437687723,6943.76437687723,7442.5395342955835,7278.279369940636,26338.99779216416
7029.03784064007,7029.03784064007,7415.453450154935,7261.088878681923,26338.99779216416
7000.8030881481745,7000.8030881481745,7092.3479611704115,7264.787279361336,26338.99779216416
7397.3178904142615,7397.3178904142615,6915.3102385904,7188.186868304199,26338.99779216416
7028.956835524933,7028.956835524933,6877.73410898309,7188.247049072371,26338.99779216416
6823.3856538028,6823.3856538028,7522.746782660225,7297.44294307704,26338.99779216416
7422.1677783115665,7422.1677783115665,7437.072839444199,7282.095736819385,26338.99779216416
7037.645116702077,7037.645116702077,7231.624581886068,7251.846746709343,26338.99779216416
7211.264445688032,7211.264445688032,7367.200686918349,7317.049257800629,26338.99779216416
7461.074744367844,7461.074744367844,7325.84940509861,7230.55373600052,26338.99779216416
6976.251705350929,6976.251705350929,7588.747767546668,7278.621925416953,26338.99779216416
7306.3246863306085,7306.3246863306085,7654.463783992158,7356.066094210797,26338.99779216416
7449.973458598053,7449.973458598053,7445.484693719065,7317.057295815113,26338.99779216416
7116.068448539868,7116.068448539868,7590.256910761836,7327.839412278604,26338.99779216416
7253.950992710732,7253.950992710732,7870.677360056092,7345.400365643052,26338.99779216416
7399.736421674545,7399.736421674545,7399.553670122934,7387.5777895238725,26338.99779216416
Average Episodic Reward,Average Episodic N-Reward,Avg Reward (last 10),Avg Reward (last 50),Best Reward
9676.20574328341,9676.20574328341,10974.151998407986,10974.151998407986,10974.151998407986
9641.025035489733,9641.025035489733,6913.41311301116,6913.41311301116,10974.151998407986
10365.171259195575,10365.171259195575,9486.315011661498,9486.315011661498,14632.118808962172
10076.011598944271,10076.011598944271,7885.491892797139,7885.491892797139,14632.118808962172
10027.175443827975,10027.175443827975,7981.050173916594,7981.050173916594,14632.118808962172
9994.757979592563,9994.757979592563,8438.807274596553,8438.807274596553,14632.118808962172
9488.776969894587,9488.776969894587,7867.481854835311,7867.481854835311,14632.118808962172
10430.285930735628,10430.285930735628,7289.113763398278,7289.113763398278,14632.118808962172
9531.93202257743,9531.93202257743,8430.45833838633,8430.45833838633,17561.214938290756
10095.252717235287,10095.252717235287,8301.52874157012,8301.52874157012,17561.214938290756
10435.604449626899,10435.604449626899,8873.442203720588,9064.415821419443,17561.214938290756
9845.46535748907,9845.46535748907,10118.204887021355,9584.072924686323,17561.214938290756
10237.679072607652,10237.679072607652,10273.3146109509,10091.699318807192,17561.214938290756
10977.754701036454,10977.754701036454,11304.297840697833,10327.496141297635,17561.214938290756
9947.871203648796,9947.871203648796,11918.285790842881,10605.873918534118,17561.214938290756
11651.26672943308,11651.26672943308,11247.612447371679,10194.310507581005,17561.214938290756
9503.710666752155,9503.710666752155,12936.08361299576,10849.012300812046,21324.240992508705
10992.874068024284,10992.874068024284,13373.134768473707,10669.125432884626,21324.240992508705
9942.810318284075,9942.810318284075,11979.397826096221,10298.321226654696,21324.240992508705
10643.662847202102,10643.662847202102,11899.96762345599,10100.748182513056,21324.240992508705
10047.340551380115,10047.340551380115,10960.735255843381,9967.425075907031,21324.240992508705
10418.954544729737,10418.954544729737,10181.01850710955,9855.411825787787,21324.240992508705
8761.476877472422,8761.476877472422,10054.99092868433,10075.739149188554,21324.240992508705
10333.24462132332,10333.24462132332,9319.307538483528,9907.417556791755,21324.240992508705
10833.8086428701,10833.8086428701,8169.404555058614,9631.286173143917,21324.240992508705
18455.971797965743,18455.971797965743,8992.437851625724,9732.05179375205,21324.240992508705
22690.1900470353,22690.1900470353,8261.464105391071,9890.661117322798,21324.240992508705
18621.21044481551,18621.21044481551,8699.870525093818,9965.820108673624,21324.240992508705
13431.49932725884,13431.49932725884,10413.09636249715,10337.898859703817,21324.240992508705
14248.62835968893,14248.62835968893,10162.692143660646,10121.396169562251,21324.240992508705
10462.232313038257,10462.232313038257,10943.980647762555,10282.443002312039,21324.240992508705
16673.163482773067,16673.163482773067,10578.841456607024,10081.4835854188,21324.240992508705
8998.8957098307,8998.8957098307,10577.073993537751,10227.658798991342,21324.240992508705
15830.93284814883,15830.93284814883,11427.582723587653,10354.524958790551,21324.240992508705
14195.083632581367,14195.083632581367,13140.297247001832,10633.86076567475,21324.240992508705
11936.361216016277,11936.361216016277,13243.282786312713,10707.393736130014,21324.240992508705
12181.900149739271,12181.900149739271,14011.746636893124,11004.468014503967,21699.142035966244
16386.363184628204,16386.363184628204,14472.827834422127,11151.874773344285,21699.142035966244
15200.288427803274,15200.288427803274,12900.41766665787,10994.954964051014,21699.142035966244
14976.712690595694,14976.712690595694,14088.352012917961,11113.13513040118,21699.142035966244
10643.184821281382,10643.184821281382,13824.536596621561,11146.3682692168,21699.142035966244
13542.125709468655,13542.125709468655,14917.87923813471,11233.006359874968,21699.142035966244
14272.195172641454,14272.195172641454,14859.868728446638,11304.91692212048,21699.142035966244
18269.008962092346,18269.008962092346,15217.868733614992,11459.83036215974,21699.142035966244
13457.435767957873,13457.435767957873,13911.200628168817,11362.158512895652,21699.142035966244
14153.26928320598,14153.26928320598,13931.194554462423,11408.220000984884,21699.142035966244
12777.51976519671,12777.51976519671,12000.716640002778,11216.435807163285,21699.142035966244
14238.549831907283,14238.549831907283,11968.42856367894,11321.990146330669,21699.142035966244
11747.99067803978,11747.99067803978,12445.371566787191,11290.958352364516,21699.142035966244
13547.621425456253,13547.621425456253,11520.814423803075,11194.67098908156,21699.142035966244
16148.518470996198,16148.518470996198,11591.172306001969,11238.773401990009,21699.142035966244
12024.815179621999,12024.815179621999,11326.046475168947,11424.398112808318,21699.142035966244
8203.789632752365,8203.789632752365,10455.32889221158,11244.115430766242,21699.142035966244
14152.018079981266,14152.018079981266,10106.414730750188,11475.094313426842,21699.142035966244
10383.923163613232,10383.923163613232,11717.783707143792,11771.394385643187,23178.286909211834
14623.288854109696,14623.288854109696,11037.061741900008,11690.31787633451,23178.286909211834
10745.340073026822,10745.340073026822,12819.53422015247,12005.90904308704,23178.286909211834
13479.675747998896,13479.675747998896,11632.857816107397,12029.423901555198,23178.286909211834
9981.675771614358,9981.675771614358,12212.614912391095,11990.179666885906,23178.286909211834
17478.52842763783,17478.52842763783,12903.248841722005,12115.015009111934,23178.286909211834
10823.58058261395,10823.58058261395,12952.452372904649,12054.575435826824,23178.286909211834
14055.127654472484,14055.127654472484,12311.920161747461,11863.14116775354,23178.286909211834
9387.497359831088,9387.497359831088,12588.571853389265,11707.166879253911,23178.286909211834
14872.347787022914,14872.347787022914,12068.996956055029,11628.034136498278,23178.286909211834
10756.141992110517,10756.141992110517,10513.780281867623,11490.493283848135,23178.286909211834
15337.463789206844,15337.463789206844,11157.886150275152,11672.372616915201,23178.286909211834
9488.41604317727,9488.41604317727,10416.788053128414,11502.049931113572,23178.286909211834
15671.306507782689,15671.306507782689,10858.974932604007,11526.591934381258,23178.286909211834
9449.991526209935,9449.991526209935,10010.823953506206,11596.464892367905,23178.286909211834
15725.858353186382,15725.858353186382,9039.557482825021,11542.93298098574,23178.286909211834
10729.211072849117,10729.211072849117,8219.511611160511,11506.330706890249,23178.286909211834
15005.065203338794,15005.065203338794,10291.293716092645,11885.196209550159,26446.408706279133
10200.327351353531,10200.327351353531,10677.562070535914,11831.681107624228,26446.408706279133
13303.227403358127,13303.227403358127,11230.416923674866,12010.256013536546,26446.408706279133
9548.077308900598,9548.077308900598,11903.421003310978,12237.296573498608,26446.408706279133
12930.079614010247,12930.079614010247,11655.065288719461,12204.898104333952,26446.408706279133
11813.384341768606,11813.384341768606,11789.027165570551,12207.562543149466,26446.408706279133
14986.19033361791,14986.19033361791,12345.760209461674,12255.769871254828,26446.408706279133
14346.95151452874,14346.95151452874,13046.803530385372,12123.206325945546,26446.408706279133
17222.88467868755,17222.88467868755,13815.330266406547,12273.460605534923,26446.408706279133
9115.705322998254,9115.705322998254,14652.624209532534,12248.059419244246,26446.408706279133
16334.366559362812,16334.366559362812,12928.582248412502,12355.144367911253,26446.408706279133
13558.014100734605,13558.014100734605,12894.608121643876,12295.187933245452,26446.408706279133
12025.175791980735,12025.175791980735,13498.593877335541,12424.458244286123,26446.408706279133
12827.930922322676,12827.930922322676,12845.710469082218,12178.379217914686,26446.408706279133
11523.085376770958,11523.085376770958,13326.348383380897,12221.511223747588,26446.408706279133
10171.880281974136,10171.880281974136,13046.830690520936,12014.579353875031,26446.408706279133
12363.72305243142,12363.72305243142,12707.230555249433,11902.650415420288,26446.408706279133
12329.391692168912,12329.391692168912,12122.2998637589,11967.582765365752,26446.408706279133
11500.397985818923,11500.397985818923,12515.827670915633,11958.955737134458,26446.408706279133
11547.445167059439,11547.445167059439,12281.523793908078,11939.45685870155,26446.408706279133
8804.164635376696,8804.164635376696,12679.000372778504,11907.368594840013,26446.408706279133
11576.579014561754,11576.579014561754,12419.957078704512,11807.205603297029,26446.408706279133
7907.003506359749,7907.003506359749,11601.493691119385,11701.183235787003,26446.408706279133
13184.667039651682,13184.667039651682,11700.756928971208,11736.290478075161,26446.408706279133
7977.120373102913,7977.120373102913,11332.812533629829,11701.83481958107,26446.408706279133
11696.726173024266,11696.726173024266,10793.119620635582,11773.059950001594,26446.408706279133
9694.188694804214,9694.188694804214,11078.138875493076,11724.59247778312,26446.408706279133
8996.906949935234,8996.906949935234,11074.017665199613,11693.311985048238,26446.408706279133
11101.035371449001,11101.035371449001,10238.793115367585,11702.551475447355,26446.408706279133
10976.394015474505,10976.394015474505,10386.426366698903,11698.507670840936,26446.408706279133
13716.569586311565,13716.569586311565,10924.638907264845,11827.087081259191,26446.408706279133
11211.0123046167,11211.0123046167,10888.554904540108,11893.850805762733,26446.408706279133
11755.752940432054,11755.752940432054,10733.892652296137,11826.67882009619,26446.408706279133
9855.182019432164,9855.182019432164,10768.930726867702,11546.519882019948,26446.408706279133
13325.46424428718,13325.46424428718,10144.323183985009,11523.28710799807,26446.408706279133
9111.95783533061,9111.95783533061,10407.295265978206,11290.612159166736,26446.408706279133
13676.178567414794,13676.178567414794,10445.185144105544,11487.057943382748,26446.408706279133
8237.24524189419,8237.24524189419,11669.448205765235,11584.678643723068,26446.408706279133
15927.365413716185,15927.365413716185,11835.822447258945,11489.066196554748,26446.408706279133
6912.917992947171,6912.917992947171,12159.248816682688,11539.866959596542,26446.408706279133
14104.91476582804,14104.91476582804,10787.833920639496,11522.269833037599,26446.408706279133
7192.730514865381,7192.730514865381,11075.646323959665,11591.265699876814,26446.408706279133
13101.589829784793,13101.589829784793,10711.502139744174,11555.17985683402,26446.408706279133
6029.823150290882,6029.823150290882,10731.9034676353,11590.14451917348,26446.408706279133
13293.902126023473,13293.902126023473,11947.937351383664,11681.29734821977,26446.408706279133
7049.161925392069,7049.161925392069,12395.11308603044,11686.277165747146,26446.408706279133
13841.837981431634,13841.837981431634,12078.299068650935,11730.922770592135,26446.408706279133
7838.644930663067,7838.644930663067,11288.110904295214,11840.136033880866,26446.408706279133
12844.282802993861,12844.282802993861,12216.000723978254,12124.354844785395,26446.408706279133
10304.763845549549,10304.763845549549,12206.073008294932,12337.179239023428,26446.408706279133
11162.293041055516,11162.293041055516,12544.542211297632,11972.919532078595,26446.408706279133
9912.036165988615,9912.036165988615,12397.154092208792,11935.18410421139,26446.408706279133
9761.448238658695,9761.448238658695,12398.987564844125,11788.89398506787,26446.408706279133
11214.854710271125,11214.854710271125,12417.086453409727,11692.87760919323,26446.408706279133
11633.025065072032,11633.025065072032,11255.280910226735,11601.340472521226,26446.408706279133
10169.821016130243,10169.821016130243,12068.083038138546,11742.08834026074,26446.408706279133
10587.012338641513,10587.012338641513,11403.16348856749,11542.403426413293,26446.408706279133
10592.672264294473,10592.672264294473,11114.747700130758,11453.724867829944,26446.408706279133
11040.655813870588,11040.655813870588,10891.319771325245,11539.552745769131,26446.408706279133
10238.726309831909,10238.726309831909,11014.016165395355,11609.45763019599,26446.408706279133
11302.230633180348,11302.230633180348,11575.346502791508,11702.272382954396,26446.408706279133
11411.62026612141,11411.62026612141,11962.316817405483,11748.72584336371,26446.408706279133
10862.958738636453,10862.958738636453,12440.026606079158,11577.180530816597,26446.408706279133
10641.990787374805,10641.990787374805,13099.95482459363,11743.72648029551,26446.408706279133
10776.19621833814,10776.19621833814,13785.996110866321,11693.270018018311,26446.408706279133
11852.125951391394,11852.125951391394,12160.726273500779,11564.86745685671,26446.408706279133
10649.048892141705,10649.048892141705,13288.50601923672,11658.65851921075,26446.408706279133
12654.990044009644,12654.990044009644,13726.154289482292,11774.49575297462,26446.408706279133
11330.338087721326,11330.338087721326,13931.860879364001,11822.759387458807,26446.408706279133
11391.41360746062,11391.41360746062,13325.381394433649,11818.229150301106,26446.408706279133
11591.541713328805,11591.541713328805,13470.770168440853,11860.626342086867,26446.408706279133
11888.075690954582,11888.075690954582,13255.114522484775,11915.757332119767,26446.408706279133
11241.964254045526,11241.964254045526,12752.188619287414,11807.319516450201,26446.408706279133
12833.258508019953,12833.258508019953,12016.246568066834,11806.824408114639,26446.408706279133
11288.801453638505,11288.801453638505,11448.454618406638,11716.398434973673,26446.408706279133
13017.350556330146,13017.350556330146,12869.507613095178,11980.14505534863,26446.408706279133
11862.509270475346,11862.509270475346,12845.629888811778,12012.156721874491,26446.408706279133
12741.587777619989,12741.587777619989,13099.130321564324,12179.518284247564,26446.408706279133
12423.283434926792,12423.283434926792,12518.319151289777,12278.664594643247,26446.408706279133
12609.529469593172,12609.529469593172,13401.378735544346,12421.219624070192,26446.408706279133
14884.008060797276,14884.008060797276,13460.419899601537,12367.782540554204,26446.408706279133
11687.55519777738,11687.55519777738,14184.570509840687,12574.96045317988,26446.408706279133
11711.869680256901,11711.869680256901,14210.753100917907,12502.691606174556,26446.408706279133
12332.125045136205,12332.125045136205,15505.719034445438,12754.182069630186,26446.408706279133
12078.81572567743,12078.81572567743,15482.421859634993,12784.018170103673,26446.408706279133
13438.3782747674,13438.3782747674,14775.570041768442,12853.800010506677,26446.408706279133
12147.304869137668,12147.304869137668,13990.560995258242,12721.231892105034,26446.408706279133
13350.3763931786,13350.3763931786,13771.31594860981,12599.89183281648,26446.408706279133
13006.706665048789,13006.706665048789,13645.615165629872,12640.62313831743,26446.408706279133
12058.032703216495,12058.032703216495,13134.024306777535,12616.174722089165,26446.408706279133
12289.057782138607,12289.057782138607,12861.985373996531,12782.612831225611,26446.408706279133
13620.645226032786,13620.645226032786,12173.61918242387,12794.55502487272,26446.408706279133
12614.800494085159,12614.800494085159,12488.090598420536,12858.00929790983,26446.408706279133
13324.22976621021,13324.22976621021,11523.427771305971,12912.48693036432,26446.408706279133
13824.99745956051,13824.99745956051,12631.56358584567,12920.743416996072,26446.408706279133
12049.636911446198,12049.636911446198,13123.014675084869,12999.380328317558,26446.408706279133
12600.219073111868,12600.219073111868,13824.959988124614,13070.56407599977,26446.408706279133
14274.092336716096,14274.092336716096,14036.743680930347,13149.618388143506,26446.408706279133
12917.146818397467,12917.146818397467,14105.517391017027,13018.526471725185,26446.408706279133
14681.934057828474,14681.934057828474,14080.264647113258,12991.013049852829,26446.408706279133
12251.587823923497,12251.587823923497,14955.959219187827,13264.89623280365,26446.408706279133
13528.48667959976,13528.48667959976,14718.356588787725,13258.795524188507,26446.408706279133
12884.98729874717,12884.98729874717,14584.573100330326,13295.126405007068,26446.408706279133
14136.792244891536,14136.792244891536,14674.373948808856,13363.94442944415,26446.408706279133
13695.102681796006,13695.102681796006,13708.13351506883,13411.31393796449,26446.408706279133
13577.416317184085,13577.416317184085,13286.297164582089,13243.023153606271,26446.408706279133
13912.862578169903,13912.862578169903,13184.222408779611,13426.775860042193,26446.408706279133
14384.410926173883,14384.410926173883,13628.03783321353,13652.276414760063,26446.408706279133
14081.384628912165,14081.384628912165,13924.318858681425,13625.126289196422,26446.408706279133
14375.308143129074,14375.308143129074,13517.974347315892,13491.804686236937,26446.408706279133
15439.390167128668,15439.390167128668,12557.217480781686,13461.270428401687,26446.408706279133
14510.951182524572,14510.951182524572,13219.097096416963,13510.151579990807,26446.408706279133
14296.328410943472,14296.328410943472,13749.478378652373,13557.016759521712,26446.408706279133
13495.404479757291,13495.404479757291,13775.145700534087,13498.982604632236,26446.408706279133
13702.14827577293,13702.14827577293,14851.074642300857,13624.329644251397,26446.408706279133
14592.096356960705,14592.096356960705,14997.213459974108,13810.320590900938,26446.408706279133
14116.354024115113,14116.354024115113,14214.343772753598,13611.943410745567,26446.408706279133
13786.674969801645,13786.674969801645,13774.489275560281,13661.943411975657,26446.408706279133
14208.384246487087,14208.384246487087,14194.769360915958,13677.70798550681,26446.408706279133
15073.899636310785,15073.899636310785,14884.073924753908,13803.543192300987,26446.408706279133
13657.053918231257,13657.053918231257,15551.164649976377,13877.34932470879,26446.408706279133
13398.527095138643,13398.527095138643,15036.212393261643,13866.371154146176,26446.408706279133
14979.093210009514,14979.093210009514,14864.945586327822,13979.56815292979,26446.408706279133
14839.741322045591,14839.741322045591,14716.452332266254,14039.02375747212,26446.408706279133
15039.474622161493,15039.474622161493,13801.674246643975,14094.973569898866,26446.408706279133
13358.596050177193,13358.596050177193,13625.276586630955,13961.474385608093,26446.408706279133
13994.724609990208,13994.724609990208,14065.86080267551,13855.98959351831,26446.408706279133
15182.68924016768,15182.68924016768,14410.233706896706,13924.164089042135,26446.408706279133
13672.101087783743,13672.101087783743,14634.961536592662,14101.03646256739,26446.408706279133
14746.467893557863,14746.467893557863,14232.87625320261,13969.842695832644,26446.408706279133
15532.616713361549,15532.616713361549,14578.29140622028,14100.923626032542,26446.408706279133
15353.071286719169,15353.071286719169,15061.520693390357,14041.761190856114,26446.408706279133
14278.679683239472,14278.679683239472,14829.65821802474,14103.349176351163,26446.408706279133
13752.934926205422,13752.934926205422,14847.359756181326,13907.3519018193,26446.408706279133
14610.910983279915,14610.910983279915,14721.371075445186,13942.763413060906,26446.408706279133
15382.544560263648,15382.544560263648,15168.756529982284,14040.111683250861,26446.408706279133
14740.504792853671,14740.504792853671,14930.634204322525,14044.004235331171,26446.408706279133
14775.972215165722,14775.972215165722,13720.50120946192,13914.001141212555,26446.408706279133
14186.482719533764,14186.482719533764,12774.520358389578,13926.817501119329,26446.408706279133
13987.986742129291,13987.986742129291,13333.535834344231,14009.74500134598,26446.408706279133
15013.23284916895,15013.23284916895,12245.17847932465,13977.562247098165,26446.408706279133
14586.114431731032,14586.114431731032,12340.502269841825,14075.137808339703,26446.408706279133
13541.010349576192,13541.010349576192,12544.971318645901,14114.725320396232,26446.408706279133
13745.134397151198,13745.134397151198,13238.48244388795,14250.362836335695,26446.408706279133
12842.197558098142,12842.197558098142,13397.247813443053,14095.900258580381,26446.408706279133
14504.856449314864,14504.856449314864,12767.61585268356,13969.031918770599,26446.408706279133
15063.018728935544,15063.018728935544,12876.66201243504,13854.344640193258,26446.408706279133
13726.496889310512,13726.496889310512,13726.37873079965,13851.928151186416,26446.408706279133
14088.7036940297,14088.7036940297,13632.883452180755,13832.290713352075,26446.408706279133
14295.950318323774,14295.950318323774,13248.569398718504,13843.40595166703,26446.408706279133
14441.530969495287,14441.530969495287,13909.171135328583,13768.204630326316,26446.408706279133
14098.221057216322,14098.221057216322,13875.639192069244,13906.594328996005,26446.408706279133
13485.604478492523,13485.604478492523,13819.680454073721,13961.746791144913,26446.408706279133
14266.53173510075,14266.53173510075,13290.91611582255,13973.671269738434,26446.408706279133
13660.191834164068,13660.191834164068,13813.170963580185,14116.907748282652,26446.408706279133
14545.3755652963,14545.3755652963,14442.486128972645,14200.26971164871,26446.408706279133
13550.85321777416,13550.85321777416,15589.996532695197,14335.499464976374,26446.408706279133
13791.668890188543,13791.668890188543,15250.537622355409,14176.428109014792,26446.408706279133
13616.757973858425,13616.757973858425,15404.503961861468,14128.327733988084,26446.408706279133
13740.25685297473,13740.25685297473,14737.40941390544,14087.29296498494,26446.408706279133
14551.815128643833,14551.815128643833,14606.21885047619,14178.004904265217,26446.408706279133
13728.210844312447,13728.210844312447,14019.054080278682,14066.585725768351,26446.408706279133
13896.108889782801,13896.108889782801,13842.928496487351,13980.436814711906,26446.408706279133
14013.54359732021,14013.54359732021,13421.980885589972,13903.03830674961,26446.408706279133
13093.303469243856,13093.303469243856,12655.422441260256,13677.777308074532,26446.408706279133
13498.214337881136,13498.214337881136,12043.012328242587,13609.429485302408,26446.408706279133
14238.078923334133,14238.078923334133,12429.948307010054,13978.620371827665,26446.408706279133
13841.805151856102,13841.805151856102,11980.305775032033,13817.591408909142,26446.408706279133
14972.354199450805,14972.354199450805,12434.337347875777,13776.24133138005,26446.408706279133
13931.403870830696,13931.403870830696,12437.705142806813,13598.019208595522,26446.408706279133
13646.424322411782,13646.424322411782,12383.705773160113,13544.513128901966,26446.408706279133
13298.545100558169,13298.545100558169,11939.167971211318,13447.176841358283,26446.408706279133
13542.714785897122,13542.714785897122,12383.584184822199,13484.164534410784,26446.408706279133
13855.391515677102,13855.391515677102,13328.312834884808,13625.41040727332,26446.408706279133
12864.531181218994,12864.531181218994,13558.96489999603,13629.235438744943,26446.408706279133
13242.80314613604,13242.80314613604,13699.02523847353,13624.17921567092,26446.408706279133
13696.989319302102,13696.989319302102,13320.694117852729,13829.58703486311,26446.408706279133
13210.983285483358,13210.983285483358,13606.35230903234,13656.81512933627,26446.408706279133
14455.548359352164,14455.548359352164,13893.6444269953,13627.977909460573,26446.408706279133
13038.571133474608,13038.571133474608,14443.001415676172,13640.04424109023,26446.408706279133
13861.130721080706,13861.130721080706,14273.450112677358,13483.54487019338,26446.408706279133
13150.470292531147,13150.470292531147,14822.21219300663,13399.315141281539,26446.408706279133
12931.632296318368,12931.632296318368,14482.822597999359,13414.797410405705,26446.408706279133
12488.58400968953,12488.58400968953,14278.635651472889,13511.665586331634,26446.408706279133
12877.534120475872,12877.534120475872,14935.417418052075,13672.044707266323,26446.408706279133
12609.85348916552,12609.85348916552,15271.518173561188,13644.731544386703,26446.408706279133
13366.72264064687,13366.72264064687,14649.05147853386,13773.270489705377,26446.408706279133
13289.05655786466,13289.05655786466,14436.540911496579,13800.023069743202,26446.408706279133
13772.113274722793,13772.113274722793,14337.289669148744,13940.531771612406,26446.408706279133
13136.569055506807,13136.569055506807,13748.22858303662,13722.982790828713,26446.408706279133
13234.496995671489,13234.496995671489,13425.137924531024,13719.536759234652,26446.408706279133
12759.7603835657,12759.7603835657,13471.979035877852,13625.610494488745,26446.408706279133
12109.22793048173,12109.22793048173,13830.424551182969,13671.888056913122,26446.408706279133
12333.279922090154,12333.279922090154,13758.21957960382,13615.613013474805,26446.408706279133
13043.603661540807,13043.603661540807,13090.510857257932,13610.697316029298,26446.408706279133
13917.770976253654,13917.770976253654,13276.841014895792,13746.576576829148,26446.408706279133
12016.932687253739,12016.932687253739,13200.470371507563,13838.03216151988,26446.408706279133
12773.755179087133,12773.755179087133,13477.621917413471,13750.271707065967,26446.408706279133
12198.34246413572,12198.34246413572,12647.766127252815,13743.508306626823,26446.408706279133
13183.400404563814,13183.400404563814,13519.37204513957,13777.143320112928,26446.408706279133
12372.33847612114,12372.33847612114,14157.789453252824,13769.260422819501,26446.408706279133
12379.29827382982,12379.29827382982,13687.482413623056,13587.979138799505,26446.408706279133
12786.498677311793,12786.498677311793,13116.205401877363,13531.193046473849,26446.408706279133
12062.087947885206,12062.087947885206,12364.846505183941,13430.399091347086,26446.408706279133
12584.903205239616,12584.903205239616,12489.53531064822,13345.970185442904,26446.408706279133
13122.92152923001,13122.92152923001,12378.922743010446,13333.863899636708,26446.408706279133
11949.70076065512,11949.70076065512,12480.706323111182,13216.174119603074,26446.408706279133
11325.819728080618,11325.819728080618,12513.352483004846,13202.834679195854,26446.408706279133
12064.162303406589,12064.162303406589,12452.445727457361,13153.096659746,26446.408706279133
12427.092880071323,12427.092880071323,12130.84403460479,13255.830244252793,26446.408706279133
11489.58816913412,11489.58816913412,11440.432235980337,13136.10309992033,26446.408706279133
11568.18584809785,11568.18584809785,12133.246386939882,13210.817600131748,26446.408706279133
12432.908327874004,12432.908327874004,12566.587816245497,13275.924910425478,26446.408706279133
11978.083037375496,11978.083037375496,12875.098802417317,13321.022674712558,26446.408706279133
12562.863748421363,12562.863748421363,13111.014503963394,13437.088597983535,26446.408706279133
11915.852449071828,11915.852449071828,12443.877129335162,13414.036859855225,26446.408706279133
11405.143105236575,11405.143105236575,12662.605810668014,13262.705620334667,26446.408706279133
11403.156440970963,11403.156440970963,12766.208235081875,13360.015171205823,26446.408706279133
11886.791187663315,11886.791187663315,12694.826789033854,13205.194547977615,26446.408706279133
11246.699613878423,11246.699613878423,12071.887933723005,13182.666802436032,26446.408706279133
11620.662682564815,11620.662682564815,11926.275238664984,13044.616993021304,26446.408706279133
11741.119065552524,11741.119065552524,10989.486355046985,13020.881276898883,26446.408706279133
11619.994171314782,11619.994171314782,10863.066093622316,12971.821292185501,26446.408706279133
11542.008966928697,11542.008966928697,11187.175265268337,12892.795160789261,26446.408706279133
11627.935687379324,11627.935687379324,11130.45121429883,12951.38586084409,26446.408706279133
10881.593343739314,10881.593343739314,11115.811162959337,12897.394044752382,26446.408706279133
11310.73816308019,11310.73816308019,10534.36253473083,12705.439303710291,26446.408706279133
11291.884707534387,11291.884707534387,10377.208943315596,12714.186498062476,26446.408706279133
10885.25096653204,10885.25096653204,10603.073650690349,12547.080392716625,26446.408706279133
11073.047877321736,11073.047877321736,11285.38064118286,12551.142647537368,26446.408706279133
10764.524009011513,10764.524009011513,11762.206068642725,12542.368184214376,26446.408706279133
10719.079475541997,10719.079475541997,12058.346378057187,12468.108113908993,26446.408706279133
11402.199586174753,11402.199586174753,12249.352191834896,12525.127210952607,26446.408706279133
10431.78325155076,10431.78325155076,12181.25828188054,12473.31968687079,26446.408706279133
10714.047721218345,10714.047721218345,12235.179998820426,12411.33837699776,26446.408706279133
10660.28751346899,10660.28751346899,12221.833368107871,12287.457083661719,26446.408706279133
10181.960516857678,10181.960516857678,12133.795833908109,12202.388174785137,26446.408706279133
10464.086069876399,10464.086069876399,11921.201923696006,12211.118700502357,26446.408706279133
9752.471731297832,9752.471731297832,12331.27761522099,12145.877981931073,26446.408706279133
11385.623119925522,11385.623119925522,12029.37949021816,12207.372828973675,26446.408706279133
10210.761102401593,10210.761102401593,11546.037591747541,12166.548117657681,26446.408706279133
10000.317596683086,10000.317596683086,12074.127965192674,12188.537899771954,26446.408706279133
9784.057863652786,9784.057863652786,11996.783540820998,12158.399008880213,26446.408706279133
10703.481331534018,10703.481331534018,11326.768825026562,11987.02953595534,26446.408706279133
10014.175380983048,10014.175380983048,11171.06122673317,12027.448450892807,26446.408706279133
9994.899382358793,9994.899382358793,11683.272993456478,11968.743479373858,26446.408706279133
10021.764857322583,10021.764857322583,11727.958307720384,11907.885762027703,26446.408706279133
10639.863944403658,10639.863944403658,11919.51616458789,11899.497549937245,26446.408706279133
9704.628778962002,9704.628778962002,11173.184203074741,11850.961597095458,26446.408706279133
9738.548573336071,9738.548573336071,10891.389221840951,11681.776264313956,26446.408706279133
9833.174319364523,9833.174319364523,10757.524429520672,11486.495112911252,26446.408706279133
9654.498747524622,9654.498747524622,10553.191876993655,11561.679792446077,26446.408706279133
10074.668239386596,10074.668239386596,10186.458770202054,11572.449682545152,26446.408706279133
9234.898972938608,9234.898972938608,10094.72385731294,11533.005006381138,26446.408706279133
10415.706451697559,10415.706451697559,9675.981626333665,11464.737714029896,26446.408706279133
9552.706232264129,9552.706232264129,9103.914272631782,11313.741785298127,26446.408706279133
9504.66011142576,9504.66011142576,8932.15832448762,11198.17616230299,26446.408706279133
9816.568251997247,9816.568251997247,8829.69286840097,11162.765627016466,26446.408706279133
9859.97144737818,9859.97144737818,9034.205199742984,11167.313491552584,26446.408706279133
9785.40239269066,9785.40239269066,9327.671098101935,11121.141677013382,26446.408706279133
9219.140986575956,9219.140986575956,10430.507230245708,11284.510111764328,26446.408706279133
9036.067313443049,9036.067313443049,9759.804676836215,11086.991450425345,26446.408706279133
9546.470392618534,9546.470392618534,9504.901207611203,10960.112360818293,26446.408706279133
10001.987795096287,10001.987795096287,9538.282180927863,10865.641682083247,26446.408706279133
9299.556763817684,9299.556763817684,9531.93058562583,10748.920930362383,26446.408706279133
9453.479985923508,9453.479985923508,10238.961901970415,10872.758739825178,26446.408706279133
9226.565528911662,9226.565528911662,10794.980975901843,10824.65119534976,26446.408706279133
9647.473652589668,9647.473652589668,10785.453242971607,10766.614628594412,26446.408706279133
9094.398590733636,9094.398590733636,10964.574899005309,10821.263113546876,26446.408706279133
9141.00141512717,9141.00141512717,10863.942749560281,10879.552640180837,26446.408706279133
9093.88240333107,9093.88240333107,9974.627130173383,10894.180490066006,26446.408706279133
8861.292617715313,8861.292617715313,10873.505475752767,11063.795274566499,26446.408706279133
9222.647640757734,9222.647640757734,10998.956294191183,10987.290400932068,26446.408706279133
8974.217204699135,8974.217204699135,11316.1677939485,10891.44018781928,26446.408706279133
8956.96939499613,8956.96939499613,11176.594246504048,10758.14953680343,26446.408706279133
9447.2705067573,9447.2705067573,10156.424691481929,10680.881445529696,26446.408706279133
9587.427600089957,9587.427600089957,9815.122583480132,10680.803205099615,26446.408706279133
8748.787681765567,8748.787681765567,10265.08663734203,10744.1901673997,26446.408706279133
8458.766204459722,8458.766204459722,10004.68861152427,10701.58610571366,26446.408706279133
8621.436618795724,8621.436618795724,9869.157616685297,10596.308035281327,26446.408706279133
9185.727605260654,9185.727605260654,9959.94375253088,10533.728026843637,26446.408706279133
8835.871633448245,8835.871633448245,9623.97536650686,10576.921072256435,26446.408706279133
8289.049249424772,8289.049249424772,9367.234606153854,10410.86688379586,26446.408706279133
8462.994836841912,8462.994836841912,9138.679592241453,10282.924449891465,26446.408706279133
8868.869379752909,8868.869379752909,9266.143934140684,10164.34232386748,26446.408706279133
9149.783391665893,9149.783391665893,9479.833736704746,10132.481519249071,26446.408706279133
8149.715011051483,8149.715011051483,8944.414068844624,10042.92685208692,26446.408706279133
7980.141312578422,7980.141312578422,8342.596677805472,10028.469118221594,26446.408706279133
8384.882077086606,8384.882077086606,8009.135532423083,9837.157689154079,26446.408706279133
9091.914529238073,9091.914529238073,7775.113695388342,9745.454876315362,26446.408706279133
8627.329598413637,8627.329598413637,7575.180365172202,9739.556581528568,26446.408706279133
8508.653812621544,8508.653812621544,7827.8687938212,9727.669237982138,26446.408706279133
8321.319786157203,8321.319786157203,7930.551003869588,9597.620376405577,26446.408706279133
8404.556606083803,8404.556606083803,7905.866203748992,9598.74392563595,26446.408706279133
8236.719956975201,8236.719956975201,8278.847411538793,9585.899560828604,26446.408706279133
8379.45899650609,8379.45899650609,8347.485895171736,9465.32409959212,26446.408706279133
8546.179173577562,8546.179173577562,9106.93457311817,9518.722105166476,26446.408706279133
8262.765127699902,8262.765127699902,8788.777678935821,9402.32142109118,26446.408706279133
8215.073991563384,8215.073991563384,9384.12152069611,9479.345152678352,26446.408706279133
8123.351592074754,8123.351592074754,9589.082079562959,9484.993447859764,26446.408706279133
7857.119536823141,7857.119536823141,9139.34771071459,9415.921237767352,26446.408706279133
8454.33496775199,8454.33496775199,8305.942949415297,9278.219452466468,26446.408706279133
7503.281039641965,7503.281039641965,8457.227517231668,9251.774125811498,26446.408706279133
7795.484133564428,7795.484133564428,8813.251493631205,9342.449452899602,26446.408706279133
7482.189664603239,7482.189664603239,8440.276819924125,9338.758599546694,26446.408706279133
7979.309154165274,7979.309154165274,8095.190220800685,9263.579289225901,26446.408706279133
7589.941665076047,7589.941665076047,7537.838755025118,9239.858191273977,26446.408706279133
7892.343444131224,7892.343444131224,7425.780389162008,9121.538925243387,26446.408706279133
8043.804291153148,8043.804291153148,7180.638586262214,9108.631829982196,26446.408706279133
7370.993070594197,7370.993070594197,6965.683808482843,9012.595989935944,26446.408706279133
7763.914798406393,7763.914798406393,7355.232143433073,8800.866220404825,26446.408706279133
8126.15841650753,8126.15841650753,7609.912266963115,8848.240970491846,26446.408706279133
8169.483302971305,8169.483302971305,7563.122294076634,8863.418343104586,26446.408706279133
7524.573493205701,7524.573493205701,7123.874138352755,8859.56784438458,26446.408706279133
7975.110835421777,7975.110835421777,7505.315912515478,8933.435664924626,26446.408706279133
7885.868492946632,7885.868492946632,7686.768932319804,8753.14069529578,26446.408706279133
7637.185254337554,7637.185254337554,7517.98664379034,8584.459324851676,26446.408706279133
7426.345215964371,7426.345215964371,7829.431326546683,8530.334541958402,26446.408706279133
7421.875383844899,7421.875383844899,7470.059120170516,8409.728674215237,26446.408706279133
7538.548630391526,7538.548630391526,7344.168285894086,8308.641097202704,26446.408706279133
7706.363784062056,7706.363784062056,7317.833921666944,8269.507578703538,26446.408706279133
7720.720830642971,7720.720830642971,7309.084114457879,8135.35669823287,26446.408706279133
7815.937667950033,7815.937667950033,7398.32305606453,8143.291695479256,26446.408706279133
7511.63380322639,7511.63380322639,7743.140457398578,8144.9623770745975,26446.408706279133
7096.41163338713,7096.41163338713,7077.706376013166,8113.65809082645,26446.408706279133
8187.566191309846,8187.566191309846,7085.183265566045,8138.892410112603,26446.408706279133
7560.835319136407,7560.835319136407,7406.6198644733795,8102.758781050326,26446.408706279133
7461.977605443781,7461.977605443781,7524.9987980737205,7982.31697410474,26446.408706279133
7065.172039891154,7065.172039891154,7853.451940054314,7979.481339921246,26446.408706279133
7156.667828944208,7156.667828944208,7661.255703215016,7867.060714508648,26446.408706279133
7282.765594126955,7282.765594126955,7646.489239415901,7806.8166760805425,26446.408706279133
7118.158493183716,7118.158493183716,7523.66726481097,7715.295077893691,26446.408706279133
6943.674498870557,6943.674498870557,7405.180299607896,7750.880834170063,26446.408706279133
7015.137246466758,7015.137246466758,7108.042691171388,7738.834996860583,26446.408706279133
7478.31431164141,7478.31431164141,7350.764104203701,7730.582124839054,26446.408706279133
7468.215365144063,7468.215365144063,7308.026221307463,7704.530907033145,26446.408706279133
8085.904713516915,8085.904713516915,6998.968573750031,7713.669682031407,26446.408706279133
7117.369361855951,7117.369361855951,6796.6543679311635,7673.128512129878,26446.408706279133
8092.1741057422605,8092.1741057422605,6899.173832939688,7757.489000024568,26446.408706279133
7421.6261004158,7421.6261004158,7351.603065332456,7782.358588497472,26446.408706279133
7798.59136626031,7798.59136626031,7410.71428359606,7773.923459765314,26446.408706279133
7318.009300898724,7318.009300898724,7211.126736540109,7591.946666437474,26446.408706279133
7718.669597881389,7718.669597881389,7124.267616132002,7589.624156622548,26446.408706279133
7029.205816120179,7029.205816120179,6825.364683679511,7522.7346928466895,26446.408706279133
6936.0811227019585,6936.0811227019585,6946.976146864035,7464.207871904103,26446.408706279133
7782.514084874531,7782.514084874531,7121.451986612243,7459.324125321249,26446.408706279133
7429.01423446575,7429.01423446575,7279.836181630749,7348.250003733926,26446.408706279133
7130.832258166728,7130.832258166728,6927.017836030878,7300.776543548892,26446.408706279133
6774.488221864723,6774.488221864723,6935.104032396417,7267.685502364629,26446.408706279133
7169.309958612161,7169.309958612161,6935.40484821111,7251.623142227102,26446.408706279133
7200.696213525305,7200.696213525305,6944.649594790349,7334.983836580466,26446.408706279133
7289.671679561603,7289.671679561603,7243.3142081402375,7379.420918182462,26446.408706279133
7530.839634510141,7530.839634510141,7283.857898539992,7354.95023288421,26446.408706279133
7531.444033697315,7531.444033697315,7833.561664791589,7326.796727078764,26446.408706279133
7442.438800071657,7442.438800071657,7591.000337788692,7294.3525754770135,26446.408706279133
6987.316551796302,6987.316551796302,7562.416778868147,7352.769436934739,26446.408706279133
7375.513998259263,7375.513998259263,7706.988513508062,7382.079955430513,26446.408706279133
7707.106062015303,7707.106062015303,8637.961334073592,7543.2127325312085,26446.408706279133
7031.037691779826,7031.037691779826,8804.387320614374,7592.435249235062,26446.408706279133
6828.72868308348,6828.72868308348,8554.313367984527,7569.34905412744,26446.408706279133
7456.501655118884,7456.501655118884,8619.214780456658,7587.780363985183,26446.408706279133
7341.6697373025745,7341.6697373025745,8818.696570661634,7621.177778922166,26446.408706279133
7436.171325161238,7436.171325161238,8834.591506899065,7609.244075448697,26446.408706279133
7330.194681779856,7330.194681779856,8563.022158988357,7614.626331205884,26446.408706279133
7116.21356223734,7116.21356223734,8660.114223776882,7525.312237729295,26446.408706279133
7100.597202045706,7100.597202045706,8496.747196711096,7514.765089813,26446.408706279133
7463.041647747648,7463.041647747648,8047.1669836144265,7487.916023395331,26446.408706279133
6923.283053345786,6923.283053345786,7443.249962105593,7465.9764596429895,26446.408706279133
7430.9839092515995,7430.9839092515995,7058.465327006957,7510.116490602349,26446.408706279133
7382.380748881927,7382.380748881927,7293.470808912274,7559.209558731077,26446.408706279133
6873.980446062164,6873.980446062164,6858.691654850956,7495.951910621985,26446.408706279133
7098.64708281012,7098.64708281012,6782.403069363235,7515.841569903237,26446.408706279133
7051.603387262276,7051.603387262276,6790.01711305784,7487.58288684736,26446.408706279133
6963.039026104807,6963.039026104807,6707.535510050965,7407.505341736362,26446.408706279133
7861.483339828838,7861.483339828838,6657.253233838365,7441.221609294335,26446.408706279133
7133.777127040754,7133.777127040754,6618.958614165919,7421.520159532973,26446.408706279133
7309.205889942892,7309.205889942892,7122.389053536344,7431.069861207923,26446.408706279133
7573.766828897043,7573.766828897043,7200.5504064122415,7401.086781310694,26446.408706279133
7614.859572054242,7614.859572054242,6966.069910338731,7332.640084659232,26446.408706279133
7164.423647679352,7164.423647679352,6869.4053202123205,7400.839482130537,26446.408706279133
7087.913066868882,7087.913066868882,6877.42494836397,7342.1390524116,26446.408706279133
6961.363959459571,6961.363959459571,6978.741686677572,7406.856454276558,26446.408706279133
7455.0566732105,7455.0566732105,6776.888166888985,7361.924460303576,26446.408706279133
6923.93603760466,6923.93603760466,6969.44463082069,7379.785729666222,26446.408706279133
7109.844653535399,7109.844653535399,6721.5255467903135,7315.373897811659,26446.408706279133
7421.77264507339,7421.77264507339,6660.141951286331,7291.943305528747,26446.408706279133
7238.701427324337,7238.701427324337,6516.801714686,7334.636489395116,26446.408706279133
7320.727315121074,7320.727315121074,6261.974980887282,7294.150903901917,26446.408706279133
7356.442657214914,7356.442657214914,6135.318623316851,7179.8690427346655,26446.408706279133
7157.106492727336,7157.106492727336,6127.374667160922,7155.993802496229,26446.408706279133
7101.6901370678215,7101.6901370678215,6218.045352553735,7103.6052662031325,26446.408706279133
7054.309021479643,7054.309021479643,5628.202492009431,7090.271605370422,26446.408706279133
7514.737657095626,7514.737657095626,5619.688901709257,7061.008717419027,26446.408706279133
7090.350733189534,7090.350733189534,5424.7487927349375,7099.662551477307,26446.408706279133
6632.637545527104,6632.637545527104,5646.804368945997,7055.33954222805,26446.408706279133
7089.5055620299,7089.5055620299,5874.500229190143,7042.552954044328,26446.408706279133
7383.547350401271,7383.547350401271,6077.618092901226,7094.192871649212,26446.408706279133
6862.977317800859,6862.977317800859,6350.815717187818,7178.910480133307,26446.408706279133
7332.012758060778,7332.012758060778,6382.976985326025,7069.443633320588,26446.408706279133
6749.902415262677,6749.902415262677,6206.562837836258,7010.225400421262,26446.408706279133
7294.439708350787,7294.439708350787,6484.825850056614,7011.640517256386,26446.408706279133
6874.43084127712,6874.43084127712,6743.519403302467,6990.312644402868,26446.408706279133
7665.509067813308,7665.509067813308,7557.611339697571,7115.759405650543,26446.408706279133
7037.497419743864,7037.497419743864,7447.351067704937,7022.420432059978,26446.408706279133
7478.329815715821,7478.329815715821,7852.877257317736,7107.714926133859,26446.408706279133
6905.340287885104,6905.340287885104,7912.490649908947,7112.5677282524875,26446.408706279133
7715.694149816214,7715.694149816214,7512.084221793702,7055.212013306338,26446.408706279133
7443.372502822137,7443.372502822137,7301.515299237586,6911.621273166105,26446.408706279133
7391.416890465068,7391.416890465068,7564.0342545491385,6821.3730201075405,26446.408706279133
7067.64286363658,7067.64286363658,7787.067478529729,6856.7762225303,26446.408706279133
6747.260742755519,6747.260742755519,7515.916023142368,6790.980765793528,26446.408706279133
7277.473243338579,7277.473243338579,7813.083366820222,6789.190003634585,26446.408706279133
7384.071525795243,7384.071525795243,7331.270678513545,6815.09523997344,26446.408706279133
7131.078528105793,7131.078528105793,7761.492870111062,6862.11457428452,26446.408706279133
7229.4477499369295,7229.4477499369295,7296.566513281587,6835.005384034801,26446.408706279133
7080.611320572672,7080.611320572672,7150.357362622711,6843.289761434809,26446.408706279133
7377.959675700932,7377.959675700932,7415.297435911116,6928.838103765677,26446.408706279133
7578.6861111279495,7578.6861111279495,7381.073743055958,6899.186029356178,26446.408706279133
6882.689707905861,6882.689707905861,7380.974094869931,6885.874773680136,26446.408706279133
7829.789011388995,7829.789011388995,7107.133611726376,6819.508783093121,26446.408706279133
7178.866742496174,7178.866742496174,7068.148914886808,6832.872217800697,26446.408706279133
6955.655025330698,6955.655025330698,7006.995706872816,6834.108531136501,26446.408706279133
7521.283836698492,7521.283836698492,6897.899218371941,6836.671661036259,26446.408706279133
6962.334829140682,6962.334829140682,7044.246756639858,6929.456823602297,26446.408706279133
7465.289361071165,7465.289361071165,7110.05047967786,6925.5648332026985,26446.408706279133
7033.131563960863,7033.131563960863,7059.237013414966,6931.3454412846195,26446.408706279133
7018.560826409251,7018.560826409251,6830.350151164961,6870.430323291401,26446.408706279133
6801.425886183935,6801.425886183935,6755.672055109305,6810.210359095591,26446.408706279133
7200.448172895554,7200.448172895554,7106.46429133725,6913.95364987984,26446.408706279133
7752.329889398073,7752.329889398073,7213.571165066858,6888.341952064028,26446.408706279133
7452.093942745669,7452.093942745669,7520.826508171498,6961.552529762204,26446.408706279133
7342.163655922927,7342.163655922927,7402.588738417588,6918.877941484506,26446.408706279133
7709.363038557764,7709.363038557764,7169.530765751653,6915.200180808793,26446.408706279133
7386.89424234133,7386.89424234133,6852.215614728104,6906.011020383779,26446.408706279133
7148.69250256732,7148.69250256732,7094.544311691078,7000.168586182852,26446.408706279133
7186.117890739393,7186.117890739393,7070.245021747472,7013.366055376849,26446.408706279133
7087.975126953389,7087.975126953389,6823.856994945559,6931.841379343313,26446.408706279133
7209.607670506184,7209.607670506184,7053.526018325516,6968.520566583237,26446.408706279133
7024.6933183379,7024.6933183379,6462.639545150332,6979.417834246537,26446.408706279133
6889.710705979187,6889.710705979187,6696.739530837178,7002.214924799281,26446.408706279133
6920.191009624478,6920.191009624478,6557.651611800107,7029.473781611479,26446.408706279133
7845.519834217123,7845.519834217123,6184.86320360394,7030.210083803407,26446.408706279133
7359.589729976052,7359.589729976052,6248.940590851644,7041.05051863727,26446.408706279133
6955.063156794338,6955.063156794338,6005.839223603213,7022.229106557434,26446.408706279133
6947.4399899015225,6947.4399899015225,5925.153869669486,7055.838486327549,26446.408706279133
6950.934276886846,6950.934276886846,6082.131035478602,7054.89221663454,26446.408706279133
7637.192838132477,7637.192838132477,6343.49987613311,6985.017735989689,26446.408706279133
7524.485752606221,7524.485752606221,6506.377636788948,6999.632950503463,26446.408706279133
6804.238753061254,6804.238753061254,6572.048863790062,7017.232209939343,26446.408706279133
6933.65609728369,6933.65609728369,6532.819116529136,7067.466180537856,26446.408706279133
7812.278028040479,7812.278028040479,6368.245970003691,7006.157805600894,26446.408706279133
7453.11543690087,7453.11543690087,6898.884304520483,7061.283064047011,26446.408706279133
7231.395394899683,7231.395394899683,7088.663907024058,6947.261032102568,26446.408706279133
7184.075515400385,7184.075515400385,7613.901421614723,7055.539177339391,26446.408706279133
7323.149406849293,7323.149406849293,7637.189438502806,7012.700922564563,26446.408706279133
7360.168488571849,7360.168488571849,7994.269420703767,7071.2479707935045,26446.408706279133
7078.429641032948,7078.429641032948,7798.798225392662,7042.360536709482,26446.408706279133
7353.059296157629,7353.059296157629,7440.164773362148,7027.362845328375,26446.408706279133
7470.520741499291,7470.520741499291,7646.926872045029,7033.81073343852,26446.408706279133
7207.397447404772,7207.397447404772,7472.64131301296,7004.5809474345015,26446.408706279133
7507.640391088135,7507.640391088135,7499.661661617957,7002.906933296012,26446.408706279133
6994.234754409197,6994.234754409197,7189.755236124045,6936.617437907775,26446.408706279133
7277.871431269603,7277.871431269603,7229.137991822419,6926.834494764343,26446.408706279133
7632.100171438924,7632.100171438924,7046.549406173578,6912.550484551894,26446.408706279133
7604.971734192787,7604.971734192787,6891.008349879203,6931.589289884087,26446.408706279133
7162.5874109464685,7162.5874109464685,6535.821748498336,6948.3408479686295,26446.408706279133
7950.174099767924,7950.174099767924,6773.9293917179475,6914.086927870847,26446.408706279133
6932.207538905195,6932.207538905195,6918.005090905486,6934.74911489828,26446.408706279133
7479.387721847501,7479.387721847501,6511.546138731462,6859.9251422108255,26446.408706279133
7369.276148051843,7369.276148051843,6995.043147805586,6982.162854650343,26446.408706279133
7335.465144680701,7335.465144680701,7340.2111556705695,7057.319381452764,26446.408706279133
7395.442070348463,7395.442070348463,7361.50213233111,7007.5187229994335,26446.408706279133
7428.827426552959,7428.827426552959,7373.411172373619,7021.936885564679,26446.408706279133
7652.799206644466,7652.799206644466,7121.285485316893,6927.958230287302,26446.408706279133
7311.503800880188,7311.503800880188,6967.372875667437,6903.053769082002,26446.408706279133
7094.317810909069,7094.317810909069,7001.421623549012,6936.777769995438,26446.408706279133
7137.035252971362,7137.035252971362,6889.002149957281,6925.817327629312,26446.408706279133
7197.939601843825,7197.939601843825,6972.456547955189,6978.106013467459,26446.408706279133
7569.388297463742,7569.388297463742,7396.492864422345,6917.930856827847,26446.408706279133
7496.760887411627,7496.760887411627,7202.586748895194,6979.965971416012,26446.408706279133
7479.397191779476,7479.397191779476,6783.978469665223,6909.94977375151,26446.408706279133
7175.599604180724,7175.599604180724,6774.533613205,6881.907697956916,26446.408706279133
7331.625425672629,7331.625425672629,6730.974495422461,6934.22563149884,26446.408706279133
7174.241209559726,7174.241209559726,6868.4284032214155,6931.200787985964,26446.408706279133
7201.5760054660705,7201.5760054660705,7239.646308786374,6932.074168501062,26446.408706279133
7754.358373533906,7754.358373533906,7248.424456554472,6972.413656956837,26446.408706279133
7413.987663669623,7413.987663669623,7857.225346554546,7132.49099795111,26446.408706279133
7064.180879368661,7064.180879368661,7941.931565797169,7155.787122961788,26446.408706279133
7779.143286233148,7779.143286233148,7893.3432703905155,7204.071601875883,26446.408706279133
7231.549976273036,7231.549976273036,7521.968579416696,7145.011781131914,26446.408706279133
6863.130275154997,6863.130275154997,7857.008351129858,7169.82112161746,26446.408706279133
7064.676289288418,7064.676289288418,7904.42146315975,7225.819349868077,26446.408706279133
7785.033620345698,7785.033620345698,7786.694324475228,7241.776378223556,26446.408706279133
7464.727483377608,7464.727483377608,8314.603414008641,7392.95362606705,26446.408706279133
7154.998112557141,7154.998112557141,8099.567416477466,7366.956877862659,26446.408706279133
7442.316936362902,7442.316936362902,8172.296945519396,7390.4468389649965,26446.408706279133
7431.742456480033,7431.742456480033,7563.120803005899,7376.415183325666,26446.408706279133
7979.844116993996,7979.844116993996,7343.4749449298715,7323.206584589972,26446.408706279133
7141.1193992299095,7141.1193992299095,7482.589083928999,7386.1796459036705,26446.408706279133
7306.163694693216,7306.163694693216,7632.2240988601425,7364.892777598115,26446.408706279133
7407.97085490678,7407.97085490678,7204.733513814586,7337.1186303796385,26446.408706279133
7278.225895897989,7278.225895897989,7460.71371123641,7338.185231211262,26446.408706279133
7459.441691411764,7459.441691411764,7438.423947324036,7311.728386283554,26446.408706279133
7831.1345994008925,7831.1345994008925,6738.042329161282,7217.781807576362,26446.408706279133
7548.373244047931,7548.373244047931,6891.135610834886,7217.746112329074,26446.408706279133
7189.714417721307,7189.714417721307,6774.333544980825,7146.459663820408,26446.408706279133
7009.124028102806,7009.124028102806,7024.526751220939,7221.5608884913245,26446.408706279133
7707.832708315821,7707.832708315821,7045.456163319019,7244.264862581346,26446.408706279133
7676.315409589344,7676.315409589344,6981.58783595295,7253.111838685254,26446.408706279133
7269.6275065358,7269.6275065358,7265.436813789005,7323.451877753325,26446.408706279133
7215.170276132778,7215.170276132778,7538.222437965605,7344.830785649168,26446.408706279133
7105.646298125927,7105.646298125927,7466.076634671001,7393.449510920653,26446.408706279133
7598.706870637123,7598.706870637123,7780.353442061247,7421.971476331319,26446.408706279133
7202.103840289019,7202.103840289019,7631.957182833957,7334.863362908437,26446.408706279133
7891.678504405397,7891.678504405397,7535.356325977275,7346.615707548688,26446.408706279133
7758.634504265342,7758.634504265342,7545.802372754637,7348.455788671668,26446.408706279133
7363.294291010007,7363.294291010007,7561.902943737863,7379.155598895305,26446.408706279133
7579.129115542398,7579.129115542398,7593.760541293368,7379.415952658924,26446.408706279133
7700.1878635750045,7700.1878635750045,7616.786647428339,7474.159940424629,26446.408706279133
7516.131712778271,7516.131712778271,7343.978366962992,7393.238921584806,26446.408706279133
7182.319925048688,7182.319925048688,7431.057217015205,7362.999997918095,26446.408706279133
7138.193969947514,7138.193969947514,7342.892005643642,7389.72748558316,26446.408706279133
7248.90583815108,7248.90583815108,7329.453010017455,7413.1798438600845,26446.408706279133
7361.428908163926,7361.428908163926,7886.5822538713455,7487.922716619327,26446.408706279133
7359.638906547884,7359.638906547884,7764.5861367625785,7506.058359767717,26446.408706279133
7561.192470627661,7561.192470627661,7699.25787651656,7488.023039265178,26446.408706279133
7193.1889070509305,7193.1889070509305,7755.906054960088,7552.536379895868,26446.408706279133
7727.365053207544,7727.365053207544,7711.3694308930135,7527.198529246488,26446.408706279133
7320.132346913068,7320.132346913068,8049.87506548668,7604.836380637497,26446.408706279133
7442.686751512943,7442.686751512943,8201.912041821433,7593.1039801700545,26446.408706279133
7308.371834011618,7308.371834011618,7964.745453348571,7599.153394654766,26446.408706279133
7257.187429591495,7257.187429591495,8143.503768760764,7663.521516694313,26446.408706279133
7299.696855585329,7299.696855585329,7638.72236068807,7594.7294169132065,26446.408706279133
7873.122259110433,7873.122259110433,7611.8576535545435,7636.6085666859535,26446.408706279133
6965.386111582392,6965.386111582392,7680.536218948927,7594.236341800226,26446.408706279133
7649.755660542007,7649.755660542007,7740.71820586821,7586.481789127926,26446.408706279133
7361.814348335943,7361.814348335943,7352.803646269346,7451.6520398388275,26446.408706279133
6935.9122610675195,6935.9122610675195,7522.574036370521,7443.327023361157,26446.408706279133
6989.901900982817,6989.901900982817,7157.385140905913,7457.644754740577,26446.408706279133
7015.820520730212,7015.820520730212,7254.0969792765845,7539.529660142032,26446.408706279133
7122.741251899238,7122.741251899238,7463.7825996839265,7520.508244365581,26446.408706279133
7383.270915194441,7383.270915194441,7158.3473859592605,7514.306701254216,26446.408706279133
7402.8048360804705,7402.8048360804705,7417.694385229122,7520.9294290639855,26446.408706279133
7052.896233464306,7052.896233464306,7022.873538633901,7378.262591611005,26446.408706279133
7455.747044691611,7455.747044691611,7039.060078237839,7382.134874152302,26446.408706279133
6796.669067324364,6796.669067324364,7424.70980551341,7436.964361126729,26446.408706279133
7352.490834529349,7352.490834529349,7307.546527333466,7400.537184704341,26446.408706279133
7700.291367863225,7700.291367863225,7248.563488693195,7424.344732113823,26446.408706279133
7031.2176594974135,7031.2176594974135,7347.434886714017,7430.61391529758,26446.408706279133
7691.72622462552,7691.72622462552,7263.773267803377,7465.83949393068,26446.408706279133
7673.70417812555,7673.70417812555,7138.063847746673,7507.174311151997,26446.408706279133
7510.188659745718,7510.188659745718,7490.193230703888,7520.202605147712,26446.408706279133
7473.382541860742,7473.382541860742,7523.9829482538335,7538.041229249947,26446.408706279133
7206.47300631574,7206.47300631574,7602.173238298329,7551.088773438416,26446.408706279133
7344.598571766938,7344.598571766938,7709.374200994445,7545.782592184213,26446.408706279133
7035.473307094322,7035.473307094322,7420.9208374836835,7566.281819627301,26446.408706279133
7256.067398210825,7256.067398210825,7578.383555299237,7511.308545520001,26446.408706279133
6710.975685718083,6710.975685718083,7568.607245897108,7528.97494862944,26446.408706279133
7206.851149617045,7206.851149617045,7396.435229437785,7513.583393994547,26446.408706279133
7250.248531604435,7250.248531604435,7434.185192405008,7499.58916965388,26446.408706279133
6985.230655752534,6985.230655752534,7410.1819717182225,7481.566217902519,26446.408706279133
7382.849631444791,7382.849631444791,7260.734416825961,7479.134161578702,26446.408706279133
7247.869692910604,7247.869692910604,7326.561555780785,7447.282851993854,26446.408706279133
7297.411894452254,7297.411894452254,7264.115181422609,7477.520373156145,26446.408706279133
7340.218767196593,7340.218767196593,7252.520869576756,7489.21550090411,26446.408706279133
7209.832317558511,7209.832317558511,7327.700769736104,7522.661499023594,26446.408706279133
7636.179372597341,7636.179372597341,7362.032090967425,7471.334374965913,26446.408706279133
7141.060014314109,7141.060014314109,7265.497783691212,7463.32239710901,26446.408706279133
7331.081704270956,7331.081704270956,7523.249279632405,7494.87592043536,26446.408706279133
7709.063474562759,7709.063474562759,7693.7907146771295,7569.551639196708,26446.408706279133
7251.94402667943,7251.94402667943,7666.225934395549,7528.599961378588,26446.408706279133
7280.041454885846,7280.041454885846,7488.070173656954,7508.169795181366,26446.408706279133
6918.416112594843,6918.416112594843,7325.550341809454,7446.502318352253,26446.408706279133
7516.995428051788,7516.995428051788,7592.898819759439,7418.783686333764,26446.408706279133
7508.760595509712,7508.760595509712,7501.457431659161,7436.589759883426,26446.408706279133
7781.913428930973,7781.913428930973,7304.741028397747,7443.758129399832,26446.408706279133
7446.026795346071,7446.026795346071,7354.500825901817,7391.053329154259,26446.408706279133
7320.87708250656,7320.87708250656,7411.838563246174,7403.416223579642,26446.408706279133
7247.851461994337,7247.851461994337,7361.88884627944,7357.278676593913,26446.408706279133
7073.838689898497,7073.838689898497,7045.682171891533,7338.305665210725,26446.408706279133
7440.89591180781,7440.89591180781,7345.062701891907,7404.663411087256,26446.408706279133
7488.561187697415,7488.561187697415,7398.826346755671,7359.234310780345,26446.408706279133
7429.075664525726,7429.075664525726,7401.693167257351,7399.09647966611,26446.408706279133
7305.592077757089,7305.592077757089,7323.52704492018,7361.117564606891,26446.408706279133
7521.392601148569,7521.392601148569,7084.365232360446,7317.355562565729,26446.408706279133
7473.597922299719,7473.597922299719,7022.365292384813,7300.087546703151,26446.408706279133
7354.119681679102,7354.119681679102,6895.642075206827,7299.621014941754,26446.408706279133
7013.309078046104,7013.309078046104,6776.064702316202,7254.114356768778,26446.408706279133
7580.028661958531,7580.028661958531,6787.376302118128,7283.276908836354,26446.408706279133
7273.842432828257,7273.842432828257,6612.812775748831,7210.048824505175,26446.408706279133
7583.427439849043,7583.427439849043,6426.500631360252,7197.20701742252,26446.408706279133
7693.463835327267,7693.463835327267,6315.9269385734415,7190.750221303182,26446.408706279133
7397.808299012758,7397.808299012758,6629.099972899948,7241.377597200274,26446.408706279133
7719.047601639323,7719.047601639323,6288.461498225314,7214.235156525173,26446.408706279133
7621.243016044924,7621.243016044924,6504.361879268773,7210.415922771917,26446.408706279133
7562.919643395592,7562.919643395592,6742.841987307458,7163.713983061962,26446.408706279133
7134.766020907806,7134.766020907806,6670.9034855554255,7172.292406586147,26446.408706279133
8003.421796497628,8003.421796497628,6974.828528091601,7199.367364648459,26446.408706279133
7102.372272315989,7102.372272315989,6630.71748385842,7139.933428265237,26446.408706279133
7252.989717590823,7252.989717590823,6727.882928847132,7102.870756713927,26446.408706279133
7297.37360981122,7297.37360981122,6742.036449020308,7118.001537677247,26446.408706279133
7454.01722931772,7454.01722931772,6811.8295499014475,7055.077485142695,26446.408706279133
7034.2355615317365,7034.2355615317365,6541.893565102626,7044.959720570033,26446.408706279133
7417.477106968102,7417.477106968102,6458.628322204881,6985.526173306486,26446.408706279133
6979.651720659349,6979.651720659349,6467.248483156404,6961.99077920431,26446.408706279133
7329.036602509403,7329.036602509403,6280.775677085631,6935.684950982352,26446.408706279133
7582.690143293812,7582.690143293812,6879.848005329365,7032.585296592173,26446.408706279133
7363.036730191453,7363.036730191453,6675.740486412005,7020.794012751439,26446.408706279133
7728.553645101376,7728.553645101376,6666.206635273395,6993.887709432357,26446.408706279133
7046.999433367858,7046.999433367858,7076.252810314781,7031.284280295879,26446.408706279133
7580.362627371561,7580.362627371561,7167.929219659178,7069.550987265439,26446.408706279133
7589.86272269041,7589.86272269041,7448.687809241763,7092.668163625855,26446.408706279133
6757.168452494575,6757.168452494575,7890.407458125954,7157.728901039068,26446.408706279133
7471.838843664753,7471.838843664753,8238.651274550086,7180.43339193198,26446.408706279133
7349.901400202903,7349.901400202903,8346.996884506894,7180.885982190335,26446.408706279133
7023.866090879053,7023.866090879053,8128.992538339054,7095.9433047029415,26446.408706279133
7295.179784157033,7295.179784157033,7833.383722666482,7126.855622931983,26446.408706279133
7492.840198422242,7492.840198422242,7998.982148947664,7167.49088580273,26446.408706279133
7463.819855555134,7463.819855555134,8004.843835461138,7090.206620598105,26446.408706279133
7454.256889502221,7454.256889502221,7794.6496741958135,7051.456072199617,26446.408706279133
7352.0517028028235,7352.0517028028235,7883.11428415573,7112.928657217475,26446.408706279133
7958.914211759359,7958.914211759359,7711.952221839652,7137.444573262394,26446.408706279133
7606.5649536934,7606.5649536934,7290.184469315927,7150.655726540361,26446.408706279133
6909.136049714807,6909.136049714807,7671.463331503338,7196.146294280758,26446.408706279133
7286.454609888032,7286.454609888032,7753.254879735176,7231.245471805539,26446.408706279133
6814.894891183912,6814.894891183912,7725.1740558917645,7180.029910201746,26446.408706279133
7174.444660828925,7174.444660828925,7629.700208152775,7181.895499382175,26446.408706279133
7799.77795890522,7799.77795890522,7525.750241737556,7190.273221501006,26446.408706279133
7416.998748585136,7416.998748585136,7826.5943285894555,7183.147717060108,26446.408706279133
7462.32703786007,7462.32703786007,8083.280116926655,7258.975661206642,26446.408706279133
7276.033268671023,7276.033268671023,7759.418478695414,7195.799812578177,26446.408706279133
7064.049190107991,7064.049190107991,7873.685937734341,7232.41649145813,26446.408706279133
6801.036277589175,6801.036277589175,7911.5632446609525,7252.629742021082,26446.408706279133
7265.263333595207,7265.263333595207,7571.076008041729,7245.65608690507,26446.408706279133
7604.111848290935,7604.111848290935,7591.0224614865365,7332.576917630757,26446.408706279133
7189.877234883,7189.877234883,7759.128645315761,7327.382580787934,26446.408706279133
7343.006495726203,7343.006495726203,7864.666907541556,7375.700465849121,26446.408706279133
7425.820796508711,7425.820796508711,7628.237262276256,7360.707733493018,26446.408706279133
7318.199910569991,7318.199910569991,7042.981682287197,7234.268793093922,26446.408706279133
7664.840652821328,7664.840652821328,6526.0940156401775,7241.631909184912,26446.408706279133
7083.370931754108,7083.370931754108,6712.123609511329,7252.924408208392,26446.408706279133
7561.097195979488,7561.097195979488,6742.407598053202,7317.712623354081,26446.408706279133
7448.730972743755,7448.730972743755,6656.911382686169,7258.192023978325,26446.408706279133
7112.053365047314,7112.053365047314,6650.692720840464,7318.102331428101,26446.408706279133
7692.907996039343,7692.907996039343,6534.877270297842,7338.67999583657,26446.408706279133
7285.764237205932,7285.764237205932,6171.14212415429,7213.0426081573,26446.408706279133
7276.661300748806,7276.661300748806,6370.298733349466,7315.579515407928,26446.408706279133
6895.390499566117,6895.390499566117,6515.613697714982,7268.864767417694,26446.408706279133
7187.548648532518,7187.548648532518,6952.54232162682,7298.633760647602,26446.408706279133
7250.383939564258,7250.383939564258,7337.820533005991,7363.619430016684,26446.408706279133
7318.332393723289,7318.332393723289,7211.578662358343,7346.832850875999,26446.408706279133
7368.500036088783,7368.500036088783,7097.573086502845,7374.861330674361,26446.408706279133
7462.477695575835,7462.477695575835,7436.357841070688,7437.084879171938,26446.408706279133
7137.102653873587,7137.102653873587,7511.697266019901,7528.716120191104,26446.408706279133
7330.12435284913,7330.12435284913,7320.12600330251,7509.255499865791,26446.408706279133
7824.348561961209,7824.348561961209,8195.65796764805,7596.019066269784,26446.408706279133
7385.050153367566,7385.050153367566,7684.108266796703,7476.431567701397,26446.408706279133
6960.21432351064,6960.21432351064,7860.089870884587,7505.734644312209,26446.408706279133
7363.39663367892,7363.39663367892,7831.065443166763,7531.605522226275,26446.408706279133
7332.495512398193,7332.495512398193,7432.348437885448,7434.838555530816,26446.408706279133
7358.449126822012,7358.449126822012,7619.002213268582,7437.04744959788,26446.408706279133
7157.909293419518,7157.909293419518,7505.284171361481,7386.180603098304,26446.408706279133
7124.517965831628,7124.517965831628,7376.322320222202,7334.267851591187,26446.408706279133
7878.72204252728,7878.72204252728,7469.291625991044,7374.844190479296,26446.408706279133
7666.814518783087,7666.814518783087,7550.739153217464,7350.003953607906,26446.408706279133
7517.696070880209,7517.696070880209,6986.4943991358305,7367.51943842914,26446.408706279133
7681.564030273949,7681.564030273949,7269.826841666933,7363.7201915014875,26446.408706279133
7382.660728701099,7382.660728701099,7076.416933865221,7321.2216012957215,26446.408706279133
7607.449167519795,7607.449167519795,7221.2103386290955,7374.878822859866,26446.408706279133
7084.536301853613,7084.536301853613,7293.127203628019,7334.534061417259,26446.408706279133
7488.811996880203,7488.811996880203,7490.976983907663,7358.619989548266,26446.408706279133
7445.098602955975,7445.098602955975,7292.796248634631,7302.349408457299,26446.408706279133
7648.781225393346,7648.781225393346,6921.765488911915,7260.584055510386,26446.408706279133
7258.841920830987,7258.841920830987,6914.758196668516,7223.5031635123305,26446.408706279133
6940.980484434469,6940.980484434469,7101.987839507916,7219.750545562454,26446.408706279133
6905.797922672291,6905.797922672291,7147.001062557267,7251.88483976224,26446.408706279133
7357.566233860948,7357.566233860948,7311.25888990055,7300.031927851041,26446.408706279133
7393.9373287792805,7393.9373287792805,7626.511500641633,7341.373853076536,26446.408706279133
7488.232403693525,7488.232403693525,7607.712229076782,7331.102402957332,26446.408706279133
7158.536997435672,7158.536997435672,7779.8046267593945,7273.838963383806,26446.408706279133
7186.217327287845,7186.217327287845,7395.06694473908,7285.7496827569985,26446.408706279133
7152.283124019483,7152.283124019483,7783.307325106306,7284.273685931693,26446.408706279133
7577.69610075301,7577.69610075301,7817.07731551546,7241.686869681286,26446.408706279133
6978.044129466813,6978.044129466813,7500.754078297015,7209.438777563388,26446.408706279133
7160.500877423391,7160.500877423391,7380.893578450703,7177.724768955286,26446.408706279133
7600.170662635641,7600.170662635641,7523.516096461071,7204.762329991301,26446.408706279133
7171.203768462779,7171.203768462779,7188.955752572203,7164.88969685717,26446.408706279133
7181.687909933615,7181.687909933615,6963.273310090293,7208.381062639344,26446.408706279133
7388.163118083707,7388.163118083707,6965.8938511988235,7315.684836739657,26446.408706279133
7184.892620743951,7184.892620743951,6997.101666532452,7368.040493562262,26446.408706279133
7312.8526255019115,7312.8526255019115,7028.502604800825,7349.025481814898,26446.408706279133
7581.590615003293,7581.590615003293,6927.07695948973,7321.207558218997,26446.408706279133
7455.731634475639,7455.731634475639,7018.783851073608,7314.061363358773,26446.408706279133
7305.4320112546375,7305.4320112546375,7154.204085412693,7310.141050477833,26446.408706279133
7028.781706291624,7028.781706291624,7401.130561249767,7350.975427145671,26446.408706279133
7134.227705751285,7134.227705751285,7293.200542794209,7429.1740137192855,26446.408706279133
7283.046175130065,7283.046175130065,7525.313171835272,7395.892584554332,26446.408706279133
7605.345438996109,7605.345438996109,7573.715413783504,7420.001405853047,26446.408706279133
7178.230703842386,7178.230703842386,7656.769937757845,7456.530359965862,26446.408706279133
7095.297004529445,7095.297004529445,7480.049242095416,7396.486235380146,26446.408706279133
7439.9054857106,7439.9054857106,7510.689865499682,7408.847722443165,26446.408706279133
7471.4967327126615,7471.4967327126615,7998.442126733918,7501.381366265211,26446.408706279133
7716.416687653913,7716.416687653913,7872.45018402118,7401.279831948872,26446.408706279133
7334.57499523508,7334.57499523508,7937.932921042132,7395.388181482279,26446.408706279133
7470.147387786706,7470.147387786706,7630.666992580775,7413.083625001325,26446.408706279133
7211.509225143487,7211.509225143487,7782.6928225107495,7346.580984691826,26446.408706279133
7468.631197555333,7468.631197555333,7688.490608900458,7396.769052975084,26446.408706279133
7524.624537082119,7524.624537082119,7929.364650961684,7433.856361868467,26446.408706279133
7345.886114990068,7345.886114990068,7631.824569275294,7416.682185187567,26446.408706279133
7256.317185377769,7256.317185377769,7630.971372539457,7436.210822310947,26446.408706279133
6944.192244195823,6944.192244195823,7699.1110459134525,7424.869488972141,26446.408706279133
6956.377117064873,6956.377117064873,7055.9205412021565,7411.508640233348,26446.408706279133
7456.173267344532,7456.173267344532,7245.662549469656,7375.147877798363,26446.408706279133
7101.459254755792,7101.459254755792,7076.618955147928,7316.8536473136555,26446.408706279133
7659.517481873041,7659.517481873041,6930.624301144153,7289.060654586663,26446.408706279133
6987.946066612598,6987.946066612598,6732.210007781313,7295.724106420922,26446.408706279133
7661.68047132753,7661.68047132753,6600.687675754814,7262.94121979266,26446.408706279133
7349.981021453084,7349.981021453084,6304.265706103778,7279.426116316177,26446.408706279133
7268.8639732944885,7268.8639732944885,6583.18660097681,7289.077437657111,26446.408706279133
7172.499500568469,7172.499500568469,6898.129394974462,7357.211260580236,26446.408706279133
7666.522466058559,7666.522466058559,7133.097385662906,7353.29356932319,26446.408706279133
6888.622212756134,6888.622212756134,6920.437838378212,7337.036958182064,26446.408706279133
7741.4896791295705,7741.4896791295705,6719.204760253806,7334.635732066742,26446.408706279133
7209.633838362385,7209.633838362385,6829.401077554864,7299.782223490927,26446.408706279133
7298.37764921863,7298.37764921863,7263.717164084237,7321.4065195019275,26446.408706279133
7202.7418729703195,7202.7418729703195,7384.934499282189,7343.310793765905,26446.408706279133
7078.953857572292,7078.953857572292,7410.775231960707,7282.844488204691,26446.408706279133
7179.364009845201,7179.364009845201,7217.2420580311955,7197.572227794091,26446.408706279133
7252.16316634947,7252.16316634947,6838.302829882647,7135.195557818285,26446.408706279133
7694.279600066141,7694.279600066141,6628.684900000815,7126.987315228521,26446.408706279133
7547.256684706892,7547.256684706892,5979.615111809323,7070.203202737239,26446.408706279133
7458.927041139534,7458.927041139534,6325.017671727021,7045.379027506208,26446.408706279133
7592.107678376949,7592.107678376949,6659.013292935665,7103.0229275507845,26446.408706279133
7252.33114106114,7252.33114106114,6520.570808204554,7103.745569472434,26446.408706279133
7057.242269171135,7057.242269171135,6203.454594388228,7085.918722689434,26446.408706279133
7078.172763549362,7078.172763549362,5965.147132727512,7031.637001019195,26446.408706279133
7528.152690504943,7528.152690504943,5960.163178670993,7037.08597342445,26446.408706279133
7596.406815784444,7596.406815784444,6297.03835448165,7064.325236672361,26446.408706279133
6980.079292461704,6980.079292461704,6518.891195693704,7045.79502671726,26446.408706279133
7501.476342081778,7501.476342081778,6164.323209174223,6960.431623756875,26446.408706279133
7688.325380485853,7688.325380485853,6647.8816018660655,6994.079002150285,26446.408706279133
7924.316849942578,7924.316849942578,6546.670102357877,6969.297656079837,26446.408706279133
7503.858475724311,7503.858475724311,6512.529837978409,7001.772124931745,26446.408706279133
7626.01806849959,7626.01806849959,6613.145593154804,6995.533871020856,26446.408706279133
7327.490384861299,7327.490384861299,6730.838001062378,6951.860210651955,26446.408706279133
6992.237582190735,6992.237582190735,6842.61980476009,6941.52085341237,26446.408706279133
7972.522912476489,7972.522912476489,6928.657841955379,6917.754907448471,26446.408706279133
7476.704990365894,7476.704990365894,7077.342037557389,6965.05056142714,26446.408706279133
7114.501819515194,7114.501819515194,7441.530669585202,7002.747173082733,26446.408706279133
7100.556065763071,7100.556065763071,7974.523272051672,7059.3264297481255,26446.408706279133
7162.0270459991225,7162.0270459991225,7770.175906125325,7045.976210275415,26446.408706279133
7234.401222805792,7234.401222805792,7891.34553582367,6947.878337897786,26446.408706279133
7226.7227276933345,7226.7227276933345,7629.186420427762,6953.11937221306,26446.408706279133
7043.274507961605,7043.274507961605,7806.993211745224,6969.345929161475,26446.408706279133
7564.509617979389,7564.509617979389,7668.338706671921,6959.394553470183,26446.408706279133
7512.68469775262,7512.68469775262,7834.171690329182,6951.816626976057,26446.408706279133
6897.900967903753,6897.900967903753,7952.666657574133,6970.590117183205,26446.408706279133
6929.979198511073,6929.979198511073,7517.309833995528,6882.6395980339075,26446.408706279133
7059.3028884623,7059.3028884623,7258.474980761252,6928.077255379923,26446.408706279133
7116.959839214072,7116.959839214072,7151.431185535032,6963.418392347239,26446.408706279133
6857.92528907373,6857.92528907373,7269.766522668438,6960.107305626413,26446.408706279133
7709.587862277292,7709.587862277292,7040.377359120439,6944.769701481443,26446.408706279133
7086.634352473541,7086.634352473541,7579.953737114964,7019.977609742121,26446.408706279133
7059.714995751531,7059.714995751531,7349.51854580227,7023.925847292342,26446.408706279133
7219.728116308779,7219.728116308779,7458.402359420373,7064.950165125428,26446.408706279133
7417.302748528905,7417.302748528905,7486.666512862483,7102.707927992292,26446.408706279133
7346.381705486224,7346.381705486224,7373.843667937105,7125.221315619664,26446.408706279133
7556.5326652387685,7556.5326652387685,7458.935688187876,7113.573594450729,26446.408706279133
7367.346982245217,7367.346982245217,7721.236543385169,7155.687243861595,26446.408706279133
7315.770687889683,7315.770687889683,7641.76939437102,7112.146392226552,26446.408706279133
7255.612689166005,7255.612689166005,7593.436735267668,7052.175175547364,26446.408706279133
7332.960911954156,7332.960911954156,7723.96762672825,7105.475659151451,26446.408706279133
7204.674468547924,7204.674468547924,7043.3618719997885,7084.809032091317,26446.408706279133
7582.119383133559,7582.119383133559,6887.152308247581,7035.476093430886,26446.408706279133
6858.370607049807,6858.370607049807,6938.303252459447,6999.8673828004685,26446.408706279133
7801.014382046493,7801.014382046493,6768.988879574649,6979.518804050783,26446.408706279133
7363.040782640947,7363.040782640947,6637.465039869635,6970.559277201449,26446.408706279133
6920.388001195271,6920.388001195271,6591.124181418061,6988.3500191281,26446.408706279133
7483.385699211437,7483.385699211437,6181.940262685438,7024.414730422152,26446.408706279133
7276.857845746455,7276.857845746455,6332.148960567412,7052.839204339872,26446.408706279133
8002.8732654743035,8002.8732654743035,6386.760987702116,7133.604350725924,26446.408706279133
6895.689689234681,6895.689689234681,6681.338475570983,7176.7398199202435,26446.408706279133
7242.645610908555,7242.645610908555,7020.781192568948,7157.162612017975,26446.408706279133
7290.941937577117,7290.941937577117,7378.124092723154,7206.986750334606,26446.408706279133
7307.995144683487,7307.995144683487,7591.600106342952,7277.496485191415,26446.408706279133
7203.570224961895,7203.570224961895,7752.045814687964,7336.898540442873,26446.408706279133
7206.30756097007,7206.30756097007,7866.880874975589,7351.902816462368,26446.408706279133
7486.133979457841,7486.133979457841,8029.36007694048,7334.814363619866,26446.408706279133
7575.310625294277,7575.310625294277,7766.448518224385,7273.926194928288,26446.408706279133
6848.268028907772,6848.268028907772,7628.717190278146,7345.718000560657,26446.408706279133
7239.427583449353,7239.427583449353,7571.002030235351,7318.22843639978,26446.408706279133
7835.525124588167,7835.525124588167,7558.239449065349,7379.053689261737,26446.408706279133
7342.4365147071085,7342.4365147071085,7489.355190844804,7352.527682591254,26446.408706279133
7202.607992894646,7202.607992894646,7336.210509031907,7351.599733510028,26446.408706279133
7651.490383425333,7651.490383425333,6958.739680373388,7323.076821053617,26446.408706279133
7203.283550341616,7203.283550341616,6782.487605906179,7324.872100672092,26446.408706279133
7159.510760065493,7159.510760065493,6934.668955611301,7353.105039193553,26446.408706279133
7128.148803143759,7128.148803143759,7007.861048165231,7320.918165741436,26446.408706279133
7412.991177412401,7412.991177412401,7350.160583800466,7255.652177771342,26446.408706279133
7047.38375060013,7047.38375060013,7343.2965449267185,7219.472655135665,26446.408706279133
7433.412132924776,7433.412132924776,7153.4141596210775,7194.876087098931,26446.408706279133
7397.921617895103,7397.921617895103,7036.88337751103,7208.161257599209,26446.408706279133
7529.76063520424,7529.76063520424,7037.837458756381,7234.257890256978,26446.408706279133
7300.632736608142,7300.632736608142,6961.133219972951,7182.427735155572,26446.408706279133
7112.387146826026,7112.387146826026,7194.436794107084,7228.296438540648,26446.408706279133
7615.527499702788,7615.527499702788,7562.77128901604,7270.592020409464,26446.408706279133
7356.845430849225,7356.845430849225,7435.346764288872,7249.641060536499,26446.408706279133
7638.188213857472,7638.188213857472,7623.2639456567795,7342.108988073686,26446.408706279133
7583.5206659428295,7583.5206659428295,7562.818138810221,7316.520809381136,26446.408706279133
7420.667860792188,7420.667860792188,7512.613206160025,7291.709059260665,26446.408706279133
7253.9464467428215,7253.9464467428215,7713.438314644783,7283.610445494199,26446.408706279133
7609.244453612851,7609.244453612851,7378.036836719398,7275.693153119002,26446.408706279133
7708.250730248685,7708.250730248685,7793.468047241125,7276.960752282208,26446.408706279133
7593.731076926075,7593.731076926075,8157.579387057549,7344.039903406629,26446.408706279133
7225.0817558486315,7225.0817558486315,8052.659086757607,7347.147784008096,26446.408706279133
7801.2908822805775,7801.2908822805775,7736.470963150699,7320.552910467107,26446.408706279133
7267.288717753491,7267.288717753491,7352.376314672411,7245.347589883562,26446.408706279133
7159.638194206386,7159.638194206386,7084.713463958283,7267.264543227767,26446.408706279133
7065.889391047214,7065.889391047214,6899.802836121763,7152.234067928456,26446.408706279133
7950.205377350219,7950.205377350219,6871.735602309947,7137.70230084845,26446.408706279133
7347.309514168435,7347.309514168435,6890.188629281742,7142.960824297014,26446.408706279133
7334.059943563823,7334.059943563823,7166.87387819695,7164.274403412742,26446.408706279133
7729.636051928868,7729.636051928868,6640.905418535838,7196.4694615894205,26446.408706279133
7111.33273374217,7111.33273374217,6264.783197799226,7219.566081316958,26446.408706279133
7479.645941891854,7479.645941891854,6264.997633711237,7212.486660258453,26446.408706279133
7095.421907084571,7095.421907084571,6503.370007715134,7267.429136095203,26446.408706279133
7005.190329854149,7005.190329854149,6765.544613004527,7270.963504510541,26446.408706279133
7301.91243004994,7301.91243004994,6844.023129376869,7317.84433281953,26446.408706279133
7299.304562458399,7299.304562458399,6950.2447420781655,7305.894963807002,26446.408706279133
Average Episodic Reward,Average Episodic N-Reward,Avg Reward (last 10),Avg Reward (last 50),Best Reward
10701.297636720086,10701.297636720086,11255.159810481915,11255.159810481915,11255.159810481915
9438.057777643726,9438.057777643726,15247.348832551328,15247.348832551328,19239.53785462074
10838.162810473612,10838.162810473612,11460.488704498675,11460.488704498675,19239.53785462074
9267.646253629082,9267.646253629082,9366.122162425023,9366.122162425023,19239.53785462074
10174.191844127987,10174.191844127987,8958.845515839155,8958.845515839155,19239.53785462074
10134.987955293787,10134.987955293787,9281.161131223022,9281.161131223022,19239.53785462074
10251.56810503676,10251.56810503676,8580.558030092629,8580.558030092629,19239.53785462074
11946.01133469773,11946.01133469773,9346.259463636754,9346.259463636754,19239.53785462074
9663.144591225726,9663.144591225726,9069.67532786858,9069.67532786858,19239.53785462074
9669.5284570219,9669.5284570219,8887.01669894268,8887.01669894268,19239.53785462074
10573.911989752169,10573.911989752169,9322.099644658174,9497.832387005787,19239.53785462074
10243.629955741933,10243.629955741933,8917.384490405002,9972.37854742939,19239.53785462074
10396.539413359895,10396.539413359895,9608.930157141116,10036.212898839014,19239.53785462074
11147.799322548512,11147.799322548512,10653.720694017049,10285.835399276471,19239.53785462074
10074.767854721407,10074.767854721407,11386.533232913196,10577.303993888516,19239.53785462074
12006.010526896394,12006.010526896394,10697.258915995473,10166.222246705802,19239.53785462074
9636.397960777253,9636.397960777253,12412.66075524498,10834.736103711659,21530.957815805355
10587.063376936494,10587.063376936494,11703.148673212267,10655.64235784537,21530.957815805355
9329.511447936435,9329.511447936435,11379.833000491539,10285.547787143822,21530.957815805355
10789.446451254895,10789.446451254895,12135.056978648652,10511.036838795666,21530.957815805355
10188.851747806611,10188.851747806611,11305.87449668637,10358.804820187015,21530.957815805355
10559.444060347385,10559.444060347385,10541.745449687382,10231.181684819385,21530.957815805355
9078.368358809872,9078.368358809872,10981.113377805514,10447.03919404184,21530.957815805355
10300.031437172296,10300.031437172296,10247.740279624568,10269.962432754844,21530.957815805355
11000.364825647472,11000.364825647472,10241.41286389133,10442.947541889642,21530.957815805355
11902.934435221683,11902.934435221683,10846.850491727622,10428.002340944962,21530.957815805355
10400.764521698748,10400.764521698748,11167.235066833633,10957.88386783091,24734.80356686548
16795.69269760804,16795.69269760804,11569.061838900363,10981.863601079298,24734.80356686548
16978.05908967249,16978.05908967249,13613.94777497953,11433.271920880276,24734.80356686548
15546.214186948706,15546.214186948706,13491.549269206687,11504.540982266008,24734.80356686548
12882.109902835546,12882.109902835546,16228.659854052055,12252.306444014448,34685.27029646772
13551.193995728434,13551.193995728434,17462.836889292746,12491.07393621731,34685.27029646772
14717.64850980421,14717.64850980421,17016.25320774281,12437.71010728456,34685.27029646772
12259.436999989957,12259.436999989957,18486.632587815526,12686.630125419751,34685.27029646772
10597.861346685617,10597.861346685617,18815.366379420455,12835.067209755587,34685.27029646772
13805.290836854765,13805.290836854765,19058.467686856275,12825.353825920327,34685.27029646772
11695.3229046945,11695.3229046945,18962.597013525818,13121.319853153856,34685.27029646772
15936.293946781863,15936.293946781863,19569.347178856908,13241.727700494459,34685.27029646772
11652.384451198333,11652.384451198333,17990.428945055035,13114.59423477124,34685.27029646772
15778.584427690474,15778.584427690474,16962.8166910495,12869.10990946188,34685.27029646772
11119.68986179857,11119.68986179857,14131.81896304632,12710.7241315832,34685.27029646772
14032.454810582149,14032.454810582149,12571.688771929748,12510.267944720272,34685.27029646772
9547.841710069144,9547.841710069144,12217.976967331817,12386.60937706299,34685.27029646772
15479.07598761802,15479.07598761802,11797.282538758333,12484.505673905793,34685.27029646772
10622.545705673268,10622.545705673268,11749.50005045769,12593.830063244943,34685.27029646772
14883.655077277765,14883.655077277765,11959.832741657334,12637.19706847185,34685.27029646772
12558.99174309427,12558.99174309427,11278.023297130914,12729.12909655323,34685.27029646772
13369.60479200745,13369.60479200745,11316.347801294274,12840.606888161084,34685.27029646772
11372.46546405766,11372.46546405766,13043.217673671574,13100.027589648858,34685.27029646772
15843.448064822162,15843.448064822162,13854.45509129117,13066.178945827738,34685.27029646772
11319.352744216796,11319.352744216796,15171.312823540375,13231.953156396661,34685.27029646772
12195.280794747789,12195.280794747789,15366.988756326575,12972.12887152829,34685.27029646772
15057.884326032241,15057.884326032241,15042.129265297994,12973.280595063849,34685.27029646772
13236.625980450874,13236.625980450874,13856.789346885824,13008.433089420263,34685.27029646772
14979.995782941092,14979.995782941092,13810.556024491312,13200.673710234794,34685.27029646772
13661.85741521962,13661.85741521962,13426.759094159317,13197.833786079203,34685.27029646772
11102.402065116512,11102.402065116512,12533.706992504847,13270.84462504804,34685.27029646772
15464.707680079919,15464.707680079919,11452.336398135601,13122.048378079886,34685.27029646772
11144.902733456152,11144.902733456152,10061.62965972454,13217.811410784445,34685.27029646772
15759.6328209809,15759.6328209809,9342.856197891873,13157.346845617578,34685.27029646772
12180.673380150518,12180.673380150518,9006.371668798645,13168.807561224756,34685.27029646772
12614.969243245372,12614.969243245372,9063.925404865393,13001.437054420367,34685.27029646772
11270.317017852656,11270.317017852656,10105.38470623779,13072.571504883184,34685.27029646772
13362.37592758696,13362.37592758696,10316.911551944013,12941.071261005653,34685.27029646772
12938.08959556527,12938.08959556527,9020.82842827072,12727.532749306301,34685.27029646772
12737.753374102052,12737.753374102052,8292.967199385012,12716.975442757113,34685.27029646772
12269.832532617815,12269.832532617815,8122.13492074993,12412.739458149026,34685.27029646772
13970.54880993068,13970.54880993068,8112.107836194804,12403.84021067639,34685.27029646772
12680.98721446977,12680.98721446977,8183.025600267147,12578.449930739567,34685.27029646772
13494.780303744155,13494.780303744155,9187.7728810676,12567.890026101366,34685.27029646772
14995.363211875896,14995.363211875896,10285.715325358706,12964.775726959218,34685.27029646772
11751.22496462263,11751.22496462263,10914.937033736223,13076.075371230136,34685.27029646772
13123.454687772442,13123.454687772442,11366.584954810229,13149.665820284128,34685.27029646772
10286.465123626185,10286.465123626185,12814.9424227835,13454.51168963744,34685.27029646772
12787.140202155493,12787.140202155493,13034.773669374328,13286.204910402901,34685.27029646772
14562.126261230926,14562.126261230926,13304.919259347216,13208.589196281027,34685.27029646772
11246.362704586387,11246.362704586387,13407.982632811105,12860.88897134452,34685.27029646772
13451.330185411342,13451.330185411342,13309.524519954928,12751.932746887302,34685.27029646772
13093.222157990243,13093.222157990243,13542.892879959525,12564.238951735566,34685.27029646772
13606.643316831896,13606.643316831896,13269.34757777824,12523.449687815679,34685.27029646772
11489.590452333066,11489.590452333066,10752.9310761051,11869.629971369832,34685.27029646772
13402.166135577787,13402.166135577787,11117.207034891037,11806.949400349797,34685.27029646772
12201.100768419326,12201.100768419326,9948.080957334332,11736.031370202434,34685.27029646772
13274.644753423547,13274.644753423547,8716.669583603863,11500.51908879511,34685.27029646772
11526.272158087413,11526.272158087413,9540.221201962555,11431.175874911321,34685.27029646772
12495.783191468458,12495.783191468458,10499.78233092816,11496.852125095405,34685.27029646772
16309.483891631924,16309.483891631924,11005.83330649822,11269.536229939002,34685.27029646772
12522.312029683546,12522.312029683546,12192.995882821951,11276.662487680314,34685.27029646772
14861.129218033962,14861.129218033962,11443.737434891269,11254.90064970281,34685.27029646772
11715.653419808952,11715.653419808952,10816.167475129823,11294.11984463174,34685.27029646772
13465.426430600546,13465.426430600546,11128.702878664304,11269.006754493425,34685.27029646772
10636.869852560882,10636.869852560882,10294.469206611717,11351.505487286187,34685.27029646772
13968.410521587342,13968.410521587342,10768.452047694913,11446.12638627505,34685.27029646772
9891.118736395398,9891.118736395398,11090.856552192965,11359.233891482032,34685.27029646772
14072.301293952474,14072.301293952474,10397.728923378907,11160.821649495563,34685.27029646772
9186.966351574723,9186.966351574723,9378.548605378655,10980.595297839673,34685.27029646772
13797.222103538374,13797.222103538374,9139.00082302509,10841.731735117839,34685.27029646772
9955.889172740017,9955.889172740017,8537.653541277246,10720.923635676905,34685.27029646772
14538.811646392087,14538.811646392087,8831.327991538918,10412.52271327628,34685.27029646772
14485.097345818158,14485.097345818158,8804.824916101135,10284.193809593735,34685.27029646772
11660.367406117864,11660.367406117864,9700.51670478699,10174.84753074275,34685.27029646772
13838.30281465168,13838.30281465168,9183.989722776783,10114.90568057623,34685.27029646772
12113.328456578834,12113.328456578834,9031.065383414421,10243.913609898338,34685.27029646772
12318.188442163524,12318.188442163524,8466.912056152414,10281.258433335352,34685.27029646772
9549.219018351954,9549.219018351954,8167.523477968553,10032.215140191012,34685.27029646772
10781.247483442512,10781.247483442512,9017.743865754821,10098.792252158772,34685.27029646772
14369.375799979493,14369.375799979493,9183.63480393594,10171.717297404057,34685.27029646772
11164.750813165821,11164.750813165821,9665.915729858172,10363.63950202142,34685.27029646772
14927.851855139861,14927.851855139861,9739.03480862141,10348.003743055653,34685.27029646772
9240.441019173451,9240.441019173451,11848.530902124183,10785.328750440196,34685.27029646772
14351.986153429738,14351.986153429738,11049.136366077904,10583.400470198603,34685.27029646772
10543.190742691491,10543.190742691491,13001.724249458437,10902.46544949484,34685.27029646772
14511.664132688185,14511.664132688185,13064.633248305792,10835.763318311938,34685.27029646772
9798.399415274305,9798.399415274305,13373.215739083298,10892.51927076321,34685.27029646772
15206.465554564884,15206.465554564884,13964.33084490612,11020.915623518096,34685.27029646772
10420.951021215058,10420.951021215058,13894.87300889378,11219.17341406053,34685.27029646772
13672.632257500549,13672.632257500549,14477.406883652828,11442.771689984635,34685.27029646772
8707.561495365355,8707.561495365355,13648.879149476601,11470.993764677778,34685.27029646772
13581.607560565404,13581.607560565404,13716.231245683259,11454.644872138875,34685.27029646772
10262.709718896818,10262.709718896818,11542.90542177725,11256.355258582125,34685.27029646772
13002.510450052869,13002.510450052869,11663.6319454838,10858.983794223617,34685.27029646772
10765.713145992428,10765.713145992428,10758.007093674636,10871.079461482523,34685.27029646772
13924.731922594648,13924.731922594648,10474.627830892354,10657.371893528361,34685.27029646772
9698.847948133067,9698.847948133067,10646.157132747157,10458.762212755939,34685.27029646772
12382.258162546581,12382.258162546581,11220.543631318855,10658.069615906996,34685.27029646772
8711.900455776318,8711.900455776318,10724.432583948645,10703.076078980814,34685.27029646772
13683.482538563643,13683.482538563643,10692.926708709138,10899.760505164242,34685.27029646772
10398.204452827296,10398.204452827296,11076.124947383993,11024.313850163591,34685.27029646772
12385.086636782014,12385.086636782014,11185.2053692589,10983.107369998752,34685.27029646772
10195.611697123002,10195.611697123002,12771.34977138846,11156.755697304174,34685.27029646772
11705.530166253237,11705.530166253237,12746.112182953148,11257.620015593231,34685.27029646772
9369.904850222352,9369.904850222352,13418.324430297778,11331.302940563872,34685.27029646772
12351.70144739921,12351.70144739921,13242.853974680396,11316.326496997575,34685.27029646772
9705.038807298632,9705.038807298632,13020.739985154833,11319.576293066135,34685.27029646772
13294.360542121756,13294.360542121756,12182.8594652899,11186.597268572466,34685.27029646772
10464.592194832552,10464.592194832552,12932.44926076764,11189.609464948708,34685.27029646772
13802.951609351381,13802.951609351381,11922.067441585586,11083.007332181714,34685.27029646772
10513.146084476546,10513.146084476546,12128.109786153826,11011.336630829966,34685.27029646772
11444.96901401385,11444.96901401385,11916.939989002374,11077.747880820973,34685.27029646772
9760.82668469182,9760.82668469182,10875.737025441218,11168.66960736645,34685.27029646772
11305.42522408447,11305.42522408447,12311.391351979455,11494.157710256257,34685.27029646772
8252.661466173537,8252.661466173537,11541.957368402733,11580.800572922077,34685.27029646772
10296.235678566787,10296.235678566787,12910.488502580538,11744.733787974701,34685.27029646772
9437.486997480664,9437.486997480664,13608.972881574062,11823.199558942355,34685.27029646772
10049.242015701564,10049.242015701564,13750.37475122846,11857.126434142378,34685.27029646772
10025.187767517486,10025.187767517486,12939.445711313823,11901.788886135742,34685.27029646772
11280.395416745052,11280.395416745052,12948.251060821758,11844.85737974105,34685.27029646772
11306.672291102475,11306.672291102475,12500.927966181338,11803.991515810785,34685.27029646772
10099.555950928523,10099.555950928523,12218.845349971896,11755.251352507568,34685.27029646772
11418.304208850597,11418.304208850597,12301.63503024956,11868.031630196134,34685.27029646772
7437.922269523104,7437.922269523104,11702.40258355378,11894.534886009616,34685.27029646772
12003.115539519305,12003.115539519305,12292.138796374165,12202.43038764155,34685.27029646772
10510.375484353764,10510.375484353764,12037.79310306148,12346.079331904111,34685.27029646772
12610.989686948895,12610.989686948895,11224.636535632493,12374.74445483837,34685.27029646772
8449.572322369791,8449.572322369791,11110.641974795131,12445.750133507694,34685.27029646772
11986.188983617096,11986.188983617096,11392.65771812812,12376.771656610403,34685.27029646772
9396.54337008517,9396.54337008517,11302.680911164467,12268.666601186756,34685.27029646772
12629.269704904891,12629.269704904891,11654.459155469349,12201.700200933023,34685.27029646772
10843.116500096397,10843.116500096397,11873.548332770642,12182.154057337411,34685.27029646772
12349.691991129781,12349.691991129781,11274.067642556252,11753.138978282546,34685.27029646772
11182.709636345788,11182.709636345788,10367.974845651208,11758.30258192428,34685.27029646772
11565.379239268561,11565.379239268561,9832.69107812866,11568.623753375596,34685.27029646772
10778.93129760578,10778.93129760578,8864.490004296076,11506.05068310217,34685.27029646772
10700.826769068324,10700.826769068324,9269.537795629676,11554.008866147646,34685.27029646772
12615.236085159797,12615.236085159797,8956.525308771465,11444.189026280765,34685.27029646772
14230.829084407329,14230.829084407329,8970.589986826648,11391.915052196975,34685.27029646772
9727.336219609833,9727.336219609833,9284.553564519447,11230.095937360078,34685.27029646772
13010.880320709972,13010.880320709972,9161.997802814152,11304.323931600531,34685.27029646772
8580.2288252222,8580.2288252222,8849.267506287248,11208.761309458208,34685.27029646772
13661.731670603822,13661.731670603822,8803.356260444747,11205.229146016047,34685.27029646772
7880.795668915204,7880.795668915204,9181.959064494475,11261.968005726412,34685.27029646772
14071.89715124848,14071.89715124848,8766.4151628129,11170.305367203247,34685.27029646772
7922.937295934764,7922.937295934764,8993.031362173246,11209.731389358347,34685.27029646772
12123.854396253644,12123.854396253644,8514.644277606303,11127.706295119473,34685.27029646772
9233.489305767498,9233.489305767498,8994.61926318413,10999.004152653815,34685.27029646772
13634.943608930102,13634.943608930102,9039.693145086994,11054.967164424646,34685.27029646772
7773.919671762617,7773.919671762617,9047.06553246489,10900.92370211123,34685.27029646772
13002.317159442715,13002.317159442715,8116.714349581064,10712.441812039944,34685.27029646772
9237.924431670752,9237.924431670752,8367.950989132445,10645.310433432924,34685.27029646772
12912.216494929642,12912.216494929642,8727.132464734339,10396.385684685223,34685.27029646772
8797.262838883702,8797.262838883702,8579.540902459219,10428.653749627627,34685.27029646772
9009.466507646777,9009.466507646777,8427.754164802882,10172.191314104268,34685.27029646772
11011.148999844236,11011.148999844236,8008.17255325262,10162.795105072793,34685.27029646772
10270.343227654543,10270.343227654543,7755.250028941513,10074.60830387681,34685.27029646772
10064.857771843568,10064.857771843568,7969.850764389586,10156.402412473753,34685.27029646772
10346.52367183803,10346.52367183803,7393.06759396542,9947.0908310642,34685.27029646772
10287.738115785683,10287.738115785683,7472.065409433419,10010.923295680797,34685.27029646772
11388.89460140406,11388.89460140406,8144.72162614064,9915.76418003731,34685.27029646772
9031.592542864255,9031.592542864255,8143.871721419055,9890.69677991626,34685.27029646772
12110.311059096344,12110.311059096344,8487.874824781595,9918.813244553297,34685.27029646772
8344.422970439477,8344.422970439477,8599.607341095132,9686.296947450763,34685.27029646772
9787.760740882859,9787.760740882859,8862.276711376482,9636.255182699017,34685.27029646772
10340.30668139939,10340.30668139939,8741.614003520906,9329.020205260864,34685.27029646772
9519.95929518556,9519.95929518556,8775.84842644595,9107.983412851187,34685.27029646772
9903.5402110111,9903.5402110111,8381.960268373728,9082.719515902807,34685.27029646772
15472.807048984285,15472.807048984285,8457.449211324234,9050.691531066283,34685.27029646772
8981.059826828057,8981.059826828057,8975.27165105266,9216.327413726976,34685.27029646772
12222.981998856401,12222.981998856401,9692.523287506445,9354.083244302332,34685.27029646772
7371.177694960468,7371.177694960468,9271.028304291256,9301.13337078013,34685.27029646772
13144.22156091579,13144.22156091579,9231.325990090128,9304.751436521414,34685.27029646772
7947.818741772657,7947.818741772657,10938.883659312023,9533.593162602412,34685.27029646772
12968.033931954164,12968.033931954164,11095.154444096373,9396.85831224346,34685.27029646772
7875.778006108994,7875.778006108994,12575.85967173162,9436.633518994893,34685.27029646772
13475.24091896303,13475.24091896303,12703.206028199276,9403.697311364544,34685.27029646772
8733.142232786955,8733.142232786955,13010.12373327141,9462.615867598062,34685.27029646772
13435.230533895143,13435.230533895143,13821.008770402012,9536.361741521061,34685.27029646772
7708.345658866604,7708.345658866604,13299.937623740116,9615.778756242105,34685.27029646772
13611.747834820515,13611.747834820515,12910.925703066303,9605.37655382172,34685.27029646772
7232.9517834631315,7232.9517834631315,13302.894724297377,9587.002649085476,34685.27029646772
13120.269316013053,13120.269316013053,13286.280842020884,9707.194076414338,34685.27029646772
7476.266565565153,7476.266565565153,11591.934719242172,9778.385137320603,34685.27029646772
12930.816800433924,12930.816800433924,12031.971591925763,9836.714415002882,34685.27029646772
8669.486998728222,8669.486998728222,10715.707790788325,9806.877076293344,34685.27029646772
13721.209742181429,13721.209742181429,10657.147119545449,9681.219176147697,34685.27029646772
7623.577736435595,7623.577736435595,10500.795454241776,9771.469896692124,34685.27029646772
13374.045584237503,13374.045584237503,10123.855383027541,9767.01482076124,34685.27029646772
7739.492063603867,7739.492063603867,10660.878306810628,9891.043704700343,34685.27029646772
13302.95551233753,13302.95551233753,10500.97113183809,9873.171219626507,34685.27029646772
7922.449706968986,7922.449706968986,10589.041133579314,9934.957374543888,34685.27029646772
13857.18039390667,13857.18039390667,10359.451881980327,10018.413200721454,34685.27029646772
9170.462338313668,9170.462338313668,10808.613418893885,10103.716008200487,34685.27029646772
11603.149019980796,11603.149019980796,10890.168761535848,10261.46513474747,34685.27029646772
7826.3817440390585,7826.3817440390585,11313.769798303654,10271.024763519425,34685.27029646772
12176.330078982552,12176.330078982552,11652.271075871482,10308.744535800734,34685.27029646772
7319.5579104998005,7319.5579104998005,11660.831004024241,10304.712244860148,34685.27029646772
13205.813285691409,13205.813285691409,11528.62934472735,10264.80206068931,34685.27029646772
6813.99431112236,6813.99431112236,11565.427756285795,10394.716149464524,34685.27029646772
13103.135073541673,13103.135073541673,11312.042960160903,10512.236941742476,34685.27029646772
8082.7078088109565,8082.7078088109565,11142.498384388178,10489.866853595036,34685.27029646772
13616.711008054805,13616.711008054805,10841.909569147077,10441.368621604002,34685.27029646772
7472.964809419281,7472.964809419281,10334.525709055684,10454.712969519778,34685.27029646772
13309.376057680607,13309.376057680607,9403.027503490111,10456.519802484916,34685.27029646772
7755.236403812148,7755.236403812148,9542.350021700018,10577.860257208904,34685.27029646772
13464.758251055873,13464.758251055873,10213.797762652877,10800.454082543007,34685.27029646772
8453.228330279155,8453.228330279155,10357.728034624519,10782.287698907136,34685.27029646772
11668.81361610924,11668.81361610924,10266.524945924197,10839.493531081063,34685.27029646772
8295.328106375335,8295.328106375335,9411.856238680126,10782.674315313865,34685.27029646772
12134.408702021337,12134.408702021337,9958.294715122112,10874.95155953877,34685.27029646772
8049.1811858781575,8049.1811858781575,9902.103846106493,10841.513278532524,34685.27029646772
12448.049854418805,12448.049854418805,10220.489103015654,10787.891477250816,34685.27029646772
8763.12121781509,8763.12121781509,10656.08727125715,10866.008955552183,34685.27029646772
10899.115641740855,10899.115641740855,10652.816564611989,10814.627773132017,34685.27029646772
8390.722493140964,8390.722493140964,10202.774836831266,10870.092423870978,34685.27029646772
10750.213471436662,10750.213471436662,9510.432968407276,10947.370990935273,34685.27029646772
9518.132062582508,9518.132062582508,9304.328274458794,10966.761300124148,34685.27029646772
10678.306458013249,10678.306458013249,9578.174245255268,11063.638537867275,34685.27029646772
8629.566049312842,8629.566049312842,9235.267857840758,10834.673556671485,34685.27029646772
9859.830845417744,9859.830845417744,8543.791142173752,10645.20513047223,34685.27029646772
8313.65503402894,8313.65503402894,8232.776470206674,10633.862911715605,34685.27029646772
11228.571672248198,11228.571672248198,8273.648059535997,10596.355891139987,34685.27029646772
8745.11441617275,8745.11441617275,7659.777506111399,10210.187724912059,34685.27029646772
11328.932792470223,11328.932792470223,8276.013405240854,10250.799565360912,34685.27029646772
7653.818609650047,7653.818609650047,8387.992557987482,10032.51900112215,34685.27029646772
9908.109025249712,9908.109025249712,8654.124519466248,10137.554689188666,34685.27029646772
10880.070423313806,10880.070423313806,9418.050152542035,10248.346583978271,34685.27029646772
7288.582273009712,7288.582273009712,8973.369073569109,10094.110598500693,34685.27029646772
7784.516214740792,7784.516214740792,9333.819752261352,10041.44998237573,34685.27029646772
8717.678765097136,8717.678765097136,9916.836790811776,10046.387348021328,34685.27029646772
11542.292882662547,11542.292882662547,10267.350780963321,10026.754123048795,34685.27029646772
7102.32940746914,7102.32940746914,10619.195421135926,10062.938806962997,34685.27029646772
9995.046739801284,9995.046739801284,10685.961031969322,10028.992987457488,34685.27029646772
12065.819079059436,12065.819079059436,9907.11338216248,9825.827923408257,34685.27029646772
12442.449189163584,12442.449189163584,10017.534921923327,9892.884427349149,34685.27029646772
7105.210324714118,7105.210324714118,9456.182034484105,9897.3616721764,34685.27029646772
8380.682212968117,8380.682212968117,9052.315926953663,9958.650678520651,34685.27029646772
8572.506494667145,8572.506494667145,9147.832614733734,9898.906044841931,34685.27029646772
6630.8596459944665,6630.8596459944665,9126.713705871422,9734.61706218789,34685.27029646772
11499.403351408024,11499.403351408024,8323.165397901736,9610.826201234056,34685.27029646772
7037.838571354998,7037.838571354998,8055.015150877994,9519.948926508532,34685.27029646772
12426.830346233684,12426.830346233684,7944.4214142488145,9579.932713416694,34685.27029646772
6869.287828735148,6869.287828735148,7948.826582863086,9457.035620251329,34685.27029646772
12632.589287666893,12632.589287666893,8614.213210128912,9370.636813126868,34685.27029646772
7380.361800569458,7380.361800569458,8563.394426677394,9342.809353023898,34685.27029646772
11048.163427910766,11048.163427910766,8543.846014121411,9275.676659826386,34685.27029646772
8599.949679978012,8599.949679978012,8335.443004175175,9293.573078550837,34685.27029646772
10696.551670296394,10696.551670296394,8809.432275263496,9355.066630949159,34685.27029646772
9146.811419840906,9146.811419840906,9231.452139312209,9267.821938793173,34685.27029646772
8691.397698258406,8691.397698258406,9053.844310279075,9159.186471257692,34685.27029646772
9171.323557261177,9171.323557261177,9705.512584498054,9232.551766530505,34685.27029646772
8102.762544775647,8102.762544775647,9612.209878762402,9333.992775339759,34685.27029646772
11181.121840139776,11181.121840139776,10167.207333956572,9423.571945231506,34685.27029646772
8935.379087585545,8935.379087585545,9958.985994616394,9481.828511352127,34685.27029646772
9843.795208249421,9843.795208249421,9859.776311769847,9406.294611037862,34685.27029646772
10916.240180242148,10916.240180242148,10844.858218521662,9401.888751000139,34685.27029646772
9603.579714378686,9603.579714378686,10646.62725794246,9351.352923214425,34685.27029646772
9155.126002595383,9155.126002595383,9957.609810088721,9293.283603782065,34685.27029646772
9255.22086850566,9255.22086850566,9215.643993062802,9228.579489669708,34685.27029646772
9417.380566255591,9417.380566255591,9522.609790978557,9072.04948642898,34685.27029646772
9698.931421370107,9698.931421370107,9299.30933553705,9111.99286441662,34685.27029646772
10812.781703688452,10812.781703688452,8727.045241708285,9035.304003078285,34685.27029646772
8625.54672292788,8625.54672292788,8075.2725979388415,8907.409010567844,34685.27029646772
9456.03580463286,9456.03580463286,7773.666432140771,8905.998484857882,34685.27029646772
9173.796275592993,9173.796275592993,7504.100193280307,8866.55968232767,34685.27029646772
9916.983278324034,9916.983278324034,6356.258159090211,8771.053789136728,34685.27029646772
9644.38854000031,9644.38854000031,6335.936647975794,8757.674597917825,34685.27029646772
10439.733366648015,10439.733366648015,6579.037723660814,8693.456299463176,34685.27029646772
8207.833181205726,8207.833181205726,7240.33154369987,8829.59222684153,34685.27029646772
9855.41834556093,9855.41834556093,7492.708866591298,8861.83303131249,34685.27029646772
8461.90530504485,8461.90530504485,7589.59420280727,8983.356410936738,34685.27029646772
10703.572827524275,10703.572827524275,8087.025319883911,8997.979455147868,34685.27029646772
8397.430997392818,8397.430997392818,7783.805866829811,8932.214682711527,34685.27029646772
10522.599940050335,10522.599940050335,7977.2812162720165,8846.252047064114,34685.27029646772
8431.864420427464,8431.864420427464,7896.0797240405755,8768.17711553829,34685.27029646772
11360.980213590865,11360.980213590865,7929.449091546803,8626.118703552838,34685.27029646772
7435.859930836746,7435.859930836746,7596.281019455314,8393.320771300481,34685.27029646772
9390.653410852865,9390.653410852865,8149.23653523205,8528.629791795764,34685.27029646772
7976.993289200946,7976.993289200946,8186.479277563233,8600.124131901906,34685.27029646772
11183.041844856732,11183.041844856732,7876.171445341094,8453.699962218352,34685.27029646772
7578.512219608696,7578.512219608696,7622.908575211986,8454.46796978647,34685.27029646772
8115.389462324609,8115.389462324609,7416.900176057013,8357.520406132084,34685.27029646772
8616.808016832838,8616.808016832838,7882.99693901411,8371.621864120483,34685.27029646772
9218.198828346496,9218.198828346496,7914.649184720291,8447.759207575677,34685.27029646772
8520.227480482166,8520.227480482166,8170.86469811651,8398.843070776928,34685.27029646772
9001.2336773418,9001.2336773418,8266.164284317198,8388.115153519457,34685.27029646772
8077.4754196365,8077.4754196365,8508.62229919344,8284.582045748435,34685.27029646772
8623.362606609491,8623.362606609491,8432.585076183987,8385.580284085814,34685.27029646772
7859.398306002815,7859.398306002815,8221.798933061064,8419.141177339836,34685.27029646772
7522.321698338524,7522.321698338524,8481.161033618431,8485.299089361692,34685.27029646772
12217.469021939365,12217.469021939365,8707.35252869941,8584.935445350753,34685.27029646772
5501.879427005552,5501.879427005552,8568.50348506235,8482.336820294791,34685.27029646772
13064.37057470661,13064.37057470661,8268.34725441225,8435.525998430316,34685.27029646772
6698.090937956877,6698.090937956877,7882.8795914221655,8301.492483834327,34685.27029646772
11741.947894199087,11741.947894199087,8035.95476088207,8293.355137617862,34685.27029646772
5584.041744333972,5584.041744333972,8422.397896547449,8363.825530004664,34685.27029646772
12914.748592587328,12914.748592587328,8393.22559236444,8296.138563386288,34685.27029646772
6425.363329562126,6425.363329562126,8398.346043721336,8303.36303777738,34685.27029646772
14272.762338384551,14272.762338384551,7963.174451397729,8165.485639756939,34685.27029646772
5838.257605508914,5838.257605508914,8030.008967058107,8280.532020717497,34685.27029646772
11357.736019646423,11357.736019646423,7808.311822993479,8205.495293049838,34685.27029646772
5945.055335368669,5945.055335368669,8068.149487961406,8173.524742134593,34685.27029646772
11073.959014785025,11073.959014785025,8188.576624011451,8039.799856441294,34685.27029646772
7992.319467254252,7992.319467254252,8572.268466959526,8024.148978302954,34685.27029646772
11025.714532464295,11025.714532464295,9036.455056169156,8128.690886497723,34685.27029646772
7348.286725331602,7348.286725331602,9216.725167214687,8038.19891974327,34685.27029646772
11333.327840538428,11333.327840538428,9585.082534236404,8083.829618645079,34685.27029646772
7266.366373705387,7266.366373705387,8761.830556232013,8064.207187006039,34685.27029646772
11317.030091134344,11317.030091134344,8915.892219779122,8105.5352851002035,34685.27029646772
8301.038467716164,8301.038467716164,8657.128149290325,8107.435692379851,34685.27029646772
12115.725661055501,12115.725661055501,8436.765444895183,8032.986514921466,34685.27029646772
6865.896254621303,6865.896254621303,8907.585677508709,8209.632829294678,34685.27029646772
10276.40165179117,10276.40165179117,9298.268738776029,8284.399084608729,34685.27029646772
11947.689511025874,11947.689511025874,9096.415179528805,8288.69872778056,34685.27029646772
8673.281452358719,8673.281452358719,8666.842785489804,8361.239404939623,34685.27029646772
9627.33958836794,9627.33958836794,8160.068987717231,8398.961085468674,34685.27029646772
9387.893514676383,9387.893514676383,8190.096342770058,8454.661557603931,34685.27029646772
11423.060147692464,11423.060147692464,8852.90040812286,8518.97972389845,34685.27029646772
8394.03491607814,8394.03491607814,9017.943339723202,8461.05764430487,34685.27029646772
10727.310207102686,10727.310207102686,9129.417833563402,8434.77748577427,34685.27029646772
7882.265516067844,7882.265516067844,9291.131525894194,8373.293979538848,34685.27029646772
10991.129039076499,10991.129039076499,8299.146399437568,8252.057045205407,34685.27029646772
8164.715955708258,8164.715955708258,8228.308228200707,8373.299556882908,34685.27029646772
11408.598472963928,11408.598472963928,8326.471997267967,8358.53688397975,34685.27029646772
7341.309449754099,7341.309449754099,8238.574874385047,8429.73843500852,34685.27029646772
11429.082717424884,11429.082717424884,8516.049931549594,8516.281253469231,34685.27029646772
7107.893461814415,7107.893461814415,7957.643842478576,8526.934122208584,34685.27029646772
10923.680354794269,10923.680354794269,7987.105070365341,8486.553430925109,34685.27029646772
8488.017716340939,8488.017716340939,8397.657825427406,8503.293353877705,34685.27029646772
10809.475946842093,10809.475946842093,8729.061859915228,8605.355568689098,34685.27029646772
7364.302390243319,7364.302390243319,9222.613167164911,8693.234897929435,34685.27029646772
12212.018524056295,12212.018524056295,9248.964804571278,8618.469970908263,34685.27029646772
7386.073659914726,7386.073659914726,9365.620901218852,8669.824349323857,34685.27029646772
10560.790231211484,10560.790231211484,9401.534560181864,8655.913959072066,34685.27029646772
7482.33917215077,7482.33917215077,9860.355812285252,8767.636657842266,34685.27029646772
11205.286219842541,11205.286219842541,9978.904686079955,8858.829333821783,34685.27029646772
7295.640131034784,7295.640131034784,10239.970823629541,8873.203827095802,34685.27029646772
12242.810678920781,12242.810678920781,9671.504833524785,8734.337382393267,34685.27029646772
7646.271009710479,7646.271009710479,8834.649560952155,8625.863479455924,34685.27029646772
10894.023347230752,10894.023347230752,8569.170003025647,8622.957362570542,34685.27029646772
8179.350207476106,8179.350207476106,8298.570025020375,8611.478397193627,34685.27029646772
11176.613159651904,11176.613159651904,8766.293352411452,8658.027944378082,34685.27029646772
8045.291625789712,8045.291625789712,8677.186871430722,8751.592272727552,34685.27029646772
10762.212205811922,10762.212205811922,8356.4072952635,8750.619499840332,34685.27029646772
8452.873360448933,8452.873360448933,7795.424498651517,8719.530605396156,34685.27029646772
10394.861090107943,10394.861090107943,7407.029409213571,8655.755636355007,34685.27029646772
7492.409571794248,7492.409571794248,7218.324469744317,8638.22360257178,34685.27029646772
10289.178915599046,10289.178915599046,7642.924632565268,8583.253100162054,34685.27029646772
7775.155569148411,7775.155569148411,8103.137518836945,8653.856092943766,34685.27029646772
10451.243066955423,10451.243066955423,8333.218062528449,8683.599181664611,34685.27029646772
9096.834069417631,9096.834069417631,8191.909339018738,8688.197900398682,34685.27029646772
10430.247897163288,10430.247897163288,8124.8919647652165,8669.376439738846,34685.27029646772
9894.683736460689,9894.683736460689,8446.057670323575,8803.088481989977,34685.27029646772
10304.536333317292,10304.536333317292,8862.028748067392,8808.571556061905,34685.27029646772
9508.643394621988,9508.643394621988,9608.705734015506,8833.980740965426,34685.27029646772
10404.078103146308,10404.078103146308,9781.10479098884,8768.63156110984,34685.27029646772
7896.286423025723,7896.286423025723,10775.956807117436,8876.398457147985,34685.27029646772
9198.044536966894,9198.044536966894,10663.394116418236,8963.565812199296,34685.27029646772
8670.250633151407,8670.250633151407,10509.995312588331,8972.676711505608,34685.27029646772
11435.849284605953,11435.849284605953,10943.988822887553,9140.971316384057,34685.27029646772
7436.313289509641,7436.313289509641,11163.081924516542,9233.461196322953,34685.27029646772
11402.198397802578,11402.198397802578,11288.547720823704,9145.568848401843,34685.27029646772
9750.063431200395,9750.063431200395,10883.004341131475,9120.035602461066,34685.27029646772
10435.60510295058,10435.60510295058,10731.252242293991,9135.538968614943,34685.27029646772
8235.786707259625,8235.786707259625,10751.383428632336,9250.888869593933,34685.27029646772
11033.20201152968,11033.20201152968,11017.281762577084,9340.074116081809,34685.27029646772
8133.767559949888,8133.767559949888,10006.773740549394,9239.733936703853,34685.27029646772
11367.99420666392,11367.99420666392,9909.520769805762,9174.889884535878,34685.27029646772
8007.514530655014,8007.514530655014,10163.938104456305,9201.875664452227,34685.27029646772
10508.570594100549,10508.570594100549,9578.165211306914,9230.72079193276,34685.27029646772
6335.456378344556,6335.456378344556,8966.381306751106,9168.511152494335,34685.27029646772
7622.61411224149,7622.61411224149,9630.203516479607,9411.780271810252,34685.27029646772
8405.093037858942,8405.093037858942,9565.120937565309,9387.398144333985,34685.27029646772
9463.83656251759,9463.83656251759,9183.925228608405,9307.029614883031,34685.27029646772
8395.893072732119,8395.893072732119,8406.1380520768,9284.401505132284,34685.27029646772
8755.806713482409,8755.806713482409,8467.234494682862,9330.311028708464,34685.27029646772
8309.43509034714,8309.43509034714,8981.499210738119,9444.505010355762,34685.27029646772
10112.662750564308,10112.662750564308,9517.522612858676,9480.973393034546,34685.27029646772
9084.71450174602,9084.71450174602,9245.1247710404,9371.369053574826,34685.27029646772
9022.799298340602,9022.799298340602,8839.060569571107,9252.720533863934,34685.27029646772
10248.919191952002,10248.919191952002,9037.51990529648,9131.492500120648,34685.27029646772
9226.603372673606,9226.603372673606,8161.651873252033,9194.317685546403,34685.27029646772
9337.108965716663,9337.108965716663,8111.0670004285785,9136.48736417593,34685.27029646772
7306.524455721697,7306.524455721697,8463.10592676123,9119.343888198904,34685.27029646772
9992.925140689906,9992.925140689906,8095.970681962947,8931.52447906782,34685.27029646772
7310.512058957545,7310.512058957545,7749.642173682432,8884.458526228957,34685.27029646772
9941.9364616046,9941.9364616046,7620.260172504606,8920.562880130774,34685.27029646772
7388.980942848513,7388.980942848513,7229.871459708343,8992.646718271257,34685.27029646772
10510.051800463867,10510.051800463867,7229.566240744239,9050.352389533244,34685.27029646772
7244.804094656103,7244.804094656103,7328.920316634607,9004.670596585727,34685.27029646772
11909.410219488316,11909.410219488316,7090.494178917773,8889.877330900128,34685.27029646772
6104.244386456935,6104.244386456935,7500.392144613788,8941.137443986869,34685.27029646772
10498.290494529558,10498.290494529558,7504.201248264659,8901.89023954272,34685.27029646772
6580.5703899646205,6580.5703899646205,7945.209292039326,9037.104287554068,34685.27029646772
5125.309290748136,5125.309290748136,8386.45443990356,9049.73046731823,34685.27029646772
8961.95568804685,8961.95568804685,8640.725364280708,9131.197717242385,34685.27029646772
7836.984024424837,7836.984024424837,8355.695820043838,9148.03715019068,34685.27029646772
10099.04793861326,10099.04793861326,8112.731889258423,9086.608169609888,34685.27029646772
8446.51598326719,8446.51598326719,7987.0558282341535,9027.136051412686,34685.27029646772
7710.770928629939,7710.770928629939,8811.15647483641,9100.25827904732,34685.27029646772
9634.740129288924,9634.740129288924,8974.187458225357,9046.332954741452,34685.27029646772
6678.694871914438,6678.694871914438,8966.552800528585,9109.469611139544,34685.27029646772
10728.897073178305,10728.897073178305,8828.873209866817,8978.453347451366,34685.27029646772
3932.2928488764574,3932.2928488764574,8809.219600652334,9026.542458071059,34685.27029646772
12456.420399316105,12456.420399316105,8965.345533364442,8921.058427188016,34685.27029646772
6195.161375232885,6195.161375232885,8815.867857762381,8938.150330597093,34685.27029646772
13929.959112159033,13929.959112159033,8985.471486999411,8789.940086167075,34685.27029646772
6367.920636394215,6367.920636394215,9210.636239247644,8796.05659417577,34685.27029646772
13370.490340895783,13370.490340895783,9171.197046755624,8759.376398246144,34685.27029646772
6139.1551899411315,6139.1551899411315,8715.916831474493,8654.643880764706,34685.27029646772
11947.573771653257,11947.573771653257,8623.157075328936,8538.34798490393,34685.27029646772
5724.888179994079,5724.888179994079,8381.368285559834,8528.03372408677,34685.27029646772
11704.17529367089,11704.17529367089,8602.800563621384,8522.412591949349,34685.27029646772
5950.80101483459,5950.80101483459,8459.061818669657,8572.10437334619,34685.27029646772
12999.389776729311,12999.389776729311,8422.07070018067,8455.195881497684,34685.27029646772
5999.943482290375,5999.943482290375,9201.315377865943,8574.957053654867,34685.27029646772
11860.571622355781,11860.571622355781,9360.417829076527,8660.6689038725,34685.27029646772
5990.113716865514,5990.113716865514,9334.701189307274,8681.092678076073,34685.27029646772
11993.847851598666,11993.847851598666,9718.977033919045,8670.384184138693,34685.27029646772
5952.967757335572,5952.967757335572,9314.096590046638,8601.830156512653,34685.27029646772
11643.112210623714,11643.112210623714,9981.000053360267,8741.271734225762,34685.27029646772
6036.976097539558,6036.976097539558,9874.668679034661,8576.92675659778,34685.27029646772
12696.90576487814,12696.90576487814,10295.720225129893,8668.532449462267,34685.27029646772
6002.565100794407,6002.565100794407,10020.391509364246,8739.39762949736,34685.27029646772
12572.346029326227,12572.346029326227,10109.396296459356,8795.847530374194,34685.27029646772
5473.798145342062,5473.798145342062,9382.687266196497,8758.047607957593,34685.27029646772
13007.710041985732,13007.710041985732,9471.407855021269,8758.650632729132,34685.27029646772
5652.369761757266,5652.369761757266,10146.57717127201,8806.90358975874,34685.27029646772
11570.996690628534,11570.996690628534,10411.60114859503,8903.679459649618,34685.27029646772
6274.297913153203,6274.297913153203,9941.873429167314,8822.392728431892,34685.27029646772
11505.725830363419,11505.725830363419,9432.93071353491,8820.35389587345,34685.27029646772
6239.302995571746,6239.302995571746,9490.21350370349,8842.639082688072,34685.27029646772
12623.404878527284,12623.404878527284,8889.712741813602,8824.261597739272,34685.27029646772
5715.719479049448,5715.719479049448,9163.769641440364,8879.530372433186,34685.27029646772
11769.821857425926,11769.821857425926,8869.591646566332,8950.57172329487,34685.27029646772
6046.1684557751,6046.1684557751,8757.937880152289,8959.706749251563,34685.27029646772
10307.199549447601,10307.199549447601,8400.65578972629,8914.729756173467,34685.27029646772
6368.9264491178255,6368.9264491178255,7746.505706922302,8910.230439201532,34685.27029646772
12330.732072206445,12330.732072206445,7529.423257760391,8963.650863052848,34685.27029646772
5507.372274152431,5507.372274152431,8163.991353242382,8989.406935753448,34685.27029646772
11859.044682835505,11859.044682835505,8289.13876888953,9060.082813867799,34685.27029646772
6080.0797676497095,6080.0797676497095,8050.692580993926,8952.6991699641,34685.27029646772
11717.73252380437,11717.73252380437,7938.584279381187,8911.138203962577,34685.27029646772
7178.101993260606,7178.101993260606,7495.021102025782,8789.492734430476,34685.27029646772
10879.792130410056,10879.792130410056,7651.287086576345,8803.538252629429,34685.27029646772
6703.952167196439,6703.952167196439,7514.710513025979,8734.503779000617,34685.27029646772
11205.928794609485,11205.928794609485,7801.085804151468,8803.807752994993,34685.27029646772
6789.265051521368,6789.265051521368,7616.184762163377,8810.921013782521,34685.27029646772
10206.90927310618,10206.90927310618,7472.262565468207,8860.692210499657,34685.27029646772
7195.935769178195,7195.935769178195,7472.507674778125,8721.67717574179,34685.27029646772
8691.770618594963,8691.770618594963,7610.225365247157,8787.29039527216,34685.27029646772
7609.852449582548,7609.852449582548,7977.916889737784,8754.971987805939,34685.27029646772
9494.364176285435,9494.364176285435,8292.179948837133,8803.79955175664,34685.27029646772
6948.815954439716,6948.815954439716,8139.835491062562,8655.615912512521,34685.27029646772
9274.223382618215,9274.223382618215,7904.3538300992195,8591.339911976385,34685.27029646772
7628.332884732641,7628.332884732641,7733.7566203913175,8518.081531526404,34685.27029646772
8009.079124789545,8009.079124789545,7125.639121821412,8431.841279959393,34685.27029646772
9373.571032554733,9373.571032554733,7933.351313236957,8555.464028580383,34685.27029646772
9466.470887916477,9466.470887916477,7954.051900317994,8617.263181212133,34685.27029646772
8214.054771615381,8214.054771615381,7978.191829156674,8574.132175278228,34685.27029646772
8311.416431357644,8311.416431357644,7571.584841210471,8576.975948448468,34685.27029646772
7992.024568817092,7992.024568817092,7716.088991749313,8621.916129043833,34685.27029646772
10932.795285447393,10932.795285447393,8029.229935362253,8689.085426104813,34685.27029646772
7268.263983307679,7268.263983307679,8555.76415840643,8674.956380459877,34685.27029646772
10466.50258498817,10466.50258498817,8827.734413858634,8672.472654711977,34685.27029646772
7363.896491256601,7363.896491256601,9040.612386183982,8485.940933190013,34685.27029646772
9455.753872950532,9455.753872950532,9465.391807156378,8452.836075575364,34685.27029646772
8130.454912910274,8130.454912910274,8570.759493252623,8402.675689369455,34685.27029646772
8954.140070641864,8954.140070641864,8664.73776111071,8406.415326650465,34685.27029646772
8520.258608253638,8520.258608253638,8590.730842983103,8429.459025865519,34685.27029646772
8732.191449545879,8732.191449545879,8951.65353144791,8371.106644065996,34685.27029646772
9137.813217295236,9137.813217295236,8806.205985470491,8408.223590331001,34685.27029646772
7803.11730545064,7803.11730545064,8611.708939480677,8352.283168974971,34685.27029646772
7691.867243630164,7691.867243630164,8407.099238901523,8352.297926367331,34685.27029646772
7411.595949062004,7411.595949062004,8546.405578224612,8359.874511065027,34685.27029646772
9705.189804505526,9705.189804505526,8882.88150982031,8385.979781914775,34685.27029646772
6493.723582620396,6493.723582620396,8856.323769382023,8329.819258447513,34685.27029646772
10227.783563687628,10227.783563687628,9122.637053124408,8197.887665739932,34685.27029646772
5357.89666747467,5357.89666747467,8634.156705323023,8050.926437996063,34685.27029646772
11664.540190196856,11664.540190196856,8450.774524936056,8131.239245019268,34685.27029646772
5228.6736773907405,5228.6736773907405,8448.248908328453,8174.170283024705,34685.27029646772
11308.914149335596,11308.914149335596,7985.87551669596,8107.355992929494,34685.27029646772
5240.013906891627,5240.013906891627,7806.138356191259,8135.568291850501,34685.27029646772
10550.1834316018,10550.1834316018,7633.583462528552,8046.260690584971,34685.27029646772
5679.541724020734,5679.541724020734,8196.686801609287,8225.29354207362,34685.27029646772
10424.32933757674,10424.32933757674,7988.183740391132,8232.028953962545,34685.27029646772
5903.859880845325,5903.859880845325,8118.347119854098,8273.357524473076,34685.27029646772
10076.194934305384,10076.194934305384,7950.630606129361,8238.712645581345,34685.27029646772
5399.931823609493,5399.931823609493,8580.852587761921,8261.21230399637,34685.27029646772
9395.5875768021,9395.5875768021,8757.158910707414,8249.872756512275,34685.27029646772
6728.018342966242,6728.018342966242,8899.40038758909,8296.222606764615,34685.27029646772
11718.393808316987,11718.393808316987,9214.023631353932,8340.022203001496,34685.27029646772
5914.30539709752,5914.30539709752,9525.906377670175,8453.0327115083,34685.27029646772
10478.749824102484,10478.749824102484,9388.56054918447,8424.968580016708,34685.27029646772
5363.921905294523,5363.921905294523,8547.183720594336,8404.472868877217,34685.27029646772
10615.597263865424,10615.597263865424,8123.687392939134,8353.824329945175,34685.27029646772
5532.999542405605,5532.999542405605,8040.913801914144,8321.32312402561,34685.27029646772
10190.949556061418,10190.949556061418,7905.544110330835,8296.584515214836,34685.27029646772
9675.853147563817,9675.853147563817,8495.643854797872,8465.888561862303,34685.27029646772
9891.387501388961,9891.387501388961,8471.114092395163,8449.594040035681,34685.27029646772
9807.906906285585,9807.906906285585,7827.790891223073,8339.7357119598,34685.27029646772
10030.334340555857,10030.334340555857,7854.221927431009,8315.283210540141,34685.27029646772
9796.476774641438,9796.476774641438,7736.465573798421,8341.889836500557,34685.27029646772
10903.211224877265,10903.211224877265,8261.636926490513,8449.328867102298,34685.27029646772
9494.96553883315,9494.96553883315,8607.244304307156,8545.050963718806,34685.27029646772
9372.436734549417,9372.436734549417,8439.32197076652,8494.937400020215,34685.27029646772
10680.89509828017,10680.89509828017,7866.4862143112205,8469.492542523572,34685.27029646772
10289.360765338164,10289.360765338164,8526.153912049514,8415.145034977348,34685.27029646772
8967.075796561368,8967.075796561368,7567.004958282034,8388.479173455113,34685.27029646772
10013.475007497742,10013.475007497742,7189.088426849487,8291.773359574243,34685.27029646772
9798.4534663121,9798.4534663121,7269.25499067213,8279.269741852131,34685.27029646772
9918.312973242397,9918.312973242397,7226.180702957034,8217.301552781684,34685.27029646772
10885.824605789396,10885.824605789396,7551.932978851645,8246.430445198435,34685.27029646772
9525.643978649241,9525.643978649241,7831.695611596862,8304.515157740385,34685.27029646772
9373.418218729727,9373.418218729727,8173.1241224339265,8414.128905433865,34685.27029646772
10358.986875428047,10358.986875428047,8239.591892062825,8334.733301195984,34685.27029646772
9508.472470571538,9508.472470571538,8961.732114086502,8368.760603909595,34685.27029646772
10715.215662051316,10715.215662051316,9154.931651749499,8531.979466676723,34685.27029646772
9706.862123871793,9706.862123871793,8800.549591914381,8415.641539615846,34685.27029646772
9860.928287015302,9860.928287015302,10090.294390964718,8591.686069170568,34685.27029646772
10287.6393056081,10287.6393056081,10657.619588220396,8620.462953206628,34685.27029646772
10268.729646097165,10268.729646097165,11406.254427333375,8737.311241154262,34685.27029646772
10525.270628762886,10525.270628762886,11308.468707792457,8785.78239886079,34685.27029646772
8332.222864464306,8332.222864464306,11365.523425562287,8896.199995072537,34685.27029646772
9253.075861512345,9253.075861512345,10265.015996205071,8757.850989029956,34685.27029646772
9496.709668342673,9496.709668342673,10565.522717239706,8671.261542679864,34685.27029646772
10773.557789505592,10773.557789505592,11264.475518344905,8850.390953702174,34685.27029646772
9991.732734359153,9991.732734359153,10131.888222220847,8733.829700496011,34685.27029646772
10311.819430207473,10311.819430207473,10858.277074959686,8860.465613543178,34685.27029646772
9805.512277364924,9805.512277364924,10032.414139569153,8908.013992097185,34685.27029646772
8879.614419714131,8879.614419714131,10230.063471232523,8976.825865787441,34685.27029646772
9367.40515201172,9367.40515201172,9773.133964093015,9094.762930633673,34685.27029646772
9914.711093392008,9914.711093392008,8850.741176705034,8994.702962963545,34685.27029646772
9628.805270650728,9628.805270650728,7740.530216506355,8917.589345868098,34685.27029646772
9171.082107790067,9171.082107790067,8268.56505876169,8772.226640460436,34685.27029646772
10658.65286386984,10658.65286386984,9069.656229925413,8887.55604058672,34685.27029646772
9707.077699513227,9707.077699513227,7656.707193476444,8758.062968426642,34685.27029646772
8641.333931039031,8641.333931039031,7666.542564247766,8677.012092119692,34685.27029646772
10512.382859420466,10512.382859420466,7498.606060335939,8644.016308057982,34685.27029646772
10802.40036165467,10802.40036165467,8820.646552866592,8920.711520529023,34685.27029646772
8823.238691045963,8823.238691045963,8515.292109369366,8900.004210143497,34685.27029646772
9834.754400591619,9834.754400591619,9005.417967286638,9053.041797820213,34685.27029646772
9720.499922881827,9720.499922881827,9527.537821369551,8995.029251703421,34685.27029646772
10447.489027609096,10447.489027609096,9558.443600169761,8951.565956065157,34685.27029646772
10098.638060843205,10098.638060843205,10308.764979019974,9124.542892145564,34685.27029646772
10556.170642083416,10556.170642083416,9142.557162144507,9091.329994427793,34685.27029646772
11017.700611578864,11017.700611578864,9820.147882915404,9113.909784626896,34685.27029646772
9010.829555315438,9010.829555315438,9717.837696476703,9039.470809348866,34685.27029646772
8830.573915959283,8830.573915959283,9583.92705907434,8861.672948913278,34685.27029646772
10369.343886094417,10369.343886094417,8991.752925314138,9024.839287112818,34685.27029646772
10708.508358554222,10708.508358554222,9507.981122208612,9236.042256340605,34685.27029646772
10461.943577654549,10461.943577654549,9282.984441165048,9338.79430056702,34685.27029646772
9780.677354702284,9780.677354702284,9630.539590095277,9373.844054962792,34685.27029646772
10961.702359794006,10961.702359794006,10140.039076825571,9327.246386132167,34685.27029646772
10221.979686649867,10221.979686649867,9320.91442677569,9267.27691663927,34685.27029646772
10370.106192362986,10370.106192362986,10384.10683722039,9480.286967718568,34685.27029646772
9535.239258134903,9535.239258134903,10436.462293422668,9627.905000449184,34685.27029646772
9840.57113915036,9840.57113915036,11682.658663933838,9670.77175972573,34685.27029646772
9344.020303128764,9344.020303128764,12338.104941290292,9815.892945514926,34685.27029646772
9353.035012164333,9353.035012164333,12420.934367142163,10071.208475171354,34685.27029646772
9400.000953339211,9400.000953339211,11314.64139375101,10045.119536956381,34685.27029646772
11315.854753612688,11315.854753612688,10390.34743814736,9971.627647605086,34685.27029646772
9127.916524725977,9127.916524725977,9799.250765591254,9823.307612310715,34685.27029646772
9360.15955671981,9360.15955671981,9992.842964872742,9759.475856787343,34685.27029646772
10006.506027142757,10006.506027142757,10168.128616332015,9666.277815418889,34685.27029646772
10741.52681516723,10741.52681516723,10437.974664859485,9919.9635222779,34685.27029646772
9041.833359425567,9041.833359425567,9746.163690759504,9784.791315783785,34685.27029646772
9628.558506138726,9628.558506138726,9284.724168957026,9696.730263167236,34685.27029646772
10277.28101325918,10277.28101325918,8958.336887768492,9847.45040468575,34685.27029646772
9971.704617615404,9971.704617615404,7685.538087262083,9590.257214430827,34685.27029646772
10256.657081400817,10256.657081400817,7696.376060417463,9452.870831395796,34685.27029646772
10068.715250730576,10068.715250730576,8023.940841427076,9295.164930423827,34685.27029646772
9793.049630705524,9793.049630705524,8487.61543624807,9259.136958001838,34685.27029646772
9720.732050095121,9720.732050095121,7962.496047187286,9078.870381112343,34685.27029646772
9738.58396502382,9738.58396502382,7427.751748391423,9098.824965856158,34685.27029646772
9378.948461095819,9378.948461095819,7314.660219759852,9269.79102278193,34685.27029646772
8446.0053067435,8446.0053067435,8451.57492046837,9222.211196208478,34685.27029646772
10828.861990595771,10828.861990595771,9044.460364278453,9479.244691578757,34685.27029646772
10237.596966121751,10237.596966121751,8750.329345121103,9425.860858718033,34685.27029646772
9795.961700949278,9795.961700949278,9511.098638490303,9485.994114215056,34685.27029646772
10118.868512776033,10118.868512776033,10641.588972104328,9535.175931570157,34685.27029646772
10183.34919520693,10183.34919520693,10942.856441499247,9529.109425905075,34685.27029646772
10711.017337556628,10711.017337556628,10424.711139345072,9573.930950529846,34685.27029646772
9055.790286817739,9055.790286817739,10283.512969843481,9587.466931779769,34685.27029646772
8994.626719877278,8994.626719877278,11576.89149067227,9760.490252238274,34685.27029646772
10332.317341228703,10332.317341228703,10915.592413158593,9638.978259428564,34685.27029646772
10299.984884764623,10299.984884764623,10807.94744122205,9852.4592457576,34685.27029646772
9125.058994696605,9125.058994696605,11045.89711761981,10155.115602253165,34685.27029646772
10747.3604291695,10747.3604291695,11784.052638226818,10282.95017429621,34685.27029646772
10820.451288058173,10820.451288058173,11068.79314229116,9935.62343209997,34685.27029646772
9313.112188053885,9313.112188053885,11118.624565802913,10055.842422856867,34685.27029646772
8720.996988725787,8720.996988725787,11827.330884435558,10093.49200933486,34685.27029646772
9927.510507829964,9927.510507829964,11955.378678625962,10059.499121981127,34685.27029646772
8283.510950565013,8283.510950565013,13127.021982251395,10301.182608196097,34685.27029646772
9895.611397372935,9895.611397372935,11824.95044949615,10063.72734633351,34685.27029646772
9655.139762574932,9655.139762574932,11870.815863919244,10184.629999783514,34685.27029646772
10828.043552575617,10828.043552575617,11735.060568400027,10235.441782854525,34685.27029646772
10183.107011850112,10183.107011850112,10904.246568633349,10392.397376684496,34685.27029646772
11155.297048977933,11155.297048977933,9751.287953366122,10316.422353154567,34685.27029646772
9927.297001582067,9927.297001582067,10264.24144124629,10190.1211352864,34685.27029646772
9867.744490632776,9867.744490632776,9679.60809474629,10090.167817364403,34685.27029646772
10305.653893526445,10305.653893526445,9493.094545071204,10135.51403011609,34685.27029646772
10059.439080348608,10059.439080348608,9060.863041142104,9945.563812190492,34685.27029646772
10289.517100043107,10289.517100043107,8202.730834071921,9913.720959645367,34685.27029646772
11285.908926390794,11285.908926390794,8030.582314081097,9805.66092379459,34685.27029646772
10000.15577742159,10000.15577742159,7848.147660153421,9677.438164370118,34685.27029646772
11581.51224802378,11581.51224802378,6978.123057025985,9543.77393557519,34685.27029646772
10402.017141390494,10402.017141390494,7401.140451382407,9536.093734174208,34685.27029646772
10966.973866315195,10966.973866315195,7546.634105067451,9358.128185909996,34685.27029646772
10815.256685428967,10815.256685428967,7478.985116431802,9201.731285144328,34685.27029646772
10331.203272750114,10331.203272750114,8142.648612289568,9455.769261072111,34685.27029646772
10842.741125527229,10842.741125527229,8336.22623553308,9724.689789593232,34685.27029646772
10986.860176716691,10986.860176716691,9004.365026906473,9786.586664453534,34685.27029646772
10150.73260001155,10150.73260001155,9993.92044564847,9913.93645580051,34685.27029646772
10249.196339702252,10249.196339702252,10835.426408731959,9939.120482274579,34685.27029646772
9525.053366636708,9525.053366636708,10363.839495856306,9662.611130569485,34685.27029646772
10416.149316148469,10416.149316148469,10946.878340677255,9783.916865558736,34685.27029646772
8707.583466923274,8707.583466923274,10015.17228947666,9682.183358278135,34685.27029646772
9392.150048270916,9392.150048270916,11319.725218783435,9830.405852112985,34685.27029646772
10284.837191397539,10284.837191397539,11432.080381635073,9951.039744018926,34685.27029646772
11052.08562064397,11052.08562064397,10606.74821253088,10037.843691494796,34685.27029646772
9437.631680474879,9437.631680474879,9371.10058695155,9994.121738698128,34685.27029646772
9917.962375936278,9917.962375936278,9271.2751639694,9943.318609997803,34685.27029646772
10682.463507302222,10682.463507302222,8886.187517737259,10098.674749910506,34685.27029646772
10004.616259407987,10004.616259407987,8709.759594489395,10195.522051494172,34685.27029646772
9542.542084638673,9542.542084638673,8794.270260405927,9958.5331386987,34685.27029646772
9974.262094612983,9974.262094612983,9637.600131987885,10021.121907862642,34685.27029646772
10149.608513073501,10149.608513073501,10769.268320446694,10027.144949511783,34685.27029646772
9625.621729990946,9625.621729990946,10517.98873065121,10183.937729219007,34685.27029646772
10309.335581635221,10309.335581635221,10474.116939593996,10143.643404239665,34685.27029646772
10566.740952140155,10566.740952140155,11050.606185175577,10119.647134109046,34685.27029646772
9555.54604509152,9555.54604509152,12192.153137645406,10243.98107792736,34685.27029646772
9267.524563304589,9267.524563304589,11566.341938642745,10171.644769857336,34685.27029646772
9773.678464449522,9773.678464449522,11036.57547171531,10249.28725028487,34685.27029646772
9842.360473681514,9842.360473681514,11107.383132802333,10101.620379920185,34685.27029646772
10346.389649549727,10346.389649549727,11595.431980221336,10094.501052111247,34685.27029646772
9713.153405670831,9713.153405670831,10185.584464361858,9896.649312490603,34685.27029646772
10234.91645047031,10234.91645047031,10069.139134179468,9831.793352823715,34685.27029646772
10511.670523725406,10511.670523725406,8733.682534853566,9573.863708544355,34685.27029646772
9469.710439070517,9469.710439070517,8775.570967597112,9684.998969300854,34685.27029646772
10157.84509947053,10157.84509947053,9066.949141836769,9709.312049315815,34685.27029646772
10638.689775940382,10638.689775940382,7733.9301384356995,9425.300928727389,34685.27029646772
10185.05068881673,10185.05068881673,7733.602696882745,9327.289573508691,34685.27029646772
10834.981038840255,10834.981038840255,7790.441597490612,9181.971173332715,34685.27029646772
9981.88962349132,9981.88962349132,7761.300627644136,9288.890415549784,34685.27029646772
10332.634547854861,10332.634547854861,7819.391066176837,9284.216092562767,34685.27029646772
10740.69044425636,10740.69044425636,7920.247908443125,9133.686780499223,34685.27029646772
9533.985326909686,9533.985326909686,7794.910925789083,9209.926224254863,34685.27029646772
10236.914287070966,10236.914287070966,9144.00396156697,9452.406910184527,34685.27029646772
9156.44731250295,9156.44731250295,9656.160247396878,9563.382730530973,34685.27029646772
9374.528214888449,9374.528214888449,9360.32652865862,9645.455736098284,34685.27029646772
11533.416982876843,11533.416982876843,10352.463503428295,9597.174720398805,34685.27029646772
9495.735166675866,9495.735166675866,10364.73994854264,9588.064954988798,34685.27029646772
9700.201706050844,9700.201706050844,10384.39865978881,9618.304738476092,34685.27029646772
10682.81697308299,10682.81697308299,9701.12555038431,9622.999062810428,34685.27029646772
10406.724961403685,10406.724961403685,9115.961474693951,9537.778855470871,34685.27029646772
9107.45415035487,9107.45415035487,10255.099123714426,9789.08199383691,34685.27029646772
9375.76568325366,9375.76568325366,9191.487030368184,9567.995540052018,34685.27029646772
10928.775119959768,10928.775119959768,8903.047923138427,9723.68967379872,34685.27029646772
11502.565629047584,11502.565629047584,8832.587429813553,9834.103193207322,34685.27029646772
10680.790817751615,10680.790817751615,9013.463760758696,9819.61876579211,34685.27029646772
9372.637132794287,9372.637132794287,8567.454110857267,9643.420295463644,34685.27029646772
10285.781836616658,10285.781836616658,9739.366941784207,9735.065337964346,34685.27029646772
10364.09435166949,10364.09435166949,9823.457139412716,9584.212077228942,34685.27029646772
9999.598049518205,9999.598049518205,10322.859352409409,9520.485651545918,34685.27029646772
10345.79066923938,10345.79066923938,10422.037058532138,9549.418368006038,34685.27029646772
9579.049388896705,9579.049388896705,10208.370711287256,9641.38046795891,34685.27029646772
11351.819295051942,11351.819295051942,10550.222755301562,9675.005633216997,34685.27029646772
11116.5635442038,11116.5635442038,10848.895492790774,9629.52372860019,34685.27029646772
10266.579353553683,10266.579353553683,11194.616198354624,9786.610356551233,34685.27029646772
10324.227089402479,10324.227089402479,10585.915333054923,9815.452189896918,34685.27029646772
10156.737263664272,10156.737263664272,10557.810817067431,9880.762341486821,34685.27029646772
9261.31118162663,9261.31118162663,9910.486079991886,9862.907521168843,34685.27029646772
9099.97634832752,9099.97634832752,10441.951495136767,9895.364872708844,34685.27029646772
9973.633096826698,9973.633096826698,10946.249030253093,9967.783538698657,34685.27029646772
9614.234909962677,9614.234909962677,12077.694235352044,10206.103162995261,34685.27029646772
9463.773198141906,9463.773198141906,11465.071652952143,10006.874772151761,34685.27029646772
10610.29872925051,10610.29872925051,11585.807438487,9838.313456825057,34685.27029646772
9858.881161959482,9858.881161959482,10867.190351305564,9699.364052731058,34685.27029646772
9855.880778366187,9855.880778366187,10016.22046736839,9695.03106210611,34685.27029646772
10721.935714234005,10721.935714234005,10373.06505751137,9679.943964364074,34685.27029646772
9236.940692747787,9236.940692747787,9900.351428846074,9422.401999726953,34685.27029646772
11345.6249525398,11345.6249525398,10631.66181849154,9675.971497138602,34685.27029646772
9207.00084979914,9207.00084979914,10281.929094718664,9744.435597309513,34685.27029646772
10089.829062953162,10089.829062953162,9683.872371382759,9683.08138641474,34685.27029646772
9061.770241435242,9061.770241435242,9732.251395198844,9833.467045990761,34685.27029646772
10492.027235648045,10492.027235648045,10044.543908789161,9978.666661037221,34685.27029646772
11562.664465897624,11562.664465897624,9697.758461930076,9764.037322375181,34685.27029646772
10836.146684536488,10836.146684536488,9095.052099819522,9771.637965724252,34685.27029646772
9681.382780424843,9681.382780424843,9277.390763978,9795.39502138229,34685.27029646772
9552.653371527891,9552.653371527891,9081.956466998443,9682.94542939641,34685.27029646772
9755.12048971508,9755.12048971508,10177.529556518866,9911.121883343587,34685.27029646772
10540.72232267831,10540.72232267831,9548.641422642797,10038.979242290614,34685.27029646772
10513.981391516529,10513.981391516529,8940.47052811142,9974.441383433676,34685.27029646772
9202.0135594864,9202.0135594864,9442.049770203206,10019.231214926554,34685.27029646772
10793.461950678471,10793.461950678471,9377.08950477873,10145.006733711141,34685.27029646772
9829.586479700589,9829.586479700589,9645.03042388444,10323.623164125485,34685.27029646772
10385.954192991288,10385.954192991288,10605.788901149786,10326.212917447321,34685.27029646772
10656.823673864918,10656.823673864918,11414.722323560585,10225.781638122975,34685.27029646772
9805.021754769106,9805.021754769106,11596.497851576622,10183.462542218238,34685.27029646772
9439.655598890595,9439.655598890595,10941.365212577148,9999.153166180116,34685.27029646772
10661.509059906868,10661.509059906868,10865.426409703505,10013.714464598628,34685.27029646772
9973.38569619131,9973.38569619131,10893.899681318722,10144.81118884583,34685.27029646772
10591.046648351868,10591.046648351868,11398.2395712129,10177.209565718493,34685.27029646772
10284.49069136048,10284.49069136048,11112.400903660662,10301.486285581823,34685.27029646772
10006.230409455118,10006.230409455118,11000.90725371931,10521.995889516213,34685.27029646772
10564.08613919065,10564.08613919065,10986.223817287128,10469.848102840026,34685.27029646772
8927.75062646012,8927.75062646012,10295.589547156767,10547.033420805037,34685.27029646772
10714.82666006158,10714.82666006158,9552.006819135308,10355.57341732235,34685.27029646772
10235.027240297679,10235.027240297679,9815.743047846732,10380.093665824874,34685.27029646772
10286.082009093803,10286.082009093803,9770.496809328852,10150.559775894148,34685.27029646772
11304.292670353883,11304.292670353883,9223.43196596308,10144.910035619792,34685.27029646772
10713.208485552723,10713.208485552723,8922.897085259274,9981.517217540844,34685.27029646772
10179.180182473125,10179.180182473125,8949.194965316088,10002.357130899167,34685.27029646772
10397.90304279906,10397.90304279906,8542.461866159078,9945.406788331758,34685.27029646772
11113.839202145056,11113.839202145056,8076.916441058331,10052.97176602145,34685.27029646772
10160.507902820067,10160.507902820067,7988.40983939068,10025.85592846071,34685.27029646772
9482.361142622118,9482.361142622118,7602.501225242918,9957.48911479331,34685.27029646772
10493.212592435835,10493.212592435835,8460.654862979183,9877.925291360032,34685.27029646772
9876.989858449853,9876.989858449853,7686.0309337501485,9678.376612903978,34685.27029646772
10212.648118411615,10212.648118411615,8826.994852453989,9798.77567977396,34685.27029646772
11636.080327317146,11636.080327317146,9147.256215538557,9862.799115314016,34685.27029646772
11152.325375839911,11152.325375839911,9742.423604350235,9947.904722412513,34685.27029646772
10372.88342013739,10372.88342013739,9755.745227860247,9865.115877443865,34685.27029646772
10331.58060194849,10331.58060194849,10719.59937556772,9900.076857394684,34685.27029646772
7689.404842131733,7689.404842131733,11084.903596332579,9854.413638217558,34685.27029646772
10662.996329243153,10662.996329243153,10106.795783217316,9754.200754513744,34685.27029646772
10166.846826540792,10166.846826540792,10600.002225895054,9760.32807227492,34685.27029646772
10268.225797657184,10268.225797657184,9702.866541616913,9645.0605294223,34685.27029646772
10287.749383733926,10287.749383733926,10104.127175517056,9695.957954533711,34685.27029646772
11006.911661360395,11006.911661360395,10026.344121599097,9729.431492591504,34685.27029646772
10979.196912526411,10979.196912526411,9740.619157073172,9830.852660959436,34685.27029646772
9760.98100531957,9760.98100531957,10314.470519263483,9884.466462566901,34685.27029646772
8852.973601805006,8852.973601805006,10227.666354457402,9854.263329391611,34685.27029646772
10002.494548038283,10002.494548038283,9580.017247304373,9879.305832579008,34685.27029646772
10031.834068610762,10031.834068610762,8879.462755797495,9683.85591033729,34685.27029646772
9866.968879580649,9866.968879580649,8858.074841001086,9516.90694095613,34685.27029646772
10878.17890557269,10878.17890557269,8798.099711906274,9580.39632227016,34685.27029646772
9816.659474884911,9816.659474884911,9335.276869360396,9693.105483330477,34685.27029646772
9102.120592409248,9102.120592409248,8595.26643543586,9559.533088825285,34685.27029646772
9859.753128209544,9859.753128209544,7424.862800834283,9398.012759358675,34685.27029646772
9195.749291153306,9195.749291153306,7390.370309555328,9273.420811566728,34685.27029646772
10382.992543688883,10382.992543688883,6077.963816198403,9190.330941278024,34685.27029646772
9716.821881208463,9716.821881208463,6464.712587732743,9359.111741315875,34685.27029646772
9583.57877836124,9583.57877836124,6779.770733814708,9346.85002530131,34685.27029646772
10500.045436950644,10500.045436950644,7373.446928799455,9283.127395141433,34685.27029646772
10512.103359870272,10512.103359870272,8389.166047871868,9265.734065753617,34685.27029646772
10236.104251310362,10236.104251310362,9014.95622431287,9262.229786902777,34685.27029646772
9181.163718196125,9181.163718196125,9697.55343185569,9349.671704989498,34685.27029646772
9738.82508773855,9738.82508773855,10372.456006113025,9314.724719732565,34685.27029646772
10193.125087613083,10193.125087613083,11523.729814074028,9514.48567965805,34685.27029646772
10063.82541662969,10063.82541662969,12218.532985759217,9544.042126777871,34685.27029646772
10922.751053095939,10922.751053095939,12000.19758154808,9411.590521323895,34685.27029646772
9356.187161239004,9356.187161239004,11630.58038528228,9405.579904129752,34685.27029646772
9793.765242178695,9793.765242178695,11824.558661020204,9489.281576773217,34685.27029646772
9970.364108534137,9970.364108534137,11194.173155932322,9321.780575584036,34685.27029646772
9388.587351970085,9388.587351970085,10886.84800331589,9245.858902959368,34685.27029646772
9059.44166109275,9059.44166109275,9996.091283223413,9202.330134116106,34685.27029646772
9617.484904256311,9617.484904256311,8768.115666058204,9192.893474374077,34685.27029646772
10283.906110477157,10283.906110477157,8360.247441492522,9023.625598461724,34685.27029646772
9964.17929883698,9964.17929883698,7306.169331441199,9021.620184080519,34685.27029646772
9246.893448820085,9246.893448820085,6153.000836028505,8929.955900790954,34685.27029646772
10881.431159081163,10881.431159081163,6747.230497228666,8976.457203717775,34685.27029646772
9289.125420815206,9289.125420815206,6203.606758730724,8856.462262812678,34685.27029646772
11190.36178884186,11190.36178884186,5836.626383217689,8948.114480184937,34685.27029646772
9876.994141504847,9876.994141504847,5743.138159328463,8855.024919238062,34685.27029646772
10287.098084098327,10287.098084098327,5517.0599233163275,8751.5889197445,34685.27029646772
9744.872534850792,9744.872534850792,5422.361313477208,8766.302151762966,34685.27029646772
10059.56455237195,10059.56455237195,5513.945439808091,8603.55158973986,34685.27029646772
9226.130784051595,9226.130784051595,5944.470002451184,8675.31341220193,34685.27029646772
10281.317607284807,10281.317607284807,6640.347908076788,8584.29079520508,34685.27029646772
10126.623761939121,10126.623761939121,6697.955750715354,8440.095807826314,34685.27029646772
9466.93635443636,9466.93635443636,7084.961041798621,8444.96469120745,34685.27029646772
10681.79736799227,10681.79736799227,7028.625426023708,8311.038302445371,34685.27029646772
10256.241822273749,10256.241822273749,7296.084459817959,8263.411497034987,34685.27029646772
10221.14325649231,10221.14325649231,7225.611708947562,8083.16654176106,34685.27029646772
9465.736153855574,9465.736153855574,7172.894970413817,8164.808757183798,34685.27029646772
10808.450969354632,10808.450969354632,7100.14078006135,8066.329862596223,34685.27029646772
9144.673998958482,9144.673998958482,7733.458649909691,8209.670011398413,34685.27029646772
9888.387523074072,9888.387523074072,7173.3024430897,8089.148465716458,34685.27029646772
11338.811027353519,11338.811027353519,6399.159967401516,7858.853964365562,34685.27029646772
10990.697076696939,10990.697076696939,6611.688304397746,7814.309637291231,34685.27029646772
10352.411660908008,10352.411660908008,6750.612917124885,7732.19317077973,34685.27029646772
9624.740956092823,9624.740956092823,6761.433393276701,7617.791710209231,34685.27029646772
9056.84050413045,9056.84050413045,6917.948204790812,7730.997688532274,34685.27029646772
9498.921036243706,9498.921036243706,7936.1267244731425,7894.499335496188,34685.27029646772
9870.543433764811,9870.543433764811,7567.340341981124,7906.661857379805,34685.27029646772
9319.757294264731,9319.757294264731,7608.316857092243,7828.373291633417,34685.27029646772
9969.333629194061,9969.333629194061,7471.839753744663,7836.982588275268,34685.27029646772
10272.985066072237,10272.985066072237,7876.788703724919,7945.45291937427,34685.27029646772
10489.23277612591,10489.23277612591,9140.177131707262,8201.916830540158,34685.27029646772
9868.92863398953,9868.92863398953,10013.309323101696,8338.897440000503,34685.27029646772
10659.416560525808,10659.416560525808,10058.623164193348,8528.325040378722,34685.27029646772
9848.541652866596,9848.541652866596,10056.600586801973,8336.169310023079,34685.27029646772
10073.440223558766,10073.440223558766,10066.425823640217,8388.328706497377,34685.27029646772
10438.13787606153,10438.13787606153,9890.860190611105,8397.981987858519,34685.27029646772
Average Episodic Reward,Average Episodic N-Reward,Avg Reward (last 10),Avg Reward (last 50),Best Reward
10701.297636720086,10701.297636720086,11255.159810481915,11255.159810481915,11255.159810481915
9438.057777643726,9438.057777643726,15247.348832551328,15247.348832551328,19239.53785462074
10838.162810473612,10838.162810473612,11460.488704498675,11460.488704498675,19239.53785462074
9267.646253629082,9267.646253629082,9366.122162425023,9366.122162425023,19239.53785462074
10174.191844127987,10174.191844127987,8958.845515839155,8958.845515839155,19239.53785462074
10134.987955293787,10134.987955293787,9281.161131223022,9281.161131223022,19239.53785462074
10251.56810503676,10251.56810503676,8580.558030092629,8580.558030092629,19239.53785462074
11946.01133469773,11946.01133469773,9346.259463636754,9346.259463636754,19239.53785462074
9663.144591225726,9663.144591225726,9069.67532786858,9069.67532786858,19239.53785462074
9669.5284570219,9669.5284570219,8887.01669894268,8887.01669894268,19239.53785462074
10573.911989752169,10573.911989752169,9322.099644658174,9497.832387005787,19239.53785462074
10243.629955741933,10243.629955741933,8917.384490405002,9972.37854742939,19239.53785462074
10396.539413359895,10396.539413359895,9608.930157141116,10036.212898839014,19239.53785462074
11147.799322548512,11147.799322548512,10653.720694017049,10285.835399276471,19239.53785462074
10074.767854721407,10074.767854721407,11386.533232913196,10577.303993888516,19239.53785462074
12006.010526896394,12006.010526896394,10697.258915995473,10166.222246705802,19239.53785462074
9636.397960777253,9636.397960777253,12412.66075524498,10834.736103711659,21530.957815805355
10587.063376936494,10587.063376936494,11703.148673212267,10655.64235784537,21530.957815805355
9329.511447936435,9329.511447936435,11379.833000491539,10285.547787143822,21530.957815805355
10789.446451254895,10789.446451254895,12135.056978648652,10511.036838795666,21530.957815805355
10188.851747806611,10188.851747806611,11305.87449668637,10358.804820187015,21530.957815805355
10559.444060347385,10559.444060347385,10541.745449687382,10231.181684819385,21530.957815805355
9078.368358809872,9078.368358809872,10981.113377805514,10447.03919404184,21530.957815805355
10300.031437172296,10300.031437172296,10247.740279624568,10269.962432754844,21530.957815805355
11000.364825647472,11000.364825647472,10241.41286389133,10442.947541889642,21530.957815805355
11589.856005793881,11589.856005793881,11114.708568517217,10531.02467817173,21530.957815805355
17352.07449433826,17352.07449433826,10118.703852866985,10569.538973769186,21530.957815805355
13180.384634981985,13180.384634981985,10329.960825329154,10539.327524803864,21530.957815805355
14180.242695107941,14180.242695107941,11549.729656994099,10721.472569850812,21530.957815805355
18699.25800900692,18699.25800900692,11276.539772540418,10766.204483377249,21530.957815805355
19583.10424668323,19583.10424668323,12390.680678850185,11014.24864556223,21530.957815805355
15816.6756897765,15816.6756897765,12162.742707035119,10834.794504261801,21530.957815805355
13676.614556699516,13676.614556699516,12877.575389255599,11183.565313803585,22344.231219140656
13733.824585139051,13733.824585139051,14738.763475807096,11584.315680711388,24809.07778866891
14778.571308124107,14778.571308124107,16269.513907369826,12107.680789169692,29902.09447675204
16066.084287218167,16066.084287218167,15415.507818677386,11887.825550534411,29902.09447675204
13007.39714558619,13007.39714558619,15015.58308276452,11771.172516740899,29902.09447675204
15621.791680071614,15621.791680071614,15411.533103927108,11821.486887731033,29902.09447675204
10477.080138184665,10477.080138184665,15411.847873599816,11924.132904145428,29902.09447675204
17483.79335879263,17483.79335879263,14614.877100343883,11728.37263761891,29902.09447675204
13082.912283722235,13082.912283722235,13758.22517164506,11683.511212899508,29902.09447675204
15518.9312816392,15518.9312816392,14137.72891001217,11621.20745801189,29902.09447675204
14177.263238642381,14177.263238642381,13044.44313941683,11616.327598829923,29902.09447675204
13369.264160790473,13369.264160790473,11393.707329452545,11540.995600879834,29902.09447675204
16283.610366256982,16283.610366256982,10281.160204760792,11701.787325967716,29902.09447675204
9645.651224699885,9645.651224699885,11323.059773935107,11765.050381708477,29902.09447675204
13192.670459488709,13192.670459488709,11645.873291494394,11744.513107113984,29902.09447675204
12443.859134448307,12443.859134448307,11977.642984449283,11854.019407880673,29902.09447675204
20082.636628379758,20082.636628379758,12216.152488456282,11983.728737678257,29902.09447675204
11315.946667779963,11315.946667779963,13664.648169406433,12115.627743976414,29902.09447675204
17239.172548844468,17239.172548844468,14052.240644071648,12165.824127182288,29902.09447675204
10156.138423280585,10156.138423280585,14830.614038722482,12118.043119172431,29902.09447675204
14616.309505993115,14616.309505993115,15651.739287231263,12432.760270170063,29902.09447675204
10758.819195739303,10758.819195739303,17011.547306008226,12809.095816981895,29902.09447675204
14499.561681720026,14499.561681720026,15690.642544910752,12773.852550769177,29902.09447675204
20472.10873289607,20472.10873289607,16954.085089096225,13100.924033244282,29902.09447675204
8158.650162570956,8158.650162570956,16589.676837490228,13156.499563972222,29902.09447675204
15779.95674047891,15779.95674047891,16788.977829200918,13242.252683223747,29902.09447675204
8529.427609710156,8529.427609710156,17425.02790349487,13596.51818460732,29902.09447675204
16366.717557550306,16366.717557550306,17216.240824860033,13781.472569159883,29902.09447675204
9430.648202195009,9430.648202195009,16838.3546859911,13669.075135448871,29902.09447675204
17096.45404789115,17096.45404789115,16343.68135178499,13603.302491448429,29902.09447675204
9343.661872240838,9343.661872240838,15563.523062689655,13623.678851279772,29902.09447675204
15260.74525753792,15260.74525753792,14827.299063518138,13643.811490882115,29902.09447675204
8665.995819490041,8665.995819490041,15402.037847117157,13576.95347360997,29902.09447675204
16852.941704698023,16852.941704698023,14290.476786762403,13819.56760739767,29902.09447675204
9103.522826560293,9103.522826560293,14800.642844207254,13634.095981764676,29902.09447675204
15383.394646140016,15383.394646140016,13422.184780488591,13586.05990467901,29902.09447675204
8746.644250289384,8746.644250289384,11724.06188005217,13665.363960519444,29902.09447675204
14061.711483297304,14061.711483297304,11407.833159679623,13636.027805366079,29902.09447675204
12054.66528059197,12054.66528059197,12194.55784079115,13846.81180426983,29902.09447675204
12680.42878407367,12680.42878407367,12258.490584960844,13946.651518503124,29902.09447675204
10756.154762814696,10756.154762814696,12092.158219792198,13845.887819677111,29902.09447675204
10820.720801749225,10820.720801749225,11811.12708490519,13956.48885193824,29902.09447675204
12122.322919982118,12122.322919982118,11906.272479866708,13909.925396805047,29902.09447675204
8874.20072090656,8874.20072090656,11346.760750963107,13865.978043886847,29902.09447675204
16798.49499810503,16798.49499810503,11264.753939318563,13863.305999054992,29902.09447675204
8198.925679269585,8198.925679269585,12108.330203638445,13941.733780340868,29902.09447675204
10124.640509347004,10124.640509347004,12645.813945407028,13884.580818202032,29902.09447675204
13499.970871001184,13499.970871001184,12178.229632960823,13816.365777450157,29902.09447675204
9469.685409667885,9469.685409667885,12290.836741509147,13826.843016801618,29902.09447675204
11397.834604309051,11397.834604309051,12636.000698196176,14041.303116735331,29902.09447675204
12398.547386589225,12398.547386589225,12441.71640520303,13758.716022866596,29902.09447675204
10682.381414080704,10682.381414080704,12389.600297431958,13486.656216263213,29902.09447675204
12475.83815111973,12475.83815111973,12424.97351480208,13141.017318291497,29902.09447675204
10376.241030696263,10376.241030696263,13441.327012329875,13471.141882617345,29902.09447675204
12000.977661969662,12000.977661969662,14159.61149882591,13692.111682267268,29902.09447675204
11643.123817117583,11643.123817117583,13750.234474856717,13609.474054526792,29902.09447675204
12540.32236559288,12540.32236559288,13376.055813215833,13477.422406125237,29902.09447675204
10324.419284655196,10324.419284655196,13569.627640109136,13607.315885403212,29902.09447675204
11327.63223206826,11327.63223206826,12642.623826793788,13603.722747831367,29902.09447675204
11675.133636616472,11675.133636616472,12078.019517295379,13629.361238191976,29902.09447675204
12653.45564365875,12653.45564365875,12319.219215661657,13613.67123811556,29902.09447675204
10732.87389969344,10732.87389969344,11940.939513988053,13596.102653170314,29902.09447675204
10123.847787308572,10123.847787308572,11202.219951191346,13325.229267577608,29902.09447675204
14294.453315964329,14294.453315964329,10404.754139824818,13287.480755795286,29902.09447675204
10715.944629446218,10715.944629446218,9376.036841315263,13238.144392231443,29902.09447675204
12384.351347978694,12384.351347978694,9890.848407239595,13192.115139084854,29902.09447675204
11056.071400305973,11056.071400305973,10180.945302868156,13070.380969007614,29902.09447675204
11793.75721564593,11793.75721564593,10051.771052503249,12884.740462022577,29902.09447675204
10490.725694113777,10490.725694113777,10157.653322773393,12824.805283571717,29902.09447675204
9181.474735693655,9181.474735693655,10280.465727018522,12719.331575851184,29902.09447675204
14477.873209696269,14477.873209696269,10252.95321530983,12533.914023731275,29902.09447675204
8476.191213147733,8476.191213147733,10447.693559948917,12283.331903958451,29902.09447675204
13635.041273046574,13635.041273046574,11179.842454878104,12423.069249571077,29902.09447675204
9482.467681486904,9482.467681486904,10384.938757081953,11973.65148939243,29902.09447675204
13695.926531925732,13695.926531925732,10823.85701027904,12084.980426789203,29902.09447675204
9901.221222526383,9901.221222526383,10078.495070790997,11850.018587402868,29902.09447675204
14709.016563748602,14709.016563748602,9460.82387152803,11477.540162614241,29902.09447675204
11997.239701526896,11997.239701526896,9832.847427955943,11408.061782641755,29902.09447675204
13436.298129092445,13436.298129092445,9419.63626443464,11341.061599260422,29902.09447675204
9623.633358703488,9623.633358703488,10902.004495606518,11630.996204615489,29902.09447675204
11633.193519449516,11633.193519449516,10544.616839159984,11530.132779025338,29902.09447675204
7545.28064083854,7545.28064083854,10415.572211255421,11400.986533505908,29902.09447675204
8922.720429318199,8922.720429318199,9925.691334327665,11327.79994701318,29902.09447675204
15117.351019273005,15117.351019273005,11003.204125780372,11316.196957196024,29902.09447675204
8964.738817561069,8964.738817561069,10821.01282113945,11289.054422175643,29902.09447675204
14081.780405548017,14081.780405548017,11800.280694114033,11525.637770127956,29902.09447675204
8106.875800136303,8106.875800136303,11972.299088979536,11527.187604399714,29902.09447675204
11945.833804751312,11945.833804751312,11531.086297187208,11432.71241014327,29902.09447675204
8931.71591294374,8931.71591294374,11797.138384485883,11261.57770799937,29902.09447675204
13367.421754612053,13367.421754612053,10543.038120125919,11287.905711648504,29902.09447675204
8878.50276181789,8878.50276181789,10667.489418445464,11245.199018755993,29902.09447675204
12324.558032205292,12324.558032205292,10426.306824502093,11124.02248142529,29902.09447675204
5275.93876335557,5275.93876335557,10534.280021849801,11053.401455409801,29902.09447675204
9586.541378643591,9586.541378643591,10074.008630458537,11061.646533095112,29902.09447675204
8821.36617543316,8821.36617543316,10175.718229936785,11071.247280299289,29902.09447675204
11464.832561189965,11464.832561189965,9192.88757553716,10942.5492445077,29902.09447675204
12050.752827245675,12050.752827245675,10231.30222968214,11044.285261254736,29902.09447675204
8777.071366010536,8777.071366010536,10161.915620107067,11029.449607572518,29902.09447675204
8984.487694837291,8984.487694837291,9926.842894346228,10788.778938566784,29902.09447675204
10562.554848589152,10562.554848589152,9615.715857021547,10683.848743413577,29902.09447675204
11040.100633747677,11040.100633747677,10118.619032948523,10780.579544305094,29902.09447675204
10927.525861234064,10927.525861234064,10585.169910612869,10763.136404061472,29902.09447675204
9964.83405255316,9964.83405255316,10634.384669531308,10695.283686355646,29902.09447675204
9797.675624807818,9797.675624807818,10439.577483153487,10461.296627259835,29902.09447675204
10340.837298011442,10340.837298011442,10131.49084277357,10265.623149088822,29902.09447675204
9935.722408601749,9935.722408601749,10574.823362814563,10307.46702209927,29902.09447675204
11607.1171829113,11607.1171829113,9494.28961949705,10267.932022510984,29902.09447675204
9484.492820792131,9484.492820792131,9714.244112044045,10258.372901959501,29902.09447675204
10939.540796618703,10939.540796618703,9644.719264591642,10189.198026126356,29902.09447675204
10961.54348401826,10961.54348401826,10508.684688499006,10369.981777654302,29902.09447675204
9420.003762951677,9420.003762951677,10022.150300218567,10321.165761216474,29902.09447675204
9542.219398911802,9542.219398911802,9668.94310840021,10308.737122943903,29902.09447675204
10457.71283341025,10457.71283341025,9265.676539397009,10307.975003996778,29902.09447675204
12514.391313697184,12514.391313697184,9094.553373924507,10199.256474079773,29902.09447675204
8624.536001103754,8624.536001103754,9354.972769338847,10261.410334693537,29902.09447675204
12867.809680777069,12867.809680777069,8841.591695868658,10097.615679825081,29902.09447675204
8855.478987585073,8855.478987585073,9821.221540553288,10195.98727004801,29902.09447675204
10526.83603220321,10526.83603220321,9702.136761354584,10188.44604372977,29902.09447675204
13227.138693770943,13227.138693770943,10078.738239403154,10173.415009452308,29902.09447675204
8500.640368521032,8500.640368521032,9230.706969246827,10160.030026099965,29902.09447675204
11502.897074816401,11502.897074816401,9035.560746288718,10077.687267412251,29902.09447675204
9531.32048026493,9531.32048026493,9097.944836951356,10038.787378344392,29902.09447675204
12594.67536422221,12594.67536422221,9527.18539981639,9977.443592984435,29902.09447675204
10272.672793987407,10272.672793987407,10126.506950203951,10147.570112704172,29902.09447675204
8947.238701562244,8947.238701562244,9890.57208407513,10074.753349452756,29902.09447675204
7824.77375212587,7824.77375212587,10711.427628592563,10224.202191385395,29902.09447675204
9003.941967547935,9003.941967547935,9873.89745941021,10278.601987624445,29902.09447675204
9574.981269335885,9574.981269335885,9781.708128313348,10178.21818380125,29902.09447675204
7711.506212720951,7711.506212720951,9570.471024616545,10203.58196148869,29902.09447675204
9438.850948387044,9438.850948387044,9332.424347357855,9846.11399645023,29902.09447675204
8559.604295053281,8559.604295053281,9353.986181697652,9839.561135919785,29902.09447675204
10434.764074024743,10434.764074024743,9602.62116963694,9876.197170020692,29902.09447675204
12237.23414696215,12237.23414696215,10286.427235347977,10049.590773188496,29902.09447675204
8041.169810440999,8041.169810440999,9786.702711228627,9904.269829793822,29902.09447675204
10476.398251636072,10476.398251636072,9879.780141977139,9886.506813620294,29902.09447675204
10095.903530976213,10095.903530976213,9189.351916338768,9702.016435830341,29902.09447675204
7636.663980195576,7636.663980195576,8961.805696858157,9676.503309200167,29902.09447675204
10552.335023249001,10552.335023249001,8624.95915934744,9596.992756233296,29902.09447675204
8243.059137548093,8243.059137548093,8356.583363757378,9515.47095734299,29902.09447675204
10314.15220652063,10314.15220652063,8058.789952246325,9349.264362874312,29902.09447675204
11079.061758022486,11079.061758022486,8359.841694458702,9378.031591122432,29902.09447675204
9793.360515085109,9793.360515085109,8493.50473179125,9489.636751478527,29902.09447675204
8869.530168575291,8869.530168575291,7539.454916014304,9450.625752021399,29902.09447675204
9470.142296076485,9470.142296076485,7160.230866246602,9321.514276951435,29902.09447675204
10641.345537948979,10641.345537948979,7349.507525615733,9321.264672756084,29902.09447675204
9710.721900932602,9710.721900932602,7665.5747272873705,9396.553866180382,29902.09447675204
10644.05308975685,10644.05308975685,7714.078944404371,9173.058652144613,29902.09447675204
9844.93474617483,9844.93474617483,7841.842725360005,9132.978177283883,29902.09447675204
12155.715611903943,12155.715611903943,8069.979594005554,9144.098297274855,29902.09447675204
6279.037458295638,6279.037458295638,8504.175356117137,9126.956262693428,29902.09447675204
12705.886382050929,12705.886382050929,8173.9206224359705,8989.091909019922,29902.09447675204
7093.651650504693,7093.651650504693,8075.14758379373,8987.632286114698,29902.09447675204
10121.712683638207,10121.712683638207,8317.944429068844,8987.337703928906,29902.09447675204
8062.435517365183,8062.435517365183,9635.526304791061,9160.70404127895,29902.09447675204
10237.509540684925,10237.509540684925,10118.195046153054,9318.60551343198,29902.09447675204
8430.994823536044,8430.994823536044,9659.287380124002,9213.446669642271,29902.09447675204
10828.971268423742,10828.971268423742,9941.862469711761,9262.573222187557,29902.09447675204
7816.967424545929,7816.967424545929,9946.12701389579,9179.354757654233,29902.09447675204
12640.852809738268,12640.852809738268,9838.584397440518,9182.871323844629,29902.09447675204
9073.66963661592,9073.66963661592,9243.892264409431,8873.997777875515,29902.09447675204
10305.982317475073,10305.982317475073,9228.584672543106,8830.378783484828,29902.09447675204
9240.918904999951,9240.918904999951,9684.886257521573,8990.82091593897,29902.09447675204
8084.8797884628075,8084.8797884628075,9434.591791215087,9021.12075429252,29902.09447675204
11161.855745162047,11161.855745162047,8124.185600724592,8966.630486638966,29902.09447675204
9314.983933449532,9314.983933449532,7881.564624840959,9023.923884532402,29902.09447675204
9192.318591937505,9192.318591937505,8609.36845212107,9167.002020892753,29902.09447675204
9185.115345830702,9185.115345830702,8861.595751630433,9070.648064402985,29902.09447675204
8403.397465482614,8403.397465482614,9567.703709356123,9152.468147254542,29902.09447675204
10226.383382822143,10226.383382822143,10394.04098852033,9245.931873668063,29902.09447675204
7916.660028258113,7916.660028258113,10936.110837595796,9215.078551545308,29902.09447675204
9604.572479104512,9604.572479104512,11006.890477354913,9224.64472969807,29902.09447675204
8004.906111818713,8004.906111818713,10006.83245571557,9172.598439691814,29902.09447675204
10389.938742141623,10389.938742141623,10210.926354082534,9157.868945145749,29902.09447675204
9891.626318601728,9891.626318601728,11142.247980498983,9169.778692697973,29902.09447675204
9608.87760495471,9608.87760495471,10584.3671578072,9162.68289927882,29902.09447675204
9829.683942615711,9829.683942615711,10129.848870730904,9050.686269320424,29902.09447675204
9191.51784832921,9191.51784832921,10061.105316934218,9108.089635907789,29902.09447675204
8593.068306902172,8593.068306902172,9724.520300570164,9141.030581705903,29902.09447675204
9390.093605918768,9390.093605918768,8900.580311613803,9111.953731067515,29902.09447675204
10179.053117635289,10179.053117635289,8658.592078122298,9080.312097698197,29902.09447675204
9863.435682988154,9863.435682988154,8899.39775943891,9133.72704524632,29902.09447675204
8953.049459339554,8953.049459339554,9049.780661337816,9062.03033803199,29902.09447675204
9638.145118218225,9638.145118218225,8546.386620256908,8809.860822127535,29902.09447675204
9170.458954365657,9170.458954365657,7764.286023944276,8765.295355241104,29902.09447675204
10061.040170367289,10061.040170367289,8467.860902696397,8880.29905142267,29902.09447675204
10216.699398440935,10216.699398440935,8216.07711002931,8856.031308058531,29902.09447675204
9885.681203127688,9885.681203127688,7845.465966785162,8884.82168989319,29902.09447675204
7786.621763332353,7786.621763332353,7544.593627267163,8924.95747528985,29902.09447675204
11131.93769785222,11131.93769785222,7836.085342012181,9007.854126718477,29902.09447675204
7709.894254843429,7709.894254843429,8212.723714592383,9111.09885016741,29902.09447675204
10348.811227380924,10348.811227380924,7935.778455816726,9048.914397517925,29902.09447675204
9839.527420326407,9839.527420326407,8017.471884414341,8966.823768556607,29902.09447675204
8613.78296951889,8613.78296951889,8862.616682580807,9074.493175440835,29902.09447675204
11196.11759467266,11196.11759467266,8867.049644676867,9106.659110927158,29902.09447675204
13346.311185476894,13346.311185476894,8126.418436807416,9035.681233661006,29902.09447675204
9176.436796197177,9176.436796197177,7992.643562586617,8921.44507511838,29902.09447675204
7477.673036194971,7477.673036194971,8160.282737219903,8974.062448456296,29902.09447675204
9165.137910681397,9165.137910681397,8763.74321632676,9109.3375734832,29902.09447675204
7827.712554821932,7827.712554821932,8224.894223809853,9038.837052679337,29902.09447675204
11465.208128833012,11465.208128833012,7873.848161166735,8985.033411177328,29902.09447675204
7561.273925769683,7561.273925769683,8662.966101674003,9146.723493365533,29902.09447675204
11449.018162305081,11449.018162305081,9023.715019780726,9156.537255754007,29902.09447675204
8261.136569981689,8261.136569981689,8520.253713357792,9114.955032298627,29902.09447675204
9883.952450871317,9883.952450871317,8791.225539084511,8937.798957785846,29902.09447675204
8074.605688379362,8074.605688379362,8913.063715105967,8794.65496745159,29902.09447675204
9633.817969744436,9633.817969744436,9259.71973022031,8841.531545137643,29902.09447675204
9622.109201852792,9622.109201852792,9659.881248818765,8917.666204277695,29902.09447675204
9425.577576737203,9425.577576737203,9192.471854504707,8958.606541604982,29902.09447675204
9730.419271048808,9730.419271048808,9759.478338645282,9023.015840920289,29902.09447675204
8664.67346948454,8664.67346948454,9755.848937756542,9087.42474584675,29902.09447675204
8425.989496230852,8425.989496230852,9056.098330645578,9112.226224986027,29902.09447675204
9293.083694064182,9293.083694064182,8833.036317017355,8986.167267653162,29902.09447675204
10086.110905491973,10086.110905491973,8971.177372222362,9022.272148500082,29902.09447675204
7188.9093469837935,7188.9093469837935,9081.735439948221,9129.308925630572,29902.09447675204
10117.132072223481,10117.132072223481,8779.763246489654,8974.294691781328,29902.09447675204
10035.470097217234,10035.470097217234,8759.726199872737,8871.603094687976,29902.09447675204
8242.533985568489,8242.533985568489,7764.307540053844,8698.208561962378,29902.09447675204
10757.803997235034,10757.803997235034,7569.109802266253,8558.88776018701,29902.09447675204
7887.979505561823,7887.979505561823,7700.710472169635,8484.349737650151,29902.09447675204
9215.014059046971,9215.014059046971,8183.088305012963,8536.820239330185,29902.09447675204
8263.804996435736,8263.804996435736,8038.077084272799,8518.463546369603,29902.09447675204
10344.800545811702,10344.800545811702,8182.378836219633,8621.276543753973,29902.09447675204
8580.025157971564,8580.025157971564,7747.99678934529,8529.686235552632,29902.09447675204
8221.78703538886,8221.78703538886,7276.3843580332905,8356.136201137433,29902.09447675204
8078.8732387836035,8078.8732387836035,6796.836197165207,8216.788499652928,29902.09447675204
9913.585189565303,9913.585189565303,6657.515977003977,8177.1365159425895,29902.09447675204
8801.551191119825,8801.551191119825,7181.835962126732,8122.354691000881,29902.09447675204
9286.341484569655,9286.341484569655,7314.0185878893335,8076.787417650843,29902.09447675204
9964.36228295006,9964.36228295006,7014.710702772584,8107.175815881908,29902.09447675204
8918.358932063245,8918.358932063245,6274.136492129674,8059.929122131659,29902.09447675204
9088.986532574421,9088.986532574421,6514.606221955842,8041.50523887299,29902.09447675204
8564.277529665527,8564.277529665527,6268.703137887042,8065.0610390638185,29902.09447675204
8460.379448828453,8460.379448828453,6403.24339865184,8101.057591231618,29902.09447675204
7784.601019221703,7784.601019221703,6703.754473069255,8144.029890962429,29902.09447675204
8864.637023486259,8864.637023486259,7825.883049140821,8088.392928941813,29902.09447675204
8862.615788280607,8862.615788280607,7758.904361490812,8085.70196623489,29902.09447675204
7755.345734792841,7755.345734792841,7497.800714390997,8052.821640522048,29902.09447675204
8440.07971442876,8440.07971442876,7331.745041388096,8034.21770047503,29902.09447675204
9396.531566917318,9396.531566917318,7557.328928155679,8051.424533110607,29902.09447675204
9558.339120749051,9558.339120749051,7995.022162371502,8016.388811687482,29902.09447675204
8861.39998774679,8861.39998774679,8097.664454428472,8073.882438595339,29902.09447675204
9032.700913059776,9032.700913059776,7948.969552815031,8051.360572743957,29902.09447675204
8816.82529130268,8816.82529130268,8808.563636841736,8090.246982083805,29902.09447675204
8537.922233485531,8537.922233485531,9045.039842943797,8179.627930615816,29902.09447675204
9288.702332460594,9288.702332460594,8436.657195546639,8150.440680689657,29902.09447675204
7640.073686406617,7640.073686406617,8750.427915061617,8237.25883672989,29902.09447675204
8881.685781672952,8881.685781672952,8758.740112203093,8172.5131155186855,29902.09447675204
9367.087804114743,9367.087804114743,9051.19243650643,8091.707544510963,29902.09447675204
8078.092568942981,8078.092568942981,8898.800717937267,8186.20583193609,29902.09447675204
9201.38117927024,9201.38117927024,8499.871828538902,8141.593545161916,29902.09447675204
7921.130443215627,7921.130443215627,8237.758969008006,7988.841012062138,29902.09447675204
8510.106326618052,8510.106326618052,8458.658921893384,7938.349353166488,29902.09447675204
9535.150281638531,9535.150281638531,8101.58927583718,8006.514094579681,29902.09447675204
9604.818524671291,9604.818524671291,7672.015954762981,7955.78601375151,29902.09447675204
8750.199537526825,8750.199537526825,7912.666110074033,7950.361159683272,29902.09447675204
8437.732378509683,8437.732378509683,7717.386656831554,7928.79222205214,29902.09447675204
9188.53502102007,9188.53502102007,7726.755526867586,7785.887971128451,29902.09447675204
8971.802518972117,8971.802518972117,7710.5743478836785,7795.328043186758,29902.09447675204
8929.845321470242,8929.845321470242,7956.639917733599,7825.638147753752,29902.09447675204
8874.302321856729,8874.302321856729,8240.773618943023,7838.578481399214,29902.09447675204
7960.043230009672,7960.043230009672,8174.4510753786435,7812.511561008753,29902.09447675204
8413.601101913724,8413.601101913724,8116.376975252849,7795.017484813588,29902.09447675204
7403.418261883873,7403.418261883873,7969.355643055457,7806.1497487463,29902.09447675204
8586.957118434839,8586.957118434839,8090.639151224585,7757.566756006782,29902.09447675204
8973.809723498516,8973.809723498516,7634.580250581828,7721.324560501705,29902.09447675204
7484.60877526144,7484.60877526144,7624.075364159636,7701.662054909519,29902.09447675204
8371.774252955543,8371.774252955543,7514.9180262064665,7736.010068358974,29902.09447675204
8710.57376570744,8710.57376570744,7121.536173360713,7705.81331740565,29902.09447675204
6975.598147179971,6975.598147179971,6676.4892966608195,7620.7939126519905,29902.09447675204
9093.659217366796,9093.659217366796,6704.726961862837,7542.90621276919,29902.09447675204
8565.973692077916,8565.973692077916,7003.556321900707,7605.607408534333,29902.09447675204
8162.494641345813,8162.494641345813,6882.125588180022,7534.966835205665,29902.09447675204
8330.540925802161,8330.540925802161,6774.365621652536,7611.42351520775,29902.09447675204
8126.681457849394,8126.681457849394,7195.054689670047,7741.300822334134,29902.09447675204
8763.917103067575,8763.917103067575,7731.470131520235,7908.251347372711,29902.09447675204
8635.137015477152,8635.137015477152,7959.022386537299,7961.963336816183,29902.09447675204
8504.532038722762,8504.532038722762,8289.541246000084,7957.551125133646,29902.09447675204
9538.382605359584,9538.382605359584,8643.865387655083,7971.782677358799,29902.09447675204
7064.743729400957,7064.743729400957,8745.674351461745,7966.986642389823,29902.09447675204
8778.016375819803,8778.016375819803,8424.931446931472,7973.065203729548,29902.09447675204
8471.455245375353,8471.455245375353,8070.287872438933,7916.743738630954,29902.09447675204
8316.202317762498,8316.202317762498,8155.919958992477,7912.410199426752,29902.09447675204
8791.054965227922,8791.054965227922,7880.246826078862,7906.824200693152,29902.09447675204
9370.145913919228,9370.145913919228,7440.170812869017,7888.5840902940845,29902.09447675204
8203.855417408344,8203.855417408344,7289.190354543303,7800.912808453208,29902.09447675204
8569.391231335345,8569.391231335345,6984.144131761292,7807.011290870281,29902.09447675204
7927.241871467476,7927.241871467476,6928.660409777946,7843.723064211036,29902.09447675204
7438.046207716201,7438.046207716201,6495.210118804747,7804.47569284213,29902.09447675204
8483.890151671647,8483.890151671647,7549.440899530711,7965.409036664828,29902.09447675204
7941.339864425765,7941.339864425765,7382.6066742104695,7850.582106097339,29902.09447675204
8255.46660130672,8255.46660130672,7229.305895960172,7743.072026937292,29902.09447675204
8143.916188849073,8143.916188849073,7143.057173972375,7751.2277236582195,29902.09447675204
7371.012507122165,7371.012507122165,7732.580011214278,7691.627475567662,29902.09447675204
8503.281816123308,8503.281816123308,7648.352994027812,7609.246720510889,29902.09447675204
7897.690341551523,7897.690341551523,7520.878093907059,7617.756988125291,29902.09447675204
8485.992090024718,8485.992090024718,7527.854088580915,7562.496525574139,29902.09447675204
9320.893598826558,9320.893598826558,7474.8393645177475,7586.942914673967,29902.09447675204
7181.662283648233,7181.662283648233,7862.7200451545405,7566.7812145717535,29902.09447675204
9449.996056355996,9449.996056355996,7379.682509976384,7661.5853950726505,29902.09447675204
6998.159798818266,6998.159798818266,7918.00518291148,7734.208776971856,29902.09447675204
8417.607432895338,8417.607432895338,8693.592100667373,7834.238653269167,29902.09447675204
7643.284557398568,7643.284557398568,8776.452242733001,7814.786387826146,29902.09447675204
8010.720319151948,8010.720319151948,8146.078583691068,7700.525337138441,29902.09447675204
7621.725954751443,7621.725954751443,8273.916845828451,7729.626898723982,29902.09447675204
7405.0455787389155,7405.0455787389155,8313.764372465186,7697.9766406035205,29902.09447675204
7771.970834528263,7771.970834528263,8193.1416297594,7657.647520159709,29902.09447675204
8023.157921529881,8023.157921529881,7958.688477777699,7633.3295048559885,29902.09447675204
7278.220379015118,7278.220379015118,8077.615378809955,7640.1894207570085,29902.09447675204
8020.333391557955,8020.333391557955,7429.397251471071,7556.136861820144,29902.09447675204
7429.986545050086,7429.986545050086,7614.939905474646,7609.042034278182,29902.09447675204
8157.7455282607625,8157.7455282607625,7367.548942438587,7672.8582266811545,29902.09447675204
7000.315475034192,7000.315475034192,7453.905399057362,7682.292072587048,29902.09447675204
8909.375756258089,8909.375756258089,8021.172200694289,7710.888648666206,29902.09447675204
7907.684913245351,7907.684913245351,7891.612405497163,7689.821549578499,29902.09447675204
8120.3222995443475,8120.3222995443475,7991.61162445107,7769.382915377371,29902.09447675204
8097.1980927486275,8097.1980927486275,8280.259168693145,7788.884281066409,29902.09447675204
7452.502023811499,7452.502023811499,8412.446499848284,7812.835199584353,29902.09447675204
7756.444268885518,7756.444268885518,8221.203681884954,7860.122922461857,29902.09447675204
7212.7657003085305,7212.7657003085305,8477.672866503068,7916.373575788594,29902.09447675204
7971.963265150824,7971.963265150824,8115.20478203146,7891.137598311904,29902.09447675204
7647.88583026116,7647.88583026116,7937.421241874768,7859.631210675967,29902.09447675204
7994.724031651423,7994.724031651423,7506.144002035961,7807.095755358235,29902.09447675204
7098.895330435088,7098.895330435088,6809.049854990289,7717.825495333757,29902.09447675204
7350.530932377196,7350.530932377196,7086.820028440716,7668.174617332631,29902.09447675204
7993.418787731847,7993.418787731847,7120.033880028568,7647.095665079038,29902.09447675204
7764.101246637325,7764.101246637325,7403.099636883014,7677.699731135553,29902.09447675204
7462.9807269092835,7462.9807269092835,7425.057633606046,7639.938477105545,29902.09447675204
7486.866618185206,7486.866618185206,7203.950873509,7572.14001963264,29902.09447675204
7513.02953936123,7513.02953936123,7346.815512626665,7636.601808021581,29902.09447675204
7738.9338261998755,7738.9338261998755,7617.761160376591,7729.703541000929,29902.09447675204
6909.048712360051,6909.048712360051,8105.776636520447,7866.728963492269,29902.09447675204
7480.886939623725,7480.886939623725,8447.500525310452,7865.411868621831,29902.09447675204
7347.066661598164,7347.066661598164,8978.547438220707,7937.485617762127,29902.09447675204
7394.918560621628,7394.918560621628,8802.429642765585,7940.626383311946,29902.09447675204
7667.923572444017,7667.923572444017,8304.176788784009,7850.092951927177,29902.09447675204
7511.495883463493,7511.495883463493,8023.996005090817,7885.670105801458,29902.09447675204
7503.092079308958,7503.092079308958,8039.850886851011,7862.176572520158,29902.09447675204
6984.207029454807,6984.207029454807,8314.915498136379,7936.0810954989665,29902.09447675204
7465.467236746016,7465.467236746016,8149.270850087953,7756.567798133028,29902.09447675204
7612.458581532647,7612.458581532647,7777.0693156881,7808.5960692964545,29902.09447675204
7609.6375190743,7609.6375190743,7292.0507819504655,7879.277940690327,29902.09447675204
7416.84447835217,7416.84447835217,7146.964364238183,7866.193306674993,29902.09447675204
7322.21700572348,7322.21700572348,6686.798044451962,7728.329224409663,29902.09447675204
7512.593561552735,7512.593561552735,6667.518574750223,7744.459499456428,29902.09447675204
7647.406699074428,7647.406699074428,7182.201775526033,7782.357688250972,29902.09447675204
7724.909391544224,7724.909391544224,7106.164001063962,7801.332088298066,29902.09447675204
7564.543607881223,7564.543607881223,7076.9753303968755,7782.603765695983,29902.09447675204
7168.489125518012,7168.489125518012,7046.284361301252,7772.793958728309,29902.09447675204
7759.650182663518,7759.650182663518,6947.4254371204825,7670.116383561847,29902.09447675204
7532.245789964581,7532.245789964581,7045.532378617267,7634.101508437611,29902.09447675204
8047.451845577381,8047.451845577381,7068.946209974303,7554.348762551714,29902.09447675204
6889.057043404135,6889.057043404135,7333.278526846678,7577.558563497728,29902.09447675204
7743.5855031646615,7743.5855031646615,7755.543111082448,7650.2221298879385,29902.09447675204
6729.258564907471,6729.258564907471,7869.619986645723,7663.600127619883,29902.09447675204
7813.072294832882,7813.072294832882,7829.766211565193,7685.558056070975,29902.09447675204
7158.2044565813085,7158.2044565813085,7705.570198402308,7703.817802026648,29902.09447675204
7367.783547583295,7367.783547583295,7553.314381472711,7701.528946434986,29902.09447675204
7686.988361121759,7686.988361121759,7696.820150908185,7696.634913147955,29902.09447675204
7637.881887218235,7637.881887218235,7560.232579564605,7696.283449180554,29902.09447675204
7023.075291660365,7023.075291660365,7752.540720137945,7661.6216713702715,29902.09447675204
7205.285409479621,7205.285409479621,8053.565573555525,7691.552088775102,29902.09447675204
7577.515065521879,7577.515065521879,8109.809674272807,7708.739418540817,29902.09447675204
7139.216518491918,7139.216518491918,8139.910612451176,7673.9698122393165,29902.09447675204
7324.59827126445,7324.59827126445,7658.666580059212,7617.010962532292,29902.09447675204
7060.098641069932,7060.098641069932,7829.383894891891,7653.112510159139,29902.09447675204
7250.608162813675,7250.608162813675,7881.735619505285,7624.113092189076,29902.09447675204
6924.10384449625,6924.10384449625,7983.438029295508,7615.727252324431,29902.09447675204
7791.535243524886,7791.535243524886,7561.492657519321,7564.692708274828,29902.09447675204
7093.64213899678,7093.64213899678,7507.883767465952,7502.325629373131,29902.09447675204
7750.891976896469,7750.891976896469,7119.192378044032,7462.419190572786,29902.09447675204
7094.636045112021,7094.636045112021,6787.687245394632,7461.605289479073,29902.09447675204
7240.5460033163545,7240.5460033163545,6792.9709644585655,7566.104811025338,29902.09447675204
7206.404348915951,7206.404348915951,6829.694351905671,7678.098711622393,29902.09447675204
7030.900055304573,7030.900055304573,6944.133024299628,7588.473561704074,29902.09447675204
7391.045088126532,7391.045088126532,6503.627530147073,7529.831240182841,29902.09447675204
7146.020337516162,7146.020337516162,6313.47771737392,7406.188708287259,29902.09447675204
7265.0035199525755,7265.0035199525755,6569.351994839652,7444.586124571153,29902.09447675204
7384.379193525558,7384.379193525558,6718.579783532754,7467.6184902795785,29902.09447675204
6986.200993838046,6986.200993838046,6835.56569128808,7400.075665105414,29902.09447675204
7063.484143309629,7063.484143309629,6976.013125203863,7334.069583538241,29902.09447675204
7307.059657427616,7307.059657427616,7116.765769296541,7263.803116034293,29902.09447675204
7626.910540792219,7626.910540792219,6825.295584661761,7241.663822895599,29902.09447675204
7396.18774282868,7396.18774282868,7006.125322223581,7283.6142884229685,29902.09447675204
7268.326884254264,7268.326884254264,7238.070898879059,7275.6018129267695,29902.09447675204
7750.256455110103,7750.256455110103,7075.274421620376,7284.050766750113,29902.09447675204
7270.634523003507,7270.634523003507,6975.429709868045,7196.475449242705,29902.09447675204
7917.802075394247,7917.802075394247,6762.687316200079,7189.153410440967,29902.09447675204
6914.448168479279,6914.448168479279,7065.984505925208,7217.832291837344,29902.09447675204
7427.72525554904,7427.72525554904,7059.999646491366,7182.221424386097,29902.09447675204
7861.763161471147,7861.763161471147,7184.911556166077,7215.638031633837,29902.09447675204
6966.285298307032,6966.285298307032,7129.914007754307,7231.375761195061,29902.09447675204
7532.610780353004,7532.610780353004,7553.4476123376835,7322.960472515499,29902.09447675204
7319.852535889742,7319.852535889742,7396.808947775482,7425.616469087672,29902.09447675204
7311.21071508719,7311.21071508719,7332.038912199358,7408.505880416596,29902.09447675204
7146.746044145939,7146.746044145939,7483.500246169684,7344.310460878844,29902.09447675204
7396.8413390925025,7396.8413390925025,7751.055892332812,7325.453827496476,29902.09447675204
7329.8745167021225,7329.8745167021225,7729.37046601082,7319.632437563755,29902.09447675204
6944.298555578645,6944.298555578645,7579.733061803931,7324.5220319378805,29902.09447675204
7420.922214727919,7420.922214727919,7665.83489593514,7325.903316149027,29902.09447675204
6490.471396722626,6490.471396722626,7708.561929946502,7348.243941899684,29902.09447675204
7566.409395881416,7566.409395881416,7568.946202852654,7331.375759770733,29902.09447675204
7517.274810972669,7517.274810972669,7307.339163142043,7317.772599774574,29902.09447675204
7664.255961863083,7664.255961863083,7240.206226711054,7322.549092213394,29902.09447675204
7497.527469805683,7497.527469805683,7530.876786974928,7340.757240482436,29902.09447675204
7228.50055547116,7228.50055547116,7588.44404796542,7296.046028158889,29902.09447675204
6996.178942394713,6996.178942394713,7733.693217604052,7331.078431336824,29902.09447675204
7317.506041110024,7317.506041110024,7527.386256441106,7314.446812557432,29902.09447675204
7331.601717859025,7331.601717859025,7454.5585766964305,7276.069717095528,29902.09447675204
7045.921572572237,7045.921572572237,7404.927000907458,7294.8422004176,29902.09447675204
7191.583423343902,7191.583423343902,7428.568030170774,7283.44940390625,29902.09447675204
6755.933519186818,6755.933519186818,7547.4442900966005,7230.151503078948,29902.09447675204
7195.64836278396,7195.64836278396,8022.228718894492,7300.25640869891,29902.09447675204
7268.902176714429,7268.902176714429,8174.370675493947,7329.441104821948,29902.09447675204
7776.392337439587,7776.392337439587,7991.774067762478,7407.37873802309,29902.09447675204
7814.2865371389325,7814.2865371389325,8231.323265051247,7376.433902190761,29902.09447675204
7312.659569886182,7312.659569886182,7845.412332725956,7323.813773980958,29902.09447675204
7215.023824080963,7215.023824080963,8174.696708288476,7352.698548356028,29902.09447675204
6673.871042778773,6673.871042778773,8090.773318483228,7381.925849288311,29902.09447675204
7199.122487902283,7199.122487902283,7954.504168644613,7384.166280653332,29902.09447675204
7228.757482588394,7228.757482588394,7952.381490507187,7450.087226398882,29902.09447675204
7564.407329373617,7564.407329373617,7891.833633638928,7450.9807807278075,29902.09447675204
7391.520749522844,7391.520749522844,7583.782577824002,7458.418731371996,29902.09447675204
7716.890595343949,7716.890595343949,7204.562113925781,7404.414657225969,29902.09447675204
6910.8496850373585,6910.8496850373585,7255.643018527745,7469.680736868713,29902.09447675204
7407.351688163688,7407.351688163688,7077.577764676453,7491.223949096636,29902.09447675204
7605.7435431106,7605.7435431106,7592.629387526205,7579.644108011414,29902.09447675204
7110.376087736163,7110.376087736163,7475.317390404753,7533.8916274690455,29902.09447675204
7057.6740797012835,7057.6740797012835,7680.604624349826,7574.330817451725,29902.09447675204
6855.80630813804,6855.80630813804,7662.707689713544,7549.594680338425,29902.09447675204
6967.274185521306,6967.274185521306,7793.520739641417,7613.588749286391,29902.09447675204
7101.782376530863,7101.782376530863,7727.787467674386,7573.1851204033765,29902.09447675204
6938.322915534652,6938.322915534652,7520.614079223495,7597.4824302843435,29902.09447675204
7099.853198785194,7099.853198785194,7200.613588088016,7443.3123103988555,29902.09447675204
7475.625677456097,7475.625677456097,6849.58880690768,7391.984318474438,29902.09447675204
7353.920659638001,7353.920659638001,7093.628653171387,7494.894795406839,29902.09447675204
7187.971996500322,7187.971996500322,6924.470136591406,7569.452193356087,29902.09447675204
6915.030613265976,6915.030613265976,6913.5341308328325,7564.060990395597,29902.09447675204
6842.655225824136,6842.655225824136,6715.830701340645,7504.300056534811,29902.09447675204
7647.513358969774,7647.513358969774,6607.498677225432,7459.094486485236,29902.09447675204
7195.449033913594,7195.449033913594,6407.537640811996,7458.1139662155765,29902.09447675204
7199.3068339652955,7199.3068339652955,6121.532533792908,7371.508825611096,29902.09447675204
7107.562710017667,7107.562710017667,6250.887627681223,7336.970433353051,29902.09447675204
7790.903201532449,7790.903201532449,6679.61508474581,7299.873537792922,29902.09447675204
7297.026223835649,7297.026223835649,7010.991312553459,7327.774798545258,29902.09447675204
7526.198260779763,7526.198260779763,6826.87829388615,7363.570404950131,29902.09447675204
7173.9909966074165,7173.9909966074165,6800.459308096242,7379.332876508773,29902.09447675204
6979.715986091749,6979.715986091749,6852.667790026071,7388.720455198647,29902.09447675204
7463.171557948693,7463.171557948693,7021.87556739024,7392.7285576520735,29902.09447675204
7038.414289558993,7038.414289558993,6984.137749537002,7322.755057205609,29902.09447675204
6931.971507900104,6931.971507900104,6730.032889437038,7262.4081581136825,29902.09447675204
7176.652221872127,7176.652221872127,7102.58527793688,7278.236640627941,29902.09447675204
6804.851333224935,6804.851333224935,6734.881313519695,7222.478863428582,29902.09447675204
7055.327971366798,7055.327971366798,6642.116988345549,7180.2556901198195,29902.09447675204
6944.393566161817,6944.393566161817,6377.476383500691,7097.09471785041,29902.09447675204
7794.804258386914,7794.804258386914,6408.000475370275,7127.481690431101,29902.09447675204
7312.082352123237,7312.082352123237,6363.397107289298,7105.27365444582,29902.09447675204
6686.582204435446,6686.582204435446,6634.91728641839,7210.226661194104,29902.09447675204
7468.5871791217105,7468.5871791217105,6580.797850179515,7217.976412348691,29902.09447675204
7130.112666861951,7130.112666861951,6785.289776193013,7198.827612262721,29902.09447675204
7383.296692260729,7383.296692260729,6944.055315712527,7165.505615222031,29902.09447675204
7426.181170740783,7426.181170740783,7219.795910718405,7212.7069647523,29902.09447675204
7340.686119585625,7340.686119585625,7290.5901923414085,7076.151158117964,29902.09447675204
7483.1468721682695,7483.1468721682695,7407.1633846724635,7026.814231955523,29902.09447675204
7223.025220207533,7223.025220207533,7425.861475524265,6983.912199402768,29902.09447675204
7172.491960993893,7172.491960993893,7229.736998617741,6927.164437144401,29902.09447675204
6960.304996588576,6960.304996588576,7125.918528308098,6961.374893562252,29902.09447675204
6899.36127771375,6899.36127771375,6706.73072754987,6916.633465046383,29902.09447675204
7814.772206189267,7814.772206189267,6705.793813620211,6940.980511376087,29902.09447675204
7425.095189971116,7425.095189971116,6802.892449550159,6968.505268443831,29902.09447675204
7237.977431478826,7237.977431478826,6999.492913681915,6974.927899856978,29902.09447675204
7081.538573780871,7081.538573780871,6828.967384257254,7000.133714875966,29902.09447675204
7066.09340628486,7066.09340628486,7374.001873124769,7034.195017178117,29902.09447675204
7502.264412773056,7502.264412773056,7288.079803532839,7043.517769876937,29902.09447675204
7810.438323015749,7810.438323015749,7472.348929738919,7027.253381645002,29902.09447675204
7420.358009113897,7420.358009113897,7352.137110819405,6982.076306372992,29902.09447675204
6905.7398887856225,6905.7398887856225,7263.317740045687,6895.512564066146,29902.09447675204
7215.112779381294,7215.112779381294,7544.600320027215,6930.490050970876,29902.09447675204
7527.764879047703,7527.764879047703,7406.8740500189015,6886.234396509903,29902.09447675204
7136.26920102133,7136.26920102133,7541.584431107102,6944.2806167225435,29902.09447675204
7090.575746224553,7090.575746224553,7359.318752175184,6888.087502363732,29902.09447675204
7382.776538240466,7382.776538240466,7416.5081574971355,6937.877852840516,29902.09447675204
7655.431160837,7655.431160837,7085.902565346859,6947.252714402791,29902.09447675204
7277.086189392072,7277.086189392072,6959.267800768648,6995.248612413062,29902.09447675204
6989.552439525067,6989.552439525067,7115.524867249018,7080.44059371327,29902.09447675204
6990.6962119693435,6990.6962119693435,7404.66650115565,7044.283875969845,29902.09447675204
7129.560972128699,7129.560972128699,7447.973227371418,7000.213182222148,29902.09447675204
7468.5845420586,7468.5845420586,7176.381538081779,6983.059532420665,29902.09447675204
7323.9636628143435,7323.9636628143435,7098.0386944914235,6962.675995140058,29902.09447675204
6956.036006959737,6956.036006959737,7143.735148584128,7051.527910994282,29902.09447675204
7131.036781258921,7131.036781258921,7128.546166031394,7032.289207407611,29902.09447675204
7135.33901491632,7135.33901491632,6967.623576067174,7107.0960612953695,29902.09447675204
7281.183964249367,7281.183964249367,6512.957991687652,6999.666787204076,29902.09447675204
7668.5190888625375,7668.5190888625375,6474.849332600041,6954.295461983907,29902.09447675204
11254.101964264964,11254.101964264964,6267.492534307128,6931.7408380640045,29902.09447675204
9808.603194346404,9808.603194346404,6868.945857910131,7052.69738877464,29902.09447675204
11176.033944523813,11176.033944523813,6587.995291905984,6957.720378984098,29902.09447675204
10384.834865712568,10384.834865712568,7576.774173182957,7127.8808090520415,29902.09447675204
10103.009329202585,10103.009329202585,7440.187038914201,7046.3382894448505,29902.09447675204
9623.777956841557,9623.777956841557,7632.392355277164,7181.178832142314,29902.09447675204
11416.521782690425,11416.521782690425,8292.17847034469,7344.718323589142,29902.09447675204
9171.416350037227,9171.416350037227,8226.902550621398,7331.959515832274,29902.09447675204
8802.759388353295,8802.759388353295,8125.625122413508,7277.815548982839,29902.09447675204
10580.370878014079,10580.370878014079,7897.190116131353,7205.310087541068,29902.09447675204
9857.13222099795,9857.13222099795,8739.6029644558,7404.1661542550255,29902.09447675204
8640.121168676396,8640.121168676396,7579.100047087146,7286.917303118014,29902.09447675204
10350.709556183876,10350.709556183876,7611.530620413141,7207.347081608866,29902.09447675204
9912.507345208054,9912.507345208054,6477.284153449626,7096.35418245829,29902.09447675204
9989.766507147488,9989.766507147488,6464.794408955669,7023.13760120008,29902.09447675204
9308.716232749119,9308.716232749119,5648.317305881689,6953.784338080049,29902.09447675204
9844.671771957,9844.671771957,5310.487709144732,7018.004802275583,29902.09447675204
9593.734866499533,9593.734866499533,5243.872567874575,6936.7748472635085,29902.09447675204
9071.165142197171,9071.165142197171,5280.234710123555,6875.74445253927,29902.09447675204
9013.728093854352,9013.728093854352,5331.826361540943,6790.242682914765,29902.09447675204
9596.863809154345,9596.863809154345,5178.126081369517,6954.619075424078,29902.09447675204
9830.599196004841,9830.599196004841,6332.167485189248,7107.4034004323175,29902.09447675204
10870.512773849601,10870.512773849601,6763.304109794199,7134.824197906087,29902.09447675204
10004.3407088055,10004.3407088055,7037.669028271208,7162.541842602556,29902.09447675204
9750.021275004858,9750.021275004858,6965.242431564446,7075.027324788929,29902.09447675204
11022.570403766636,11022.570403766636,8014.875119754424,7196.180872120903,29902.09447675204
10427.91570404504,10427.91570404504,7746.133769244928,7167.332973388186,29902.09447675204
9832.115932092658,9832.115932092658,8287.779709562705,7228.537312324598,29902.09447675204
10172.490031205374,10172.490031205374,9264.750367482906,7253.894151410897,29902.09447675204
9587.654154413565,9587.654154413565,9886.07309327197,7309.84134086259,29902.09447675204
10647.537108255025,10647.537108255025,9571.718040443036,7374.492897564899,29902.09447675204
11166.42240890892,11166.42240890892,9539.402528026105,7544.856483873657,29902.09447675204
9915.764607310844,9915.764607310844,9273.015623024823,7536.763774501913,29902.09447675204
9985.46703438533,9985.46703438533,9438.5990277444,7541.341584145994,29902.09447675204
10735.182005427489,10735.182005427489,10558.70186508631,7705.392887802411,29902.09447675204
10632.537181087127,10632.537181087127,9431.290905322243,7574.122166963931,29902.09447675204
10463.720025699726,10463.720025699726,9096.59130815832,7514.787484584814,29902.09447675204
10144.024639953532,10144.024639953532,8238.499181966454,7392.935517218462,29902.09447675204
10371.381463071639,10371.381463071639,7324.422608274542,7301.5981599964325,29902.09447675204
9758.810489176742,9758.810489176742,6750.032597714957,7267.994300251852,29902.09447675204
9870.545375744565,9870.545375744565,7093.098115247902,7370.007547164677,29902.09447675204
10258.454376000574,10258.454376000574,7021.4002742262455,7468.203238487777,29902.09447675204
9712.124028782966,9712.124028782966,7530.797892937228,7553.3287076150755,29902.09447675204
9867.830823600058,9867.830823600058,7009.3793699767675,7507.941150524992,29902.09447675204
9785.072859405887,9785.072859405887,5950.156971544665,7475.816543213059,29902.09447675204
10118.243158790006,10118.243158790006,6503.016650437406,7445.978467334587,29902.09447675204
9345.054371352053,9345.054371352053,6411.41642948829,7371.361537276193,29902.09447675204
8941.537899321129,8941.537899321129,7703.011438561458,7540.013089717319,29902.09447675204
9146.342153436213,9146.342153436213,7675.43763106171,7534.094087871245,29902.09447675204
8956.875407763668,8956.875407763668,7630.107889703724,7499.046011672591,29902.09447675204
10968.249758405256,10968.249758405256,7055.525745729157,7527.614189449082,29902.09447675204
9260.939238501784,9260.939238501784,7287.903490604297,7551.994765026608,29902.09447675204
10213.09236626874,10213.09236626874,7165.251966780718,7668.780042590023,29902.09447675204
10433.744608178762,10433.744608178762,7185.9745776912505,7429.78123142665,29902.09447675204
11892.346539966144,11892.346539966144,8461.53393084307,7680.085921598832,29902.09447675204
10186.02631317014,10186.02631317014,7872.371323454487,7493.974260970051,29902.09447675204
10029.80108562843,10029.80108562843,7869.5161126744115,7286.829065742138,29902.09447675204
9207.967353985223,9207.967353985223,7645.235153932927,7423.679610379623,29902.09447675204
9633.93717205419,9633.93717205419,8736.39816212323,7656.2486958131885,29902.09447675204
11157.724222875444,11157.724222875444,8648.167834205737,7649.241555287465,29902.09447675204
10549.319924389485,10549.319924389485,8799.034392483769,7539.500475054677,29902.09447675204
9133.400730718333,9133.400730718333,8273.999820512046,7690.9747197115885,29902.09447675204
10427.477243621173,10427.477243621173,7625.316742472986,7671.537267001991,29902.09447675204
10329.992746616708,10329.992746616708,8745.83935659459,7883.492272055642,29902.09447675204
10381.998003110346,10381.998003110346,7450.480084031382,7877.223056613976,29902.09447675204
10883.545258030841,10883.545258030841,8152.514616401274,7994.813723073968,29902.09447675204
10596.135962022845,10596.135962022845,8544.607364972695,7933.652996907727,29902.09447675204
9269.932643796277,9269.932643796277,7494.420200310769,7873.789136866863,29902.09447675204
10252.332749121164,10252.332749121164,7492.769826004888,8098.755718989456,29902.09447675204
10923.743537935365,10923.743537935365,8711.487097076237,8325.173702394524,29902.09447675204
10238.526037420943,10238.526037420943,8905.458713985423,8284.967001577857,29902.09447675204
9750.846010298215,9750.846010298215,8913.79199495165,8207.29962166407,29902.09447675204
9826.64966974146,9826.64966974146,9198.8660664549,8158.649658334132,29902.09447675204
9763.044758626358,9763.044758626358,8104.983228082661,8096.955112017933,29902.09447675204
10739.08886308077,10739.08886308077,9400.38465025754,8364.251500352593,29902.09447675204
9713.667601811268,9713.667601811268,9369.204375463092,8265.6795742157,29902.09447675204
9187.250181687752,9187.250181687752,9357.432599542746,8255.912762967293,29902.09447675204
9185.016374301935,9185.016374301935,9781.273773553252,8172.487949664974,29902.09447675204
9435.282760686388,9435.282760686388,9310.23721654365,8107.853088801603,29902.09447675204
8114.923508129334,8114.923508129334,9451.23556855631,8238.206197451393,29902.09447675204
9571.632360780464,9571.632360780464,9837.076336965718,8338.038660882394,29902.09447675204
8795.347662890574,8795.347662890574,10458.209025115197,8391.060921081887,29902.09447675204
9099.16158685282,9099.16158685282,11713.151612121292,8646.676856153426,29902.09447675204
10356.059301316496,10356.059301316496,13192.207772736423,8847.67686101634,29902.09447675204
9021.498555150867,9021.498555150867,12643.474311990209,8781.205989733375,29902.09447675204
11012.232369596519,11012.232369596519,12838.63012632832,8947.147418416918,29902.09447675204
10612.583309905107,10612.583309905107,13067.747389361566,9050.143979207942,29902.09447675204
9005.828112814,9005.828112814,12656.014357891838,9055.99098485005,29902.09447675204
10263.572248021834,10263.572248021834,13185.485024519152,9280.065572050526,29902.09447675204
9283.618344837754,9283.618344837754,11931.998244754923,9274.599326859387,29902.09447675204
9804.06697364158,9804.06697364158,11357.23982220118,9190.867002273048,29902.09447675204
9324.130639528694,9324.130639528694,10993.52782909837,9185.486432056312,29902.09447675204
11240.168066243352,11240.168066243352,10440.931617864477,9228.703601138874,29902.09447675204
10789.611130252566,10789.611130252566,9288.939117929815,9303.588810606949,29902.09447675204
10313.019077732055,10313.019077732055,8572.387243846966,9305.652044193834,29902.09447675204
10190.399726396023,10190.399726396023,7754.423776371067,9197.42884360365,29902.09447675204
10363.812918122223,10363.812918122223,8678.582027520159,9503.577098814316,29902.09447675204
9487.733505819544,9487.733505819544,9668.2341424968,9449.035525637119,29902.09447675204
9918.002778847782,9918.002778847782,9561.613674758688,9657.300780789921,29902.09447675204
10257.457766517948,10257.457766517948,9475.762632644397,9643.73027544752,29902.09447675204
9404.026561359964,9404.026561359964,9719.174216039817,9723.59669633518,29902.09447675204
9482.41221438441,9482.41221438441,9252.461568586914,9578.398047652836,29902.09447675204
9483.159039528382,9483.159039528382,9431.057313220143,9681.86467042676,29902.09447675204
10744.00416827819,10744.00416827819,10245.17600042062,9915.429095152824,29902.09447675204
9464.13325673865,9464.13325673865,11310.291145582163,9875.403487141653,29902.09447675204
10844.435635110238,10844.435635110238,11371.268887088805,9897.208356330513,29902.09447675204
10217.851126605581,10217.851126605581,10514.7072051053,10032.615317300493,29902.09447675204
10329.4087370007,10329.4087370007,10181.640413044424,9956.316577459418,29902.09447675204
10616.655691289983,10616.655691289983,9457.285086662512,9801.478165697778,29902.09447675204
8828.647183005261,8828.647183005261,10033.86267805074,9920.869244216523,29902.09447675204
10195.383391840593,10195.383391840593,10506.603496729513,10065.11051718433,29902.09447675204
10008.994508762125,10008.994508762125,10117.151017198783,9947.028286990184,29902.09447675204
9114.37927832038,9114.37927832038,9749.514810016295,10106.70428393542,29902.09447675204
10304.276130682565,10304.276130682565,9518.76341187066,10070.013906208036,29902.09447675204
11037.808622055703,11037.808622055703,9560.986361511284,10297.504742637633,29902.09447675204
9118.45964660711,9118.45964660711,10209.02931005543,10308.511295061344,29902.09447675204
10220.62024816107,10220.62024816107,10713.133594307821,10466.320563167517,29902.09447675204
9897.296408299904,9897.296408299904,10030.878249029938,10463.60818720325,29902.09447675204
9953.441508020402,9953.441508020402,9708.935925060516,10244.711385508903,29902.09447675204
10087.381724837753,10087.381724837753,9755.633797961837,10129.698584393642,29902.09447675204
10366.468513859603,10366.468513859603,9030.166610137418,10090.052096414727,29902.09447675204
9856.312534351728,9856.312534351728,10029.065886173928,10170.083065234638,29902.09447675204
8964.845773779067,8964.845773779067,9230.89945990901,10113.110962626244,29902.09447675204
10488.277578532196,10488.277578532196,8628.946145430793,10174.806489677663,29902.09447675204
9017.34074942002,9017.34074942002,8537.787992166091,10124.985411019343,29902.09447675204
10529.297449035623,10529.297449035623,8512.536129315438,10137.17764583181,29902.09447675204
11312.868694947212,11312.868694947212,8444.558138541475,10283.745670967264,29902.09447675204
9055.422657819327,9055.422657819327,9660.872661039637,10439.527964700526,29902.09447675204
11075.342427844436,11075.342427844436,9771.975703938046,10337.059082987782,29902.09447675204
9972.727166254446,9972.727166254446,10278.078970579296,10295.067264798237,29902.09447675204
10309.364452620508,10309.364452620508,9648.828711880526,10052.40257139769,29902.09447675204
10579.7198187557,10579.7198187557,8920.989076491778,9862.639075509953,29902.09447675204
9911.199793374883,9911.199793374883,9392.780595816399,9649.036759365265,29902.09447675204
8969.920558828111,8969.920558828111,9737.394453471814,9483.84382582474,29902.09447675204
9955.538804099353,9955.538804099353,9049.2431955252,9406.13918772634,29902.09447675204
9712.845258459305,9712.845258459305,9012.036236076976,9371.858867781542,29902.09447675204
10114.513551448174,10114.513551448174,8598.72988274755,9389.94216964446,29902.09447675204
10408.770459005029,10408.770459005029,8392.484527411978,9586.821998604555,29902.09447675204
11327.13331238084,11327.13331238084,8329.68829002461,9365.899736088873,29902.09447675204
10419.909913285284,10419.909913285284,7913.983153017519,9491.464246450758,29902.09447675204
9560.032374561075,9560.032374561075,8195.91038996141,9420.136684949735,29902.09447675204
9385.369930775138,9385.369930775138,9287.821192780193,9521.497748246318,29902.09447675204
9538.807598749569,9538.807598749569,9312.679776918356,9423.386391176042,29902.09447675204
10549.838757447382,10549.838757447382,8601.600887902037,9346.376179819186,29902.09447675204
10633.98674161039,10633.98674161039,9274.492037339573,9546.560146424861,29902.09447675204
10146.561279522903,10146.561279522903,9916.554013378902,9804.28491518311,29902.09447675204
10286.368585353432,10286.368585353432,10546.228549999269,9763.471474140284,29902.09447675204
10850.639845158677,10850.639845158677,9733.758534947574,9599.92687709471,29902.09447675204
10115.1522889278,10115.1522889278,11052.856305545358,9664.148262246208,29902.09447675204
9866.531154300845,9866.531154300845,11537.330441719805,9903.77780826584,29902.09447675204
10289.298064103688,10289.298064103688,12227.78050693783,9921.857943129338,29902.09447675204
9752.943588686252,9752.943588686252,11930.26542063416,10057.058518655767,29902.09447675204
11115.903676249467,11115.903676249467,12811.153899698562,10099.405708471724,29902.09447675204
10376.429494442766,10376.429494442766,13505.052621197243,9998.351503974509,29902.09447675204
10714.477996275102,10714.477996275102,13085.96990631741,9901.69589857191,29902.09447675204
10361.935605375511,10361.935605375511,12443.43166651201,10018.717471067752,29902.09447675204
8981.775842237164,8981.775842237164,11742.38593538713,10009.007220196649,29902.09447675204
9996.73296849456,9996.73296849456,11614.596969042406,9886.518188294307,29902.09447675204
9700.159800725645,9700.159800725645,10272.397965234406,9827.170837960586,29902.09447675204
10872.970996364395,10872.970996364395,9817.228108178835,9860.450894291458,29902.09447675204
9634.965780643313,9634.965780643313,8844.054934246456,9589.348230632728,29902.09447675204
9917.135592988167,9917.135592988167,8154.262856659292,9664.48088654787,29902.09447675204
10685.852198693228,10685.852198693228,6852.161123633676,9519.9349711952,29902.09447675204
10221.013983010396,10221.013983010396,7433.829887664839,9581.364799133346,29902.09447675204
10674.13732164089,10674.13732164089,7007.543739913954,9391.007374252446,29902.09447675204
10643.708267350914,10643.708267350914,7628.993544582743,9502.710317973213,29902.09447675204
10241.095608332507,10241.095608332507,8047.902719094467,9475.961045153977,29902.09447675204
9856.797288294772,9856.797288294772,9003.955635008793,9681.133665490079,29902.09447675204
9825.577880954566,9825.577880954566,9447.579370767711,9774.899527102027,29902.09447675204
11457.540461114308,11457.540461114308,9511.204199406875,9811.564974580466,29902.09447675204
9710.848305330606,9710.848305330606,9524.598088780067,9688.234526361259,29902.09447675204
9724.956705982442,9724.956705982442,8951.041181898432,9448.875945692771,29902.09447675204
10771.82121754107,10771.82121754107,9378.84428331993,9549.523935877385,29902.09447675204
9682.764918234761,9682.764918234761,8846.871951427838,9624.949960332757,29902.09447675204
9508.413693026272,9508.413693026272,8977.2003953044,9478.889854880108,29902.09447675204
10572.095060904809,10572.095060904809,8607.220442676258,9521.647180645377,29902.09447675204
10599.477948468384,10599.477948468384,8647.471977654935,9516.54381297667,29902.09447675204
9794.69956346278,9794.69956346278,8066.718307471552,9362.30279477646,29902.09447675204
9857.689087037601,9857.689087037601,8126.397031624819,9445.783792639379,29902.09447675204
10474.758915690445,10474.758915690445,7266.715058815904,9209.29219222779,29902.09447675204
10771.543655527894,10771.543655527894,7210.555776378227,9200.579939260797,29902.09447675204
10993.883847528808,10993.883847528808,8157.133426615292,9296.104815717474,29902.09447675204
10338.753271704838,10338.753271704838,7880.247822712581,9247.017381256623,29902.09447675204
10938.389348554569,10938.389348554569,7138.772864181575,9105.225642474708,29902.09447675204
10217.271758924817,10217.271758924817,7708.7364335419825,9210.788502483465,29902.09447675204
9575.618787007796,9575.618787007796,7340.377762864399,9187.315486002863,29902.09447675204
10296.018453147748,10296.018453147748,7051.168140343003,9207.031464495762,29902.09447675204
10173.031988879387,10173.031988879387,6592.113172662308,9002.228523826527,29902.09447675204
10794.296828351668,10794.296828351668,7235.667923372287,9226.979719308916,29902.09447675204
11256.68377617902,11256.68377617902,7411.484422973491,9108.792446218984,29902.09447675204
10493.291186560746,10493.291186560746,7344.595103754929,9030.316882019502,29902.09447675204
10613.630326664294,10613.630326664294,6908.571610855966,8820.254899332627,29902.09447675204
10919.541748037838,10919.541748037838,8263.679309790425,9037.217287831034,29902.09447675204
9421.003061939553,9421.003061939553,9158.49195972753,9216.603856839805,29902.09447675204
11478.549709587443,11478.549709587443,8776.711200383874,9111.232335092323,29902.09447675204
11517.740208938507,11517.740208938507,9529.446303766523,9109.893944080386,29902.09447675204
9353.023012201937,9353.023012201937,9466.138650314173,8991.013484558742,29902.09447675204
11698.802835186305,11698.802835186305,10579.163863422971,9171.309589521605,29902.09447675204
10185.13802292887,10185.13802292887,10284.261439567616,9073.260746113367,29902.09447675204
10002.385094368692,10002.385094368692,10157.976612700286,8832.921680415078,29902.09447675204
11191.968186651626,11191.968186651626,11178.765056464737,8820.513791924885,29902.09447675204
10923.677040844008,10923.677040844008,10802.121200139574,8594.62605523371,29902.09447675204
8826.822486348761,8826.822486348761,9854.730134798065,8445.932534850936,29902.09447675204
10608.715726669032,10608.715726669032,9007.8952290043,8317.172378401217,29902.09447675204
10846.26711610456,10846.26711610456,8481.575297183419,8190.353413265527,29902.09447675204
11496.789961791614,11496.789961791614,7323.941419055622,8085.9958945891085,29902.09447675204
10869.315855228722,10869.315855228722,6693.069794391995,7981.150256359714,29902.09447675204
10554.16078012875,10554.16078012875,6637.324519107303,8175.855099534584,29902.09447675204
10099.351628642622,10099.351628642622,6272.631754452828,8273.30750395705,29902.09447675204
10018.429145192005,10018.429145192005,7325.472591925849,8334.57057716448,29902.09447675204
11174.407454739705,11174.407454739705,7385.006158666038,8528.7040368088,29902.09447675204
10078.734741569659,10078.734741569659,8126.330961783517,8589.039676258555,29902.09447675204
10278.962703462317,10278.962703462317,7871.802444214608,8649.860798967122,29902.09447675204
9500.78865154143,9500.78865154143,8725.59308991562,8575.525018851371,29902.09447675204
10327.600696243893,10327.600696243893,9451.211176066445,8679.086900496024,29902.09447675204
9962.645699146451,9962.645699146451,9909.427271992598,8542.08264007108,29902.09447675204
9916.743820978576,9916.743820978576,10791.11813741428,8529.793340023676,29902.09447675204
9845.570029156406,9845.570029156406,10546.852900869206,8484.434552706667,29902.09447675204
10299.684823010068,10299.684823010068,11197.681878000381,8623.328005403586,29902.09447675204
10297.917104462782,10297.917104462782,10841.637684626618,8600.657274208428,29902.09447675204
10485.929551450101,10485.929551450101,10789.536068878224,8781.691632828431,29902.09447675204
9860.630768318983,9860.630768318983,11020.157149906188,9002.862869860108,29902.09447675204
9985.829220211665,9985.829220211665,11261.890074974342,9026.469957298003,29902.09447675204
11038.54011485236,11038.54011485236,11445.621112003975,9095.2748509666,29902.09447675204
10565.843000727384,10565.843000727384,11314.726796262861,9146.592180687716,29902.09447675204
10213.240473674854,10213.240473674854,11758.735788065622,9172.385709148952,29902.09447675204
10861.213488945881,10861.213488945881,11820.598385472109,9164.418621587112,29902.09447675204
11010.609333251392,11010.609333251392,11809.38183770315,9232.967258752988,29902.09447675204
9120.414668360863,9120.414668360863,11376.089406381578,9273.266480354938,29902.09447675204
10720.188007702003,10720.188007702003,11453.772762542025,9438.068814953653,29902.09447675204
10197.159494078425,10197.159494078425,11153.782722992752,9570.337022151338,29902.09447675204
9176.120059715055,9176.120059715055,11147.571906843243,9600.950565905698,29902.09447675204
11010.16086036216,11010.16086036216,11339.627571480782,9718.345907051644,29902.09447675204
10977.771037770091,10977.771037770091,10928.63323882507,9853.246925895299,29902.09447675204
10055.863504053688,10055.863504053688,11325.304399452676,9869.905773869854,29902.09447675204
10183.510228502004,10183.510228502004,10424.944566434722,9789.299069863016,29902.09447675204
9204.433564759714,9204.433564759714,10452.868639407432,9844.7587214,29902.09447675204
10850.1576279538,10850.1576279538,10136.500767417034,9941.844777703933,29902.09447675204
10057.644070627768,10057.644070627768,10469.855040974746,9920.10390387543,29902.09447675204
10605.40367909445,10605.40367909445,9863.750943326577,9928.52211902427,29902.09447675204
11362.087789586561,11362.087789586561,9838.036133097705,10069.02522801989,29902.09447675204
9366.81603085555,9366.81603085555,9015.537590110707,10022.343761756645,29902.09447675204
9437.383542540992,9437.383542540992,9639.986784462304,9993.607401986019,29902.09447675204
8857.27672216263,8857.27672216263,10060.625827567645,10033.673699463321,29902.09447675204
9776.290225575534,9776.290225575534,9877.34218299927,10090.031970392934,29902.09447675204
8799.037763888326,8799.037763888326,10127.695516410999,9908.948912391912,29902.09447675204
10308.70574636059,10308.70574636059,9347.489966422665,9821.028984621697,29902.09447675204
10795.956997832915,10795.956997832915,10004.683944590519,9826.948793937443,29902.09447675204
9349.238070585543,9349.238070585543,10046.387489501423,9872.529113862192,29902.09447675204
8228.016434552474,8228.016434552474,10816.986705559135,10060.32413759604,29902.09447675204
10173.078554388563,10173.078554388563,10197.425635524398,9872.757343831823,29902.09447675204
10090.303573368406,10090.303573368406,10446.673935833778,9951.254308895486,29902.09447675204
9763.89152076422,9763.89152076422,10137.704225633734,10050.202220153153,29902.09447675204
10576.686486928515,10576.686486928515,9013.31695590538,10034.758044843536,29902.09447675204
10108.5187963432,10108.5187963432,8255.023767856172,10044.721664527484,29902.09447675204
9734.829507716526,9734.829507716526,8646.304457755215,10173.421520131831,29902.09447675204
10370.091233232792,10370.091233232792,8889.929502360192,10260.400926215336,29902.09447675204
9599.32611553846,9599.32611553846,8184.444223243614,10136.372734764704,29902.09447675204
9984.22793922955,9984.22793922955,7265.077761649307,10071.018315301486,29902.09447675204
9761.787968832785,9761.787968832785,6480.847781329282,9891.399175476727,29902.09447675204
9790.841737141702,9790.841737141702,7621.444832311436,9920.045078560903,29902.09447675204
10811.352948796995,10811.352948796995,7228.522139611887,9771.69254446116,29902.09447675204
10577.508424429869,10577.508424429869,6153.959985309511,9706.633728372135,29902.09447675204
9885.879646687563,9885.879646687563,7418.200432334719,9773.279513327358,29902.09447675204
9307.952575843416,9307.952575843416,7424.471584139377,9639.373746142071,29902.09447675204
10183.965346760293,10183.965346760293,7941.439049618933,9779.823875657099,29902.09447675204
11072.075980086805,11072.075980086805,7403.743897678917,9582.926078268263,29902.09447675204
10146.797380148619,10146.797380148619,8228.275446485372,9672.657243887938,29902.09447675204
9542.55340163133,9542.55340163133,9344.92372249357,9700.466684200124,29902.09447675204
9306.39218112508,9306.39218112508,9920.496780449805,9707.170994641363,29902.09447675204
10233.242524553445,10233.242524553445,9879.038877498937,9737.945640285045,29902.09447675204
11216.835483169101,11216.835483169101,10844.844717921591,9736.630058064242,29902.09447675204
9185.75342118756,9185.75342118756,10906.154804632914,9635.48667430385,29902.09447675204
10840.147549373494,10840.147549373494,9698.87601912594,9423.93049475175,29902.09447675204
10971.771598268095,10971.771598268095,9776.20231699094,9331.668850287686,29902.09447675204
10449.087837394603,10449.087837394603,9592.611961810067,9346.599110405987,29902.09447675204
10214.350091453882,10214.350091453882,10691.31239153786,9357.068879481412,29902.09447675204
9582.921644270087,9582.921644270087,10507.658434019617,9412.31256315123,29902.09447675204
10149.406060090452,10149.406060090452,10303.717762671382,9485.992355458086,29902.09447675204
10368.793160094036,10368.793160094036,10290.708558985427,9474.558153930046,29902.09447675204
10250.750638396818,10250.750638396818,10345.376166138038,9576.264328914103,29902.09447675204
9898.944365119638,9898.944365119638,10448.064358949105,9596.728548485413,29902.09447675204
10424.82371196436,10424.82371196436,11542.135341300705,9675.988228267834,29902.09447675204
10438.67225941877,10438.67225941877,11572.019196407902,9552.607686268319,29902.09447675204
10629.624428008432,10629.624428008432,12341.352058206974,9534.878382038545,29902.09447675204
10980.181237028512,10980.181237028512,12659.044300620382,9793.41905724312,29902.09447675204
9679.219573517588,9679.219573517588,12584.155177404515,9783.32618708083,29902.09447675204
9282.88601205645,9282.88601205645,12079.113180611925,9800.835045790209,29902.09447675204
9056.931027309238,9056.931027309238,11679.05638257023,9727.832623777182,29902.09447675204
10170.520119583378,10170.520119583378,10951.601172182796,9692.128199701288,29902.09447675204
9227.851894509518,9227.851894509518,10829.982794529418,9774.653661200446,29902.09447675204
10026.678779117416,10026.678779117416,10760.391616150848,9945.699353693442,29902.09447675204
10124.204949152305,10124.204949152305,10146.270962202476,9777.245063815868,29902.09447675204
9784.194419376825,9784.194419376825,10074.947368543528,9555.471994463494,29902.09447675204
10973.547791292402,10973.547791292402,9617.020273246386,9482.81400008797,29902.09447675204
9260.572074653466,9260.572074653466,9724.4242147131,9712.76479690354,29902.09447675204
9644.100718628535,9644.100718628535,9545.699352489864,9822.96806429427,29902.09447675204
10422.672231035107,10422.672231035107,10011.102133385553,9802.118683549215,29902.09447675204
11216.12719102257,11216.12719102257,10420.423213321754,9802.639768541248,29902.09447675204
9781.683054257866,9781.683054257866,11466.711981846825,9822.073254958828,29902.09447675204
10433.836807898082,10433.836807898082,11409.467070081684,10017.061948111903,29902.09447675204
9650.192306698758,9650.192306698758,11661.61679607147,10188.687925740982,29902.09447675204
9916.528560834598,9916.528560834598,11694.001004402424,10088.504419569606,29902.09447675204
10787.469386934386,10787.469386934386,11741.313873678999,10101.07137801822,29902.09447675204
10464.678110317907,10464.678110317907,11870.992549931547,10206.007756503048,29902.09447675204
10571.949752825954,10571.949752825954,10909.90197766889,10165.484300886275,29902.09447675204
9651.063741244981,9651.063741244981,10015.136598718374,10048.009483565907,29902.09447675204
10531.707599709573,10531.707599709573,9004.213596242593,9966.072558149011,29902.09447675204
10459.470395722057,10459.470395722057,8604.624125430753,10070.549041297538,29902.09447675204
10437.539028423591,10437.539028423591,8139.482327266324,10153.800164146236,29902.09447675204
9859.131651955871,9859.131651955871,8322.030541680864,10157.179089985788,29902.09447675204
10454.99596766524,10454.99596766524,7408.785553265292,10224.74060847166,29902.09447675204
9927.280656722955,9927.280656722955,7564.074179253772,10370.52725835846,29902.09447675204
10721.44560832617,10721.44560832617,7559.931423140681,10129.41757617941,29902.09447675204
10565.34856294492,10565.34856294492,7646.570214857849,10250.427482646739,29902.09447675204
9873.937639249363,9873.937639249363,8447.299215038263,10266.65633397014,29902.09447675204
8491.230423510044,8491.230423510044,9824.95847801672,10532.25239963347,29902.09447675204
9487.681083983201,9487.681083983201,10758.619793629425,10472.141427577824,29902.09447675204
10882.127027777775,10882.127027777775,10209.065234612188,10243.377343721262,29902.09447675204
10290.997443351127,10290.997443351127,10835.530656115512,10336.806939279375,29902.09447675204
10421.63026806846,10421.63026806846,9801.177429067606,10141.606800299522,29902.09447675204
9031.733398004995,9031.733398004995,9774.067856703105,10010.585236227962,29902.09447675204
10355.259286209202,10355.259286209202,10328.634688460454,10255.023235123968,29902.09447675204
9797.531079740473,9797.531079740473,11194.888578631044,10428.62008808043,29902.09447675204
9135.572311670141,9135.572311670141,11377.26083571083,10570.639186390717,29902.09447675204
9772.784428375171,9772.784428375171,11392.032516695655,10626.540444947255,29902.09447675204
10081.054518940753,10081.054518940753,11174.87695565587,10628.96531245707,29902.09447675204
9885.588194862645,9885.588194862645,10776.826535844975,10525.975047942897,29902.09447675204
9587.027137596637,9587.027137596637,12133.171467890652,10609.268084765114,29902.09447675204
11188.456020794443,11188.456020794443,12265.52616524453,10731.770460531197,29902.09447675204
11341.133824029324,11341.133824029324,13322.705515818734,10737.072670235659,29902.09447675204
10553.028222314873,10553.028222314873,12909.281770813908,10502.828718600926,29902.09447675204
11332.136155998847,11332.136155998847,12744.163134924825,10495.42879384879,29902.09447675204
11113.142646913147,11113.142646913147,12252.586859096282,10564.733620618106,29902.09447675204
8603.237326106708,8603.237326106708,11535.600592744417,10409.488893298207,29902.09447675204
10886.811171075753,10886.811171075753,10812.217599444097,10257.175104712001,29902.09447675204
11445.962511139896,11445.962511139896,10881.71503815999,10288.477284608165,29902.09447675204
9379.790617026207,9379.790617026207,10332.653975463849,10176.68320691328,29902.09447675204
10286.02847181689,10286.02847181689,9288.303543409216,10131.117516932913,29902.09447675204
10022.614081100983,10022.614081100983,9081.181844003919,10357.686594895422,29902.09447675204
9531.209303318648,9531.209303318648,8426.401470105207,10256.356405350818,29902.09447675204
9861.954230966792,9861.954230966792,8688.866197303174,10088.52363483139,29902.09447675204
10787.690719270386,10787.690719270386,7603.399378468157,9986.854477101924,29902.09447675204
10647.75517446446,10647.75517446446,8238.491672325776,10197.442481374557,29902.09447675204
10145.0549885742,10145.0549885742,8553.865240228808,10196.857886694688,29902.09447675204
10065.235670689812,10065.235670689812,8424.495952618183,9997.189452293018,29902.09447675204
9554.933844310524,9554.933844310524,8300.730230927109,10039.483460295614,29902.09447675204
9825.86932312418,9825.86932312418,8326.163026103066,9839.695385456784,29902.09447675204
10482.899107918864,10482.899107918864,9155.449110005493,9878.12269626966,29902.09447675204
9968.316278690358,9968.316278690358,9127.452683799635,9889.834735285982,29902.09447675204
10720.937142995226,10720.937142995226,9517.45471556047,9877.953934446576,29902.09447675204
10964.671736878925,10964.671736878925,9863.268833334205,9728.854042283938,29902.09447675204
10572.730765508066,10572.730765508066,11186.647212295462,9885.383718680534,29902.09447675204
9441.247179536911,9441.247179536911,11232.733273168582,10095.726361272473,29902.09447675204
11303.352557872604,11303.352557872604,10995.929920987523,10021.845360905887,29902.09447675204
10978.042455040217,10978.042455040217,10816.281362213545,9978.46532920195,29902.09447675204
10805.415518843529,10805.415518843529,9812.517369975129,9998.959614546964,29902.09447675204
9376.577024421635,9376.577024421635,9812.690357102765,10001.390737628817,29902.09447675204
10781.728172302564,10781.728172302564,8570.38946941986,9871.275765067483,29902.09447675204
11302.156458986448,11302.156458986448,8653.303335898376,9992.598937012393,29902.09447675204
9212.033283389554,9212.033283389554,8742.606919580041,9962.069210026411,29902.09447675204
11652.972503847088,11652.972503847088,8125.60092116182,9872.217115863243,29902.09447675204
11028.825579891596,11028.825579891596,7404.926828099888,9853.554248449756,29902.09447675204
10252.560907481555,10252.560907481555,6946.881882175867,9973.11645307951,29902.09447675204
10794.857960843825,10794.857960843825,7709.880194088665,10034.507356752049,29902.09447675204
10387.287404821811,10387.287404821811,8102.3311347519675,9909.471713144689,29902.09447675204
10738.81430328968,10738.81430328968,9235.068980484275,9880.981715040474,29902.09447675204
10510.485635294499,10510.485635294499,9195.71811678309,9688.810402259549,29902.09447675204
9754.40981289491,9754.40981289491,9176.066938430007,9664.676105831046,29902.09447675204
10637.974435325488,10637.974435325488,9525.878517636718,9730.668509316636,29902.09447675204
10288.87381591448,10288.87381591448,9871.292145809693,9976.09215337483,29902.09447675204
10139.286835488021,10139.286835488021,11292.030235088245,10175.80959154027,29902.09447675204
9764.941413438071,9764.941413438071,11335.23780382506,10054.874871522677,29902.09447675204
10510.731191430825,10510.731191430825,10682.796681724743,9870.69807369825,29902.09447675204
9186.041292120086,9186.041292120086,9769.89361187848,9713.033911985578,29902.09447675204
10933.188553373244,10933.188553373244,9131.171257544556,9457.299461314467,29902.09447675204
10716.754512791213,10716.754512791213,8422.094919307392,9330.425307770778,29902.09447675204
10317.04583298287,10317.04583298287,9575.953427972485,9448.635780685052,29902.09447675204
9865.166311408802,9865.166311408802,10138.40529665293,9265.7228715835,29902.09447675204
11118.122905125325,11118.122905125325,9603.925552390181,9198.348386745765,29902.09447675204
10062.801329211337,10062.801329211337,8566.95054198556,9024.941158608195,29902.09447675204
10380.074810935183,10380.074810935183,7970.2615761983125,9188.005552617153,29902.09447675204
10210.659158495946,10210.659158495946,7322.561905321585,8970.55462560203,29902.09447675204
10163.136838582051,10163.136838582051,8318.766608567017,9083.934023592397,29902.09447675204
9950.192462263529,9950.192462263529,8837.90945133512,9173.495683703719,29902.09447675204
10529.542038155694,10529.542038155694,9794.975812522618,9253.851103930176,29902.09447675204
10143.122285173518,10143.122285173518,9946.917945742955,9143.465889287372,29902.09447675204
10007.937831989177,10007.937831989177,9742.359099920417,9330.576805576366,29902.09447675204
9663.396471785505,9663.396471785505,10008.83318514321,9409.828799930303,29902.09447675204
9103.629830187661,9103.629830187661,10037.538664080006,9389.619750760983,29902.09447675204
10533.487578691322,10533.487578691322,9724.25278011796,9284.511420610745,29902.09447675204
10115.271098199823,10115.271098199823,9525.345456288604,9355.301404414236,29902.09447675204
10035.062486930157,10035.062486930157,9622.476722346943,9374.370094377788,29902.09447675204
10644.415577183168,10644.415577183168,9111.016565096654,9258.439002146573,29902.09447675204
10774.835529509966,10774.835529509966,8622.445790513771,9187.211793760713,29902.09447675204
8920.564961143573,8920.564961143573,8928.696908797545,9354.691295166045,29902.09447675204
10504.541098956286,10504.541098956286,8951.589851815883,9273.637813465128,29902.09447675204
10028.452684014937,10028.452684014937,8711.828474296273,9407.709895215005,29902.09447675204
10952.82574923045,10952.82574923045,8338.52031292724,9246.44304051465,29902.09447675204
8408.765689939482,8408.765689939482,8207.116038940994,9205.552421789253,29902.09447675204
10287.232068319385,10287.232068319385,8755.93863134867,9132.208203768385,29902.09447675204
9100.153171774215,9100.153171774215,8755.912177556074,9133.830073258612,29902.09447675204
9588.359058498174,9588.359058498174,9475.585136779657,9032.157679274625,29902.09447675204
9501.28907986568,9501.28907986568,10641.125005830767,9140.117348679009,29902.09447675204
9782.6825069077,9782.6825069077,11872.80644361916,9362.587098287038,29902.09447675204
11129.924178281368,11129.924178281368,10700.038585872755,9331.442739897888,29902.09447675204
10650.639869553905,10650.639869553905,10770.811923714118,9465.296724212923,29902.09447675204
10604.67844604546,10604.67844604546,10835.480120847216,9612.267847963896,29902.09447675204
10449.528852402827,10449.528852402827,11560.515126253016,9844.46817188128,29902.09447675204
10501.798110856522,10501.798110856522,11080.278295178716,9690.947413645325,29902.09447675204
10383.11060761503,10383.11060761503,11114.603954729295,9606.607610798235,29902.09447675204
10968.669821760053,10968.669821760053,11896.00169123398,9887.910227273043,29902.09447675204
10950.65556631257,10950.65556631257,11073.195190727387,9765.811351800126,29902.09447675204
10585.329606941796,10585.329606941796,9494.61792266853,9649.664556777543,29902.09447675204
10579.75115291147,10579.75115291147,9218.491051314084,9664.309269732124,29902.09447675204
9418.381804132652,9418.381804132652,9612.9451661224,9633.565546171974,29902.09447675204
10295.17593133192,10295.17593133192,9938.455166478596,9605.97396141179,29902.09447675204
10961.340126437151,10961.340126437151,10043.031222291957,9781.73046906567,29902.09447675204
10813.005941546184,10813.005941546184,9303.000022128135,9869.854788620907,29902.09447675204
10089.614563213983,10089.614563213983,10239.602501644924,9833.692210446963,29902.09447675204
9769.650561974855,9769.650561974855,10294.904468642642,9691.330075364824,29902.09447675204
10848.764968445925,10848.764968445925,10022.720241283856,9634.048228512163,29902.09447675204
10209.417264399457,10209.417264399457,10655.634512944605,9629.890693624036,29902.09447675204
10458.599992431073,10458.599992431073,10534.614385883247,9620.028097609244,29902.09447675204
9872.518640077782,9872.518640077782,9610.376675241572,9632.40588240474,29902.09447675204
11135.492756487221,11135.492756487221,9399.88908176501,9687.309111016066,29902.09447675204
9546.386347363106,9546.386347363106,9074.259676054919,9736.406912761295,29902.09447675204
10862.844432103746,10862.844432103746,8164.047584737465,9499.349300418666,29902.09447675204
10547.507713866486,10547.507713866486,8848.578809157214,9611.889491121765,29902.09447675204
9756.068683220774,9756.068683220774,8732.881013301394,9659.483302629207,29902.09447675204
9928.718570196861,9928.718570196861,8068.622618982929,9591.664490764299,29902.09447675204
11129.275427706063,11129.275427706063,8207.09696949402,9681.415307171306,29902.09447675204
9518.457874264426,9518.457874264426,8265.146135251118,9818.407539609942,29902.09447675204
11089.52532129245,11089.52532129245,9003.428647673918,9756.960505430623,29902.09447675204
10036.507365191486,10036.507365191486,9421.496379994607,9749.123268136638,29902.09447675204
10096.678361561342,10096.678361561342,9494.785662945356,9627.271081100613,29902.09447675204
9402.856695240263,9402.856695240263,9419.38967181102,9630.901257974909,29902.09447675204
10627.349310273643,10627.349310273643,9807.598363255496,9512.397153085683,29902.09447675204
10218.190346506593,10218.190346506593,9106.826075209057,9431.488069134934,29902.09447675204
11355.843685435339,11355.843685435339,8593.130846178236,9370.601739048852,29902.09447675204
11052.865001515134,11052.865001515134,8697.925201892345,9386.398975119177,29902.09447675204
11327.268219184522,11327.268219184522,8442.518471888396,9464.849910291265,29902.09447675204
10349.154722949866,10349.154722949866,8493.002513307441,9592.512697802042,29902.09447675204
10027.370521029672,10027.370521029672,8821.62742196348,9699.08267680399,29902.09447675204
10598.713656237216,10598.713656237216,9305.149154278432,9885.66394088957,29902.09447675204
10080.377282376561,10080.377282376561,9992.074598758296,9839.946619092763,29902.09447675204
10158.07860385923,10158.07860385923,10497.808117525103,9940.144911116751,29902.09447675204
9977.172203893866,9977.172203893866,10259.65960411479,9821.963379049384,29902.09447675204
9715.040015536462,9715.040015536462,10350.990245618641,9833.982055673212,29902.09447675204
10485.353591845736,10485.353591845736,10369.698552817035,9803.11824182406,29902.09447675204
10517.35852510355,10517.35852510355,10592.856749255092,9753.78259870046,29902.09447675204
9600.158576060996,9600.158576060996,11018.488742749372,9917.365223329924,29902.09447675204
10654.592085050284,10654.592085050284,10925.603238142688,9882.51631807465,29902.09447675204
11037.510872325185,11037.510872325185,11074.630560965554,9785.783787830946,29902.09447675204
9449.74595120826,9449.74595120826,11112.487271272154,9733.60010642017,29902.09447675204
10137.362145986306,10137.362145986306,10625.748827147585,9825.088667347729,29902.09447675204
10647.589215309998,10647.589215309998,10761.333607353698,9938.249247844667,29902.09447675204
10638.693576598858,10638.693576598858,11622.6738225441,9979.402119388762,29902.09447675204
11137.47828240321,11137.47828240321,11096.158757348807,9741.110781892372,29902.09447675204
11254.734390703647,11254.734390703647,11717.83274444137,9930.629131676593,29902.09447675204
10808.725860810815,10808.725860810815,12111.88467690651,9953.238743135904,29902.09447675204
10867.224477032854,10867.224477032854,10757.632517788075,9689.691388640744,29902.09447675204
10053.121968649753,10053.121968649753,10134.971385429297,9694.87155701503,29902.09447675204
10122.691609356438,10122.691609356438,9119.375721479357,9710.735347593112,29902.09447675204
10816.74276459781,10816.74276459781,9025.884193041675,9695.078734765688,29902.09447675204
10338.87033889168,10338.87033889168,9075.813609595867,9717.662356042423,29902.09447675204
10858.812287790039,10858.812287790039,8405.78042648452,9631.714299845853,29902.09447675204
9767.640220047204,9767.640220047204,7661.591861632827,9503.114247256937,29902.09447675204
10088.05601832201,10088.05601832201,7683.074934651973,9417.125764397138,29902.09447675204
10576.942729172444,10576.942729172444,6374.303325519841,9157.569296451575,29902.09447675204
10140.734658865058,10140.734658865058,5714.048824757478,9037.067614358872,29902.09447675204
10712.385194511062,10712.385194511062,5634.188513083092,8811.985043000594,29902.09447675204
10665.919023533354,10665.919023533354,6219.424147103185,8807.629483846746,29902.09447675204
9708.10060145051,9708.10060145051,7046.728322230377,9013.158134862537,29902.09447675204
9527.109855447545,9527.109855447545,7202.721260998248,9213.547651917022,29902.09447675204
9865.651651163105,9865.651651163105,7539.512174783813,9345.586974646183,29902.09447675204
9405.938306128797,9405.938306128797,7924.889506559443,9401.840265946756,29902.09447675204
11313.763135443298,11313.763135443298,8056.835338508581,9481.671798011159,29902.09447675204
11245.028786528399,11245.028786528399,8932.046697974645,9433.819342160625,29902.09447675204
10552.65249897948,10552.65249897948,9191.526545296812,9249.298402850658,29902.09447675204
10215.116758723942,10215.116758723942,10512.074988422759,9525.758088246837,29902.09447675204
9865.859098599527,9865.859098599527,11715.73464300124,9513.712577702036,29902.09447675204
10005.191564795841,10005.191564795841,12310.235154277467,9616.647287652017,29902.09447675204
10196.155084322536,10196.155084322536,12477.592860132258,9707.990977354204,29902.09447675204
10890.541097412617,10890.541097412617,12335.263323139327,9796.301040545968,29902.09447675204
9068.306287108357,9068.306287108357,11353.022906858809,9717.234423428874,29902.09447675204
9916.491063562156,9916.491063562156,10797.465767909951,9677.455485166543,29902.09447675204
11794.396514851294,11794.396514851294,11136.014162941578,9747.354957948373,29902.09447675204
10568.497794182646,10568.497794182646,10995.666686862525,9811.587464491318,29902.09447675204
10612.831950037807,10612.831950037807,11574.620187695844,9845.59627115418,29902.09447675204
10787.752505739327,10787.752505739327,10713.098885117366,9928.79282489184,29902.09447675204
11096.010589656911,11096.010589656911,10874.663888086554,10000.141660941666,29902.09447675204
11052.405458119903,11052.405458119903,9782.708557079392,9874.588496406406,29902.09447675204
9097.706728473675,9097.706728473675,9169.104287638833,9777.486350489278,29902.09447675204
10558.882916214932,10558.882916214932,9454.463696136776,9826.163948917636,29902.09447675204
10029.00711884632,10029.00711884632,9366.697398420347,9592.158983361282,29902.09447675204
10045.662978817005,10045.662978817005,10030.969819220256,9584.087825505574,29902.09447675204
9779.077668870963,9779.077668870963,9955.266759497243,9686.476389024867,29902.09447675204
10843.70493514779,10843.70493514779,10080.480570421707,9757.485529451931,29902.09447675204
10647.162559855877,10647.162559855877,10198.94832745533,9811.446226081838,29902.09447675204
10367.304274842669,10367.304274842669,10589.186458922439,9928.05876682531,29902.09447675204
9446.248159100394,9446.248159100394,10123.340151669445,9821.11194272568,29902.09447675204
10697.492211879686,10697.492211879686,11512.166872981301,9991.90122337413,29902.09447675204
11191.711452749172,11191.711452749172,12272.353626750517,10017.030963646268,29902.09447675204
11429.173894525764,11429.173894525764,11164.341475582356,9836.534789779676,29902.09447675204
10761.087199398571,10761.087199398571,11902.303449744422,9847.469907880652,29902.09447675204
11781.024703482099,11781.024703482099,11823.855116172905,9796.592127269418,29902.09447675204
10930.009113280077,10930.009113280077,11224.171954019504,9606.776015319947,29902.09447675204
10343.742072554725,10343.742072554725,10768.193023258007,9691.89238263377,29902.09447675204
10800.80714778352,10800.80714778352,10840.346832322071,9635.94904365798,29902.09447675204
10240.504391322283,10240.504391322283,10524.645843844974,9610.611000213004,29902.09447675204
10107.453097898022,10107.453097898022,10796.683641689047,9828.922167505876,29902.09447675204
10091.71635580795,10091.71635580795,9374.943130035686,9839.895572295407,29902.09447675204
9816.469068204296,9816.469068204296,9167.989110093466,10026.75364136909,29902.09447675204
9178.450227804911,9178.450227804911,9040.119231407722,9839.381797452887,29902.09447675204
9871.664612856253,9871.664612856253,8875.290750405271,9807.365336042532,29902.09447675204
11408.760561709649,11408.760561709649,8362.628872678722,9787.961816508256,29902.09447675204
10915.25755381122,10915.25755381122,8709.20902281062,9816.299447555504,29902.09447675204
10929.851104259571,10929.851104259571,9475.34141564686,10050.345678832748,29902.09447675204
9857.793919170164,9857.793919170164,9178.147587133482,10196.717895980708,29902.09447675204
10380.74020649967,10380.74020649967,9063.352710686066,10280.47177739872,29902.09447675204
9689.295935072938,9689.295935072938,8926.46316349402,10487.37709758806,29902.09447675204
11693.337847960313,11693.337847960313,8878.9475151365,10371.80024590207,29902.09447675204
10788.773891097808,10788.773891097808,8507.810532109132,10318.97008334484,29902.09447675204
10343.28513469275,10343.28513469275,9157.970751774114,10230.431695608058,29902.09447675204
10256.835639275318,10256.835639275318,9940.116498321355,10287.486200750041,29902.09447675204
10398.599928964968,10398.599928964968,9478.348975062407,10098.653710208848,29902.09447675204
10859.486510178807,10859.486510178807,10437.17756031743,10292.367891917274,29902.09447675204
9446.097006280143,9446.097006280143,10317.606366740698,10327.457612585958,29902.09447675204
9957.866351214916,9957.866351214916,10711.711984820085,10500.754983885363,29902.09447675204
10537.81107811704,10537.81107811704,11652.296924175675,10508.516164549303,29902.09447675204
10362.361276253561,10362.361276253561,10681.383035119998,10280.506776011813,29902.09447675204
9965.373065204874,9965.373065204874,11713.526760455487,10252.458567137675,29902.09447675204
9867.613367413396,9867.613367413396,11923.841144593644,10208.219740237117,29902.09447675204
10466.335144199107,10466.335144199107,12619.936297507113,10287.366290481617,29902.09447675204
10435.941779579778,10435.941779579778,12365.96171333273,10490.073962044826,29902.09447675204
10962.556570621131,10962.556570621131,13513.373987367415,10641.83535410034,29902.09447675204
10632.467162585363,10632.467162585363,13598.300883777105,10784.82523608438,29902.09447675204
10766.624328642189,10766.624328642189,12424.723622016054,10613.268999616665,29902.09447675204
10643.730758248901,10643.730758248901,11649.876867961038,10515.806319938401,29902.09447675204
10756.236007047193,10756.236007047193,10255.461015377923,10416.988590601415,29902.09447675204
9323.715192082314,9323.715192082314,10351.848906581825,10175.943779710866,29902.09447675204
9994.706256426884,9994.706256426884,9775.46733842318,10251.010323406434,29902.09447675204
10516.642829782977,10516.642829782977,9462.782226725716,10266.955328054495,29902.09447675204
10431.082344845605,10431.082344845605,8132.449699360467,10022.963491126355,29902.09447675204
9651.874773141806,9651.874773141806,7677.020280012592,10152.138538363273,29902.09447675204
9821.109159876452,9821.109159876452,6518.671852055027,9939.375760667295,29902.09447675204
10356.955422827581,10356.955422827581,6183.1334169195425,10030.39856756884,29902.09447675204
11045.703299561446,11045.703299561446,7361.837168631228,10069.540319258569,29902.09447675204
10020.069635496811,10020.069635496811,7551.789990508567,9986.374652549048,29902.09447675204
10577.439781781117,10577.439781781117,8393.96079629882,9977.94345807669,29902.09447675204
9704.512691698423,9704.512691698423,8910.814831613297,9933.438715699638,29902.09447675204
10485.414995900073,10485.414995900073,9503.783461468754,9849.333641103922,29902.09447675204
9647.99118145028,9647.99118145028,10299.140261595052,9872.312655023401,29902.09447675204
9870.98092461137,9870.98092461137,11520.129415336276,10094.121079077137,29902.09447675204
10138.133534798006,10138.133534798006,11069.419844527816,9985.561817319953,29902.09447675204
11207.56601714775,11207.56601714775,12001.50053730101,9974.904844892917,29902.09447675204
11144.377966404885,11144.377966404885,10966.07840777811,9978.779858320562,29902.09447675204
10434.04061329387,10434.04061329387,10252.996351612044,9966.500984929377,29902.09447675204
11909.637418752864,11909.637418752864,10529.899951653166,9924.285276415267,29902.09447675204
11208.664323871733,11208.664323871733,9749.547212043144,9822.923731716326,29902.09447675204
11285.692278121765,11285.692278121765,9182.37407940908,9610.576803243644,29902.09447675204
10932.798814328502,10932.798814328502,8632.390072040405,9700.823029504867,29902.09447675204
10653.650339932798,10653.650339932798,8228.800926593836,9684.475018323476,29902.09447675204
9403.170074240921,9403.170074240921,8118.7671896650745,9909.850670728609,29902.09447675204
8810.83911020074,8810.83911020074,8080.278815704136,9826.559430379726,29902.09447675204
11764.315093650912,11764.315093650912,8381.569065025053,9978.692883362182,29902.09447675204
10823.246705721247,10823.246705721247,9700.473966277226,10177.032847013883,29902.09447675204
10926.897806131528,10926.897806131528,10671.94156756062,10205.821015312129,29902.09447675204
9971.684120652793,9971.684120652793,10660.064223676814,10220.668603723934,29902.09447675204
9841.459508415206,9841.459508415206,10626.21647558561,10135.496484696234,29902.09447675204
11029.500012121456,11029.500012121456,10623.827479233481,9950.049666391538,29902.09447675204
10333.466967699125,10333.466967699125,10215.638917590888,9968.161309995743,29902.09447675204
10703.504752047465,10703.504752047465,9282.962929994468,9839.505497900544,29902.09447675204
10553.51044013795,10553.51044013795,9578.264725243285,9993.909465422443,29902.09447675204
9310.56745064153,9310.56745064153,9510.304292900275,9740.59698929551,29902.09447675204
10374.653218451476,10374.653218451476,9031.011494394073,9889.225387228515,29902.09447675204
8967.828797790316,8967.828797790316,8393.608769777406,9768.319088905877,29902.09447675204
10927.436507924205,10927.436507924205,8060.722056970406,9754.44415335807,29902.09447675204
10115.689414639195,10115.689414639195,8270.32882850022,9732.391972459962,29902.09447675204
10019.310793670675,10019.310793670675,8393.249019381285,9483.686903737354,29902.09447675204
10871.267390198374,10871.267390198374,9368.350465565565,9687.443152480651,29902.09447675204
9641.83934201818,9641.83934201818,9321.387901916733,9489.733538287992,29902.09447675204
10473.550274215953,10473.550274215953,10315.85587526215,9517.908444034245,29902.09447675204
9533.677862136543,9533.677862136543,9791.96795670915,9428.315797262849,29902.09447675204
9945.939058087806,9945.939058087806,11158.031993677838,9499.011045364532,29902.09447675204
11547.496211455235,11547.496211455235,10356.7445227329,9257.899494301613,29902.09447675204
9662.004681886141,9662.004681886141,10220.89777527624,9092.838467205705,29902.09447675204
10311.400816442769,10311.400816442769,9979.660590008269,9265.431546956512,29902.09447675204
9460.954638946845,9460.954638946845,9603.027208321044,9323.022040531963,29902.09447675204
11251.9333212787,11251.9333212787,9653.098183131104,9363.214337287993,29902.09447675204
10139.271312071543,10139.271312071543,9730.63135042396,9563.199641249077,29902.09447675204
10113.038696749167,10113.038696749167,9628.31776921995,9460.303624447346,29902.09447675204
10914.268077321793,10914.268077321793,9057.24818304775,9436.80163529865,29902.09447675204
10753.244741098839,10753.244741098839,8178.426835883851,9437.511224567528,29902.09447675204
10545.476281696376,10545.476281696376,6845.748925058356,9332.756774373684,29902.09447675204
10077.044320867635,10077.044320867635,7389.6822688131215,9432.101577653231,29902.09447675204
9800.03737167479,9800.03737167479,7226.527694557759,9301.517322733347,29902.09447675204
11637.528423362604,11637.528423362604,7120.500327005984,9217.164178631465,29902.09447675204
11196.24286622568,11196.24286622568,6947.316303626355,9202.127303155521,29902.09447675204
10512.561862528806,10512.561862528806,7304.426036360938,9145.307385300417,29902.09447675204
12062.448110775924,12062.448110775924,6921.285431880691,9165.293761302555,29902.09447675204
11210.45290829825,11210.45290829825,6972.141926056774,8953.97531736495,29902.09447675204
10661.656797402358,10661.656797402358,7511.029290313873,8879.179441042415,29902.09447675204
10977.852492538932,10977.852492538932,7628.838623203042,8659.253066140882,29902.09447675204
10616.458874026703,10616.458874026703,8876.877487708027,8894.248303009726,29902.09447675204
9246.75084286473,9246.75084286473,8397.961944711058,8711.393859135242,29902.09447675204
8592.436026668385,8592.436026668385,8023.079028138787,8712.917446805484,29902.09447675204
10093.471688401312,10093.471688401312,7371.649266458667,8640.89476160079,29902.09447675204
11231.796798517527,11231.796798517527,7397.940424561064,8575.7353977371,29902.09447675204
11213.111183992554,11213.111183992554,7940.537508862278,8783.505444664243,29902.09447675204
10127.04384872269,10127.04384872269,8271.59937995952,8983.138821412644,29902.09447675204
10876.97644327809,10876.97644327809,9052.724026212245,9038.042108199317,29902.09447675204
10450.638154250053,10450.638154250053,8132.178574149846,8859.854970553617,29902.09447675204
10188.077320064864,10188.077320064864,9273.34640918311,8890.16891004449,29902.09447675204
10388.450643927721,10388.450643927721,9122.58424509783,9102.709388888465,29902.09447675204
10751.434591219178,10751.434591219178,9447.53293550655,8924.58663323154,29902.09447675204
9276.708123420642,9276.708123420642,10491.928405453871,8871.208334640813,29902.09447675204
9643.436670345094,9643.436670345094,11110.077876151761,8728.522023319016,29902.09447675204
10489.42564666771,10489.42564666771,10658.75221607737,8575.47299621721,29902.09447675204
10545.126502721263,10545.126502721263,10766.829736663492,8811.628096879818,29902.09447675204
9867.011502069206,9867.011502069206,9804.134977938767,8819.200321153701,29902.09447675204
10795.73211117079,10795.73211117079,8951.388526179075,8785.192029916954,29902.09447675204
10666.689598027551,10666.689598027551,8951.288645132696,8793.520113581262,29902.09447675204
11252.49745049054,11252.49745049054,8203.240670902826,8615.164099176396,29902.09447675204
9889.39060570649,9889.39060570649,7648.719489802184,8730.392428268848,29902.09447675204
9959.763033887015,9959.763033887015,8585.795013342986,8835.543337021321,29902.09447675204
10711.427428969255,10711.427428969255,7916.127976592956,8775.712176003923,29902.09447675204
9910.412120342004,9910.412120342004,8567.520320392758,8829.881676003488,29902.09447675204
9658.645487093441,9658.645487093441,9905.212493015964,8902.449729120359,29902.09447675204
11060.232554252932,11060.232554252932,9775.669294557727,9088.11215191511,29902.09447675204
10523.587522523212,10523.587522523212,9743.394330265693,8894.209094093727,29902.09447675204
10162.42117393281,10162.42117393281,10888.19325077502,9098.553099688612,29902.09447675204
9826.12820323381,9826.12820323381,10724.89446909685,8875.327832348203,29902.09447675204
10707.298101797283,10707.298101797283,11276.839229328683,8912.138353700302,29902.09447675204
10140.344567938759,10140.344567938759,11273.762495380059,8753.538528609291,29902.09447675204
11410.625463186956,11410.625463186956,10491.593557848588,8862.51314404446,29902.09447675204
10849.546921805171,10849.546921805171,11536.464238442399,9038.825468637155,29902.09447675204
10270.707896322741,10270.707896322741,11328.883345417888,9099.726227085412,29902.09447675204
9817.754852019207,9817.754852019207,9971.149424537662,8976.074172363682,29902.09447675204
10549.532516293419,10549.532516293419,10098.179424946791,9177.128400278245,29902.09447675204
10415.933766703052,10415.933766703052,10785.789302301951,9105.240684469325,29902.09447675204
10633.681442188948,10633.681442188948,9833.600499814967,9139.609645807617,29902.09447675204
12095.620674445518,12095.620674445518,9946.620248169758,9053.202245372606,29902.09447675204
10096.771012814492,10096.771012814492,9814.007696444376,9239.254525812406,29902.09447675204
10946.539665195842,10946.539665195842,9260.583201331183,9236.505383863856,29902.09447675204
11407.343676305401,11407.343676305401,9303.75055767494,9245.326801816826,29902.09447675204
10583.562472149797,10583.562472149797,8839.631321026765,9361.446193930955,29902.09447675204
9937.702965200173,9937.702965200173,8894.365283450205,9454.499218374256,29902.09447675204
10665.957378718282,10665.957378718282,8923.67751854947,9371.346415348307,29902.09447675204
10688.16213842035,10688.16213842035,8895.057101593553,9495.25461332477,29902.09447675204
10078.870945439934,10078.870945439934,8218.254925789928,9364.634583251172,29902.09447675204
10213.495386114957,10213.495386114957,9208.774874653416,9586.936235526948,29902.09447675204
10064.714574908505,10064.714574908505,9734.141217045515,9497.824630718935,29902.09447675204
10716.346120175733,10716.346120175733,9233.563571164492,9560.199515404696,29902.09447675204
11001.412384770321,11001.412384770321,9618.057458755302,9384.741378073311,29902.09447675204
9904.589687213034,9904.589687213034,10561.084330668833,9677.95127900838,29902.09447675204
10167.286399240322,10167.286399240322,9709.696897716365,9698.76976784647,29902.09447675204
9599.037491539702,9599.037491539702,9511.261359311733,9882.42163694487,29902.09447675204
10086.744926152058,10086.744926152058,10454.431271235095,9982.644584683112,29902.09447675204
11176.505936140786,11176.505936140786,9701.632831130386,9847.473677778391,29902.09447675204
9624.906745721566,9624.906745721566,9693.044909820837,9648.923689223437,29902.09447675204
10483.428547485386,10483.428547485386,8564.007758303485,9489.192981945194,29902.09447675204
10620.930309087764,10620.930309087764,8664.242317162698,9604.237379321505,29902.09447675204
10899.934197526372,10899.934197526372,9304.005175479997,9566.331268664075,29902.09447675204
11552.34750806627,11552.34750806627,9895.034341463304,9539.231397346406,29902.09447675204
11205.365429488513,11205.365429488513,8826.2250586529,9553.689703637652,29902.09447675204
10000.848024943698,10000.848024943698,8763.772049284264,9353.13849661255,29902.09447675204
9442.106799971514,9442.106799971514,8119.311708904696,9284.268403495456,29902.09447675204
11515.674336188096,11515.674336188096,7229.913021748887,9296.876745817415,29902.09447675204
10509.514122490957,10509.514122490957,6793.4533211711505,9052.798394679923,29902.09447675204
9933.666497650825,9933.666497650825,7708.341735509623,9229.765040737608,29902.09447675204
11170.885703283813,11170.885703283813,8237.443728518225,9346.404022413024,29902.09447675204
10018.148598150745,10018.148598150745,8177.83582674743,9449.546815644451,29902.09447675204
10610.184765186372,10610.184765186372,7513.495250767611,9428.382184637032,29902.09447675204
11197.954042414653,11197.954042414653,7457.3984952171595,9500.967198429402,29902.09447675204
9431.636396295884,9431.636396295884,8033.148180175338,9443.16033700412,29902.09447675204
9207.503208588156,9207.503208588156,8711.472704825359,9512.20744225903,29902.09447675204
10104.021558170109,10104.021558170109,8852.528457780685,9341.27003097304,29902.09447675204
10878.352109394827,10878.352109394827,9834.482430498578,9282.73073331394,29902.09447675204
10516.654025219907,10516.654025219907,10973.296220848366,9292.32377993805,29902.09447675204
10951.2540547051,10951.2540547051,10598.216724431837,9400.729519570836,29902.09447675204
10089.316052323373,10089.316052323373,10731.887190552154,9315.14281036845,29902.09447675204
10030.756988344732,10030.756988344732,10069.384517201757,9318.444825265433,29902.09447675204
10445.592524887958,10445.592524887958,9667.252578048052,9106.464854380905,29902.09447675204
10794.641670372293,10794.641670372293,9240.260555312389,9094.266810415867,29902.09447675204
10732.737897954208,10732.737897954208,9565.057556287402,9257.853136691881,29902.09447675204
10687.43795998712,10687.43795998712,9952.293702813718,9195.373335133296,29902.09447675204
11129.27622106672,11129.27622106672,10121.633413992848,9099.820044688035,29902.09447675204
9984.885361845376,9984.885361845376,9035.048581359619,9095.510564678329,29902.09447675204
10004.752082300836,10004.752082300836,9348.52916608426,9142.393728165544,29902.09447675204
11684.829160975092,11684.829160975092,8796.082249801677,9002.788109070782,29902.09447675204
10300.738145758272,10300.738145758272,9539.116440328395,9256.245998471135,29902.09447675204
10097.62102044993,10097.62102044993,10104.285529947245,9349.97788162093,29902.09447675204
10462.655572552954,10462.655572552954,11051.47163275887,9353.957641643805,29902.09447675204
11107.018398863142,11107.018398863142,10860.380702221653,9414.226310593962,29902.09447675204
11655.61771941063,11655.61771941063,9959.770757297987,9389.05717661649,29902.09447675204
9751.345721873704,9751.345721873704,9883.724126494093,9404.19189622676,29902.09447675204
10276.388695697578,10276.388695697578,10224.999011668351,9365.946790331664,29902.09447675204
9543.037696528416,9543.037696528416,11183.681937515974,9547.51144847163,29902.09447675204
9499.254299933513,9499.254299933513,10965.151154003377,9556.412538647508,29902.09447675204
10981.384254644558,10981.384254644558,10977.792656376096,9554.695655188016,29902.09447675204
9878.027699220464,9878.027699220464,10655.88215495778,9545.667454532007,29902.09447675204
11442.609769267523,11442.609769267523,11431.662873445337,9689.482212900894,29902.09447675204
10258.921669009738,10258.921669009738,11190.756052755682,9745.396137962043,29902.09447675204
10344.725962248238,10344.725962248238,11268.874183053083,9744.389655453519,29902.09447675204
10090.615729081224,10090.615729081224,10888.575958656415,9454.55550221401,29902.09447675204
11172.415355756528,11172.415355756528,10214.807445328037,9505.214005749096,29902.09447675204
10903.70571940231,10903.70571940231,10068.775183350195,9477.449555139356,29902.09447675204
10339.92821345722,10339.92821345722,9112.014333449153,9279.028060914443,29902.09447675204
11451.57300698836,11451.57300698836,7867.419429215779,9189.569858264587,29902.09447675204
10378.118542469801,10378.118542469801,8478.991468879405,9311.884966999729,29902.09447675204
11037.802575315016,11037.802575315016,7496.680092611826,9332.201921393676,29902.09447675204
11232.343758319314,11232.343758319314,7274.598064797765,9411.553362427907,29902.09447675204
10693.52895743785,10693.52895743785,7149.8577773964425,9314.566658345331,29902.09447675204
10090.640074885865,10090.640074885865,7680.516729747015,9301.48613311026,29902.09447675204
10177.983701471985,10177.983701471985,8632.926928991239,9415.895876281676,29902.09447675204
10707.398389674889,10707.398389674889,9358.39002753593,9624.137601399427,29902.09447675204
10388.446515375965,10388.446515375965,9922.672770473713,9838.121767453158,29902.09447675204
10578.509569853966,10578.509569853966,9975.231789967182,9828.091814558102,29902.09447675204
10426.77233501913,10426.77233501913,10506.02256229043,9932.083706488444,29902.09447675204
10622.559579022573,10622.559579022573,10314.791082078355,9833.174836313474,29902.09447675204
10139.267539428494,10139.267539428494,11423.552148452103,9969.42360538045,29902.09447675204
9986.389348437853,9986.389348437853,11531.70733223169,10082.327663524758,29902.09447675204
10189.533461603718,10189.533461603718,10941.502932390678,10000.168194669945,29902.09447675204
11064.413501525065,11064.413501525065,10886.97250221328,9987.400934509486,29902.09447675204
10153.520751467826,10153.520751467826,9973.943806713247,9804.055001589257,29902.09447675204
10129.906343558983,10129.906343558983,9907.93250610465,9863.429561655284,29902.09447675204
10451.382006858894,10451.382006858894,9011.277310585787,9869.871538014178,29902.09447675204
10406.438687498547,10406.438687498547,10142.205607792348,9889.636450016857,29902.09447675204
9610.464845819626,9610.464845819626,10365.320998653402,9810.48866204945,29902.09447675204
9964.270237476725,9964.270237476725,11055.426855924048,9924.616862611914,29902.09447675204
9453.324455398784,9453.324455398784,9927.327180631513,9808.511603396324,29902.09447675204
11659.960715983698,11659.960715983698,8854.697314500383,9839.390222984484,29902.09447675204
10337.485670455084,10337.485670455084,8933.924086764468,9853.502496413228,29902.09447675204
9851.243132491436,9851.243132491436,8989.726209946546,9937.294065436314,29902.09447675204
10289.763815290235,10289.763815290235,10394.457239359854,9969.934938203747,29902.09447675204
10251.808141336796,10251.808141336796,10564.19510463364,9985.80984201927,29902.09447675204
9279.65866045552,9279.65866045552,11121.8450564011,10069.91386649583,29902.09447675204
10703.151220697142,10703.151220697142,11078.504657732152,10298.327665291361,29902.09447675204
10347.66199634271,10347.66199634271,11569.18109049361,10254.61904693132,29902.09447675204
10261.139172912053,10261.139172912053,11599.554963975836,10485.311405446748,29902.09447675204
9919.191435812561,9919.191435812561,12201.757298814358,10341.039775093517,29902.09447675204
10085.62350875839,10085.62350875839,13542.55971294347,10527.04505958373,29902.09447675204
9560.383957361795,9560.383957361795,13465.663544343526,10336.340878730158,29902.09447675204
10303.073875021291,10303.073875021291,12564.079428466517,10278.033810685287,29902.09447675204
9705.054028698953,9705.054028698953,11795.00433072975,10336.981652890101,29902.09447675204
9693.622090359586,9693.622090359586,10577.137755706233,10124.492567861696,29902.09447675204
10397.02874784843,10397.02874784843,9518.769856929113,9928.668035547982,29902.09447675204
9886.628518197205,9886.628518197205,8357.96220438367,9733.1837186649,29902.09447675204
9795.229413561508,9795.229413561508,7174.412261565941,9496.471268443835,29902.09447675204
10228.79184769673,10228.79184769673,7363.11524225835,9762.375922623198,29902.09447675204
10504.247522432204,10504.247522432204,7810.390709207784,9771.941485943518,29902.09447675204
8968.848056394081,8968.848056394081,6857.971199583035,9612.30672481127,29902.09447675204
11805.697416429375,11805.697416429375,7854.592104308098,9669.108089040643,29902.09447675204
10911.013217174721,10911.013217174721,7944.908098328657,9613.240593740402,29902.09447675204
9544.577683458243,9544.577683458243,7192.753612879025,9597.817183734624,29902.09447675204
10953.28398380732,10953.28398380732,7777.147853108303,9636.960649417751,29902.09447675204
9844.342024543987,9844.342024543987,8484.602103454075,9611.833419568758,29902.09447675204
10048.379671174294,10048.379671174294,8646.564239947435,9640.09369996456,29902.09447675204
9911.37632241961,9911.37632241961,8647.333375639204,9652.454057728519,29902.09447675204
9991.32440367693,9991.32440367693,7233.008490359747,9513.179326919266,29902.09447675204
10266.892592640535,10266.892592640535,6242.395144705946,9521.08449636234,29902.09447675204
10561.226934910757,10561.226934910757,7041.339742947879,9565.655060441293,29902.09447675204
10302.368877486007,10302.368877486007,7046.968355322114,9648.530204625777,29902.09447675204
11347.105556825132,11347.105556825132,6925.921750836959,9462.321597958393,29902.09447675204
10747.558293084661,10747.558293084661,7867.005917826822,9444.632981501738,29902.09447675204
10502.964099671244,10502.964099671244,7979.394125899684,9361.1614690905,29902.09447675204
10833.54626471935,10833.54626471935,8548.811687896723,9337.06120305336,29902.09447675204
10813.616149980262,10813.616149980262,9074.809306890656,9460.009203349253,29902.09447675204
11254.166001243902,11254.166001243902,10011.547432251824,9553.559031720795,29902.09447675204
10197.545193001797,10197.545193001797,10040.416706804835,9458.304451864564,29902.09447675204
10753.942772781618,10753.942772781618,10460.741109895309,9328.522288650984,29902.09447675204
10791.950362723692,10791.950362723692,9919.869760431711,9243.287546081296,29902.09447675204
10723.527359249121,10723.527359249121,9420.955306477752,9344.420679443192,29902.09447675204
10258.430047808233,10258.430047808233,10081.482621498068,9301.223621815348,29902.09447675204
9555.518610767305,9555.518610767305,9964.640467075518,9442.772313574193,29902.09447675204
10724.236624111607,10724.236624111607,9791.404663936139,9337.8559006568,29902.09447675204
10387.272963434947,10387.272963434947,9724.676656792475,9479.741072294695,29902.09447675204
9932.421860587232,9932.421860587232,10192.189006792505,9470.005883149284,29902.09447675204
10086.796883077228,10086.796883077228,10504.228812335965,9581.340594457308,29902.09447675204
9800.877248653842,9800.877248653842,10520.659917496447,9351.351064179042,29902.09447675204
9628.400917301362,9628.400917301362,11059.281337835017,9554.913120091684,29902.09447675204
10003.713458943917,10003.713458943917,11013.418082186265,9675.031699618472,29902.09447675204
9617.965460603024,9617.965460603024,11548.991385177156,9867.43413912573,29902.09447675204
10442.430666259774,10442.430666259774,11925.099780333865,9888.298335892812,29902.09447675204
11020.40328274796,11020.40328274796,12336.435590928637,9831.16798388795,29902.09447675204
10499.826172125631,10499.826172125631,12560.427047313136,9737.102289192699,29902.09447675204
10921.08837019142,10921.08837019142,12439.616550130448,9743.295371040565,29902.09447675204
10685.755222746222,10685.755222746222,11985.139966747232,9651.332944952299,29902.09447675204
10151.489161009955,10151.489161009955,10856.644335436522,9438.833243445892,29902.09447675204
10800.170749717772,10800.170749717772,12285.064980766001,9488.453067537075,29902.09447675204
9720.075743344174,9720.075743344174,12162.422399966486,9547.046140322107,29902.09447675204
9589.783824456288,9589.783824456288,11942.189386926008,9354.957634414981,29902.09447675204
9773.452836116661,9773.452836116661,11587.177735938714,9491.736977444767,29902.09447675204
10839.267944934276,10839.267944934276,10609.580449830075,9497.398540165525,29902.09447675204
10712.325045170797,10712.325045170797,9777.073756823978,9427.581869106796,29902.09447675204
11505.121658277845,11505.121658277845,10368.559999571706,9695.386737965793,29902.09447675204
11084.055792429943,11084.055792429943,10447.718390911745,9929.085077837091,29902.09447675204
10591.046460404017,10591.046460404017,10802.795439608253,10140.299591997216,29902.09447675204
10246.324420091163,10246.324420091163,10742.644170447851,10152.479625222273,29902.09447675204
9818.270811547192,9818.270811547192,9930.681922590316,10001.96640360347,29902.09447675204
10774.025301005751,10774.025301005751,8970.967628583454,9779.161524197241,29902.09447675204
10212.299238307192,10212.299238307192,8972.749865688125,9777.913367636,29902.09447675204
11690.17321969774,11690.17321969774,9328.659390844208,9786.550434751989,29902.09447675204
10104.346184486456,10104.346184486456,10006.217572098669,9909.660434919528,29902.09447675204
10777.789911775748,10777.789911775748,10011.005688950183,9991.23228432103,29902.09447675204
10407.121673398173,10407.121673398173,9131.32354474024,9966.22187629218,29902.09447675204
10638.56965681124,10638.56965681124,8590.423019057544,9950.249260957788,29902.09447675204
11936.379604863703,11936.379604863703,8222.837210817876,10055.554186171305,29902.09447675204
9001.962096117717,9001.962096117717,8896.949717982061,10202.402893690843,29902.09447675204
11002.934885836825,11002.934885836825,8319.744755287025,10219.313656588924,29902.09447675204
10174.012310738815,10174.012310738815,9470.786565585946,10424.83980837324,29902.09447675204
10907.735661108636,10907.735661108636,9069.67921956666,10183.581262959755,29902.09447675204
11171.647577788062,11171.647577788062,8912.225679485264,10159.60189958462,29902.09447675204
10624.111873465172,10624.111873465172,9216.993254169263,10367.874735585989,29902.09447675204
10781.842522110166,10781.842522110166,9452.354794385112,10308.302059632686,29902.09447675204
11153.706186276477,11153.706186276477,10172.549062592083,10404.85286363066,29902.09447675204
10957.968805767543,10957.968805767543,10532.22340456181,10346.931604290803,29902.09447675204
11331.399593298434,11331.399593298434,10229.012858796163,10286.394896552405,29902.09447675204
11382.788699219487,11382.788699219487,9924.283222134985,10184.950051667474,29902.09447675204
10994.484850947078,10994.484850947078,9841.706607002028,10179.571636628363,29902.09447675204
10788.770709324477,10788.770709324477,9532.16549422169,10239.124685238517,29902.09447675204
10675.332230815637,10675.332230815637,10403.242078865227,10280.25572664646,29902.09447675204
10537.823927323343,10537.823927323343,10006.087053785757,10276.62824904622,29902.09447675204
9441.31331883739,9441.31331883739,9023.438864066833,10156.265984099742,29902.09447675204
10759.771405068766,10759.771405068766,8515.363719552619,10018.446710128106,29902.09447675204
10056.432222960713,10056.432222960713,7336.296928250644,9913.83131649356,29902.09447675204
10985.758199504693,10985.758199504693,7565.013215013755,9914.998915935059,29902.09447675204
10396.526866689388,10396.526866689388,7969.899189598492,9841.936933113604,29902.09447675204
10145.894122577718,10145.894122577718,8643.381832689953,9812.780655738274,29902.09447675204
11072.384838270606,11072.384838270606,8700.432802448548,9815.526213618785,29902.09447675204
10108.844402599649,10108.844402599649,8748.226332248352,9776.913684121186,29902.09447675204
10275.584330330807,10275.584330330807,8285.228373571888,9734.617784923583,29902.09447675204
9601.37249929838,9601.37249929838,8254.270351802257,9617.68404237124,29902.09447675204
10968.206019881947,10968.206019881947,9184.439903680151,9608.134008768999,29902.09447675204
9803.797590141985,9803.797590141985,9752.375221042326,9501.634636150842,29902.09447675204
11315.853198502959,11315.853198502959,10420.809067379018,9485.907720506739,29902.09447675204
9853.808022938529,9853.808022938529,9165.506184267966,9260.176842762563,29902.09447675204
11132.392293320398,11132.392293320398,9827.337002242572,9410.376340212671,29902.09447675204
9491.151183607111,9491.151183607111,8950.10962276901,9431.473713204772,29902.09447675204
9171.05999956688,9171.05999956688,8976.49763933221,9153.812745332027,29902.09447675204
10346.486095706809,10346.486095706809,8227.781164864948,8989.985437100877,29902.09447675204
10854.755090841758,10854.755090841758,8011.218084605612,8948.423524459502,29902.09447675204
9192.122685153427,9192.122685153427,8688.490144816458,9037.94652414679,29902.09447675204
10234.07330683348,10234.07330683348,8801.907399309113,9246.599398664808,29902.09447675204
11275.617316442822,11275.617316442822,8320.490737475058,9210.31803228106,29902.09447675204
11455.66635277762,11455.66635277762,7606.909483882111,8933.577617368817,29902.09447675204
10865.75259612069,10865.75259612069,8979.475712375342,8966.528307055285,29902.09447675204
10934.258026315312,10934.258026315312,8378.815573420818,8925.580366975186,29902.09447675204
11294.477266001399,11294.477266001399,9090.53552662289,9101.05198443978,29902.09447675204
10529.318541517472,10529.318541517472,10007.477838474826,9169.17192850893,29902.09447675204
10176.498224292549,10176.498224292549,9931.963838591406,9182.184679102469,29902.09447675204
10088.583275750758,10088.583275750758,11170.448586524348,9387.963268626749,29902.09447675204
10156.146562514965,10156.146562514965,11294.844151119003,9431.183476201748,29902.09447675204
10454.021103293064,10454.021103293064,11254.161763170285,9496.188236879128,29902.09447675204
10349.41502037109,10349.41502037109,12559.141450984405,9719.945184687904,29902.09447675204
10698.483350597056,10698.483350597056,13567.025065889684,9820.717921598707,29902.09447675204
10774.415213321055,10774.415213321055,13304.971381516143,9909.437979547005,29902.09447675204
10058.817145394034,10058.817145394034,12485.027362202682,9778.018397252144,29902.09447675204
10765.557520212515,10765.557520212515,11875.02204668194,9696.666450179757,29902.09447675204
11055.180548420127,11055.180548420127,12016.823510459497,9908.587679543421,29902.09447675204
10783.153018076735,10783.153018076735,13151.390857042596,9918.3055373938,29902.09447675204
11317.626286388335,11317.626286388335,11781.080839231783,9930.243592559771,29902.09447675204
11073.575008767984,11073.575008767984,11875.104856879887,10023.759311680671,29902.09447675204
10824.981879117244,10824.981879117244,11530.473976017549,9958.884381248785,29902.09447675204
9679.793133953077,9679.793133953077,10095.771045651969,9848.628434941276,29902.09447675204
10601.572177733053,10601.572177733053,10178.65698288945,9821.939505658182,29902.09447675204
10808.737754333357,10808.737754333357,10158.995201676595,9834.792338969963,29902.09447675204
9808.92066224987,9808.92066224987,11247.445880644958,9981.705001621904,29902.09447675204
11130.132769057944,11130.132769057944,11036.461715299047,9919.102148812568,29902.09447675204
9931.712707290428,9931.712707290428,11242.703812707798,10188.787120684576,29902.09447675204
10301.443346428305,10301.443346428305,11062.044520312673,10224.281342611996,29902.09447675204
10324.309064299257,10324.309064299257,11582.85464563738,10166.166105914202,29902.09447675204
9956.456290970487,9956.456290970487,10974.231194478294,10217.38813981918,29902.09447675204
9899.751679059424,9899.751679059424,11135.118695272628,10381.220347489945,29902.09447675204
11195.02388273551,11195.02388273551,12174.33305553294,10580.422302137338,29902.09447675204
10380.2119649623,10380.2119649623,12528.878873795351,10860.455894767121,29902.09447675204
10484.848006518243,10484.848006518243,12673.049787334287,10856.399653434066,29902.09447675204
9601.704530571,9601.704530571,11690.954789700529,10725.91612164231,29902.09447675204
9501.912084965334,9501.912084965334,11442.370428658594,10478.899868006298,29902.09447675204
10153.22773350551,10153.22773350551,10218.375373350946,10492.375634865055,29902.09447675204
10862.550035337385,10862.550035337385,9255.829777201872,10325.8020316027,29902.09447675204
10173.065869210948,10173.065869210948,9432.20711033229,10395.561853266283,29902.09447675204
10705.668400740777,10705.668400740777,8771.546981042367,10320.843465667203,29902.09447675204
10805.748924514099,10805.748924514099,8568.816999874987,10258.095766728913,29902.09447675204
10644.361554031575,10644.361554031575,8812.41467017528,10392.430191963933,29902.09447675204
12559.038788553717,12559.038788553717,8426.466480322115,10461.587377355743,29902.09447675204
11506.229567786297,11506.229567786297,7277.431913333018,10478.784799247076,29902.09447675204
10587.318430429299,10587.318430429299,8637.78855448258,10488.006432090313,29902.09447675204
9582.372840428296,9582.372840428296,9406.09225538837,10570.09639453017,29902.09447675204
10486.039625217472,10486.039625217472,9854.501053988723,10667.976317796358,29902.09447675204
10487.924183719528,10487.924183719528,9796.493611203467,10639.544520870406,29902.09447675204
11174.103138604893,11174.103138604893,10045.663120567564,10802.450860458675,29902.09447675204
10782.194649130473,10782.194649130473,10442.770615507367,10671.699559805385,29902.09447675204
10804.804711272185,10804.804711272185,9879.363318136075,10473.586950494304,29902.09447675204
9869.041216610034,9869.041216610034,9826.986948530863,10693.729434175093,29902.09447675204
11322.961448113107,11322.961448113107,9184.120683989511,10777.029617377224,29902.09447675204
10246.233968661138,10246.233968661138,10552.209054566845,10793.331467685379,29902.09447675204
11748.396481561174,11748.396481561174,10003.930007734041,10813.029318952958,29902.09447675204
10822.305143874015,10822.305143874015,10190.331553836546,10790.055599972899,29902.09447675204
9992.293852375145,9992.293852375145,10673.74759177486,10801.230268456366,29902.09447675204
10350.253352105463,10350.253352105463,10791.711866023461,10811.494126356813,29902.09447675204
10770.608103625533,10770.608103625533,10602.278156384928,10688.81677443079,29902.09447675204
10679.280678230614,10679.280678230614,10192.489925327753,10451.228714647134,29902.09447675204
11616.29844341427,11616.29844341427,11075.916671982197,10437.937932256686,29902.09447675204
10796.961877480157,10796.961877480157,10677.595819515935,10317.420307881397,29902.09447675204
10554.862667419255,10554.862667419255,11452.520967327162,10354.128797664718,29902.09447675204
10730.68241604968,10730.68241604968,10155.800512311389,10163.497293844428,29902.09447675204
10597.359621491823,10597.359621491823,9920.425718940682,10300.108990300558,29902.09447675204
10534.774867092417,10534.774867092417,10334.540216048037,10481.959233846117,29902.09447675204
10932.222192129375,10932.222192129375,10464.290165387683,10490.723599442,29902.09447675204
10636.579029451113,10636.579029451113,11014.215498423726,10384.05905463304,29902.09447675204
10408.82690135317,10408.82690135317,11252.839959255498,10583.16859843553,29902.09447675204
10544.53720956936,10544.53720956936,11215.529461152255,10319.313635501607,29902.09447675204
10419.084462848685,10419.084462848685,10875.711788046843,10306.985494662547,29902.09447675204
9940.675790236466,9940.675790236466,10974.483154291473,10493.1627296093,29902.09447675204
11234.72067843292,11234.72067843292,10323.785123881133,10383.154425863055,29902.09447675204
11534.267040958406,11534.267040958406,11484.710600882074,10428.640373685523,29902.09447675204
10790.84534463598,10790.84534463598,10890.174812469737,10228.654776665515,29902.09447675204
11249.643321730886,11249.643321730886,10819.175522797614,10438.501995345832,29902.09447675204
9426.989398351963,9426.989398351963,9676.250139764958,10177.432864853432,29902.09447675204
10640.348361249156,10640.348361249156,9667.934655097162,10105.237081589938,29902.09447675204
10944.650553127773,10944.650553127773,9893.02035455398,10245.201740218852,29902.09447675204
10998.27464431704,10998.27464431704,10733.446762748097,10271.156749155567,29902.09447675204
9976.97498059711,9976.97498059711,10986.275686409848,10277.21689288999,29902.09447675204
10595.696629916572,10595.696629916572,9972.93345944676,10052.882810392062,29902.09447675204
10575.670229183052,10575.670229183052,9382.342035834936,9753.84705827097,29902.09447675204
11427.097407053283,11427.097407053283,9205.783071569069,9735.18703053248,29902.09447675204
11214.00148688013,11214.00148688013,10218.528670453381,9934.169552816084,29902.09447675204
11027.366872880972,11027.366872880972,9920.70405933728,10134.16872148157,29902.09447675204
10388.84237708813,10388.84237708813,10547.579310773448,10243.273652337934,29902.09447675204
11305.06685792611,11305.06685792611,10976.547652951496,10449.380656739862,29902.09447675204
9848.947297863024,9848.947297863024,10098.847094767707,10378.529737105935,29902.09447675204
10690.644252949824,10690.644252949824,9482.110314908055,10413.269415928706,29902.09447675204
9729.832435734737,9729.832435734737,9582.74626791532,10480.002746498056,29902.09447675204
10556.52796872895,10556.52796872895,11053.264544669477,10501.052785290902,29902.09447675204
11299.838446635493,11299.838446635493,11895.414525068727,10447.636667220293,29902.09447675204
10383.716087163295,10383.716087163295,11357.372857626071,10551.175219391089,29902.09447675204
10319.398544879703,10319.398544879703,11200.300254092164,10446.671892738,29902.09447675204
10581.475091626526,10581.475091626526,10366.132945943747,10326.176859592644,29902.09447675204
9640.068914395693,9640.068914395693,11090.881637161841,10490.549768972558,29902.09447675204
10853.64721087772,10853.64721087772,10077.80184836299,10505.642304171766,29902.09447675204
10481.583493046199,10481.583493046199,10068.220178265568,10383.041148645534,29902.09447675204
10584.317352665075,10584.317352665075,9954.23108682749,10315.56151019273,29902.09447675204
10619.269814206382,10619.269814206382,10064.730116414195,10517.07610615368,29902.09447675204
11391.138784586446,11391.138784586446,9456.03925982706,10426.86324755014,29902.09447675204
11056.824898825063,11056.824898825063,9550.20554285983,10520.853638994357,29902.09447675204
11519.456212545952,11519.456212545952,9712.825127393882,10383.298433956497,29902.09447675204
11438.50906595945,11438.50906595945,10049.081165085125,10455.70212420822,29902.09447675204
10840.711541382456,10840.711541382456,10070.411713402185,10302.192891505774,29902.09447675204
10799.752998517453,10799.752998517453,9726.926033410951,10301.185457299776,29902.09447675204
9631.267860550473,9631.267860550473,10093.114168568109,10365.922764680696,29902.09447675204
9631.795538860166,9631.795538860166,10272.835977616513,10317.152712891851,29902.09447675204
11406.109751557671,11406.109751557671,11042.163163533338,10485.496157833846,29902.09447675204
10876.993750555132,10876.993750555132,10717.716970128207,10445.436165782883,29902.09447675204
10936.433094443622,10936.433094443622,10030.069493637951,10297.357982374544,29902.09447675204
10698.274793055798,10698.274793055798,10402.484208620092,10310.846287252944,29902.09447675204
10977.50399400916,10977.50399400916,9697.794935999842,10291.697318694187,29902.09447675204
12580.760722327834,12580.760722327834,9884.105961931573,10448.438172806396,29902.09447675204
11801.18608058994,11801.18608058994,11294.989970647137,10494.282842425593,29902.09447675204
10379.940102321507,10379.940102321507,11112.495076945415,10430.826439611323,29902.09447675204
10194.17661739305,10194.17661739305,12038.278432487863,10570.735351493524,29902.09447675204
11167.454653158702,11167.454653158702,12696.445787726674,10605.873878586088,29902.09447675204
11519.587158440696,11519.587158440696,11813.897269592086,10605.169719521813,29902.09447675204
10355.613133934005,10355.613133934005,12367.22304615695,10743.738417404904,29902.09447675204
11335.704763411813,11335.704763411813,13216.2912427923,10745.71960007471,29902.09447675204
10083.311476053734,10083.311476053734,12291.683744883614,10704.426011453439,29902.09447675204
10763.981709988868,10763.981709988868,13331.167167514988,10660.988632020768,29902.09447675204
9850.119071113824,9850.119071113824,12274.8777031543,10725.37875094331,29902.09447675204
10464.490566698414,10464.490566698414,11247.026664283887,10579.85307072285,29902.09447675204
11521.833014565329,11521.833014565329,11117.27036650929,10719.030484960189,29902.09447675204
11654.462439413192,11654.462439413192,10716.718251104485,10780.492070694989,29902.09447675204
10251.327519555874,10251.327519555874,10118.688576446159,10651.007522964524,29902.09447675204
10945.381325147291,10945.381325147291,10651.163023483392,10588.712971668874,29902.09447675204
Average Episodic Reward,Average Episodic N-Reward,Avg Reward (last 10),Avg Reward (last 50),Best Reward
9676.20574328341,9676.20574328341,10974.151998407986,10974.151998407986,10974.151998407986
9641.025035489733,9641.025035489733,6913.41311301116,6913.41311301116,10974.151998407986
10365.171259195575,10365.171259195575,9486.315011661498,9486.315011661498,14632.118808962172
10076.011598944271,10076.011598944271,7885.491892797139,7885.491892797139,14632.118808962172
10027.175443827975,10027.175443827975,7981.050173916594,7981.050173916594,14632.118808962172
9994.757979592563,9994.757979592563,8438.807274596553,8438.807274596553,14632.118808962172
9488.776969894587,9488.776969894587,7867.481854835311,7867.481854835311,14632.118808962172
10430.285930735628,10430.285930735628,7289.113763398278,7289.113763398278,14632.118808962172
9531.93202257743,9531.93202257743,8430.45833838633,8430.45833838633,17561.214938290756
10095.252717235287,10095.252717235287,8301.52874157012,8301.52874157012,17561.214938290756
10435.604449626899,10435.604449626899,8873.442203720588,9064.415821419443,17561.214938290756
9845.46535748907,9845.46535748907,10118.204887021355,9584.072924686323,17561.214938290756
10237.679072607652,10237.679072607652,10273.3146109509,10091.699318807192,17561.214938290756
10977.754701036454,10977.754701036454,11304.297840697833,10327.496141297635,17561.214938290756
9947.871203648796,9947.871203648796,11918.285790842881,10605.873918534118,17561.214938290756
11651.26672943308,11651.26672943308,11247.612447371679,10194.310507581005,17561.214938290756
9503.710666752155,9503.710666752155,12936.08361299576,10849.012300812046,21324.240992508705
10992.874068024284,10992.874068024284,13373.134768473707,10669.125432884626,21324.240992508705
9942.810318284075,9942.810318284075,11979.397826096221,10298.321226654696,21324.240992508705
10643.662847202102,10643.662847202102,11899.96762345599,10100.748182513056,21324.240992508705
10047.340551380115,10047.340551380115,10960.735255843381,9967.425075907031,21324.240992508705
10418.954544729737,10418.954544729737,10181.01850710955,9855.411825787787,21324.240992508705
8761.476877472422,8761.476877472422,10054.99092868433,10075.739149188554,21324.240992508705
10333.24462132332,10333.24462132332,9319.307538483528,9907.417556791755,21324.240992508705
10833.8086428701,10833.8086428701,8169.404555058614,9631.286173143917,21324.240992508705
18511.011839380986,18511.011839380986,8992.437851625724,9732.05179375205,21324.240992508705
22660.32584925038,22660.32584925038,8179.304332583422,9860.231571838482,21324.240992508705
14737.08444750141,14737.08444750141,8352.877164159192,9841.893908339829,21324.240992508705
23240.53878464296,23240.53878464296,9404.003352227292,9989.935752714211,21324.240992508705
16946.154361513516,16946.154361513516,9551.442126751206,9917.646163925772,21324.240992508705
14764.27265974813,14764.27265974813,10459.729616023109,10126.23299207351,21324.240992508705
16942.47365418762,16942.47365418762,10935.533091498724,10192.949721322457,21324.240992508705
15988.477839795813,15988.477839795813,10755.395933795733,10281.695750584671,21324.240992508705
15527.18163554876,15527.18163554876,11380.65956614893,10340.724030132102,21324.240992508705
13782.159535277817,13782.159535277817,12644.57724289178,10492.226478786164,21324.240992508705
20548.60420518992,20548.60420518992,13521.125713484314,10784.572327011012,21324.240992508705
15848.388942756734,15848.388942756734,13657.01268653585,10886.388629864798,21324.240992508705
15799.241588152892,15799.241588152892,15053.190765099658,11213.287818013467,23308.55777951423
16860.383515517402,16860.383515517402,14161.437480673329,11059.551580396035,23308.55777951423
14477.508301253261,14477.508301253261,14498.579321476482,11062.87945331345,23308.55777951423
14239.437302659664,14239.437302659664,14821.97316966946,11271.535474413984,23308.55777951423
16052.185938930705,16052.185938930705,15070.389901036237,11354.245002206691,23308.55777951423
12787.196088165942,12787.196088165942,14927.399125049304,11362.091884181096,23308.55777951423
9213.036318533637,9213.036318533637,15037.220198054667,11408.109522841776,23308.55777951423
14389.542760443552,14389.542760443552,15552.817401979759,11616.802239495852,23308.55777951423
12166.696034816523,12166.696034816523,14036.152755768053,11491.437637610372,23308.55777951423
14328.395850246381,14328.395850246381,14319.846524104909,11616.9115860861,23308.55777951423
14669.851062877584,14669.851062877584,13018.40878966896,11589.354687108362,23308.55777951423
13956.368207185946,13956.368207185946,13165.208413036982,11489.277464608476,23308.55777951423
16896.536423489713,16896.536423489713,12919.760253958073,11434.255613442378,23308.55777951423
10417.187835020495,10417.187835020495,12831.308018161213,11589.437652683551,23308.55777951423
14909.08763566312,14909.08763566312,12345.275936237205,11730.084464580614,23308.55777951423
9874.19110122947,9874.19110122947,12731.645292120067,11748.549178120067,23308.55777951423
14519.338797148177,14519.338797148177,12759.47038558044,11960.19110579308,23308.55777951423
10212.58698605353,10212.58698605353,12148.35761179954,12086.688520514515,23308.55777951423
14047.006256529865,14047.006256529865,12641.153638755886,12087.696481401128,23308.55777951423
11896.701028293131,11896.701028293131,11591.962933515317,12136.84201794705,23308.55777951423
14396.863952673591,14396.863952673591,12258.136135512981,12411.149524582897,23308.55777951423
9914.064188052213,9914.064188052213,13239.718690863792,12389.953152579523,23308.55777951423
14579.40380818411,14579.40380818411,13723.963183313457,12518.742501791043,23308.55777951423
9816.585855236688,9816.585855236688,12394.445938254874,12293.63839959041,23308.55777951423
14858.275537562651,14858.275537562651,12229.262197586537,12152.29592669365,23308.55777951423
10014.631264531337,10014.631264531337,11882.218777167196,12070.330011363325,23308.55777951423
13163.166823951942,13163.166823951942,11346.55675476192,11968.642888605897,23308.55777951423
9690.904959513435,9690.904959513435,11519.187580883361,12006.868878522611,23308.55777951423
13946.222492992636,13946.222492992636,11519.49570839685,12142.073133606165,23308.55777951423
9160.148337905954,9160.148337905954,11984.905644238464,11946.606424195594,23308.55777951423
12828.05378908828,12828.05378908828,11182.891194094975,11973.100809707154,23308.55777951423
10150.287343858847,10150.287343858847,10440.456171795548,12082.16482171939,23308.55777951423
10340.456071891662,10340.456071891662,9806.609910282532,12100.070959156352,23308.55777951423
14165.368508130756,14165.368508130756,10309.635029470719,12163.418354315874,23308.55777951423
14445.210869741417,14445.210869741417,10260.035433294992,12168.09931193074,23308.55777951423
10950.948604640793,10950.948604640793,12087.175134957788,12476.766852618015,30356.317298369388
10885.41246452603,10885.41246452603,11909.238864701958,12486.629153849583,30356.317298369388
13151.145270466259,13151.145270466259,11198.659565811293,12612.719880673147,30356.317298369388
10072.935603199146,10072.935603199146,11086.396373286898,12560.864837938401,30356.317298369388
10384.43002315369,10384.43002315369,10997.234517306935,12510.192461140296,30356.317298369388
12878.74223292037,12878.74223292037,11838.166788782202,12670.158734631756,30356.317298369388
10718.920529841094,10718.920529841094,11900.939302077468,12581.552011689426,30356.317298369388
6686.278594935804,6686.278594935804,12104.914092337978,12610.765352273704,30356.317298369388
12020.468500791834,12020.468500791834,12284.295025136627,12528.331436138582,30356.317298369388
11020.466343150376,11020.466343150376,12752.709402007273,12531.534574032448,30356.317298369388
9345.49774384134,9345.49774384134,10585.852202246067,12442.858106308086,30356.317298369388
15146.423798947413,15146.423798947413,11296.66165034976,12469.829570689746,30356.317298369388
8770.796458567445,8770.796458567445,12763.271075940998,12636.45864728299,30356.317298369388
15167.83479983401,15167.83479983401,13390.561540399412,12534.752003321419,30356.317298369388
10008.356691150935,10008.356691150935,12944.008905580844,12367.591704949295,30356.317298369388
12437.007057109688,12437.007057109688,12366.092775208335,12132.739136653492,30356.317298369388
11767.543000661906,11767.543000661906,12621.714068426547,12273.607329240069,30356.317298369388
9635.482067972862,9635.482067972862,12484.06349193634,12207.862186365675,30356.317298369388
10187.194695342712,10187.194695342712,12109.833955672659,11985.903593339219,30356.317298369388
10125.136801685148,10125.136801685148,12014.167785259848,11920.29015087717,30356.317298369388
9958.59192170164,9958.59192170164,12424.89702897011,11942.357687092246,30356.317298369388
9034.373890605812,9034.373890605812,11952.708902889204,11852.927311656656,30356.317298369388
11042.46756628814,11042.46756628814,10441.975566093308,11614.290280105699,30356.317298369388
12586.093680079508,12586.093680079508,9894.935192797517,11706.50849072731,30356.317298369388
10323.900858219768,10323.900858219768,9824.20622211141,11468.463644550591,30356.317298369388
9920.224132079795,9920.224132079795,9180.328176851901,11365.123014090077,30356.317298369388
9930.489777264207,9930.489777264207,9039.240929924612,11448.413832617596,30356.317298369388
16098.492646879857,16098.492646879857,9269.357002360517,11477.781536046166,30356.317298369388
7874.384805860792,7874.384805860792,8978.908463453497,11215.423682397673,30356.317298369388
10591.015199049185,10591.015199049185,8934.654537089717,11238.165871047671,30356.317298369388
10219.453973626134,10219.453973626134,9074.556379339476,11210.939904536128,30356.317298369388
10186.239435564803,10186.239435564803,9665.41078454687,11234.115391449943,30356.317298369388
14383.182392701006,14383.182392701006,9757.452478165744,11136.109253378942,30356.317298369388
12550.702830054915,12550.702830054915,9646.353875635128,11107.548538103161,30356.317298369388
11406.81780362293,11406.81780362293,9560.447942174045,11062.160646282338,30356.317298369388
11894.279110921456,11894.279110921456,10229.019427928768,10959.299672573237,30356.317298369388
14129.756206322463,14129.756206322463,9820.218648202192,10764.513824085274,30356.317298369388
9145.225939494756,9145.225939494756,10090.057597407867,10751.000418865047,30356.317298369388
14235.447708659638,14235.447708659638,10457.992462436885,10828.132987234078,30356.317298369388
9523.313490880848,9523.313490880848,10340.969520450899,10860.507335620543,30356.317298369388
11592.87065912537,11592.87065912537,10450.800494532703,10924.65624800923,30356.317298369388
9847.598993554222,9847.598993554222,10084.567329785852,10981.717506454728,30356.317298369388
12142.40139143032,12142.40139143032,9739.45525461387,10780.162788125044,30356.317298369388
7574.804679095251,7574.804679095251,9114.930361872062,10626.635468798206,30356.317298369388
12997.602721916606,12997.602721916606,9794.728909804415,10624.12529939553,30356.317298369388
9953.663632089128,9953.663632089128,9752.337470017399,10673.18892775772,30356.317298369388
10325.835412449944,10325.835412449944,10344.335212151786,10745.289632156519,30356.317298369388
10359.356773996236,10359.356773996236,10058.487799330633,10801.375996674667,30356.317298369388
7983.518317345895,7983.518317345895,9755.03959090349,10717.213899520633,30356.317298369388
8481.385222784103,8481.385222784103,9899.052394839224,10788.31072792939,30356.317298369388
8555.259173875473,8555.259173875473,9778.982047423031,10463.017630502276,30356.317298369388
10201.446189273911,10201.446189273911,9085.759291459919,10417.02159180632,30356.317298369388
12183.876320603293,12183.876320603293,9398.286463741508,10420.088167711085,30356.317298369388
10356.94139046876,10356.94139046876,9500.26494322007,10309.409182784839,30356.317298369388
12378.428561536826,12378.428561536826,9717.704397850528,10368.219275504249,30356.317298369388
10569.273893450925,10569.273893450925,10615.504613747815,10428.656492750843,30356.317298369388
11672.232682014472,11672.232682014472,10275.781365582507,10420.25804485753,30356.317298369388
8878.479670808441,8878.479670808441,10519.854346981421,10484.364047603356,30356.317298369388
11156.227233601163,11156.227233601163,10441.108994271475,10348.576693347599,30356.317298369388
13813.139942101367,13813.139942101367,10440.819737683692,10325.932795064675,30356.317298369388
11676.902755228068,11676.902755228068,10271.297338737164,10400.106657800496,30356.317298369388
9531.19019739154,9531.19019739154,10252.595244940463,10208.208310724462,30356.317298369388
10358.79671033999,10358.79671033999,10605.254492558775,9988.484851034642,30356.317298369388
9671.659713365494,9671.659713365494,11562.016233280443,9943.700121361044,30356.317298369388
11257.525906748962,11257.525906748962,11616.093247780562,10102.63614394419,30356.317298369388
9678.666610825812,9678.666610825812,10715.031969379352,10098.444331585046,30356.317298369388
10300.666867069462,10300.666867069462,10732.166899831122,10042.348611138443,30356.317298369388
9862.609305062195,9862.609305062195,10366.051421868955,10060.761633589878,30356.317298369388
10270.975651567996,10270.975651567996,11150.921721188906,10156.79424645085,30356.317298369388
9975.776928855832,9975.776928855832,10787.250023327502,10080.549242678206,30356.317298369388
10211.274530190933,10211.274530190933,10020.980443191962,9919.323340644865,30356.317298369388
9435.800279372646,9435.800279372646,10416.479915988511,9900.962513344322,30356.317298369388
11767.323923038992,11767.323923038992,9698.02688804056,9839.695115424092,30356.317298369388
10295.288125387533,10295.288125387533,9099.507598276341,9784.61460245681,30356.317298369388
10815.788557443204,10815.788557443204,8632.410659000216,9864.277031321953,30356.317298369388
11519.700915482004,11519.700915482004,7627.859956165298,9787.950687447727,30356.317298369388
10272.765020132072,10272.765020132072,7793.287153051829,9793.157855763888,30356.317298369388
8836.725463210581,8836.725463210581,8277.903445325794,9862.470922182936,30356.317298369388
13580.060573333265,13580.060573333265,8344.132946408105,10029.839143041772,30356.317298369388
9316.898897254303,9316.898897254303,8918.624154326433,10077.34316612555,30356.317298369388
10074.038743944468,10074.038743944468,9599.022599811888,10024.21658473935,30356.317298369388
10197.214396022857,10197.214396022857,9875.259309905048,9942.93221841596,30356.317298369388
9845.528153840565,9845.528153840565,9890.832951646305,9866.371210120204,30356.317298369388
9839.198749195093,9839.198749195093,9795.45863219152,9814.435553768086,30356.317298369388
7499.082249591027,7499.082249591027,9905.813358160161,9933.350114519177,30356.317298369388
8866.692012547612,8866.692012547612,10482.648475372804,9838.676496936534,30356.317298369388
8505.011133232656,8505.011133232656,10348.014612461138,9898.717048615677,30356.317298369388
9604.491597305936,9604.491597305936,9720.285132607043,9788.51642922277,30356.317298369388
11772.609018900162,11772.609018900162,9211.680043459473,9780.57665924629,30356.317298369388
9429.323864675287,9429.323864675287,8879.185825204231,9784.986427076217,30356.317298369388
9997.527289684738,9997.527289684738,8873.79055896717,9708.814597626242,30356.317298369388
10079.151209588816,10079.151209588816,8477.674381157278,9621.553628690244,30356.317298369388
6617.577349640653,6617.577349640653,8522.406177170355,9622.9613946315,30356.317298369388
9387.839511969501,9387.839511969501,9393.769414236896,9870.203364241053,30356.317298369388
10243.11627031476,10243.11627031476,9341.59004369031,9842.722341296356,30356.317298369388
9113.678185302808,9113.678185302808,9285.126676425749,9745.234338218204,30356.317298369388
10386.17845928811,10386.17845928811,9435.533154036793,9716.956636992678,30356.317298369388
8671.816530100812,8671.816530100812,9889.334080861065,9754.685685528855,30356.317298369388
10439.502821184798,10439.502821184798,10209.058341917065,9871.380409449004,30356.317298369388
10937.255589229011,10937.255589229011,9875.001108472308,9780.176169802835,30356.317298369388
8020.047026704729,8020.047026704729,9267.102945882134,9606.438777318064,30356.317298369388
9952.874070987991,9952.874070987991,9047.13067886484,9613.82790617123,30356.317298369388
8235.394965203352,8235.394965203352,9136.437943158195,9570.591690514839,30356.317298369388
10382.110705653698,10382.110705653698,8540.26161929505,9678.202699456051,30356.317298369388
8910.444668737075,8910.444668737075,8682.376576758023,9635.656777077855,30356.317298369388
9401.112582121003,9401.112582121003,9215.05387444782,9465.144190358205,30356.317298369388
11116.630940890527,11116.630940890527,8994.346881736185,9460.669740223413,30356.317298369388
8088.857448457569,8088.857448457569,8463.97696798835,9343.510209730242,30356.317298369388
9678.602049139754,9678.602049139754,8414.824746232494,9466.12355984121,30356.317298369388
7069.758569968824,7069.758569968824,8638.614299379176,9419.735082141931,30356.317298369388
11266.461811379837,11266.461811379837,8836.54746204179,9319.488801978989,30356.317298369388
11429.483347915004,11429.483347915004,9950.161171169415,9553.341091417018,30356.317298369388
7771.415011438467,7771.415011438467,10423.182921795677,9534.177376362217,30356.317298369388
11066.754014810267,11066.754014810267,10490.05994006291,9463.811440812542,30356.317298369388
9883.686108165975,9883.686108165975,9771.517514757801,9266.7416304733,30356.317298369388
8318.522762192344,8318.522762192344,9339.596043282389,9190.057005138811,30356.317298369388
9539.181017211375,9539.181017211375,9576.054659813079,9229.447292219804,30356.317298369388
9022.687909346496,9022.687909346496,9570.516058166277,9184.403136989706,30356.317298369388
9877.87951510284,9877.87951510284,9721.62999086644,9180.265213776715,30356.317298369388
7782.715017288172,7782.715017288172,9696.332536498336,9201.551584776098,30356.317298369388
8110.651881489232,8110.651881489232,9854.34254195159,9286.161221730916,30356.317298369388
9007.400582704717,9007.400582704717,8723.924282120486,9214.829964643413,30356.317298369388
9163.695198560134,9163.695198560134,8081.815031592481,9210.935005072603,30356.317298369388
9456.1243989862,9456.1243989862,8401.91169224555,9324.292259606385,30356.317298369388
9620.652839523755,9620.652839523755,9131.25235686271,9366.5099700458,30356.317298369388
8475.419492122623,8475.419492122623,9204.622849639092,9505.409583833569,30356.317298369388
9781.935776422068,9781.935776422068,9056.665470497746,9482.12295570899,30356.317298369388
9761.307616902996,9761.307616902996,9122.66513518465,9353.355474961478,30356.317298369388
10119.039917926719,10119.039917926719,8741.416771344118,9259.721978763919,30356.317298369388
10963.726888958932,10963.726888958932,8609.107314232342,9139.648216757278,30356.317298369388
10280.812464553877,10280.812464553877,8379.881407363733,9042.332983241284,30356.317298369388
7471.433092878932,7471.433092878932,8737.43294570037,8987.264691802478,30356.317298369388
8075.996947925603,8075.996947925603,9440.522950391969,9120.873004821735,30356.317298369388
8019.908957233094,8019.908957233094,9805.552045677043,9326.310942303491,30356.317298369388
9876.342822613298,9876.342822613298,9184.175356162064,9222.182369646182,30356.317298369388
9585.24210477807,9585.24210477807,9121.145035927511,9233.108895944511,30356.317298369388
7430.286505328117,7430.286505328117,9196.53846363328,9251.827725943416,30356.317298369388
9096.195663691384,9096.195663691384,9652.98840940736,9339.89613032154,30356.317298369388
4646.2441702341885,4646.2441702341885,9207.730280978349,9258.932026267694,30356.317298369388
12035.449607575947,12035.449607575947,9083.68569363416,9180.548190443264,30356.317298369388
5641.177871950041,5641.177871950041,8996.584822832518,9066.891836014354,30356.317298369388
12434.1856191498,12434.1856191498,8672.397510591483,9026.209317689318,30356.317298369388
7024.8219385713055,7024.8219385713055,8907.181415453993,9197.828052478462,30356.317298369388
11737.443470738606,11737.443470738606,8022.57271385926,9052.071602227963,30356.317298369388
7556.936272240806,7556.936272240806,8497.009061431505,9053.266173194419,30356.317298369388
11167.662370553986,11167.662370553986,8450.679835105648,9066.21952768049,30356.317298369388
7776.402725342562,7776.402725342562,8157.922845193399,8996.305664174737,30356.317298369388
10355.638261455595,10355.638261455595,7952.603760396531,8952.550066228634,30356.317298369388
8507.054350988308,8507.054350988308,8247.4452409215,8866.60940606858,30356.317298369388
6987.05267195428,6987.05267195428,8912.599596375852,8988.067888023974,30356.317298369388
10286.166945946727,10286.166945946727,9417.719405734624,9097.01512798485,30356.317298369388
10032.022225503653,10032.022225503653,9517.906718978229,9120.364525711995,30356.317298369388
9344.417474331727,9344.417474331727,9160.69928775042,9202.680321396909,30356.317298369388
8842.982690382945,8842.982690382945,8911.857297037315,9126.390737776417,30356.317298369388
8472.115207828478,8472.115207828478,8440.31741467192,9004.8543407772,30356.317298369388
8043.857653421521,8043.857653421521,8921.98548146737,9007.6058490844,30356.317298369388
8978.195509992824,8978.195509992824,9096.869001549232,9016.810088137348,30356.317298369388
8985.194474717055,8985.194474717055,8968.679122521537,9053.490497135272,30356.317298369388
8152.164909373638,8152.164909373638,9402.649800155019,9064.174416853088,30356.317298369388
8371.705303969311,8371.705303969311,8649.668263815467,8990.278680911233,30356.317298369388
9388.599195284438,9388.599195284438,8033.210505347897,8936.347736646072,30356.317298369388
11561.361501227215,11561.361501227215,7811.666511541521,8692.665593786418,30356.317298369388
7807.166307263003,7807.166307263003,7283.353176651603,8574.714372368095,30356.317298369388
9814.551182601996,9814.551182601996,7273.457617108972,8483.070273185627,30356.317298369388
7404.18488890883,7404.18488890883,7723.9719587435275,8595.345229574346,30356.317298369388
8732.926077571585,8732.926077571585,7346.776762535711,8609.041992935068,30356.317298369388
8022.8723902066695,8022.8723902066695,7815.885521368031,8664.776260448338,30356.317298369388
7973.052011608832,7973.052011608832,7729.549654362185,8685.297216374453,30356.317298369388
8684.16185398908,8684.16185398908,7715.40841036369,8662.930100752536,30356.317298369388
8584.396773818258,8584.396773818258,7842.605211433588,8619.533215898282,30356.317298369388
7856.2244296781555,7856.2244296781555,7806.001413298958,8526.679510915546,30356.317298369388
7999.263364265161,7999.263364265161,8271.43953334281,8602.16864403088,30356.317298369388
8604.77131355291,8604.77131355291,8511.219240966555,8660.595214242907,30356.317298369388
6831.612541015498,6831.612541015498,8842.490575933884,8571.186049923295,30356.317298369388
8028.948757633823,8028.948757633823,8471.216442545541,8463.338046710911,30356.317298369388
9163.752411808124,9163.752411808124,8195.148077466249,8407.147038500498,30356.317298369388
7099.430061755926,7099.430061755926,7617.475349026116,8376.938236154012,30356.317298369388
7065.815794394851,7065.815794394851,7499.953540792102,8360.754897495943,30356.317298369388
8817.43506707892,8817.43506707892,7616.696337382062,8437.986013960124,30356.317298369388
8756.576930326599,8756.576930326599,7646.3600773254275,8426.983768516899,30356.317298369388
