Average Episodic Reward,Average Episodic N-Reward,Avg Reward (last 10),Avg Reward (last 50),Best Reward
486.6278636272822,486.6278636272822,522.3269369245302,522.3269369245302,522.3269369245302
467.76700098588196,467.76700098588196,519.0583426443882,519.0583426443882,522.3269369245302
483.6295718616327,483.6295718616327,528.2909646427995,528.2909646427995,546.7562086396222
493.9204492663989,493.9204492663989,476.66391840734536,476.66391840734536,546.7562086396222
473.21197511177417,473.21197511177417,446.49261726768117,446.49261726768117,546.7562086396222
470.5064467290984,470.5064467290984,448.8072355310555,448.8072355310555,546.7562086396222
490.9177139441279,490.9177139441279,465.6947302013264,465.6947302013264,567.0196982229522
466.7184834909198,466.7184834909198,452.999794465459,452.999794465459,567.0196982229522
476.85073564734887,476.85073564734887,448.55450450232405,448.55450450232405,567.0196982229522
468.85617660058074,468.85617660058074,456.5028959230769,456.5028959230769,567.0196982229522
482.88682922172205,482.88682922172205,444.09660849765476,451.2084565364616,567.0196982229522
487.23595046124615,487.23595046124615,455.870642878529,466.40192617283884,633.5300921729884
455.1831847335798,455.1831847335798,464.5480312318656,479.2579389420811,633.5300921729884
493.78229879551503,493.78229879551503,482.45475388854976,480.80022946534854,633.5300921729884
471.80407094104567,471.80407094104567,489.94478549990515,475.4607294224972,633.5300921729884
489.366567779904,489.366567779904,495.965215045603,478.2809727276477,633.5300921729884
493.22626422148744,493.22626422148744,502.6374296617493,487.4257298839281,633.741844384415
478.10521673800247,478.10521673800247,520.5994593884199,490.55516386710394,633.741844384415
480.22715756617583,480.22715756617583,532.3003233815261,492.6312512808516,633.741844384415
492.22571098763495,492.22571098763495,533.949025263845,495.2259605934611,633.741844384415
497.0957294120879,497.0957294120879,526.9597168682625,487.2804852658907,633.741844384415
478.4719670879563,478.4719670879563,506.031199517178,484.4152322384476,633.741844384415
478.7287953971317,478.7287953971317,495.7865785001175,486.44430396731434,633.741844384415
482.54903310437277,482.54903310437277,500.6306751754898,489.06291517790737,633.741844384415
482.58401577116695,482.58401577116695,508.3069070921705,488.5992004903665,633.741844384415
439.0630623519834,439.0630623519834,522.9616832044755,495.46586137258146,667.1323834279559
395.03897522030667,395.03897522030667,499.4924928775698,491.89490136305466,667.1323834279559
467.9179361835777,467.9179361835777,486.37192426978453,489.0611497252041,667.1323834279559
464.4235724735211,464.4235724735211,483.9569669510068,489.6401187533188,667.1323834279559
511.4695321724368,511.4695321724368,486.16237128929396,492.2047641587386,667.1323834279559
589.677306799497,589.677306799497,506.1271762530616,493.3600630036877,667.1323834279559
658.1092470915754,658.1092470915754,521.7236986994174,496.07412800750063,667.1323834279559
705.1516642119958,705.1516642119958,533.506344741602,500.7055284443712,667.1323834279559
696.6427292612974,696.6427292612974,547.0688675949389,506.12348941821074,684.9162015549152
705.9297200869947,705.9297200869947,570.7753069907841,512.0780880619144,714.5344419478388
709.5745832502522,709.5745832502522,575.2008297505839,517.6144636998044,714.5344419478388
710.8004280926084,710.8004280926084,601.6690761819722,521.5635972600594,714.5344419478388
707.6440844883246,707.6440844883246,634.0616630295292,527.2191795421318,736.4757239788084
705.5652367580612,705.5652367580612,653.4821101442682,531.6508857766393,736.4757239788084
706.9334654622023,706.9334654622023,668.1710276132092,536.1963300223564,736.4757239788084
708.5929916343047,708.5929916343047,683.3306299974099,539.6943476363031,736.4757239788084
708.7860877986117,708.7860877986117,694.8022762139778,543.3903537709476,736.4757239788084
709.4906894679708,709.4906894679708,700.847312132533,547.2501293020833,736.4757239788084
708.3232380370988,708.3232380370988,702.5248231762644,550.7601561814048,736.4757239788084
711.3974030835457,711.3974030835457,698.8246164808204,553.5773165994491,736.4757239788084
708.2016426057635,708.2016426057635,698.508026874322,556.9391513464387,736.4757239788084
703.8733321749456,703.8733321749456,704.7472632246589,560.5388453376338,736.4757239788084
704.173286143945,704.173286143945,700.9079261530708,563.4043350860774,736.4757239788084
708.7378282611452,708.7378282611452,702.3969889388588,566.497029279133,736.4757239788084
707.5678594093249,707.5678594093249,698.770902767474,568.7112445713799,736.4757239788084
709.1068483978644,709.1068483978644,698.9013808663016,571.8831024965381,736.4757239788084
708.9312669791657,708.9312669791657,698.8967992246457,575.4649233067496,736.4757239788084
711.0711457508362,711.0711457508362,699.5337402961493,578.8444013804535,736.4757239788084
707.7934799656712,707.7934799656712,699.4661941954136,586.4290628061312,736.4757239788084
709.7739490670854,709.7739490670854,705.236068205942,594.6175368539244,736.4757239788084
709.469130979178,709.469130979178,707.075989542774,599.9423488835517,736.4757239788084
709.469130979178,709.469130979178,706.6009126442369,603.0294349180374,736.4757239788084
709.469130979178,709.469130979178,709.8370446043061,610.3556034890222,736.4757239788084
709.469130979178,709.469130979178,710.0704570866558,616.4413693004633,736.4757239788084
709.469130979178,709.469130979178,715.2697275604272,620.4646108988499,736.4757239788084
709.469130979178,709.469130979178,720.0369676202328,627.0711743210537,736.4757239788084
709.469130979178,709.469130979178,720.6532055032543,628.4214358316947,736.4757239788084
709.469130979178,709.469130979178,721.8312971168342,630.3010545574474,736.4757239788084
709.469130979178,709.469130979178,723.5367734507162,634.6454667185645,736.4757239788084
709.469130979178,709.469130979178,721.3075673889878,640.8900932317409,736.4757239788084
709.469130979178,709.469130979178,719.4106436258485,644.6314345996008,736.4757239788084
709.469130979178,709.469130979178,720.1336639080316,646.5286817672938,736.4757239788084
709.469130979178,709.469130979178,719.9555309281677,650.2268177969715,736.4757239788084
709.469130979178,709.469130979178,718.1845218899124,653.6182090021405,736.4757239788084
709.469130979178,709.469130979178,716.0419607740989,656.8831980009006,736.4757239788084
709.469130979178,709.469130979178,714.7123899413654,664.6217089356743,736.4757239788084
709.469130979178,709.469130979178,715.0389617824718,670.2229882847533,736.4757239788084
709.469130979178,709.469130979178,714.880001393138,674.1197391360514,736.4757239788084
709.469130979178,709.469130979178,714.2672090660328,677.3727734966732,736.4757239788084
709.469130979178,709.469130979178,715.9639687044069,682.4215055541882,736.4757239788084
709.469130979178,709.469130979178,718.5840143742432,683.7559008335543,736.4757239788084
709.469130979178,709.469130979178,715.2253674431081,689.6752566804015,736.4757239788084
709.469130979178,709.469130979178,715.0428331109249,695.9609995651997,736.4757239788084
709.469130979178,709.469130979178,717.3939202315371,700.3055996582466,736.4757239788084
709.469130979178,709.469130979178,717.3958179086922,703.1298873247803,736.4757239788084
709.469130979178,709.469130979178,717.4596297967785,706.8881996444175,736.4757239788084
709.469130979178,709.469130979178,715.993907260169,709.0770299969038,736.4757239788084
709.469130979178,709.469130979178,713.2037095178604,710.059212091303,736.4757239788084
709.469130979178,709.469130979178,716.3237358796329,711.2237471536121,743.1429546703639
709.469130979178,709.469130979178,715.3216466511118,711.3307734862537,743.1429546703639
709.469130979178,709.469130979178,711.1970777374353,710.9551504309245,743.1429546703639
709.469130979178,709.469130979178,713.7970022862231,712.1008419012517,743.1429546703639
709.469130979178,709.469130979178,713.2769602107555,711.8040590014451,743.1429546703639
709.469130979178,709.469130979178,712.2681145024596,712.0628005298848,743.1429546703639
709.469130979178,709.469130979178,711.7484623784997,711.8453742778382,743.1429546703639
709.469130979178,709.469130979178,713.4615161998001,712.9143768848957,743.1429546703639
709.469130979178,709.469130979178,717.307161869826,713.5780071280732,743.1429546703639
709.469130979178,709.469130979178,719.2246874911752,713.7346871630314,743.1429546703639
709.469130979178,709.469130979178,715.9778474901726,713.9143520163935,743.1429546703639
709.469130979178,709.469130979178,715.8062901868599,714.7271082274617,743.1429546703639
709.469130979178,709.469130979178,717.7220065239565,714.7979463608515,743.1429546703639
709.469130979178,709.469130979178,717.8433865177439,714.7200665598689,743.1429546703639
709.469130979178,709.469130979178,717.4716847607676,715.1168107229845,743.1429546703639
709.469130979178,709.469130979178,718.548252440075,715.293053230128,743.1429546703639
709.469130979178,709.469130979178,720.5108055673111,716.1933548378058,743.1429546703639
709.469130979178,709.469130979178,720.5119100236718,717.2364827163699,743.1429546703639
709.469130979178,709.469130979178,719.2269212244868,717.6440315280416,743.1429546703639
709.469130979178,709.469130979178,720.3638524084236,717.9007095854862,743.1429546703639
709.469130979178,709.469130979178,720.6860099810481,718.1583151735206,743.1429546703639
709.469130979178,709.469130979178,720.8392269729959,717.8477399808725,743.1429546703639
709.469130979178,709.469130979178,723.5604713265567,718.0948427176081,743.1429546703639
709.469130979178,709.469130979178,723.1761623650987,718.0351165040412,743.1429546703639
709.469130979178,709.469130979178,721.7764452021859,717.5046908425605,743.1429546703639
709.469130979178,709.469130979178,722.2309156938333,717.7251449515636,743.1429546703639
709.469130979178,709.469130979178,722.8293608012294,717.7052814859662,743.1429546703639
709.469130979178,709.469130979178,721.5546248811614,717.5400141685554,743.1429546703639
709.469130979178,709.469130979178,721.2229570136927,717.7579818301293,743.1429546703639
709.469130979178,709.469130979178,720.1457525235379,717.5636006668269,743.1429546703639
709.469130979178,709.469130979178,720.108541224416,717.4726687282605,743.1429546703639
709.469130979178,709.469130979178,719.4838446328803,717.4829954296509,743.1429546703639
709.469130979178,709.469130979178,715.5562929592169,717.3239725842818,743.1429546703639
709.469130979178,709.469130979178,716.8050356594415,717.369390854323,743.1429546703639
709.469130979178,709.469130979178,717.5628554331726,717.026155743561,743.1429546703639
709.469130979178,709.469130979178,717.1691841153471,717.5220773966504,743.1429546703639
709.469130979178,709.469130979178,717.613143592228,718.019518049592,743.1429546703639
709.469130979178,709.469130979178,716.9787987527991,717.9932959308422,743.1429546703639
709.469130979178,709.469130979178,718.8007147005342,718.5103324137418,743.1429546703639
709.469130979178,709.469130979178,720.2070293285726,718.6290062539139,743.1429546703639
709.469130979178,709.469130979178,720.3447486694438,718.6881766489424,743.1429546703639
709.469130979178,709.469130979178,719.9772123791079,718.2856441645912,743.1429546703639
709.469130979178,709.469130979178,721.1736252125033,717.8418947519339,743.1429546703639
709.469130979178,709.469130979178,719.6424626650792,718.2528098987173,743.1429546703639
709.469130979178,709.469130979178,720.9165491705727,718.2008989554909,743.1429546703639
709.469130979178,709.469130979178,720.9664788546244,718.2365891212679,743.1429546703639
709.469130979178,709.469130979178,720.4919481758154,718.6387441030168,743.1429546703639
709.469130979178,709.469130979178,721.6168345712483,718.824736885736,743.1429546703639
709.469130979178,709.469130979178,721.6977891411086,719.6511087899297,743.1429546703639
709.469130979178,709.469130979178,719.1891525559902,719.8260948615399,743.1429546703639
709.469130979178,709.469130979178,718.2131257891381,719.0660546308437,743.1429546703639
709.469130979178,709.469130979178,719.7226593447474,719.1658467033183,743.1429546703639
709.469130979178,709.469130979178,719.1456578756885,719.4316107795844,743.1429546703639
709.469130979178,709.469130979178,720.1650638065818,719.5264222027889,743.1429546703639
709.469130979178,709.469130979178,719.5920599979424,719.4639189129282,743.1429546703639
709.469130979178,709.469130979178,717.6294224385857,719.308850708493,743.1429546703639
709.469130979178,709.469130979178,715.7445882923629,719.4379692857894,743.1429546703639
709.469130979178,709.469130979178,714.9325503444085,719.1189437146579,743.1429546703639
709.469130979178,709.469130979178,712.6650709114517,718.7226905982549,743.1429546703639
709.469130979178,709.469130979178,713.6172879972373,718.7046149627522,743.1429546703639
709.469130979178,709.469130979178,716.1748361816435,719.1054523691379,743.1429546703639
709.469130979178,709.469130979178,716.9633779835192,719.3972642626501,743.1429546703639
709.469130979178,709.469130979178,718.0774255736054,719.5026945895142,743.1429546703639
709.469130979178,709.469130979178,716.310889988177,719.2199228968757,743.1429546703639
709.469130979178,709.469130979178,716.45859244792,719.2613004503587,743.1429546703639
709.469130979178,709.469130979178,718.7266209305192,719.344524406582,743.1429546703639
709.469130979178,709.469130979178,719.147467271808,719.1653016266889,743.1429546703639
709.469130979178,709.469130979178,718.5950963260153,718.7355809751265,743.1429546703639
709.469130979178,709.469130979178,719.2694996797329,718.731206289304,743.1429546703639
709.469130979178,709.469130979178,720.8922482194339,718.8102941249543,743.1429546703639
709.469130979178,709.469130979178,719.741144985026,718.9164793699337,743.1429546703639
709.469130979178,709.469130979178,718.425895511919,718.9145979704349,743.1429546703639
709.469130979178,709.469130979178,716.8971096875943,718.1700222617219,743.1429546703639
709.469130979178,709.469130979178,717.5623530450193,718.0971610328597,743.1429546703639
710.1511428861812,710.1511428861812,716.1300092729153,718.1320132645047,743.1429546703639
709.469130979178,709.469130979178,713.3963313555901,717.5776075389332,743.1429546703639
709.469130979178,709.469130979178,713.1175423925177,717.2229379449465,743.1429546703639
709.469130979178,709.469130979178,712.4629736302506,716.9172507249444,743.1429546703639
709.469130979178,709.469130979178,712.5947056536224,717.00555601729,743.1429546703639
709.469130979178,709.469130979178,711.187116874388,717.0185669951244,743.1429546703639
709.469130979178,709.469130979178,712.1834739321179,717.331465911474,743.1429546703639
709.469130979178,709.469130979178,713.348270322617,717.6874831083821,743.1429546703639
709.469130979178,709.469130979178,715.1157284006289,718.0819093500041,743.1429546703639
709.469130979178,709.469130979178,715.740926990861,717.8843392991436,743.1429546703639
709.469130979178,709.469130979178,716.0822655137574,717.8358952806215,743.1429546703639
709.469130979178,709.469130979178,718.3112357211841,717.8060178601007,743.1429546703639
709.469130979178,709.469130979178,718.7531284209808,717.450934910697,743.1429546703639
709.469130979178,709.469130979178,719.0475094897782,717.3309928723403,743.1429546703639
709.469130979178,709.469130979178,717.4206454027991,716.7295421577431,743.1429546703639
709.469130979178,709.469130979178,715.9841212246113,716.1739853743322,743.1429546703639
709.469130979178,709.469130979178,713.5665825467031,715.9758326869257,743.1429546703639
709.469130979178,709.469130979178,713.3522070444146,716.3624820414436,743.1429546703639
709.469130979178,709.469130979178,712.78055083874,716.4032944752514,743.1429546703639
709.469130979178,709.469130979178,713.9400745474361,716.7438616756152,743.1429546703639
709.469130979178,709.469130979178,716.0980414404381,716.8721937345946,743.1429546703639
709.469130979178,709.469130979178,714.981201969113,716.6089624829984,743.1429546703639
709.469130979178,709.469130979178,715.1595229709371,716.3844498697214,743.1429546703639
709.469130979178,709.469130979178,717.6054388983569,716.528713737762,743.1429546703639
709.469130979178,709.469130979178,719.9700057255839,716.383985474638,743.1429546703639
709.469130979178,709.469130979178,721.4307481863532,716.6223045004049,743.1429546703639
709.469130979178,709.469130979178,724.7811657516529,717.2894406794287,743.1429546703639
709.469130979178,709.469130979178,722.9219062706688,717.002331426628,743.1429546703639
709.469130979178,709.469130979178,721.8645083172693,716.9470645635677,743.1429546703639
709.469130979178,709.469130979178,720.0846064601758,716.7277702063338,743.1429546703639
709.469130979178,709.469130979178,719.419042608485,716.8375902567032,743.1429546703639
709.469130979178,709.469130979178,719.1544527850272,716.9139685522866,743.1429546703639
709.469130979178,709.469130979178,717.4856955195708,716.7326713151627,743.1429546703639
709.469130979178,709.469130979178,716.3218332339076,716.8065703156617,743.1429546703639
709.469130979178,709.469130979178,715.9665338772352,717.0442780677946,743.1429546703639
709.469130979178,709.469130979178,717.6866474407973,717.4361763891168,743.1429546703639
709.469130979178,709.469130979178,715.7897977831568,717.2124329997313,743.1429546703639
709.469130979178,709.469130979178,716.0393615490677,716.8175281397373,743.1429546703639
709.469130979178,709.469130979178,716.4086095871478,716.6133013662761,743.1429546703639
709.469130979178,709.469130979178,718.1131664922806,717.0882255071546,743.1429546703639
709.469130979178,709.469130979178,718.3846041375327,717.2227925946256,743.1429546703639
709.469130979178,709.469130979178,719.9854104467577,717.1657264555344,743.1429546703639
709.469130979178,709.469130979178,721.0548437702886,717.114146614859,743.1429546703639
709.469130979178,709.469130979178,719.178990677629,716.9233491859845,743.1429546703639
709.469130979178,709.469130979178,717.6042756530858,716.7112332624653,743.1429546703639
709.469130979178,709.469130979178,717.3666934346417,716.7310654321582,743.1429546703639
709.469130979178,709.469130979178,715.8206897501124,716.4283419527485,743.1429546703639
709.469130979178,709.469130979178,715.8981222708987,716.3119734915335,743.1429546703639
709.469130979178,709.469130979178,717.2081584655197,716.6755111218612,743.1429546703639
709.469130979178,709.469130979178,715.0036027392778,716.5764754460063,743.1429546703639
709.469130979178,709.469130979178,714.0711037953362,716.8110114991098,743.1429546703639
709.469130979178,709.469130979178,713.4050560123802,717.1674713868924,743.1429546703639
709.469130979178,709.469130979178,714.630690943995,717.4167763251546,743.1429546703639
709.469130979178,709.469130979178,715.7421674135207,717.5791879426386,743.1429546703639
709.469130979178,709.469130979178,716.2907095727367,717.4504340462881,743.1429546703639
709.469130979178,709.469130979178,714.9733787682636,717.4883178109335,743.1429546703639
709.469130979178,709.469130979178,715.9739841135712,717.1864439890393,743.1429546703639
709.469130979178,709.469130979178,714.9839467824129,716.6391087834926,743.1429546703639
709.469130979178,709.469130979178,714.1492589560755,716.4822172329505,743.1429546703639
709.469130979178,709.469130979178,715.5908071764684,716.5464514831276,743.1429546703639
709.469130979178,709.469130979178,715.7584660395556,716.7462516042694,743.1429546703639
709.469130979178,709.469130979178,713.9678144283027,716.298787128316,743.1429546703639
709.469130979178,709.469130979178,715.0617632522324,716.6785032914048,743.1429546703639
709.469130979178,709.469130979178,715.4615734888382,716.8620007424505,743.1429546703639
709.469130979178,709.469130979178,715.2246489269088,717.0112347511101,743.1429546703639
709.469130979178,709.469130979178,713.480948758098,716.9876833176306,743.1429546703639
709.469130979178,709.469130979178,712.8959573695398,717.0523189536067,743.1429546703639
709.469130979178,709.469130979178,714.4809553976559,716.8648584541407,743.1429546703639
709.469130979178,709.469130979178,715.7394412817234,717.0739953215469,743.1429546703639
709.469130979178,709.469130979178,716.4950715856415,717.0574508907687,743.1429546703639
709.469130979178,709.469130979178,719.3179306335893,717.3902294429,747.2969831373596
709.469130979178,709.469130979178,720.6524078964828,717.4330283137901,747.2969831373596
709.469130979178,709.469130979178,719.1457733207152,717.4757533613606,747.2969831373596
709.469130979178,709.469130979178,718.9520399726458,717.1313209573084,747.2969831373596
709.469130979178,709.469130979178,721.6064813643759,717.3385298788686,747.2969831373596
709.469130979178,709.469130979178,722.4267032747073,717.1868743353016,747.2969831373596
709.469130979178,709.469130979178,724.3317229353735,716.9624303903506,747.2969831373596
709.469130979178,709.469130979178,723.5819238337178,716.9968619667505,747.2969831373596
709.469130979178,709.469130979178,723.0129799898472,717.3036896560628,747.2969831373596
709.469130979178,709.469130979178,719.5951641932973,716.9595624373931,747.2969831373596
709.469130979178,709.469130979178,716.3363805400883,716.7736970292203,747.2969831373596
709.469130979178,709.469130979178,717.1283403790542,717.0278058325955,747.2969831373596
709.469130979178,709.469130979178,718.4569688368993,717.6700080248261,747.2969831373596
709.469130979178,709.469130979178,718.6209307120116,717.5911404529289,747.2969831373596
709.469130979178,709.469130979178,717.268204248642,717.5988639531497,747.2969831373596
709.469130979178,709.469130979178,718.4489872945626,717.3393423060546,747.2969831373596
709.469130979178,709.469130979178,716.2763088891649,717.0597326115524,747.2969831373596
709.469130979178,709.469130979178,716.2104669825405,717.0310830534452,747.2969831373596
709.469130979178,709.469130979178,715.9356808175929,717.2091039021518,747.2969831373596
709.469130979178,709.469130979178,718.9147322307983,717.1198755850966,747.2969831373596
709.469130979178,709.469130979178,718.8036936336014,716.8575149284343,747.2969831373596
709.469130979178,709.469130979178,718.0771035106743,716.6461444453787,747.2969831373596
709.469130979178,709.469130979178,716.0758070989677,716.674200690562,747.2969831373596
709.469130979178,709.469130979178,717.1730296540352,717.1899482482104,747.2969831373596
709.469130979178,709.469130979178,716.4225673000269,717.3625222825381,747.2969831373596
709.469130979178,709.469130979178,714.7956813101069,716.8251398811477,747.2969831373596
710.2306103156142,710.2306103156142,717.7074233297313,717.4370793274762,747.2969831373596
709.469130979178,709.469130979178,717.3743758319622,717.3263337656578,747.2969831373596
709.469130979178,709.469130979178,718.8624335228794,717.5399589136239,747.2969831373596
709.469130979178,709.469130979178,718.102186062292,717.7395922496996,747.2969831373596
709.469130979178,709.469130979178,718.8835029550912,717.8199947603852,747.2969831373596
709.469130979178,709.469130979178,717.992671212636,717.5636674854301,747.2969831373596
709.469130979178,709.469130979178,718.2305014669785,717.3941627951585,747.2969831373596
709.469130979178,709.469130979178,716.9580643102544,717.4331276275572,747.2969831373596
709.469130979178,709.469130979178,716.8650420872061,717.477388785432,747.2969831373596
709.469130979178,709.469130979178,717.3022850247296,717.2909211324409,747.2969831373596
709.469130979178,709.469130979178,715.1330947366871,717.2689014520993,747.2969831373596
709.469130979178,709.469130979178,715.574702118942,717.4444848329637,747.2969831373596
709.469130979178,709.469130979178,714.7326287401061,717.6566328704299,747.2969831373596
709.469130979178,709.469130979178,713.4154629885982,717.3045234121254,747.2969831373596
709.469130979178,709.469130979178,714.3689695034819,717.5420954531706,747.2969831373596
709.469130979178,709.469130979178,715.4798400161483,717.8660726029992,747.2969831373596
709.469130979178,709.469130979178,715.6343444785161,717.5086790404152,747.2969831373596
709.469130979178,709.469130979178,715.1554062892731,717.3718941876439,747.2969831373596
709.469130979178,709.469130979178,715.2912905398679,717.4907171080238,747.2969831373596
709.469130979178,709.469130979178,715.070250032376,717.6087813872965,747.2969831373596
709.469130979178,709.469130979178,717.5589317692555,718.2014963320424,747.2969831373596
709.469130979178,709.469130979178,717.4204443185502,718.0323826171424,747.2969831373596
709.469130979178,709.469130979178,715.6040701612308,717.6295586463315,747.2969831373596
709.469130979178,709.469130979178,716.4329036251896,717.2920898200351,747.2969831373596
709.469130979178,709.469130979178,714.3251978279843,716.5435488920496,747.2969831373596
709.469130979178,709.469130979178,713.1795660191214,716.3715042275269,747.2969831373596
709.469130979178,709.469130979178,712.8361466303143,716.2467537023354,747.2969831373596
709.469130979178,709.469130979178,713.8664520759187,716.3547766082987,747.2969831373596
709.469130979178,709.469130979178,713.2134461481035,715.8121100647694,747.2969831373596
709.469130979178,709.469130979178,711.2689696691058,715.3772346661763,747.2969831373596
709.469130979178,709.469130979178,708.5969768687125,715.0545471187103,747.2969831373596
709.469130979178,709.469130979178,707.0509025106576,714.7261783525305,747.2969831373596
709.469130979178,709.469130979178,706.4753629220337,714.3220352327687,747.2969831373596
709.469130979178,709.469130979178,707.8267659441783,714.9384101702111,747.2969831373596
709.469130979178,709.469130979178,708.6475408678145,715.0057809575949,747.2969831373596
709.469130979178,709.469130979178,708.2796619350213,714.6017685387205,747.2969831373596
709.469130979178,709.469130979178,709.2817285410583,714.4117056431671,747.2969831373596
709.469130979178,709.469130979178,707.0256255902196,714.0357155839401,747.2969831373596
709.469130979178,709.469130979178,707.7857712706707,713.915623469175,747.2969831373596
709.469130979178,709.469130979178,710.7419081177417,713.8358188308122,747.2969831373596
709.469130979178,709.469130979178,711.6319267532656,714.1256706915304,747.2969831373596
709.469130979178,709.469130979178,712.2726361613699,713.9386121882962,747.2969831373596
709.469130979178,709.469130979178,714.211263083202,713.9771516858906,747.2969831373596
709.469130979178,709.469130979178,712.251446104255,713.6057529449027,747.2969831373596
709.469130979178,709.469130979178,712.4444863141723,713.7339394937089,747.2969831373596
709.469130979178,709.469130979178,714.102304329526,713.8068087024906,747.2969831373596
709.469130979178,709.469130979178,715.1292760272185,714.222399428817,747.2969831373596
709.469130979178,709.469130979178,717.4766484768321,714.0964393484995,747.2969831373596
709.469130979178,709.469130979178,717.9625532613346,714.2236206614365,747.2969831373596
709.469130979178,709.469130979178,716.5846880988996,714.1936201885705,747.2969831373596
709.469130979178,709.469130979178,716.1157303424233,713.8073320940687,747.2969831373596
709.469130979178,709.469130979178,718.1165291513943,714.0870428521827,747.2969831373596
709.469130979178,709.469130979178,718.5255104131677,713.9097670639479,747.2969831373596
709.469130979178,709.469130979178,719.8589456988846,713.957104872221,747.2969831373596
709.469130979178,709.469130979178,718.3580321534123,713.6288453333729,747.2969831373596
709.469130979178,709.469130979178,718.1255895054644,713.8333923610562,747.2969831373596
709.469130979178,709.469130979178,715.9728925594334,713.7708776473082,747.2969831373596
709.469130979178,709.469130979178,715.7758620174685,713.8599988899425,747.2969831373596
709.469130979178,709.469130979178,714.45305890991,713.7412240259774,747.2969831373596
709.469130979178,709.469130979178,714.2769470453115,713.5885525926869,747.2969831373596
709.469130979178,709.469130979178,714.4968473496834,713.6800826166681,747.2969831373596
709.469130979178,709.469130979178,714.3407527756628,713.8402529835271,747.2969831373596
709.469130979178,709.469130979178,716.6839019600696,714.3000217079408,747.2969831373596
709.469130979178,709.469130979178,714.8076260583323,714.2355374861679,747.2969831373596
709.469130979178,709.469130979178,714.1398170541548,713.5830148435075,747.2969831373596
709.469130979178,709.469130979178,713.9422426935919,713.5258728965449,747.2969831373596
709.469130979178,709.469130979178,713.8914723051319,713.4223032126313,747.2969831373596
709.469130979178,709.469130979178,715.2157872455773,713.8720750812032,747.2969831373596
709.469130979178,709.469130979178,715.7815524935497,713.8392764167137,747.2969831373596
709.469130979178,709.469130979178,715.6180204695781,713.6981066801274,747.2969831373596
709.469130979178,709.469130979178,714.1704549786843,713.0023872585537,747.2969831373596
709.469130979178,709.469130979178,712.576096520859,712.8713834239887,747.2969831373596
709.469130979178,709.469130979178,709.4370162470408,713.0666109251027,747.2969831373596
709.469130979178,709.469130979178,709.9959793893827,712.9481526390065,747.2969831373596
709.469130979178,709.469130979178,710.9739995712058,712.9127751921519,747.2969831373596
709.469130979178,709.469130979178,712.259645100688,713.3418887128583,747.2969831373596
709.469130979178,709.469130979178,712.7918875557516,713.4134513977187,747.2969831373596
709.469130979178,709.469130979178,712.6768475608897,713.6341541781975,747.2969831373596
709.469130979178,709.469130979178,714.4282410099103,714.0822353890752,747.2969831373596
709.469130979178,709.469130979178,714.7742447968965,714.3991617056857,747.2969831373596
709.469130979178,709.469130979178,718.4613337946635,714.975258643744,747.2969831373596
709.469130979178,709.469130979178,719.0958785692025,715.2803786356976,747.2969831373596
709.469130979178,709.469130979178,717.9520174405905,715.361941828814,747.2969831373596
709.469130979178,709.469130979178,717.9781863033768,714.9784367108463,747.2969831373596
709.469130979178,709.469130979178,718.637532542006,714.9107735269903,747.2969831373596
709.469130979178,709.469130979178,718.441288454506,715.3742140167553,747.2969831373596
709.469130979178,709.469130979178,718.680237937088,715.2931532769246,747.2969831373596
709.469130979178,709.469130979178,717.3372180503062,715.6964726702149,747.2969831373596
709.469130979178,709.469130979178,713.4425747789971,715.2135960907403,747.2969831373596
709.469130979178,709.469130979178,713.9802985107157,715.0468397842805,747.2969831373596
709.469130979178,709.469130979178,708.322875422741,714.313448377639,747.2969831373596
709.469130979178,709.469130979178,708.3584387324341,714.4975391499107,747.2969831373596
709.469130979178,709.469130979178,710.1537547473174,714.5504401616371,747.2969831373596
709.469130979178,709.469130979178,710.1512779688461,714.5584030837645,747.2969831373596
709.469130979178,709.469130979178,708.8227980169379,714.1864358675434,747.2969831373596
709.469130979178,709.469130979178,706.3801904214936,713.8297912351487,747.2969831373596
709.469130979178,709.469130979178,706.0238303126,713.472064134001,747.2969831373596
709.469130979178,709.469130979178,705.9711250200122,713.3953679788507,747.2969831373596
709.469130979178,709.469130979178,708.6966404452957,713.3604135275325,747.2969831373596
709.469130979178,709.469130979178,708.1153195095069,713.3529660664019,747.2969831373596
709.469130979178,709.469130979178,711.4975325202106,713.3898088131967,747.2969831373596
709.469130979178,709.469130979178,712.6337482123214,713.400982962096,747.2969831373596
709.469130979178,709.469130979178,712.9572783922513,713.4367937574539,747.2969831373596
709.469130979178,709.469130979178,713.8762303325126,713.3618600104901,747.2969831373596
709.469130979178,709.469130979178,716.1780994703811,713.7504493309372,747.2969831373596
709.469130979178,709.469130979178,719.3816325758223,714.0809998492203,747.2969831373596
709.469130979178,709.469130979178,722.2988601488523,714.7372576518849,747.2969831373596
709.469130979178,709.469130979178,723.103388085197,714.8608731923965,747.2969831373596
709.469130979178,709.469130979178,724.541076417418,715.3780170290343,747.2969831373596
709.469130979178,709.469130979178,725.8693321325218,715.6714430838439,747.2969831373596
709.469130979178,709.469130979178,724.484474561799,715.3873342556197,747.2969831373596
709.469130979178,709.469130979178,723.9196482722871,715.3167620614208,747.2969831373596
709.469130979178,709.469130979178,723.425786815086,714.7851707284572,747.2969831373596
709.469130979178,709.469130979178,724.1410407095359,715.2285429407308,747.2969831373596
709.469130979178,709.469130979178,724.5772873674749,715.8379433936011,747.2969831373596
709.469130979178,709.469130979178,724.2606839965863,716.1446881098193,747.2969831373596
709.469130979178,709.469130979178,723.5879502194973,716.6765532347579,747.2969831373596
709.469130979178,709.469130979178,723.6345556864172,716.5446268805646,747.2969831373596
709.469130979178,709.469130979178,722.5293966670821,716.7275858637408,747.2969831373596
709.469130979178,709.469130979178,721.9091565030178,716.9296702905318,747.2969831373596
709.469130979178,709.469130979178,721.9411775990757,716.941478779698,747.2969831373596
709.469130979178,709.469130979178,722.1194055643115,717.2254238701113,747.2969831373596
709.469130979178,709.469130979178,722.6368242228313,717.4251323236152,747.2969831373596
709.469130979178,709.469130979178,721.4927207048279,717.5278912038199,747.2969831373596
709.469130979178,709.469130979178,720.8271237536403,717.808568230088,747.2969831373596
709.469130979178,709.469130979178,721.045517891448,717.9018626679712,747.2969831373596
709.469130979178,709.469130979178,721.2981762176737,718.3778109671422,747.2969831373596
709.469130979178,709.469130979178,720.8996003203947,718.1891774324655,747.2969831373596
709.469130979178,709.469130979178,720.7325640071639,717.9884504631914,747.2969831373596
709.469130979178,709.469130979178,721.0852972109584,718.1918807733441,747.2969831373596
709.469130979178,709.469130979178,723.1806724737312,717.8853465155116,747.2969831373596
709.469130979178,709.469130979178,722.0880987957855,717.8238679154279,747.2969831373596
709.469130979178,709.469130979178,719.4317231955007,717.7210734745972,747.2969831373596
709.469130979178,709.469130979178,719.1487844269257,717.7620108285296,747.2969831373596
709.469130979178,709.469130979178,720.030840213488,718.0872297643846,747.2969831373596
709.469130979178,709.469130979178,718.3087390405069,717.8753527851715,747.2969831373596
709.469130979178,709.469130979178,714.8719449281085,717.6161523653462,747.2969831373596
709.469130979178,709.469130979178,713.5326087884712,717.4282555800985,747.2969831373596
709.469130979178,709.469130979178,712.2358618879746,717.7471078849869,747.2969831373596
709.469130979178,709.469130979178,712.210396438088,717.8379003588186,747.2969831373596
709.469130979178,709.469130979178,712.0508910196006,718.6309496348835,747.2969831373596
709.469130979178,709.469130979178,712.6179796118703,718.6757760913154,747.2969831373596
709.469130979178,709.469130979178,714.6659587334682,718.6235142718274,747.2969831373596
709.469130979178,709.469130979178,715.8739299507627,718.906541224913,747.2969831373596
709.469130979178,709.469130979178,713.627016735523,719.0480735081014,747.2969831373596
709.469130979178,709.469130979178,713.3022524678877,719.2597651944502,747.2969831373596
709.469130979178,709.469130979178,713.918558820825,719.1950980669912,747.2969831373596
709.469130979178,709.469130979178,715.7435583443311,719.3827422449624,747.2969831373596
709.469130979178,709.469130979178,716.1166155747469,719.2311029108771,747.2969831373596
709.469130979178,709.469130979178,714.8715509400279,719.1891466449229,747.2969831373596
709.469130979178,709.469130979178,713.4948312117502,719.0304093731913,747.2969831373596
709.469130979178,709.469130979178,714.8183197852741,719.1126904059057,747.2969831373596
709.469130979178,709.469130979178,713.8773279944684,718.8075241922708,747.2969831373596
709.469130979178,709.469130979178,713.9273929438114,718.9167737471727,747.2969831373596
709.469130979178,709.469130979178,713.1758698988017,718.4476275937856,747.2969831373596
709.469130979178,709.469130979178,712.6142026539155,717.9062792100689,747.2969831373596
709.469130979178,709.469130979178,713.4501533854627,717.4253567143134,747.2969831373596
709.469130979178,709.469130979178,713.8999752310215,717.5420596741272,747.2969831373596
709.469130979178,709.469130979178,712.1892121936196,716.7607300661174,747.2969831373596
710.6261361890425,710.6261361890425,714.0804006791286,716.8313603542441,747.2969831373596
709.469130979178,709.469130979178,713.6113749079941,716.8557894424303,747.2969831373596
709.469130979178,709.469130979178,711.2672154821912,716.5822038478866,747.2969831373596
709.469130979178,709.469130979178,713.2097180042415,716.764310430102,747.2969831373596
709.469130979178,709.469130979178,711.7715491494396,716.4428754351533,747.2969831373596
709.469130979178,709.469130979178,714.1417040922458,716.3605109387397,747.2969831373596
709.469130979178,709.469130979178,715.7625958486524,716.206661580482,747.2969831373596
709.469130979178,709.469130979178,715.0016936747387,715.7081054053617,747.2969831373596
709.469130979178,709.469130979178,713.3256510017175,715.4802787371871,747.2969831373596
709.469130979178,709.469130979178,715.9790433374327,715.4506594001874,747.2969831373596
709.469130979178,709.469130979178,714.6437808237276,715.3782852183862,747.2969831373596
709.469130979178,709.469130979178,714.9750638964833,715.4625667019119,747.2969831373596
709.469130979178,709.469130979178,715.5874455579695,715.275811846618,747.2969831373596
709.469130979178,709.469130979178,713.6113991952998,714.9592254245956,747.2969831373596
709.469130979178,709.469130979178,713.9159970524404,714.9275307046759,747.2969831373596
709.469130979178,709.469130979178,713.7643649265968,714.947959173331,747.2969831373596
709.469130979178,709.469130979178,713.4560759371009,714.6887731896126,747.2969831373596
709.469130979178,709.469130979178,715.1307399409495,714.474618150017,747.2969831373596
709.469130979178,709.469130979178,714.2276074136994,714.1458801558481,747.2969831373596
709.469130979178,709.469130979178,713.3172073768962,713.9675880741338,747.2969831373596
709.469130979178,709.469130979178,713.3615905296926,713.8335438821327,747.2969831373596
709.469130979178,709.469130979178,712.609963043649,713.3484248158956,747.2969831373596
709.469130979178,709.469130979178,711.6824463300597,713.1946813534731,747.2969831373596
709.469130979178,709.469130979178,712.4832848267677,713.5695377508491,747.2969831373596
709.469130979178,709.469130979178,713.3473090396875,713.767235627228,747.2969831373596
709.469130979178,709.469130979178,713.9518341744157,713.7321579655165,747.2969831373596
709.469130979178,709.469130979178,713.7757089053332,713.7821671625778,747.2969831373596
709.469130979178,709.469130979178,713.4577216805228,714.1917735004998,747.2969831373596
709.469130979178,709.469130979178,714.1199360590466,714.2633456099633,747.2969831373596
709.469130979178,709.469130979178,717.2670150517454,714.9738187068881,747.2969831373596
709.469130979178,709.469130979178,719.6660762636988,715.3246798472552,747.2969831373596
709.469130979178,709.469130979178,722.1746133785788,715.3731692876911,747.2969831373596
709.469130979178,709.469130979178,725.300294369598,715.7311443050186,747.2969831373596
709.469130979178,709.469130979178,725.7892303521462,715.7941920745848,747.2969831373596
709.469130979178,709.469130979178,725.6919685222955,715.7308433415348,747.2969831373596
709.469130979178,709.469130979178,726.7938721019083,716.3655290387936,747.2969831373596
709.469130979178,709.469130979178,728.5356032277243,716.8288373145451,747.2969831373596
709.469130979178,709.469130979178,727.5458023715458,716.917222210644,747.2969831373596
709.469130979178,709.469130979178,727.8169841406162,716.6780307692202,747.2969831373596
709.469130979178,709.469130979178,726.2560221258466,717.001700017108,747.2969831373596
709.469130979178,709.469130979178,723.409366965804,717.0322430524102,747.2969831373596
709.469130979178,709.469130979178,721.314341635688,716.9370713724787,747.2969831373596
709.469130979178,709.469130979178,717.061872564672,716.1798548608982,747.2969831373596
709.469130979178,709.469130979178,715.786923750694,716.1761112258298,747.2969831373596
709.469130979178,709.469130979178,714.991704302921,715.9437056133569,747.2969831373596
709.469130979178,709.469130979178,711.4697379356843,716.0243026461702,747.2969831373596
709.469130979178,709.469130979178,708.7671790334844,716.059432590459,747.2969831373596
709.469130979178,709.469130979178,709.1284344473182,716.052878423015,747.2969831373596
709.469130979178,709.469130979178,709.3296586173913,715.7639674464942,747.2969831373596
709.469130979178,709.469130979178,708.5945676683261,716.2827711120494,747.2969831373596
709.469130979178,709.469130979178,710.3127578056298,716.2787144777107,747.2969831373596
709.469130979178,709.469130979178,712.420733133028,716.6989430174855,747.2969831373596
709.469130979178,709.469130979178,716.4610584898088,717.2186234624215,747.2969831373596
709.469130979178,709.469130979178,717.9577526171436,717.1257181484102,747.2969831373596
709.469130979178,709.469130979178,718.6004270056084,717.3094811845906,747.2969831373596
709.469130979178,709.469130979178,720.0587024332638,717.2077023143736,747.2969831373596
709.469130979178,709.469130979178,722.4423330018233,717.3953800210932,747.2969831373596
709.469130979178,709.469130979178,723.7318015387733,717.798899995822,747.2969831373596
709.469130979178,709.469130979178,723.1924781413711,717.7373328744249,747.2969831373596
709.469130979178,709.469130979178,722.4388043037675,717.5747233053163,747.2969831373596
709.469130979178,709.469130979178,721.3698038110035,717.6239190751658,747.2969831373596
709.469130979178,709.469130979178,721.7118318446584,718.0462966071206,747.2969831373596
709.469130979178,709.469130979178,719.9447053057653,718.0900754119808,747.2969831373596
709.469130979178,709.469130979178,720.8899239879062,718.5814231069317,747.2969831373596
709.469130979178,709.469130979178,720.4108809259438,718.6084579592913,747.2969831373596
709.469130979178,709.469130979178,721.2688801996428,718.708605368983,747.2969831373596
709.469130979178,709.469130979178,721.7620257235706,719.056569978387,747.2969831373596
709.469130979178,709.469130979178,722.0749633964917,719.1877446869304,747.2969831373596
709.469130979178,709.469130979178,722.8359735581012,719.4590061033053,747.2969831373596
709.469130979178,709.469130979178,723.3454940260297,719.5803806351432,747.2969831373596
709.469130979178,709.469130979178,723.2604221835585,719.6036854059389,747.2969831373596
709.469130979178,709.469130979178,722.7673211322623,720.0777682248431,747.2969831373596
709.469130979178,709.469130979178,724.5829988618295,720.6701859183346,747.2969831373596
709.469130979178,709.469130979178,720.4400973991517,720.1727856214084,747.2969831373596
709.469130979178,709.469130979178,717.7552993236654,719.4900560160868,747.2969831373596
709.469130979178,709.469130979178,713.9757508249174,718.7133886990835,747.2969831373596
709.469130979178,709.469130979178,711.3817038092269,718.577768959166,747.2969831373596
709.469130979178,709.469130979178,709.8144089376868,718.4590821383633,747.2969831373596
709.469130979178,709.469130979178,709.6555132370306,718.566121538902,747.2969831373596
709.469130979178,709.469130979178,710.555113841463,718.2380003930865,747.2969831373596
709.469130979178,709.469130979178,711.9094208920491,718.052354331609,747.2969831373596
709.469130979178,709.469130979178,711.1926980565411,717.8813851604356,747.2969831373596
709.469130979178,709.469130979178,708.8632989576242,717.3827868359399,747.2969831373596
709.469130979178,709.469130979178,710.748892499512,717.1647180508813,747.2969831373596
709.469130979178,709.469130979178,712.6475406867223,716.8811704489723,747.2969831373596
709.469130979178,709.469130979178,714.7847577814971,716.3115658350013,747.2969831373596
709.469130979178,709.469130979178,714.7156380116626,715.8137759159536,747.2969831373596
709.469130979178,709.469130979178,713.2446077304642,715.5988432101467,747.2969831373596
709.469130979178,709.469130979178,713.1545793520434,715.6336405811874,747.2969831373596
709.469130979178,709.469130979178,711.5870674243125,715.3042094527794,747.2969831373596
709.469130979178,709.469130979178,711.86314004713,715.7431089478741,747.2969831373596
709.469130979178,709.469130979178,710.919448015053,715.8024064363084,747.2969831373596
709.469130979178,709.469130979178,713.9637347216837,716.7631592673423,747.2969831373596
709.469130979178,709.469130979178,716.3004922986004,717.2674317604626,747.2969831373596
709.469130979178,709.469130979178,716.8872142856972,717.2602724455273,747.2969831373596
709.469130979178,709.469130979178,716.9324865769461,717.4041155632533,747.2969831373596
709.469130979178,709.469130979178,716.805954138669,717.4215309369905,747.2969831373596
709.469130979178,709.469130979178,717.3770528584994,717.2485668923831,747.2969831373596
709.469130979178,709.469130979178,716.3664373447075,717.0409963266508,747.2969831373596
709.469130979178,709.469130979178,715.6702866418877,716.7193532474921,747.2969831373596
709.469130979178,709.469130979178,712.7490007997803,716.2303575467043,747.2969831373596
709.469130979178,709.469130979178,712.2492876110366,715.7681173319103,747.2969831373596
709.469130979178,709.469130979178,709.0734882771937,715.2856452248193,747.2969831373596
709.469130979178,709.469130979178,707.9924116752675,715.2743635720876,747.2969831373596
709.469130979178,709.469130979178,708.4646945652621,715.2331259574581,747.2969831373596
709.469130979178,709.469130979178,708.6209326870196,715.1165616140046,747.2969831373596
709.469130979178,709.469130979178,709.5930152699541,714.8516673906167,747.2969831373596
709.469130979178,709.469130979178,709.4274069550776,714.387687975644,747.2969831373596
709.469130979178,709.469130979178,709.9890883789467,714.4003183741657,747.2969831373596
709.469130979178,709.469130979178,711.8494910314272,714.6014905930239,747.2969831373596
709.469130979178,709.469130979178,711.7925604356677,714.3149088716372,747.2969831373596
709.469130979178,709.469130979178,711.7682421641709,713.7793993958128,747.2969831373596
709.469130979178,709.469130979178,715.5920750634976,714.4151191763658,747.2969831373596
709.469130979178,709.469130979178,715.7715181172196,714.2506823979503,747.2969831373596
709.469130979178,709.469130979178,716.3289375196264,714.4167372761946,747.2969831373596
709.469130979178,709.469130979178,716.0190582250113,714.0665972190785,747.2969831373596
709.469130979178,709.469130979178,714.3688757808677,713.3730374020762,747.2969831373596
709.469130979178,709.469130979178,716.0621966963074,713.1851346356073,747.2969831373596
709.469130979178,709.469130979178,715.7280983780481,712.9787433381554,747.2969831373596
709.469130979178,709.469130979178,714.9459485278982,712.9215814933979,747.2969831373596
709.469130979178,709.469130979178,716.1658060137108,712.8959856376676,747.2969831373596
709.469130979178,709.469130979178,717.8049456394267,712.7869242972456,747.2969831373596
709.469130979178,709.469130979178,714.9936621905888,712.4972518421175,747.2969831373596
709.469130979178,709.469130979178,714.647460660847,713.0921550502893,747.2969831373596
709.469130979178,709.469130979178,714.7007371950813,713.8058248504778,747.2969831373596
709.469130979178,709.469130979178,716.6162266432694,714.5946923827488,747.2969831373596
709.469130979178,709.469130979178,717.6710140951302,714.6308994592566,747.2969831373596
709.469130979178,709.469130979178,716.4370208878341,714.5096570256366,747.2969831373596
709.469130979178,709.469130979178,717.3513583690914,714.5179123645673,747.2969831373596
709.469130979178,709.469130979178,718.1286218561389,714.4362830963329,747.2969831373596
709.469130979178,709.469130979178,720.1989658424071,714.5538946277394,747.2969831373596
709.469130979178,709.469130979178,721.4233706054558,714.8330588070286,747.2969831373596
709.469130979178,709.469130979178,722.5715865380889,715.2389093582105,747.2969831373596
709.469130979178,709.469130979178,722.7555676446693,715.4934900793206,747.2969831373596
709.469130979178,709.469130979178,723.3308561379241,715.9424879407181,747.2969831373596
709.469130979178,709.469130979178,721.816468174833,716.001034461416,747.2969831373596
709.469130979178,709.469130979178,722.1161278267026,716.1109974222647,747.2969831373596
709.469130979178,709.469130979178,723.1347946147308,716.4876944024899,747.2969831373596
709.469130979178,709.469130979178,721.4783964745809,716.182675789075,747.2969831373596
709.469130979178,709.469130979178,720.7490064830514,716.2686709080807,747.2969831373596
709.469130979178,709.469130979178,718.6083371069595,715.9029340397051,747.2969831373596
709.469130979178,709.469130979178,717.524405642463,716.1540503325106,747.2969831373596
709.469130979178,709.469130979178,715.4501293794065,715.5361882897553,747.2969831373596
709.469130979178,709.469130979178,714.3789250123245,715.1091766220657,747.2969831373596
709.469130979178,709.469130979178,713.6358702345038,715.2922191304797,747.2969831373596
709.469130979178,709.469130979178,712.7880255881112,715.1721422636489,747.2969831373596
709.469130979178,709.469130979178,711.6704445793205,715.083895510395,747.2969831373596
709.469130979178,709.469130979178,710.7173951055478,715.1557628518997,747.2969831373596
709.469130979178,709.469130979178,711.6172112819105,715.2328305765155,747.2969831373596
709.469130979178,709.469130979178,711.8025633848192,715.4951262566669,747.2969831373596
709.469130979178,709.469130979178,712.004284479547,715.7539907756585,747.2969831373596
709.469130979178,709.469130979178,711.4655715719018,715.9973071246839,747.2969831373596
709.469130979178,709.469130979178,713.2554312288198,716.3725768800803,747.2969831373596
709.469130979178,709.469130979178,713.5232847160063,716.2153512302133,747.2969831373596
709.469130979178,709.469130979178,712.9477830516066,716.1888368277484,747.2969831373596
709.469130979178,709.469130979178,713.2833872123908,716.1046331687232,747.2969831373596
709.469130979178,709.469130979178,714.851783112792,716.1356490789626,747.2969831373596
709.469130979178,709.469130979178,715.8713422051571,716.4445499019155,747.2969831373596
709.469130979178,709.469130979178,717.513212205294,716.737655341785,747.2969831373596
709.469130979178,709.469130979178,718.0182172891095,716.7288715082035,747.2969831373596
709.469130979178,709.469130979178,719.0261036753172,717.2006994235884,747.2969831373596
709.469130979178,709.469130979178,719.0262130655174,717.448901304953,747.2969831373596
709.469130979178,709.469130979178,720.1194997015485,717.2780618076905,747.2969831373596
709.469130979178,709.469130979178,722.1893552720385,717.498918661177,747.2969831373596
709.469130979178,709.469130979178,722.5975284101962,717.4425550058623,747.2969831373596
709.469130979178,709.469130979178,724.2475501069243,717.7503315451058,747.2969831373596
709.469130979178,709.469130979178,725.005704914924,718.2630149057737,747.2969831373596
709.469130979178,709.469130979178,724.0252928804013,718.037169138734,747.2969831373596
709.469130979178,709.469130979178,722.1137541685246,718.0147864998804,747.2969831373596
709.469130979178,709.469130979178,720.3353361240522,717.8067490274343,747.2969831373596
709.469130979178,709.469130979178,720.6593381563166,718.0994058521095,747.2969831373596
709.469130979178,709.469130979178,718.1930389264676,717.526519962361,747.2969831373596
709.469130979178,709.469130979178,716.0592216806814,717.4911737057089,747.2969831373596
709.469130979178,709.469130979178,713.5944083112811,717.2883081912637,747.2969831373596
709.469130979178,709.469130979178,713.0155934497544,717.1055262567969,747.2969831373596
709.469130979178,709.469130979178,713.3320724548564,717.0935007074231,747.2969831373596
709.469130979178,709.469130979178,710.5326172989437,716.8353355465366,747.2969831373596
709.469130979178,709.469130979178,710.4275553330565,716.8352760277785,747.2969831373596
709.469130979178,709.469130979178,710.2786511807809,716.600245062218,747.2969831373596
709.469130979178,709.469130979178,712.1686792623917,716.6147605086849,747.2969831373596
709.469130979178,709.469130979178,711.9653379944333,716.4526802825147,747.2969831373596
709.469130979178,709.469130979178,715.3504132297254,716.311928487215,747.2969831373596
709.469130979178,709.469130979178,716.0723218360982,716.1913207653109,747.2969831373596
709.469130979178,709.469130979178,716.1853803362475,715.9742707295795,747.2969831373596
709.469130979178,709.469130979178,716.458072513053,715.7309695318228,747.2969831373596
709.469130979178,709.469130979178,716.8356369670403,716.0973344658646,747.2969831373596
709.469130979178,709.469130979178,719.7670145253006,716.3655128862562,747.2969831373596
709.469130979178,709.469130979178,720.6441346385218,716.3371440325369,747.2969831373596
709.469130979178,709.469130979178,719.4862569758902,716.2018171624799,747.2969831373596
709.469130979178,709.469130979178,720.0344582772192,716.4718508675182,747.2969831373596
709.469130979178,709.469130979178,719.9146389833123,716.7139406577854,747.2969831373596
709.469130979178,709.469130979178,719.8841128313283,716.7838699249883,747.2969831373596
709.469130979178,709.469130979178,719.6838192891494,717.0380587472595,747.2969831373596
709.469130979178,709.469130979178,720.4235262999391,717.1831909871025,747.2969831373596
709.469130979178,709.469130979178,720.7127366650586,717.1463428179339,747.2969831373596
709.469130979178,709.469130979178,719.3065051434667,717.4010303769356,747.2969831373596
709.469130979178,709.469130979178,719.5965501377519,717.9507339979424,747.2969831373596
709.469130979178,709.469130979178,719.4352605529607,718.0807171220196,747.2969831373596
709.469130979178,709.469130979178,724.3518478546846,718.748744477035,747.2969831373596
709.469130979178,709.469130979178,722.8813133669541,718.6876008639452,747.2969831373596
709.469130979178,709.469130979178,722.2526875130435,718.7636212644845,747.2969831373596
709.469130979178,709.469130979178,721.1761018503913,718.725975980686,747.2969831373596
709.469130979178,709.469130979178,720.5606754037972,718.499107582255,747.2969831373596
709.469130979178,709.469130979178,720.1376011072099,718.5060542653431,747.2969831373596
709.469130979178,709.469130979178,719.8233453073113,718.5214552690746,747.2969831373596
709.469130979178,709.469130979178,718.3483613202687,718.4140251985114,747.2969831373596
709.469130979178,709.469130979178,717.4356293100727,718.4675032373987,747.2969831373596
709.469130979178,709.469130979178,717.498456519839,718.4061399849558,747.2969831373596
709.469130979178,709.469130979178,714.5704616704381,718.1601943700637,747.2969831373596
709.469130979178,709.469130979178,714.769556651717,718.0378687364667,747.2969831373596
709.469130979178,709.469130979178,715.1994883797416,717.9982982053693,747.2969831373596
709.469130979178,709.469130979178,714.9901717399616,717.9187677155747,747.2969831373596
709.469130979178,709.469130979178,716.4083594038756,717.7568795227203,747.2969831373596
709.469130979178,709.469130979178,715.529496718926,717.1740825547207,747.2969831373596
709.469130979178,709.469130979178,715.7354277656312,717.1490351401619,747.2969831373596
709.469130979178,709.469130979178,717.1285879126611,716.9902327596589,747.2969831373596
709.469130979178,709.469130979178,716.6904973790577,716.8044617302254,747.2969831373596
709.469130979178,709.469130979178,715.7735310200857,716.7557876128927,747.2969831373596
709.469130979178,709.469130979178,717.5358416905349,717.2446118744656,747.2969831373596
709.469130979178,709.469130979178,717.4299979259036,717.4568010968371,747.2969831373596
709.469130979178,709.469130979178,716.5614271830567,717.1787160107176,747.2969831373596
709.469130979178,709.469130979178,717.4403584847984,717.768231627241,747.2969831373596
709.469130979178,709.469130979178,716.9693798288333,717.9389111523508,747.2969831373596
709.469130979178,709.469130979178,717.9095578905834,718.0371124705812,747.2969831373596
709.469130979178,709.469130979178,717.0987454184062,717.9656655338922,747.2969831373596
709.469130979178,709.469130979178,716.1972918822977,717.563276645147,747.2969831373596
709.469130979178,709.469130979178,716.2201742369704,717.9419731178308,747.2969831373596
709.469130979178,709.469130979178,716.5371035101746,717.9776972483164,747.2969831373596
709.469130979178,709.469130979178,714.7424958904023,718.13738081639,747.2969831373596
709.469130979178,709.469130979178,714.4456512674126,717.9121954978411,747.2969831373596
709.469130979178,709.469130979178,715.4991786973069,717.8854841512921,747.2969831373596
709.469130979178,709.469130979178,713.1470973991458,717.327568461125,747.2969831373596
709.469130979178,709.469130979178,712.0306473054048,717.1305762462122,747.2969831373596
709.469130979178,709.469130979178,713.0814867523081,717.4163337537934,747.2969831373596
709.469130979178,709.469130979178,715.3066016201562,717.7353713553125,747.2969831373596
709.469130979178,709.469130979178,717.6404270947785,717.7242346706946,747.2969831373596
709.469130979178,709.469130979178,720.1707909501473,718.0227284028001,747.2969831373596
709.469130979178,709.469130979178,723.1760145446514,718.4840732295422,747.2969831373596
709.469130979178,709.469130979178,724.2783576627384,719.0958009537597,747.2969831373596
709.469130979178,709.469130979178,722.9687855914095,718.4990609606795,747.2969831373596
709.469130979178,709.469130979178,721.5757651067586,718.2177093759815,747.2969831373596
709.469130979178,709.469130979178,722.943239667715,717.9393938284024,747.2969831373596
709.469130979178,709.469130979178,722.4158546264405,717.6769833136703,747.2969831373596
709.469130979178,709.469130979178,721.8593876679973,717.703506027405,747.2969831373596
709.469130979178,709.469130979178,719.6154617121729,717.5159163647356,747.2969831373596
709.469130979178,709.469130979178,717.6919547061111,717.4013245832234,747.2969831373596
709.469130979178,709.469130979178,715.935250259393,717.2904684271284,747.2969831373596
709.469130979178,709.469130979178,714.0066054988332,717.3983422187168,747.2969831373596
709.469130979178,709.469130979178,712.2950815545187,716.6844476937265,747.2969831373596
709.469130979178,709.469130979178,712.3379782757646,716.3903939424414,747.2969831373596
709.469130979178,709.469130979178,710.5204436514105,715.871260603655,747.2969831373596
709.469130979178,709.469130979178,708.6917754261619,715.4425285435566,747.2969831373596
709.469130979178,709.469130979178,708.2591944068741,715.2166871142856,747.2969831373596
709.469130979178,709.469130979178,706.9409911281706,715.064184031597,747.2969831373596
709.469130979178,709.469130979178,704.7764845347508,714.5065442102235,747.2969831373596
709.469130979178,709.469130979178,702.6968933160133,714.2710309823725,747.2969831373596
709.469130979178,709.469130979178,700.4666608921088,713.8966747435354,747.2969831373596
709.469130979178,709.469130979178,701.0328610331312,714.1052231213752,747.2969831373596
709.469130979178,709.469130979178,700.3255831955323,713.8354719987453,747.2969831373596
709.469130979178,709.469130979178,702.1299192581962,713.8624664637374,747.2969831373596
709.469130979178,709.469130979178,705.4078893148834,713.9129407906833,747.2969831373596
709.469130979178,709.469130979178,707.3337979452523,713.9112537846147,747.2969831373596
709.469130979178,709.469130979178,708.6686909228356,713.6687534180776,747.2969831373596
709.469130979178,709.469130979178,711.3454535499567,714.2273753978033,747.2969831373596
709.469130979178,709.469130979178,714.9279751468225,714.3450536864617,747.2969831373596
709.469130979178,709.469130979178,718.6448315561476,714.5742797110694,747.2969831373596
709.469130979178,709.469130979178,719.3136571197276,714.4213066916694,747.2969831373596
709.469130979178,709.469130979178,717.9560019889581,714.5417173151499,747.2969831373596
709.469130979178,709.469130979178,720.2229753379945,714.3728987282371,747.2969831373596
709.469130979178,709.469130979178,721.5419897780656,714.6848648341696,747.2969831373596
709.469130979178,709.469130979178,722.4923319711803,715.099121748308,747.2969831373596
709.469130979178,709.469130979178,722.4535728999609,714.9138966676474,747.2969831373596
709.469130979178,709.469130979178,723.1585573994506,714.9065889322013,747.2969831373596
709.469130979178,709.469130979178,721.1962260029582,714.8847090202783,747.2969831373596
709.469130979178,709.469130979178,720.2467675925142,714.9746581212833,747.2969831373596
709.469130979178,709.469130979178,718.676626598981,715.0701466544065,747.2969831373596
709.469130979178,709.469130979178,718.7699310109356,714.9312580464626,747.2969831373596
709.469130979178,709.469130979178,718.831476010386,715.0005918151921,747.2969831373596
709.469130979178,709.469130979178,716.0470752630806,714.6338146027729,747.2969831373596
709.469130979178,709.469130979178,713.5338358129009,714.5025017432675,747.2969831373596
709.469130979178,709.469130979178,712.7929119088742,714.5578683906213,747.2969831373596
709.469130979178,709.469130979178,714.011704197025,715.0868180272231,747.2969831373596
709.469130979178,709.469130979178,714.348363727034,715.3701322165272,747.2969831373596
709.469130979178,709.469130979178,714.5249269156759,715.1733970529517,747.2969831373596
709.469130979178,709.469130979178,714.5686848864613,714.8270747745441,747.2969831373596
709.469130979178,709.469130979178,717.0182550901503,714.9457122534806,747.2969831373596
709.469130979178,709.469130979178,718.142014001867,714.5255026568063,747.2969831373596
709.469130979178,709.469130979178,717.9198724888232,713.9493634040264,747.2969831373596
709.469130979178,709.469130979178,720.2406207607614,713.8262672223776,747.2969831373596
709.469130979178,709.469130979178,720.9991421449259,714.1085730539708,747.2969831373596
709.469130979178,709.469130979178,717.8565084792959,713.8140170651288,747.2969831373596
709.469130979178,709.469130979178,717.7744389415036,714.053057881981,747.2969831373596
709.469130979178,709.469130979178,716.9308233645202,714.273125964143,747.2969831373596
709.469130979178,709.469130979178,716.4629712075612,714.0941137608647,747.2969831373596
709.469130979178,709.469130979178,715.2915020025667,713.9622828326231,747.2969831373596
709.469130979178,709.469130979178,711.1514355862081,713.6376084295001,747.2969831373596
709.469130979178,709.469130979178,708.6876378153386,713.0759801679956,747.2969831373596
709.469130979178,709.469130979178,706.7028860963701,712.4886195235339,747.2969831373596
709.469130979178,709.469130979178,707.012169843181,712.7696848801102,747.2969831373596
709.469130979178,709.469130979178,708.6664221645749,713.3742618317327,747.2969831373596
709.469130979178,709.469130979178,711.4053111996287,713.9909905747726,747.2969831373596
709.469130979178,709.469130979178,709.1223481125996,714.1391724192683,747.2969831373596
709.469130979178,709.469130979178,707.3534407872527,714.0919752402186,747.2969831373596
709.469130979178,709.469130979178,707.3148009160086,714.1688757184321,747.2969831373596
709.469130979178,709.469130979178,707.6022212020208,714.5274301660771,747.2969831373596
709.469130979178,709.469130979178,709.0273098709738,714.9036917404923,747.2969831373596
709.469130979178,709.469130979178,710.3881185997132,715.0602717095164,747.2969831373596
709.469130979178,709.469130979178,711.746925910939,714.6314324990952,747.2969831373596
709.469130979178,709.469130979178,710.3264183225303,714.7698519055095,747.2969831373596
709.469130979178,709.469130979178,707.9513456157952,714.5385471032525,747.2969831373596
709.469130979178,709.469130979178,707.2187982501921,714.3531723618341,747.2969831373596
709.469130979178,709.469130979178,708.2868770436559,714.3297882389489,747.2969831373596
709.469130979178,709.469130979178,709.3100569321406,714.2202484420797,747.2969831373596
709.469130979178,709.469130979178,710.122429014926,713.9242708114259,747.2969831373596
709.469130979178,709.469130979178,710.2753876096604,713.5969126586446,747.2969831373596
709.469130979178,709.469130979178,711.5900811626869,713.4927416618001,747.2969831373596
709.469130979178,709.469130979178,712.7293722216335,713.7434147298976,747.2969831373596
709.469130979178,709.469130979178,715.1582431989254,714.0718807410886,747.2969831373596
709.469130979178,709.469130979178,716.8725679201505,714.0997704219408,747.2969831373596
709.469130979178,709.469130979178,718.0742655976314,713.8450022671657,747.2969831373596
709.469130979178,709.469130979178,717.5655288734232,713.3678117422828,747.2969831373596
709.469130979178,709.469130979178,717.1722052241037,713.2735147037777,747.2969831373596
709.469130979178,709.469130979178,719.5123639779439,713.4910097577783,747.2969831373596
709.469130979178,709.469130979178,719.1882611856531,713.5226778479649,747.2969831373596
709.469130979178,709.469130979178,721.3317099720005,713.8139011345418,747.2969831373596
709.469130979178,709.469130979178,722.0028659067145,714.1579895233467,747.2969831373596
709.469130979178,709.469130979178,722.0764416704417,714.4047168617988,747.2969831373596
709.469130979178,709.469130979178,720.3396922382033,714.3735239866523,747.2969831373596
709.469130979178,709.469130979178,718.1102387922614,714.5124031277768,747.2969831373596
709.469130979178,709.469130979178,718.7953559320516,714.8973062909959,747.2969831373596
709.469130979178,709.469130979178,719.4021015548617,714.6896496714802,747.2969831373596
709.469130979178,709.469130979178,721.4452303159073,714.760219927554,747.2969831373596
709.469130979178,709.469130979178,722.2963746588841,715.0806119441482,747.2969831373596
709.469130979178,709.469130979178,724.4201352608961,715.5017195170091,747.2969831373596
709.469130979178,709.469130979178,726.363814983321,716.1729271539137,748.4927065888805
709.469130979178,709.469130979178,726.2584579666831,716.0060300986531,748.4927065888805
709.469130979178,709.469130979178,725.8004887323857,715.9364118079025,748.4927065888805
709.469130979178,709.469130979178,724.7037696043006,715.7303034097478,748.4927065888805
709.469130979178,709.469130979178,724.7421983040488,715.4127186364344,748.4927065888805
709.469130979178,709.469130979178,725.8764917834853,715.8727762187077,748.4927065888805
709.469130979178,709.469130979178,726.1149956519669,716.3413471060146,748.4927065888805
709.469130979178,709.469130979178,725.2190561048394,716.2491433602213,748.4927065888805
709.469130979178,709.469130979178,724.2234540546808,716.5391380821804,748.4927065888805
709.469130979178,709.469130979178,722.6098158030827,716.7310884361134,748.4927065888805
709.469130979178,709.469130979178,720.1872005009656,717.1520668535936,748.4927065888805
709.469130979178,709.469130979178,719.1785211251761,717.6114472064469,748.4927065888805
709.469130979178,709.469130979178,718.9117736451676,717.9812389738684,748.4927065888805
709.469130979178,709.469130979178,721.9601105887343,718.7817483082206,748.4927065888805
709.469130979178,709.469130979178,723.3599448355433,718.6822736349068,748.4927065888805
709.469130979178,709.469130979178,721.2615657645334,718.3918049386994,748.4927065888805
709.469130979178,709.469130979178,720.717054367849,718.2036957396584,748.4927065888805
709.469130979178,709.469130979178,718.948209731973,718.214315684096,748.4927065888805
709.469130979178,709.469130979178,717.7397232878333,718.6163945822966,748.4927065888805
709.469130979178,709.469130979178,717.541964613167,718.7765211755451,748.4927065888805
709.469130979178,709.469130979178,717.035487886655,719.0387201905205,748.4927065888805
709.469130979178,709.469130979178,716.9158200793772,719.1891492481277,748.4927065888805
709.469130979178,709.469130979178,717.2838835098194,719.3603919558897,748.4927065888805
709.469130979178,709.469130979178,715.2398517262629,719.4803334712852,748.4927065888805
709.469130979178,709.469130979178,715.241978816481,719.6653857336969,748.4927065888805
709.469130979178,709.469130979178,713.6433022403353,719.5301962636073,748.4927065888805
709.469130979178,709.469130979178,713.8487556485989,719.52968721934,748.4927065888805
709.469130979178,709.469130979178,715.4240569687586,719.6417516691165,748.4927065888805
709.469130979178,709.469130979178,717.1867948467033,720.1917421652092,748.4927065888805
709.469130979178,709.469130979178,717.6071628488472,720.2734679423291,748.4927065888805
709.469130979178,709.469130979178,718.6889065025464,720.7214239690977,748.4927065888805
709.469130979178,709.469130979178,718.0940574510694,720.4899445058041,748.4927065888805
709.469130979178,709.469130979178,717.849805223867,720.3844785563363,748.4927065888805
709.469130979178,709.469130979178,716.5101533769741,719.750715506895,748.4927065888805
709.469130979178,709.469130979178,716.8875890366375,719.6683899569944,748.4927065888805
709.469130979178,709.469130979178,718.6479821201382,719.6449395681088,748.4927065888805
709.469130979178,709.469130979178,717.8701401770584,719.590609480067,748.4927065888805
709.469130979178,709.469130979178,713.9428125702723,718.9958731383501,748.4927065888805
709.469130979178,709.469130979178,709.8435931722346,718.2579880040671,748.4927065888805
709.469130979178,709.469130979178,707.8074417249813,717.997304050195,748.4927065888805
709.469130979178,709.469130979178,706.7588597832853,717.8068539313547,748.4927065888805
709.469130979178,709.469130979178,707.1618244082744,717.5217362061159,748.4927065888805
709.469130979178,709.469130979178,709.340214160288,717.8372330543056,748.4927065888805
709.469130979178,709.469130979178,712.883082307667,718.2593935207879,748.4927065888805
709.469130979178,709.469130979178,714.5990310097138,718.9661484004848,748.4927065888805
709.469130979178,709.469130979178,714.6207298701223,718.810014355723,748.4927065888805
709.469130979178,709.469130979178,715.3617904993374,718.7825472689623,748.4927065888805
709.469130979178,709.469130979178,720.5850686721203,718.8238408095926,748.4927065888805
709.469130979178,709.469130979178,722.053190971417,718.2093512665738,748.4927065888805
709.469130979178,709.469130979178,725.0263378876987,718.1185445755555,748.4927065888805
709.469130979178,709.469130979178,725.0431043828472,717.5427118112598,748.4927065888805
709.469130979178,709.469130979178,726.6167035110535,717.59338531499,748.4927065888805
709.469130979178,709.469130979178,724.6780444444441,717.6127441967172,748.4927065888805
709.469130979178,709.469130979178,721.4182202662959,717.6022836531868,748.4927065888805
709.469130979178,709.469130979178,719.1578293421035,717.8492746080957,748.4927065888805
709.469130979178,709.469130979178,718.25957850886,717.2866317007978,748.4927065888805
709.469130979178,709.469130979178,719.7165424727893,717.5028566331264,748.4927065888805
709.469130979178,709.469130979178,718.3992545652789,717.4598805016806,748.4927065888805
709.469130979178,709.469130979178,719.899412631514,717.3445429819404,748.4927065888805
709.469130979178,709.469130979178,718.2294459613888,717.2424706072165,748.4927065888805
709.469130979178,709.469130979178,716.50586462761,716.8064446365887,748.4927065888805
709.469130979178,709.469130979178,714.0034642269926,716.5583739353534,748.4927065888805
709.469130979178,709.469130979178,713.5291316464682,716.5362157969773,748.4927065888805
709.469130979178,709.469130979178,714.583631293455,716.1269877941309,748.4927065888805
709.469130979178,709.469130979178,714.4874567970536,716.0747770003977,748.4927065888805
709.469130979178,709.469130979178,715.2054619320062,716.0754109342923,748.4927065888805
709.469130979178,709.469130979178,713.0977577164592,715.9789973028486,748.4927065888805
709.469130979178,709.469130979178,713.1867349485013,716.3075855449864,748.4927065888805
709.469130979178,709.469130979178,711.8640536336767,716.1694090511093,748.4927065888805
709.469130979178,709.469130979178,712.5792839972171,716.2499344840264,748.4927065888805
709.469130979178,709.469130979178,712.0512097747849,715.8095890142147,748.4927065888805
709.469130979178,709.469130979178,710.8587583633007,715.3469615921381,748.4927065888805
709.469130979178,709.469130979178,710.8460461378271,715.2486483225789,748.4927065888805
709.469130979178,709.469130979178,713.0287709800034,715.6847716448789,748.4927065888805
709.469130979178,709.469130979178,712.8383640623965,715.594054049581,748.4927065888805
709.469130979178,709.469130979178,713.6323554864051,716.0732215835062,748.4927065888805
709.469130979178,709.469130979178,716.3161363519141,716.4724734435116,748.4927065888805
709.469130979178,709.469130979178,717.5351445978154,716.7298030707975,748.4927065888805
709.469130979178,709.469130979178,715.1876580100302,715.7695816837745,748.4927065888805
709.469130979178,709.469130979178,712.7044127106211,715.2693844563814,748.4927065888805
709.469130979178,709.469130979178,712.8568609412395,714.6431799019534,748.4927065888805
709.469130979178,709.469130979178,714.7947713073117,714.6871043633867,748.4927065888805
709.469130979178,709.469130979178,715.2577975535183,714.7302467885091,748.4927065888805
709.469130979178,709.469130979178,714.4067263182308,715.2640862331302,748.4927065888805
709.469130979178,709.469130979178,715.051848142895,715.2269058708324,748.4927065888805
709.469130979178,709.469130979178,714.1853010345454,715.1806853663878,748.4927065888805
709.469130979178,709.469130979178,712.9202734937201,715.4825001068441,748.4927065888805
709.469130979178,709.469130979178,709.2571746701631,715.7926754907759,748.4927065888805
709.469130979178,709.469130979178,709.6094567547805,715.7227544002837,748.4927065888805
709.469130979178,709.469130979178,709.148427730718,715.5375816575287,748.4927065888805
709.469130979178,709.469130979178,710.116217889739,715.3146515232442,748.4927065888805
709.469130979178,709.469130979178,707.9592266523798,714.8465848122075,748.4927065888805
709.469130979178,709.469130979178,706.7552946927979,714.2132628950113,748.4927065888805
709.469130979178,709.469130979178,703.9561991504087,713.4787096016787,748.4927065888805
709.469130979178,709.469130979178,703.0158036219851,712.9102603932868,748.4927065888805
709.469130979178,709.469130979178,705.249415363275,713.3064224650183,748.4927065888805
709.469130979178,709.469130979178,706.9523554079082,713.8006130885582,748.4927065888805
709.469130979178,709.469130979178,706.7678249450022,713.0292267453522,748.4927065888805
709.469130979178,709.469130979178,706.4733792824549,712.6067920624913,748.4927065888805
709.469130979178,709.469130979178,706.3617868406709,711.8046714481231,748.4927065888805
709.469130979178,709.469130979178,707.3087192125955,711.7677744891937,748.4927065888805
709.469130979178,709.469130979178,711.9776706624732,711.9187782424917,748.4927065888805
709.469130979178,709.469130979178,711.7999202428452,711.6376380546913,748.4927065888805
709.469130979178,709.469130979178,714.0445327474614,712.0039720979117,748.4927065888805
709.469130979178,709.469130979178,715.5249716001053,712.1836888448871,748.4927065888805
709.469130979178,709.469130979178,713.4820617122007,712.3509191056864,748.4927065888805
709.469130979178,709.469130979178,711.4391518242961,712.1451349588596,748.4927065888805
709.469130979178,709.469130979178,715.1768581877106,712.3847474698384,748.4927065888805
709.469130979178,709.469130979178,719.4651884401318,712.5199472242149,748.4927065888805
709.469130979178,709.469130979178,721.8160688241476,712.5219960206748,748.4927065888805
709.469130979178,709.469130979178,721.5660400960508,712.7798095828819,748.4927065888805
709.469130979178,709.469130979178,718.5992692013673,712.8379392373664,748.4927065888805
709.469130979178,709.469130979178,719.4789298399733,712.8275976933924,748.4927065888805
709.469130979178,709.469130979178,718.979157341656,712.8830773075518,748.4927065888805
709.469130979178,709.469130979178,718.3950062794004,712.9651987413564,748.4927065888805
709.469130979178,709.469130979178,716.954071750474,712.70064106938,748.4927065888805
709.469130979178,709.469130979178,718.342912586971,713.1941659329619,748.4927065888805
709.469130979178,709.469130979178,717.327890332041,713.2129785465463,748.4927065888805
709.469130979178,709.469130979178,716.1969594392488,713.3865283853291,748.4927065888805
709.469130979178,709.469130979178,717.1929948140887,713.4447381840492,748.4927065888805
709.469130979178,709.469130979178,717.9524659799989,713.9600608239246,748.4927065888805
709.469130979178,709.469130979178,718.9658084353756,714.4593492517815,748.4927065888805
709.469130979178,709.469130979178,718.1070785039686,714.2798041666205,748.4927065888805
709.469130979178,709.469130979178,718.9383532680827,714.0649937651677,748.4927065888805
709.469130979178,709.469130979178,719.134509010977,714.2244277310725,748.4927065888805
709.469130979178,709.469130979178,722.0952170441255,714.393213380924,748.4927065888805
709.469130979178,709.469130979178,722.2917343092374,714.3892855244263,748.4927065888805
709.469130979178,709.469130979178,723.7263286047029,714.4512153479238,748.4927065888805
709.469130979178,709.469130979178,723.4812250258099,715.045241788485,748.4927065888805
709.469130979178,709.469130979178,723.2614216324492,715.5561399684148,748.4927065888805
709.469130979178,709.469130979178,722.4097706497623,715.8706427656292,748.4927065888805
709.469130979178,709.469130979178,722.0524794443359,715.9108908791864,748.4927065888805
709.469130979178,709.469130979178,722.2384756933855,715.6759397945941,748.4927065888805
709.469130979178,709.469130979178,720.4209837705639,715.2678452556345,748.4927065888805
709.469130979178,709.469130979178,718.9645886277871,715.0069758280509,748.4927065888805
709.469130979178,709.469130979178,717.1099951545157,714.978152204918,748.4927065888805
709.469130979178,709.469130979178,716.8786575715687,715.1809623399962,748.4927065888805
709.469130979178,709.469130979178,715.4428497660737,715.6883503671058,748.4927065888805
709.469130979178,709.469130979178,714.8916565025294,716.1016817380349,748.4927065888805
709.469130979178,709.469130979178,714.1850681406228,716.5634680503957,748.4927065888805
709.469130979178,709.469130979178,711.6773701179225,716.1828732112659,748.4927065888805
709.469130979178,709.469130979178,708.8608496004932,716.091215468809,748.4927065888805
709.469130979178,709.469130979178,709.1479684480767,716.15447454565,748.4927065888805
709.469130979178,709.469130979178,709.3857402741654,716.3537534803859,748.4927065888805
709.469130979178,709.469130979178,709.7411427565668,716.3520436549675,748.4927065888805
709.469130979178,709.469130979178,711.6367768619568,716.2556245046544,748.4927065888805
709.469130979178,709.469130979178,711.461208400799,716.0827329385743,748.4927065888805
709.469130979178,709.469130979178,710.4113668137894,716.4170587408632,748.4927065888805
709.469130979178,709.469130979178,708.8640613997109,716.5798181614862,748.4927065888805
709.469130979178,709.469130979178,710.7861458885485,717.4483398599713,748.4927065888805
709.469130979178,709.469130979178,714.0736181281139,717.5358529943697,748.4927065888805
709.469130979178,709.469130979178,715.2411735916561,716.7439160546455,748.4927065888805
709.469130979178,709.469130979178,716.5553613950393,717.1055627760886,748.4927065888805
709.469130979178,709.469130979178,718.5022987757671,717.245306686047,748.4927065888805
709.469130979178,709.469130979178,718.8720916864174,717.0214676722297,748.4927065888805
709.469130979178,709.469130979178,718.3142062729478,717.222053416804,748.4927065888805
709.469130979178,709.469130979178,718.327428692671,717.4603883122495,748.4927065888805
709.469130979178,709.469130979178,719.6558741154433,717.3128619264098,748.4927065888805
709.469130979178,709.469130979178,722.4241170765282,717.1716038887655,748.4927065888805
709.469130979178,709.469130979178,721.866101440107,717.4583463831632,748.4927065888805
709.469130979178,709.469130979178,722.8884616408861,717.8003373033366,748.4927065888805
709.469130979178,709.469130979178,725.4916326804378,718.1223887504597,748.4927065888805
709.469130979178,709.469130979178,725.26649083369,718.2630749748321,748.4927065888805
709.469130979178,709.469130979178,724.9577686916517,718.4410289560464,748.4927065888805
709.469130979178,709.469130979178,726.4514697731153,718.6327603709727,748.4927065888805
709.469130979178,709.469130979178,728.2942460747748,719.490088281664,748.4927065888805
709.469130979178,709.469130979178,730.2359713513137,719.8390000651181,748.4927065888805
709.469130979178,709.469130979178,732.5980116401454,720.3668861880308,748.4927065888805
709.469130979178,709.469130979178,731.4775525272152,720.2277225063585,748.4927065888805
709.469130979178,709.469130979178,728.5384606383502,719.7274395480156,748.4927065888805
709.469130979178,709.469130979178,725.300288456986,719.2699017987342,748.4927065888805
709.469130979178,709.469130979178,722.9514684456566,718.9195207525158,748.4927065888805
709.469130979178,709.469130979178,722.6340297371179,719.1684652214618,748.4927065888805
709.469130979178,709.469130979178,720.065815738312,718.6665214500921,748.4927065888805
709.469130979178,709.469130979178,717.8165770788917,718.3691739845557,748.4927065888805
709.469130979178,709.469130979178,716.3991047412544,718.35086582109,748.4927065888805
709.469130979178,709.469130979178,713.7653041048134,718.1337140242331,748.4927065888805
709.469130979178,709.469130979178,711.3685245447158,717.8953253760334,748.4927065888805
709.469130979178,709.469130979178,713.1584037508248,718.1631582513618,748.4927065888805
709.469130979178,709.469130979178,716.4882417037294,718.3728035622715,748.4927065888805
709.469130979178,709.469130979178,719.8441662825461,718.7567809252909,748.4927065888805
709.469130979178,709.469130979178,722.7636137502127,719.0617476136913,748.4927065888805
709.469130979178,709.469130979178,724.342470459344,719.5892641746536,748.4927065888805
709.469130979178,709.469130979178,726.2184549485698,719.8260156856933,748.4927065888805
709.469130979178,709.469130979178,727.3785730057837,720.0519708601548,748.4927065888805
709.469130979178,709.469130979178,726.3315468987895,720.1951761699447,748.4927065888805
709.469130979178,709.469130979178,726.618251414419,720.0816327928031,748.4927065888805
709.469130979178,709.469130979178,726.0478883426247,720.0163330913435,748.4927065888805
709.469130979178,709.469130979178,724.1914002764049,720.0231070061368,748.4927065888805
709.469130979178,709.469130979178,721.66681015087,719.8691519643211,748.4927065888805
709.469130979178,709.469130979178,721.4961335575762,720.7205336132216,748.4927065888805
709.469130979178,709.469130979178,719.335915828787,721.15676085935,748.4927065888805
709.469130979178,709.469130979178,716.8361452288574,721.1268995308097,748.4927065888805
709.469130979178,709.469130979178,717.0586972254024,721.3606070759405,748.4927065888805
709.469130979178,709.469130979178,717.8488812127737,721.6735185513965,748.4927065888805
709.469130979178,709.469130979178,716.2975383104593,721.1273284596452,748.4927065888805
709.469130979178,709.469130979178,713.6038765176818,720.5101664161798,748.4927065888805
709.469130979178,709.469130979178,713.5699597954348,720.6480516876728,748.4927065888805
709.469130979178,709.469130979178,714.1142511972537,721.0731449656454,748.4927065888805
709.469130979178,709.469130979178,713.8850655322458,720.4889358930606,748.4927065888805
709.469130979178,709.469130979178,711.5036095724303,720.206531902085,748.4927065888805
709.469130979178,709.469130979178,712.5052064518013,720.6095674313791,748.4927065888805
709.469130979178,709.469130979178,713.2096626102768,720.4577597738571,748.4927065888805
709.469130979178,709.469130979178,711.2734305444342,719.9148334296739,748.4927065888805
709.469130979178,709.469130979178,712.8403842794854,720.4671770700098,748.4927065888805
709.469130979178,709.469130979178,716.4778058228306,720.7600483696217,748.4927065888805
709.469130979178,709.469130979178,720.8524492035834,721.0151705183624,748.4927065888805
709.469130979178,709.469130979178,721.9073993678481,721.0983567381537,748.4927065888805
709.469130979178,709.469130979178,719.9568794001295,720.5796974303656,748.4927065888805
709.469130979178,709.469130979178,719.5934836383258,720.0344123327043,748.4927065888805
709.469130979178,709.469130979178,720.186171620306,719.6660738979689,748.4927065888805
709.469130979178,709.469130979178,721.5763236089467,719.826505617081,748.4927065888805
709.469130979178,709.469130979178,723.8509778427405,720.1746571756673,748.4927065888805
709.469130979178,709.469130979178,726.3896075660687,720.2012012045575,748.4927065888805
709.469130979178,709.469130979178,725.0971518305785,720.1963134815028,748.4927065888805
709.469130979178,709.469130979178,724.3640912193874,719.9740173985442,748.4927065888805
709.469130979178,709.469130979178,722.001884545559,719.3683531572112,748.4927065888805
709.469130979178,709.469130979178,721.8090012111741,718.9405546523594,748.4927065888805
709.469130979178,709.469130979178,723.7316085313353,719.0305086311896,748.4927065888805
709.469130979178,709.469130979178,724.1969900160371,719.1661182082415,748.4927065888805
709.469130979178,709.469130979178,723.091661332203,719.2243484730122,748.4927065888805
709.469130979178,709.469130979178,720.6594161773539,719.3680951634203,748.4927065888805
709.469130979178,709.469130979178,719.442331409736,719.536317510191,748.4927065888805
709.469130979178,709.469130979178,719.1101725997489,720.0100725768448,748.4927065888805
709.469130979178,709.469130979178,717.7345917676886,720.1799164192621,748.4927065888805
709.469130979178,709.469130979178,716.9456149409391,720.0833194384815,748.4927065888805
709.469130979178,709.469130979178,718.0682000595272,720.2289323481542,748.4927065888805
709.469130979178,709.469130979178,719.3753789822972,720.5419255398758,748.4927065888805
709.469130979178,709.469130979178,720.7690862563837,720.5526451323014,748.4927065888805
709.469130979178,709.469130979178,722.5229612025603,720.3730621080078,748.4927065888805
709.469130979178,709.469130979178,722.417306379152,719.7389764923334,748.4927065888805
709.469130979178,709.469130979178,722.0542144506699,719.2262153035117,748.4927065888805
709.469130979178,709.469130979178,720.5828393170136,718.7843912817247,748.4927065888805
709.469130979178,709.469130979178,720.1828521931659,718.802952025764,748.4927065888805
709.469130979178,709.469130979178,719.4806262389868,718.6003270659025,748.4927065888805
709.469130979178,709.469130979178,716.7909275843525,718.1751955755939,748.4927065888805
709.469130979178,709.469130979178,713.6278318789433,717.6308484410589,748.4927065888805
709.469130979178,709.469130979178,711.6279661322964,717.6579410978101,748.4927065888805
709.469130979178,709.469130979178,709.8533433877043,717.6850337545611,748.4927065888805
709.469130979178,709.469130979178,708.9118036851844,717.8220608148705,748.4927065888805
709.469130979178,709.469130979178,710.7876528304017,717.5972803468986,748.4927065888805
709.469130979178,709.469130979178,712.196064544313,717.7982450466169,748.4927065888805
709.469130979178,709.469130979178,711.6674796653729,717.750658169028,748.4927065888805
709.469130979178,709.469130979178,709.8898618353448,717.3691849477524,748.4927065888805
709.469130979178,709.469130979178,709.6150636174461,716.9535635468369,748.4927065888805
709.469130979178,709.469130979178,709.6729105132168,716.8502700161453,748.4927065888805
709.469130979178,709.469130979178,710.7549558989424,717.061064317311,748.4927065888805
709.469130979178,709.469130979178,708.1618263228114,716.5763144032856,748.4927065888805
709.469130979178,709.469130979178,706.3973919256821,716.1416619002468,748.4927065888805
709.469130979178,709.469130979178,707.0502887632983,716.4551054610811,748.4927065888805
709.469130979178,709.469130979178,707.1725578634009,716.7310700050926,748.4927065888805
709.469130979178,709.469130979178,706.2208493383862,716.5413736239341,748.4927065888805
709.469130979178,709.469130979178,706.7031346659095,716.4493525801545,748.4927065888805
709.469130979178,709.469130979178,708.1687581937377,716.7482504776133,748.4927065888805
709.469130979178,709.469130979178,710.0788311963131,716.4012529302024,748.4927065888805
709.469130979178,709.469130979178,711.797955882929,715.9143000281649,748.4927065888805
709.469130979178,709.469130979178,712.9514197929755,715.4808584351895,748.4927065888805
709.469130979178,709.469130979178,715.9163704172208,715.37810861316,748.4927065888805
709.469130979178,709.469130979178,716.3688025553372,715.4240465312885,748.4927065888805
709.469130979178,709.469130979178,714.4728529620259,715.4309793258211,748.4927065888805
709.469130979178,709.469130979178,712.1377245315294,715.1213805873375,748.4927065888805
709.469130979178,709.469130979178,712.8689677669488,714.7999024555343,748.4927065888805
709.469130979178,709.469130979178,713.5788571564738,714.3949284429011,748.4927065888805
709.469130979178,709.469130979178,713.6826565307241,714.2068602705443,748.4927065888805
709.469130979178,709.469130979178,712.4549472147387,713.8728120070347,748.4927065888805
709.469130979178,709.469130979178,712.4909248011818,713.5396667445239,748.4927065888805
709.469130979178,709.469130979178,710.3901746048884,713.1585164470551,748.4927065888805
709.469130979178,709.469130979178,708.9217626181326,712.8006608945517,748.4927065888805
709.469130979178,709.469130979178,711.8118054859467,713.0400859222109,748.4927065888805
709.469130979178,709.469130979178,712.4152699264132,713.0746353078964,748.4927065888805
709.469130979178,709.469130979178,712.5631527516283,713.0156788712225,748.4927065888805
709.469130979178,709.469130979178,711.0639617488766,712.880811569839,748.4927065888805
709.469130979178,709.469130979178,709.5719603890096,712.420854238756,748.4927065888805
709.469130979178,709.469130979178,708.2725151312427,712.0393287768431,748.4927065888805
709.469130979178,709.469130979178,708.7152562009426,712.0689448936855,748.4927065888805
709.469130979178,709.469130979178,709.2365648775128,711.9978567318385,748.4927065888805
709.469130979178,709.469130979178,710.2672928845608,711.598335012062,748.4927065888805
709.469130979178,709.469130979178,711.0899235226374,711.1435698026196,748.4927065888805
709.469130979178,709.469130979178,710.218099038474,710.9298884786288,748.4927065888805
709.469130979178,709.469130979178,712.5677243719388,711.083587941772,748.4927065888805
709.469130979178,709.469130979178,715.0061430008642,711.5334461955648,748.4927065888805
709.469130979178,709.469130979178,716.7275932837507,711.8154873364551,748.4927065888805
709.469130979178,709.469130979178,718.4490435666373,711.9940950886806,748.4927065888805
709.469130979178,709.469130979178,720.2931983138411,712.0613980009782,748.4927065888805
709.469130979178,709.469130979178,719.7347991407854,712.1197794740452,748.4927065888805
709.469130979178,709.469130979178,718.6713782417916,712.3739468633264,748.4927065888805
709.469130979178,709.469130979178,718.7631358107851,712.6253957984304,748.4927065888805
709.469130979178,709.469130979178,719.4928648307754,712.7165495423155,748.4927065888805
709.469130979178,709.469130979178,717.6889677645609,712.497013354,748.4927065888805
709.469130979178,709.469130979178,714.7485080491722,712.2509288145698,748.4927065888805
709.469130979178,709.469130979178,712.7479697052452,711.9255095705338,748.4927065888805
709.469130979178,709.469130979178,711.3678072534997,711.6498358782925,748.4927065888805
709.469130979178,709.469130979178,711.2777546023269,711.9161500760714,748.4927065888805
709.469130979178,709.469130979178,710.7188874058178,712.2272031150726,748.4927065888805
709.469130979178,709.469130979178,709.6625336486239,712.1292734802809,748.4927065888805
709.469130979178,709.469130979178,711.2025169541923,712.6798681515216,748.4927065888805
709.469130979178,709.469130979178,713.9833923515819,713.2710830889584,748.4927065888805
709.469130979178,709.469130979178,715.1323185420601,714.1106479861654,748.4927065888805
709.469130979178,709.469130979178,716.9641582216091,714.6103666131856,748.4927065888805
709.469130979178,709.469130979178,717.6883838862963,714.3785478391692,748.4927065888805
709.469130979178,709.469130979178,718.0175265346636,714.094503304786,748.4927065888805
709.469130979178,709.469130979178,719.2793291388289,714.2615318383811,748.4927065888805
709.469130979178,709.469130979178,719.2439671303036,714.4243165689503,748.4927065888805
709.469130979178,709.469130979178,718.111210951649,714.2156936666549,748.4927065888805
709.469130979178,709.469130979178,719.7289295705161,714.0592931551213,748.4927065888805
709.469130979178,709.469130979178,718.7503111266211,714.0703392002598,748.4927065888805
709.469130979178,709.469130979178,717.4003834350186,714.1608758173669,748.4927065888805
709.469130979178,709.469130979178,716.5010525460982,714.2275844119406,748.4927065888805
709.469130979178,709.469130979178,716.055684314397,714.5477429649976,748.4927065888805
709.469130979178,709.469130979178,717.006044614108,714.8851861695856,748.4927065888805
709.469130979178,709.469130979178,717.6291607414174,715.1927905467637,748.4927065888805
709.469130979178,709.469130979178,717.0708891539549,715.1019161157819,748.4927065888805
709.469130979178,709.469130979178,717.114269875609,715.1313991127773,748.4927065888805
709.469130979178,709.469130979178,717.7589855383122,715.0309594681723,748.4927065888805
709.469130979178,709.469130979178,718.0407081170042,715.1764453355745,748.4927065888805
709.469130979178,709.469130979178,719.4414784988347,715.4604499397906,748.4927065888805
709.469130979178,709.469130979178,718.9821982698732,715.8792805503639,748.4927065888805
709.469130979178,709.469130979178,718.7716381915993,716.1975595266341,748.4927065888805
709.469130979178,709.469130979178,717.5819522914868,715.7017723261057,748.4927065888805
709.469130979178,709.469130979178,716.1041518748239,715.6229625592678,748.4927065888805
709.469130979178,709.469130979178,715.9827106021305,715.8767021168642,748.4927065888805
709.469130979178,709.469130979178,716.4628540647357,716.1816945789541,748.4927065888805
709.469130979178,709.469130979178,714.4950022593497,716.1160074868453,748.4927065888805
709.469130979178,709.469130979178,713.7454810381008,716.1255526495441,748.4927065888805
709.469130979178,709.469130979178,712.7443177445085,715.9822576442878,748.4927065888805
709.469130979178,709.469130979178,711.17636209531,715.84840938335,748.4927065888805
709.469130979178,709.469130979178,710.397689675971,715.9053599086459,748.4927065888805
709.469130979178,709.469130979178,711.9028048802062,716.3601357981478,748.4927065888805
709.469130979178,709.469130979178,713.8446311115233,716.4270787407154,748.4927065888805
709.469130979178,709.469130979178,715.7864573428405,716.2667091534481,748.4927065888805
709.469130979178,709.469130979178,717.1710391912071,716.3096813549329,748.4927065888805
709.469130979178,709.469130979178,717.3574677290246,716.3076694680088,748.4927065888805
709.469130979178,709.469130979178,719.4395223385908,716.314103241236,748.4927065888805
709.469130979178,709.469130979178,720.1346246522991,716.0938379172358,748.4927065888805
709.469130979178,709.469130979178,721.7300619610138,716.3813102083333,748.4927065888805
709.469130979178,709.469130979178,722.7732438221958,716.6687824994308,748.4927065888805
709.469130979178,709.469130979178,724.2221836591573,716.9971694783203,748.4927065888805
709.469130979178,709.469130979178,722.8366447001737,717.0288917720275,748.4927065888805
709.469130979178,709.469130979178,722.9439470676266,717.4780746013287,748.4927065888805
709.469130979178,709.469130979178,722.2684022080634,717.7706879852263,748.4927065888805
709.469130979178,709.469130979178,721.5929046084866,718.078668335581,748.4927065888805
709.469130979178,709.469130979178,721.6592332852968,718.3659546743681,748.4927065888805
709.469130979178,709.469130979178,720.5813101288475,718.1748143465402,748.4927065888805
709.469130979178,709.469130979178,720.1220186483672,717.9744641657458,748.4927065888805
709.469130979178,709.469130979178,718.8292900103706,718.2146614806827,748.4927065888805
709.469130979178,709.469130979178,717.000856225858,717.8284503537639,748.4927065888805
709.469130979178,709.469130979178,715.1724224413454,717.2349754962729,748.4927065888805
709.469130979178,709.469130979178,715.1836793464706,717.0391639329094,748.4927065888805
709.469130979178,709.469130979178,714.5610711325246,716.9974571835118,748.4927065888805
709.469130979178,709.469130979178,714.3651334468819,717.1060378973435,748.4927065888805
709.469130979178,709.469130979178,712.7550020523862,717.0261634391255,748.4927065888805
709.469130979178,709.469130979178,712.1266556108293,716.9354199687682,748.4927065888805
709.469130979178,709.469130979178,711.8132861085348,716.6886781421864,748.4927065888805
709.469130979178,709.469130979178,712.7965848153815,716.9115389384922,748.4927065888805
709.469130979178,709.469130979178,713.1262015144259,716.8941158694646,748.4927065888805
709.469130979178,709.469130979178,713.6533358821649,716.8090553048726,748.4927065888805
709.469130979178,709.469130979178,713.6027325414734,716.475445317564,748.4927065888805
709.469130979178,709.469130979178,713.1319223029834,716.3653378842865,748.4927065888805
709.469130979178,709.469130979178,712.9165042694417,716.3696211745205,748.4927065888805
709.469130979178,709.469130979178,712.693232430172,716.2434754605562,748.4927065888805
709.469130979178,709.469130979178,713.8673285960837,716.2737970100587,748.4927065888805
709.469130979178,709.469130979178,714.9554616237151,716.5123344627203,748.4927065888805
709.469130979178,709.469130979178,715.7627591697759,716.4183760010197,748.4927065888805
709.469130979178,709.469130979178,715.514909993533,716.4627238295362,748.4927065888805
709.469130979178,709.469130979178,716.4016231254643,716.5662988711566,748.4927065888805
709.469130979178,709.469130979178,717.3017743735172,716.3811144798092,748.4927065888805
709.469130979178,709.469130979178,718.6447822010989,716.4079621038092,748.4927065888805
709.469130979178,709.469130979178,718.9217159824973,716.3953534424661,748.4927065888805
709.469130979178,709.469130979178,719.3174637704036,716.7167234703038,748.4927065888805
709.469130979178,709.469130979178,719.9030572512997,717.0032565358515,748.4927065888805
709.469130979178,709.469130979178,720.3594168724243,717.1491382641176,748.4927065888805
709.469130979178,709.469130979178,719.4081833664394,717.101400323061,748.4927065888805
709.469130979178,709.469130979178,719.7373539997097,717.4668463490916,748.4927065888805
709.469130979178,709.469130979178,719.9896349814508,717.7115546182063,748.4927065888805
709.469130979178,709.469130979178,718.362372850211,717.6899098922971,748.4927065888805
709.469130979178,709.469130979178,717.4282404532814,717.6314901514036,748.4927065888805
709.469130979178,709.469130979178,716.0187000861941,717.5321641858537,748.4927065888805
709.469130979178,709.469130979178,714.646602243166,716.9441129150581,748.4927065888805
709.469130979178,709.469130979178,713.0003102907858,716.5478593061565,748.4927065888805
709.469130979178,709.469130979178,713.9622988379491,716.6384248348733,748.4927065888805
709.469130979178,709.469130979178,715.3685841635466,716.7886472585856,748.4927065888805
709.469130979178,709.469130979178,715.7771215398412,716.7853310852244,748.4927065888805
709.469130979178,709.469130979178,716.8341878714147,716.9457794556564,748.4927065888805
709.469130979178,709.469130979178,716.4252579758422,716.969681282915,748.4927065888805
709.469130979178,709.469130979178,716.9849485187124,716.7408872038369,748.4927065888805
709.469130979178,709.469130979178,716.3562426836049,716.3480899236852,748.4927065888805
709.469130979178,709.469130979178,717.2017333768412,716.1280741293905,748.4927065888805
709.469130979178,709.469130979178,718.5088529665024,716.0785545683241,748.4927065888805
709.469130979178,709.469130979178,719.1187422023173,715.7828183330945,748.4927065888805
709.469130979178,709.469130979178,717.8061498359041,715.7459743604413,748.4927065888805
709.469130979178,709.469130979178,715.3592301193645,715.5419123607609,748.4927065888805
709.469130979178,709.469130979178,713.3152912405967,715.1165426762844,748.4927065888805
709.469130979178,709.469130979178,710.4951709635768,714.9285516226024,748.4927065888805
709.469130979178,709.469130979178,708.9764150783948,714.7405605689204,748.4927065888805
709.469130979178,709.469130979178,707.7298774576875,714.5210046933003,748.4927065888805
709.469130979178,709.469130979178,707.8297101575806,714.5138607100298,748.4927065888805
709.469130979178,709.469130979178,707.0656354281897,714.5067167267594,748.4927065888805
709.469130979178,709.469130979178,705.3323560244212,714.1082899039139,748.4927065888805
709.469130979178,709.469130979178,707.2957654163297,714.3297571898556,748.4927065888805
709.469130979178,709.469130979178,708.5300524734291,714.5789581657507,748.4927065888805
709.469130979178,709.469130979178,710.9492752952851,715.1807670093408,748.4927065888805
709.469130979178,709.469130979178,713.6336604188123,715.417943637881,748.4927065888805
709.469130979178,709.469130979178,716.546891884245,715.8752727777444,748.4927065888805
709.469130979178,709.469130979178,717.9830541390875,715.7778544336617,748.4927065888805
709.469130979178,709.469130979178,718.2835685432703,715.5524780990692,748.4927065888805
709.469130979178,709.469130979178,717.9144690825831,715.3660873501136,748.4927065888805
709.469130979178,709.469130979178,718.7753725162445,715.5412447217137,748.4927065888805
709.469130979178,709.469130979178,722.1879165739538,715.9194887581082,748.4927065888805
709.469130979178,709.469130979178,718.9353901860887,715.5335343731849,748.4927065888805
709.469130979178,709.469130979178,715.5970833396402,715.1597283476445,748.4927065888805
709.469130979178,709.469130979178,715.9757773945984,715.6024567690437,748.4927065888805
709.469130979178,709.469130979178,717.1922325132316,715.8652978157843,748.4927065888805
709.469130979178,709.469130979178,719.2323064187157,716.5691822275325,750.3811118256683
709.469130979178,709.469130979178,721.7930856846078,717.0334895718767,750.3811118256683
709.469130979178,709.469130979178,725.4895128011597,717.3700560342082,750.3811118256683
709.469130979178,709.469130979178,729.4594849426223,717.7976294639345,750.3811118256683
709.469130979178,709.469130979178,732.6155068277752,718.3353896470488,750.3811118256683
709.469130979178,709.469130979178,732.8669007964056,718.7085257208897,750.3811118256683
709.469130979178,709.469130979178,738.1248583848372,719.2950132960717,751.0847399132762
709.469130979178,709.469130979178,743.6861046807966,719.9163378335438,751.0847399132762
709.469130979178,709.469130979178,742.407935955501,720.012160585659,751.0847399132762
709.469130979178,709.469130979178,740.5464142789739,720.0929439982912,751.0847399132762
709.469130979178,709.469130979178,737.0903714148124,720.0397857105527,751.0847399132762
709.469130979178,709.469130979178,732.9549438110593,719.6265513377981,751.0847399132762
709.469130979178,709.469130979178,729.6165481542762,719.6208910950211,751.0847399132762
709.469130979178,709.469130979178,724.8814425393703,719.2882698811524,751.0847399132762
709.469130979178,709.469130979178,719.7302842864257,719.0777064870953,751.0847399132762
709.469130979178,709.469130979178,717.0893747421942,719.1970802206955,751.0847399132762
709.469130979178,709.469130979178,714.387830953314,719.5725174285774,751.0847399132762
709.469130979178,709.469130979178,712.9124707775296,719.7063722214599,751.0847399132762
709.469130979178,709.469130979178,712.9231549869467,719.523074750339,751.0847399132762
709.469130979178,709.469130979178,710.382024804979,719.0139246513188,751.0847399132762
709.469130979178,709.469130979178,708.2905292619483,718.3310539886598,751.0847399132762
709.469130979178,709.469130979178,710.3582846167784,718.4131566659858,751.0847399132762
709.469130979178,709.469130979178,710.8137218723227,718.3866457657433,751.0847399132762
709.469130979178,709.469130979178,712.5355836107158,718.5241380665746,751.0847399132762
709.469130979178,709.469130979178,714.5250018944195,718.542360190611,751.0847399132762
709.469130979178,709.469130979178,715.7978986896042,718.6548893653157,751.0847399132762
709.469130979178,709.469130979178,714.1880991214891,718.5863888124118,751.0847399132762
709.469130979178,709.469130979178,711.3521159402786,718.4155654423349,751.0847399132762
709.469130979178,709.469130979178,709.6694933220156,718.3851273908693,751.0847399132762
709.469130979178,709.469130979178,710.9803954038678,718.5469454839728,751.0847399132762
709.469130979178,709.469130979178,713.4265356188462,718.9173269197136,751.0847399132762
709.469130979178,709.469130979178,713.2985610728615,719.277585864879,751.0847399132762
709.469130979178,709.469130979178,713.1664993405232,719.4739701423105,751.0847399132762
709.469130979178,709.469130979178,713.6567827399213,719.6895525830425,751.0847399132762
709.469130979178,709.469130979178,715.4809520165161,720.225423508276,751.0847399132762
709.469130979178,709.469130979178,716.3719571433438,720.8628095891003,751.0847399132762
709.469130979178,709.469130979178,718.5627296315067,720.8397816554472,751.0847399132762
709.469130979178,709.469130979178,719.9552989796996,720.700614743589,751.0847399132762
709.469130979178,709.469130979178,721.8440509820759,720.5640825282276,751.0847399132762
709.469130979178,709.469130979178,722.4684281651879,720.3138990332478,751.0847399132762
709.469130979178,709.469130979178,720.714467083061,719.7508419594767,751.0847399132762
709.469130979178,709.469130979178,719.6466831712784,719.610311671317,751.0847399132762
Average Episodic Reward,Average Episodic N-Reward,Avg Reward (last 10),Avg Reward (last 50),Best Reward
-256.5417927963214,-256.5417927963214,-244.29907709626008,-244.29907709626008,-244.29907709626008
-266.42822108786254,-266.42822108786254,-240.90450864554305,-240.90450864554305,-237.509940194826
-258.0495144813877,-258.0495144813877,-232.152995173264,-232.152995173264,-214.6499682287059
-253.20407270020584,-253.20407270020584,-264.6859725881714,-264.6859725881714,-214.6499682287059
-263.6125154004134,-263.6125154004134,-282.3330689953834,-282.3330689953834,-214.6499682287059
-265.3638003199049,-265.3638003199049,-281.06126014265425,-281.06126014265425,-214.6499682287059
-253.97850530707703,-253.97850530707703,-272.5279885348028,-272.5279885348028,-214.6499682287059
-268.5130203283493,-268.5130203283493,-277.33864605683425,-277.33864605683425,-214.6499682287059
-260.8715419612114,-260.8715419612114,-280.0167010237875,-280.0167010237875,-214.6499682287059
-264.7785095359337,-264.7785095359337,-275.27494011711457,-275.27494011711457,-214.6499682287059
-258.60277487345246,-258.60277487345246,-280.2367736817535,-276.9697103557996,-214.6499682287059
-254.9636453498896,-254.9636453498896,-274.071205400034,-268.5434226076188,-175.85425737763063
-271.8136206864043,-271.8136206864043,-270.1916343149265,-261.4134868206967,-175.85425737763063
-254.53195514269765,-254.53195514269765,-259.2321796787842,-260.79040622432336,-175.85425737763063
-263.92363088560023,-263.92363088560023,-254.71022090963456,-263.91783693821753,-175.85425737763063
-254.39690541122565,-254.39690541122565,-250.30159192559069,-261.83646750698955,-175.85425737763063
-252.10359500974954,-252.10359500974954,-245.74734258268617,-256.77466738649895,-175.78586545864874
-260.1520226000974,-260.1520226000974,-237.46976893406423,-255.18926987751763,-175.78586545864874
-259.53339125309043,-259.53339125309043,-230.01756938616708,-253.7013685829347,-175.78586545864874
-253.3342729028857,-253.3342729028857,-227.66088480893154,-251.46791246302308,-175.78586545864874
-252.4547480354998,-252.4547480354998,-231.53415951000085,-255.3337337625621,-175.78586545864874
-260.16596388090517,-260.16596388090517,-242.17246556371387,-256.55662395129843,-175.78586545864874
-258.49260334437656,-258.49260334437656,-247.28929288588583,-255.2725329359963,-175.78586545864874
-258.03256966347396,-258.03256966347396,-243.94817550414322,-253.772810090915,-175.78586545864874
-257.4274914544829,-257.4274914544829,-238.43787957061323,-253.72585399117582,-175.78586545864874
-250.29964162779297,-250.29964162779297,-231.69739662458474,-250.2445171676031,-163.21109657828507
-202.54254542368767,-202.54254542368767,-234.58798293877322,-248.55737685030422,-163.21109657828507
-162.29054392102532,-162.29054392102532,-239.80736143826826,-249.69573114921428,-163.21109657828507
-163.82092073486544,-163.82092073486544,-237.4266474132317,-248.08939576579573,-163.21109657828507
-154.34290896266498,-154.34290896266498,-237.155575021784,-246.6971333159434,-163.21109657828507
-139.21868191428936,-139.21868191428936,-213.58247738519776,-241.8655865440575,-96.91918338748052
-109.17988481661045,-109.17988481661045,-200.41926655698356,-239.01369976557498,-96.91918338748052
-98.67795721927398,-98.67795721927398,-188.44840932851633,-235.0227985094872,-96.91918338748052
-87.4743068456433,-87.4743068456433,-178.09660302309476,-231.51510212979133,-96.91918338748052
-88.01619025721435,-88.01619025721435,-163.6928754078127,-228.0021458245006,-96.91918338748052
-93.52562451083986,-93.52562451083986,-161.04229363510643,-225.46612174190952,-96.91918338748052
-90.21145119390576,-90.21145119390576,-146.134899913751,-220.87562632691143,-55.61779138697973
-91.28675387479606,-91.28675387479606,-127.02600370422701,-217.41422392684916,-55.61779138697973
-90.30641782171654,-90.30641782171654,-110.71127017111084,-212.86423535690213,-39.96466969891432
-87.6257917155534,-87.6257917155534,-99.50315172702788,-209.89863791871448,-39.96466969891432
-90.48460663939215,-90.48460663939215,-99.86652935804884,-207.2316701572261,-39.96466969891432
-87.88408175589515,-87.88408175589515,-93.79843187550213,-204.43863598222435,-39.96466969891432
-88.8960893715428,-88.8960893715428,-93.75298429926377,-202.169353344319,-39.96466969891432
-88.82533135172936,-88.82533135172936,-92.05623886760088,-199.819905933839,-39.96466969891432
-89.80834142937478,-89.80834142937478,-93.06908333716146,-198.01702082731418,-39.96466969891432
-88.0436748398213,-88.0436748398213,-90.39575876551424,-196.10299935573673,-39.96466969891432
-87.35405694090299,-87.35405694090299,-96.19267095533213,-194.34733794997973,-39.96466969891432
-88.95550809405663,-88.95550809405663,-97.07860074298996,-192.34430243021185,-39.96466969891432
-89.47616130027895,-89.47616130027895,-97.52121372601817,-189.32484318733395,-39.96466969891432
-89.42472323549245,-89.42472323549245,-96.9349752682136,-187.3059053886143,-39.96466969891432
-87.99274716503041,-87.99274716503041,-96.0539573106154,-184.25477944912328,-39.96466969891432
-91.2648094223728,-91.2648094223728,-97.41249375579629,-181.57477263040593,-39.96466969891432
-86.99401612010402,-86.99401612010402,-97.08168916903259,-179.352801999525,-39.96466969891432
-88.90933853436277,-88.90933853436277,-96.50806082512977,-173.96825157975053,-39.96466969891432
-87.99097124229988,-87.99097124229988,-93.22839945150847,-168.62769173534608,-39.96466969891432
-87.46037880223722,-87.46037880223722,-92.29668304054354,-165.1467447982679,-39.96466969891432
-86.31849097685308,-86.31849097685308,-89.06426927852385,-162.3454331338133,-39.96466969891432
-87.896002280289,-87.896002280289,-86.23792241223903,-157.5239314463577,-39.96466969891432
-88.17147188740687,-88.17147188740687,-91.17964878965036,-153.37126989723563,-39.96466969891432
-87.51872951119398,-87.51872951119398,-91.12275737694691,-150.4754688405808,-39.96466969891432
-88.6871479737734,-88.6871479737734,-91.93868465890951,-146.59516164455445,-39.96466969891432
-88.69758128541946,-88.69758128541946,-91.98223073576162,-145.1569776975515,-39.96466969891432
-85.72072747801212,-85.72072747801212,-89.65183709505936,-143.2448425555516,-39.96466969891432
-88.22494834062165,-88.22494834062165,-89.38560435442523,-139.99893651487878,-39.96466969891432
-86.64795365627833,-86.64795365627833,-90.55773148480681,-135.79719385038052,-39.96466969891432
-87.06794261792683,-87.06794261792683,-89.87560350221375,-133.06154711359252,-39.96466969891432
-88.60177062789104,-88.60177062789104,-93.06307196562771,-131.80857901040156,-39.96466969891432
-88.65947471310139,-88.65947471310139,-96.78289345052906,-129.38655634965065,-39.96466969891432
-86.04616246926794,-86.04616246926794,-97.74715824989991,-126.9171876699822,-39.96466969891432
-85.67802404996047,-85.67802404996047,-99.06284612959071,-124.75586110471262,-39.96466969891432
-86.25036310378499,-86.25036310378499,-99.03849331159483,-120.09602840487327,-39.96466969891432
-87.76195436580213,-87.76195436580213,-98.02358399201705,-116.32720138321213,-39.96466969891432
-86.95292389610962,-86.95292389610962,-99.08566033141521,-113.60411604465745,-39.96466969891432
-88.6899608271373,-88.6899608271373,-98.73708064716,-110.95671754348211,-39.96466969891432
-87.29539220963613,-87.29539220963613,-97.47927332506717,-107.60547260127132,-39.96466969891432
-88.77265729354984,-88.77265729354984,-98.54026413183743,-106.43012061504307,-39.96466969891432
-87.00861768805721,-87.00861768805721,-96.13509854007562,-104.11800213066208,-39.96466969891432
-89.81098474437871,-89.81098474437871,-95.60712089357246,-100.54650824071152,-39.96466969891432
-87.89419161764971,-87.89419161764971,-96.6120710046612,-98.75427238826809,-39.96466969891432
-88.2745338905794,-88.2745338905794,-94.54809615113166,-96.23436533058214,-39.96466969891432
-87.51663520254468,-87.51663520254468,-94.25448517714563,-96.23042996326285,-39.96466969891432
-90.04377829832674,-90.04377829832674,-94.55379105688294,-95.15410628319201,-39.96466969891432
-86.70423551543608,-86.70423551543608,-96.43410997440112,-95.2012561738344,-39.96466969891432
-85.04102663345294,-85.04102663345294,-99.21554660401216,-95.1805062596656,-39.96466969891432
-87.67386259079362,-87.67386259079362,-94.43338867060709,-93.7535752538302,-37.21508115284433
-87.85071928669232,-87.85071928669232,-94.64958076295103,-93.15157804061201,-37.21508115284433
-96.04350431107262,-96.04350431107262,-93.87888163727571,-93.66679847536702,-37.21508115284433
-96.04350431107262,-96.04350431107262,-94.87403653708056,-94.11611480728223,-37.21508115284433
-96.04350431107262,-96.04350431107262,-94.6031071940308,-95.5326397928521,-37.21508115284433
-96.04350431107262,-96.04350431107262,-97.89423260500709,-95.912581506178,-37.21508115284433
-96.04350431107262,-96.04350431107262,-100.90242604579481,-96.43760930081201,-37.21508115284433
-96.04350431107262,-96.04350431107262,-102.40787061430451,-96.87599403095248,-37.21508115284433
-96.04350431107262,-96.04350431107262,-103.42251976793332,-97.13516326756832,-37.21508115284433
-96.04350431107262,-96.04350431107262,-103.04717974577736,-97.3786944353009,-37.21508115284433
-96.04350431107262,-96.04350431107262,-110.5276516431476,-97.24528891502743,-37.21508115284433
-96.04350431107262,-96.04350431107262,-110.59131971204852,-97.19069022991886,-37.21508115284433
-96.04350431107262,-96.04350431107262,-115.1599130344824,-97.46024689119706,-37.21508115284433
-96.04350431107262,-96.04350431107262,-115.87312876992341,-97.87502041266889,-37.21508115284433
-96.04350431107262,-96.04350431107262,-117.21895598906706,-99.47218824546188,-37.21508115284433
-96.04350431107262,-96.04350431107262,-117.37683569854778,-100.00095359224483,-37.21508115284433
-96.04350431107262,-96.04350431107262,-114.62928191594422,-100.15267422187779,-37.21508115284433
-96.04350431107262,-96.04350431107262,-115.51759779275726,-100.49701483834465,-37.21508115284433
-96.04350431107262,-96.04350431107262,-115.2938302914176,-100.77759149204532,-37.21508115284433
-96.04350431107262,-96.04350431107262,-115.70878339805992,-101.21883894988692,-37.21508115284433
-96.04350431107262,-96.04350431107262,-117.0021106384186,-102.00003115240943,-37.21508115284433
-96.04350431107262,-96.04350431107262,-117.36435574431407,-102.20422477067294,-37.21508115284433
-96.04350431107262,-96.04350431107262,-116.98884441122304,-103.04516191773689,-37.21508115284433
-96.04350431107262,-96.04350431107262,-117.18250041242024,-104.06393601270516,-37.21508115284433
-96.04350431107262,-96.04350431107262,-115.56519786033232,-104.34929805959825,-37.21508115284433
-96.04350431107262,-96.04350431107262,-113.6781854512956,-104.51203920711458,-37.21508115284433
-96.04350431107262,-96.04350431107262,-116.13243739069517,-104.99142476823492,-37.21508115284433
-96.04350431107262,-96.04350431107262,-115.3841960519342,-105.17740790157917,-37.21508115284433
-96.04350431107262,-96.04350431107262,-115.06663204946828,-105.86055048292712,-37.21508115284433
-96.04350431107262,-96.04350431107262,-115.56280651437116,-106.45427938187613,-37.21508115284433
-96.04350431107262,-96.04350431107262,-114.02156402132523,-106.69279765971312,-37.21508115284433
-96.04350431107262,-96.04350431107262,-115.00198430612372,-107.22950093145495,-37.21508115284433
-96.04350431107262,-96.04350431107262,-114.44421036683005,-107.32138959797736,-37.21508115284433
-96.04350431107262,-96.04350431107262,-113.30643643504595,-107.3686446096085,-37.21508115284433
-96.04350431107262,-96.04350431107262,-113.61925323988844,-107.52371705759597,-37.21508115284433
-96.04350431107262,-96.04350431107262,-113.87079587265013,-107.47362915572644,-37.21508115284433
-96.04350431107262,-96.04350431107262,-112.43591959137234,-107.67091002419042,-37.21508115284433
-96.04350431107262,-96.04350431107262,-112.99226712542739,-108.17114452826127,-37.21508115284433
-96.04350431107262,-96.04350431107262,-113.73021046544213,-108.78946050973249,-37.21508115284433
-96.04350431107262,-96.04350431107262,-111.48171801753475,-109.00320685595105,-37.21508115284433
-96.04350431107262,-96.04350431107262,-112.19156161679874,-109.63525531805942,-37.21508115284433
-96.04350431107262,-96.04350431107262,-110.2048622080255,-109.56242054669258,-37.21508115284433
-96.04350431107262,-96.04350431107262,-109.83769988487848,-110.06190986693795,-37.21508115284433
-96.04350431107262,-96.04350431107262,-108.4994953995071,-109.94711951079546,-37.21508115284433
-96.04350431107262,-96.04350431107262,-107.96556376976294,-109.79441561061631,-37.21508115284433
-96.04350431107262,-96.04350431107262,-108.18153715549226,-110.20031735659857,-37.21508115284433
-96.04350431107262,-96.04350431107262,-107.91379610954012,-110.40277221066934,-37.21508115284433
-96.04350431107262,-96.04350431107262,-108.28098404245925,-110.91658312537655,-37.21508115284433
-96.04350431107262,-96.04350431107262,-106.41235047557227,-110.78510860996674,-37.21508115284433
-96.04350431107262,-96.04350431107262,-108.73810684972882,-110.90771890509441,-37.21508115284433
-96.04350431107262,-96.04350431107262,-107.91496786394296,-112.33157115672662,-37.21508115284433
-96.04350431107262,-96.04350431107262,-109.09676939975438,-112.45185827405322,-37.21508115284433
-96.04350431107262,-96.04350431107262,-110.95302879331646,-113.47673929814607,-37.21508115284433
-96.04350431107262,-96.04350431107262,-113.3418850144971,-113.64068920627875,-37.21508115284433
-96.04350431107262,-96.04350431107262,-113.78693776704532,-113.63118172521921,-37.21508115284433
-96.04350431107262,-96.04350431107262,-116.85338232175063,-113.99214729994728,-37.21508115284433
-96.04350431107262,-96.04350431107262,-117.77641705930633,-113.77757041337163,-37.21508115284433
-96.04350431107262,-96.04350431107262,-115.80086755096963,-113.59518251270953,-37.21508115284433
-96.04350431107262,-96.04350431107262,-116.0774827891825,-113.31610121421656,-37.21508115284433
-96.04350431107262,-96.04350431107262,-115.1540555697821,-113.32909406989536,-37.21508115284433
-96.04350431107262,-96.04350431107262,-116.39911124749219,-113.50586307759554,-37.21508115284433
-96.04350431107262,-96.04350431107262,-115.62851097740608,-113.45929652712475,-37.21508115284433
-96.04350431107262,-96.04350431107262,-112.97105791107015,-113.03896827346365,-37.21508115284433
-96.04350431107262,-96.04350431107262,-111.30425612209845,-112.72691467671376,-37.21508115284433
-96.04350431107262,-96.04350431107262,-111.96737138352316,-112.58086480411045,-37.21508115284433
-96.04350431107262,-96.04350431107262,-109.65230274386447,-112.44724070901064,-37.21508115284433
-96.04350431107262,-96.04350431107262,-111.01242625125606,-113.054199280434,-37.21508115284433
-96.04350431107262,-96.04350431107262,-112.88334227302855,-113.06833140876378,-37.21508115284433
-96.04350431107262,-96.04350431107262,-113.63339158177394,-112.98401347228781,-37.21508115284433
-96.04350431107262,-96.04350431107262,-113.71171410590281,-112.92968021146393,-37.21508115284433
-96.04350431107262,-96.04350431107262,-114.21911875336409,-112.94926470058465,-37.21508115284433
-96.04350431107262,-96.04350431107262,-115.4912730241455,-113.08467998309102,-37.21508115284433
-96.04350431107262,-96.04350431107262,-116.00535000633697,-112.84226939248643,-37.21508115284433
-96.04350431107262,-96.04350431107262,-117.07144121705069,-112.70470283763986,-37.21508115284433
-96.04350431107262,-96.04350431107262,-115.81455978949089,-112.63073718994214,-37.21508115284433
-96.04350431107262,-96.04350431107262,-116.66636118372087,-113.04487585549569,-37.21508115284433
-96.04350431107262,-96.04350431107262,-115.0673214304923,-112.84117608839344,-37.21508115284433
-96.04350431107262,-96.04350431107262,-113.56512156916244,-112.70451651220947,-37.21508115284433
-96.04350431107262,-96.04350431107262,-113.46971574053293,-112.66463021050076,-37.21508115284433
-96.04350431107262,-96.04350431107262,-113.81971741778447,-112.58106239214662,-37.21508115284433
-96.04350431107262,-96.04350431107262,-112.64471018667007,-112.67389393365362,-37.21508115284433
-96.04350431107262,-96.04350431107262,-112.49195817551633,-112.58267475696957,-37.21508115284433
-96.04350431107262,-96.04350431107262,-112.66892890638417,-112.48721310039724,-37.21508115284433
-96.04350431107262,-96.04350431107262,-113.24494836574681,-112.69240522378,-37.21508115284433
-96.04350431107262,-96.04350431107262,-114.12275108304088,-112.73143675857264,-37.21508115284433
-96.04350431107262,-96.04350431107262,-114.08304791960339,-113.08732626488633,-37.21508115284433
-96.04350431107262,-96.04350431107262,-114.33812598065785,-113.22161736625053,-37.21508115284433
-96.04350431107262,-96.04350431107262,-114.21726876355879,-112.94951683983572,-37.21508115284433
-96.04350431107262,-96.04350431107262,-114.06974620646724,-112.73253735870577,-37.21508115284433
-96.04350431107262,-96.04350431107262,-113.13544384773533,-112.91180755818672,-37.21508115284433
-96.04350431107262,-96.04350431107262,-113.57867970747824,-112.95131755178953,-37.21508115284433
-96.04350431107262,-96.04350431107262,-113.42492623587864,-113.22668756254019,-37.21508115284433
-96.04350431107262,-96.04350431107262,-113.6344357136038,-113.2465602661423,-37.21508115284433
-96.04350431107262,-96.04350431107262,-114.21166826638765,-113.83483979715615,-37.21508115284433
-96.04350431107262,-96.04350431107262,-114.93499629850248,-114.12532326432056,-37.21508115284433
-96.04350431107262,-96.04350431107262,-115.06570182250053,-114.46415919828797,-37.21508115284433
-96.04350431107262,-96.04350431107262,-115.27801603668846,-114.6944613516802,-37.21508115284433
-96.04350431107262,-96.04350431107262,-115.78686909336652,-114.4506938500172,-37.21508115284433
-96.04350431107262,-96.04350431107262,-116.26593760043946,-114.70325478367923,-37.21508115284433
-96.04350431107262,-96.04350431107262,-118.42980380700537,-114.85014694964204,-37.21508115284433
-96.04350431107262,-96.04350431107262,-117.15190915939482,-114.7987058108799,-37.21508115284433
-96.04350431107262,-96.04350431107262,-118.18059922720451,-115.04345352803023,-37.21508115284433
-96.04350431107262,-96.04350431107262,-116.86347414209695,-114.42864933589841,-37.21508115284433
-96.04350431107262,-96.04350431107262,-115.81545887674363,-114.32955456960545,-37.21508115284433
-96.04350431107262,-96.04350431107262,-114.36221260007262,-114.240378230926,-37.21508115284433
-96.04350431107262,-96.04350431107262,-113.37312617227174,-113.7681079683922,-37.21508115284433
-96.04350431107262,-96.04350431107262,-111.51628849401982,-113.44243563862288,-37.21508115284433
-96.04350431107262,-96.04350431107262,-112.56994248241983,-113.80450883630724,-37.21508115284433
-96.04350431107262,-96.04350431107262,-112.46237488262163,-113.98023320236706,-37.21508115284433
-96.04350431107262,-96.04350431107262,-111.5572800984072,-114.13079185536704,-37.21508115284433
-96.04350431107262,-96.04350431107262,-113.20372324495665,-114.15962821037279,-37.21508115284433
-96.04350431107262,-96.04350431107262,-111.98668413529381,-114.31508815960777,-37.21508115284433
-96.04350431107262,-96.04350431107262,-113.18569045283269,-114.47157584425094,-37.21508115284433
-96.04350431107262,-96.04350431107262,-112.99545714221219,-114.66779477362819,-37.21508115284433
-96.04350431107262,-96.04350431107262,-114.2585265744694,-114.69860926911525,-37.21508115284433
-96.04350431107262,-96.04350431107262,-114.77999686108176,-114.79364679183566,-37.21508115284433
-96.04350431107262,-96.04350431107262,-115.5516673369995,-114.3502838557716,-37.21508115284433
-96.04350431107262,-96.04350431107262,-114.1445513449045,-114.05675065068243,-37.21508115284433
-96.04350431107262,-96.04350431107262,-113.68137861083804,-113.98983060817986,-37.21508115284433
-96.04350431107262,-96.04350431107262,-114.18197562199305,-114.22484415858507,-37.21508115284433
-96.04350431107262,-96.04350431107262,-112.94229295128147,-113.90426304995624,-37.21508115284433
-96.04350431107262,-96.04350431107262,-113.75793515211053,-113.96842058520079,-37.21508115284433
-96.04350431107262,-96.04350431107262,-114.12907731827099,-114.09632130663773,-37.21508115284433
-96.04350431107262,-96.04350431107262,-113.89135220381426,-114.03177697098091,-37.21508115284433
-96.04350431107262,-96.04350431107262,-113.31351394034286,-114.19840009928562,-37.21508115284433
-96.04350431107262,-96.04350431107262,-113.11526046141061,-114.0834266473736,-37.21508115284433
-96.04350431107262,-96.04350431107262,-112.08833958020992,-113.7544874857151,-37.21508115284433
-96.04350431107262,-96.04350431107262,-112.69070307701877,-113.88186695225369,-37.21508115284433
-96.04350431107262,-96.04350431107262,-113.15461077028235,-113.92680961412978,-37.21508115284433
-96.04350431107262,-96.04350431107262,-113.19957966083594,-114.10081660719541,-37.21508115284433
-96.04350431107262,-96.04350431107262,-114.37423155956326,-114.25016732453489,-37.21508115284433
-96.04350431107262,-96.04350431107262,-114.6682427151148,-114.40367749312047,-37.21508115284433
-96.04350431107262,-96.04350431107262,-115.00469730880809,-114.56347498712252,-37.21508115284433
-96.04350431107262,-96.04350431107262,-115.47679234625673,-114.47814576708289,-37.21508115284433
-96.04350431107262,-96.04350431107262,-114.61149221879688,-114.29614832643685,-37.21508115284433
-96.04350431107262,-96.04350431107262,-114.6797858997405,-114.20277424340104,-37.21508115284433
-96.04350431107262,-96.04350431107262,-116.49033699953718,-114.18492968949096,-37.21508115284433
-96.04350431107262,-96.04350431107262,-116.81030216871932,-114.40047363328578,-37.21508115284433
-96.04350431107262,-96.04350431107262,-117.36175558847894,-114.58521149053209,-37.21508115284433
-96.04350431107262,-96.04350431107262,-115.80492335369709,-114.63471250838771,-37.21508115284433
-96.04350431107262,-96.04350431107262,-114.95163809094936,-114.52475900122913,-37.21508115284433
-96.04350431107262,-96.04350431107262,-113.25958028166835,-114.3706083022784,-37.21508115284433
-96.04350431107262,-96.04350431107262,-112.3320983444302,-114.30300751328778,-37.21508115284433
-96.04350431107262,-96.04350431107262,-111.39435333163499,-113.91468278013235,-37.21508115284433
-96.04350431107262,-96.04350431107262,-113.7030650692855,-114.04976208059347,-37.21508115284433
-96.04350431107262,-96.04350431107262,-114.53094231297734,-114.09582234149639,-37.21508115284433
-96.04350431107262,-96.04350431107262,-115.01674761364987,-114.13267600488325,-37.21508115284433
-96.04350431107262,-96.04350431107262,-115.03371566488988,-114.24984294759047,-37.21508115284433
-96.04350431107262,-96.04350431107262,-114.97934943686826,-114.32789385781784,-37.21508115284433
-96.04350431107262,-96.04350431107262,-115.91505796170111,-114.13176333932688,-37.21508115284433
-96.04350431107262,-96.04350431107262,-116.34682249465818,-114.3637416682818,-37.21508115284433
-96.04350431107262,-96.04350431107262,-117.1122296373806,-114.15693438431363,-37.21508115284433
-96.04350431107262,-96.04350431107262,-117.06525733985613,-114.3433641528396,-37.21508115284433
-96.04350431107262,-96.04350431107262,-116.66465937113381,-114.08452287901038,-37.21508115284433
-96.04350431107262,-96.04350431107262,-114.43666610306761,-114.06465278119245,-37.21508115284433
-96.04350431107262,-96.04350431107262,-115.2426145115691,-114.46972000935588,-37.21508115284433
-96.04350431107262,-96.04350431107262,-115.46689619642598,-114.9227975453645,-37.21508115284433
-96.04350431107262,-96.04350431107262,-114.93826655879647,-114.7235077628658,-37.21508115284433
-96.04350431107262,-96.04350431107262,-112.81709308672771,-114.39883749863904,-37.21508115284433
-96.04350431107262,-96.04350431107262,-112.47791937968172,-114.31589119558178,-37.21508115284433
-96.04350431107262,-96.04350431107262,-111.69816013459774,-114.06262904621,-37.21508115284433
-96.04350431107262,-96.04350431107262,-110.70040047491128,-113.89967765223712,-37.21508115284433
-96.04350431107262,-96.04350431107262,-111.13417014354286,-113.93306009098164,-37.21508115284433
-96.04350431107262,-96.04350431107262,-112.63743542741383,-114.01291853605069,-37.21508115284433
-96.04350431107262,-96.04350431107262,-112.60636380229646,-113.73422022675786,-37.21508115284433
-96.04350431107262,-96.04350431107262,-109.69039243605876,-113.45179912435125,-37.21508115284433
-96.04350431107262,-96.04350431107262,-107.31791701354632,-113.27604748067384,-37.21508115284433
-96.04350431107262,-96.04350431107262,-107.26181817867766,-113.34696112962041,-37.21508115284433
-96.04350431107262,-96.04350431107262,-109.20782176162099,-113.50412612879562,-37.21508115284433
-96.04350431107262,-96.04350431107262,-111.15843388305623,-113.7111828477944,-37.21508115284433
-96.04350431107262,-96.04350431107262,-113.09936201740429,-114.09404285943458,-37.21508115284433
-96.04350431107262,-96.04350431107262,-114.87753029340588,-114.12359668049618,-37.21508115284433
-96.04350431107262,-96.04350431107262,-114.8821415989883,-114.08367294712511,-37.21508115284433
-96.04350431107262,-96.04350431107262,-113.79145625036797,-113.99293934536145,-37.21508115284433
-96.04350431107262,-96.04350431107262,-114.93621867053314,-114.05876117279591,-37.21508115284433
-96.04350431107262,-96.04350431107262,-116.88273642913325,-114.20529431789579,-37.21508115284433
-96.04350431107262,-96.04350431107262,-119.45954819666724,-114.75028920396531,-37.21508115284433
-96.04350431107262,-96.04350431107262,-121.52466707401834,-115.11375392902033,-37.21508115284433
-96.04350431107262,-96.04350431107262,-121.9783688754803,-115.26887774983524,-37.21508115284433
-96.04350431107262,-96.04350431107262,-120.59081431915315,-115.18942977945785,-37.21508115284433
-96.04350431107262,-96.04350431107262,-119.46875709269952,-115.11294796606182,-37.21508115284433
-96.04350431107262,-96.04350431107262,-117.86541313470175,-114.76303076441356,-37.21508115284433
-96.04350431107262,-96.04350431107262,-118.58464439290822,-114.79966236394512,-37.21508115284433
-96.04350431107262,-96.04350431107262,-120.19496587444935,-114.93657405099997,-37.21508115284433
-96.04350431107262,-96.04350431107262,-121.50270157615628,-115.43700304426778,-37.21508115284433
-96.04350431107262,-96.04350431107262,-121.99152021790417,-115.66764118152852,-37.21508115284433
-96.04350431107262,-96.04350431107262,-120.95587386921201,-115.64339657790028,-37.21508115284433
-96.04350431107262,-96.04350431107262,-117.23624810876474,-115.19894311702943,-37.21508115284433
-96.04350431107262,-96.04350431107262,-116.8224635398202,-115.16101934010348,-37.21508115284433
-96.04350431107262,-96.04350431107262,-115.41106809014825,-115.11065872674811,-37.21508115284433
-96.04350431107262,-96.04350431107262,-114.50833530616687,-115.02428740910534,-37.21508115284433
-96.04350431107262,-96.04350431107262,-114.8032323748351,-115.07176118304693,-37.21508115284433
-96.04350431107262,-96.04350431107262,-113.94279491528432,-115.12180167811597,-37.21508115284433
-96.04350431107262,-96.04350431107262,-113.07746540259852,-115.27319646519268,-37.21508115284433
-96.04350431107262,-96.04350431107262,-111.17856846612813,-114.93210372363633,-37.21508115284433
-96.04350431107262,-96.04350431107262,-110.04077096151052,-114.76960691123517,-37.21508115284433
-96.04350431107262,-96.04350431107262,-110.22885028608312,-114.68581711238694,-37.21508115284433
-96.04350431107262,-96.04350431107262,-113.11026531619584,-114.81425304729062,-37.21508115284433
-96.04350431107262,-96.04350431107262,-114.08212676064844,-114.98157480485953,-37.21508115284433
-96.04350431107262,-96.04350431107262,-115.64712507842788,-115.05707215009345,-37.21508115284433
-96.04350431107262,-96.04350431107262,-116.65209640966418,-115.08534219210652,-37.21508115284433
-96.04350431107262,-96.04350431107262,-117.19697928790943,-115.0887111131527,-37.21508115284433
-96.04350431107262,-96.04350431107262,-117.37789613351238,-115.18432943684722,-37.21508115284433
-96.04350431107262,-96.04350431107262,-117.05459925267712,-115.35118444150137,-37.21508115284433
-96.04350431107262,-96.04350431107262,-116.78886100867786,-115.40254270475836,-37.21508115284433
-96.04350431107262,-96.04350431107262,-117.46583765118378,-115.2142515391581,-37.21508115284433
-96.04350431107262,-96.04350431107262,-117.07673408446085,-115.00778468999391,-37.21508115284433
-96.04350431107262,-96.04350431107262,-116.70425984653377,-115.1674517048381,-37.21508115284433
-96.04350431107262,-96.04350431107262,-114.85512395133796,-115.38918097778159,-37.21508115284433
-96.04350431107262,-96.04350431107262,-113.90996088387969,-115.34348045093306,-37.21508115284433
-96.04350431107262,-96.04350431107262,-113.11888713441499,-115.36948759206996,-37.21508115284433
-96.04350431107262,-96.04350431107262,-113.55460128898096,-115.65955127596663,-37.21508115284433
-96.04350431107262,-96.04350431107262,-113.86073782033354,-115.72964297220534,-37.21508115284433
-96.04350431107262,-96.04350431107262,-114.172430988645,-115.6581835537476,-37.21508115284433
-96.04350431107262,-96.04350431107262,-114.33724950952521,-115.74871984620411,-37.21508115284433
-96.04350431107262,-96.04350431107262,-112.57038765868295,-115.79025058368293,-37.21508115284433
-96.04350431107262,-96.04350431107262,-112.68281541733566,-116.08076437075177,-37.21508115284433
-96.04350431107262,-96.04350431107262,-113.03584455365623,-116.32225697983378,-37.21508115284433
-96.04350431107262,-96.04350431107262,-113.58900720086247,-116.26541806562987,-37.21508115284433
-96.04350431107262,-96.04350431107262,-114.44875927217558,-116.0015455287569,-37.21508115284433
-96.04350431107262,-96.04350431107262,-114.79066834897273,-115.70774885838365,-37.21508115284433
-96.04350431107262,-96.04350431107262,-113.14721230460268,-115.31348767820599,-37.21508115284433
-96.04350431107262,-96.04350431107262,-111.68791221111599,-115.09079709463087,-37.21508115284433
-96.04350431107262,-96.04350431107262,-111.38099815703292,-115.17609193508059,-37.21508115284433
-96.04350431107262,-96.04350431107262,-111.40254032997991,-115.04198417809346,-37.21508115284433
-96.04350431107262,-96.04350431107262,-113.28835427573647,-115.07137415300356,-37.21508115284433
-96.04350431107262,-96.04350431107262,-114.59629353135915,-115.10811343769015,-37.21508115284433
-96.04350431107262,-96.04350431107262,-113.69897751806472,-114.75711906864304,-37.21508115284433
-96.04350431107262,-96.04350431107262,-114.4229544548286,-114.75433518149954,-37.21508115284433
-96.04350431107262,-96.04350431107262,-114.34959104075942,-114.75330087307815,-37.21508115284433
-96.04350431107262,-96.04350431107262,-113.76953030271,-114.56790350038577,-37.21508115284433
-96.04350431107262,-96.04350431107262,-114.70634385745532,-114.6816738227567,-37.21508115284433
-96.04350431107262,-96.04350431107262,-116.0077418846993,-114.5754165929891,-37.21508115284433
-96.04350431107262,-96.04350431107262,-117.84665750497243,-114.70643026118519,-37.21508115284433
-96.04350431107262,-96.04350431107262,-117.26952279874938,-114.1953484226121,-37.21508115284433
-96.04350431107262,-96.04350431107262,-117.37544635616499,-114.14815938065574,-37.21508115284433
-96.04350431107262,-96.04350431107262,-116.05944698881288,-114.1288280616103,-37.21508115284433
-96.04350431107262,-96.04350431107262,-114.86295557500144,-114.28246056189039,-37.21508115284433
-96.04350431107262,-96.04350431107262,-113.24584072404359,-114.03901061834421,-37.21508115284433
-96.04350431107262,-96.04350431107262,-113.28183259257624,-114.32745377356376,-37.21508115284433
-96.04350431107262,-96.04350431107262,-114.54502146909117,-114.57524073297061,-37.21508115284433
-96.04350431107262,-96.04350431107262,-115.16079430481469,-114.7531862087526,-37.21508115284433
-96.04350431107262,-96.04350431107262,-114.68662173007684,-114.7241819559476,-37.21508115284433
-96.04350431107262,-96.04350431107262,-114.05450969808746,-114.90183912028299,-37.21508115284433
-96.04350431107262,-96.04350431107262,-115.2204929818824,-115.00373332576294,-37.21508115284433
-96.04350431107262,-96.04350431107262,-115.63360804281396,-115.26672679691639,-37.21508115284433
-96.04350431107262,-96.04350431107262,-116.2372864759797,-115.33051529958962,-37.21508115284433
-96.04350431107262,-96.04350431107262,-118.5697473144952,-115.37435696155028,-37.21508115284433
-96.04350431107262,-96.04350431107262,-118.36630409661568,-114.89584608553766,-37.21508115284433
-96.04350431107262,-96.04350431107262,-118.4715303947866,-114.89233483683549,-37.21508115284433
-96.04350431107262,-96.04350431107262,-117.93099210822747,-114.83101987268327,-37.21508115284433
-96.04350431107262,-96.04350431107262,-117.81196455436013,-114.87618326204274,-37.21508115284433
-96.04350431107262,-96.04350431107262,-118.4961259240595,-114.94782791405702,-37.21508115284433
-96.04350431107262,-96.04350431107262,-117.26234667909125,-114.94338860556583,-37.21508115284433
-96.04350431107262,-96.04350431107262,-117.64168897943503,-115.17429891991438,-37.21508115284433
-96.04350431107262,-96.04350431107262,-116.2924169276506,-115.03204265220978,-37.21508115284433
-96.04350431107262,-96.04350431107262,-115.71648721714837,-115.05846592612714,-37.21508115284433
-96.04350431107262,-96.04350431107262,-113.55736705869512,-114.74497840398254,-37.21508115284433
-96.04350431107262,-96.04350431107262,-114.84876795407729,-114.89457488608552,-37.21508115284433
-96.04350431107262,-96.04350431107262,-113.68846758036678,-114.84803617613292,-37.21508115284433
-96.04350431107262,-96.04350431107262,-113.70240886045178,-114.94772421789062,-37.21508115284433
-96.04350431107262,-96.04350431107262,-113.32311917340375,-114.82988683892732,-37.21508115284433
-96.04350431107262,-96.04350431107262,-112.52801326490496,-114.68128300297128,-37.21508115284433
-96.04350431107262,-96.04350431107262,-112.75066741868281,-114.65903589157337,-37.21508115284433
-96.04350431107262,-96.04350431107262,-112.3299568648176,-114.77284039097285,-37.21508115284433
-96.04350431107262,-96.04350431107262,-112.37394822100866,-114.99275476467494,-37.21508115284433
-96.04350431107262,-96.04350431107262,-112.72721151302748,-115.06734514526552,-37.21508115284433
-96.04350431107262,-96.04350431107262,-114.26009963107306,-114.98982941946592,-37.21508115284433
-96.04350431107262,-96.04350431107262,-114.32834738967594,-115.04244292384821,-37.21508115284433
-96.04350431107262,-96.04350431107262,-115.4076618419181,-115.03981669008141,-37.21508115284433
-96.04350431107262,-96.04350431107262,-115.294766538627,-115.04854385582149,-37.21508115284433
-96.04350431107262,-96.04350431107262,-115.87417779738917,-115.3752799374846,-37.21508115284433
-96.04350431107262,-96.04350431107262,-116.6254977851085,-115.66880011776982,-37.21508115284433
-96.04350431107262,-96.04350431107262,-116.38118482974528,-115.65907322611585,-37.21508115284433
-96.04350431107262,-96.04350431107262,-116.20416497805672,-115.73316532058823,-37.21508115284433
-96.04350431107262,-96.04350431107262,-116.65720160288069,-115.66652423010378,-37.21508115284433
-96.04350431107262,-96.04350431107262,-116.8227141259309,-115.51262926417985,-37.21508115284433
-96.04350431107262,-96.04350431107262,-116.2166811609231,-115.49337014803757,-37.21508115284433
-96.04350431107262,-96.04350431107262,-115.48321080833759,-115.25449419455002,-37.21508115284433
-96.04350431107262,-96.04350431107262,-115.11103059095657,-115.19210460012084,-37.21508115284433
-96.04350431107262,-96.04350431107262,-114.86546364251065,-115.26773052378161,-37.21508115284433
-96.04350431107262,-96.04350431107262,-115.06721729329786,-115.44745462465313,-37.21508115284433
-96.04350431107262,-96.04350431107262,-115.06308732718598,-115.47986920626713,-37.21508115284433
-96.04350431107262,-96.04350431107262,-117.39262617792426,-115.56826696070621,-37.21508115284433
-96.04350431107262,-96.04350431107262,-118.16130851895532,-115.91152246462941,-37.21508115284433
-96.04350431107262,-96.04350431107262,-118.44080251048032,-115.87959546096685,-37.21508115284433
-96.04350431107262,-96.04350431107262,-118.91219944468142,-116.08317975535356,-37.21508115284433
-96.04350431107262,-96.04350431107262,-119.99036488000729,-116.51885200903877,-37.21508115284433
-96.04350431107262,-96.04350431107262,-120.6464906495548,-116.73462417965226,-37.21508115284433
-96.04350431107262,-96.04350431107262,-120.08784513106541,-116.5533071078187,-37.21508115284433
-96.04350431107262,-96.04350431107262,-118.93557872997766,-116.14584197595892,-37.21508115284433
-96.04350431107262,-96.04350431107262,-117.26657480722619,-115.8686107251354,-37.21508115284433
-96.04350431107262,-96.04350431107262,-117.07636017313867,-115.9578168948795,-37.21508115284433
-96.04350431107262,-96.04350431107262,-116.20942207676379,-115.99924943644147,-37.21508115284433
-96.04350431107262,-96.04350431107262,-116.28555022918299,-116.12453391408954,-37.21508115284433
-96.04350431107262,-96.04350431107262,-116.90758042691179,-116.13438993778642,-37.21508115284433
-96.04350431107262,-96.04350431107262,-117.4633262859019,-116.328387717338,-37.21508115284433
-96.04350431107262,-96.04350431107262,-115.54818110182745,-115.91453876650522,-37.21508115284433
-96.04350431107262,-96.04350431107262,-115.3950826971239,-116.1403798997539,-37.21508115284433
-96.04350431107262,-96.04350431107262,-116.31629654205763,-116.12226033727289,-37.21508115284433
-96.04350431107262,-96.04350431107262,-117.11727616339252,-115.9830987869919,-37.21508115284433
-96.04350431107262,-96.04350431107262,-119.98423818015536,-116.30306545029445,-37.21508115284433
-96.04350431107262,-96.04350431107262,-120.04916396946972,-116.26842450396155,-37.21508115284433
-96.04350431107262,-96.04350431107262,-119.44225908637586,-116.4352319178984,-37.21508115284433
-96.04350431107262,-96.04350431107262,-118.64450354273208,-116.32509682674895,-37.21508115284433
-96.04350431107262,-96.04350431107262,-118.1237527257241,-116.5006570974011,-37.21508115284433
-96.04350431107262,-96.04350431107262,-116.58581140402188,-116.5022525547127,-37.21508115284433
-96.04350431107262,-96.04350431107262,-118.2472447637366,-116.8525143075135,-37.21508115284433
-96.04350431107262,-96.04350431107262,-118.5121838221922,-116.87306307337688,-37.21508115284433
-96.04350431107262,-96.04350431107262,-118.31527686919216,-117.04762219503799,-37.21508115284433
-96.04350431107262,-96.04350431107262,-119.14782123122613,-117.07218126114678,-37.21508115284433
-96.04350431107262,-96.04350431107262,-117.91311966590615,-117.22106554879494,-37.21508115284433
-96.04350431107262,-96.04350431107262,-117.75132802594544,-117.31308745616965,-37.21508115284433
-96.04350431107262,-96.04350431107262,-117.88765246374264,-117.46262892691038,-37.21508115284433
-96.04350431107262,-96.04350431107262,-118.65968065988895,-117.59104158576321,-37.21508115284433
-96.04350431107262,-96.04350431107262,-118.5326501239987,-117.73239747799911,-37.21508115284433
-96.04350431107262,-96.04350431107262,-117.90652284245789,-117.53811482059878,-37.21508115284433
-96.04350431107262,-96.04350431107262,-116.57251617596023,-117.31499761649093,-37.21508115284433
-96.04350431107262,-96.04350431107262,-116.09833142090152,-117.22705987962199,-37.21508115284433
-96.04350431107262,-96.04350431107262,-115.77474393132643,-117.12103861291963,-37.21508115284433
-96.04350431107262,-96.04350431107262,-114.43587713699051,-116.9004033808195,-37.21508115284433
-96.04350431107262,-96.04350431107262,-113.93412421932726,-116.83305483318256,-37.21508115284433
-96.04350431107262,-96.04350431107262,-113.72116770101759,-116.73222143935149,-37.21508115284433
-96.04350431107262,-96.04350431107262,-113.42269255744816,-116.87093047245096,-37.21508115284433
-96.04350431107262,-96.04350431107262,-112.04568360507184,-116.75934531116626,-37.21508115284433
-96.04350431107262,-96.04350431107262,-111.87901098762339,-116.77675935494766,-37.21508115284433
-96.04350431107262,-96.04350431107262,-112.22993410384197,-116.619558816181,-37.21508115284433
-96.04350431107262,-96.04350431107262,-113.66019514279841,-116.80370041286598,-37.21508115284433
-96.04350431107262,-96.04350431107262,-114.25099293510672,-116.98061630497581,-37.21508115284433
-96.04350431107262,-96.04350431107262,-113.73859760280068,-116.84655201528845,-37.21508115284433
-96.04350431107262,-96.04350431107262,-115.08294767087452,-116.94390018649229,-37.21508115284433
-96.04350431107262,-96.04350431107262,-114.99941135291265,-116.81949364510552,-37.21508115284433
-96.04350431107262,-96.04350431107262,-114.8361875381861,-116.68684148155151,-37.21508115284433
-96.04350431107262,-96.04350431107262,-114.33718919449097,-116.2598430757643,-37.21508115284433
-96.04350431107262,-96.04350431107262,-114.73751692981985,-116.07458699333914,-37.21508115284433
-96.04350431107262,-96.04350431107262,-115.08031070770286,-116.10466099439218,-37.21508115284433
-96.04350431107262,-96.04350431107262,-115.62670024426863,-115.96245897609846,-37.21508115284433
-96.04350431107262,-96.04350431107262,-114.69611667807803,-115.74485077248015,-37.21508115284433
-96.04350431107262,-96.04350431107262,-114.81019734224614,-115.8133576435141,-37.21508115284433
-96.04350431107262,-96.04350431107262,-116.2889013744468,-116.08676326396477,-37.21508115284433
-96.04350431107262,-96.04350431107262,-115.84404433783752,-116.32559330806426,-37.21508115284433
-96.04350431107262,-96.04350431107262,-115.3081346071111,-116.4278056050825,-37.21508115284433
-96.04350431107262,-96.04350431107262,-115.5122921393075,-116.37402787478526,-37.21508115284433
-96.04350431107262,-96.04350431107262,-116.09638940727488,-116.23723654186651,-37.21508115284433
-96.04350431107262,-96.04350431107262,-115.50612278855439,-115.91870150521343,-37.21508115284433
-96.04350431107262,-96.04350431107262,-113.6925682209401,-115.46165855319785,-37.21508115284433
-96.04350431107262,-96.04350431107262,-112.83453314785922,-115.03670034848992,-37.21508115284433
-96.04350431107262,-96.04350431107262,-113.01681341680478,-115.23857723547562,-37.21508115284433
-96.04350431107262,-96.04350431107262,-112.44381914533226,-115.22310493315577,-37.21508115284433
-96.04350431107262,-96.04350431107262,-111.69550673766639,-115.16260530308651,-37.21508115284433
-96.04350431107262,-96.04350431107262,-110.6589015307615,-115.03391838153804,-37.21508115284433
-96.04350431107262,-96.04350431107262,-109.93985564431541,-114.41892909791451,-37.21508115284433
-96.04350431107262,-96.04350431107262,-109.5220704359187,-114.26860916807507,-37.21508115284433
-96.04350431107262,-96.04350431107262,-108.57823700024896,-114.06443212464116,-37.21508115284433
-96.04350431107262,-96.04350431107262,-109.45294887505379,-114.08039057167777,-37.21508115284433
-96.04350431107262,-96.04350431107262,-110.79204756714437,-113.99531752148188,-37.21508115284433
-96.04350431107262,-96.04350431107262,-111.3791183827087,-113.99536174422728,-37.21508115284433
-96.04350431107262,-96.04350431107262,-111.38983341051089,-113.86709496483049,-37.21508115284433
-96.04350431107262,-96.04350431107262,-111.61743932637246,-113.84415603399182,-37.21508115284433
-96.04350431107262,-96.04350431107262,-111.96677129849635,-113.89290418894734,-37.21508115284433
-96.04350431107262,-96.04350431107262,-114.46478550600432,-114.09731123649368,-37.21508115284433
-96.04350431107262,-96.04350431107262,-117.55803770165471,-114.34791270506423,-37.21508115284433
-96.04350431107262,-96.04350431107262,-118.5358865060119,-114.42552086408836,-37.21508115284433
-96.04350431107262,-96.04350431107262,-118.72832358626042,-114.2325663491447,-37.21508115284433
-96.04350431107262,-96.04350431107262,-120.17057066866205,-114.3825685734324,-37.21508115284433
-96.04350431107262,-96.04350431107262,-121.11819685674854,-114.51242686803185,-37.21508115284433
-96.04350431107262,-96.04350431107262,-122.05015515684212,-114.82408820710413,-37.21508115284433
-96.04350431107262,-96.04350431107262,-121.87620219759681,-114.9278321691578,-37.21508115284433
-96.04350431107262,-96.04350431107262,-121.48779464146553,-114.92204867810466,-37.21508115284433
-96.04350431107262,-96.04350431107262,-120.51220155912392,-114.84039571450685,-37.21508115284433
-96.04350431107262,-96.04350431107262,-118.97610938746898,-115.00535768658936,-37.21508115284433
-96.04350431107262,-96.04350431107262,-116.65731601033431,-114.89255106326564,-37.21508115284433
-96.04350431107262,-96.04350431107262,-114.725872231686,-114.62646177022204,-37.21508115284433
-96.04350431107262,-96.04350431107262,-113.83460321321316,-114.31494848029769,-37.21508115284433
-96.04350431107262,-96.04350431107262,-113.06435959925673,-114.58630377226935,-37.21508115284433
-96.04350431107262,-96.04350431107262,-112.28314055440258,-114.5932527813877,-37.21508115284433
-96.04350431107262,-96.04350431107262,-111.61520031128309,-114.70114144859235,-37.21508115284433
-96.04350431107262,-96.04350431107262,-112.10683164176582,-114.61715946895127,-37.21508115284433
-96.04350431107262,-96.04350431107262,-113.58117690566674,-114.78808547221662,-37.21508115284433
-96.04350431107262,-96.04350431107262,-115.1883157917709,-115.13033935230087,-37.21508115284433
-96.04350431107262,-96.04350431107262,-115.46180957721708,-115.08113006785788,-37.21508115284433
-96.04350431107262,-96.04350431107262,-115.65212584072651,-115.0230939608284,-37.21508115284433
-96.04350431107262,-96.04350431107262,-116.7855668760204,-115.0163376377889,-37.21508115284433
-96.04350431107262,-96.04350431107262,-120.19521355725279,-115.48655335285007,-37.21508115284433
-96.04350431107262,-96.04350431107262,-120.16505188140295,-115.67181076258599,-37.21508115284433
-96.04350431107262,-96.04350431107262,-120.69334068992546,-115.71585877783222,-37.21508115284433
-96.04350431107262,-96.04350431107262,-120.03505644076145,-115.58281268789091,-37.21508115284433
-96.04350431107262,-96.04350431107262,-120.83902169141888,-115.84574047161942,-37.21508115284433
-96.04350431107262,-96.04350431107262,-118.56462789001702,-115.5389715817708,-37.21508115284433
-96.04350431107262,-96.04350431107262,-117.78797176891244,-115.43015343119401,-37.21508115284433
-96.04350431107262,-96.04350431107262,-119.11256397711463,-115.73483399571333,-37.21508115284433
-96.04350431107262,-96.04350431107262,-120.37402944587889,-116.03627292858197,-37.21508115284433
-96.04350431107262,-96.04350431107262,-122.02265820472614,-116.31841085087262,-37.21508115284433
-96.04350431107262,-96.04350431107262,-120.07491580643413,-116.2822586326819,-37.21508115284433
-96.04350431107262,-96.04350431107262,-119.60547922654709,-116.49168205018452,-37.21508115284433
-96.04350431107262,-96.04350431107262,-120.23549491359407,-117.02444411636299,-37.21508115284433
-96.04350431107262,-96.04350431107262,-122.43941370821904,-117.50378879996288,-37.21508115284433
