Average Episodic Reward,Average Episodic N-Reward,Avg Reward (last 10),Avg Reward (last 50),Best Reward
-59.17785125860937,-59.17785125860937,-90.0808140224961,-90.0808140224961,-90.0808140224961
-54.70431861003128,-54.70431861003128,-25.91803581248153,-25.91803581248153,38.24474239753304
-53.72322944895258,-53.72322944895258,-26.42610259510725,-26.42610259510725,38.24474239753304
-52.63345527460505,-52.63345527460505,-42.11939471270722,-42.11939471270722,38.24474239753304
-50.7286871598132,-50.7286871598132,-57.002252203784266,-57.002252203784266,38.24474239753304
-58.542102888074076,-58.542102888074076,-61.31338768941371,-61.31338768941371,38.24474239753304
-43.73810136352745,-43.73810136352745,-51.75845936903225,-51.75845936903225,38.24474239753304
-43.41902472232323,-43.41902472232323,-57.908825354853896,-57.908825354853896,38.24474239753304
-53.112381898927914,-53.112381898927914,-56.26243844092743,-56.26243844092743,38.24474239753304
-61.16506788618838,-61.16506788618838,-52.15628664660286,-52.15628664660286,38.24474239753304
-56.0359136409152,-56.0359136409152,-44.12017149487188,-48.298411724655914,38.24474239753304
-51.23204766721435,-51.23204766721435,-56.320786105272006,-51.2536610564736,38.24474239753304
-45.535347776483015,-45.535347776483015,-61.13393104402561,-53.12443217119831,38.24474239753304
-55.59969067115945,-55.59969067115945,-62.099732280045565,-56.39106440366319,38.24474239753304
-55.216823999192385,-55.216823999192385,-48.04242900483202,-51.029036737816114,38.24474239753304
-50.4233089601644,-50.4233089601644,-40.31124868225676,-48.18705080994062,38.24474239753304
-50.62749416289277,-50.62749416289277,-30.8332595649042,-39.449518307780465,100.3510017267821
-49.23300886583618,-49.23300886583618,-18.734462998545272,-36.145290712460216,100.3510017267821
-48.52830222902944,-48.52830222902944,-24.307862326347117,-39.44424048588517,100.3510017267821
-55.47986949305525,-55.47986949305525,-29.045844238507634,-40.60106544255525,100.3510017267821
-54.854256651095284,-54.854256651095284,-29.347084290864768,-39.27397008951727,100.3510017267821
-50.19539409331184,-50.19539409331184,-30.77703091291699,-41.946101900311504,100.3510017267821
-55.74186999944126,-55.74186999944126,-27.248259297960885,-41.873922226312466,100.3510017267821
-50.218860638776796,-50.218860638776796,-16.770049686147754,-39.88230827136508,100.3510017267821
-52.762093253697465,-52.762093253697465,-23.890610059472976,-40.17366606647885,100.3510017267821
-59.77485653864242,-59.77485653864242,-23.11480379904926,-38.54387888267471,100.3510017267821
-46.67853528091372,-46.67853528091372,-41.11024686799796,-40.064602959712865,100.3510017267821
-37.35333143755941,-37.35333143755941,-52.26353862127896,-41.90180782275262,100.3510017267821
-51.27191703530471,-51.27191703530471,-44.324219111177186,-41.12699173598586,100.3510017267821
-42.42402191080541,-42.42402191080541,-38.05571956120824,-39.75261681543957,100.3510017267821
-42.48180340133207,-42.48180340133207,-43.47222205663783,-40.62824491762068,100.3510017267821
-47.59124847401117,-47.59124847401117,-34.418982601555165,-39.59387711945014,100.3510017267821
-52.182855796259354,-52.182855796259354,-33.217131210746686,-39.25065222159556,100.3510017267821
-50.06881037298325,-50.06881037298325,-37.90977700274799,-39.30215201588947,100.3510017267821
-43.67894291360409,-43.67894291360409,-33.827740636621066,-38.36054451509091,100.3510017267821
-42.12201268395761,-42.12201268395761,-41.74357575464015,-39.43268356933177,100.3510017267821
-44.61687136098511,-44.61687136098511,-41.13714277531601,-40.354478585551554,100.3510017267821
-35.8914971357605,-35.8914971357605,-43.92144745740476,-42.43329193713476,100.3510017267821
-49.97866812971101,-49.97866812971101,-41.27091273861637,-41.163894557173165,100.3510017267821
-40.809556050101804,-40.809556050101804,-43.92786128156361,-40.79642793197059,100.3510017267821
-39.2347387574799,-39.2347387574799,-36.7200443173257,-39.67502525901215,100.3510017267821
-46.180533861423925,-46.180533861423925,-40.688383952819706,-39.85447398453814,100.3510017267821
-44.14888999628968,-44.14888999628968,-37.17984043513207,-38.76906808520871,100.3510017267821
-44.27503245187845,-44.27503245187845,-39.8516689092103,-39.42704221891693,100.3510017267821
-39.7940021637448,-39.7940021637448,-43.69360057534779,-39.54566808403689,100.3510017267821
-40.8314602261093,-40.8314602261093,-38.60557082314811,-39.2528764505962,100.3510017267821
-45.31766946951786,-45.31766946951786,-35.12911147982105,-39.24269835028974,100.3510017267821
-43.28603792249884,-43.28603792249884,-25.389520181935758,-38.88250615480164,100.3510017267821
-48.031934063252635,-48.031934063252635,-24.111695961204738,-37.68385402738369,100.3510017267821
-39.92150924521524,-39.92150924521524,-21.726719870809458,-36.982486319738356,100.3510017267821
-31.21613092688618,-31.21613092688618,-27.197254342362374,-36.17135530041252,100.3510017267821
-39.57273085405818,-39.57273085405818,-23.237727514814626,-37.088582217475704,100.3510017267821
-42.71244582078823,-42.71244582078823,-30.549981162113124,-37.865828629995676,100.3510017267821
-39.365789907668606,-39.365789907668606,-27.77343166183285,-36.88093190799689,100.3510017267821
-40.77626047215135,-40.77626047215135,-24.90769580175553,-34.872415215605876,100.3510017267821
-40.53307232876096,-40.53307232876096,-24.50852648175671,-33.656745108170206,100.3510017267821
-42.349379597126855,-42.349379597126855,-24.401620633243546,-34.522276264256554,100.3510017267821
-42.31152507654594,-42.31152507654594,-23.869425696212485,-32.83567899107545,100.3510017267821
-41.25701371427018,-41.25701371427018,-26.258138153985065,-32.0545656582661,100.3510017267821
-38.9581465477914,-38.9581465477914,-37.04779060440292,-33.96078711129838,100.3510017267821
-42.622448387983674,-42.622448387983674,-36.366248427316336,-34.6205706869014,100.3510017267821
-35.92095599418881,-35.92095599418881,-34.889506763503476,-32.802326349122,100.3510017267821
-38.402007697279856,-38.402007697279856,-26.828952505601414,-31.004832922310833,100.3510017267821
-40.86963395400403,-40.86963395400403,-25.24193738459302,-29.509372928906384,100.3510017267821
-36.922455396473566,-36.922455396473566,-30.018126903953195,-31.26755479543011,100.3510017267821
-41.38444047002889,-41.38444047002889,-37.73957880970526,-33.1424111336599,100.3510017267821
-44.9311771987901,-44.9311771987901,-35.29302396838223,-35.41422914495216,100.3510017267821
-36.117276029671665,-36.117276029671665,-38.174663592941265,-36.723719109954644,100.3510017267821
-34.55224887795164,-34.55224887795164,-43.7214697889582,-35.937287150788315,100.3510017267821
-37.653522534381814,-37.653522534381814,-36.32899219492777,-35.4174167025824,100.3510017267821
-37.66959261909722,-37.66959261909722,-38.97014251306681,-36.545182331341806,100.3510017267821
-40.33585883449164,-40.33585883449164,-49.528374928684926,-36.55259515227558,100.3510017267821
-32.31538088472066,-32.31538088472066,-54.54186425983303,-36.46355391468526,100.3510017267821
-35.37592434659826,-35.37592434659826,-56.60837899755553,-37.47703879118794,100.3510017267821
-37.61641355287719,-37.61641355287719,-49.68967642555176,-36.42736806864587,100.3510017267821
-57.94493104590228,-57.94493104590228,-42.31159003232797,-36.98176838031564,100.3510017267821
-43.34089986691905,-43.34089986691905,-49.80652248505034,-37.15348426836263,100.3510017267821
-48.980445276815004,-48.980445276815004,-48.969551175705575,-36.06492162083996,100.3510017267821
-47.146762223066474,-47.146762223066474,-47.34738060632905,-36.541919449818685,100.3510017267821
-45.81191067015463,-45.81191067015463,-58.61826220643847,-39.52992523162845,100.3510017267821
-45.12251510303412,-45.12251510303412,-55.704331490552235,-38.99160421812469,100.3510017267821
-57.151192382990104,-57.151192382990104,-54.03020434311115,-40.474839500586775,100.3510017267821
-51.9849337507708,-51.9849337507708,-59.906153377604525,-41.80135834805684,100.3510017267821
-44.62966697287229,-44.62966697287229,-57.82000044762062,-41.45908348016246,100.3510017267821
-46.831726392763166,-46.831726392763166,-70.4777645154608,-43.75737284441382,100.3510017267821
-51.063572115486316,-51.063572115486316,-75.76250470724061,-43.78555417083573,100.3510017267821
-50.8854823701333,-50.8854823701333,-78.6043804595583,-44.64693180521109,100.3510017267821
-45.747769061847094,-45.747769061847094,-72.66211173802249,-41.813054476963515,100.3510017267821
-41.97433774726066,-41.97433774726066,-72.3533060900692,-42.75839812010925,100.3510017267821
-46.33456658536639,-46.33456658536639,-64.50605456533455,-43.64556388838263,100.3510017267821
-44.92868468977861,-44.92868468977861,-63.8051876608886,-44.40863288683727,100.3510017267821
-42.39101581466446,-42.39101581466446,-56.517941179785645,-43.64075094597995,100.3510017267821
-43.11983687641149,-43.11983687641149,-56.64204906537543,-45.693800074105496,100.3510017267821
-46.5455205641144,-46.5455205641144,-54.86863909305534,-44.462477516931465,100.3510017267821
-41.21993405880235,-41.21993405880235,-42.81737177951619,-43.58212708524749,100.3510017267821
-37.261241970614485,-37.261241970614485,-36.311209861734575,-43.326681978553026,100.3510017267821
-41.03811029657932,-41.03811029657932,-34.28357454284553,-44.47782441781599,100.3510017267821
-35.64148811980481,-35.64148811980481,-38.117117379203044,-44.35857391641698,100.3510017267821
-47.38772874395788,-47.38772874395788,-41.281024106179224,-46.19226374910414,100.3510017267821
-40.28875621805892,-40.28875621805892,-35.54444115622241,-46.40910814546523,100.3510017267821
-36.31297172262322,-36.31297172262322,-45.73614264062625,-48.11641054649006,100.3510017267821
-41.85912290441544,-41.85912290441544,-45.74647109145648,-48.14249966130835,100.3510017267821
-44.83336875739203,-44.83336875739203,-38.79101452072447,-47.34200674582778,100.3510017267821
-38.364273795345184,-38.364273795345184,-40.65731010773679,-47.03925320611227,100.3510017267821
-39.65068143619302,-39.65068143619302,-43.92742425922887,-47.386072776742175,100.3510017267821
-35.831427574361236,-35.831427574361236,-48.72927675393602,-48.17083203298889,100.3510017267821
-36.6916639646695,-36.6916639646695,-36.689937899669815,-46.93548787110124,100.3510017267821
-34.84092186023955,-34.84092186023955,-45.654570866339924,-48.71560295044246,100.3510017267821
-40.92650273953111,-40.92650273953111,-42.51322564058019,-49.44328124642317,100.3510017267821
-39.70308125542423,-39.70308125542423,-47.57617061324558,-48.51478414723375,100.3510017267821
-39.94836477449527,-39.94836477449527,-40.67688373094411,-48.9785376072156,100.3510017267821
-34.58328308825092,-34.58328308825092,-48.373231973938566,-50.83924470339536,100.3510017267821
-31.76147239488799,-31.76147239488799,-45.129614920749,-51.0021392288573,100.3510017267821
-41.18909272464591,-41.18909272464591,-45.259065643545725,-51.042678857902814,100.3510017267821
-36.818706517482624,-36.818706517482624,-39.72469772510459,-49.32738694097245,100.3510017267821
-29.998493257593445,-29.998493257593445,-36.84322062254667,-47.991560395557165,100.3510017267821
-29.181170589644903,-29.181170589644903,-41.43793996114452,-48.16447106965369,100.3510017267821
-36.13528419504916,-36.13528419504916,-36.06330054512843,-48.29333034087989,100.3510017267821
-33.19577021129956,-33.19577021129956,-33.412679164372506,-47.38152312150603,100.3510017267821
-34.050901646023334,-34.050901646023334,-30.935221821938786,-47.43603007263595,100.3510017267821
-34.749306275439196,-34.749306275439196,-25.892295746194474,-46.36296825384114,100.3510017267821
-35.89063709884344,-35.89063709884344,-25.01679878277139,-45.93692947421265,100.3510017267821
-35.0745412849511,-35.0745412849511,-29.779706499082828,-46.04970767670725,100.3510017267821
-35.57258105330086,-35.57258105330086,-23.980406968788035,-44.51708445214931,100.3510017267821
-34.24452582845547,-34.24452582845547,-25.836989682782708,-44.55684959241864,100.3510017267821
-31.34879305690023,-31.34879305690023,-25.029968436288716,-44.53523607634932,100.3510017267821
-34.417203085379285,-34.417203085379285,-33.88749175649981,-44.98066492394359,100.3510017267821
-35.65863789027323,-35.65863789027323,-31.26170997914541,-44.751762101567856,100.3510017267821
-33.0709253838556,-33.0709253838556,-31.652211322839776,-44.24248926480817,100.3510017267821
-37.769807237800265,-37.769807237800265,-29.673361940017724,-41.647050019351816,100.3510017267821
-41.18081136155988,-41.18081136155988,-31.329467679435606,-41.48799549161781,100.3510017267821
-30.70420625065648,-30.70420625065648,-28.580638933086057,-40.84701639220762,100.3510017267821
-37.42890276298465,-37.42890276298465,-26.446879479696737,-39.357852897125696,100.3510017267821
-36.50270560907935,-36.50270560907935,-33.15808465824462,-39.58470129427411,100.3510017267821
-35.99512391246272,-35.99512391246272,-37.546584787661466,-37.970613646858766,100.3510017267821
-30.497868383698215,-30.497868383698215,-37.53390937043084,-36.88951700898736,100.3510017267821
-40.03184668199762,-40.03184668199762,-31.454404081704798,-35.550669648372896,100.3510017267821
-32.22280603503185,-32.22280603503185,-33.43174985373138,-36.90568972470964,100.3510017267821
-31.04158962025444,-31.04158962025444,-33.683268247100486,-36.50848169621443,100.3510017267821
-33.26476531294193,-33.26476531294193,-39.08557750454469,-36.562954607193845,100.3510017267821
-36.58484499969764,-36.58484499969764,-39.54545861394514,-36.636049682229114,100.3510017267821
-34.79459855940321,-34.79459855940321,-39.96685664088991,-37.53679948442848,100.3510017267821
-36.90303303566123,-36.90303303566123,-42.68596955908461,-36.566636995867526,100.3510017267821
-39.6623488092251,-39.6623488092251,-45.159575588381486,-37.642888593339336,100.3510017267821
-32.93473435541319,-32.93473435541319,-46.04576704876902,-38.61629270070933,100.3510017267821
-31.563507146512297,-31.563507146512297,-46.28815300206966,-38.88490563705438,100.3510017267821
-37.72633365459872,-37.72633365459872,-39.256514638224,-36.54525766744859,100.3510017267821
-37.336450644249446,-37.336450644249446,-35.69677263620444,-36.42162077610992,100.3510017267821
-46.37463840631659,-46.37463840631659,-38.09908471191473,-35.87209381736153,100.3510017267821
-36.15445826529244,-36.15445826529244,-27.93543367851516,-35.04115311165239,100.3510017267821
-35.73828862697458,-35.73828862697458,-25.7200655079655,-32.63283425569696,100.3510017267821
-33.64098880661516,-33.64098880661516,-17.956747196466395,-31.978854705430464,100.3510017267821
-32.911845854800134,-32.911845854800134,-16.192167571496906,-32.04686760602201,100.3510017267821
-37.02378314765733,-37.02378314765733,-15.686248928965302,-32.64867635758504,100.3510017267821
-36.23177668001381,-36.23177668001381,-10.10540596208199,-31.851889041279957,100.3510017267821
-32.97914941253998,-32.97914941253998,-10.556617241596914,-31.250373734586564,100.3510017267821
-34.81496170071352,-34.81496170071352,-18.071766160778434,-32.82162331967031,100.3510017267821
-31.244237651711902,-31.244237651711902,-20.60323527744417,-31.411353658330768,100.3510017267821
-33.93284170810508,-33.93284170810508,-24.66032701317612,-32.30151409188072,100.3510017267821
-35.1473899728375,-35.1473899728375,-28.95854296206101,-31.317627581415476,100.3510017267821
-32.50312823109198,-32.50312823109198,-34.015858297177616,-31.30062916894367,100.3510017267821
-40.478639476077205,-40.478639476077205,-45.261753824947235,-31.356559075632195,100.3510017267821
-32.99720134879216,-32.99720134879216,-47.41696183814379,-32.50433698950096,100.3510017267821
-32.32313891251783,-32.32313891251783,-46.03328451318875,-32.803520131513636,100.3510017267821
-41.925803243096986,-41.925803243096986,-48.06615771833913,-33.52018103992686,100.3510017267821
-32.70155528642276,-32.70155528642276,-46.5356597640196,-33.18886156288115,100.3510017267821
-35.62033108377808,-35.62033108377808,-42.8802116666944,-33.11007766078029,100.3510017267821
-36.699254705567135,-36.699254705567135,-39.67044744603287,-32.13278303851166,100.3510017267821
-33.172611401613146,-33.172611401613146,-37.21545866466662,-33.062069991939545,100.3510017267821
-36.77503490581463,-36.77503490581463,-43.91187402972813,-33.91295802297335,100.3510017267821
-29.942681999914583,-29.942681999914583,-46.115904805909125,-35.34535098088659,100.3510017267821
-30.805859751504787,-30.805859751504787,-43.741335328529615,-35.10146638478384,100.3510017267821
-35.613433855662926,-35.613433855662926,-43.913864560468326,-35.33116860177807,100.3510017267821
-39.03184859251041,-39.03184859251041,-42.31097459680289,-36.4696336571166,100.3510017267821
-36.73908543228728,-36.73908543228728,-47.579404059790406,-37.868663915328405,100.3510017267821
-34.775601361294555,-34.775601361294555,-48.97931982682569,-37.97873184098854,100.3510017267821
-34.44431703607264,-34.44431703607264,-46.130813237529296,-35.55874195698618,100.3510017267821
-36.562292710650915,-36.562292710650915,-50.27830545755549,-35.93610213419367,100.3510017267821
-40.515952866879964,-40.515952866879964,-46.14721022180386,-35.96106977173236,100.3510017267821
-34.62517346079733,-34.62517346079733,-40.009811900865955,-35.98024801514299,100.3510017267821
-31.104089493703718,-31.104089493703718,-29.28714948851113,-34.9368873427017,100.3510017267821
-38.09744468330425,-38.09744468330425,-29.853892867532103,-35.356117171673056,100.3510017267821
-35.33310327249109,-35.33310327249109,-27.0061830728852,-35.44302932041576,100.3510017267821
-37.51000414089753,-37.51000414089753,-28.52300452430763,-35.54261763032921,100.3510017267821
-32.55626823813052,-32.55626823813052,-22.667060792347396,-34.89275911626558,100.3510017267821
-34.649845880042925,-34.649845880042925,-24.521904915854105,-35.376330950073196,100.3510017267821
-35.62183953057914,-35.62183953057914,-31.278403551284224,-35.52354185090207,100.3510017267821
-37.74764720727326,-37.74764720727326,-29.020583021009138,-35.05386876764922,100.3510017267821
-32.62031132162184,-32.62031132162184,-32.36066456863956,-35.696549036040174,100.3510017267821
-31.935824567365252,-31.935824567365252,-30.802988256852473,-34.323730165604545,100.3510017267821
-31.169653956844453,-31.169653956844453,-29.77457849804037,-32.982711319520746,100.3510017267821
-37.53711033955813,-37.53711033955813,-27.62141452218548,-32.88702874793216,100.3510017267821
-37.1144977659206,-37.1144977659206,-26.252632251396665,-32.15636185887817,100.3510017267821
-40.61306277043218,-40.61306277043218,-27.765098671494876,-32.06372224695189,100.3510017267821
-38.98527565350158,-38.98527565350158,-30.14297312352388,-31.712200331216557,100.3510017267821
-31.385464281634786,-31.385464281634786,-31.788351259140324,-32.47637060148733,100.3510017267821
-35.75581448511038,-35.75581448511038,-29.428452328182022,-33.55792938889368,100.3510017267821
-31.392718132787785,-31.392718132787785,-30.11398502629254,-33.93731124566684,100.3510017267821
-38.8168875818322,-38.8168875818322,-33.6261777129539,-34.80196763624801,100.3510017267821
-33.78359981209791,-33.78359981209791,-36.22156192088771,-35.98095581407905,100.3510017267821
-36.818460214774035,-36.818460214774035,-38.8355112275121,-35.60580046343007,100.3510017267821
-34.04327323484531,-34.04327323484531,-38.49625586866924,-36.99493048237274,100.3510017267821
-33.12825786971147,-33.12825786971147,-42.572956681050314,-37.43251968078886,100.3510017267821
-35.53850632630956,-35.53850632630956,-40.90063069095893,-37.10659859935062,100.3510017267821
-32.01078555235619,-32.01078555235619,-43.45671553923374,-38.38246224664691,100.3510017267821
-29.31301382778742,-29.31301382778742,-47.056258890327555,-39.776298931233455,100.3510017267821
-33.90001430093473,-33.90001430093473,-46.864279506464875,-39.31643205803096,100.3510017267821
-34.81284175154387,-34.81284175154387,-46.25637894078079,-39.06793997833417,100.3510017267821
-31.76419863505035,-31.76419863505035,-38.50213776047726,-37.570329785708246,100.3510017267821
-33.72765133846686,-33.72765133846686,-42.157655817203235,-38.620778385107506,100.3510017267821
-37.275120048677024,-37.275120048677024,-45.203068925366196,-37.84324258906779,100.3510017267821
-34.70574076776346,-34.70574076776346,-46.55625153120329,-37.25383002362395,100.3510017267821
-38.75813804238328,-38.75813804238328,-45.70693792478064,-37.09051489811623,100.3510017267821
-30.730778872181855,-30.730778872181855,-45.23526815500196,-36.94699532771326,100.3510017267821
-35.108864003357716,-35.108864003357716,-45.58517556483052,-37.88626581594519,100.3510017267821
-36.06579527003178,-36.06579527003178,-38.130694234878575,-38.09530582540525,100.3510017267821
-34.15341507758229,-34.15341507758229,-39.01001238998918,-38.54239220268992,100.3510017267821
-37.80806879499176,-37.80806879499176,-39.337742852597714,-39.00139905964713,100.3510017267821
-33.1992667375141,-33.1992667375141,-37.42200323639054,-37.61163870005303,100.3510017267821
-35.48247870905183,-35.48247870905183,-34.03941108241797,-36.64628579564547,100.3510017267821
-33.27018631234146,-33.27018631234146,-35.76951188233428,-35.77396400435282,100.3510017267821
-32.75328785597488,-32.75328785597488,-35.40247614048708,-35.586058186015435,100.3510017267821
-28.8458637943536,-28.8458637943536,-33.72908423442681,-35.05355883290792,100.3510017267821
-32.871783048529494,-32.871783048529494,-32.39543684972915,-34.963887778298506,100.3510017267821
-35.37492578298574,-35.37492578298574,-29.281858865925187,-34.22675677717214,100.3510017267821
-31.267587070951503,-31.267587070951503,-26.129555233418348,-33.52535290672378,100.3510017267821
-31.119130934861406,-31.119130934861406,-21.714447716492877,-33.659119098482634,100.3510017267821
-32.82223762367813,-32.82223762367813,-19.57984381931201,-32.86170673199844,100.3510017267821
-34.10678262778359,-34.10678262778359,-26.35902989123685,-33.65400263393962,100.3510017267821
-34.138751149702394,-34.138751149702394,-28.74988176004361,-34.394299767480994,100.3510017267821
-30.246411408533017,-30.246411408533017,-31.127474108128023,-36.1420289282762,100.3510017267821
-31.284516454522585,-31.284516454522585,-29.85947673274585,-35.58717495905819,100.3510017267821
-34.942817504562434,-34.942817504562434,-32.52725416205548,-36.15777305074198,100.3510017267821
-34.586886703230604,-34.586886703230604,-34.96640849581271,-36.25256857259953,100.3510017267821
-28.412640009999894,-28.412640009999894,-38.89347208129074,-37.472039034960815,100.3510017267821
-33.61055991286827,-33.61055991286827,-47.46785720402511,-38.114543364357985,100.3510017267821
-33.821541056428856,-33.821541056428856,-53.875218206742545,-38.1784820295743,100.3510017267821
-30.38032431998987,-30.38032431998987,-56.2818884221788,-38.31396781223237,100.3510017267821
-34.959478794694625,-34.959478794694625,-58.40926253239975,-38.86372222669166,100.3510017267821
-34.65774113806732,-34.65774113806732,-58.27644681075451,-39.8889914782614,100.3510017267821
-35.264728793117555,-35.264728793117555,-51.81573934218401,-40.55026109710493,100.3510017267821
-32.56226238307745,-32.56226238307745,-57.07537022782471,-41.47796610018603,100.3510017267821
-30.88829113473798,-30.88829113473798,-55.02427109701517,-41.912100819865685,100.3510017267821
-34.63441969346105,-34.63441969346105,-54.92089189314795,-41.68372721693014,100.3510017267821
-38.778859177748856,-38.778859177748856,-53.87898790987121,-42.21924199223028,100.3510017267821
-35.173093126455676,-35.173093126455676,-51.338275017818134,-42.024528116093535,100.3510017267821
-36.70654126572225,-36.70654126572225,-52.73834590202705,-42.84046074434331,100.3510017267821
-37.14269421023353,-37.14269421023353,-51.37182519967199,-42.565535846908254,100.3510017267821
-37.142134409030625,-37.142134409030625,-42.71505936094215,-40.68149855628931,100.3510017267821
-31.249668661584153,-31.249668661584153,-39.71450199843132,-40.58757949377012,100.3510017267821
-32.492824007097695,-32.492824007097695,-44.7887187842883,-41.74090260846017,100.3510017267821
-35.820988196819606,-35.820988196819606,-40.21079968322458,-41.8208748630971,100.3510017267821
-37.95899231814056,-37.95899231814056,-41.3635238245872,-41.67021424857305,100.3510017267821
-32.97736141893684,-32.97736141893684,-43.07869444921691,-42.119339968581734,100.3510017267821
-29.75058586328952,-29.75058586328952,-43.50441483197966,-42.22878185077947,100.3510017267821
-39.126004641951624,-39.126004641951624,-46.68082829509815,-41.94944199704767,100.3510017267821
-34.136969085313694,-34.136969085313694,-48.48943145570748,-43.16549113419183,100.3510017267821
-29.45554421934453,-29.45554421934453,-49.705505335893044,-43.25536112593072,100.3510017267821
-34.272935316130045,-34.272935316130045,-50.01321513923757,-42.98371403204137,100.3510017267821
-33.31578149618552,-33.31578149618552,-48.915497934044325,-41.93914791713835,100.3510017267821
-33.77547302653326,-33.77547302653326,-46.15377439286998,-41.93104370196092,100.3510017267821
-33.43317096771948,-33.43317096771948,-40.96819638886022,-40.703263834628494,100.3510017267821
-34.11944243616861,-34.11944243616861,-37.18765314298949,-39.96635729221482,100.3510017267821
-33.448664487379425,-33.448664487379425,-35.75995467579169,-40.22427727273968,100.3510017267821
-31.714395991291823,-31.714395991291823,-34.44853746733257,-40.00145423127988,100.3510017267821
-26.7517581365941,-26.7517581365941,-35.21299136650056,-41.36590142337206,100.3510017267821
-33.18624694222178,-33.18624694222178,-32.93643104459685,-41.95077486511336,100.3510017267821
-37.62530695627924,-37.62530695627924,-33.55946514776106,-42.09970558496339,100.3510017267821
-31.90740078143203,-31.90740078143203,-35.10695407606139,-42.52070419997553,100.3510017267821
-34.38414606734744,-34.38414606734744,-34.092080548412696,-41.94968181033729,100.3510017267821
-32.601802415199494,-32.601802415199494,-36.549688580379986,-42.08707904157006,100.3510017267821
-28.962495785084226,-28.962495785084226,-43.734301166259726,-42.369628839783026,100.3510017267821
-29.46826381093963,-29.46826381093963,-50.12957609230915,-43.246455663791295,100.3510017267821
-30.426225269803222,-30.426225269803222,-49.84393988114114,-43.713977879022075,100.3510017267821
-32.689468090649164,-32.689468090649164,-45.02925667392888,-43.150933792880615,100.3510017267821
-29.343837559678636,-29.343837559678636,-36.40007142114822,-43.42000466091804,100.3510017267821
-33.446816373092744,-33.446816373092744,-34.942369888521235,-44.59635929951903,100.3510017267821
-35.67338208876507,-35.67338208876507,-37.48192731740037,-45.68012228458106,100.3510017267821
-33.513127900569785,-33.513127900569785,-40.36601940728653,-45.32210210318547,100.3510017267821
-32.70582008643163,-32.70582008643163,-47.12202633683201,-45.62411072569496,100.3510017267821
-37.6699959595628,-37.6699959595628,-46.664601673923656,-45.194504554729185,100.3510017267821
-32.12546833071818,-32.12546833071818,-45.90829186169181,-45.57939186557221,100.3510017267821
-35.997613338356196,-35.997613338356196,-44.754592649348346,-45.69192336124986,100.3510017267821
-31.87869212489867,-31.87869212489867,-41.56209764402084,-45.03311570866371,100.3510017267821
-29.63000881589996,-29.63000881589996,-43.40713180407404,-44.05366573743728,100.3510017267821
-36.175647099578235,-36.175647099578235,-42.9365139984526,-42.51373601980354,100.3510017267821
-32.45654373282111,-32.45654373282111,-42.89334671665146,-42.39998500150082,100.3510017267821
-33.64080923674769,-33.64080923674769,-38.36666155940424,-42.097076912026154,100.3510017267821
-32.568243521760216,-32.568243521760216,-40.13259169118097,-41.66676793494172,100.3510017267821
-34.51749015439946,-34.51749015439946,-36.708304673902674,-41.31048229832461,100.3510017267821
-28.301499389797538,-28.301499389797538,-37.38701120881135,-42.30875892805465,100.3510017267821
-37.60401159068147,-37.60401159068147,-37.13899572428609,-41.59211696486449,100.3510017267821
-34.06640541262151,-34.06640541262151,-34.388696938505454,-41.564808529547925,100.3510017267821
-32.33333962349128,-32.33333962349128,-36.39951036107438,-41.328839402248995,100.3510017267821
-35.0944916785949,-35.0944916785949,-37.187313832800214,-40.71533092202307,100.3510017267821
-31.105586709338375,-31.105586709338375,-42.43159418008413,-40.732399852256734,100.3510017267821
-32.066999026457346,-32.066999026457346,-41.84226832888375,-40.22076948687216,100.3510017267821
-31.88472871346505,-31.88472871346505,-46.244463573066554,-41.07160458670505,100.3510017267821
-27.89758564295651,-27.89758564295651,-45.500681763039964,-42.22389241536128,100.3510017267821
-29.20788488823247,-29.20788488823247,-46.611388556438115,-42.68985960992595,100.3510017267821
-29.253365270399087,-29.253365270399087,-41.504932226673006,-41.6520016165316,100.3510017267821
-32.861521930456014,-32.861521930456014,-38.438477243208744,-41.237652476861314,100.3510017267821
-29.614464021219433,-29.614464021219433,-38.89204315021611,-41.070512394673706,100.3510017267821
-28.77153717489422,-28.77153717489422,-40.192999141133434,-40.7517003406323,100.3510017267821
-35.070288418713204,-35.070288418713204,-40.90872430859228,-40.1961928173456,100.3510017267821
-29.464091869830796,-29.464091869830796,-35.46172265377946,-38.488578723992994,100.3510017267821
-32.25503511235394,-32.25503511235394,-33.88541101235475,-37.29996539820161,100.3510017267821
-30.423050455761334,-30.423050455761334,-27.013053678191557,-36.53311425516476,100.3510017267821
-29.68495950281219,-29.68495950281219,-26.450847553544435,-37.51141889822266,100.3510017267821
-36.25117655870056,-36.25117655870056,-23.38643661382749,-37.5840473458826,100.3510017267821
-25.279576068108028,-25.279576068108028,-32.0372207962938,-38.82869089721636,100.3510017267821
-33.91594881927609,-33.91594881927609,-32.65785247559296,-39.575583694207864,100.3510017267821
-30.33365910973989,-30.33365910973989,-31.774376295384496,-39.987857025152714,100.3510017267821
-33.49709796683155,-33.49709796683155,-33.3175500112461,-40.263219407723184,100.3510017267821
-34.12994279893484,-34.12994279893484,-35.14217602182775,-40.33492052824463,100.3510017267821
-33.40004006058107,-33.40004006058107,-38.27905303048576,-39.10179105679003,100.3510017267821
-33.83981451662481,-33.83981451662481,-39.00287484188534,-38.5132541576593,100.3510017267821
-31.977795583349412,-31.977795583349412,-45.08351256257307,-38.83792373812716,100.3510017267821
-33.46646920962496,-33.46646920962496,-42.76794427604081,-39.04361693821854,100.3510017267821
-31.97774953304007,-31.97774953304007,-46.01080921887912,-39.967793079975884,100.3510017267821
-34.78660748895381,-34.78660748895381,-36.31927651271089,-38.78260848368254,100.3510017267821
-31.62279066766041,-31.62279066766041,-35.8734084981883,-38.00340516059357,100.3510017267821
-31.396552513920692,-31.396552513920692,-41.314689467916494,-38.22487970027418,100.3510017267821
-31.148884055367102,-31.148884055367102,-43.24466622747268,-38.94336467698949,100.3510017267821
-31.183725339798908,-31.183725339798908,-40.05786238341011,-39.340641670140876,100.3510017267821
-34.07204718399989,-34.07204718399989,-38.55090928386708,-39.53195862933379,100.3510017267821
-33.3877745382787,-33.3877745382787,-39.315240744369575,-39.387828328828974,100.3510017267821
-33.48116191964101,-33.48116191964101,-38.84434942483734,-39.11040815961454,100.3510017267821
-32.59556951609609,-32.59556951609609,-40.96522160125828,-39.16345737701289,100.3510017267821
-29.6263341416705,-29.6263341416705,-41.048340950751005,-38.75305600275968,100.3510017267821
-27.874418234005237,-27.874418234005237,-42.28076274266108,-37.90584069743002,100.3510017267821
-33.108520707485944,-33.108520707485944,-41.13124669891827,-37.047996128038875,100.3510017267821
-35.8214870095991,-35.8214870095991,-40.083587096231994,-37.290678589650916,100.3510017267821
-31.422890452759606,-31.422890452759606,-29.558420731626903,-36.542629294510704,100.3510017267821
-33.86787876332762,-33.86787876332762,-28.938851901140573,-36.44698568955418,100.3510017267821
-30.652264498917404,-30.652264498917404,-35.45817213149603,-38.03629025594249,100.3510017267821
-30.65248292755981,-30.65248292755981,-32.10805356486707,-37.230769698472095,100.3510017267821
-32.81668243067217,-32.81668243067217,-29.01577836114614,-37.24023151996293,100.3510017267821
-30.782259134302166,-30.782259134302166,-29.869950783215778,-37.11092919541985,100.3510017267821
-28.572731382945406,-28.572731382945406,-32.49146065782365,-37.909687199543875,100.3510017267821
-33.65511480130588,-33.65511480130588,-36.557007926737796,-37.73984004101532,100.3510017267821
-30.940441002367546,-30.940441002367546,-36.133654608215295,-36.84692790482471,100.3510017267821
-35.186631618189665,-35.186631618189665,-29.485848407446866,-36.31010888343919,100.3510017267821
-35.764458539468,-35.764458539468,-36.16256657504647,-36.495240537305115,100.3510017267821
-30.626063173464278,-30.626063173464278,-37.603703643040966,-36.53026365160233,100.3510017267821
-32.88883625946381,-32.88883625946381,-36.85780850285946,-36.92153312049756,100.3510017267821
-30.986120645114784,-30.986120645114784,-38.410264514575076,-36.544368935610365,100.3510017267821
-35.16505651898115,-35.16505651898115,-42.35581135007785,-36.46250107536519,100.3510017267821
-31.275226141283767,-31.275226141283767,-39.383673328624155,-35.887527508536685,100.3510017267821
-30.31480041756025,-30.31480041756025,-37.14076548715416,-36.015562585687086,100.3510017267821
-34.028205272678754,-34.028205272678754,-32.37596041001909,-35.914045677684534,100.3510017267821
-32.705118793281315,-32.705118793281315,-33.63438962538137,-35.88611038125924,100.3510017267821
-31.354490751751943,-31.354490751751943,-38.88397819578223,-36.30849589255242,100.3510017267821
-30.889795919191315,-30.889795919191315,-36.589613769824766,-35.774563463043386,100.3510017267821
-34.16461790516685,-34.16461790516685,-33.001510445390394,-34.94882087896195,100.3510017267821
-32.37409881025547,-32.37409881025547,-27.976840480619472,-35.42455668586556,100.3510017267821
-31.34273222007821,-31.34273222007821,-25.27832345782678,-34.82295142470477,100.3510017267821
-29.982895343957907,-29.982895343957907,-21.8435182688,-35.42859399348688,100.3510017267821
-32.023136999008514,-32.023136999008514,-30.464745224480776,-36.69030704272396,100.3510017267821
-25.30541292283736,-25.30541292283736,-27.675801738998313,-36.87343561072125,100.3510017267821
-32.762638336942025,-32.762638336942025,-32.93657572398881,-36.09391666322354,100.3510017267821
-29.072367062329157,-29.072367062329157,-36.22163226312582,-36.598866338765816,100.3510017267821
-34.54043648371527,-34.54043648371527,-31.676311780457763,-36.28888298956707,100.3510017267821
-30.900595539657814,-30.900595539657814,-30.464190246520843,-35.20389151009833,100.3510017267821
-32.804859583377414,-32.804859583377414,-34.802172615611866,-34.88082019771878,100.3510017267821
-34.58627723075745,-34.58627723075745,-34.36286246133665,-34.641318572035736,100.3510017267821
-31.760319051694097,-31.760319051694097,-39.31705046562061,-34.88578654945182,100.3510017267821
-29.89695419645881,-29.89695419645881,-38.126757426634114,-34.03724296629909,100.3510017267821
-34.369841945463854,-34.369841945463854,-32.13667272544577,-34.56405273260496,100.3510017267821
-32.15376657917027,-32.15376657917027,-32.63228814490172,-34.19773139592577,100.3510017267821
-36.72482402337355,-36.72482402337355,-33.43295289770622,-35.5166519402226,100.3510017267821
-27.692473812757385,-27.692473812757385,-29.513661806802208,-35.3269170004886,100.3510017267821
-29.19276681711522,-29.19276681711522,-31.01740888607473,-34.22942687319872,100.3510017267821
-34.47816789417004,-34.47816789417004,-34.93611683732092,-33.54218163206798,100.3510017267821
-33.60111107129631,-33.60111107129631,-32.01510381330148,-33.272268483697054,100.3510017267821
-31.050812462599165,-31.050812462599165,-34.063543772764746,-33.74384546981528,100.3510017267821
-30.39559183809027,-30.39559183809027,-28.419527491717083,-32.70664389892133,100.3510017267821
-31.089680195914596,-31.089680195914596,-33.01421386842627,-32.87121585501688,100.3510017267821
-35.560036980933106,-35.560036980933106,-32.03530739461197,-32.778069891275685,100.3510017267821
-31.945972080026387,-31.945972080026387,-31.601968457692596,-32.30845689731409,100.3510017267821
-33.19953947427894,-33.19953947427894,-26.43610147014212,-32.34771968571881,100.3510017267821
-23.742978137953873,-23.742978137953873,-22.24998231794861,-31.550664124294666,100.3510017267821
-36.00036194873346,-36.00036194873346,-20.65192660446853,-30.343094774846026,100.3510017267821
-30.331008251381053,-30.331008251381053,-23.52014644943439,-32.33452677562948,100.3510017267821
-30.978555384624936,-30.978555384624936,-26.431415665589043,-32.77078123658674,100.3510017267821
-33.877572424995606,-33.877572424995606,-21.207046294044325,-30.89362030232493,100.3510017267821
-28.95025583515178,-28.95025583515178,-18.898747410958432,-30.064782668139596,100.3510017267821
-32.10824770706006,-32.10824770706006,-13.790668834475264,-29.826193949682697,100.3510017267821
-29.603077152461584,-29.603077152461584,-11.275518896628387,-29.05918351395821,100.3510017267821
-29.09321166776561,-29.09321166776561,-16.83728010594863,-29.177620786939084,100.3510017267821
-27.849807882038927,-27.849807882038927,-23.182210592753723,-29.672760218921994,100.3510017267821
-31.83816602761406,-31.83816602761406,-27.781434284286803,-29.88022005950896,100.3510017267821
-35.325599457315114,-35.325599457315114,-31.337058192649742,-30.713336731886603,100.3510017267821
-29.403028858024705,-29.403028858024705,-29.900075571236027,-31.08202857486739,100.3510017267821
-32.324720021029606,-32.324720021029606,-29.28937960533595,-31.107916429045748,100.3510017267821
-30.044759718193777,-30.044759718193777,-35.02396144545056,-30.526850890843146,100.3510017267821
-31.543578827130542,-31.543578827130542,-42.58011442860042,-30.898752650944665,100.3510017267821
-38.523646983816086,-38.523646983816086,-47.22940182904503,-30.800912045476135,100.3510017267821
-30.614906223484073,-30.614906223484073,-45.91065139925384,-30.364579128084145,100.3510017267821
-34.15422086183938,-34.15422086183938,-39.10560882091563,-29.570589453691383,100.3510017267821
-33.41470319882599,-33.41470319882599,-34.074518884931294,-30.012471913904438,100.3510017267821
-30.80252898216447,-30.80252898216447,-30.038728637621933,-29.161087861957075,100.3510017267821
-35.213700590262114,-35.213700590262114,-23.035638704218748,-27.543668833573903,100.3510017267821
-30.018994557191707,-30.018994557191707,-20.725924649998596,-27.909290750902155,100.3510017267821
-33.721345399759215,-33.721345399759215,-17.895016358081303,-28.086617611583932,100.3510017267821
-33.53738743398561,-33.53738743398561,-16.762832198457566,-28.28404923441077,100.3510017267821
-30.999569478158406,-30.999569478158406,-13.179592031732227,-28.479006365725756,100.3510017267821
-34.36179598769451,-34.36179598769451,-8.282885288641381,-28.088785449444412,100.3510017267821
-38.84108121225243,-38.84108121225243,-16.59220863452078,-27.590071810092148,100.3510017267821
-41.33823908901737,-41.33823908901737,-16.708466031766743,-27.37712231224507,100.3510017267821
-35.607809456306704,-35.607809456306704,-21.602513593571604,-27.745659487820998,100.3510017267821
-29.3892086342011,-29.3892086342011,-29.388809385964947,-27.794523286524903,100.3510017267821
-29.830312600349792,-29.830312600349792,-32.358045699511656,-27.680015617384683,100.3510017267821
-31.109264679233526,-31.109264679233526,-31.818602065705967,-28.180173114739183,100.3510017267821
-36.060050856538226,-36.060050856538226,-33.81835341505529,-27.889853771472616,100.3510017267821
-33.841900577983345,-33.841900577983345,-31.05459197387072,-27.622395136917586,100.3510017267821
-30.814560596683755,-30.814560596683755,-31.624946920678106,-26.94058565673725,100.3510017267821
-30.40848085788897,-30.40848085788897,-38.21144892171608,-28.105723748460804,100.3510017267821
-32.23914665418639,-32.23914665418639,-30.16111238439681,-27.194959741882357,100.3510017267821
-32.02895029319568,-32.02895029319568,-30.95855940046216,-27.042376563357156,100.3510017267821
-29.570195582949804,-29.570195582949804,-28.984579247586954,-26.85598475779714,100.3510017267821
-37.10649663535208,-37.10649663535208,-28.172683298175592,-27.526327584799574,100.3510017267821
-30.77824787351707,-30.77824787351707,-36.45911838442055,-28.768357517053843,100.3510017267821
-31.19887442396017,-31.19887442396017,-36.26758207729669,-28.446466162734332,100.3510017267821
-34.187747387083306,-34.187747387083306,-38.83817852361331,-29.25446871353498,100.3510017267821
-30.201075136393136,-30.201075136393136,-41.22704856121284,-29.0550960946072,100.3510017267821
-27.26946246933992,-27.26946246933992,-42.14998880941018,-29.68667792027588,100.3510017267821
-31.692461616343778,-31.692461616343778,-36.43283415922285,-28.789447806620124,100.3510017267821
-32.678903479309,-32.678903479309,-38.04368399438312,-28.396635061836584,100.3510017267821
-31.1931470491592,-31.1931470491592,-42.56540671738876,-29.235064215296383,100.3510017267821
-33.19507045585583,-33.19507045585583,-42.017334985879344,-29.972231460944585,100.3510017267821
-32.32285380518702,-32.32285380518702,-37.06675969648667,-30.48968306050719,100.3510017267821
-29.176768966688837,-29.176768966688837,-34.63666304637445,-31.565304805435034,100.3510017267821
-29.147237731555098,-29.147237731555098,-37.34943575137228,-31.212324023121916,100.3510017267821
-32.00509930093902,-32.00509930093902,-35.75148660188487,-31.11848290079415,100.3510017267821
-28.08258534871049,-28.08258534871049,-34.2483940753163,-31.663365650861596,100.3510017267821
-31.38154798099845,-31.38154798099845,-38.131630926368146,-33.53325462335781,100.3510017267821
-32.33054741671514,-32.33054741671514,-35.73200280359945,-33.17771460044496,100.3510017267821
-29.862421642882765,-29.862421642882765,-36.23737429596456,-33.389006141703824,100.3510017267821
-35.82267876929669,-35.82267876929669,-33.447023122422664,-32.55701281859119,100.3510017267821
-33.14361334802023,-33.14361334802023,-34.58354004869398,-32.252497352132636,100.3510017267821
-32.867906629377465,-32.867906629377465,-37.70876980453976,-32.47515016455778,100.3510017267821
-32.77347709331758,-32.77347709331758,-35.06532623401328,-32.31095841370773,100.3510017267821
-33.71878637984945,-33.71878637984945,-32.00687865589068,-31.63368464005284,100.3510017267821
Average Episodic Reward,Average Episodic N-Reward,Avg Reward (last 10),Avg Reward (last 50),Best Reward
-59.17785125860937,-59.17785125860937,-90.0808140224961,-90.0808140224961,-90.0808140224961
-25.490671794528552,-25.490671794528552,-30.22826637500658,-31.30626025472827,100.3510017267821
-54.70431861003128,-54.70431861003128,-25.91803581248153,-25.91803581248153,38.24474239753304
-28.35368364420297,-28.35368364420297,-29.46385273832153,-30.55134390943579,100.3510017267821
-53.72322944895258,-53.72322944895258,-26.42610259510725,-26.42610259510725,38.24474239753304
-31.71382296515036,-31.71382296515036,-26.26553046092021,-30.270337829821774,100.3510017267821
-52.63345527460505,-52.63345527460505,-42.11939471270722,-42.11939471270722,38.24474239753304
-32.641104605664616,-32.641104605664616,-34.93403744855776,-30.718641724347503,100.3510017267821
-50.7286871598132,-50.7286871598132,-57.002252203784266,-57.002252203784266,38.24474239753304
-33.32897314683256,-33.32897314683256,-34.530647084924794,-31.113005278838013,100.3510017267821
-58.542102888074076,-58.542102888074076,-61.31338768941371,-61.31338768941371,38.24474239753304
-34.389762252331224,-34.389762252331224,-32.99202889129247,-31.33429683266656,100.3510017267821
-43.73810136352745,-43.73810136352745,-51.75845936903225,-51.75845936903225,38.24474239753304
-43.41902472232323,-43.41902472232323,-57.908825354853896,-57.908825354853896,38.24474239753304
-30.037973170513347,-30.037973170513347,-24.16886220481256,-30.271366016108885,100.3510017267821
-53.112381898927914,-53.112381898927914,-56.26243844092743,-56.26243844092743,38.24474239753304
-30.828461975408146,-30.828461975408146,-20.447159406669083,-30.556836318367214,100.3510017267821
-61.16506788618838,-61.16506788618838,-52.15628664660286,-52.15628664660286,38.24474239753304
-31.601939951805985,-31.601939951805985,-19.36130300554386,-31.576091273972757,100.3510017267821
-56.0359136409152,-56.0359136409152,-44.12017149487188,-48.298411724655914,38.24474239753304
-26.65349624683954,-26.65349624683954,-18.755085594073304,-31.239516828867785,100.3510017267821
-51.23204766721435,-51.23204766721435,-56.320786105272006,-51.2536610564736,38.24474239753304
-33.89350154049288,-33.89350154049288,-21.55129539772718,-32.037516062657446,100.3510017267821
-45.535347776483015,-45.535347776483015,-61.13393104402561,-53.12443217119831,38.24474239753304
-32.35854871063957,-32.35854871063957,-21.504846425082167,-31.499746754760714,100.3510017267821
-55.59969067115945,-55.59969067115945,-62.099732280045565,-56.39106440366319,38.24474239753304
-32.23334979290655,-32.23334979290655,-18.046920725527535,-31.243803568580834,100.3510017267821
-55.216823999192385,-55.216823999192385,-48.04242900483202,-51.029036737816114,38.24474239753304
-33.280931119364794,-33.280931119364794,-13.785446527278662,-31.819153972074954,100.3510017267821
-50.4233089601644,-50.4233089601644,-40.31124868225676,-48.18705080994062,38.24474239753304
-31.3610461122759,-31.3610461122759,-7.535925177929611,-29.301748587519775,100.3510017267821
-50.62749416289277,-50.62749416289277,-30.8332595649042,-39.449518307780465,100.3510017267821
-27.50814345269363,-27.50814345269363,-9.538496811482052,-29.90030298860962,100.3510017267821
-49.23300886583618,-49.23300886583618,-18.734462998545272,-36.145290712460216,100.3510017267821
-48.52830222902944,-48.52830222902944,-24.307862326347117,-39.44424048588517,100.3510017267821
-35.00508531001808,-35.00508531001808,-15.162910285238258,-28.98344535444222,100.3510017267821
-55.47986949305525,-55.47986949305525,-29.045844238507634,-40.60106544255525,100.3510017267821
-30.707229631514178,-30.707229631514178,-15.900919073305483,-27.85925825583532,100.3510017267821
-35.361066679470895,-35.361066679470895,-18.971036843909502,-28.89868950285233,100.3510017267821
-54.854256651095284,-54.854256651095284,-29.347084290864768,-39.27397008951727,100.3510017267821
-29.808221624201163,-29.808221624201163,-18.672314408644368,-28.610259297455467,100.3510017267821
-50.19539409331184,-50.19539409331184,-30.77703091291699,-41.946101900311504,100.3510017267821
-36.555277567981214,-36.555277567981214,-22.002796122766522,-29.674404604199694,100.3510017267821
-55.74186999944126,-55.74186999944126,-27.248259297960885,-41.873922226312466,100.3510017267821
-36.379335929834156,-36.379335929834156,-27.840461529225053,-30.856920665831577,100.3510017267821
-50.218860638776796,-50.218860638776796,-16.770049686147754,-39.88230827136508,100.3510017267821
-32.44593780115803,-32.44593780115803,-30.577887127709282,-31.034391609987075,100.3510017267821
-52.762093253697465,-52.762093253697465,-23.890610059472976,-40.17366606647885,100.3510017267821
-32.13102992195064,-32.13102992195064,-37.71276509005478,-31.7194172057427,100.3510017267821
-59.77485653864242,-59.77485653864242,-23.11480379904926,-38.54387888267471,100.3510017267821
-28.25219384526627,-28.25219384526627,-43.336260327268015,-31.936778176094016,100.3510017267821
-46.67853528091372,-46.67853528091372,-41.11024686799796,-40.064602959712865,100.3510017267821
-35.36452567435815,-35.36452567435815,-40.72892908092814,-31.854376924702816,100.3510017267821
-37.35333143755941,-37.35333143755941,-52.26353862127896,-41.90180782275262,100.3510017267821
-51.27191703530471,-51.27191703530471,-44.324219111177186,-41.12699173598586,100.3510017267821
-33.567315214473076,-33.567315214473076,-36.620419677831386,-30.510613440491106,100.3510017267821
-42.42402191080541,-42.42402191080541,-38.05571956120824,-39.75261681543957,100.3510017267821
-30.04052561034212,-30.04052561034212,-34.08302313721886,-29.041326223643974,100.3510017267821
-36.10579886472604,-36.10579886472604,-28.42630008144057,-27.29212584225633,100.3510017267821
-42.48180340133207,-42.48180340133207,-43.47222205663783,-40.62824491762068,100.3510017267821
-33.19709811873307,-33.19709811873307,-30.583873953247604,-27.473517672645645,100.3510017267821
-47.59124847401117,-47.59124847401117,-34.418982601555165,-39.59387711945014,100.3510017267821
-33.030696663655604,-33.030696663655604,-22.870980507362912,-26.48096500094961,100.3510017267821
-52.182855796259354,-52.182855796259354,-33.217131210746686,-39.25065222159556,100.3510017267821
-30.509948246579327,-30.509948246579327,-16.030757484202677,-25.817662450429548,100.3510017267821
-50.06881037298325,-50.06881037298325,-37.90977700274799,-39.30215201588947,100.3510017267821
-34.918417848079514,-34.918417848079514,-16.66296397097559,-25.93698664230016,100.3510017267821
-43.67894291360409,-43.67894291360409,-33.827740636621066,-38.36054451509091,100.3510017267821
-29.831424832625995,-29.831424832625995,-8.037241555469043,-26.04029868499194,100.3510017267821
-42.12201268395761,-42.12201268395761,-41.74357575464015,-39.43268356933177,100.3510017267821
-37.98503080386048,-37.98503080386048,-8.853752750609395,-26.09879192733927,100.3510017267821
-44.61687136098511,-44.61687136098511,-41.13714277531601,-40.354478585551554,100.3510017267821
-27.590754119482785,-27.590754119482785,-9.79287213302621,-25.299870007830304,100.3510017267821
-35.8914971357605,-35.8914971357605,-43.92144745740476,-42.43329193713476,100.3510017267821
-49.97866812971101,-49.97866812971101,-41.27091273861637,-41.163894557173165,100.3510017267821
-34.327309283383975,-34.327309283383975,-16.891067008838547,-25.48535984508295,100.3510017267821
-40.809556050101804,-40.809556050101804,-43.92786128156361,-40.79642793197059,100.3510017267821
-32.81543111238852,-32.81543111238852,-15.794993809983092,-24.786973046343256,100.3510017267821
-31.797254183953655,-31.797254183953655,-18.61043061467355,-24.086879355916153,100.3510017267821
-39.2347387574799,-39.2347387574799,-36.7200443173257,-39.67502525901215,100.3510017267821
-28.39309145116113,-28.39309145116113,-19.70336814840126,-23.94430415205144,100.3510017267821
-46.180533861423925,-46.180533861423925,-40.688383952819706,-39.85447398453814,100.3510017267821
-30.755566508333313,-30.755566508333313,-22.94390541544896,-23.919448763662427,100.3510017267821
-44.14888999628968,-44.14888999628968,-37.17984043513207,-38.76906808520871,100.3510017267821
-29.33645410569151,-29.33645410569151,-24.392938175073333,-23.84657127038095,100.3510017267821
-44.27503245187845,-44.27503245187845,-39.8516689092103,-39.42704221891693,100.3510017267821
-37.52380870132189,-37.52380870132189,-23.343934824533967,-22.979447421933315,100.3510017267821
-39.7940021637448,-39.7940021637448,-43.69360057534779,-39.54566808403689,100.3510017267821
-32.12845244995768,-32.12845244995768,-23.42129776160058,-23.578157676592163,100.3510017267821
-40.8314602261093,-40.8314602261093,-38.60557082314811,-39.2528764505962,100.3510017267821
-35.26720564238039,-35.26720564238039,-22.3112859830835,-23.313574264763066,100.3510017267821
-45.31766946951786,-45.31766946951786,-35.12911147982105,-39.24269835028974,100.3510017267821
-31.706401829242253,-31.706401829242253,-20.216596763838837,-22.65378473611354,100.3510017267821
-43.28603792249884,-43.28603792249884,-25.389520181935758,-38.88250615480164,100.3510017267821
-48.031934063252635,-48.031934063252635,-24.111695961204738,-37.68385402738369,100.3510017267821
-28.545533051594525,-28.545533051594525,-19.155528228090272,-22.399757480962204,100.3510017267821
-39.92150924521524,-39.92150924521524,-21.726719870809458,-36.982486319738356,100.3510017267821
-30.414885299317397,-30.414885299317397,-26.140730522483114,-22.47336518993193,100.3510017267821
-31.237895810412383,-31.237895810412383,-26.507451627123952,-22.375304434538283,100.3510017267821
-31.21613092688618,-31.21613092688618,-27.197254342362374,-36.17135530041252,100.3510017267821
-33.65281342371964,-33.65281342371964,-25.323510198647188,-22.607630460602746,100.3510017267821
-39.57273085405818,-39.57273085405818,-23.237727514814626,-37.088582217475704,100.3510017267821
-28.86032626195572,-28.86032626195572,-23.764285069405098,-22.626652502542132,100.3510017267821
-42.71244582078823,-42.71244582078823,-30.549981162113124,-37.865828629995676,100.3510017267821
-34.216179988800775,-34.216179988800775,-18.103586428189374,-21.574518008354527,100.3510017267821
-39.365789907668606,-39.365789907668606,-27.77343166183285,-36.88093190799689,100.3510017267821
-28.70760164445754,-28.70760164445754,-15.507064196846315,-20.82775416911854,100.3510017267821
-40.77626047215135,-40.77626047215135,-24.90769580175553,-34.872415215605876,100.3510017267821
-34.031779046059654,-34.031779046059654,-11.585900213267678,-18.90853022953415,100.3510017267821
-40.53307232876096,-40.53307232876096,-24.50852648175671,-33.656745108170206,100.3510017267821
-32.58445806762657,-32.58445806762657,-11.039863311243804,-18.615417510026866,100.3510017267821
-42.349379597126855,-42.349379597126855,-24.401620633243546,-34.522276264256554,100.3510017267821
-28.67610280900848,-28.67610280900848,-8.449512040860439,-17.745281366027132,100.3510017267821
-42.31152507654594,-42.31152507654594,-23.869425696212485,-32.83567899107545,100.3510017267821
-41.25701371427018,-41.25701371427018,-26.258138153985065,-32.0545656582661,100.3510017267821
-38.9581465477914,-38.9581465477914,-37.04779060440292,-33.96078711129838,100.3510017267821
-42.622448387983674,-42.622448387983674,-36.366248427316336,-34.6205706869014,100.3510017267821
-35.92095599418881,-35.92095599418881,-34.889506763503476,-32.802326349122,100.3510017267821
-38.402007697279856,-38.402007697279856,-26.828952505601414,-31.004832922310833,100.3510017267821
-40.86963395400403,-40.86963395400403,-25.24193738459302,-29.509372928906384,100.3510017267821
-36.922455396473566,-36.922455396473566,-30.018126903953195,-31.26755479543011,100.3510017267821
-41.38444047002889,-41.38444047002889,-37.73957880970526,-33.1424111336599,100.3510017267821
-44.9311771987901,-44.9311771987901,-35.29302396838223,-35.41422914495216,100.3510017267821
-36.117276029671665,-36.117276029671665,-38.174663592941265,-36.723719109954644,100.3510017267821
-34.55224887795164,-34.55224887795164,-43.7214697889582,-35.937287150788315,100.3510017267821
-37.653522534381814,-37.653522534381814,-36.32899219492777,-35.4174167025824,100.3510017267821
-37.66959261909722,-37.66959261909722,-38.97014251306681,-36.545182331341806,100.3510017267821
-40.33585883449164,-40.33585883449164,-49.528374928684926,-36.55259515227558,100.3510017267821
-32.31538088472066,-32.31538088472066,-54.54186425983303,-36.46355391468526,100.3510017267821
-35.37592434659826,-35.37592434659826,-56.60837899755553,-37.47703879118794,100.3510017267821
-37.61641355287719,-37.61641355287719,-49.68967642555176,-36.42736806864587,100.3510017267821
-57.94493104590228,-57.94493104590228,-42.31159003232797,-36.98176838031564,100.3510017267821
-43.34089986691905,-43.34089986691905,-49.80652248505034,-37.15348426836263,100.3510017267821
-48.980445276815004,-48.980445276815004,-48.969551175705575,-36.06492162083996,100.3510017267821
-47.146762223066474,-47.146762223066474,-47.34738060632905,-36.541919449818685,100.3510017267821
-45.81191067015463,-45.81191067015463,-58.61826220643847,-39.52992523162845,100.3510017267821
-45.12251510303412,-45.12251510303412,-55.704331490552235,-38.99160421812469,100.3510017267821
-57.151192382990104,-57.151192382990104,-54.03020434311115,-40.474839500586775,100.3510017267821
-51.9849337507708,-51.9849337507708,-59.906153377604525,-41.80135834805684,100.3510017267821
-44.62966697287229,-44.62966697287229,-57.82000044762062,-41.45908348016246,100.3510017267821
-46.831726392763166,-46.831726392763166,-70.4777645154608,-43.75737284441382,100.3510017267821
-51.063572115486316,-51.063572115486316,-75.76250470724061,-43.78555417083573,100.3510017267821
-50.8854823701333,-50.8854823701333,-78.6043804595583,-44.64693180521109,100.3510017267821
-45.747769061847094,-45.747769061847094,-72.66211173802249,-41.813054476963515,100.3510017267821
-41.97433774726066,-41.97433774726066,-72.3533060900692,-42.75839812010925,100.3510017267821
-46.33456658536639,-46.33456658536639,-64.50605456533455,-43.64556388838263,100.3510017267821
-44.92868468977861,-44.92868468977861,-63.8051876608886,-44.40863288683727,100.3510017267821
-42.39101581466446,-42.39101581466446,-56.517941179785645,-43.64075094597995,100.3510017267821
-43.11983687641149,-43.11983687641149,-56.64204906537543,-45.693800074105496,100.3510017267821
-46.5455205641144,-46.5455205641144,-54.86863909305534,-44.462477516931465,100.3510017267821
-41.21993405880235,-41.21993405880235,-42.81737177951619,-43.58212708524749,100.3510017267821
-37.261241970614485,-37.261241970614485,-36.311209861734575,-43.326681978553026,100.3510017267821
-41.03811029657932,-41.03811029657932,-34.28357454284553,-44.47782441781599,100.3510017267821
-35.64148811980481,-35.64148811980481,-38.117117379203044,-44.35857391641698,100.3510017267821
-47.38772874395788,-47.38772874395788,-41.281024106179224,-46.19226374910414,100.3510017267821
-40.28875621805892,-40.28875621805892,-35.54444115622241,-46.40910814546523,100.3510017267821
-36.31297172262322,-36.31297172262322,-45.73614264062625,-48.11641054649006,100.3510017267821
-41.85912290441544,-41.85912290441544,-45.74647109145648,-48.14249966130835,100.3510017267821
-44.83336875739203,-44.83336875739203,-38.79101452072447,-47.34200674582778,100.3510017267821
-38.364273795345184,-38.364273795345184,-40.65731010773679,-47.03925320611227,100.3510017267821
-39.65068143619302,-39.65068143619302,-43.92742425922887,-47.386072776742175,100.3510017267821
-35.831427574361236,-35.831427574361236,-48.72927675393602,-48.17083203298889,100.3510017267821
-36.6916639646695,-36.6916639646695,-36.689937899669815,-46.93548787110124,100.3510017267821
-34.84092186023955,-34.84092186023955,-45.654570866339924,-48.71560295044246,100.3510017267821
-40.92650273953111,-40.92650273953111,-42.51322564058019,-49.44328124642317,100.3510017267821
-39.70308125542423,-39.70308125542423,-47.57617061324558,-48.51478414723375,100.3510017267821
-39.94836477449527,-39.94836477449527,-40.67688373094411,-48.9785376072156,100.3510017267821
-34.58328308825092,-34.58328308825092,-48.373231973938566,-50.83924470339536,100.3510017267821
-31.76147239488799,-31.76147239488799,-45.129614920749,-51.0021392288573,100.3510017267821
-41.18909272464591,-41.18909272464591,-45.259065643545725,-51.042678857902814,100.3510017267821
-36.818706517482624,-36.818706517482624,-39.72469772510459,-49.32738694097245,100.3510017267821
-29.998493257593445,-29.998493257593445,-36.84322062254667,-47.991560395557165,100.3510017267821
-29.181170589644903,-29.181170589644903,-41.43793996114452,-48.16447106965369,100.3510017267821
-36.13528419504916,-36.13528419504916,-36.06330054512843,-48.29333034087989,100.3510017267821
-33.19577021129956,-33.19577021129956,-33.412679164372506,-47.38152312150603,100.3510017267821
-34.050901646023334,-34.050901646023334,-30.935221821938786,-47.43603007263595,100.3510017267821
-34.749306275439196,-34.749306275439196,-25.892295746194474,-46.36296825384114,100.3510017267821
-35.89063709884344,-35.89063709884344,-25.01679878277139,-45.93692947421265,100.3510017267821
-35.0745412849511,-35.0745412849511,-29.779706499082828,-46.04970767670725,100.3510017267821
-35.57258105330086,-35.57258105330086,-23.980406968788035,-44.51708445214931,100.3510017267821
-34.24452582845547,-34.24452582845547,-25.836989682782708,-44.55684959241864,100.3510017267821
-31.34879305690023,-31.34879305690023,-25.029968436288716,-44.53523607634932,100.3510017267821
-34.417203085379285,-34.417203085379285,-33.88749175649981,-44.98066492394359,100.3510017267821
-35.65863789027323,-35.65863789027323,-31.26170997914541,-44.751762101567856,100.3510017267821
-33.0709253838556,-33.0709253838556,-31.652211322839776,-44.24248926480817,100.3510017267821
-37.769807237800265,-37.769807237800265,-29.673361940017724,-41.647050019351816,100.3510017267821
-41.18081136155988,-41.18081136155988,-31.329467679435606,-41.48799549161781,100.3510017267821
-30.70420625065648,-30.70420625065648,-28.580638933086057,-40.84701639220762,100.3510017267821
-37.42890276298465,-37.42890276298465,-26.446879479696737,-39.357852897125696,100.3510017267821
-36.50270560907935,-36.50270560907935,-33.15808465824462,-39.58470129427411,100.3510017267821
-35.99512391246272,-35.99512391246272,-37.546584787661466,-37.970613646858766,100.3510017267821
-30.497868383698215,-30.497868383698215,-37.53390937043084,-36.88951700898736,100.3510017267821
-40.03184668199762,-40.03184668199762,-31.454404081704798,-35.550669648372896,100.3510017267821
-32.22280603503185,-32.22280603503185,-33.43174985373138,-36.90568972470964,100.3510017267821
-31.04158962025444,-31.04158962025444,-33.683268247100486,-36.50848169621443,100.3510017267821
-33.26476531294193,-33.26476531294193,-39.08557750454469,-36.562954607193845,100.3510017267821
-36.58484499969764,-36.58484499969764,-39.54545861394514,-36.636049682229114,100.3510017267821
-34.79459855940321,-34.79459855940321,-39.96685664088991,-37.53679948442848,100.3510017267821
-36.90303303566123,-36.90303303566123,-42.68596955908461,-36.566636995867526,100.3510017267821
-39.6623488092251,-39.6623488092251,-45.159575588381486,-37.642888593339336,100.3510017267821
-32.93473435541319,-32.93473435541319,-46.04576704876902,-38.61629270070933,100.3510017267821
-31.563507146512297,-31.563507146512297,-46.28815300206966,-38.88490563705438,100.3510017267821
-37.72633365459872,-37.72633365459872,-39.256514638224,-36.54525766744859,100.3510017267821
-37.336450644249446,-37.336450644249446,-35.69677263620444,-36.42162077610992,100.3510017267821
-46.37463840631659,-46.37463840631659,-38.09908471191473,-35.87209381736153,100.3510017267821
-36.15445826529244,-36.15445826529244,-27.93543367851516,-35.04115311165239,100.3510017267821
-35.73828862697458,-35.73828862697458,-25.7200655079655,-32.63283425569696,100.3510017267821
-33.64098880661516,-33.64098880661516,-17.956747196466395,-31.978854705430464,100.3510017267821
-32.911845854800134,-32.911845854800134,-16.192167571496906,-32.04686760602201,100.3510017267821
-37.02378314765733,-37.02378314765733,-15.686248928965302,-32.64867635758504,100.3510017267821
-36.23177668001381,-36.23177668001381,-10.10540596208199,-31.851889041279957,100.3510017267821
-32.97914941253998,-32.97914941253998,-10.556617241596914,-31.250373734586564,100.3510017267821
-34.81496170071352,-34.81496170071352,-18.071766160778434,-32.82162331967031,100.3510017267821
-31.244237651711902,-31.244237651711902,-20.60323527744417,-31.411353658330768,100.3510017267821
-33.93284170810508,-33.93284170810508,-24.66032701317612,-32.30151409188072,100.3510017267821
-35.1473899728375,-35.1473899728375,-28.95854296206101,-31.317627581415476,100.3510017267821
-32.50312823109198,-32.50312823109198,-34.015858297177616,-31.30062916894367,100.3510017267821
-40.478639476077205,-40.478639476077205,-45.261753824947235,-31.356559075632195,100.3510017267821
-32.99720134879216,-32.99720134879216,-47.41696183814379,-32.50433698950096,100.3510017267821
-32.32313891251783,-32.32313891251783,-46.03328451318875,-32.803520131513636,100.3510017267821
-41.925803243096986,-41.925803243096986,-48.06615771833913,-33.52018103992686,100.3510017267821
-32.70155528642276,-32.70155528642276,-46.5356597640196,-33.18886156288115,100.3510017267821
-35.62033108377808,-35.62033108377808,-42.8802116666944,-33.11007766078029,100.3510017267821
-36.699254705567135,-36.699254705567135,-39.67044744603287,-32.13278303851166,100.3510017267821
-33.172611401613146,-33.172611401613146,-37.21545866466662,-33.062069991939545,100.3510017267821
-36.77503490581463,-36.77503490581463,-43.91187402972813,-33.91295802297335,100.3510017267821
-29.942681999914583,-29.942681999914583,-46.115904805909125,-35.34535098088659,100.3510017267821
-30.805859751504787,-30.805859751504787,-43.741335328529615,-35.10146638478384,100.3510017267821
-35.613433855662926,-35.613433855662926,-43.913864560468326,-35.33116860177807,100.3510017267821
-39.03184859251041,-39.03184859251041,-42.31097459680289,-36.4696336571166,100.3510017267821
-36.73908543228728,-36.73908543228728,-47.579404059790406,-37.868663915328405,100.3510017267821
-34.775601361294555,-34.775601361294555,-48.97931982682569,-37.97873184098854,100.3510017267821
-34.44431703607264,-34.44431703607264,-46.130813237529296,-35.55874195698618,100.3510017267821
-36.562292710650915,-36.562292710650915,-50.27830545755549,-35.93610213419367,100.3510017267821
-40.515952866879964,-40.515952866879964,-46.14721022180386,-35.96106977173236,100.3510017267821
-34.62517346079733,-34.62517346079733,-40.009811900865955,-35.98024801514299,100.3510017267821
-31.104089493703718,-31.104089493703718,-29.28714948851113,-34.9368873427017,100.3510017267821
-38.09744468330425,-38.09744468330425,-29.853892867532103,-35.356117171673056,100.3510017267821
-35.33310327249109,-35.33310327249109,-27.0061830728852,-35.44302932041576,100.3510017267821
-37.51000414089753,-37.51000414089753,-28.52300452430763,-35.54261763032921,100.3510017267821
-32.55626823813052,-32.55626823813052,-22.667060792347396,-34.89275911626558,100.3510017267821
-34.649845880042925,-34.649845880042925,-24.521904915854105,-35.376330950073196,100.3510017267821
-35.62183953057914,-35.62183953057914,-31.278403551284224,-35.52354185090207,100.3510017267821
-37.74764720727326,-37.74764720727326,-29.020583021009138,-35.05386876764922,100.3510017267821
-32.62031132162184,-32.62031132162184,-32.36066456863956,-35.696549036040174,100.3510017267821
-31.935824567365252,-31.935824567365252,-30.802988256852473,-34.323730165604545,100.3510017267821
-31.169653956844453,-31.169653956844453,-29.77457849804037,-32.982711319520746,100.3510017267821
-37.53711033955813,-37.53711033955813,-27.62141452218548,-32.88702874793216,100.3510017267821
-37.1144977659206,-37.1144977659206,-26.252632251396665,-32.15636185887817,100.3510017267821
-40.61306277043218,-40.61306277043218,-27.765098671494876,-32.06372224695189,100.3510017267821
-38.98527565350158,-38.98527565350158,-30.14297312352388,-31.712200331216557,100.3510017267821
-31.385464281634786,-31.385464281634786,-31.788351259140324,-32.47637060148733,100.3510017267821
-35.75581448511038,-35.75581448511038,-29.428452328182022,-33.55792938889368,100.3510017267821
-31.392718132787785,-31.392718132787785,-30.11398502629254,-33.93731124566684,100.3510017267821
-38.8168875818322,-38.8168875818322,-33.6261777129539,-34.80196763624801,100.3510017267821
-33.78359981209791,-33.78359981209791,-36.22156192088771,-35.98095581407905,100.3510017267821
-36.818460214774035,-36.818460214774035,-38.8355112275121,-35.60580046343007,100.3510017267821
-34.04327323484531,-34.04327323484531,-38.49625586866924,-36.99493048237274,100.3510017267821
-33.12825786971147,-33.12825786971147,-42.572956681050314,-37.43251968078886,100.3510017267821
-35.53850632630956,-35.53850632630956,-40.90063069095893,-37.10659859935062,100.3510017267821
-32.01078555235619,-32.01078555235619,-43.45671553923374,-38.38246224664691,100.3510017267821
-29.31301382778742,-29.31301382778742,-47.056258890327555,-39.776298931233455,100.3510017267821
-33.90001430093473,-33.90001430093473,-46.864279506464875,-39.31643205803096,100.3510017267821
-34.81284175154387,-34.81284175154387,-46.25637894078079,-39.06793997833417,100.3510017267821
-31.76419863505035,-31.76419863505035,-38.50213776047726,-37.570329785708246,100.3510017267821
-33.72765133846686,-33.72765133846686,-42.157655817203235,-38.620778385107506,100.3510017267821
-37.275120048677024,-37.275120048677024,-45.203068925366196,-37.84324258906779,100.3510017267821
-34.70574076776346,-34.70574076776346,-46.55625153120329,-37.25383002362395,100.3510017267821
-38.75813804238328,-38.75813804238328,-45.70693792478064,-37.09051489811623,100.3510017267821
-30.730778872181855,-30.730778872181855,-45.23526815500196,-36.94699532771326,100.3510017267821
-35.108864003357716,-35.108864003357716,-45.58517556483052,-37.88626581594519,100.3510017267821
-36.06579527003178,-36.06579527003178,-38.130694234878575,-38.09530582540525,100.3510017267821
-34.15341507758229,-34.15341507758229,-39.01001238998918,-38.54239220268992,100.3510017267821
-37.80806879499176,-37.80806879499176,-39.337742852597714,-39.00139905964713,100.3510017267821
-33.1992667375141,-33.1992667375141,-37.42200323639054,-37.61163870005303,100.3510017267821
-35.48247870905183,-35.48247870905183,-34.03941108241797,-36.64628579564547,100.3510017267821
-33.27018631234146,-33.27018631234146,-35.76951188233428,-35.77396400435282,100.3510017267821
-32.75328785597488,-32.75328785597488,-35.40247614048708,-35.586058186015435,100.3510017267821
-28.8458637943536,-28.8458637943536,-33.72908423442681,-35.05355883290792,100.3510017267821
-32.871783048529494,-32.871783048529494,-32.39543684972915,-34.963887778298506,100.3510017267821
-35.37492578298574,-35.37492578298574,-29.281858865925187,-34.22675677717214,100.3510017267821
-31.267587070951503,-31.267587070951503,-26.129555233418348,-33.52535290672378,100.3510017267821
-31.119130934861406,-31.119130934861406,-21.714447716492877,-33.659119098482634,100.3510017267821
-32.82223762367813,-32.82223762367813,-19.57984381931201,-32.86170673199844,100.3510017267821
-34.10678262778359,-34.10678262778359,-26.35902989123685,-33.65400263393962,100.3510017267821
-34.138751149702394,-34.138751149702394,-28.74988176004361,-34.394299767480994,100.3510017267821
-30.246411408533017,-30.246411408533017,-31.127474108128023,-36.1420289282762,100.3510017267821
-31.284516454522585,-31.284516454522585,-29.85947673274585,-35.58717495905819,100.3510017267821
-34.942817504562434,-34.942817504562434,-32.52725416205548,-36.15777305074198,100.3510017267821
-34.586886703230604,-34.586886703230604,-34.96640849581271,-36.25256857259953,100.3510017267821
-28.412640009999894,-28.412640009999894,-38.89347208129074,-37.472039034960815,100.3510017267821
-33.61055991286827,-33.61055991286827,-47.46785720402511,-38.114543364357985,100.3510017267821
-33.821541056428856,-33.821541056428856,-53.875218206742545,-38.1784820295743,100.3510017267821
-30.38032431998987,-30.38032431998987,-56.2818884221788,-38.31396781223237,100.3510017267821
-34.959478794694625,-34.959478794694625,-58.40926253239975,-38.86372222669166,100.3510017267821
-34.65774113806732,-34.65774113806732,-58.27644681075451,-39.8889914782614,100.3510017267821
-35.264728793117555,-35.264728793117555,-51.81573934218401,-40.55026109710493,100.3510017267821
-32.56226238307745,-32.56226238307745,-57.07537022782471,-41.47796610018603,100.3510017267821
-30.88829113473798,-30.88829113473798,-55.02427109701517,-41.912100819865685,100.3510017267821
-34.63441969346105,-34.63441969346105,-54.92089189314795,-41.68372721693014,100.3510017267821
-38.778859177748856,-38.778859177748856,-53.87898790987121,-42.21924199223028,100.3510017267821
-35.173093126455676,-35.173093126455676,-51.338275017818134,-42.024528116093535,100.3510017267821
-36.70654126572225,-36.70654126572225,-52.73834590202705,-42.84046074434331,100.3510017267821
-37.14269421023353,-37.14269421023353,-51.37182519967199,-42.565535846908254,100.3510017267821
-37.142134409030625,-37.142134409030625,-42.71505936094215,-40.68149855628931,100.3510017267821
-31.249668661584153,-31.249668661584153,-39.71450199843132,-40.58757949377012,100.3510017267821
-32.492824007097695,-32.492824007097695,-44.7887187842883,-41.74090260846017,100.3510017267821
-35.820988196819606,-35.820988196819606,-40.21079968322458,-41.8208748630971,100.3510017267821
-37.95899231814056,-37.95899231814056,-41.3635238245872,-41.67021424857305,100.3510017267821
-32.97736141893684,-32.97736141893684,-43.07869444921691,-42.119339968581734,100.3510017267821
-29.75058586328952,-29.75058586328952,-43.50441483197966,-42.22878185077947,100.3510017267821
-39.126004641951624,-39.126004641951624,-46.68082829509815,-41.94944199704767,100.3510017267821
-34.136969085313694,-34.136969085313694,-48.48943145570748,-43.16549113419183,100.3510017267821
-29.45554421934453,-29.45554421934453,-49.705505335893044,-43.25536112593072,100.3510017267821
-34.272935316130045,-34.272935316130045,-50.01321513923757,-42.98371403204137,100.3510017267821
-33.31578149618552,-33.31578149618552,-48.915497934044325,-41.93914791713835,100.3510017267821
-33.77547302653326,-33.77547302653326,-46.15377439286998,-41.93104370196092,100.3510017267821
-33.43317096771948,-33.43317096771948,-40.96819638886022,-40.703263834628494,100.3510017267821
-34.11944243616861,-34.11944243616861,-37.18765314298949,-39.96635729221482,100.3510017267821
-33.448664487379425,-33.448664487379425,-35.75995467579169,-40.22427727273968,100.3510017267821
-31.714395991291823,-31.714395991291823,-34.44853746733257,-40.00145423127988,100.3510017267821
-26.7517581365941,-26.7517581365941,-35.21299136650056,-41.36590142337206,100.3510017267821
-33.18624694222178,-33.18624694222178,-32.93643104459685,-41.95077486511336,100.3510017267821
-37.62530695627924,-37.62530695627924,-33.55946514776106,-42.09970558496339,100.3510017267821
-31.90740078143203,-31.90740078143203,-35.10695407606139,-42.52070419997553,100.3510017267821
-34.38414606734744,-34.38414606734744,-34.092080548412696,-41.94968181033729,100.3510017267821
-32.601802415199494,-32.601802415199494,-36.549688580379986,-42.08707904157006,100.3510017267821
-28.962495785084226,-28.962495785084226,-43.734301166259726,-42.369628839783026,100.3510017267821
-29.46826381093963,-29.46826381093963,-50.12957609230915,-43.246455663791295,100.3510017267821
-30.426225269803222,-30.426225269803222,-49.84393988114114,-43.713977879022075,100.3510017267821
-32.689468090649164,-32.689468090649164,-45.02925667392888,-43.150933792880615,100.3510017267821
-29.343837559678636,-29.343837559678636,-36.40007142114822,-43.42000466091804,100.3510017267821
-33.446816373092744,-33.446816373092744,-34.942369888521235,-44.59635929951903,100.3510017267821
-35.67338208876507,-35.67338208876507,-37.48192731740037,-45.68012228458106,100.3510017267821
-33.513127900569785,-33.513127900569785,-40.36601940728653,-45.32210210318547,100.3510017267821
-32.70582008643163,-32.70582008643163,-47.12202633683201,-45.62411072569496,100.3510017267821
-37.6699959595628,-37.6699959595628,-46.664601673923656,-45.194504554729185,100.3510017267821
-32.12546833071818,-32.12546833071818,-45.90829186169181,-45.57939186557221,100.3510017267821
-35.997613338356196,-35.997613338356196,-44.754592649348346,-45.69192336124986,100.3510017267821
-31.87869212489867,-31.87869212489867,-41.56209764402084,-45.03311570866371,100.3510017267821
-29.63000881589996,-29.63000881589996,-43.40713180407404,-44.05366573743728,100.3510017267821
-36.175647099578235,-36.175647099578235,-42.9365139984526,-42.51373601980354,100.3510017267821
-32.45654373282111,-32.45654373282111,-42.89334671665146,-42.39998500150082,100.3510017267821
-33.64080923674769,-33.64080923674769,-38.36666155940424,-42.097076912026154,100.3510017267821
-32.568243521760216,-32.568243521760216,-40.13259169118097,-41.66676793494172,100.3510017267821
-34.51749015439946,-34.51749015439946,-36.708304673902674,-41.31048229832461,100.3510017267821
-28.301499389797538,-28.301499389797538,-37.38701120881135,-42.30875892805465,100.3510017267821
-37.60401159068147,-37.60401159068147,-37.13899572428609,-41.59211696486449,100.3510017267821
-34.06640541262151,-34.06640541262151,-34.388696938505454,-41.564808529547925,100.3510017267821
-32.33333962349128,-32.33333962349128,-36.39951036107438,-41.328839402248995,100.3510017267821
-35.0944916785949,-35.0944916785949,-37.187313832800214,-40.71533092202307,100.3510017267821
-31.105586709338375,-31.105586709338375,-42.43159418008413,-40.732399852256734,100.3510017267821
-32.066999026457346,-32.066999026457346,-41.84226832888375,-40.22076948687216,100.3510017267821
-31.88472871346505,-31.88472871346505,-46.244463573066554,-41.07160458670505,100.3510017267821
-27.89758564295651,-27.89758564295651,-45.500681763039964,-42.22389241536128,100.3510017267821
-29.20788488823247,-29.20788488823247,-46.611388556438115,-42.68985960992595,100.3510017267821
-29.253365270399087,-29.253365270399087,-41.504932226673006,-41.6520016165316,100.3510017267821
-32.861521930456014,-32.861521930456014,-38.438477243208744,-41.237652476861314,100.3510017267821
-29.614464021219433,-29.614464021219433,-38.89204315021611,-41.070512394673706,100.3510017267821
-28.77153717489422,-28.77153717489422,-40.192999141133434,-40.7517003406323,100.3510017267821
-35.070288418713204,-35.070288418713204,-40.90872430859228,-40.1961928173456,100.3510017267821
-29.464091869830796,-29.464091869830796,-35.46172265377946,-38.488578723992994,100.3510017267821
-32.25503511235394,-32.25503511235394,-33.88541101235475,-37.29996539820161,100.3510017267821
-30.423050455761334,-30.423050455761334,-27.013053678191557,-36.53311425516476,100.3510017267821
-29.68495950281219,-29.68495950281219,-26.450847553544435,-37.51141889822266,100.3510017267821
-36.25117655870056,-36.25117655870056,-23.38643661382749,-37.5840473458826,100.3510017267821
-25.279576068108028,-25.279576068108028,-32.0372207962938,-38.82869089721636,100.3510017267821
-33.91594881927609,-33.91594881927609,-32.65785247559296,-39.575583694207864,100.3510017267821
-30.33365910973989,-30.33365910973989,-31.774376295384496,-39.987857025152714,100.3510017267821
-33.49709796683155,-33.49709796683155,-33.3175500112461,-40.263219407723184,100.3510017267821
-34.12994279893484,-34.12994279893484,-35.14217602182775,-40.33492052824463,100.3510017267821
-33.40004006058107,-33.40004006058107,-38.27905303048576,-39.10179105679003,100.3510017267821
-33.83981451662481,-33.83981451662481,-39.00287484188534,-38.5132541576593,100.3510017267821
-31.977795583349412,-31.977795583349412,-45.08351256257307,-38.83792373812716,100.3510017267821
-33.46646920962496,-33.46646920962496,-42.76794427604081,-39.04361693821854,100.3510017267821
-31.97774953304007,-31.97774953304007,-46.01080921887912,-39.967793079975884,100.3510017267821
-34.78660748895381,-34.78660748895381,-36.31927651271089,-38.78260848368254,100.3510017267821
-31.62279066766041,-31.62279066766041,-35.8734084981883,-38.00340516059357,100.3510017267821
-31.396552513920692,-31.396552513920692,-41.314689467916494,-38.22487970027418,100.3510017267821
-31.148884055367102,-31.148884055367102,-43.24466622747268,-38.94336467698949,100.3510017267821
-31.183725339798908,-31.183725339798908,-40.05786238341011,-39.340641670140876,100.3510017267821
-34.07204718399989,-34.07204718399989,-38.55090928386708,-39.53195862933379,100.3510017267821
-33.3877745382787,-33.3877745382787,-39.315240744369575,-39.387828328828974,100.3510017267821
-33.48116191964101,-33.48116191964101,-38.84434942483734,-39.11040815961454,100.3510017267821
-32.59556951609609,-32.59556951609609,-40.96522160125828,-39.16345737701289,100.3510017267821
-29.6263341416705,-29.6263341416705,-41.048340950751005,-38.75305600275968,100.3510017267821
-27.874418234005237,-27.874418234005237,-42.28076274266108,-37.90584069743002,100.3510017267821
-33.108520707485944,-33.108520707485944,-41.13124669891827,-37.047996128038875,100.3510017267821
-35.8214870095991,-35.8214870095991,-40.083587096231994,-37.290678589650916,100.3510017267821
-31.422890452759606,-31.422890452759606,-29.558420731626903,-36.542629294510704,100.3510017267821
-33.86787876332762,-33.86787876332762,-28.938851901140573,-36.44698568955418,100.3510017267821
-30.652264498917404,-30.652264498917404,-35.45817213149603,-38.03629025594249,100.3510017267821
-30.65248292755981,-30.65248292755981,-32.10805356486707,-37.230769698472095,100.3510017267821
-32.81668243067217,-32.81668243067217,-29.01577836114614,-37.24023151996293,100.3510017267821
-30.782259134302166,-30.782259134302166,-29.869950783215778,-37.11092919541985,100.3510017267821
-28.572731382945406,-28.572731382945406,-32.49146065782365,-37.909687199543875,100.3510017267821
-33.65511480130588,-33.65511480130588,-36.557007926737796,-37.73984004101532,100.3510017267821
-30.940441002367546,-30.940441002367546,-36.133654608215295,-36.84692790482471,100.3510017267821
-35.186631618189665,-35.186631618189665,-29.485848407446866,-36.31010888343919,100.3510017267821
-35.764458539468,-35.764458539468,-36.16256657504647,-36.495240537305115,100.3510017267821
-30.626063173464278,-30.626063173464278,-37.603703643040966,-36.53026365160233,100.3510017267821
-32.88883625946381,-32.88883625946381,-36.85780850285946,-36.92153312049756,100.3510017267821
-30.986120645114784,-30.986120645114784,-38.410264514575076,-36.544368935610365,100.3510017267821
-35.16505651898115,-35.16505651898115,-42.35581135007785,-36.46250107536519,100.3510017267821
-31.275226141283767,-31.275226141283767,-39.383673328624155,-35.887527508536685,100.3510017267821
-30.31480041756025,-30.31480041756025,-37.14076548715416,-36.015562585687086,100.3510017267821
-34.028205272678754,-34.028205272678754,-32.37596041001909,-35.914045677684534,100.3510017267821
-32.705118793281315,-32.705118793281315,-33.63438962538137,-35.88611038125924,100.3510017267821
-31.354490751751943,-31.354490751751943,-38.88397819578223,-36.30849589255242,100.3510017267821
-30.889795919191315,-30.889795919191315,-36.589613769824766,-35.774563463043386,100.3510017267821
-34.16461790516685,-34.16461790516685,-33.001510445390394,-34.94882087896195,100.3510017267821
-32.37409881025547,-32.37409881025547,-27.976840480619472,-35.42455668586556,100.3510017267821
-31.34273222007821,-31.34273222007821,-25.27832345782678,-34.82295142470477,100.3510017267821
-29.982895343957907,-29.982895343957907,-21.8435182688,-35.42859399348688,100.3510017267821
-32.023136999008514,-32.023136999008514,-30.464745224480776,-36.69030704272396,100.3510017267821
-25.30541292283736,-25.30541292283736,-27.675801738998313,-36.87343561072125,100.3510017267821
-32.762638336942025,-32.762638336942025,-32.93657572398881,-36.09391666322354,100.3510017267821
-29.072367062329157,-29.072367062329157,-36.22163226312582,-36.598866338765816,100.3510017267821
-34.54043648371527,-34.54043648371527,-31.676311780457763,-36.28888298956707,100.3510017267821
-30.900595539657814,-30.900595539657814,-30.464190246520843,-35.20389151009833,100.3510017267821
-32.804859583377414,-32.804859583377414,-34.802172615611866,-34.88082019771878,100.3510017267821
-34.58627723075745,-34.58627723075745,-34.36286246133665,-34.641318572035736,100.3510017267821
-31.760319051694097,-31.760319051694097,-39.31705046562061,-34.88578654945182,100.3510017267821
-29.89695419645881,-29.89695419645881,-38.126757426634114,-34.03724296629909,100.3510017267821
-34.369841945463854,-34.369841945463854,-32.13667272544577,-34.56405273260496,100.3510017267821
-32.15376657917027,-32.15376657917027,-32.63228814490172,-34.19773139592577,100.3510017267821
-36.72482402337355,-36.72482402337355,-33.43295289770622,-35.5166519402226,100.3510017267821
-27.692473812757385,-27.692473812757385,-29.513661806802208,-35.3269170004886,100.3510017267821
-29.19276681711522,-29.19276681711522,-31.01740888607473,-34.22942687319872,100.3510017267821
-34.47816789417004,-34.47816789417004,-34.93611683732092,-33.54218163206798,100.3510017267821
-33.60111107129631,-33.60111107129631,-32.01510381330148,-33.272268483697054,100.3510017267821
-31.050812462599165,-31.050812462599165,-34.063543772764746,-33.74384546981528,100.3510017267821
-30.39559183809027,-30.39559183809027,-28.419527491717083,-32.70664389892133,100.3510017267821
-31.089680195914596,-31.089680195914596,-33.01421386842627,-32.87121585501688,100.3510017267821
-35.560036980933106,-35.560036980933106,-32.03530739461197,-32.778069891275685,100.3510017267821
-31.945972080026387,-31.945972080026387,-31.601968457692596,-32.30845689731409,100.3510017267821
-33.19953947427894,-33.19953947427894,-26.43610147014212,-32.34771968571881,100.3510017267821
-23.742978137953873,-23.742978137953873,-22.24998231794861,-31.550664124294666,100.3510017267821
-36.00036194873346,-36.00036194873346,-20.65192660446853,-30.343094774846026,100.3510017267821
-30.331008251381053,-30.331008251381053,-23.52014644943439,-32.33452677562948,100.3510017267821
-30.978555384624936,-30.978555384624936,-26.431415665589043,-32.77078123658674,100.3510017267821
-33.877572424995606,-33.877572424995606,-21.207046294044325,-30.89362030232493,100.3510017267821
-28.95025583515178,-28.95025583515178,-18.898747410958432,-30.064782668139596,100.3510017267821
-32.10824770706006,-32.10824770706006,-13.790668834475264,-29.826193949682697,100.3510017267821
-29.603077152461584,-29.603077152461584,-11.275518896628387,-29.05918351395821,100.3510017267821
-29.09321166776561,-29.09321166776561,-16.83728010594863,-29.177620786939084,100.3510017267821
-27.849807882038927,-27.849807882038927,-23.182210592753723,-29.672760218921994,100.3510017267821
-31.83816602761406,-31.83816602761406,-27.781434284286803,-29.88022005950896,100.3510017267821
-35.325599457315114,-35.325599457315114,-31.337058192649742,-30.713336731886603,100.3510017267821
-29.403028858024705,-29.403028858024705,-29.900075571236027,-31.08202857486739,100.3510017267821
-32.324720021029606,-32.324720021029606,-29.28937960533595,-31.107916429045748,100.3510017267821
-30.044759718193777,-30.044759718193777,-35.02396144545056,-30.526850890843146,100.3510017267821
-31.543578827130542,-31.543578827130542,-42.58011442860042,-30.898752650944665,100.3510017267821
-38.523646983816086,-38.523646983816086,-47.22940182904503,-30.800912045476135,100.3510017267821
-30.614906223484073,-30.614906223484073,-45.91065139925384,-30.364579128084145,100.3510017267821
-34.15422086183938,-34.15422086183938,-39.10560882091563,-29.570589453691383,100.3510017267821
-33.41470319882599,-33.41470319882599,-34.074518884931294,-30.012471913904438,100.3510017267821
-30.80252898216447,-30.80252898216447,-30.038728637621933,-29.161087861957075,100.3510017267821
-35.213700590262114,-35.213700590262114,-23.035638704218748,-27.543668833573903,100.3510017267821
-30.018994557191707,-30.018994557191707,-20.725924649998596,-27.909290750902155,100.3510017267821
-33.721345399759215,-33.721345399759215,-17.895016358081303,-28.086617611583932,100.3510017267821
-33.53738743398561,-33.53738743398561,-16.762832198457566,-28.28404923441077,100.3510017267821
-30.999569478158406,-30.999569478158406,-13.179592031732227,-28.479006365725756,100.3510017267821
-34.36179598769451,-34.36179598769451,-8.282885288641381,-28.088785449444412,100.3510017267821
-38.84108121225243,-38.84108121225243,-16.59220863452078,-27.590071810092148,100.3510017267821
-41.33823908901737,-41.33823908901737,-16.708466031766743,-27.37712231224507,100.3510017267821
-35.607809456306704,-35.607809456306704,-21.602513593571604,-27.745659487820998,100.3510017267821
-29.3892086342011,-29.3892086342011,-29.388809385964947,-27.794523286524903,100.3510017267821
-29.830312600349792,-29.830312600349792,-32.358045699511656,-27.680015617384683,100.3510017267821
-31.109264679233526,-31.109264679233526,-31.818602065705967,-28.180173114739183,100.3510017267821
-36.060050856538226,-36.060050856538226,-33.81835341505529,-27.889853771472616,100.3510017267821
-33.841900577983345,-33.841900577983345,-31.05459197387072,-27.622395136917586,100.3510017267821
-30.814560596683755,-30.814560596683755,-31.624946920678106,-26.94058565673725,100.3510017267821
-30.40848085788897,-30.40848085788897,-38.21144892171608,-28.105723748460804,100.3510017267821
-32.23914665418639,-32.23914665418639,-30.16111238439681,-27.194959741882357,100.3510017267821
-32.02895029319568,-32.02895029319568,-30.95855940046216,-27.042376563357156,100.3510017267821
-29.570195582949804,-29.570195582949804,-28.984579247586954,-26.85598475779714,100.3510017267821
-37.10649663535208,-37.10649663535208,-28.172683298175592,-27.526327584799574,100.3510017267821
-30.77824787351707,-30.77824787351707,-36.45911838442055,-28.768357517053843,100.3510017267821
-31.19887442396017,-31.19887442396017,-36.26758207729669,-28.446466162734332,100.3510017267821
-34.187747387083306,-34.187747387083306,-38.83817852361331,-29.25446871353498,100.3510017267821
-30.201075136393136,-30.201075136393136,-41.22704856121284,-29.0550960946072,100.3510017267821
-27.26946246933992,-27.26946246933992,-42.14998880941018,-29.68667792027588,100.3510017267821
-31.692461616343778,-31.692461616343778,-36.43283415922285,-28.789447806620124,100.3510017267821
-32.678903479309,-32.678903479309,-38.04368399438312,-28.396635061836584,100.3510017267821
-31.1931470491592,-31.1931470491592,-42.56540671738876,-29.235064215296383,100.3510017267821
-33.19507045585583,-33.19507045585583,-42.017334985879344,-29.972231460944585,100.3510017267821
-32.32285380518702,-32.32285380518702,-37.06675969648667,-30.48968306050719,100.3510017267821
-29.176768966688837,-29.176768966688837,-34.63666304637445,-31.565304805435034,100.3510017267821
-29.147237731555098,-29.147237731555098,-37.34943575137228,-31.212324023121916,100.3510017267821
-32.00509930093902,-32.00509930093902,-35.75148660188487,-31.11848290079415,100.3510017267821
-28.08258534871049,-28.08258534871049,-34.2483940753163,-31.663365650861596,100.3510017267821
-31.38154798099845,-31.38154798099845,-38.131630926368146,-33.53325462335781,100.3510017267821
-32.33054741671514,-32.33054741671514,-35.73200280359945,-33.17771460044496,100.3510017267821
-29.862421642882765,-29.862421642882765,-36.23737429596456,-33.389006141703824,100.3510017267821
-35.82267876929669,-35.82267876929669,-33.447023122422664,-32.55701281859119,100.3510017267821
-33.14361334802023,-33.14361334802023,-34.58354004869398,-32.252497352132636,100.3510017267821
-32.867906629377465,-32.867906629377465,-37.70876980453976,-32.47515016455778,100.3510017267821
-32.77347709331758,-32.77347709331758,-35.06532623401328,-32.31095841370773,100.3510017267821
-33.71878637984945,-33.71878637984945,-32.00687865589068,-31.63368464005284,100.3510017267821
-25.490671794528552,-25.490671794528552,-30.22826637500658,-31.30626025472827,100.3510017267821
-28.35368364420297,-28.35368364420297,-29.46385273832153,-30.55134390943579,100.3510017267821
-31.71382296515036,-31.71382296515036,-26.26553046092021,-30.270337829821774,100.3510017267821
-32.641104605664616,-32.641104605664616,-34.93403744855776,-30.718641724347503,100.3510017267821
-33.32897314683256,-33.32897314683256,-34.530647084924794,-31.113005278838013,100.3510017267821
-34.389762252331224,-34.389762252331224,-32.99202889129247,-31.33429683266656,100.3510017267821
-30.037973170513347,-30.037973170513347,-24.16886220481256,-30.271366016108885,100.3510017267821
-30.828461975408146,-30.828461975408146,-20.447159406669083,-30.556836318367214,100.3510017267821
-31.601939951805985,-31.601939951805985,-19.36130300554386,-31.576091273972757,100.3510017267821
-26.65349624683954,-26.65349624683954,-18.755085594073304,-31.239516828867785,100.3510017267821
-33.89350154049288,-33.89350154049288,-21.55129539772718,-32.037516062657446,100.3510017267821
-32.35854871063957,-32.35854871063957,-21.504846425082167,-31.499746754760714,100.3510017267821
-32.23334979290655,-32.23334979290655,-18.046920725527535,-31.243803568580834,100.3510017267821
-33.280931119364794,-33.280931119364794,-13.785446527278662,-31.819153972074954,100.3510017267821
-31.3610461122759,-31.3610461122759,-7.535925177929611,-29.301748587519775,100.3510017267821
-27.50814345269363,-27.50814345269363,-9.538496811482052,-29.90030298860962,100.3510017267821
-35.00508531001808,-35.00508531001808,-15.162910285238258,-28.98344535444222,100.3510017267821
-30.707229631514178,-30.707229631514178,-15.900919073305483,-27.85925825583532,100.3510017267821
-35.361066679470895,-35.361066679470895,-18.971036843909502,-28.89868950285233,100.3510017267821
-29.808221624201163,-29.808221624201163,-18.672314408644368,-28.610259297455467,100.3510017267821
-36.555277567981214,-36.555277567981214,-22.002796122766522,-29.674404604199694,100.3510017267821
-36.379335929834156,-36.379335929834156,-27.840461529225053,-30.856920665831577,100.3510017267821
-32.44593780115803,-32.44593780115803,-30.577887127709282,-31.034391609987075,100.3510017267821
-32.13102992195064,-32.13102992195064,-37.71276509005478,-31.7194172057427,100.3510017267821
-28.25219384526627,-28.25219384526627,-43.336260327268015,-31.936778176094016,100.3510017267821
-35.36452567435815,-35.36452567435815,-40.72892908092814,-31.854376924702816,100.3510017267821
-33.567315214473076,-33.567315214473076,-36.620419677831386,-30.510613440491106,100.3510017267821
-30.04052561034212,-30.04052561034212,-34.08302313721886,-29.041326223643974,100.3510017267821
-36.10579886472604,-36.10579886472604,-28.42630008144057,-27.29212584225633,100.3510017267821
-33.19709811873307,-33.19709811873307,-30.583873953247604,-27.473517672645645,100.3510017267821
-33.030696663655604,-33.030696663655604,-22.870980507362912,-26.48096500094961,100.3510017267821
-30.509948246579327,-30.509948246579327,-16.030757484202677,-25.817662450429548,100.3510017267821
-34.918417848079514,-34.918417848079514,-16.66296397097559,-25.93698664230016,100.3510017267821
-29.831424832625995,-29.831424832625995,-8.037241555469043,-26.04029868499194,100.3510017267821
-37.98503080386048,-37.98503080386048,-8.853752750609395,-26.09879192733927,100.3510017267821
-27.590754119482785,-27.590754119482785,-9.79287213302621,-25.299870007830304,100.3510017267821
-34.327309283383975,-34.327309283383975,-16.891067008838547,-25.48535984508295,100.3510017267821
-32.81543111238852,-32.81543111238852,-15.794993809983092,-24.786973046343256,100.3510017267821
-31.797254183953655,-31.797254183953655,-18.61043061467355,-24.086879355916153,100.3510017267821
-28.39309145116113,-28.39309145116113,-19.70336814840126,-23.94430415205144,100.3510017267821
-30.755566508333313,-30.755566508333313,-22.94390541544896,-23.919448763662427,100.3510017267821
-29.33645410569151,-29.33645410569151,-24.392938175073333,-23.84657127038095,100.3510017267821
-37.52380870132189,-37.52380870132189,-23.343934824533967,-22.979447421933315,100.3510017267821
-32.12845244995768,-32.12845244995768,-23.42129776160058,-23.578157676592163,100.3510017267821
-35.26720564238039,-35.26720564238039,-22.3112859830835,-23.313574264763066,100.3510017267821
-31.706401829242253,-31.706401829242253,-20.216596763838837,-22.65378473611354,100.3510017267821
-28.545533051594525,-28.545533051594525,-19.155528228090272,-22.399757480962204,100.3510017267821
-30.414885299317397,-30.414885299317397,-26.140730522483114,-22.47336518993193,100.3510017267821
-31.237895810412383,-31.237895810412383,-26.507451627123952,-22.375304434538283,100.3510017267821
-33.65281342371964,-33.65281342371964,-25.323510198647188,-22.607630460602746,100.3510017267821
-28.86032626195572,-28.86032626195572,-23.764285069405098,-22.626652502542132,100.3510017267821
-34.216179988800775,-34.216179988800775,-18.103586428189374,-21.574518008354527,100.3510017267821
-28.70760164445754,-28.70760164445754,-15.507064196846315,-20.82775416911854,100.3510017267821
-34.031779046059654,-34.031779046059654,-11.585900213267678,-18.90853022953415,100.3510017267821
-32.58445806762657,-32.58445806762657,-11.039863311243804,-18.615417510026866,100.3510017267821
-28.67610280900848,-28.67610280900848,-8.449512040860439,-17.745281366027132,100.3510017267821
-35.78467415216186,-35.78467415216186,-7.576790855724968,-19.081343211144684,100.3510017267821
-30.725054907918903,-30.725054907918903,-5.577470264593289,-19.499427361516766,100.3510017267821
-28.359077391669633,-28.359077391669633,-9.882623585248552,-20.47956855047922,100.3510017267821
-30.432144781224164,-30.432144781224164,-4.553639890412957,-19.767341319870674,100.3510017267821
-33.18619411438889,-33.18619411438889,-2.795737480172464,-18.875540919031188,100.3510017267821
-31.50133113991363,-31.50133113991363,-12.057225624464767,-19.68499384823104,100.3510017267821
-34.70039720849147,-34.70039720849147,-13.193314412657207,-19.857032906544468,100.3510017267821
-30.978081678299546,-30.978081678299546,-18.15388396156137,-19.78221771639069,100.3510017267821
-28.222613929356797,-28.222613929356797,-21.817803292429893,-21.47179313292692,100.3510017267821
-32.99779823233486,-32.99779823233486,-26.54496690956072,-21.14657538564287,100.3510017267821
-33.38989192237637,-33.38989192237637,-23.615205701954956,-20.771802294488026,100.3510017267821
-28.939621682635476,-28.939621682635476,-25.775337110760326,-21.47431096900774,100.3510017267821
-29.48752670994104,-29.48752670994104,-18.179087926788096,-20.321178767054942,100.3510017267821
-34.589842893276895,-34.589842893276895,-25.72043591368611,-21.176965620879027,100.3510017267821
-32.56203624397946,-32.56203624397946,-31.06678891063237,-20.68833947660436,100.3510017267821
-27.702681517859187,-27.702681517859187,-28.081766903979844,-19.733254923182002,100.3510017267821
-32.13102084455382,-32.13102084455382,-31.093941714737515,-19.96024382395012,100.3510017267821
-33.39114615169362,-33.39114615169362,-28.743357151604737,-17.98833612870068,100.3510017267821
-33.51916985087421,-33.51916985087421,-31.07500807358368,-19.019542682190053,100.3510017267821
-29.889027941623013,-29.889027941623013,-31.073875743524354,-19.215564718162113,100.3510017267821
-30.162730774105057,-30.162730774105057,-33.7627249856579,-20.200263356053327,100.3510017267821
-37.576387965232975,-37.576387965232975,-34.03849406690037,-21.465405154944037,100.3510017267821
-35.41960333356215,-35.41960333356215,-35.943877507661504,-21.82469425229913,100.3510017267821
-35.15269709990335,-35.15269709990335,-33.774469937487545,-21.815084817727012,100.3510017267821
-36.74674057148277,-36.74674057148277,-32.503076544280646,-22.61475868398791,100.3510017267821
-32.545475319267254,-32.545475319267254,-36.67894909181619,-23.8628932447047,100.3510017267821
-29.682602079533105,-29.682602079533105,-33.8130088220959,-23.390252794174174,100.3510017267821
-32.71984714281299,-32.71984714281299,-38.19613357284088,-24.020114532175047,100.3510017267821
-29.251275105046844,-29.251275105046844,-37.18052102523875,-24.68489633711593,100.3510017267821
-30.080729658565115,-30.080729658565115,-38.93748395344325,-25.044487082245524,100.3510017267821
-30.905961021515477,-30.905961021515477,-38.12625670173148,-24.447301294631917,100.3510017267821
-32.67954504473821,-32.67954504473821,-35.58232747033179,-25.42287188701378,100.3510017267821
-34.98374376368451,-34.98374376368451,-35.81260464400686,-25.265129058165797,100.3510017267821
-28.752165314844206,-28.752165314844206,-30.206730990472305,-23.915757386141223,100.3510017267821
-33.625413988909806,-33.625413988909806,-30.92494206162442,-24.210966013223,100.3510017267821
-31.83545882935096,-31.83545882935096,-27.89939524618101,-24.564184658926237,100.3510017267821
-30.438065129544924,-30.438065129544924,-29.905775833627352,-24.702620995992856,100.3510017267821
-31.072161738389003,-31.072161738389003,-24.63135306157777,-24.262125592170488,100.3510017267821
-34.394642873535396,-34.394642873535396,-24.353741802890916,-25.093387501077405,100.3510017267821
-31.16008906775807,-31.16008906775807,-25.338621952699256,-26.06889212001761,100.3510017267821
-27.654734244487372,-27.654734244487372,-25.70907377276083,-25.758010403566026,100.3510017267821
-31.732130474369452,-31.732130474369452,-26.816756156363134,-25.558077013789774,100.3510017267821
-29.44397084714042,-29.44397084714042,-24.30442115208151,-24.824522963157296,100.3510017267821
-30.809919938933145,-30.809919938933145,-28.823119950500036,-24.615679336511786,100.3510017267821
-28.086267801326997,-28.086267801326997,-28.15234088168118,-25.088577175678214,100.3510017267821
-35.19056123110081,-35.19056123110081,-28.189260032267935,-26.581319379741945,100.3510017267821
-34.79250577923424,-34.79250577923424,-26.628303522541266,-26.926868861131847,100.3510017267821
-35.101789140422504,-35.101789140422504,-30.559929272647196,-28.05693140404639,100.3510017267821
-31.885958804551354,-31.885958804551354,-30.100676333389025,-28.905550105506446,100.3510017267821
-32.33950557395832,-32.33950557395832,-24.234636144699884,-29.22591694078549,100.3510017267821
-30.092891082935726,-30.092891082935726,-24.36129115722445,-29.114910463865918,100.3510017267821
-32.68232621369387,-32.68232621369387,-25.04865486770256,-29.452313934411634,100.3510017267821
-30.138311391182132,-30.138311391182132,-31.025048046853783,-29.053007855478345,100.3510017267821
-35.23416542820148,-35.23416542820148,-33.62004418633676,-30.42896019569655,100.3510017267821
-32.84916873682997,-32.84916873682997,-32.082514772599374,-30.9459326341636,100.3510017267821
-29.448237060583168,-29.448237060583168,-35.47770968050222,-31.26541619094944,100.3510017267821
-34.35247949876305,-34.35247949876305,-36.117209111221854,-31.511647800844777,100.3510017267821
-30.563541358583674,-30.563541358583674,-34.394869536200375,-31.305128518974193,100.3510017267821
-31.53580573777362,-31.53580573777362,-33.932160340553004,-31.32842151513107,100.3510017267821
-35.102675281548244,-35.102675281548244,-35.66134543661068,-31.04919264619549,100.3510017267821
-32.56345043059801,-32.56345043059801,-37.0009854092801,-31.792066405330953,100.3510017267821
-32.35375885427223,-32.35375885427223,-37.455265090311094,-31.788299530321794,100.3510017267821
-30.901827086078164,-30.901827086078164,-32.94858410193205,-32.00690709050714,100.3510017267821
-32.82147267785943,-32.82147267785943,-33.0545291319318,-31.895778839345695,100.3510017267821
-30.998355061414532,-30.998355061414532,-30.02817409478751,-30.738209670994635,100.3510017267821
-31.306875835982563,-31.306875835982563,-24.36264802554088,-30.52159241526165,100.3510017267821
-32.05555912802784,-32.05555912802784,-23.9896031715291,-30.090780092203094,100.3510017267821
-32.41831782133317,-32.41831782133317,-23.30296043505937,-30.21704917566512,100.3510017267821
-34.345679158314894,-34.345679158314894,-22.270614660152734,-29.567542832444882,100.3510017267821
-29.39685127185692,-29.39685127185692,-23.0757737634778,-29.449572250186176,100.3510017267821
-32.81545723868014,-32.81545723868014,-25.06249097366011,-30.052019602931395,100.3510017267821
-33.405006243885424,-33.405006243885424,-19.763956229821776,-28.93339196290607,100.3510017267821
-27.8321975822596,-27.8321975822596,-18.938010286764126,-28.605733646327657,100.3510017267821
-36.10295498756272,-36.10295498756272,-11.037932749427084,-27.348471401733594,100.3510017267821
-27.605926903682168,-27.605926903682168,-8.346971516892834,-25.906988665517066,100.3510017267821
-30.3797436941803,-30.3797436941803,-9.535946869511884,-25.092991970800785,100.3510017267821
-28.94326207380404,-28.94326207380404,-11.276889087355316,-25.583556145254978,100.3510017267821
-33.008497356457,-33.008497356457,-13.971203703507195,-25.372063201798383,100.3510017267821
-31.669914412755443,-31.669914412755443,-18.083764497488122,-25.74819152689476,100.3510017267821
-32.70358771249234,-32.70358771249234,-13.238287204002452,-24.309732900298016,100.3510017267821
-31.39736750094037,-31.39736750094037,-8.831364885600003,-24.1930412397051,100.3510017267821
-30.486652541325174,-30.486652541325174,-15.536262002475983,-24.924178869334913,100.3510017267821
-29.169675529774473,-29.169675529774473,-21.22714645180742,-25.68864200788778,100.3510017267821
-29.698918396144595,-29.698918396144595,-29.262389298828072,-27.15960306340475,100.3510017267821
-33.37334333608399,-33.37334333608399,-31.054378673406625,-25.932875987873498,100.3510017267821
-29.40143143672662,-29.40143143672662,-34.10711111379286,-26.33453514432316,100.3510017267821
-29.898091661360024,-29.898091661360024,-34.83314563661789,-26.569030105853088,100.3510017267821
-30.0116364031619,-30.0116364031619,-34.2998276082501,-27.30575811113285,100.3510017267821
-30.191497950823447,-30.191497950823447,-28.44186044724615,-26.565815255765802,100.3510017267821
-30.00393989484866,-30.00393989484866,-36.55922494466062,-26.553853498690287,100.3510017267821
-32.111498718578765,-32.111498718578765,-33.63983286577372,-25.77919305830768,100.3510017267821
-31.156927874372265,-31.156927874372265,-33.15494738187603,-26.191817114437494,100.3510017267821
-29.089097679765658,-29.089097679765658,-25.515099579147112,-25.930777693300897,100.3510017267821
-33.04860408438642,-33.04860408438642,-24.370041266539065,-26.268987326612557,100.3510017267821
-31.06233115396742,-31.06233115396742,-28.886325351708344,-26.079672881878942,100.3510017267821
-28.57793806305056,-28.57793806305056,-28.49089647427663,-26.3948624327249,100.3510017267821
-32.510462177185644,-32.510462177185644,-25.773663832057643,-26.398102167756363,100.3510017267821
-31.107752988070615,-31.107752988070615,-27.861936583221944,-26.76615957324779,100.3510017267821
-28.512714282541403,-28.512714282541403,-27.367409303013318,-26.01916184969066,100.3510017267821
-32.435417302105904,-32.435417302105904,-24.02599106451889,-26.51212448265409,100.3510017267821
-30.20940292426277,-30.20940292426277,-30.776121862780048,-27.062159199418794,100.3510017267821
-33.72259946502151,-33.72259946502151,-27.306248929091346,-26.643335926715245,100.3510017267821
-32.45027343992486,-32.45027343992486,-27.982794944913792,-25.3223270729129,100.3510017267821
-31.847823333066703,-31.847823333066703,-27.783214719655682,-25.101621433276343,100.3510017267821
-35.26787377034992,-35.26787377034992,-29.366152698259725,-25.536400467011006,100.3510017267821
-34.75916082499881,-34.75916082499881,-24.010048211558097,-24.101330138936074,100.3510017267821
-30.238657415153426,-30.238657415153426,-27.781562520849356,-24.730972849681866,100.3510017267821
-25.702321733143986,-25.702321733143986,-29.306053654237793,-25.748396396855284,100.3510017267821
-34.92241047524337,-34.92241047524337,-33.95794187728983,-26.024318157038028,100.3510017267821
-33.24499053606456,-33.24499053606456,-39.770640376888004,-27.333983470709555,100.3510017267821
-30.302579463015544,-30.302579463015544,-34.81768704999983,-26.62549952756275,100.3510017267821
-33.39243963031748,-33.39243963031748,-35.34113975933617,-26.220510860520257,100.3510017267821
-34.591742363824885,-34.591742363824885,-39.32876419334945,-26.598363091196376,100.3510017267821
-32.5750130484871,-32.5750130484871,-40.81414044619758,-26.65354369612949,100.3510017267821
-30.797114815932954,-30.797114815932954,-40.10698865854887,-27.55216337976328,100.3510017267821
-34.82832855579395,-34.82832855579395,-43.820505782797795,-27.992901690387452,100.3510017267821
-31.92363196466436,-31.92363196466436,-43.27879818347587,-28.588811852071217,100.3510017267821
-29.31159328405785,-29.31159328405785,-38.708495017453984,-28.829503313334207,100.3510017267821
-30.668672301294283,-30.668672301294283,-39.59291688371175,-29.488778601749836,100.3510017267821
-37.55088821451729,-37.55088821451729,-30.552355942452614,-28.829299906504517,100.3510017267821
-34.237664097547544,-34.237664097547544,-33.782790275783064,-28.369559387987334,100.3510017267821
-32.337740240360084,-32.337740240360084,-29.680650331793252,-28.203849680914555,100.3510017267821
-31.140787282590882,-31.140787282590882,-27.513003763649102,-28.313361786573374,100.3510017267821
-29.556578128002503,-29.556578128002503,-24.13842334091438,-29.273641814426952,100.3510017267821
-34.51210768844548,-34.51210768844548,-27.343130798576986,-31.351395236100117,100.3510017267821
-36.284528926258716,-36.284528926258716,-27.792123792960137,-31.64413707507711,100.3510017267821
-35.79234569421746,-35.79234569421746,-22.96453673224733,-30.926341381049625,100.3510017267821
-29.550456305668803,-29.550456305668803,-23.23864866402915,-30.682992305438592,100.3510017267821
-30.892418278792267,-30.892418278792267,-16.885853803690054,-29.24919646299022,100.3510017267821
-30.930120268883243,-30.930120268883243,-22.670624866547456,-30.715767439013522,100.3510017267821
-31.042564065920477,-31.042564065920477,-22.125640310076065,-31.02841447288255,100.3510017267821
-25.908043393663757,-25.908043393663757,-26.768334784798945,-30.450264237379148,100.3510017267821
-33.2259996869983,-33.2259996869983,-27.515683238902433,-29.571069143992375,100.3510017267821
-32.40868274719773,-32.40868274719773,-27.926637356279418,-29.00649142591722,100.3510017267821
-36.794272749376404,-36.794272749376404,-25.192468370741715,-30.17901317556713,100.3510017267821
-30.675078586885032,-30.675078586885032,-21.935079232815568,-29.209730698881643,100.3510017267821
-33.28763983194844,-33.28763983194844,-26.68871167577047,-29.297454588880136,100.3510017267821
-31.446849796627884,-31.446849796627884,-27.72183831646712,-29.367394447081995,100.3510017267821
-33.84455424514352,-33.84455424514352,-29.878895258058616,-29.53660342515272,100.3510017267821
-33.87052234653367,-33.87052234653367,-29.989503539429148,-29.40182315796723,100.3510017267821
-30.010668502328514,-30.010668502328514,-32.61180797472847,-30.822809494673496,100.3510017267821
-29.574255001407874,-29.574255001407874,-34.83640002268203,-30.786554765540348,100.3510017267821
-32.286133541515376,-32.286133541515376,-33.18977490139682,-31.10600420844232,100.3510017267821
-33.51791209090698,-33.51791209090698,-33.63961480590119,-30.86040613378965,100.3510017267821
-37.98788054966742,-37.98788054966742,-32.21075578365238,-30.84389926195594,100.3510017267821
-28.325440888821962,-28.325440888821962,-31.500055276003387,-29.811562459227,100.3510017267821
-30.255720638826748,-30.255720638826748,-32.019899692838855,-30.546701761036378,100.3510017267821
-31.071344219159563,-31.071344219159563,-30.46535055410906,-29.88807724125942,100.3510017267821
-28.95577503732669,-28.95577503732669,-29.20761892233266,-29.904645349016587,100.3510017267821
-28.70710288727131,-28.70710288727131,-27.114734102105082,-30.019571765484457,100.3510017267821
-33.202699311034635,-33.202699311034635,-22.088797513924277,-29.08534462490234,100.3510017267821
-28.932135472251083,-28.932135472251083,-20.572273729805847,-29.43975972568325,100.3510017267821
-30.08683164680433,-30.08683164680433,-23.61398306222198,-30.232241831903963,100.3510017267821
-32.96682421986544,-32.96682421986544,-25.62026044302835,-30.427815278464177,100.3510017267821
-32.78087497550932,-32.78087497550932,-28.264929689645292,-30.62365466023305,100.3510017267821
-29.183141039518354,-29.183141039518354,-28.335530440059177,-30.676658904927212,100.3510017267821
-32.56708251432317,-32.56708251432317,-25.33217216490885,-30.056823689848276,100.3510017267821
-34.07492403711326,-34.07492403711326,-29.63957864629822,-29.9547822396715,100.3510017267821
-34.89127164081411,-34.89127164081411,-28.977026445891784,-28.908462262736972,100.3510017267821
-31.406590954576046,-31.406590954576046,-26.81901614595194,-27.42924691929725,100.3510017267821
-29.632605828800646,-29.632605828800646,-29.214873726850687,-27.96478196027251,100.3510017267821
-32.99804964388421,-32.99804964388421,-28.678521504611144,-28.107236074738243,100.3510017267821
-29.016914085088256,-29.016914085088256,-24.93472397613403,-27.35343378846087,100.3510017267821
-32.18683960218974,-32.18683960218974,-24.857456170786644,-27.236478423381993,100.3510017267821
-30.168315268290495,-30.168315268290495,-19.937875718479926,-26.58983207221926,100.3510017267821
-27.98254257153266,-27.98254257153266,-21.687526814698767,-26.25006311130741,100.3510017267821
-28.230286405982483,-28.230286405982483,-22.64759379462286,-25.930582812077674,100.3510017267821
-29.180783452204793,-29.180783452204793,-19.45543855337896,-26.1041709468565,100.3510017267821
-29.347076743523754,-29.347076743523754,-20.809672869625235,-25.151813459919662,100.3510017267821
-31.394586579660746,-31.394586579660746,-23.74574142279029,-26.067924015364785,100.3510017267821
-31.368978237920146,-31.368978237920146,-25.07048106764473,-26.22232011864485,100.3510017267821
-31.222459175960175,-31.222459175960175,-25.59050834928224,-27.28920767823604,100.3510017267821
-33.05578426262796,-33.05578426262796,-32.49569072410498,-28.349971180552053,100.3510017267821
-29.164515148595168,-29.164515148595168,-34.13042007692206,-29.234877770583527,100.3510017267821
-33.76984796349427,-33.76984796349427,-38.76902715683438,-28.875011343870742,100.3510017267821
-28.191070789145204,-28.191070789145204,-39.33545779914701,-28.558729912544788,100.3510017267821
-28.682403888001772,-28.682403888001772,-39.52805895411103,-29.243287256450415,100.3510017267821
-30.56396719286371,-30.56396719286371,-42.18013766189904,-29.892468746430477,100.3510017267821
-27.864871139179986,-27.864871139179986,-44.9947513867582,-30.773592976533294,100.3510017267821
-31.50318983892026,-31.50318983892026,-46.61675125791741,-30.857149293638773,100.3510017267821
-32.38465644756731,-32.38465644756731,-49.83826673817519,-31.764845404264676,100.3510017267821
-32.09170312938229,-32.09170312938229,-48.530921819102204,-31.64172508509669,100.3510017267821
-33.09670688844639,-33.09670688844639,-45.4136029693606,-31.929555126643685,100.3510017267821
-31.456483260491826,-31.456483260491826,-43.782229485285214,-32.40599619638469,100.3510017267821
-33.450574346975706,-33.450574346975706,-45.0110652715875,-32.8387307240399,100.3510017267821
-30.733606524244077,-30.733606524244077,-43.907760940864264,-32.95326625415452,100.3510017267821
-33.60340645057333,-33.60340645057333,-47.1835898691643,-33.34226289512918,100.3510017267821
-28.408701455624158,-28.408701455624158,-44.87824902674844,-33.32375088848674,100.3510017267821
-33.2050249473501,-33.2050249473501,-47.16779338181704,-34.23137260128498,100.3510017267821
-35.74480924234177,-35.74480924234177,-45.450633615396626,-33.949375308832266,100.3510017267821
-34.28215193076953,-34.28215193076953,-35.45154094348927,-32.33279199801683,100.3510017267821
-33.44065051108647,-33.44065051108647,-36.93354903861321,-32.06115488828293,100.3510017267821
-30.576558799971945,-30.576558799971945,-36.2706545322993,-32.54573105282417,100.3510017267821
-28.95285635418312,-28.95285635418312,-34.3908458759953,-32.55624241040351,100.3510017267821
-32.13154592448468,-32.13154592448468,-27.94134606634352,-31.984848780578123,100.3510017267821
-32.36513124415114,-32.36513124415114,-29.497696953432843,-32.55279458964041,100.3510017267821
-32.68346083269884,-32.68346083269884,-20.875203638562354,-31.113323684273883,100.3510017267821
-32.464437343311126,-32.464437343311126,-16.952277802200612,-30.621136338105053,100.3510017267821
-34.911929276524276,-34.911929276524276,-14.284491518645305,-31.24674712054751,100.3510017267821
-33.74039454341815,-33.74039454341815,-11.54594998169583,-30.835618484750412,100.3510017267821
-35.92672275381752,-35.92672275381752,-18.1452510047269,-31.544082696177355,100.3510017267821
-34.44893284398685,-34.44893284398685,-19.669755685983283,-31.880651279518414,100.3510017267821
-34.559876393265306,-34.559876393265306,-21.646257502525906,-32.15218594088496,100.3510017267821
-30.3588315608891,-30.3588315608891,-21.674032674504723,-31.766996856698782,100.3510017267821
-30.112719187669803,-30.112719187669803,-26.085421974753977,-31.548947237599865,100.3510017267821
-28.535336723262198,-28.535336723262198,-24.601505695127706,-31.80598964065412,100.3510017267821
-34.02897473030125,-34.02897473030125,-33.65548686987356,-32.77798662526682,100.3510017267821
-27.33059056133184,-27.33059056133184,-30.76798456590517,-30.84681752202645,100.3510017267821
-33.492987062554654,-33.492987062554654,-29.030457563745404,-31.25743334411824,100.3510017267821
-34.55583003488838,-34.55583003488838,-28.803554572106542,-31.23252616998134,100.3510017267821
-26.120337909303135,-26.120337909303135,-27.085257715938162,-31.118159493994852,100.3510017267821
-30.649858857752232,-30.649858857752232,-25.987149367725646,-31.34237685214132,100.3510017267821
-32.14207684564171,-32.14207684564171,-23.976463405641415,-31.960533826786442,100.3510017267821
-32.580345872195366,-32.580345872195366,-25.647098476747374,-31.924925317890935,100.3510017267821
-31.64016234730498,-31.64016234730498,-24.33159055006065,-32.427690203916,100.3510017267821
-33.39097140429667,-33.39097140429667,-27.80507004385733,-33.02949828648583,100.3510017267821
-32.02531468319986,-32.02531468319986,-22.32134566973682,-32.712737000289614,100.3510017267821
-33.02626871218003,-33.02626871218003,-29.204692302425137,-32.79666827183568,100.3510017267821
-32.46899839453946,-32.46899839453946,-33.65673170209052,-33.826845110611295,100.3510017267821
-27.412540455896288,-27.412540455896288,-39.21198176303985,-34.32577423803125,100.3510017267821
-27.21147722759037,-27.21147722759037,-39.23466824312089,-33.95099692909009,100.3510017267821
-28.179361360162954,-28.179361360162954,-37.49098095868367,-33.72247137402161,100.3510017267821
-33.070114958725085,-33.070114958725085,-40.60305887012643,-33.582007455990734,100.3510017267821
-33.94151359981384,-33.94151359981384,-41.216116409770684,-33.34206458446066,100.3510017267821
-31.238590987426054,-31.238590987426054,-39.60823060971526,-32.59553089449218,100.3510017267821
-34.519040489648845,-34.519040489648845,-39.64664738495261,-33.09173620364695,100.3510017267821
-31.548944076602915,-31.548944076602915,-41.55049272001564,-33.11722375347053,100.3510017267821
-31.889348630480413,-31.889348630480413,-42.21552849212443,-32.80374643788076,100.3510017267821
-34.51647572681556,-34.51647572681556,-38.06660209630812,-32.44121525252128,100.3510017267821
-34.12846913861672,-34.12846913861672,-31.535806573373577,-31.30958530112249,100.3510017267821
-35.566246080279626,-35.566246080279626,-31.806452620921068,-30.344634105639265,100.3510017267821
-30.981752131964825,-30.981752131964825,-37.66276915445347,-31.548840841091856,100.3510017267821
-31.435355767783882,-31.435355767783882,-33.24546559760473,-31.148379981639554,100.3510017267821
-31.79347550877337,-31.79347550877337,-25.061973452590532,-29.59801337792172,100.3510017267821
-31.578541144155825,-31.578541144155825,-30.047635735549584,-29.6028449872846,100.3510017267821
-32.462622841465866,-32.462622841465866,-29.449376961611172,-30.200059407796324,100.3510017267821
-31.968001339053007,-31.968001339053007,-28.067029776557053,-29.293911734949084,100.3510017267821
-37.829643679896066,-37.829643679896066,-28.679588617665075,-29.564014356064085,100.3510017267821
-28.983725945627352,-28.983725945627352,-27.72914462149523,-28.55348550045692,100.3510017267821
-33.4650759825101,-33.4650759825101,-33.532565821931684,-28.925971742429496,100.3510017267821
-35.180693312506826,-35.180693312506826,-36.73683715257919,-30.601693347457243,100.3510017267821
-34.89769697332964,-34.89769697332964,-26.212724441842244,-29.404675921737663,100.3510017267821
-31.59051817373718,-31.59051817373718,-26.305283458345816,-29.15530576684886,100.3510017267821
-30.168122289927645,-30.168122289927645,-35.264180614367866,-29.772680325596237,100.3510017267821
-35.63983254487609,-35.63983254487609,-32.059505172538664,-30.426476808523635,100.3510017267821
-30.21932672698688,-30.21932672698688,-32.93338723764016,-30.887197464637797,100.3510017267821
-32.54261021897816,-32.54261021897816,-37.032184417156394,-32.52530789066789,100.3510017267821
-28.33895575884596,-28.33895575884596,-35.35346984886631,-33.24425276539723,100.3510017267821
-32.030222241223875,-32.030222241223875,-35.8540496043961,-32.86739711760708,100.3510017267821
-32.08659620889689,-32.08659620889689,-31.746240012006563,-32.96602974849165,100.3510017267821
-29.16272459419429,-29.16272459419429,-25.745441571150344,-32.12173146074194,100.3510017267821
-30.790921198732306,-30.790921198732306,-32.467392512253454,-31.9642032869917,100.3510017267821
-32.98009193365129,-32.98009193365129,-39.250368406162394,-32.676127947576155,100.3510017267821
-30.870524374292614,-30.870524374292614,-35.446293012667375,-32.52713239322876,100.3510017267821
-31.626077089360525,-31.626077089360525,-33.10357874064545,-31.830108161701922,100.3510017267821
-33.673875355522554,-33.673875355522554,-31.008468869008073,-32.16859009941387,100.3510017267821
-31.626552719000856,-31.626552719000856,-25.323629568222835,-30.85893643033775,100.3510017267821
-35.30937610487283,-35.30937610487283,-18.58509041687184,-30.80767393559056,100.3510017267821
-26.564404699676793,-26.564404699676793,-17.546673732881622,-30.570640351434317,100.3510017267821
-35.57725429052974,-35.57725429052974,-18.275864379421197,-30.860491709954573,100.3510017267821
-31.40572250013885,-31.40572250013885,-18.204370522115575,-30.345554021977414,100.3510017267821
-31.50680050334396,-31.50680050334396,-16.834523526475557,-30.133678118741678,100.3510017267821
-32.94694920829723,-32.94694920829723,-15.12419715532937,-30.905674697513742,100.3510017267821
-29.41509213429721,-29.41509213429721,-14.442095427712212,-30.286131783421734,100.3510017267821
-33.61014403656911,-33.61014403656911,-15.673228158936663,-30.098435683477124,100.3510017267821
-33.16813303750994,-33.16813303750994,-19.423397550968264,-30.492255600836053,100.3510017267821
-32.414415545086534,-32.414415545086534,-22.983392698863128,-30.99134583616301,100.3510017267821
-29.96499501063377,-29.96499501063377,-32.42804113465963,-31.452343702037457,100.3510017267821
-34.878677550093826,-34.878677550093826,-31.278783435027446,-30.09505069802171,100.3510017267821
-29.529075872226223,-29.529075872226223,-32.64634775359437,-29.54736490806548,100.3510017267821
-32.78906678279405,-32.78906678279405,-35.03621234738943,-29.50586284283112,100.3510017267821
-31.808610088407423,-31.808610088407423,-37.915673840387846,-30.218616695082513,100.3510017267821
-33.328295486227205,-33.328295486227205,-38.15098871314929,-30.41526066611832,100.3510017267821
-35.92940285140432,-35.92940285140432,-39.557465439319714,-29.954401589331543,100.3510017267821
-31.052335375287207,-31.052335375287207,-40.681666030738775,-30.31312276768183,100.3510017267821
-30.667703720410692,-30.667703720410692,-34.83075266482702,-29.529076656810936,100.3510017267821
-27.742615558004733,-27.742615558004733,-36.55615826001285,-29.99247894416245,100.3510017267821
-31.47704657206802,-31.47704657206802,-31.854839555254348,-29.380205914663435,100.3510017267821
-33.99306720834583,-33.99306720834583,-36.056118973863256,-29.692954073532725,100.3510017267821
-27.987396203051677,-27.987396203051677,-37.923592588758595,-30.824922111142477,100.3510017267821
-31.66047273228226,-31.66047273228226,-36.10725621130933,-30.366023560908765,100.3510017267821
-28.507545593934225,-28.507545593934225,-34.71725244048207,-29.62951335228823,100.3510017267821
-36.90494709076454,-36.90494709076454,-26.537365973066358,-29.073640741210642,100.3510017267821
-31.612957369924064,-31.612957369924064,-25.73200906377719,-30.088408711568874,100.3510017267821
-32.66505676256105,-32.66505676256105,-25.819950813796357,-29.467585783331177,100.3510017267821
-31.454425147833344,-31.454425147833344,-21.560806444901072,-27.95136255346891,100.3510017267821
-33.431572295780164,-33.431572295780164,-18.36445036826136,-28.051963062503308,100.3510017267821
-30.485030281290566,-30.485030281290566,-18.485620940485166,-27.341412379227453,100.3510017267821
-30.09234890754439,-30.09234890754439,-20.74073560005963,-28.295272269245608,100.3510017267821
-30.186423262324638,-30.186423262324638,-16.902363933743665,-27.498881733504877,100.3510017267821
-32.648492250766225,-32.648492250766225,-16.70084301960929,-26.358824734314794,100.3510017267821
-31.55314860711331,-31.55314860711331,-19.65107679133319,-28.317183822186426,100.3510017267821
-33.82864471103949,-33.82864471103949,-24.584689793429867,-28.72952200822746,100.3510017267821
-36.78760816213763,-36.78760816213763,-24.11480865999374,-27.858534320694044,100.3510017267821
-29.412951780504358,-29.412951780504358,-19.937411203360746,-27.0431669894956,100.3510017267821
-30.41416685033564,-30.41416685033564,-26.416374276400063,-26.6479599612209,100.3510017267821
-31.294115085933704,-31.294115085933704,-25.18025796288024,-25.681577771648087,100.3510017267821
-32.86113104920809,-32.86113104920809,-27.70535662028332,-25.81178973351086,100.3510017267821
-30.22507986860851,-30.22507986860851,-24.372483192080317,-25.998958986782455,100.3510017267821
-29.450446989639985,-29.450446989639985,-22.621340835871116,-25.673901898277787,100.3510017267821
-33.37682129822049,-33.37682129822049,-22.94700805586241,-25.799138031257204,100.3510017267821
-32.98751139039855,-32.98751139039855,-14.090111569082826,-24.641727633552303,100.3510017267821
-32.73902785560783,-32.73902785560783,-11.717285192864264,-23.22290536556783,100.3510017267821
-31.428581169401827,-31.428581169401827,-9.995784151183189,-22.768432548397207,100.3510017267821
-32.84127285814895,-32.84127285814895,-14.219432517868569,-23.266337744940223,100.3510017267821
-29.83633779642798,-29.83633779642798,-14.087433899491511,-23.263752967317586,100.3510017267821
-32.02284993671625,-32.02284993671625,-15.996880218547906,-23.816227901713095,100.3510017267821
-31.058649859334004,-31.058649859334004,-15.096710832179435,-25.11411381657238,100.3510017267821
-36.87632507927364,-36.87632507927364,-17.25885659042377,-25.941395558290882,100.3510017267821
-30.22964749107387,-30.22964749107387,-20.99463280961315,-26.21765558431618,100.3510017267821
-29.228522375013025,-29.228522375013025,-22.194751576415296,-26.59721424211715,100.3510017267821
-28.800985506436223,-28.800985506436223,-25.090424578071016,-26.292907843871394,100.3510017267821
-33.19344724372183,-33.19344724372183,-30.83652560033275,-26.365371054568506,100.3510017267821
-28.45881468666174,-28.45881468666174,-36.80035119576364,-27.240083702007496,100.3510017267821
-35.91260891698459,-35.91260891698459,-34.04861794376115,-26.941415701905125,100.3510017267821
-30.48776800044267,-30.48776800044267,-28.674790425440097,-25.11403154221195,100.3510017267821
-29.632775672897978,-29.632775672897978,-27.666806321802532,-24.752910626300974,100.3510017267821
-30.629320000341973,-30.629320000341973,-23.354637804083623,-23.29943315045718,100.3510017267821
-35.641294109412165,-35.641294109412165,-21.562737042820686,-23.998186279849527,100.3510017267821
-31.164595282139864,-31.164595282139864,-24.07261828559891,-24.502909690717093,100.3510017267821
-33.13727116756519,-33.13727116756519,-23.55960475028115,-24.3018927226955,100.3510017267821
-32.360390778732615,-32.360390778732615,-28.100362463952518,-24.329845568584325,100.3510017267821
-33.145906125963506,-33.145906125963506,-25.12797128548962,-23.760767569036567,100.3510017267821
-33.841226151601084,-33.841226151601084,-23.492416889236676,-24.027073991990882,100.3510017267821
-31.540005068647623,-31.540005068647623,-25.107065036495996,-23.826495503056563,100.3510017267821
-33.80409453789991,-33.80409453789991,-26.545136137413305,-23.456908236729213,100.3510017267821
-35.44801090468269,-35.44801090468269,-29.782118250737312,-23.39810262444587,100.3510017267821
-29.838813322227725,-29.838813322227725,-31.806194359036233,-23.28970411121356,100.3510017267821
-33.55969532639518,-33.55969532639518,-29.497981177681318,-22.686558720613142,100.3510017267821
-33.79081192242455,-33.79081192242455,-24.928846002881432,-21.903960373541658,100.3510017267821
-32.08445124538414,-32.08445124538414,-26.399745639237302,-22.36039060828109,100.3510017267821
-34.410260972247094,-34.410260972247094,-26.385034411781294,-22.663401962844173,100.3510017267821
-31.027808763040515,-31.027808763040515,-28.636356269568445,-24.18056562833699,100.3510017267821
-29.60821909024471,-29.60821909024471,-23.91207690893898,-23.66308756102325,100.3510017267821
-30.303763239637657,-30.303763239637657,-21.137780517776342,-22.89006144385256,100.3510017267821
-31.588364517805346,-31.588364517805346,-23.233798520243766,-23.791506651797746,100.3510017267821
-30.520628269511445,-30.520628269511445,-21.2253191758109,-23.970276385955778,100.3510017267821
-31.171970598756875,-31.171970598756875,-21.995796990229305,-23.99173932116238,100.3510017267821
-31.272967835327158,-31.272967835327158,-20.877183593843164,-22.713848319369845,100.3510017267821
-32.871391183108834,-32.871391183108834,-20.12285989213354,-22.548059565219628,100.3510017267821
-33.1897403128759,-33.1897403128759,-23.055807091878997,-23.63138342273503,100.3510017267821
-29.610982430058012,-29.610982430058012,-19.41984148842848,-22.617154902263227,100.3510017267821
-27.273740126194394,-27.273740126194394,-12.261238743255063,-21.715875418302026,100.3510017267821
-37.78489051968695,-37.78489051968695,-11.635827742794591,-21.167291377583414,100.3510017267821
-29.5811076620656,-29.5811076620656,-11.272917336730428,-21.1571626705265,100.3510017267821
-31.557352673640334,-31.557352673640334,-12.73477237134267,-21.055186270786272,100.3510017267821
-36.164146103191996,-36.164146103191996,-14.059876911575213,-21.74620017569477,100.3510017267821
-30.349714586380017,-30.349714586380017,-15.399524913934943,-21.530572979892703,100.3510017267821
-31.742475690112055,-31.742475690112055,-13.990817346336033,-20.637515150220988,100.3510017267821
-32.48620979719772,-32.48620979719772,-16.663208239486316,-21.356433045942666,100.3510017267821
-30.485377086489553,-30.485377086489553,-16.926831055759475,-22.42734802271444,100.3510017267821
-31.943879605999964,-31.943879605999964,-17.289293774138628,-23.25699134327439,100.3510017267821
-33.28191326748117,-33.28191326748117,-17.97006373593191,-22.96643112691555,100.3510017267821
-30.36477186817801,-30.36477186817801,-19.472134613434395,-23.062561470033664,100.3510017267821
-31.624566099903486,-31.624566099903486,-21.90016313140038,-22.693308793232863,100.3510017267821
-32.690377021355495,-32.690377021355495,-23.88941610002858,-23.015582710893693,100.3510017267821
-34.394871013705355,-34.394871013705355,-25.794007101835337,-23.70562555235226,100.3510017267821
-33.52784955664933,-33.52784955664933,-26.947252455864213,-23.90068130462966,100.3510017267821
-32.22149344146383,-32.22149344146383,-31.69425283051089,-23.52459439823842,100.3510017267821
-35.51368061554713,-35.51368061554713,-32.44715755975879,-23.646937995971804,100.3510017267821
-31.79457546198923,-31.79457546198923,-26.685679439932493,-23.325533595417884,100.3510017267821
-31.506397050660002,-31.506397050660002,-25.714035588274733,-23.38171354531513,100.3510017267821
-33.51410007067834,-33.51410007067834,-26.567441365574645,-22.112614279963932,100.3510017267821
-32.40299145902398,-32.40299145902398,-27.261063190980764,-21.15470386907708,100.3510017267821
-29.1172289922261,-29.1172289922261,-25.78569555413725,-21.040724315308076,100.3510017267821
-28.196004757666756,-28.196004757666756,-24.729833675916257,-22.22659136098892,100.3510017267821
-29.517280549412018,-29.517280549412018,-23.75861726656651,-22.923987741305055,100.3510017267821
-35.60925256851363,-35.60925256851363,-23.87284676370265,-24.004323096553467,100.3510017267821
-33.59734148325293,-33.59734148325293,-22.317361122481167,-23.675519214170514,100.3510017267821
-28.601024753097153,-28.601024753097153,-20.335715695989695,-22.89955747804995,100.3510017267821
-35.39101090961758,-35.39101090961758,-27.097974250896726,-24.033207495541,100.3510017267821
-32.74914394507303,-32.74914394507303,-28.752207390201384,-23.512082530564907,100.3510017267821
-34.80892147447598,-34.80892147447598,-28.297839948244835,-22.74658801251498,100.3510017267821
-28.631783729366948,-28.631783729366948,-32.81629498655662,-23.01947948854107,100.3510017267821
-30.5405795406228,-30.5405795406228,-34.83101959055942,-22.98551522612076,100.3510017267821
-30.523366359267083,-30.523366359267083,-32.14022587856944,-23.34560930922014,100.3510017267821
-31.1402263906459,-31.1402263906459,-23.9447356138845,-21.756511213934488,100.3510017267821
-33.157750608940034,-33.157750608940034,-21.188869468737103,-21.88085811849364,100.3510017267821
-33.09078471377521,-33.09078471377521,-24.634280756716286,-22.70277912997751,100.3510017267821
-30.17495726753324,-30.17495726753324,-21.312561020578965,-22.176300481589465,100.3510017267821
-33.22804326041674,-33.22804326041674,-13.235950873313621,-21.400448542356266,100.3510017267821
-33.001601305992565,-33.001601305992565,-11.79499673504209,-20.594074995217067,100.3510017267821
-29.432345686256696,-29.432345686256696,-15.744335870455364,-20.168183932692365,100.3510017267821
-30.650139958304656,-30.650139958304656,-14.437133397372165,-21.124490786227707,100.3510017267821
-32.8327735398678,-32.8327735398678,-15.479380881495501,-21.853835298864595,100.3510017267821
-30.175751859645512,-30.175751859645512,-18.96285779657866,-22.491421164487118,100.3510017267821
-33.57091939956641,-33.57091939956641,-22.82752998847542,-22.076953376467394,100.3510017267821
-33.77714516330288,-33.77714516330288,-25.103607099320914,-22.502420140311965,100.3510017267821
-33.36442117076272,-33.36442117076272,-19.803545891830222,-22.48805158957492,100.3510017267821
-28.91684463739999,-28.91684463739999,-24.50716140929013,-23.053160785020772,100.3510017267821
-30.639997062949906,-30.639997062949906,-27.689639167022943,-22.32721495738505,100.3510017267821
-33.008210635577434,-33.008210635577434,-24.831938404758926,-21.67649437848315,100.3510017267821
-31.464502667459293,-31.464502667459293,-23.75439316665644,-22.466814817372637,100.3510017267821
-31.51140444768073,-31.51140444768073,-21.17085201132523,-23.031495639933834,100.3510017267821
-30.65302577541433,-30.65302577541433,-21.135328736603377,-23.826317578839184,100.3510017267821
-32.18933661166846,-32.18933661166846,-22.10284645014438,-24.365035980247466,100.3510017267821
-30.701052026109874,-30.701052026109874,-18.94865883722119,-23.05470976159659,100.3510017267821
-29.666199626900397,-29.666199626900397,-18.80233231811667,-23.18298162114831,100.3510017267821
-32.74180329969308,-32.74180329969308,-22.391159283510824,-24.168119977009884,100.3510017267821
-34.27242395395868,-34.27242395395868,-21.389635005271067,-23.998446138177734,100.3510017267821
-29.29544812734383,-29.29544812734383,-21.04785217210975,-23.151419180655108,100.3510017267821
-32.1880801279431,-32.1880801279431,-26.861546100510992,-23.590944843757626,100.3510017267821
-33.092651465492885,-33.092651465492885,-25.031391905137546,-23.879080451213763,100.3510017267821
-33.032521400735504,-33.032521400735504,-29.16724148973474,-24.9705170151939,100.3510017267821
-30.490044132455772,-30.490044132455772,-28.307000227483123,-25.107684998055735,100.3510017267821
-34.382014173083476,-34.382014173083476,-22.644887715980218,-24.116130303437796,100.3510017267821
-30.712633414637953,-30.712633414637953,-27.71584708940059,-23.439077759109647,100.3510017267821
-37.12394413598889,-37.12394413598889,-29.176695006096217,-23.628870131194713,100.3510017267821
-34.49864693446047,-34.49864693446047,-26.93819943668806,-23.21690929824531,100.3510017267821
-31.67290664804149,-31.67290664804149,-29.45397662547277,-23.399809951320528,100.3510017267821
-27.052335817658946,-27.052335817658946,-27.404404119415766,-23.295164116551764,100.3510017267821
-32.93557196861212,-32.93557196861212,-25.95523866969238,-23.639185460041155,100.3510017267821
-32.471679677156324,-32.471679677156324,-28.460396195300156,-24.257671417158864,100.3510017267821
-29.540876456403513,-29.540876456403513,-25.94194656642778,-24.706693690283306,100.3510017267821
-34.116368941309986,-34.116368941309986,-28.638416725572007,-25.678229232342687,100.3510017267821
-33.90496286344474,-33.90496286344474,-32.2918196099442,-25.628527490243382,100.3510017267821
-32.41973641150615,-32.41973641150615,-32.49158016108744,-25.185670338013825,100.3510017267821
-32.12259613870779,-32.12259613870779,-28.272482090608367,-24.508797196575852,100.3510017267821
-27.577697254353946,-27.577697254353946,-29.060102201609602,-24.565457514071,100.3510017267821
-32.18838537721267,-32.18838537721267,-24.59589474736184,-24.251845761594954,100.3510017267821
-31.575883701050007,-31.575883701050007,-25.96209703289002,-23.067988672950424,100.3510017267821
-35.85739963881354,-35.85739963881354,-27.00774148171434,-23.290292278343745,100.3510017267821
-27.012971592690157,-27.012971592690157,-29.442696807772972,-24.486642789064494,100.3510017267821
-29.24756221665205,-29.24756221665205,-27.917329944073707,-23.726900681786727,100.3510017267821
-28.659462618110833,-28.659462618110833,-28.169469981477675,-24.345919310526334,100.3510017267821
-30.222207944029087,-30.222207944029087,-25.48891106367235,-24.29826452726396,100.3510017267821
-33.288679144877655,-33.288679144877655,-25.618602182696566,-25.52044365177624,100.3510017267821
-31.08470022175122,-31.08470022175122,-25.13693753417663,-25.298410809663764,100.3510017267821
-33.59790792624031,-33.59790792624031,-20.359414246029274,-23.7104842119336,100.3510017267821
-32.307255429374855,-32.307255429374855,-27.02607869444754,-25.394549296368673,100.3510017267821
-33.043935682131334,-33.043935682131334,-25.984823109739814,-25.617763120235658,100.3510017267821
-27.851490404465377,-27.851490404465377,-23.4492674746135,-25.621146426258022,100.3510017267821
-29.869674729428716,-29.869674729428716,-20.555303983138767,-25.448836411601174,100.3510017267821
-29.373097584088235,-29.373097584088235,-22.148210615952316,-25.269116125502755,100.3510017267821
-32.10518897262459,-32.10518897262459,-16.402498213342863,-24.53054277689581,100.3510017267821
-30.081604643868168,-30.081604643868168,-21.95007616682541,-24.895708201313308,100.3510017267821
-35.883532256850884,-35.883532256850884,-18.621343220069956,-24.679206298095146,100.3510017267821
-32.12395545784277,-32.12395545784277,-21.299094466532452,-24.537508283106067,100.3510017267821
-32.41573601621228,-32.41573601621228,-26.2774365832672,-25.00526235022099,100.3510017267821
-33.784410814468494,-33.784410814468494,-21.06281159625077,-24.705679333760795,100.3510017267821
-34.08809640665146,-34.08809640665146,-23.01491206293054,-24.68281769941718,100.3510017267821
-31.402836451313895,-31.402836451313895,-21.40429168262914,-24.93561708183207,100.3510017267821
-28.119560387032674,-28.119560387032674,-23.395784712835784,-25.37711472083704,100.3510017267821
-31.93153485986103,-31.93153485986103,-23.73134110238351,-25.78121394371441,100.3510017267821
-36.89741755462612,-36.89741755462612,-25.518442874809185,-25.407165604536967,100.3510017267821
-33.44210297333017,-33.44210297333017,-22.59967102913772,-24.995073117111982,100.3510017267821
-31.989489401007685,-31.989489401007685,-21.144026732821498,-25.118279877215215,100.3510017267821
-31.127136185575097,-31.127136185575097,-21.197192397596194,-25.016480299001973,100.3510017267821
-31.36182459162933,-31.36182459162933,-25.219819099219,-25.570994313362625,100.3510017267821
-25.388217754151025,-25.388217754151025,-28.710810637242254,-26.16991446015503,100.3510017267821
-32.58200043902977,-32.58200043902977,-27.507829613524155,-25.974813187700057,100.3510017267821
-34.69629730345,-34.69629730345,-30.266695680633212,-25.61664699785651,100.3510017267821
-26.338919977575614,-26.338919977575614,-29.339849004260437,-26.23880614066162,100.3510017267821
-22.77590133346596,-22.77590133346596,-29.90296987182803,-25.92835962013307,100.3510017267821
-30.835057068929537,-30.835057068929537,-29.57842648773855,-25.661450856588058,100.3510017267821
-29.2668677374556,-29.2668677374556,-31.41287877225247,-26.748671328366427,100.3510017267821
-34.7032176852243,-34.7032176852243,-36.65593556000729,-26.906297571336555,100.3510017267821
-28.080162799605866,-28.080162799605866,-41.17988099121799,-27.417117496026332,100.3510017267821
-32.2038519796728,-32.2038519796728,-37.822333718141046,-27.747821169653225,100.3510017267821
-28.763021351002223,-28.763021351002223,-35.46064513093818,-27.37124816124812,100.3510017267821
-32.967430361314484,-32.967430361314484,-39.21831615511932,-28.337595594840774,100.3510017267821
-34.234834890136334,-34.234834890136334,-42.01711212711304,-28.829021689340642,100.3510017267821
-31.38540520968247,-31.38540520968247,-43.24156020682686,-29.195038942966967,100.3510017267821
-35.81415208238379,-35.81415208238379,-39.02675098993761,-28.545320504835036,100.3510017267821
-32.34684289669835,-32.34684289669835,-41.25876713956829,-28.18552093938731,100.3510017267821
-29.37967134671294,-29.37967134671294,-40.94611421129631,-28.479530248636852,100.3510017267821
-35.50536176288936,-35.50536176288936,-35.77330115002828,-27.56264176912472,100.3510017267821
-32.879884717286025,-32.879884717286025,-33.27646531959808,-28.417914141824266,100.3510017267821
-35.86347007167005,-35.86347007167005,-35.52065305468586,-29.03993134026848,100.3510017267821
-31.758955550069782,-31.758955550069782,-31.12301408084528,-28.6766720279448,100.3510017267821
-30.138808348555962,-30.138808348555962,-29.015725792454084,-28.948321346753577,100.3510017267821
-27.95268518105097,-27.95268518105097,-28.450393870782886,-29.11755216715435,100.3510017267821
-34.065746380700105,-34.065746380700105,-29.424160446836463,-29.19133167077966,100.3510017267821
-32.09756841168685,-32.09756841168685,-34.02238290422572,-29.766331096865432,100.3510017267821
-36.239239313003274,-36.239239313003274,-33.352325200072485,-29.222091983106274,100.3510017267821
-32.647329213714144,-32.647329213714144,-31.7024823325231,-29.722244502407,100.3510017267821
-32.04028920156365,-32.04028920156365,-36.97847385401546,-29.8346161033885,100.3510017267821
-28.181651374165348,-28.181651374165348,-37.88011902847777,-30.9665504406845,100.3510017267821
-32.51297430184669,-32.51297430184669,-35.67933835248873,-32.10391616156037,100.3510017267821
-31.4571713431236,-31.4571713431236,-41.64549232758164,-31.600554754571622,100.3510017267821
-32.50167316528129,-32.50167316528129,-46.27619788125604,-33.006596301056824,100.3510017267821
-32.86658537495593,-32.86658537495593,-44.71285624165442,-33.370269920562535,100.3510017267821
-33.14881019419451,-33.14881019419451,-41.99841782810934,-33.47995443977377,100.3510017267821
-30.963515295541928,-30.963515295541928,-37.269653200360764,-32.79061961374713,100.3510017267821
-35.46677715201677,-35.46677715201677,-33.03827772925329,-32.549247886288356,100.3510017267821
-30.912140508136627,-30.912140508136627,-35.548511175294266,-32.44193150410077,100.3510017267821
-31.459409322339898,-31.459409322339898,-35.45244716901725,-33.20083689317796,100.3510017267821
-30.38582215700965,-30.38582215700965,-34.93078968152365,-33.69288948368274,100.3510017267821
-34.724430461977484,-34.724430461977484,-35.60843236733696,-33.970115318374326,100.3510017267821
-32.7554052168297,-32.7554052168297,-30.400706291545937,-33.468133693630655,100.3510017267821
-29.277146087156094,-29.277146087156094,-26.0020530990101,-33.604024508272744,100.3510017267821
-33.29218590992986,-33.29218590992986,-23.923033326432567,-33.87401824932322,100.3510017267821
-31.607576415091952,-31.607576415091952,-24.21223544953328,-33.64324458711328,100.3510017267821
-31.09387852202899,-31.09387852202899,-22.69957537044245,-32.584266467358916,100.3510017267821
-36.998999282430056,-36.998999282430056,-25.91024965908116,-32.62760924314276,100.3510017267821
-32.72212172286172,-32.72212172286172,-20.23557527384508,-31.96911235304224,100.3510017267821
-31.96202796025232,-31.96202796025232,-18.142190601719285,-32.600469666957515,100.3510017267821
-31.417182374752247,-31.417182374752247,-12.396085057964006,-31.932668015756303,100.3510017267821
-35.212130528427856,-35.212130528427856,-14.557897573932049,-31.83773101331693,100.3510017267821
-32.82420450103768,-32.82420450103768,-20.497173141610933,-31.82540619450439,100.3510017267821
-31.699639783904075,-31.699639783904075,-17.772970370080618,-31.657052659584032,100.3510017267821
-30.17722466709794,-30.17722466709794,-20.41843987504157,-31.904367088204893,100.3510017267821
-32.73751892164518,-32.73751892164518,-19.65371583665927,-31.70601795359304,100.3510017267821
-31.477338166893965,-31.477338166893965,-25.133684777580026,-31.63040944850932,100.3510017267821
-31.562898996234107,-31.562898996234107,-24.703936086828154,-31.652711162960678,100.3510017267821
-33.39541643969966,-33.39541643969966,-30.77836009793997,-31.842208618179743,100.3510017267821
-33.37298058118357,-33.37298058118357,-29.058544587414396,-31.08099147243893,100.3510017267821
-32.400999697426506,-32.400999697426506,-32.566846960242756,-30.210061209561253,100.3510017267821
-34.92684206839651,-34.92684206839651,-28.78381776437032,-30.030027822562783,100.3510017267821
-31.399710451159084,-31.399710451159084,-26.267175000459417,-29.98671216840864,100.3510017267821
-28.013229630447682,-28.013229630447682,-29.35566994349105,-29.68452341725838,100.3510017267821
-31.916860024953195,-31.916860024953195,-24.468037363934066,-28.3945521355691,100.3510017267821
-33.603338430336315,-33.603338430336315,-25.206327444923478,-28.098971401212367,100.3510017267821
-30.851682445910974,-30.851682445910974,-20.578559174709945,-27.94077108546378,100.3510017267821
-28.664671574730768,-28.664671574730768,-21.09903531861665,-27.620764798770345,100.3510017267821
-31.350646182244073,-31.350646182244073,-20.04283086029303,-27.66155194797909,100.3510017267821
-32.60360372041529,-32.60360372041529,-18.601318760160414,-27.646594994465353,100.3510017267821
-31.58867984410894,-31.58867984410894,-18.148523471047724,-27.18447283985118,100.3510017267821
-34.50108561899248,-34.50108561899248,-21.418445610528824,-27.209586333731377,100.3510017267821
-32.904600053507785,-32.904600053507785,-20.44772370971277,-27.85165409418214,100.3510017267821
-32.00216522645771,-32.00216522645771,-20.61868071563834,-28.00511440189523,100.3510017267821
-30.52983018624072,-30.52983018624072,-19.641562465909054,-26.632785854594335,100.3510017267821
-30.7763955588407,-30.7763955588407,-21.05629792459472,-26.42539889676402,100.3510017267821
-34.079508052742895,-34.079508052742895,-20.6761424866011,-25.271523001938853,100.3510017267821
-33.037361206547246,-33.037361206547246,-21.93144966292124,-25.3365896913401,100.3510017267821
-27.05710382097591,-27.05710382097591,-19.312353889750558,-25.183526259424585,100.3510017267821
-31.646787333310662,-31.646787333310662,-25.61510809888631,-25.373921843439533,100.3510017267821
-35.56192746244141,-35.56192746244141,-30.42936723149389,-25.694322480454403,100.3510017267821
-33.577331643318146,-33.577331643318146,-29.365409851540488,-25.946800633541734,100.3510017267821
-31.960738938249325,-31.960738938249325,-32.283286793133655,-25.979212987292545,100.3510017267821
-33.51046339598389,-33.51046339598389,-31.80621287010693,-25.11111739966541,100.3510017267821
-32.037534390045266,-32.037534390045266,-35.175217618572425,-24.725258129977938,100.3510017267821
-26.363441264898814,-26.363441264898814,-34.9910678554152,-25.023928902225197,100.3510017267821
-30.70457712880531,-30.70457712880531,-39.66209743387342,-25.75001184864139,100.3510017267821
-32.13745723017423,-32.13745723017423,-39.48776484324357,-26.62648711413815,100.3510017267821
-34.059140736943725,-34.059140736943725,-35.92294325806642,-25.258412675979013,100.3510017267821
-31.066427929197406,-31.066427929197406,-34.126620347492434,-25.108756479134566,100.3510017267821
-34.88338886307898,-34.88338886307898,-24.75988250264202,-23.66014104467808,100.3510017267821
-34.62386123414044,-34.62386123414044,-21.94206700817809,-23.21352756170995,100.3510017267821
-31.285678830164432,-31.285678830164432,-21.810259688271326,-24.261123666637623,100.3510017267821
-30.602907368661235,-30.602907368661235,-25.7604107100026,-25.062788921863902,100.3510017267821
-32.27539082912016,-32.27539082912016,-25.045746620237118,-24.949800788738845,100.3510017267821
-31.29906346841468,-31.29906346841468,-26.213354003695382,-25.424152613057615,100.3510017267821
-34.85278353763918,-34.85278353763918,-25.8988461588541,-26.38986600632372,100.3510017267821
-32.636179557913735,-32.636179557913735,-28.847612542592834,-27.213959690840483,100.3510017267821
-31.06342209903916,-31.06342209903916,-32.293200162930255,-27.66993765379604,100.3510017267821
-36.62458797131939,-36.62458797131939,-30.4707100932881,-27.574460377448325,100.3510017267821
-29.80566863448205,-29.80566863448205,-39.70057066261039,-29.121038165607352,100.3510017267821
-30.88268531687602,-30.88268531687602,-43.054378139753496,-28.912823674874236,100.3510017267821
-35.31597386980854,-35.31597386980854,-42.683524551763014,-28.698393948668034,100.3510017267821
-32.53639388898729,-32.53639388898729,-41.884057276842775,-29.885006303216336,100.3510017267821
-33.3458175328816,-33.3458175328816,-44.33187810662224,-29.732488435054982,100.3510017267821
-30.29809098798479,-30.29809098798479,-39.474693478955,-29.388348141516754,100.3510017267821
-31.154483150545435,-31.154483150545435,-38.67288166348181,-29.097705383504078,100.3510017267821
-30.695152153073078,-30.695152153073078,-36.134237906219845,-29.500020054718824,100.3510017267821
-30.643082225075464,-30.643082225075464,-40.90347715269094,-29.694961064746245,100.3510017267821
-32.210230129681094,-32.210230129681094,-44.07948696969841,-30.578648853905133,100.3510017267821
-31.48523058713854,-31.48523058713854,-38.642422801498924,-30.336153333858586,100.3510017267821
-29.395963857403263,-29.395963857403263,-33.845132888588516,-29.925086699717884,100.3510017267821
-30.627799331736675,-30.627799331736675,-35.67827600991505,-30.580614150559168,100.3510017267821
-34.464046758509674,-34.464046758509674,-35.19083443030139,-31.052039200578417,100.3510017267821
-29.587748598077766,-29.587748598077766,-32.501649259637325,-31.339210814195635,100.3510017267821
-33.31103168405911,-33.31103168405911,-34.873589907577376,-31.32180063404754,100.3510017267821
-28.954878232711216,-28.954878232711216,-33.668465879120085,-31.715686724386106,100.3510017267821
-30.6404596053453,-30.6404596053453,-32.862515708360306,-31.852716132667556,100.3510017267821
-29.584784779670176,-29.584784779670176,-25.618292149953096,-30.810053322678257,100.3510017267821
-32.87884243304114,-32.87884243304114,-21.550977574194157,-31.16858061671188,100.3510017267821
-33.6455363582386,-33.6455363582386,-20.265536356493016,-30.75955591094765,100.3510017267821
-28.837115935846736,-28.837115935846736,-25.864095064928627,-30.814216590597837,100.3510017267821
-26.112593935657834,-26.112593935657834,-22.3013118894021,-30.951331786497025,100.3510017267821
-30.470770726105116,-30.470770726105116,-19.876003714969563,-30.90350380044465,100.3510017267821
-32.321645569314036,-32.321645569314036,-21.443761421696287,-31.699650605353078,100.3510017267821
-33.84017731048695,-33.84017731048695,-15.762249376227237,-30.262990924374044,100.3510017267821
-36.50802856262047,-36.50802856262047,-16.679496984798163,-30.916357624025512,100.3510017267821
-31.41521114370955,-31.41521114370955,-17.16883231913615,-30.900192663910538,100.3510017267821
-28.855947642119613,-28.855947642119613,-18.909255464246574,-30.729433637577458,100.3510017267821
-33.031356453355656,-33.031356453355656,-19.415904496736914,-29.928739896282,100.3510017267821
-32.72109619893722,-32.72109619893722,-19.661114063267355,-28.60590527730234,100.3510017267821
-32.91222595221169,-32.91222595221169,-17.81156257692004,-28.50344713567375,100.3510017267821
-32.43711767316986,-32.43711767316986,-18.600693464506996,-28.2148131207717,100.3510017267821
-28.972450544239155,-28.972450544239155,-18.803392106320466,-28.302939647687356,100.3510017267821
-30.68589142861054,-30.68589142861054,-18.400247994514046,-28.3446566805414,100.3510017267821
-35.313250387017916,-35.313250387017916,-24.790366144049795,-28.222850582100964,100.3510017267821
-27.524798131149,-27.524798131149,-23.273554839911693,-27.63864910523317,100.3510017267821
-32.52915791114629,-32.52915791114629,-20.55205895669859,-27.11305148660155,100.3510017267821
-33.18690310614447,-33.18690310614447,-24.679819076727703,-28.480808801309713,100.3510017267821
-32.965411825825925,-32.965411825825925,-30.166519253560363,-29.136719677495584,100.3510017267821
-29.445296126004223,-29.445296126004223,-34.55003240900716,-30.563935258575366,100.3510017267821
-31.564090449693865,-31.564090449693865,-32.576346385048296,-30.630303011047793,100.3510017267821
-31.17802205853663,-31.17802205853663,-29.851691984355153,-29.82309957998846,100.3510017267821
-32.701423353171464,-32.701423353171464,-28.77756297734387,-28.906370101155616,100.3510017267821
-31.491694101699224,-31.491694101699224,-28.17100077767442,-28.96970751202887,100.3510017267821
-30.267697980015818,-30.267697980015818,-29.1596611037956,-28.812112002121008,100.3510017267821
-33.14658437858344,-33.14658437858344,-33.035967177201535,-29.06607330890266,100.3510017267821
-35.03500296542052,-35.03500296542052,-32.798717705491875,-27.90327251918135,100.3510017267821
-30.290248268152887,-30.290248268152887,-31.56473334990128,-28.33511543870392,100.3510017267821
-31.16495168856666,-31.16495168856666,-29.5922813577401,-28.961033930385984,100.3510017267821
-30.822667054509342,-30.822667054509342,-31.437618774563884,-28.911344880966066,100.3510017267821
-31.057373367625317,-31.057373367625317,-28.118781273963616,-27.64318363788982,100.3510017267821
-32.97283623747841,-32.97283623747841,-34.45737667060727,-28.177870003757317,100.3510017267821
-31.305268566818746,-31.305268566818746,-33.06469859141491,-27.14249836407004,100.3510017267821
-33.92034155363301,-33.92034155363301,-34.084070294184976,-26.92014594954141,100.3510017267821
-31.99079856829833,-31.99079856829833,-29.186860026761146,-26.754545311682232,100.3510017267821
-37.285241144024056,-37.285241144024056,-23.588333077886766,-26.04916359178365,100.3510017267821
-30.15270130852127,-30.15270130852127,-28.539202695524757,-26.384265477042337,100.3510017267821
-29.300027240988165,-29.300027240988165,-28.199642332783856,-25.7943484747225,100.3510017267821
-30.319948683610278,-30.319948683610278,-30.30652114192501,-26.206440764831303,100.3510017267821
-33.288165501403896,-33.288165501403896,-24.75443104830571,-26.133746530327425,100.3510017267821
-34.14875910685154,-34.14875910685154,-31.214899164244237,-27.117136893020962,100.3510017267821
-31.312200412004916,-31.312200412004916,-24.47618844897533,-25.93745249156937,100.3510017267821
-33.913501136730595,-33.913501136730595,-27.3464686499903,-25.57362520800782,100.3510017267821
-31.823803169577268,-31.823803169577268,-29.70291579637788,-26.360399256889522,100.3510017267821
-35.19521267000238,-35.19521267000238,-31.88222003416903,-26.156271337000558,100.3510017267821
-29.978438969421095,-29.978438969421095,-35.353642128073055,-26.386198841574245,100.3510017267821
-29.44442791145466,-29.44442791145466,-32.2964630538726,-26.27105494614479,100.3510017267821
-33.61422373939679,-33.61422373939679,-31.777270897338944,-27.026144224199665,100.3510017267821
-32.949871243466795,-32.949871243466795,-26.487093372820283,-27.193663924556528,100.3510017267821
-34.92183088439639,-34.92183088439639,-31.350216082097496,-28.350682475448316,100.3510017267821
-31.84788474570353,-31.84788474570353,-23.725393613728546,-26.68939660278095,100.3510017267821
-35.40391947765343,-35.40391947765343,-27.73519702080144,-27.024229517849236,100.3510017267821
-32.929496194550445,-32.929496194550445,-28.042194748838334,-27.206863414781573,100.3510017267821
-27.97880670137839,-27.97880670137839,-25.14937682834867,-27.101522338219997,100.3510017267821
-28.418350165683204,-28.418350165683204,-24.28026716023502,-27.85987489380212,100.3510017267821
-33.327384686314545,-33.327384686314545,-24.481336028418372,-27.946566650298287,100.3510017267821
-29.09815786143739,-29.09815786143739,-26.413971858904898,-28.12008285409854,100.3510017267821
-30.836579659802737,-30.836579659802737,-29.324208397786066,-29.109134810907566,100.3510017267821
-30.60273516059664,-30.60273516059664,-30.75127962041534,-29.460738949292217,100.3510017267821
-28.81626379174521,-28.81626379174521,-25.763546464462376,-29.57116895568733,100.3510017267821
-31.291657592008875,-31.291657592008875,-28.392676333188895,-28.805619354034725,100.3510017267821
-29.033518996962258,-29.033518996962258,-24.305259832321234,-28.165142791412087,100.3510017267821
-34.04180555514542,-34.04180555514542,-22.98332490454856,-28.042849974427195,100.3510017267821
-27.701617324332183,-27.701617324332183,-25.312099227749655,-28.48389258486712,100.3510017267821
-31.16513377187697,-31.16513377187697,-23.207214372308105,-27.54324453945378,100.3510017267821
-29.76255032530659,-29.76255032530659,-24.81964610349967,-28.255784903015883,100.3510017267821
-29.948929376170668,-29.948929376170668,-20.249635635363397,-28.059598189831505,100.3510017267821
-28.49051420087757,-28.49051420087757,-15.507743006226173,-27.274719596807262,100.3510017267821
-27.809926820986508,-27.809926820986508,-12.280967979496172,-25.883628694479377,100.3510017267821
-32.889562397647076,-32.889562397647076,-10.504994301580654,-24.762161334202023,100.3510017267821
-36.5174763754151,-36.5174763754151,-11.982504097121376,-24.686850896449332,100.3510017267821
-29.597837314393136,-29.597837314393136,-16.296709456795252,-25.4541462859001,100.3510017267821
-32.04933249606323,-32.04933249606323,-19.592484808592086,-26.205834340676837,100.3510017267821
-32.30545332402022,-32.30545332402022,-17.611703638998755,-26.37203315713199,100.3510017267821
-32.15874640076986,-32.15874640076986,-21.722345542929084,-26.055781427280472,100.3510017267821
-33.31165197117117,-33.31165197117117,-23.483758492221696,-26.345343166019916,100.3510017267821
-32.94720654776873,-32.94720654776873,-29.38488204828393,-27.376831058389918,100.3510017267821
-33.78157787388647,-33.78157787388647,-27.462721889320402,-26.454317304691088,100.3510017267821
-32.12006676982385,-32.12006676982385,-30.597112065470156,-26.084594836025396,100.3510017267821
-29.907090247704442,-29.907090247704442,-32.06116029164472,-24.886869637618194,100.3510017267821
-29.511193135858218,-29.511193135858218,-33.06392135194976,-25.67587891204656,100.3510017267821
-35.36891966156496,-35.36891966156496,-29.825042832692542,-24.527679518317154,100.3510017267821
-34.229858477406225,-34.229858477406225,-29.50384490135192,-25.493663602664242,100.3510017267821
-32.48821625046755,-32.48821625046755,-28.104639362096105,-25.176146970714214,100.3510017267821
-33.94039963461009,-33.94039963461009,-27.268538553369574,-25.67211713260216,100.3510017267821
-29.613201364012763,-29.613201364012763,-26.41139795989527,-26.90995614242161,100.3510017267821
-33.19816113643027,-33.19816113643027,-20.643877342485585,-25.797765987782082,100.3510017267821
-29.565149516005196,-29.565149516005196,-25.64869259220784,-25.944127356575883,100.3510017267821
-27.016997140273535,-27.016997140273535,-27.941814804153154,-25.611653568471016,100.3510017267821
-32.63988985874853,-32.63988985874853,-31.522220544712418,-26.240427536899528,100.3510017267821
-33.830915902535935,-33.830915902535935,-32.48531938797571,-25.929962956792856,100.3510017267821
-30.40771118071484,-30.40771118071484,-33.74604397082021,-26.381650622686134,100.3510017267821
-32.72882323061084,-32.72882323061084,-31.344172279920475,-26.293204328650276,100.3510017267821
-33.671114108375775,-33.671114108375775,-33.03153308273899,-25.841870427986436,100.3510017267821
-34.5706611498901,-34.5706611498901,-34.53176987808064,-26.202027101384488,100.3510017267821
-30.09722724074536,-30.09722724074536,-35.27531713816238,-26.894291144439475,100.3510017267821
-30.86002537968069,-30.86002537968069,-39.162116772895864,-27.17089673158674,100.3510017267821
-34.062051945749275,-34.062051945749275,-33.179543164296106,-26.22458180996732,100.3510017267821
-26.760148503245514,-26.760148503245514,-32.010768464001735,-26.716388586707307,100.3510017267821
-33.16183839467712,-33.16183839467712,-32.48937925254536,-26.468260170989105,100.3510017267821
-34.42949662900333,-34.42949662900333,-29.194891634603028,-27.023862560967753,100.3510017267821
-35.94342007719461,-35.94342007719461,-27.961934186822212,-26.426998055890294,100.3510017267821
-35.0199846003269,-35.0199846003269,-25.00426941853794,-25.685619262590198,100.3510017267821
-29.83224457958132,-29.83224457958132,-21.284385900144244,-25.068872242345545,100.3510017267821
-32.62264915705465,-32.62264915705465,-18.10567432687173,-24.967108534711823,100.3510017267821
-32.75738693827458,-32.75738693827458,-13.221073050932564,-24.642238548942313,100.3510017267821
-29.551789133921726,-29.551789133921726,-10.787538283911271,-24.045610016588007,100.3510017267821
-33.400011786058556,-33.400011786058556,-16.96003585973076,-23.751747302356257,100.3510017267821
-30.507877828848123,-30.507877828848123,-17.397755965266974,-24.04568385567763,100.3510017267821
-30.571471329849242,-30.571471329849242,-18.4605815568724,-25.007667189471103,100.3510017267821
-30.539633955605588,-30.539633955605588,-22.249615283287476,-25.795250350987462,100.3510017267821
-32.379043029084784,-32.379043029084784,-23.203947079375197,-26.20673550530108,100.3510017267821
-33.116358567004916,-33.116358567004916,-22.282143903789617,-25.545383062438404,100.3510017267821
-33.6131710301641,-33.6131710301641,-23.36800959321915,-24.68005431543945,100.3510017267821
-31.073069135377025,-31.073069135377025,-20.53933999491469,-24.433533659233145,100.3510017267821
-33.678050294024494,-33.678050294024494,-19.742900488864414,-23.626889426015268,100.3510017267821
-32.475237981841886,-32.475237981841886,-15.851647170667984,-23.166012323648925,100.3510017267821
-38.97820709168516,-38.97820709168516,-14.137024526839634,-23.47760360647895,100.3510017267821
-31.903679077487453,-31.903679077487453,-11.628597075950273,-23.915209674968455,100.3510017267821
-37.07634160568665,-37.07634160568665,-10.659038797684255,-25.038476088691834,100.3510017267821
-29.47903209709152,-29.47903209709152,-4.829425386955879,-24.364634608954372,100.3510017267821
-32.67830301777952,-32.67830301777952,-6.559920334052114,-24.259377680752458,100.3510017267821
-30.575199754324167,-30.575199754324167,-8.963822260937423,-23.419650552907473,100.3510017267821
-27.856050388054456,-27.856050388054456,-11.514772007657434,-23.460667989171185,100.3510017267821
-33.31744983029134,-33.31744983029134,-13.483544763159177,-22.785773503279167,100.3510017267821
-29.604524250294254,-29.604524250294254,-11.848785536532679,-21.29989483487746,100.3510017267821
-32.80297053664757,-32.80297053664757,-19.36380632262387,-21.161797178516913,100.3510017267821
-31.087880519411314,-31.087880519411314,-19.710378751279592,-21.927134978870786,100.3510017267821
-30.0844875877577,-30.0844875877577,-18.636836127611836,-21.52315448739679,100.3510017267821
-32.29146564140089,-32.29146564140089,-19.425435307771732,-22.511331091917228,100.3510017267821
-35.173173330394036,-35.173173330394036,-26.188512592900402,-22.989552857144496,100.3510017267821
-32.92848111569903,-32.92848111569903,-19.020173979036457,-22.09840391002124,100.3510017267821
