Average Episodic Reward,Average Episodic N-Reward,Avg Reward (last 10),Avg Reward (last 50),Best Reward
458.62824826313073,458.62824826313073,431.09922775817364,431.09922775817364,431.09922775817364
469.19393598088425,469.19393598088425,437.0412453819822,437.0412453819822,442.9832630057907
462.240812933912,462.240812933912,445.9629523523447,445.9629523523447,463.80636629306974
465.51567770708976,465.51567770708976,447.3461900002303,447.3461900002303,463.80636629306974
458.7903589020228,458.7903589020228,441.82412448427795,441.82412448427795,463.80636629306974
464.3840219540239,464.3840219540239,450.9545709339166,450.9545709339166,496.6068031821101
464.9391387374741,464.9391387374741,454.9333321290113,454.9333321290113,496.6068031821101
463.38750264511947,463.38750264511947,459.2985311719108,459.2985311719108,496.6068031821101
464.59858036612087,464.59858036612087,455.87973698213005,455.87973698213005,496.6068031821101
459.6018527540353,459.6018527540353,454.89250101760115,454.89250101760115,496.6068031821101
463.1534722906352,463.1534722906352,458.9607896351642,456.4279203736196,496.6068031821101
461.0652378152448,461.0652378152448,460.5527045277202,456.6341280034306,496.6068031821101
464.06392709797177,464.06392709797177,465.35259508456056,460.8780621463571,511.805271861474
463.0816615100833,463.0816615100833,464.6276079669623,459.6900599764676,511.805271861474
462.4769502106465,462.4769502106465,466.7969663661661,458.47268573887015,511.805271861474
462.4038098372776,462.4038098372776,461.24897772086797,457.3885751757612,511.805271861474
466.2023529513153,466.2023529513153,457.5510060032211,456.4731402903112,511.805271861474
461.19402050065094,461.19402050065094,455.93079939771235,457.4275690751339,511.805271861474
462.42024352161854,462.42024352161854,458.17398119328834,457.0872339353713,511.805271861474
462.04681986511457,462.04681986511457,458.9819547405323,456.9372278790667,511.805271861474
463.1972622768968,463.1972622768968,449.6476605098486,453.19922520039523,511.805271861474
460.7181486064978,460.7181486064978,445.88058839515924,451.74615545421625,511.805271861474
464.92214474056294,464.92214474056294,445.1088059397636,454.02186379566416,511.805271861474
458.2838483380158,458.2838483380158,447.69529843550225,454.692242667732,511.805271861474
463.64291918985714,463.64291918985714,447.6990379055992,454.1632266055617,511.805271861474
511.9687772875652,511.9687772875652,448.59437791312695,454.0061916132096,511.805271861474
525.0306455038994,525.0306455038994,454.7387833534832,455.8307858692638,511.805271861474
528.2248200209558,528.2248200209558,465.0520857382056,460.1506107405167,576.7858822643441
535.9259869417812,535.9259869417812,476.714330426953,463.8551982428133,576.7858822643441
544.4437523592874,544.4437523592874,479.1981882878614,464.35754801533164,576.7858822643441
545.9973904632551,545.9973904632551,496.8975661488286,467.29546421601896,576.7858822643441
547.4997493800796,547.4997493800796,505.18918796102554,468.4471031125942,576.7858822643441
542.3606925869713,542.3606925869713,511.3383893845338,471.3905079135035,576.7858822643441
544.1568396081541,544.1568396081541,520.4945204524404,474.0458537808815,576.7858822643441
539.523319244934,539.523319244934,532.7389241747123,476.61342591103335,576.7858822643441
546.1515142404413,546.1515142404413,542.001942284279,478.44945568850665,576.7858822643441
545.1804046719611,545.1804046719611,547.5487545408693,480.61942605077877,576.7858822643441
556.1963402188085,556.1963402188085,544.4462571236633,482.3336755781868,576.7858822643441
548.1711595225275,548.1711595225275,544.89536477264,484.63472812225604,576.7858822643441
553.1155896055031,553.1155896055031,548.5896391803477,485.4155708065856,576.7858822643441
555.5390128830383,555.5390128830383,554.1093070555354,488.4695722256571,610.6296289885169
551.0510364487694,551.0510364487694,569.2332397850186,492.44380232031426,655.38723620126
559.3092243677071,559.3092243677071,564.7465056119738,493.10120505268264,655.38723620126
553.1290164735871,553.1290164735871,567.4734097207222,495.2793892217544,655.38723620126
559.5962222934776,559.5962222934776,569.5703025793077,497.27050961509434,655.38723620126
558.3724559731975,558.3724559731975,568.9691913671074,498.1276590968981,655.38723620126
556.7386211769145,556.7386211769145,569.5066502923594,499.5316014213278,655.38723620126
562.7166599023477,562.7166599023477,576.0651410561771,501.8610642194348,655.38723620126
556.2810601611043,556.2810601611043,580.5091171388797,504.2009299623833,655.38723620126
559.3667706548673,559.3667706548673,589.5454713545695,506.2415509161824,655.38723620126
567.1634991920128,567.1634991920128,586.6729833967843,509.2576613492322,655.38723620126
560.4067493049286,560.4067493049286,576.9761706768571,511.56637826915613,655.38723620126
561.5091367386349,561.5091367386349,581.6790969003289,513.6450785842321,655.38723620126
555.7073134042802,555.7073134042802,579.5431916777768,515.9668056506807,655.38723620126
566.0250284280063,566.0250284280063,584.1302887312628,520.1871039514095,655.38723620126
562.3947805740836,562.3947805740836,587.5601427944771,521.6749264159718,655.38723620126
566.8313385239446,566.8313385239446,590.3609301644228,523.9412248708711,655.38723620126
568.1941703590722,568.1941703590722,585.1961341459737,525.3380834923464,655.38723620126
568.3999729520008,568.3999729520008,578.4086805909368,527.7402948245397,655.38723620126
573.3340825557159,573.3340825557159,579.9577925295296,531.254609218568,655.38723620126
573.5387527781527,573.5387527781527,577.3332869090303,532.9321608040055,655.38723620126
570.7272952897628,570.7272952897628,579.4650124831511,535.3488398602423,655.38723620126
568.8344163342381,568.8344163342381,578.2214486471917,536.2188492967583,655.38723620126
570.9308132279492,570.9308132279492,581.1350901689586,539.26830209108,655.38723620126
575.4565376491565,575.4565376491565,574.2374753241298,541.6752057430024,655.38723620126
568.7577701409195,568.7577701409195,573.5582584110672,544.1367825540115,655.38723620126
567.0491292191532,567.0491292191532,572.3093458840949,546.8928928470458,655.38723620126
568.0860834878032,568.0860834878032,571.8080034350046,548.5135242998049,655.38723620126
573.4215002909874,573.4215002909874,574.6836420989154,551.042227005665,655.38723620126
574.9285459924623,574.9285459924623,574.099075060922,554.278033282646,655.38723620126
574.8474651744344,574.8474651744344,573.8309134406528,557.7688113901663,655.38723620126
573.6449957633685,573.6449957633685,582.0688415129418,562.5864904837989,662.1156454660871
575.1766368018708,575.1766368018708,581.4901425912816,563.495116627062,662.1156454660871
570.6289486009252,570.6289486009252,579.9048529377427,565.7102129915281,662.1156454660871
574.0971781397822,574.0971781397822,584.0409793872138,568.9435940393254,662.1156454660871
490.69939080422205,490.69939080422205,586.278748610909,571.673656693568,662.1156454660871
488.8818256071463,488.8818256071463,575.7515473499157,571.0954456463325,662.1156454660871
488.24468567415823,488.24468567415823,570.7443549687538,569.6519781459145,662.1156454660871
490.694138163169,490.694138163169,567.7754995587908,569.2544608320327,662.1156454660871
500.74323487441893,500.74323487441893,557.3420337318163,569.906802371437,662.1156454660871
500.78682562959665,500.78682562959665,545.3050341359274,567.450304987586,662.1156454660871
504.7880890015368,504.7880890015368,532.4625611876305,568.0411651291199,662.1156454660871
506.44397669649936,506.44397669649936,528.163218007658,566.8600823516869,662.1156454660871
508.28948481882895,508.28948481882895,517.5440089786154,565.1201106967632,662.1156454660871
513.165507100236,513.165507100236,502.7390240710407,562.943614018591,662.1156454660871
517.933161069708,517.933161069708,494.26534826799224,562.1263378903107,662.1156454660871
519.5248000849701,519.5248000849701,497.27131416607943,561.0399575713744,662.1156454660871
524.0094000130858,524.0094000130858,499.67423650334877,560.6975740218517,662.1156454660871
527.3677706716325,527.3677706716325,499.53362159235365,560.1821121959754,662.1156454660871
526.2744301641816,526.2744301641816,506.0877889434728,561.4064323240619,662.1156454660871
529.6119197451219,529.6119197451219,525.4435258673475,561.7171487499485,662.1156454660871
534.8097811821257,534.8097811821257,523.6649306831812,558.9275033087524,662.1156454660871
536.8625845770308,536.8625845770308,527.7011510638995,559.451011442072,662.1156454660871
530.156665436269,530.156665436269,535.5293299800632,558.7312947486313,662.1156454660871
538.6866047382407,538.6866047382407,545.5876691748213,558.1470873376936,662.1156454660871
540.2932546047175,540.2932546047175,548.2166833931893,557.975836295527,662.1156454660871
537.2518500399262,537.2518500399262,551.0654084001291,557.3517091929283,662.1156454660871
536.8931638140315,536.8931638140315,548.6181314673127,555.2081721040787,662.1156454660871
542.554575998126,542.554575998126,548.3658935217443,553.7534674725481,662.1156454660871
556.8504327364215,556.8504327364215,535.1505826416749,550.5274545814831,662.1156454660871
553.5613987501453,553.5613987501453,528.1053422872621,550.003620528044,662.1156454660871
545.7280939289379,545.7280939289379,523.8299545187389,548.2982600771287,662.1156454660871
554.8525460081278,554.8525460081278,529.3515841522291,548.9855088924519,662.1156454660871
557.4755835403839,557.4755835403839,529.1822606376915,548.6591085406142,662.1156454660871
555.7479204018674,555.7479204018674,529.5483816071658,547.2307059128742,662.1156454660871
560.5660815043483,560.5660815043483,537.3698653585718,547.9377808083459,662.1156454660871
560.3901871897227,560.3901871897227,533.6245426983611,546.004431699716,662.1156454660871
562.8688866704225,562.8688866704225,541.8645464842754,546.5418545717391,662.1156454660871
562.3696481755255,562.3696481755255,540.8006267623065,546.231856706822,662.1156454660871
565.2510518158973,565.2510518158973,551.3551604429642,544.8069281641699,662.1156454660871
561.39633740294,561.39633740294,552.4850136082672,545.0339658678914,662.1156454660871
564.259536517616,564.259536517616,560.1929505527548,544.4438476910494,662.1156454660871
569.740419981314,569.740419981314,561.2651563610378,545.5942504352213,662.1156454660871
570.3109558400619,570.3109558400619,563.513810993547,545.1348527055319,662.1156454660871
568.2607642374487,568.2607642374487,563.3351570124374,545.0502422505358,662.1156454660871
571.3442901454545,571.3442901454545,566.6438938061427,546.554907887361,662.1156454660871
574.3600543548422,574.3600543548422,576.8298714600144,546.9085368148999,662.1156454660871
577.1662959093034,577.1662959093034,577.7072079978195,547.721695484302,662.1156454660871
570.9509262672918,570.9509262672918,579.3888938633837,547.1729070597157,662.1156454660871
571.5950299813965,571.5950299813965,582.5429957781492,546.4957123076153,662.1156454660871
581.1491810253549,581.1491810253549,587.4903791359574,547.7658590069523,662.1156454660871
571.0334920472684,571.0334920472684,586.0041665786887,545.2309127041987,662.1156454660871
574.6923618122725,574.6923618122725,587.0554239689337,546.7073067107516,662.1156454660871
575.6875201954385,575.6875201954385,586.8320883167085,546.5202997813251,662.1156454660871
583.7500018984672,583.7500018984672,585.4803174729954,545.3381098676921,662.1156454660871
580.1123776999945,580.1123776999945,577.4344883851148,544.7860558422021,662.1156454660871
574.9050997184271,574.9050997184271,574.2600114518671,546.6102296352902,662.1156454660871
578.0716043727962,578.0716043727962,569.6650735830208,547.5058392071554,662.1156454660871
582.1159072902371,582.1159072902371,574.2425558836962,548.4663183246969,662.1156454660871
583.5482702829522,583.5482702829522,571.1258408222027,549.2524737256928,662.1156454660871
577.7705780135442,577.7705780135442,568.380457515997,552.3809436829663,662.1156454660871
587.4172599107393,587.4172599107393,570.1610800952035,552.7706164857134,662.1156454660871
586.5067463564808,586.5067463564808,570.8505568528766,555.2447744797953,662.1156454660871
584.5969583282429,584.5969583282429,569.1432724527806,556.8401524761581,662.1156454660871
584.0472231795563,584.0472231795563,574.6459451687189,559.7194940872276,662.1156454660871
583.0638984489451,583.0638984489451,572.017713124004,560.3365288134045,662.1156454660871
587.8907263338757,587.8907263338757,579.6556748097576,563.0871017640258,662.1156454660871
589.9418362366865,589.9418362366865,585.1959760836328,564.6101871232122,662.1156454660871
589.3843969460794,589.3843969460794,581.494761934391,564.8585463931043,662.1156454660871
586.898505621007,586.898505621007,583.9652266770042,564.8279612723991,662.1156454660871
588.9375844600422,588.9375844600422,579.7523561353663,563.2427097365701,662.1156454660871
586.9040462231246,586.9040462231246,583.6078236642707,564.7591950819314,662.1156454660871
582.0689455153847,582.0689455153847,579.5399954597849,565.6125433589724,662.1156454660871
588.0233467668278,588.0233467668278,580.5589953888365,565.8460855579128,662.1156454660871
585.540719977875,585.540719977875,585.77825704558,567.7576116613795,662.1156454660871
586.7500437993928,586.7500437993928,587.4473698186064,568.182666098488,662.1156454660871
591.4870199045174,591.4870199045174,581.5127830893587,569.1765767018718,662.1156454660871
593.057041990231,593.057041990231,576.6921918811929,570.2249992059882,662.1156454660871
589.8049570464523,589.8049570464523,576.9750590618792,570.5803795011312,662.1156454660871
590.6403739713401,590.6403739713401,574.8612378879618,572.7700923216564,662.1156454660871
585.831164019108,585.831164019108,580.577608086847,573.737162896487,662.1156454660871
599.6249250721853,599.6249250721853,579.3087336717078,575.854950912525,662.1156454660871
587.5946286761429,587.5946286761429,579.7080677708512,575.6838400826967,662.1156454660871
594.4105089293274,594.4105089293274,579.221524881076,575.8539384065897,662.1156454660871
594.3083415139945,594.3083415139945,571.005065501741,576.0489484402945,662.1156454660871
587.9232042898403,587.9232042898403,577.8611330125426,576.280919629282,662.1156454660871
591.2124399225131,591.2124399225131,580.7144723407262,578.5945626303447,662.1156454660871
600.5738716700516,600.5738716700516,583.4334934102202,578.5387885911772,662.1156454660871
598.3302503788993,598.3302503788993,583.8471999529563,579.1896941392613,662.1156454660871
598.302648335129,598.302648335129,587.3284153891041,579.9647433108844,662.1156454660871
593.6030769944325,593.6030769944325,581.0486559418869,579.4498913632109,662.1156454660871
593.5301024221782,593.5301024221782,587.9367667622414,581.4037141544223,662.1156454660871
596.5110402120223,596.5110402120223,583.262375215872,580.0832838536637,662.1156454660871
596.9247905965667,596.9247905965667,591.9054713248354,581.5322704728475,662.1156454660871
593.8047600041988,593.8047600041988,587.4033512656457,580.8625872909362,662.1156454660871
600.2121667063788,600.2121667063788,583.3395739216598,579.6200556523855,662.1156454660871
594.9369865193818,594.9369865193818,578.9303654445083,579.0146614272436,662.1156454660871
593.769904882248,593.769904882248,580.4020132242556,579.0777496364645,662.1156454660871
590.9710744292094,590.9710744292094,578.0226310734705,578.9164415812788,662.1156454660871
590.4794506388073,590.4794506388073,581.683067726548,579.7927577005642,662.1156454660871
593.5465161706474,593.5465161706474,585.6745517753417,579.0867258910879,662.1156454660871
602.4118619776425,602.4118619776425,577.9562340247808,579.7941276436409,662.1156454660871
595.2481883346095,595.2481883346095,580.186691954352,578.7095374507473,662.1156454660871
599.0036001789521,599.0036001789521,575.2830629832455,579.2224654061549,662.1156454660871
605.3807493846201,605.3807493846201,585.5413542940414,580.8747946551453,662.1156454660871
601.4382572214636,601.4382572214636,587.2691880255536,581.5869955804733,662.1156454660871
594.1672613538394,594.1672613538394,591.2305286909617,582.4087648750625,662.1156454660871
601.3810609729815,601.3810609729815,592.5813613090421,583.6610071816687,662.1156454660871
597.0246738123334,597.0246738123334,596.0547336270728,583.2788771299539,662.1156454660871
597.6601743882112,597.6601743882112,593.0089791886206,584.1693853738477,662.1156454660871
602.1214659841247,602.1214659841247,594.3269641809308,584.2760272240746,662.1156454660871
607.7639145031882,607.7639145031882,599.7875407579857,585.7194197761972,662.1156454660871
597.3647913619193,597.3647913619193,606.6294677285406,585.86531962588,662.1156454660871
603.3302510751525,603.3302510751525,605.2975958512378,586.4533300858462,662.1156454660871
595.7482335937048,595.7482335937048,597.7259452397193,585.4907946693454,662.1156454660871
604.1793770715492,604.1793770715492,602.0260941766047,587.5886717909934,662.1156454660871
604.0851847483598,604.0851847483598,605.0278112350472,587.4831921601203,662.1156454660871
605.6662839412057,605.6662839412057,601.3850653745951,586.8988250398611,662.1156454660871
605.9590962728025,605.9590962728025,610.1965223120195,589.0192292054795,664.7398052786014
594.6576687234265,594.6576687234265,606.5630220483378,588.6889444481145,664.7398052786014
596.8210245398085,596.8210245398085,611.4390860445396,590.6133732059093,664.7398052786014
603.2027306446145,603.2027306446145,608.8155640357888,590.760967850501,664.7398052786014
602.852234628603,602.852234628603,609.346329355765,591.8265864050761,664.7398052786014
605.6795479138734,605.6795479138734,610.6372537283943,592.4689817537578,664.7398052786014
606.0794441082616,606.0794441082616,617.6897962810389,591.8731025164373,664.7398052786014
607.8768574711125,607.8768574711125,616.9134434838791,593.481886524048,664.7398052786014
603.4204402432822,603.4204402432822,612.6362926970321,593.7078940816551,664.7398052786014
600.9823368231533,600.9823368231533,614.6713208667816,594.494650836979,664.7398052786014
602.1048665739728,602.1048665739728,620.1885657040801,597.6619305339198,719.9122536515857
601.9934749326655,601.9934749326655,624.322880320276,598.5812729345773,719.9122536515857
605.485065145214,605.485065145214,621.3331681653841,598.7644852216166,719.9122536515857
606.3668625247125,606.3668625247125,621.61367301428,599.2219557190152,719.9122536515857
608.2860212166238,608.2860212166238,619.5146852190489,599.7879098947158,719.9122536515857
600.2701539448593,600.2701539448593,617.1636717493939,600.0574111274213,719.9122536515857
606.4924275558457,606.4924275558457,620.998786448959,601.8718467058808,719.9122536515857
604.0160273578116,604.0160273578116,615.2096755258912,600.9515950267177,719.9122536515857
602.8158023215564,602.8158023215564,620.6934867344388,601.7036969603977,719.9122536515857
608.748395918874,608.748395918874,621.2439662578568,602.0567454065063,719.9122536515857
605.2938467404698,605.2938467404698,610.4764142799362,602.9877733993159,719.9122536515857
608.9496870707062,608.9496870707062,603.5887974588036,601.8333493485171,719.9122536515857
612.0381770890313,612.0381770890313,605.7343588811436,603.7016258094678,719.9122536515857
603.5115141678605,603.5115141678605,602.6626849009078,602.1671393467485,719.9122536515857
606.4496780333823,606.4496780333823,606.6072571713864,604.4568862858187,719.9122536515857
607.5072043452326,607.5072043452326,608.2921556432541,603.3347479911051,719.9122536515857
598.3639981093993,598.3639981093993,605.4135543079728,605.4738873143463,719.9122536515857
607.7684679767924,607.7684679767924,608.9588335506206,606.0754469525098,719.9122536515857
599.2161560476384,599.2161560476384,602.4116467679545,606.399953225087,719.9122536515857
603.306542997252,603.306542997252,601.6733356078923,606.3110098832335,719.9122536515857
603.7400704360332,603.7400704360332,604.9309574240239,608.3694386694265,719.9122536515857
609.3780575730196,609.3780575730196,609.3359584013276,607.363927483473,719.9122536515857
606.7250691811751,606.7250691811751,606.9083055296294,607.9483765603255,719.9122536515857
608.3032341261638,608.3032341261638,610.3636281985282,608.648618181498,719.9122536515857
607.3793889832306,607.3793889832306,603.0824514458631,609.0360381841208,719.9122536515857
612.7046701610653,612.7046701610653,601.1249269084632,608.5031207761486,719.9122536515857
600.9280068074078,600.9280068074078,599.7548197872759,608.3165804129932,719.9122536515857
607.5013222745536,607.5013222745536,599.6768411807243,608.5569775835439,719.9122536515857
613.2650934799308,613.2650934799308,595.1375869325868,607.1813648734119,719.9122536515857
603.7432869035127,603.7432869035127,599.8032569695508,607.7553890153354,719.9122536515857
610.402815001962,610.402815001962,595.1452378616747,608.1875395163469,719.9122536515857
608.0153429077343,608.0153429077343,597.299607504757,608.2220531467003,719.9122536515857
608.0979169093093,608.0979169093093,596.9438609250212,608.4717559091437,719.9122536515857
605.2859759607107,605.2859759607107,597.0562850076415,608.1023670314293,719.9122536515857
608.1014664271612,608.1014664271612,608.0417544132674,609.3184955210661,719.9122536515857
605.69427395271,605.69427395271,613.232853149858,610.0901722358726,719.9122536515857
604.7458968561018,604.7458968561018,618.4976162794376,612.4709146209368,719.9122536515857
610.3075295848274,610.3075295848274,622.4958444234767,612.6509276329184,719.9122536515857
606.5714338769786,606.5714338769786,634.371410846384,613.0500847956793,719.9122536515857
611.038819926995,611.038819926995,633.402702568263,614.1589164540688,719.9122536515857
608.6683990943784,608.6683990943784,635.343224444913,613.2168799429255,719.9122536515857
612.4485415634146,612.4485415634146,635.4505724546291,613.9995632279587,719.9122536515857
610.4501085581181,610.4501085581181,637.9237121455801,613.7686811293516,719.9122536515857
610.9892027795098,610.9892027795098,635.8194397575887,613.5031421757892,719.9122536515857
612.1460735336768,612.1460735336768,630.7173564042773,613.5927009307686,719.9122536515857
607.6154181066606,607.6154181066606,626.3586740738258,613.2344563049589,719.9122536515857
607.4841547650866,607.4841547650866,621.3444028258498,613.2018359298991,719.9122536515857
606.86941334457,606.86941334457,614.8555201555114,612.2393429672447,719.9122536515857
615.7188535570059,615.7188535570059,607.3817853437351,611.9991833250199,719.9122536515857
607.5341743510903,607.5341743510903,606.1621828154391,612.4570888438003,719.9122536515857
608.2580945502233,608.2580945502233,607.6022595709452,610.6996187162986,719.9122536515857
612.2850903632335,612.2850903632335,615.6593544343652,612.2668580507765,719.9122536515857
610.8757042258211,610.8757042258211,608.1842543379091,611.1388983638567,719.9122536515857
607.0892188463225,607.0892188463225,609.9532685271009,611.1710612783535,719.9122536515857
604.0721403004304,604.0721403004304,613.1755036475323,612.3248646164654,719.9122536515857
607.8473653672643,607.8473653672643,620.8666468984854,613.9750513347773,719.9122536515857
600.5489765093793,600.5489765093793,618.6736767778011,612.7368139956675,719.9122536515857
611.4202866765932,611.4202866765932,622.105072444438,613.6184223509541,719.9122536515857
610.1871356497805,610.1871356497805,626.1644302035196,613.093372018836,719.9122536515857
614.1832798139324,614.1832798139324,622.2352820416264,612.6553520005543,719.9122536515857
614.1534283104764,614.1534283104764,619.1741244726043,612.4391607548322,719.9122536515857
612.7861395760159,612.7861395760159,612.5464950571943,614.0583975704546,719.9122536515857
610.1918093423907,610.1918093423907,615.61536632392,613.1150998524121,719.9122536515857
603.6651385910873,603.6651385910873,614.8677765378735,613.6120796057465,719.9122536515857
610.2479564981628,610.2479564981628,610.7122855904894,613.145870300286,719.9122536515857
613.0084157432233,613.0084157432233,602.7958873293046,612.8757976719875,719.9122536515857
609.2461514013844,609.2461514013844,610.8656903800264,613.8272412100782,719.9122536515857
611.5522177692532,611.5522177692532,608.8640673095102,613.5994691027321,719.9122536515857
612.0687935829953,612.0687935829953,611.8309435871171,614.9772313826685,719.9122536515857
606.0932566112427,606.0932566112427,617.5591336323976,615.8325116054555,719.9122536515857
616.5891388169057,616.5891388169057,617.3781106983008,614.9285914096876,719.9122536515857
613.014995686284,613.014995686284,617.2607707665901,615.6433600435072,719.9122536515857
612.50133796393,612.50133796393,613.8026267364683,614.4939640937798,719.9122536515857
608.9457447976802,608.9457447976802,617.539128898961,615.0471797458333,719.9122536515857
612.0790686390131,612.0790686390131,614.7434935241499,615.4780787159433,719.9122536515857
611.9098878720565,611.9098878720565,617.3421439905982,616.1192410884146,719.9122536515857
625.1485190896044,625.1485190896044,617.4319302775607,617.3626633081352,719.9122536515857
610.671797065238,610.671797065238,618.2461587194524,617.3133326104777,719.9122536515857
606.3007435909273,606.3007435909273,619.0870808928219,619.7671301747156,719.9122536515857
618.2678376847098,618.2678376847098,621.7746522970208,620.2267906709494,719.9122536515857
609.2075379621315,609.2075379621315,622.1017904145136,620.3199019202553,719.9122536515857
612.3082803588668,612.3082803588668,625.8279091825335,621.3490203790624,719.9122536515857
615.8142912392932,615.8142912392932,629.8948570950954,621.0841633277946,719.9122536515857
610.3901043401163,610.3901043401163,629.4702456899427,621.5299718822934,719.9122536515857
616.2953432276151,616.2953432276151,631.3822551190391,620.1461788570977,719.9122536515857
609.6744602777437,609.6744602777437,633.5124959851128,620.1751696554653,719.9122536515857
612.0068048032001,612.0068048032001,633.4079510579128,620.3447302638301,719.9122536515857
616.4290221013548,616.4290221013548,630.853046454675,618.9847730167173,719.9122536515857
610.7673552926027,610.7673552926027,623.253270979522,617.5435022013432,719.9122536515857
611.2750989855286,611.2750989855286,614.3596789238161,616.41818594206,719.9122536515857
610.9655830352174,610.9655830352174,612.3473923864926,615.7207355085714,719.9122536515857
612.071122950276,612.071122950276,607.9406765857048,615.8470412052776,719.9122536515857
612.0737598446024,612.0737598446024,607.2710550679747,614.9536319122735,719.9122536515857
612.2889480316765,612.2889480316765,610.2080262997639,616.4076891907283,719.9122536515857
612.6157401317641,612.6157401317641,609.2523810341497,615.8531837830722,719.9122536515857
611.0130633924443,611.0130633924443,606.2277614599575,616.1489871326917,719.9122536515857
611.386117528189,611.386117528189,602.5532131481398,616.5864923282883,719.9122536515857
612.0938384339602,612.0938384339602,607.5687098180025,617.5274109492157,719.9122536515857
615.7351856534231,615.7351856534231,610.3285140331625,618.1328479392286,719.9122536515857
607.9444474902838,607.9444474902838,618.7286761528626,618.9314846095447,719.9122536515857
613.7601594008387,613.7601594008387,616.2551100853343,617.4513056114491,719.9122536515857
614.771050527045,614.771050527045,616.7367820786828,616.0625267341411,719.9122536515857
616.9018920294428,616.9018920294428,620.4111491094797,617.3990108665876,719.9122536515857
608.2628918451201,608.2628918451201,617.0227212364493,617.8215797325981,719.9122536515857
620.9563457084364,620.9563457084364,616.5210531668456,616.5222936869347,719.9122536515857
612.2744063516144,612.2744063516144,614.3132083828821,614.838299429571,719.9122536515857
617.2395607547729,617.2395607547729,613.4129674498483,615.5343504626976,719.9122536515857
612.0412222551881,612.0412222551881,615.4970536046493,616.2058071812578,719.9122536515857
614.8158638923658,614.8158638923658,616.1934872263994,616.1386593438046,719.9122536515857
618.8163744710168,618.8163744710168,616.1732080338703,617.7190698079935,719.9122536515857
615.8732682212797,615.8732682212797,626.8431882111478,618.9851183591578,719.9122536515857
616.9409544802226,616.9409544802226,631.5080079749462,619.8548293176914,719.9122536515857
614.4860146712819,614.4860146712819,639.0752938088559,622.0909963635748,719.9122536515857
612.0563990265775,612.0563990265775,644.9632809764094,623.8406806203053,719.9122536515857
619.4423932007157,619.4423932007157,648.0477191982811,623.989380408493,719.9122536515857
614.2928127028586,614.2928127028586,653.450620214577,624.9692460066254,719.9122536515857
613.0082129943347,613.0082129943347,655.5293512351161,624.4670826337156,719.9122536515857
613.5056948898468,613.5056948898468,657.8861923625503,626.010232191866,719.9122536515857
612.7240493217586,612.7240493217586,660.7505435589974,625.9225793381806,719.9122536515857
620.9185286504744,620.9185286504744,656.6687916910565,625.5410014197253,719.9122536515857
613.399927618582,613.399927618582,648.7183438099596,625.2531649814896,719.9122536515857
612.723763082951,612.723763082951,640.2968411567979,624.462043395733,719.9122536515857
620.4526353814867,620.4526353814867,628.2523994463498,624.9809509055511,719.9122536515857
619.8083742630512,619.8083742630512,615.562701075802,623.4453950556735,719.9122536515857
616.1784583582205,616.1784583582205,610.3724959512122,623.1151808939055,719.9122536515857
613.3601988973846,613.3601988973846,610.7242450309338,623.6456662146926,719.9122536515857
623.0336171573706,623.0336171573706,607.5394589637892,622.4885883709611,719.9122536515857
613.230044071476,613.230044071476,605.0301767123108,623.3670357904376,719.9122536515857
617.3389636152563,617.3389636152563,609.2689422589125,623.9589516113988,719.9122536515857
616.1911996639366,616.1911996639366,609.8874824630643,623.1635674529339,719.9122536515857
617.5500196701046,617.5500196701046,615.4861482810295,623.9300365547928,719.9122536515857
615.2947253814708,615.2947253814708,620.1910225741619,623.3346660740586,719.9122536515857
617.1244962449205,617.1244962449205,624.1965560478085,623.8412906960937,719.9122536515857
619.1031944031035,619.1031944031035,623.6985413081449,622.2910541793138,719.9122536515857
611.4043794863867,611.4043794863867,625.1630676627353,621.8713434026448,719.9122536515857
610.9628157171127,610.9628157171127,620.444126442188,621.0319923061077,719.9122536515857
617.0987806951382,617.0987806951382,624.0515456014995,620.6173072796786,719.9122536515857
616.337840200668,616.337840200668,625.6860966238174,622.3336458242661,719.9122536515857
618.6823201896382,618.6823201896382,621.9616761058003,623.7006326366545,719.9122536515857
615.8121538686239,615.8121538686239,620.5169018286655,624.3950120339039,719.9122536515857
617.5188471259974,617.5188471259974,617.0149464019768,624.8635473578895,719.9122536515857
614.3826389902521,614.3826389902521,618.108254580856,625.368181673089,719.9122536515857
615.016630589245,615.016630589245,621.2081302706029,626.6287057366194,719.9122536515857
615.4130198993148,615.4130198993148,629.5637610278649,626.1622011249342,719.9122536515857
607.9716695822117,607.9716695822117,631.6167716202136,626.3442215198576,719.9122536515857
614.7690985858321,614.7690985858321,634.6785460560217,626.7221492253204,719.9122536515857
616.8907522337432,616.8907522337432,627.4587223115697,625.5984091123645,719.9122536515857
619.8457870222588,619.8457870222588,620.8084638829602,624.9815966372577,719.9122536515857
615.3288539871882,615.3288539871882,614.0247028727396,624.4398704045699,719.9122536515857
617.3172335599535,617.3172335599535,616.4958983617564,623.9484564756826,719.9122536515857
618.1841538663701,618.1841538663701,614.9234979318267,624.5972249271881,719.9122536515857
619.4257603210827,619.4257603210827,613.0499179876377,624.63080885488,719.9122536515857
618.4865745135239,618.4865745135239,610.8117150561594,624.7088189259554,719.9122536515857
610.9830674299391,610.9830674299391,607.4272776332377,624.2431124042918,719.9122536515857
614.8255718550304,614.8255718550304,602.0984892575789,623.4597087380042,719.9122536515857
617.3031492393372,617.3031492393372,603.3822460363866,624.5359567560215,719.9122536515857
614.0452057984402,614.0452057984402,600.6033133709482,623.0364782965845,719.9122536515857
612.5595834196098,612.5595834196098,597.7585508926226,621.4338960948522,719.9122536515857
613.2958172908199,613.2958172908199,598.7393763830808,620.9490482359063,719.9122536515857
621.0862737882668,621.0862737882668,604.1253243235741,621.5388797336234,719.9122536515857
618.4838552573405,618.4838552573405,599.3493401209022,619.0984553091389,719.9122536515857
619.6777249040612,619.6777249040612,601.3205670780333,618.5933206754974,719.9122536515857
618.7661435283969,618.7661435283969,604.531027457395,617.7999656556631,719.9122536515857
610.8903488871532,610.8903488871532,606.1316069977453,616.476777608559,719.9122536515857
615.0095649569498,615.0095649569498,608.6877646590731,615.5877178301625,719.9122536515857
617.576235237621,617.576235237621,614.0782930753809,616.6614913281821,719.9122536515857
611.1272336328736,611.1272336328736,619.8085765733844,615.8923233642381,719.9122536515857
617.1191689593854,617.1191689593854,625.9577206479482,615.0482017519319,719.9122536515857
615.445031269412,615.445031269412,627.3295262312838,614.2648447703634,719.9122536515857
608.3027731543028,608.3027731543028,622.3837182290802,614.6818650412281,719.9122536515857
616.9545522988611,616.9545522988611,626.3646541262171,614.6277173723905,719.9122536515857
612.1106149068327,612.1106149068327,622.6128676870004,615.0565259815379,719.9122536515857
615.2189380882758,615.2189380882758,614.6980136895796,615.0890885043091,719.9122536515857
616.5674867767792,616.5674867767792,613.4489376424795,616.0540249218946,719.9122536515857
620.3548640345537,620.3548640345537,612.7921553003468,616.0716496999896,719.9122536515857
617.5150732510706,617.5150732510706,606.1066278681926,615.737967895634,719.9122536515857
619.2352951840776,619.2352951840776,609.2947964174568,616.2433908549718,719.9122536515857
616.9901563364546,616.9901563364546,606.5609704932567,615.3543605081212,719.9122536515857
621.9375391384222,621.9375391384222,606.8280115163725,613.7766586218554,719.9122536515857
619.912670821444,619.912670821444,599.2732627421003,612.5590210970353,719.9122536515857
619.3173794967103,619.3173794967103,603.6208237569406,612.2546524675726,719.9122536515857
612.4242972022607,612.4242972022607,605.5645372796441,612.1312289226343,719.9122536515857
616.5450489311388,616.5450489311388,609.5140353314262,612.1525843610326,719.9122536515857
616.350451882988,616.350451882988,611.584906313687,613.6312979230029,719.9122536515857
613.5373043928752,613.5373043928752,612.4429758531253,613.5276313380675,719.9122536515857
613.7016615079357,613.7016615079357,614.3887243599286,614.526887479182,719.9122536515857
620.1298090264181,620.1298090264181,618.7533128685443,615.1837443083806,719.9122536515857
615.4725031069153,615.4725031069153,621.412662610737,614.499673705505,719.9122536515857
621.5158754140376,621.5158754140376,623.125336377673,614.0093906762299,719.9122536515857
617.5277754683364,617.5277754683364,631.8363873524324,614.8229182017886,719.9122536515857
616.9844903437635,616.9844903437635,629.0629218519101,614.6642475575593,719.9122536515857
616.3293399540294,616.3293399540294,626.9472509044924,613.8990281873615,719.9122536515857
616.1187889196312,616.1187889196312,634.0588439691558,614.7227271007431,719.9122536515857
618.0416887826319,618.0416887826319,629.1701523899029,613.5525761954106,719.9122536515857
616.1937532395267,616.1937532395267,630.9744909001367,613.3991751940522,719.9122536515857
624.7365552517631,624.7365552517631,629.3934480356622,613.46986787511,719.9122536515857
612.3985560141869,612.3985560141869,621.1099814585557,613.9139961377779,719.9122536515857
621.8551518711215,621.8551518711215,611.0466323048028,612.5473073898735,719.9122536515857
620.5146767999047,620.5146767999047,610.5602391492783,613.3164979315376,719.9122536515857
618.2790573494252,618.2790573494252,609.7770328315983,613.4791450957571,719.9122536515857
625.0941696544933,625.0941696544933,614.6839781321187,614.6163435976177,719.9122536515857
613.6705119295407,613.6705119295407,614.4612930908261,614.1813032079992,719.9122536515857
617.7382438685694,617.7382438685694,607.1242624088796,613.9852365712873,719.9122536515857
613.8772015889709,613.8772015889709,613.6700542676401,614.8011315222909,719.9122536515857
618.2520331004963,618.2520331004963,622.0088073094106,617.3812388044186,719.9122536515857
617.6441306507072,617.6441306507072,622.2474284733796,617.2429043625087,719.9122536515857
617.4503605943858,617.4503605943858,620.6162462991332,617.9165827234149,719.9122536515857
624.131893005705,624.131893005705,633.0581281066594,619.6072228326809,719.9122536515857
618.7623084044791,618.7623084044791,633.4312109592577,620.2548648467731,719.9122536515857
618.4296262662074,618.4296262662074,633.7316994169482,619.4004201144319,719.9122536515857
618.0964842059506,618.0964842059506,627.2017375375361,620.1868230809446,719.9122536515857
619.8506850414046,619.8506850414046,631.9836752215945,620.3139248367114,719.9122536515857
617.0091516345501,617.0091516345501,635.8095444588719,620.2409399715825,719.9122536515857
619.8748595385498,619.8748595385498,638.4283989730516,621.2604899173523,719.9122536515857
622.3333213740138,622.3333213740138,634.293657799115,622.502417432427,719.9122536515857
617.9651961296883,617.9651961296883,632.7204058321196,620.9713269138565,719.9122536515857
620.9650714693604,620.9650714693604,642.694544007338,622.4937762102055,719.9122536515857
620.7839298198718,620.7839298198718,642.3018381514212,622.8760463333755,719.9122536515857
618.6616601998456,618.6616601998456,639.6097047569128,622.7109005518989,719.9122536515857
615.845144537609,615.845144537609,638.1741912148503,622.558514711586,719.9122536515857
617.9055313998273,617.9055313998273,642.9851325077356,623.5109187572482,719.9122536515857
617.9668402437659,617.9668402437659,643.5537738311084,624.502106065533,719.9122536515857
617.2760852429242,617.2760852429242,637.8536949471746,624.8720762231017,719.9122536515857
621.8693617206413,621.8693617206413,635.0831474869125,625.5873318862389,719.9122536515857
617.3265339024477,617.3265339024477,629.6313788460014,625.8702621415579,719.9122536515857
619.998792459629,619.998792459629,636.9275290122956,627.135507142677,719.9122536515857
614.28555041187,614.28555041187,628.8196283667786,626.39874260007,719.9122536515857
616.5392317039451,616.5392317039451,626.2370170018231,626.8112556350887,719.9122536515857
630.18766602529,630.18766602529,627.6452677797804,626.8743518045806,719.9122536515857
623.4488758080686,623.4488758080686,627.8906117625071,628.2819845156673,719.9122536515857
617.6763015739492,617.6763015739492,634.2159426300772,629.6299425318755,719.9122536515857
619.9098128942253,619.9098128942253,631.5284484774429,629.6948883050928,719.9122536515857
617.3769598282756,617.3769598282756,629.4867546415015,628.8666200851168,719.9122536515857
619.3797083640118,619.3797083640118,632.1030609735059,629.6909628182025,719.9122536515857
613.0334444076193,613.0334444076193,629.7857100665221,629.3388089842371,719.9122536515857
619.3397104524713,619.3397104524713,629.5408625885286,630.1659347883971,719.9122536515857
626.8696011542607,626.8696011542607,631.7690998967025,629.0019000057017,719.9122536515857
617.7599342663615,617.7599342663615,630.763414968233,628.6814061065879,719.9122536515857
623.8238203475441,623.8238203475441,637.0062053814927,629.6505256053443,719.9122536515857
616.8399652564981,616.8399652564981,632.2863758173808,628.371982208657,719.9122536515857
618.6462664781297,618.6462664781297,626.588775087987,629.1351131790908,719.9122536515857
620.9330206670004,620.9330206670004,627.8649781462927,629.8784337534529,719.9122536515857
622.6841065540455,622.6841065540455,641.677085118997,630.3902683150849,719.9122536515857
610.9771796049877,610.9771796049877,641.507624785502,632.1584572973223,719.9122536515857
623.5780290080326,623.5780290080326,648.0593190153493,632.7557746072796,719.9122536515857
615.1012778759782,615.1012778759782,640.6139589404977,632.4100369693641,719.9122536515857
622.5042907554047,622.5042907554047,637.4734415760795,632.2745920292065,719.9122536515857
620.6132796662931,620.6132796662931,639.7873516180255,634.4295499692324,719.9122536515857
618.1358263298308,618.1358263298308,632.3739525740626,634.0132682903013,719.9122536515857
616.0979276226943,616.0979276226943,636.0136222591715,633.6193000941715,719.9122536515857
611.5687717879429,611.5687717879429,637.5464945123866,633.7076164551445,719.9122536515857
626.0778773311833,626.0778773311833,631.4963112549983,633.2854373862874,719.9122536515857
621.3477800487387,621.3477800487387,623.7218671200588,633.7097892573208,719.9122536515857
618.3836872103934,618.3836872103934,626.019992170439,634.6284448778822,719.9122536515857
615.5854889917733,615.5854889917733,622.0386118087002,632.7617355071376,719.9122536515857
616.7304978559808,616.7304978559808,621.3688166345574,632.2343146015997,719.9122536515857
616.3578261117547,616.3578261117547,629.3304520537092,634.0174331801215,719.9122536515857
622.5554723096677,622.5554723096677,631.1907874954187,634.0560818469843,719.9122536515857
614.7394084469515,614.7394084469515,634.3553173909213,634.198089576634,719.9122536515857
627.2677602716391,627.2677602716391,634.8915185257168,633.8512639159254,719.9122536515857
617.8095343334047,617.8095343334047,634.1556989713501,635.0984087419073,719.9122536515857
621.2962741785869,621.2962741785869,641.0825562775774,635.105213597484,719.9122536515857
621.0208865489807,621.0208865489807,638.769847354882,634.3018498365228,719.9122536515857
620.3783468910374,620.3783468910374,633.0305984738777,633.5488847780474,719.9122536515857
626.9079926311482,626.9079926311482,635.9379496657268,633.09059388046,719.9122536515857
625.2882685294182,625.2882685294182,642.0926050939408,634.108754453964,719.9122536515857
620.8264150854887,620.8264150854887,632.2957276193678,631.9376699025275,719.9122536515857
619.8942602268385,619.8942602268385,629.2719917302109,631.4501125627421,719.9122536515857
619.3956238840776,619.3956238840776,635.2133650388799,633.3188216330274,719.9122536515857
623.0767904011741,623.0767904011741,633.4848541557706,632.9133965041093,719.9122536515857
627.693326047514,627.693326047514,634.100659423803,633.3215141251208,719.9122536515857
619.0221750506571,619.0221750506571,627.4287747811491,631.8802137874922,719.9122536515857
623.4442843805888,623.4442843805888,623.568072118559,631.4447252707997,719.9122536515857
618.55262318265,618.55262318265,626.0041530652055,631.7330858937061,719.9122536515857
622.2941654631303,622.2941654631303,625.3186582623777,632.2280497637352,719.9122536515857
616.9903455954221,616.9903455954221,618.2317759503409,630.369603841573,719.9122536515857
632.7425391373577,632.7425391373577,621.27485158442,630.4287145460557,719.9122536515857
618.6597535239392,618.6597535239392,623.4904872492771,630.9008066122329,719.9122536515857
617.5590735837966,617.5590735837966,619.1168501945945,631.6131381159901,719.9122536515857
617.0710752590531,617.0710752590531,629.4624805134831,633.2277702543045,719.9122536515857
617.551230040942,617.551230040942,630.2801969326745,632.5343649856403,719.9122536515857
623.6455127413612,623.6455127413612,640.9120062032933,633.7569253326621,719.9122536515857
623.3372617098574,623.3372617098574,652.262413608244,635.9998570641482,719.9122536515857
623.69606883699,623.69606883699,642.4816736973631,633.8088084384774,719.9122536515857
616.5170162951279,616.5170162951279,646.6332658544388,635.5975609213186,719.9122536515857
622.9223475453848,622.9223475453848,654.5320442231873,635.3678401685047,719.9122536515857
614.8127686647475,614.8127686647475,652.5496479543001,634.5848241575753,719.9122536515857
623.0067110261894,623.0067110261894,645.8416211321229,633.916447845011,719.9122536515857
620.3070437458574,620.3070437458574,643.6751145623217,632.9469199521559,719.9122536515857
619.1738767694001,619.1738767694001,635.1435664071544,633.7992083722593,719.9122536515857
625.10124645203,625.10124645203,638.3370841677778,634.8840268015985,719.9122536515857
619.6608957771361,619.6608957771361,630.7932060761194,634.3425709186275,719.9122536515857
620.6949329548743,620.6949329548743,623.9298580045704,632.4504116412629,719.9122536515857
629.3480363104326,629.3480363104326,633.8876394691636,632.2848113752098,719.9122536515857
614.1410898384372,614.1410898384372,630.4520841610224,632.0761139504532,719.9122536515857
624.5757844235343,624.5757844235343,624.0300278322446,632.0510539468543,719.9122536515857
620.5675134740202,620.5675134740202,626.7658189611539,632.4432996345902,719.9122536515857
618.2043549211674,618.2043549211674,632.4207203100319,632.4431215834122,719.9122536515857
619.7817705661046,619.7817705661046,635.8054142509621,633.6332122875359,719.9122536515857
616.1952724028258,616.1952724028258,637.3037683666888,634.0572375937627,719.9122536515857
621.3239956288642,621.3239956288642,629.1607528906917,633.2068784772595,719.9122536515857
619.5050577097205,619.5050577097205,631.4938990054403,634.3420884687158,719.9122536515857
624.9676950383615,624.9676950383615,628.4615961420143,633.3983574456539,719.9122536515857
620.5575747502158,620.5575747502158,627.8649682884075,632.6538065988035,719.9122536515857
613.2148140637138,613.2148140637138,626.9509147699721,633.0585745427076,719.9122536515857
626.2777805070257,626.2777805070257,637.1784109175576,635.2129728034542,719.9122536515857
617.6228019491866,617.6228019491866,643.3385652324579,635.2449222703398,719.9122536515857
621.4792509332079,621.4792509332079,639.9488546957052,634.1947350234695,719.9122536515857
618.1611606275434,618.1611606275434,638.4348463111503,634.4491180715817,719.9122536515857
618.3187308545942,618.3187308545942,639.7440556057475,635.0277450097688,719.9122536515857
626.2395616216232,626.2395616216232,637.2622865496994,633.8281959929293,719.9122536515857
618.187272534249,618.187272534249,640.3655971442017,634.1986966420408,719.9122536515857
616.4992602466871,616.4992602466871,646.2419979757115,634.8927875698198,719.9122536515857
618.6527685192665,618.6527685192665,645.7510602178081,635.1978989475895,719.9122536515857
620.7903593984356,620.7903593984356,650.6585285146654,636.0026903124951,719.9122536515857
620.4464603408896,620.4464603408896,642.4632389375022,635.2870995721664,719.9122536515857
628.1239982468642,628.1239982468642,637.0397149950527,636.1937197454769,719.9122536515857
617.2714060849532,617.2714060849532,635.4639783218382,635.433132341795,719.9122536515857
623.9433562354426,623.9433562354426,635.4609812835943,634.4986413205246,719.9122536515857
617.7828967884657,617.7828967884657,628.6740819987488,634.0655905783645,719.9122536515857
617.6925572657196,617.6925572657196,630.430971584777,633.094258425124,719.9122536515857
621.8756128770799,621.8756128770799,624.6935169743502,633.651645080681,719.9122536515857
624.9066069871134,624.9066069871134,625.3967211015703,635.2585173664221,719.9122536515857
614.9261422918318,614.9261422918318,623.017964741739,634.6006612828962,719.9122536515857
622.0723305492879,622.0723305492879,617.5428373985378,634.4475261397273,719.9122536515857
622.4640760961664,622.4640760961664,620.6801253853295,635.7767694591643,719.9122536515857
620.2065562177959,620.2065562177959,618.8999102156592,635.7187314717247,719.9122536515857
614.6058986932487,614.6058986932487,616.549640354411,634.0449629628218,719.9122536515857
619.6162715072875,619.6162715072875,611.1019165578041,632.8956545931665,719.9122536515857
625.3825605038351,625.3825605038351,619.2681730269228,632.0267290810524,719.9122536515857
621.934034739896,621.934034739896,616.342859289144,630.3067908964181,719.9122536515857
624.1738106161752,624.1738106161752,622.957834555033,630.060810751029,719.9122536515857
617.904927744341,617.904927744341,614.9197504929207,627.7899847433574,719.9122536515857
626.5866140612784,626.5866140612784,613.186687643614,628.7416640721464,719.9122536515857
617.7407845728904,617.7407845728904,610.6064663492856,627.2421662386967,719.9122536515857
620.9994862959956,620.9994862959956,601.6603705207133,625.2024347186693,719.9122536515857
623.1006976931291,623.1006976931291,601.3029555079211,625.4693929824489,719.9122536515857
619.7054276762303,619.7054276762303,609.2608190547496,626.7288025473472,719.9122536515857
625.8357016818826,625.8357016818826,618.9757606665355,627.9557838140092,719.9122536515857
619.4858711405375,619.4858711405375,612.1557517927786,627.4291661581773,719.9122536515857
621.7972062280026,621.7972062280026,620.4394894365621,626.7272719501748,719.9122536515857
615.4281912092634,615.4281912092634,624.8880285445459,628.8797752447142,719.9122536515857
621.7029410736075,621.7029410736075,630.7422101366616,629.1524551697757,719.9122536515857
622.8764439026648,622.8764439026648,637.4260742269688,629.4493510237074,719.9122536515857
624.30499666776,624.30499666776,641.1285055195037,629.3774505103929,719.9122536515857
625.1901003670938,625.1901003670938,647.1384490109747,629.8241189544154,719.9122536515857
620.794615082149,620.794615082149,648.7731465949344,629.870858509205,719.9122536515857
631.5376559910155,631.5376559910155,647.2272180656834,629.6901020984774,719.9122536515857
620.6509213902935,620.6509213902935,640.9441461167737,628.9835301871716,719.9122536515857
613.7073756340469,613.7073756340469,645.0408581759415,628.976584120028,719.9122536515857
618.3033288837568,618.3033288837568,640.9482996288283,629.0847812978022,719.9122536515857
620.9244811590531,620.9244811590531,634.7920967156135,629.5394147867489,719.9122536515857
621.4770978605251,621.4770978605251,628.9774505440398,629.2556260501809,719.9122536515857
620.3796651230484,620.3796651230484,635.9242358037652,631.0612045267792,741.1441851358962
619.6719242267811,619.6719242267811,635.2802114507424,631.043309846547,741.1441851358962
622.2319759992585,622.2319759992585,638.3327376471668,630.0549843003372,741.1441851358962
623.0474464141885,623.0474464141885,634.1760543833185,628.0383563393772,741.1441851358962
621.803470175031,621.803470175031,630.0161757402759,627.7035663073916,741.1441851358962
619.200658290433,619.200658290433,621.8880472561949,625.6741703761804,741.1441851358962
620.5734265086008,620.5734265086008,620.5287414868264,625.1335212962435,741.1441851358962
623.3087757921751,623.3087757921751,627.457810369792,627.1238860618207,741.1441851358962
620.4333821074673,620.4333821074673,627.3740387899322,626.941103115895,741.1441851358962
631.0289467595437,631.0289467595437,634.0774308408097,626.8227126232003,741.1441851358962
619.0275852134707,619.0275852134707,619.6519197967853,625.8413764425745,741.1441851358962
617.5560561124092,617.5560561124092,618.1662255750053,624.5448492586149,741.1441851358962
631.5379035820474,631.5379035820474,615.8909319345997,624.7405228997568,741.1441851358962
627.4316817157803,627.4316817157803,613.6172383928372,623.353861018934,741.1441851358962
612.4878416632714,612.4878416632714,611.1266072231411,622.8360920876522,741.1441851358962
623.00412531446,623.00412531446,616.4534891886707,621.8726719571958,741.1441851358962
621.3796364748105,621.3796364748105,612.0845979953007,621.815624495554,741.1441851358962
625.8068297714714,625.8068297714714,605.3219727531215,622.1020862954896,741.1441851358962
618.9210972223813,618.9210972223813,607.7642960162931,623.5552589242835,741.1441851358962
619.8346538619979,619.8346538619979,606.9279254014283,623.128953483172,741.1441851358962
625.8455328105821,625.8455328105821,606.3649542057585,622.5107743353784,741.1441851358962
626.3910833451567,626.3910833451567,609.1819711679742,622.8726760125022,741.1441851358962
627.6877191093391,627.6877191093391,606.1425696892663,621.8330117605442,741.1441851358962
622.4586178683717,622.4586178683717,610.8737322018612,621.7486254161744,741.1441851358962
614.8955902552299,614.8955902552299,616.6767631739519,622.8615166515604,741.1441851358962
618.7058059623083,618.7058059623083,618.4326390621383,623.3388164580625,741.1441851358962
624.4139511593186,624.4139511593186,625.5314654134926,623.0682829728678,741.1441851358962
621.7177137477508,621.7177137477508,623.1906176629155,623.4716379702439,741.1441851358962
620.4641787224283,620.4641787224283,620.6237398016142,623.0884399735999,741.1441851358962
620.6657361227255,620.6657361227255,616.9374585925482,623.5324951030975,741.1441851358962
618.4232229025974,618.4232229025974,618.3463607627061,623.5427089591967,741.1441851358962
618.6972543630026,618.6972543630026,616.8243626670608,624.1162552760572,741.1441851358962
620.1614479710931,620.1614479710931,621.9157476853255,625.8840871934666,741.1441851358962
617.3257435537231,617.3257435537231,619.4972268839927,625.3874796913888,741.1441851358962
619.8652943447279,619.8652943447279,621.573692938111,625.3240914282327,741.1441851358962
624.0604060545762,624.0604060545762,618.812644144072,623.3061931535699,741.1441851358962
629.3328620127726,629.3328620127726,617.3390546502462,624.1049435443614,741.1441851358962
624.1862225174704,624.1862225174704,622.3174926981758,623.8472386225667,741.1441851358962
614.902564927034,614.902564927034,620.3229193838463,622.1754181414598,741.1441851358962
622.0066438636741,622.0066438636741,623.7101298706575,622.1260790498967,741.1441851358962
623.8086124337548,623.8086124337548,625.5908020956458,621.1756545329322,741.1441851358962
618.6952283225206,618.6952283225206,624.9950457842288,620.8895633290022,741.1441851358962
630.0799976666367,630.0799976666367,620.4143815808106,620.5392737074338,741.1441851358962
618.8593467372693,618.8593467372693,626.0536540789772,620.8435811881972,741.1441851358962
620.5044224862645,620.5044224862645,626.4852750429279,621.1757028236816,741.1441851358962
625.1754153796068,625.1754153796068,634.2835874138518,621.9740814129855,741.1441851358962
621.6278319312866,621.6278319312866,635.5216303161924,622.2010979724116,741.1441851358962
625.0003444177181,625.0003444177181,630.0382263664785,621.6652239700967,741.1441851358962
626.1924345789564,626.1924345789564,632.9252184034593,621.8020424790291,741.1441851358962
617.4014435471612,617.4014435471612,628.4895774096925,622.0285044230272,741.1441851358962
619.2133324974624,619.2133324974624,628.1740802789517,619.6256234279695,741.1441851358962
621.8386436410635,621.8386436410635,632.7217555713125,620.3778721531163,741.1441851358962
621.3792898321818,621.3792898321818,632.8660141734429,619.445929012689,741.1441851358962
616.273968274373,616.273968274373,629.628827047485,619.9341357210305,741.1441851358962
624.4862939428941,624.4862939428941,630.1136323666773,621.195194148962,741.1441851358962
626.095359608039,626.095359608039,625.1248808951871,622.621448140784,741.1441851358962
622.7102966325101,622.7102966325101,626.5735028069279,623.410050236432,741.1441851358962
616.8519004205499,616.8519004205499,632.7798854023233,622.729638976603,741.1441851358962
620.1749976222484,620.1749976222484,630.5933612354556,622.4459069681337,741.1441851358962
618.4501823463431,618.4501823463431,636.472456101125,622.5075094750904,741.1441851358962
622.248498060795,622.248498060795,633.1404397922088,622.3233274270542,741.1441851358962
627.932476319751,627.932476319751,634.4272086765155,623.6300687734184,741.1441851358962
626.5057654149853,626.5057654149853,634.4344513599373,623.1546328977565,741.1441851358962
619.9723304217378,619.9723304217378,629.8386055847028,623.1784091594037,741.1441851358962
627.6893232433911,627.6893232433911,629.3513383440979,624.8401403731533,741.1441851358962
623.679760334119,623.679760334119,630.3979850749366,625.4103473180371,741.1441851358962
623.8858085456691,623.8858085456691,626.16809151496,626.2267489403638,741.1441851358962
620.2932509988051,620.2932509988051,620.2664096868768,625.7185263633539,741.1441851358962
622.8025133044239,622.8025133044239,615.1064137076849,623.914330506412,741.1441851358962
623.3053357446795,623.3053357446795,612.0020137106698,623.5223271369387,741.1441851358962
625.305812250547,625.305812250547,607.6015449150495,622.5706455689125,741.1441851358962
620.5622215178436,620.5622215178436,604.4160070825058,622.6768759563247,741.1441851358962
624.8800168888598,624.8800168888598,610.5328498761735,624.032688935138,741.1441851358962
625.3333806599177,625.3333806599177,620.6715879595006,625.1379803109317,741.1441851358962
618.3105263496838,618.3105263496838,615.2911218667862,624.5630121117201,741.1441851358962
624.7199194515086,624.7199194515086,617.6059827251898,625.2450160506476,741.1441851358962
619.5644097477333,619.5644097477333,617.6990569377235,624.66026724521,741.1441851358962
626.5031494418513,626.5031494418513,621.1833367361563,625.3170701780022,741.1441851358962
623.5285475072134,623.5285475072134,622.9622577487175,624.3820340958326,741.1441851358962
624.9136555929288,624.9136555929288,623.3541602977637,624.8056674779817,741.1441851358962
626.4913466194524,626.4913466194524,627.4382109036649,624.3890155971042,741.1441851358962
629.6380465720677,629.6380465720677,625.6560455061897,624.4432125241505,741.1441851358962
621.2831519812617,621.2831519812617,621.5043529857859,623.95040999523,741.1441851358962
628.9106137251629,628.9106137251629,613.6878745527431,623.9761098446817,741.1441851358962
626.3115212851053,626.3115212851053,618.8413845894131,624.0165504419805,741.1441851358962
628.0403156797239,628.0403156797239,615.30698419743,624.5438840613191,741.1441851358962
621.5258049252511,621.5258049252511,612.8176920930948,623.7559947337797,741.1441851358962
629.7361612299411,629.7361612299411,600.7684785469678,621.0072673477605,741.1441851358962
617.9944286838823,617.9944286838823,604.2207312744316,621.1615964739499,741.1441851358962
614.7474119615327,614.7474119615327,607.4218677411544,621.5480150520812,741.1441851358962
626.8138098306418,626.8138098306418,609.164734698529,621.1038021176809,741.1441851358962
619.8348402494805,619.8348402494805,606.0492953142282,620.6540624301502,741.1441851358962
616.272536598784,616.272536598784,610.6622343412828,621.9999805473244,741.1441851358962
626.1124972060175,626.1124972060175,614.1164538936127,621.5886698076088,741.1441851358962
617.2938852889611,617.2938852889611,617.5796581722038,622.2354270678356,741.1441851358962
628.3503842764003,628.3503842764003,616.6715746313798,621.0214815048246,741.1441851358962
623.3510185221832,623.3510185221832,624.07318580158,621.4663058308572,741.1441851358962
623.5007546402952,623.5007546402952,638.8622194146835,622.7720659574015,741.1441851358962
625.2525737497323,625.2525737497323,637.1838620153762,622.0133251963332,741.1441851358962
618.1951189135198,618.1951189135198,641.4637862470511,624.1428568195528,741.1441851358962
619.6968408236293,619.6968408236293,643.0228898497803,624.0735640318466,741.1441851358962
620.1075844607287,620.1075844607287,648.8047598433272,623.8706632845533,741.1441851358962
624.2853096658731,624.2853096658731,644.7766823417626,624.3821141809884,741.1441851358962
619.0597448654166,619.0597448654166,644.8359340238624,624.6300912028843,741.1441851358962
620.9635347123369,620.9635347123369,637.2481651680253,623.6623336281052,741.1441851358962
620.7527687780399,620.7527687780399,642.7247971506105,624.5414647559093,741.1441851358962
630.3152653923495,630.3152653923495,639.4921665545652,624.0500385803847,741.1441851358962
619.1294574101089,619.1294574101089,635.2406432576172,623.2642175284603,741.1441851358962
626.2718960583193,626.2718960583193,643.7643665352051,624.6475262562831,741.1441851358962
623.183011037988,623.183011037988,635.1592778639854,623.8802211721248,741.1441851358962
626.7618760698178,626.7618760698178,628.3983394732172,623.1251439680482,741.1441851358962
630.6473445737623,630.6473445737623,625.6666574058943,622.118553030429,741.1441851358962
625.3670112787748,625.3670112787748,623.8060537446057,622.256434657922,741.1441851358962
624.6786416966828,624.6786416966828,626.3800576332945,623.9383816126025,741.1441851358962
626.460644346201,626.460644346201,623.2020858812921,622.432483135544,741.1441851358962
622.7419316833054,622.7419316833054,618.3785031187547,622.1375683646729,741.1441851358962
621.7989627214588,621.7989627214588,614.4138889242753,621.6991980622478,741.1441851358962
629.6527951704818,629.6527951704818,620.5472074621728,623.3203770835195,741.1441851358962
621.311293610516,621.311293610516,619.9521729006372,625.6166780948735,741.1441851358962
621.8306754044376,621.8306754044376,623.199604458369,626.1197393216647,741.1441851358962
620.7654082978685,620.7654082978685,631.7315476220192,627.9511445094421,741.1441851358962
624.6898906014292,624.6898906014292,628.4775417325442,626.9308599604367,741.1441851358962
617.8309351511613,617.8309351511613,634.4519806665222,627.0402608159918,741.1441851358962
619.8893578999275,619.8893578999275,636.3257635886978,627.069216738442,741.1441851358962
618.3627985894356,618.3627985894356,643.4964341894567,628.0735456000782,741.1441851358962
628.1199375710929,628.1199375710929,641.2893472802124,626.8742412756776,741.1441851358962
627.4537603952978,627.4537603952978,639.7602412142177,626.1114349175466,741.1441851358962
622.629622938997,622.629622938997,636.2276807440364,626.3292458850955,741.1441851358962
623.2635712395124,623.2635712395124,629.540877114968,626.9324019681235,741.1441851358962
624.1835030845466,624.1835030845466,626.2279334014889,626.6944939424098,741.1441851358962
623.5438368674256,623.5438368674256,622.0344100220025,626.8703843331097,741.1441851358962
621.7768425598462,621.7768425598462,625.9826312129364,626.9961771017861,741.1441851358962
618.437405546813,618.437405546813,622.6775472937833,627.2748996775913,741.1441851358962
629.5313163596276,629.5313163596276,623.3918618844048,629.0100142047744,741.1441851358962
622.2052694106134,622.2052694106134,612.2465895760901,626.7545865974135,741.1441851358962
623.9414268607094,623.9414268607094,613.9638104742999,626.6056065310514,741.1441851358962
625.0171578521223,625.0171578521223,621.7994922639195,627.9077949517116,741.1441851358962
617.3104457069807,617.3104457069807,611.8339647513874,628.5423431259794,741.1441851358962
622.6049259591243,622.6049259591243,610.9142200738223,628.2710997280017,741.1441851358962
619.3927736058089,619.3927736058089,607.0475949080684,626.6196393757924,741.1441851358962
619.9641810179004,619.9641810179004,607.7811134344003,626.5936600802838,741.1441851358962
627.2987748731857,627.2987748731857,612.2886392272374,628.2440458843879,741.1441851358962
617.9472649916855,617.9472649916855,612.3793226694222,627.6183173432192,741.1441851358962
625.1580108482439,625.1580108482439,610.0630635849309,628.1993361430381,741.1441851358962
617.1384420254,617.1384420254,618.2054137316842,626.8797377093097,741.1441851358962
619.5625691315655,619.5625691315655,620.9586360110545,627.4630188069864,741.1441851358962
620.0693946420012,620.0693946420012,615.6248634475215,626.2181304808997,741.1441851358962
626.2958772479884,626.2958772479884,629.5345367261137,626.6768065882654,741.1441851358962
627.7713863509603,627.7713863509603,632.5197951489115,627.3382863547088,741.1441851358962
618.1219497865551,618.1219497865551,635.1839245495225,625.3636670362868,741.1441851358962
629.2345648599346,629.2345648599346,641.7962117355087,626.3483244574295,741.1441851358962
619.7342717451404,619.7342717451404,637.7579945391169,626.0346928235458,741.1441851358962
621.7482268105722,621.7482268105722,635.0967493799443,625.6823307508555,741.1441851358962
619.5611367956755,619.5611367956755,633.4956340634446,625.9312761509544,741.1441851358962
624.3985298643928,624.3985298643928,637.1547115220338,626.8610469801114,741.1441851358962
625.1896940354194,625.1896940354194,639.6506979642148,626.8481989697073,741.1441851358962
619.9222245488645,619.9222245488645,646.83077565759,627.6858523015048,741.1441851358962
621.5406128174245,621.5406128174245,641.4159002202248,627.9118579807871,741.1441851358962
628.8996671195974,628.8996671195974,640.4390845621306,626.673229960094,741.1441851358962
623.942007897695,623.942007897695,642.8578298616866,626.9033774358271,741.1441851358962
628.0631683097903,628.0631683097903,634.6343936942213,627.5955353016304,741.1441851358962
620.927551293984,620.927551293984,634.702119694996,627.8417852813662,741.1441851358962
620.7160407794744,620.7160407794744,637.941366984413,628.509393398817,741.1441851358962
623.4769171699121,623.4769171699121,640.166630632239,628.6885907507434,741.1441851358962
616.7586155917019,616.7586155917019,635.214792126504,629.2635882291538,741.1441851358962
628.3661790440482,628.3661790440482,630.5888007556396,629.2902584970843,741.1441851358962
620.2578922247202,620.2578922247202,624.9877550966652,629.8006255359827,741.1441851358962
620.6750468160562,620.6750468160562,624.2499076720055,628.6523980227536,741.1441851358962
628.0150794754046,628.0150794754046,622.8464103233011,627.2520774446266,741.1441851358962
620.7851976847264,620.7851976847264,619.1093327139076,626.0853230869347,741.1441851358962
621.0368214486235,621.0368214486235,616.43831477956,624.5368887331385,741.1441851358962
616.0562760376699,616.0562760376699,610.8461209008367,624.3155011150247,741.1441851358962
625.4402854081461,625.4402854081461,609.7428244727746,623.5675621600675,741.1441851358962
616.6788821126652,616.6788821126652,605.1429727085281,622.4520325747095,741.1441851358962
620.1202522618491,620.1202522618491,605.2185797678044,621.6080173448233,741.1441851358962
624.3810072935278,624.3810072935278,613.9194139867826,623.8162718383983,741.1441851358962
619.4451744440537,619.4451744440537,616.5772494390654,625.1640271809523,741.1441851358962
621.4978706713379,621.4978706713379,618.434895985621,625.0938410710705,741.1441851358962
628.5985405602977,628.5985405602977,625.2079432882957,626.3854906792922,741.1441851358962
617.8474085802302,617.8474085802302,625.8666113815732,626.0130586829516,741.1441851358962
620.8968001036773,620.8968001036773,629.0841406345611,625.9468348556502,741.1441851358962
618.8309740761763,618.8309740761763,627.5390269115819,624.6267802547537,741.1441851358962
627.4842267449473,627.4842267449473,625.8967794519639,624.2114085917036,741.1441851358962
622.2646020673142,622.2646020673142,625.857365872106,622.9451333722498,741.1441851358962
622.1176758555146,622.1176758555146,631.0702732842117,625.3727540864477,741.1441851358962
623.0268530684355,623.0268530684355,625.5065685619736,626.1248234559331,741.1441851358962
627.2966504535206,627.2966504535206,621.5239462061738,625.1089179694031,741.1441851358962
613.920888240495,613.920888240495,622.4571901039893,627.2184861415908,741.1441851358962
624.3468994227869,624.3468994227869,620.3124812045116,628.26514290543,741.1441851358962
621.3351622319246,621.3351622319246,625.5226531079877,629.7080703229354,741.1441851358962
627.3087791811895,627.3087791811895,626.5128236248645,629.6931768937432,741.1441851358962
629.5521336247642,629.5521336247642,633.6048027910399,628.8900129675144,741.1441851358962
626.9257841859248,626.9257841859248,630.948878873272,627.9253198324735,741.1441851358962
619.3486742252434,619.3486742252434,632.6039147039613,627.4533035960559,741.1441851358962
618.0523759071729,618.0523759071729,627.1632622340628,627.1643237869233,741.1441851358962
617.8549553956324,617.8549553956324,625.3577392816778,627.0046441100576,741.1441851358962
629.2295877102008,629.2295877102008,627.7090881528763,627.5257629104741,741.1441851358962
627.462823288235,627.462823288235,626.6099770249083,626.6335742013498,741.1441851358962
619.859474173869,619.859474173869,613.6251780858313,624.486219492814,741.1441851358962
622.0732891858296,622.0732891858296,611.837864059951,625.0388582250212,741.1441851358962
616.4405687932706,616.4405687932706,614.522006985372,624.2383359437158,741.1441851358962
626.5928783684983,626.5928783684983,611.3428596198521,623.6069859836613,741.1441851358962
628.1143312072719,628.1143312072719,618.0165099441574,624.5092719453162,741.1441851358962
622.7621429947795,622.7621429947795,612.4243448686892,623.2390457571048,741.1441851358962
628.1100009670204,628.1100009670204,616.4907098770597,623.0315234579286,741.1441851358962
619.7207417387384,619.7207417387384,612.7719999377932,621.6289045047733,741.1441851358962
618.4532220166986,618.4532220166986,606.6410323503881,619.4878142490338,741.1441851358962
622.4159199812483,622.4159199812483,597.1382081238369,617.7780357820723,741.1441851358962
619.068114008455,619.068114008455,608.7960570311128,618.1576139866105,741.1441851358962
624.2249912056532,624.2249912056532,603.9157116728412,617.2504345872521,741.1441851358962
619.1274025204286,619.1274025204286,606.5298068042182,618.6174185657152,741.1441851358962
625.4864292581649,625.4864292581649,604.2593476877468,617.5184315822115,741.1441851358962
629.6677051607024,629.6677051607024,602.108868461853,617.3427722408042,741.1441851358962
624.1328715227253,624.1328715227253,606.0814031095941,616.4220002525759,741.1441851358962
618.1412215804793,618.1412215804793,601.5730228083047,616.3031695942886,741.1441851358962
619.7092567140785,619.7092567140785,607.093538860736,616.9298521257926,741.1441851358962
626.3802735334574,626.3802735334574,606.0384932930615,615.697961888313,741.1441851358962
628.4327989794148,628.4327989794148,615.7218402505043,616.0724222977719,741.1441851358962
622.4999355933369,622.4999355933369,613.2500052280838,616.2383329675671,741.1441851358962
628.1122854385831,628.1122854385831,622.0894936992219,617.846466784315,741.1441851358962
620.0541596337492,620.0541596337492,614.5191841109197,618.2335924319872,741.1441851358962
616.1892802122534,616.1892802122534,619.0976011023687,619.168727622518,741.1441851358962
627.0441614382553,627.0441614382553,614.797034693376,618.3536142849244,741.1441851358962
619.8911196814049,619.8911196814049,618.7021700923827,619.1338397293467,741.1441851358962
630.4742554828391,630.4742554828391,625.8557024649456,620.4305941337169,741.1441851358962
618.1319911208822,618.1319911208822,620.8045656421361,618.3068824568633,741.1441851358962
621.0719557836446,621.0719557836446,621.3736773862614,616.6572474777522,741.1441851358962
623.9390188083552,623.9390188083552,624.9064032437664,617.3667237494011,741.1441851358962
632.1511139395553,632.1511139395553,620.7530047603973,615.3473452619875,741.1441851358962
621.0397609117557,621.0397609117557,621.2836327774069,616.9298710634816,741.1441851358962
622.0366532095853,622.0366532095853,620.1391134379805,616.4445869926709,741.1441851358962
622.4721039957727,622.4721039957727,614.2089469485105,616.5027116299036,741.1441851358962
617.0803110481472,617.0803110481472,613.5136194907549,615.8769822926826,741.1441851358962
619.489478004986,619.489478004986,614.5256969629697,616.8675059475194,741.1441851358962
625.6745244959011,625.6745244959011,607.7189657069291,615.7603326182603,741.1441851358962
623.4766622705591,623.4766622705591,614.7993179316578,616.1654323308003,741.1441851358962
618.1968514277288,618.1968514277288,622.2610824062891,616.8046747177754,741.1441851358962
620.454539795022,620.454539795022,611.3718089273688,615.1496475140768,741.1441851358962
625.984181775212,625.984181775212,614.9832458699412,614.2814981950733,741.1441851358962
630.2200914924957,630.2200914924957,616.6139815523957,615.1481367523633,741.1441851358962
626.726743690689,626.726743690689,623.799195913768,615.9018614504516,741.1441851358962
622.2045887623445,622.2045887623445,624.7161006574279,614.7249712031811,741.1441851358962
625.6033898403495,625.6033898403495,622.472781176319,614.181762753292,741.1441851358962
624.5614312062049,624.5614312062049,615.0326073938528,613.3532444854977,741.1441851358962
619.4995635514247,619.4995635514247,616.4327008336002,613.6142203381679,741.1441851358962
622.1541172195188,622.1541172195188,613.4148722476433,613.7768589239932,741.1441851358962
616.1571654602782,616.1571654602782,611.588219930297,613.5805010732594,741.1441851358962
621.3166069797703,621.3166069797703,617.1064842110937,613.248948951314,741.1441851358962
626.041511598644,626.041511598644,612.907944321818,614.1380514422706,741.1441851358962
623.883266561438,623.883266561438,610.5172710964023,614.8840181596535,741.1441851358962
622.286398926395,622.286398926395,606.2126551871524,614.2399910908078,741.1441851358962
627.1003419740158,627.1003419740158,610.5182870901662,614.560056697244,741.1441851358962
617.1250678461221,617.1250678461221,616.833073239691,613.9450754123988,741.1441851358962
621.8340728447206,621.8340728447206,627.3838512475147,616.3451457612628,741.1441851358962
622.2572423847184,622.2572423847184,629.7645354442278,616.2689854516016,741.1441851358962
624.7311694029382,624.7311694029382,627.3955366744178,616.7015662713183,741.1441851358962
626.1919620178321,626.1919620178321,628.5643561794566,617.965165839073,741.1441851358962
618.0053410123068,618.0053410123068,629.3355759340425,619.6884225133551,741.1441851358962
617.4833802063542,617.4833802063542,638.1261324578348,620.0040665276151,741.1441851358962
628.9283879029244,628.9283879029244,637.3585391445351,621.5725836539924,741.1441851358962
623.4245467689182,623.4245467689182,640.65856986909,621.0657437037822,741.1441851358962
618.729151925802,618.729151925802,636.3946688283546,620.9871209253656,741.1441851358962
621.8517806089064,621.8517806089064,641.5549714535142,621.834296010731,741.1441851358962
625.1698352154281,625.1698352154281,635.5008801629153,622.2290411719271,741.1441851358962
626.0793958467904,626.0793958467904,622.3952480072633,620.4334304913933,741.1441851358962
620.9752126536733,620.9752126536733,626.886125560396,620.6600836112503,741.1441851358962
622.3598029002742,622.3598029002742,621.6795371387085,621.0933746082025,741.1441851358962
620.988175598213,620.988175598213,622.8056748778027,621.1051894388148,741.1441851358962
619.70490238935,619.70490238935,617.5382590723382,620.8617172964658,741.1441851358962
629.5171882495019,629.5171882495019,620.7180743886169,621.2982997918713,741.1441851358962
620.9714889504077,620.9714889504077,624.6699618192408,623.0958992454464,741.1441851358962
623.105130163702,623.105130163702,630.1648205388117,623.2005648126542,741.1441851358962
614.0995810038157,614.0995810038157,615.4483347837454,621.9645560288049,741.1441851358962
620.1659447462141,620.1659447462141,619.2678512942318,622.3421774122968,741.1441851358962
617.7476565395111,617.7476565395111,633.6001324325198,621.982316484908,741.1441851358962
626.0307315251489,626.0307315251489,636.1656967418351,623.73230983119,741.1441851358962
616.8362043005221,616.8362043005221,643.0056703159919,625.4197731941485,741.1441851358962
623.1012725571054,623.1012725571054,644.5211773706646,625.0281442641946,741.1441851358962
622.0350123816104,622.0350123816104,648.5611640097482,626.4233491463361,741.1441851358962
623.4502061965311,623.4502061965311,641.497420782151,625.3410573928202,741.1441851358962
625.4170184627937,625.4170184627937,639.3311702557659,626.9343106090034,741.1441851358962
626.947766167199,626.947766167199,633.2168455849807,627.0021445399482,741.1441851358962
628.1501262027194,628.1501262027194,646.3897438356256,628.5397808977791,741.1441851358962
627.7991825673373,627.7991825673373,643.3759881313224,628.1122356459674,741.1441851358962
619.0852625115574,619.0852625115574,642.5789459115522,628.9543125258327,741.1441851358962
623.6576958169494,623.6576958169494,635.4685748350134,627.866161211861,741.1441851358962
623.3166900912852,623.3166900912852,636.3435767848484,628.2362720698604,741.1441851358962
623.849082671973,623.849082671973,625.1071271598742,627.7752079106955,741.1441851358962
627.0179233006967,627.0179233006967,613.9844636389389,626.2235927001357,741.1441851358962
616.0335593145595,616.0335593145595,616.9801649765529,625.4142940776517,741.1441851358962
622.0638781982082,622.0638781982082,619.519457532499,626.0783629327497,741.1441851358962
628.0418972016366,628.0418972016366,627.504610159435,627.5598464403496,741.1441851358962
625.8171181309287,625.8171181309287,626.9702735742037,629.4392793773559,741.1441851358962
618.3020525694501,618.3020525694501,624.6662179927628,630.0389577657494,741.1441851358962
621.050240044553,621.050240044553,620.8308835658696,629.8339490722866,741.1441851358962
620.6782296798415,620.6782296798415,628.041375307824,630.7914618238972,741.1441851358962
631.0558481411213,631.0558481411213,623.1296941491421,630.5445669136294,741.1441851358962
624.8827616974223,624.8827616974223,634.6711083784874,631.2881327441743,741.1441851358962
622.8638397183746,622.8638397183746,644.0231098082768,632.4466257974273,741.1441851358962
619.8647746773753,619.8647746773753,643.2405224967664,631.9589443577245,741.1441851358962
622.2419642345901,622.2419642345901,640.1281589095548,632.8614636772301,741.1441851358962
621.7921168817535,621.7921168817535,631.212811543012,631.6987513309188,741.1441851358962
615.11882019137,615.11882019137,629.4536106971693,631.9633868688517,741.1441851358962
619.1783893964447,619.1783893964447,633.9916332699968,631.3605141702458,741.1441851358962
618.2606955329202,618.2606955329202,639.8198466172738,631.8450113068958,741.1441851358962
615.068234137376,615.068234137376,631.2038075992616,631.553116008866,741.1441851358962
617.4395664946236,617.4395664946236,635.7976656795807,631.9912288136544,741.1441851358962
628.8121531517413,628.8121531517413,629.9688469492052,631.4147869472068,741.1441851358962
629.3252644240888,629.3252644240888,628.8691042444277,630.595220154746,741.1441851358962
612.0784989751429,612.0784989751429,623.6185471982872,629.2109459684749,741.1441851358962
624.3331954047892,624.3331954047892,624.1394941833598,629.5576485400841,741.1441851358962
627.255031081389,627.255031081389,629.4061631122236,630.3010501876926,741.1441851358962
628.0109425490153,628.0109425490153,626.6908592723846,628.9905644326259,741.1441851358962
623.9155911165195,623.9155911165195,624.9916608672127,629.2586703111053,741.1441851358962
628.5621955915939,628.5621955915939,619.966452820985,631.35925226964,741.1441851358962
616.374971096082,616.374971096082,617.7737764211837,629.7306461810235,741.1441851358962
619.8323834586766,619.8323834586766,613.4690488145659,630.3491311488258,741.1441851358962
617.588800040768,617.588800040768,619.4629456063311,630.7462410929126,741.1441851358962
615.3185395982254,615.3185395982254,616.0609875030157,630.2997658408814,741.1441851358962
629.1624265235783,629.1624265235783,621.4142025588999,629.3501716025315,741.1441851358962
622.3246186252926,622.3246186252926,618.0241307730406,628.2284823308441,741.1441851358962
621.0535383881942,621.0535383881942,610.8118531972709,626.4304567193844,741.1441851358962
622.0749917664002,622.0749917664002,613.0912500205142,628.5191474799794,741.1441851358962
621.3510953869485,621.3510953869485,613.2773801541314,628.0605760830852,741.1441851358962
618.4302570191668,618.4302570191668,620.1718115167494,628.673588086486,741.1441851358962
626.0175303523159,626.0175303523159,628.637210985099,628.2249490296763,741.1441851358962
627.307603693903,627.307603693903,626.8538152193221,627.1187601294919,741.1441851358962
619.8423980984409,619.8423980984409,627.8215063729,627.4063068933596,741.1441851358962
619.3932222269,619.3932222269,627.5564492602917,626.0988228909902,741.1441851358962
621.9185135694486,621.9185135694486,627.6793870919307,626.5865648644874,741.1441851358962
622.8067020692442,622.8067020692442,629.9503890000553,626.352326079702,741.1441851358962
619.03990821041,619.03990821041,640.478469398784,627.8827814821451,741.1441851358962
618.3121993775094,618.3121993775094,631.1932427153889,625.4798472559322,741.1441851358962
619.7022576461868,619.7022576461868,630.1248443451325,625.4103473258473,741.1441851358962
623.989590703669,623.989590703669,623.339024494476,624.8256038030709,741.1441851358962
617.407714203339,617.407714203339,621.0810908489684,625.3474522324674,741.1441851358962
620.1587858367565,620.1587858367565,626.0980889068886,625.0696625538999,741.1441851358962
624.2182925956035,624.2182925956035,620.5588098356961,626.4966434285241,741.1441851358962
615.9522130805101,615.9522130805101,622.5786941428617,627.8176689917747,741.1441851358962
629.2297511446786,629.2297511446786,628.5084947578183,628.8922308207406,741.1441851358962
627.3086042870734,627.3086042870734,631.0732502087,628.6630846149422,741.1441851358962
619.661020525452,619.661020525452,626.710700711694,627.723999592597,741.1441851358962
619.4662173184026,619.4662173184026,629.0798212213251,625.9017567853565,741.1441851358962
619.28753432824,619.28753432824,631.5202456434824,626.7811528559912,741.1441851358962
619.5939344279026,619.5939344279026,636.2883399549357,627.917095080884,741.1441851358962
617.9897358554755,617.9897358554755,638.23451584183,627.3860803392686,741.1441851358962
621.8460417318652,621.8460417318652,640.7699240181723,628.5977085277059,741.1441851358962
620.4180744737606,620.4180744737606,645.025771009813,628.5675759547892,741.1441851358962
619.3738345461456,619.3738345461456,645.9769762545694,628.2084422810332,741.1441851358962
623.9738891756394,623.9738891756394,637.6998649945335,627.784099320294,741.1441851358962
628.073540456812,628.073540456812,629.7751860644768,626.5924900459265,741.1441851358962
627.7045068548714,627.7045068548714,636.3083904213636,628.7431153682672,741.1441851358962
620.1274855021578,620.1274855021578,648.8285602785592,629.7767467016344,741.1441851358962
621.9345126691221,621.9345126691221,651.0497199583402,630.1927701936598,741.1441851358962
621.8841944913506,621.8841944913506,646.1694870860011,629.1870231746294,741.1441851358962
620.3071990132769,620.3071990132769,645.0332053291379,630.1519598852437,741.1441851358962
620.3110090768257,620.3110090768257,638.7571550273094,629.1896063972516,741.1441851358962
625.1458439542658,625.1458439542658,632.5609475415993,629.0859960732679,741.1441851358962
630.3140574495787,630.3140574495787,637.8402307251038,630.0026675771685,741.1441851358962
616.7569256092468,616.7569256092468,638.4386343074351,630.7481167421234,741.1441851358962
620.215252767914,620.215252767914,641.5084781789474,630.066286845044,741.1441851358962
623.3228830711545,623.3228830711545,637.1563476384769,630.2931522735179,741.1441851358962
627.9492884369184,627.9492884369184,628.541427017881,630.1468602507338,741.1441851358962
622.5056185465986,622.5056185465986,624.3686343537322,630.0681648909638,741.1441851358962
625.4127230260185,625.4127230260185,628.8858424782782,630.970901106088,741.1441851358962
622.8210804647891,622.8210804647891,625.7702912535509,631.7512628517172,741.1441851358962
618.555702848901,618.555702848901,628.4700706524628,632.189810764831,741.1441851358962
620.0678476210443,620.0678476210443,634.389770289116,632.071361009825,741.1441851358962
628.4427629823041,628.4427629823041,628.4069982531408,632.4718697271934,741.1441851358962
623.886450192915,623.886450192915,626.6159940730874,631.788475044961,741.1441851358962
620.2262284928679,620.2262284928679,630.4286181420115,632.5471843188382,741.1441851358962
629.8885867528152,629.8885867528152,625.3194448928191,633.1946706126276,741.1441851358962
621.5657284470605,621.5657284470605,629.2602986142747,633.3806699694858,741.1441851358962
619.2163197576635,619.2163197576635,629.36440907988,633.2855706761135,741.1441851358962
628.5001553329043,628.5001553329043,627.2119105948332,632.3789209217049,741.1441851358962
618.1569884112756,618.1569884112756,629.8427815849386,631.9923769716852,741.1441851358962
620.4852180411145,620.4852180411145,619.0522334594405,630.6294944128547,741.1441851358962
625.5845296308877,625.5845296308877,614.6706572912241,629.4411911934898,741.1441851358962
628.2290342759275,628.2290342759275,614.2687371963744,629.81432731441,741.1441851358962
617.0569599982151,617.0569599982151,617.1155050525765,629.6756986370901,741.1441851358962
621.8061002307263,621.8061002307263,612.5166485992706,629.0604362386812,741.1441851358962
624.7500710804075,624.7500710804075,620.981834738052,629.2953436804812,741.1441851358962
624.9738826419627,624.9738826419627,624.3887348378838,632.0197683939848,741.1441851358962
627.7756981987019,627.7756981987019,621.4210666954386,631.5448151461746,741.1441851358962
616.2151923526048,616.2151923526048,622.1990149923813,632.1509190212859,741.1441851358962
625.3836990232029,625.3836990232029,622.0824074143605,632.1926402847636,741.1441851358962
622.1621622161592,622.1621622161592,629.9820867980945,631.4062939910959,741.1441851358962
620.7944719197658,620.7944719197658,634.1995982777269,632.1693488818958,741.1441851358962
622.0151441704687,622.0151441704687,634.6382062942981,632.2262297446973,741.1441851358962
616.4620909242594,616.4620909242594,632.4106799314039,630.4561356718073,741.1441851358962
628.5218135364515,628.5218135364515,636.8584431131964,630.2174748195805,741.1441851358962
623.6944432187822,623.6944432187822,629.5257203911949,629.8583476163813,741.1441851358962
623.4665352446816,623.4665352446816,624.6929830656311,631.142400762846,741.1441851358962
618.3491008690696,618.3491008690696,629.6808539137697,631.1769368002322,741.1441851358962
618.9235063867743,618.9235063867743,637.675952310386,632.4284414923759,741.1441851358962
631.253796960727,631.253796960727,633.9767441978445,631.3410859559665,741.1441851358962
620.5033852389116,620.5033852389116,634.8472548737452,630.2217601622104,741.1441851358962
623.2855403283477,623.2855403283477,634.6689354940165,630.0979817787365,741.1441851358962
617.5660496534114,617.5660496534114,635.0439748555982,630.0396294649031,741.1441851358962
623.7562016866373,623.7562016866373,635.7990049428047,630.0759636614615,741.1441851358962
632.7170275922595,632.7170275922595,636.3784552423328,631.5381286551517,741.1441851358962
617.6774747763938,617.6774747763938,646.689569583569,631.9345834488224,741.1441851358962
618.0931562613006,618.0931562613006,648.3191240640597,631.040513519946,741.1441851358962
626.9686677671268,626.9686677671268,640.3456388554848,629.0361205796611,741.1441851358962
623.6670568848826,623.6670568848826,633.4523941414657,629.8850229034689,741.1441851358962
626.90911653537,626.90911653537,634.2736286237383,629.1891706148865,741.1441851358962
628.187045876603,628.187045876603,637.4019275088694,629.9507146585224,741.1441851358962
627.3128208825239,627.3128208825239,639.3050661206283,631.4468054945423,741.1441851358962
629.2226362591111,629.2226362591111,638.2230183629455,630.1161869924714,741.1441851358962
627.463333906868,627.463333906868,636.6676634990247,629.7217694997794,741.1441851358962
624.7696451293115,624.7696451293115,632.0713509243789,629.650703204238,741.1441851358962
628.6100128360747,628.6100128360747,624.250030348277,629.3533199907824,741.1441851358962
621.6699002538718,621.6699002538718,622.78612093565,629.8894523034999,741.1441851358962
627.7431301875142,627.7431301875142,625.4645418203783,629.2553020729903,741.1441851358962
618.1065253252833,618.1065253252833,624.5697799005469,629.0218103879226,741.1441851358962
619.372985056158,619.372985056158,631.05496124818,630.2461046138125,741.1441851358962
617.9734387068324,617.9734387068324,628.7780273319346,630.0123059944168,741.1441851358962
622.8891519353381,622.8891519353381,623.1208511836705,629.1930216734531,741.1441851358962
628.3405116885677,628.3405116885677,628.5584369055067,630.1464747229445,741.1441851358962
626.9808211208491,626.9808211208491,633.3566522623843,631.0699011376388,741.1441851358962
617.0079625577376,617.0079625577376,631.2859062808764,629.822160832011,741.1441851358962
627.5692895740706,627.5692895740706,630.9069072506577,630.4708124623501,741.1441851358962
618.419578355637,618.419578355637,635.0342492273362,631.0442424261123,741.1441851358962
622.4469617290227,622.4469617290227,637.5484191350472,630.8921040840237,741.1441851358962
619.5797971965504,619.5797971965504,635.1464372573519,630.6087157204263,741.1441851358962
624.4959542024724,624.4959542024724,633.5161782594704,630.9807839487188,741.1441851358962
618.3286579700094,618.3286579700094,634.4995228371241,633.1017638699536,741.1441851358962
625.0863251324066,625.0863251324066,632.5124823026811,632.7613866757446,741.1441851358962
624.3971415922186,624.3971415922186,627.7874944440989,632.8502261724894,741.1441851358962
628.2392506026796,628.2392506026796,625.4539880408423,632.737597735292,741.1441851358962
623.983990492,623.983990492,631.6738120111099,633.6535935143788,741.1441851358962
617.7925359302986,617.7925359302986,633.0836254166301,632.8911705980656,741.1441851358962
621.1654412369278,621.1654412369278,628.2645945309482,631.819414364725,741.1441851358962
615.4056046533765,615.4056046533765,625.7134562482227,631.7505819945804,741.1441851358962
628.5205636238873,628.5205636238873,628.5627044001225,631.8814536019746,741.1441851358962
624.2914409566374,624.2914409566374,622.7243993264326,631.1091823311332,741.1441851358962
622.3829051743377,622.3829051743377,619.1131051767504,630.9279675456847,741.1441851358962
620.2225387083308,620.2225387083308,625.1968874707688,630.960844514353,741.1441851358962
617.4402297259974,617.4402297259974,628.770816975603,631.6767483087505,741.1441851358962
623.0170279369669,623.0170279369669,626.8396330312278,631.6233883552568,741.1441851358962
621.6133013887542,621.6133013887542,630.9913252147775,632.480169934695,741.1441851358962
624.9177022507199,624.9177022507199,631.6604276770789,633.3181120552425,741.1441851358962
621.3582127354806,621.3582127354806,630.8630317439134,633.0534241003816,741.1441851358962
623.3002342595423,623.3002342595423,628.691513141148,631.5527138400562,741.1441851358962
623.2116639020181,623.2116639020181,631.6777746854488,630.6818180769872,741.1441851358962
628.5822733761635,628.5822733761635,631.4316056254613,630.6001546166565,741.1441851358962
623.0215481917927,623.0215481917927,631.6160295313081,630.2817224771974,741.1441851358962
628.0133851632249,628.0133851632249,629.9378341772892,630.0146242510076,741.1441851358962
621.1442857094855,621.1442857094855,631.8548197696241,631.0389172915555,741.1441851358962
620.298588367574,620.298588367574,633.1221857604708,631.08802451879,741.1441851358962
618.7736201812213,618.7736201812213,626.9833456334195,630.6011480129124,741.1441851358962
621.172922541105,621.172922541105,631.6209058594553,630.3043793104199,741.1441851358962
622.9473434218979,622.9473434218979,632.8313641043835,629.9558721084463,741.1441851358962
620.5380390998173,620.5380390998173,642.1514235467741,631.913870778314,741.1441851358962
617.8247414690576,617.8247414690576,635.3318466120802,631.05770857111,741.1441851358962
625.7839545379449,625.7839545379449,637.6480126189028,631.2750314156895,741.1441851358962
626.2652582529588,626.2652582529588,638.4974616693537,630.5008293092942,741.1441851358962
623.820257367263,623.820257367263,633.54184084286,628.8619791954538,741.1441851358962
620.9429602771274,620.9429602771274,633.8962336361317,630.1735603461929,741.1441851358962
622.5345459706234,622.5345459706234,629.4337031921225,629.6412324574095,741.1441851358962
629.1795137556314,629.1795137556314,631.3327540220128,630.4534286324392,741.1441851358962
624.0806659686499,624.0806659686499,627.7511490075,631.0046030422644,741.1441851358962
618.3562456075881,618.3562456075881,622.9394052828296,629.9865289778822,741.1441851358962
621.7078059805847,621.7078059805847,617.7859622434441,630.3781548629272,741.1441851358962
628.8477544420174,628.8477544420174,619.9683126802358,630.1374151270478,741.1441851358962
615.3463959471911,615.3463959471911,618.6030942552808,628.7846580171096,741.1441851358962
621.2578686457595,621.2578686457595,619.6877405912323,628.6827719611537,741.1441851358962
625.0635285365496,625.0635285365496,627.5531063843438,629.7484302355886,741.1441851358962
621.33352543749,621.33352543749,614.8027820545286,627.4224293759971,741.1441851358962
624.5540781423508,624.5540781423508,619.8034349753505,626.9305890000028,741.1441851358962
627.4464488583646,627.4464488583646,616.1319327353475,627.4226339233334,741.1441851358962
629.4449500116222,629.4449500116222,621.02112296242,629.0274461846169,741.1441851358962
619.3894000268324,619.3894000268324,625.5655225202142,628.0927836364579,741.1441851358962
618.9283171727185,618.9283171727185,622.9360828666955,627.455687609257,741.1441851358962
620.3561030951344,620.3561030951344,624.856767845208,628.079481244619,741.1441851358962
615.444814349714,615.444814349714,627.4876480868184,627.578951982579,741.1441851358962
621.5898391838241,621.5898391838241,622.9841435194988,626.3796960976287,741.1441851358962
629.1795455101028,629.1795455101028,617.2976523462778,626.7054642443079,741.1441851358962
625.3146968124331,625.3146968124331,623.1058127239925,626.486093031976,741.1441851358962
621.7772952456364,621.7772952456364,619.4893280583592,625.7376570035061,741.1441851358962
618.282557689283,618.282557689283,622.6331965235884,625.6145108258291,741.1441851358962
622.7230030209445,622.7230030209445,617.0558156981206,625.821884240915,741.1441851358962
620.2224931859295,620.2224931859295,622.3606241499758,626.9119895602634,741.1441851358962
614.6470798832219,614.6470798832219,621.9750585199229,626.7080080635969,741.1441851358962
627.4522331286745,627.4522331286745,617.0761454906377,625.7821694627222,741.1441851358962
628.399673880741,628.399673880741,617.2979236483392,626.4936568469606,741.1441851358962
627.5669322776581,627.5669322776581,625.5717527615476,627.6714256145882,741.1441851358962
620.5324941783947,620.5324941783947,628.1879834979017,627.3036834497345,741.1441851358962
619.5894963014658,619.5894963014658,631.8180440089697,627.0955384386493,741.1441851358962
631.1126697038844,631.1126697038844,634.9528046247244,627.3602913222055,741.1441851358962
616.9119116743905,616.9119116743905,633.1101517251982,626.0382761279133,741.1441851358962
627.3453532932999,627.3453532932999,629.4591643177579,625.3816315690507,741.1441851358962
627.5032307344542,627.5032307344542,626.3143981867668,626.002262848834,741.1441851358962
621.0992401139412,621.0992401139412,628.2790718943154,626.6255198142304,741.1441851358962
623.5167822796969,623.5167822796969,628.7386033460099,625.1943351948343,741.1441851358962
620.7682025062516,620.7682025062516,623.1216039780887,624.831656517486,741.1441851358962
620.5680402490611,620.5680402490611,616.59329294534,624.6668782973945,741.1441851358962
623.6743535892896,623.6743535892896,616.3886083677488,624.5938382878264,741.1441851358962
624.9680956547211,624.9680956547211,617.9167417653313,624.3079228377907,741.1441851358962
619.4155400247838,619.4155400247838,620.8358095427741,624.9030160786662,741.1441851358962
633.5404216189268,633.5404216189268,621.7068727900989,624.9829815592491,741.1441851358962
618.8458516938641,618.8458516938641,625.8645100018359,624.2303523975269,741.1441851358962
619.5473300686599,619.5473300686599,621.5359877849177,623.7431875849409,741.1441851358962
623.679467726848,623.679467726848,619.8102196874196,622.1572790423595,741.1441851358962
619.4596483644019,619.4596483644019,616.4861895045049,621.4252037733193,741.1441851358962
620.0439455023916,620.0439455023916,620.303260554248,621.3627061045551,741.1441851358962
627.2394685503748,627.2394685503748,625.1081462181054,621.9890152071449,741.1441851358962
618.18827461135,618.18827461135,619.6353746673146,621.8125450527173,741.1441851358962
617.3465783012094,617.3465783012094,613.188055523227,620.1662872152098,741.1441851358962
620.3512759823054,620.3512759823054,612.5181104760662,621.5198975354549,741.1441851358962
630.7384083463255,630.7384083463255,609.428738353782,620.602178425603,741.1441851358962
625.2728851575132,625.2728851575132,603.2457955708603,619.3292817101989,741.1441851358962
615.754059124895,615.754059124895,603.2963395279452,619.8145744339639,741.1441851358962
619.9440344625953,619.9440344625953,607.5422572734126,620.1085380483532,741.1441851358962
629.2711563470523,629.2711563470523,615.5398479188804,620.5395108210482,741.1441851358962
625.722242133227,625.722242133227,616.4859307433771,620.9392734021744,741.1441851358962
624.0590455678787,624.0590455678787,619.1360047768851,621.8786680442755,741.1441851358962
620.5361635297513,620.5361635297513,619.3346847697184,620.1688607297924,741.1441851358962
624.196266839465,624.196266839465,618.3466323129968,620.8750572669036,741.1441851358962
614.7160293978893,614.7160293978893,615.6794481526789,620.6951001709207,741.1441851358962
627.885750290553,627.885750290553,619.4130500031808,621.2584018791697,741.1441851358962
616.3350007060237,616.3350007060237,625.639792069499,620.2530155316148,741.1441851358962
617.4865366726433,617.4865366726433,626.6422856052126,620.0299270509636,741.1441851358962
617.4697994807855,617.4697994807855,621.6528088760167,619.8518832502175,741.1441851358962
618.3225332407426,618.3225332407426,621.3359045897262,619.8353381699519,741.1441851358962
617.6727907086981,617.6727907086981,621.272536322159,619.6962510492425,741.1441851358962
619.3289437401588,619.3289437401588,620.8200365581034,621.4458466519962,741.1441851358962
626.5940819233806,626.5940819233806,631.592642032166,623.0278586669698,741.1441851358962
620.6644970473969,620.6644970473969,638.1075345725791,623.8754016366208,741.1441851358962
626.8650827832283,626.8650827832283,635.9602725900269,623.989289077254,741.1441851358962
619.194034733368,619.194034733368,629.418485970869,622.6154597686258,741.1441851358962
626.0635482664896,626.0635482664896,628.0286137466958,622.4475751413298,741.1441851358962
624.569203895837,624.569203895837,626.4151218708128,620.840826595131,741.1441851358962
617.7731627888002,617.7731627888002,625.2914301078692,620.5151575678068,741.1441851358962
617.1751752247133,617.1751752247133,628.2127555690809,622.0626601856403,741.1441851358962
621.191892900106,621.191892900106,627.1642346715893,621.6695132538925,741.1441851358962
615.5155324120162,615.5155324120162,622.992932145741,620.930082528835,741.1441851358962
622.21288467965,622.21288467965,619.4546490641933,621.2811917802283,741.1441851358962
626.9906442274207,626.9906442274207,617.4578071883368,621.0033542724942,741.1441851358962
624.8933577901034,624.8933577901034,618.8922549959573,620.7771791515007,741.1441851358962
623.1545733031425,623.1545733031425,626.0698115956,621.2073917427061,741.1441851358962
619.7382569511395,619.7382569511395,621.6340539731922,620.8825530724167,741.1441851358962
623.999161282935,623.999161282935,627.6365605936545,621.1052590765086,741.1441851358962
619.1467388870368,619.1467388870368,631.5736014322559,621.1740634753947,741.1441851358962
621.1629628414191,621.1629628414191,621.7027910759,620.6554977316184,741.1441851358962
629.8961525457626,629.8961525457626,627.2981486327436,622.5048221848234,741.1441851358962
629.782939495588,629.782939495588,628.2134912345671,623.2541221866803,741.1441851358962
632.0218174890182,632.0218174890182,622.2570415805305,622.4548784227844,741.1441851358962
621.7513117522547,621.7513117522547,613.536353378563,620.1272765951405,741.1441851358962
620.4398049057013,620.4398049057013,614.7177657989256,619.5535704027311,741.1441851358962
623.0950042580608,623.0950042580608,611.1966771828728,619.1053526212609,741.1441851358962
620.6020987640414,620.6020987640414,611.2631679962058,617.9622846712905,741.1441851358962
616.5513031611334,616.5513031611334,606.5933311046905,618.116727740463,741.1441851358962
624.9360308561259,624.9360308561259,610.3996267909318,619.2919448960973,741.1441851358962
615.344224087596,615.344224087596,614.7435509932545,620.3069700293684,741.1441851358962
618.7350641111875,618.7350641111875,612.2207591259388,620.8883218991616,741.1441851358962
625.6972905569656,625.6972905569656,618.2193039015441,621.8763537233681,741.1441851358962
623.6578170169752,623.6578170169752,621.4825932342571,622.8243221361729,741.1441851358962
626.7782586966947,626.7782586966947,629.2260987189796,623.334885234291,741.1441851358962
620.5522197294637,620.5522197294637,627.8071083161504,622.6113699707479,741.1441851358962
619.7200729730977,619.7200729730977,630.454458643431,623.3104966791908,741.1441851358962
618.8289427760261,618.8289427760261,637.3602418387513,624.7851739248688,741.1441851358962
618.5850223524155,618.5850223524155,636.1449583621913,624.6864515073124,741.1441851358962
625.1506811875514,625.1506811875514,639.2455418858008,625.632601818575,741.1441851358962
623.2804656387958,623.2804656387958,644.746350851887,626.1482706159697,741.1441851358962
621.7630607002227,621.7630607002227,649.5795528825057,627.5070463269874,741.1441851358962
618.6450737909289,618.6450737909289,645.5938488274599,627.1679225334831,741.1441851358962
618.393012337526,618.393012337526,643.5457470531773,627.6665345928649,741.1441851358962
618.8157095992673,618.8157095992673,643.2090529687168,628.3073693654351,741.1441851358962
622.9685187565728,622.9685187565728,643.3634669230622,628.1481737248246,741.1441851358962
627.315241106623,627.315241106623,651.1537385140349,629.6586343813616,741.1441851358962
620.2895328979215,620.2895328979215,651.0390006921971,629.8650156494085,741.1441851358962
626.8750956165729,626.8750956165729,653.8151094240487,630.1210162710796,741.1441851358962
621.0822428869717,621.0822428869717,648.1429595102687,630.9306319454254,741.1441851358962
617.0911004088083,617.0911004088083,645.7771253551316,631.0365147690509,741.1441851358962
622.3993257655532,622.3993257655532,636.4269529807758,630.5379296587107,741.1441851358962
624.3760646606147,624.3760646606147,638.6291802263456,630.7297512671316,741.1441851358962
623.3788831027373,623.3788831027373,646.1777039932916,630.5835469850899,741.1441851358962
616.5193242310048,616.5193242310048,650.9943769219719,630.8847378353136,741.1441851358962
619.7009736098245,619.7009736098245,650.5935102411206,631.0748212550432,741.1441851358962
617.1771642340254,617.1771642340254,639.0891917679012,631.592775540768,741.1441851358962
621.1163056182763,621.1163056182763,643.0976933660382,632.878831573277,741.1441851358962
622.8002053352265,622.8002053352265,643.0667704744362,633.4513459918043,741.1441851358962
615.621027433754,615.621027433754,637.6158489061518,633.3955157050818,741.1441851358962
622.1622682132847,622.1622682132847,633.3248899680386,632.0589416488423,741.1441851358962
627.9613498094901,627.9613498094901,640.30977593943,633.1670379122787,741.1441851358962
625.0430238964041,625.0430238964041,629.7624417136599,632.0836531807154,741.1441851358962
620.7464108846378,620.7464108846378,629.0244144839983,632.4975000690511,741.1441851358962
627.1929482119355,627.1929482119355,617.7937491260742,630.9519262228612,741.1441851358962
625.3056912876536,625.3056912876536,615.026754398749,630.3017211356016,741.1441851358962
626.7543793305858,626.7543793305858,616.7206619345702,629.722945608562,741.1441851358962
629.296957989383,629.296957989383,608.5240723934007,630.2568352573187,741.1441851358962
616.918011528344,616.918011528344,604.5888363593833,628.84180114495,741.1441851358962
623.6496844529448,623.6496844529448,609.419891468325,628.9647737122957,741.1441851358962
622.9577138931,622.9577138931,615.368016618276,630.7919867573177,741.1441851358962
628.8349876391711,628.8349876391711,611.2287366321316,629.9531555121564,741.1441851358962
619.427935977046,619.427935977046,619.2861667311291,630.2981882800277,741.1441851358962
613.5090937308411,613.5090937308411,610.9737554568715,630.2408428443191,741.1441851358962
620.3141537007582,620.3141537007582,622.6604999448627,632.7767555361211,741.1441851358962
621.3663642709022,621.3663642709022,629.6771284645749,633.2935936687314,741.1441851358962
626.5304628586675,626.5304628586675,633.6515730887903,634.2139247897455,741.1441851358962
615.6062954651487,615.6062954651487,631.3727858218176,634.278758822441,741.1441851358962
624.5219659106518,624.5219659106518,640.8483614761175,635.6928072192353,741.1441851358962
622.1822130596242,622.1822130596242,639.5806834308936,634.800985040288,741.1441851358962
622.8251069723234,622.8251069723234,629.7400108845984,633.7912787355864,741.1441851358962
618.5015806443204,618.5015806443204,625.0969102768227,632.5283857423332,741.1441851358962
622.3030815842488,622.3030815842488,618.0447772141536,630.2632829425496,741.1441851358962
625.6197465601166,625.6197465601166,619.299831828007,629.8042905630691,741.1441851358962
618.4353671944631,618.4353671944631,615.0274070535754,629.9370172030402,741.1441851358962
621.9898623116852,621.9898623116852,613.0734490045734,630.3468618064159,741.1441851358962
627.054298993162,627.054298993162,611.8006761043597,630.4831682819313,741.1441851358962
618.1887464317028,618.1887464317028,613.8644785760418,629.5796061698991,741.1441851358962
627.4175525129144,627.4175525129144,609.736773860767,630.4111703189506,741.1441851358962
624.1183292317706,624.1183292317706,612.0063755456073,629.3531517722492,741.1441851358962
624.7007086152046,624.7007086152046,616.0694409025674,628.0558967457224,741.1441851358962
621.4858913917916,621.4858913917916,629.5534820072731,628.5231715672866,741.1441851358962
618.4513991683402,618.4513991683402,632.8698477131078,627.7184827196792,741.1441851358962
627.3997583819088,627.3997583819088,633.1819796722929,627.7315370868922,741.1441851358962
629.9121467729075,629.9121467729075,631.5931915955132,627.6138449283994,741.1441851358962
627.3974710356805,627.3974710356805,631.2012829165865,627.914425005121,741.1441851358962
627.5490394208972,627.5490394208972,634.4808302060304,627.1485866203304,741.1441851358962
625.5012232982904,625.5012232982904,629.2728890462371,625.2263838407071,741.1441851358962
619.0479981284955,619.0479981284955,626.8469614970702,625.0175407335548,741.1441851358962
617.002212468031,617.002212468031,622.8117231246272,624.286904495121,741.1441851358962
626.3518129072016,626.3518129072016,627.4482854429841,624.390128763293,741.1441851358962
630.5740593288313,630.5740593288313,619.8613823747773,625.210057446087,741.1441851358962
622.9906965946548,622.9906965946548,623.7079824867138,624.7342431717528,741.1441851358962
627.8167872548217,627.8167872548217,621.7779675661848,622.8515898014707,741.1441851358962
624.9916465015247,624.9916465015247,613.8219121003433,620.1793519640737,741.1441851358962
619.2220569828631,619.2220569828631,613.0657140431912,620.408865765535,741.1441851358962
622.6553936230368,622.6553936230368,603.3038857007539,619.9915254069009,741.1441851358962
626.9048544763773,626.9048544763773,617.8673311828182,620.1803114040631,741.1441851358962
621.9030970524981,621.9030970524981,617.6592429393158,619.9360352265307,741.1441851358962
621.399738511024,621.399738511024,617.7329509712878,620.3103249081481,741.1441851358962
627.4354267864509,627.4354267864509,614.7336568662921,620.6718821429436,741.1441851358962
620.9107650690916,620.9107650690916,612.9511710942669,619.7383364770543,741.1441851358962
622.8430818883398,622.8430818883398,607.0707041447873,620.1958956579783,741.1441851358962
613.6534171119454,613.6534171119454,613.9903753780417,619.8447819802794,741.1441851358962
614.8761758046685,614.8761758046685,627.1124284949773,622.0430878378544,741.1441851358962
620.8286865632635,620.8286865632635,629.1237315404522,623.2282611938756,741.1441851358962
623.6788183141167,623.6788183141167,630.1723848244476,622.6818699848765,741.1441851358962
618.510119077626,618.510119077626,620.9864210227195,622.6727811299268,741.1441851358962
620.3221441682931,620.3221441682931,620.0238410830574,623.0230361712656,741.1441851358962
625.3552716998985,625.3552716998985,628.1626283208741,624.058872278658,741.1441851358962
625.4419537788852,625.4419537788852,632.8003571253984,624.1583502443681,741.1441851358962
628.1217591597137,628.1217591597137,635.3270214730608,624.5579934452402,741.1441851358962
613.9954962224746,613.9954962224746,637.388693842318,623.8164010802161,741.1441851358962
623.0018897055677,623.0018897055677,634.2179774858452,624.4936263860743,741.1441851358962
623.4483767341954,623.4483767341954,630.3718580467681,623.5853594582354,741.1441851358962
