Average Episodic Reward,Average Episodic N-Reward,Avg Reward (last 10),Avg Reward (last 50),Best Reward
418.93550348274357,418.93550348274357,411.98868351110536,411.98868351110536,411.98868351110536
417.7951067833438,417.7951067833438,378.0551148661372,378.0551148661372,411.98868351110536
421.25022030556994,421.25022030556994,392.40861539811567,392.40861539811567,421.1156164620727
421.6618334359405,421.6618334359405,391.478897170133,391.478897170133,421.1156164620727
421.0217750468503,421.0217750468503,414.17262702414564,414.17262702414564,504.94754644019633
418.4903342603043,418.4903342603043,421.5230943868496,421.5230943868496,504.94754644019633
422.6487798092641,422.6487798092641,414.4757770083175,414.4757770083175,504.94754644019633
423.53960560917983,423.53960560917983,412.2831800677811,412.2831800677811,504.94754644019633
423.7973069582284,423.7973069582284,417.2997206285693,417.2997206285693,504.94754644019633
420.19771316405024,420.19771316405024,418.04063688204826,418.04063688204826,504.94754644019633
418.3648629231588,418.3648629231588,415.2451700448116,414.94912581447466,504.94754644019633
421.81281465973115,421.81281465973115,420.97643422873443,413.82288100163487,504.94754644019633
423.90787786055756,423.90787786055756,422.0883695611343,415.23919552351464,504.94754644019633
422.6482176549082,422.6482176549082,428.4928934681963,417.9174659544639,504.94754644019633
423.6731571861826,423.6731571861826,424.4979101682601,421.05614912022196,504.94754644019633
420.1297405472222,420.1297405472222,420.09759074265065,420.63215460922527,504.94754644019633
417.135771531343,417.135771531343,425.510184730536,420.96660508021074,504.94754644019633
416.1035718758744,416.1035718758744,431.8648965498708,423.16191144671984,504.94754644019633
419.7363727853401,419.7363727853401,423.67184088333454,420.65346813107726,504.94754644019633
422.1722839032476,422.1722839032476,421.9087916304567,419.97471425625247,504.94754644019633
422.77397557396284,422.77397557396284,430.9308447848754,422.5594681813322,504.94754644019633
418.50706370436205,418.50706370436205,433.2399825125305,422.64883623386015,504.94754644019633
418.44997714491825,418.44997714491825,430.4538650141873,421.8542692151114,504.94754644019633
423.76717188565743,423.76717188565743,431.68139877855054,423.65243796450005,504.94754644019633
418.34771142134457,418.34771142134457,426.1255720556772,423.08391829440416,504.94754644019633
419.2194593888973,419.2194593888973,427.71932400249227,423.3579889912511,504.94754644019633
416.2018401299238,416.2018401299238,420.7572449748078,420.889064300432,504.94754644019633
417.30424140360395,417.30424140360395,415.96579295752315,420.59186912914976,504.94754644019633
412.6127188984334,412.6127188984334,419.4985514036014,420.25522098367185,504.94754644019633
412.29135434683326,412.29135434683326,419.93868179740514,419.96270343663673,504.94754644019633
413.69710762597856,413.69710762597856,411.57749195466715,419.01689520498866,504.94754644019633
414.87220010813553,414.87220010813553,408.03272879425793,418.08130265898444,504.94754644019633
416.76184433898254,416.76184433898254,406.0665625122739,417.07011566879703,504.94754644019633
409.84950717228895,409.84950717228895,397.1421176513452,415.8552849312192,504.94754644019633
415.4417773772142,415.4417773772142,400.9980927888247,416.7736824356671,504.94754644019633
411.36156465625487,411.36156465625487,396.81561697314385,415.9851078751101,504.94754644019633
414.5349594669806,414.5349594669806,407.27167456663153,417.20868869670204,504.94754644019633
418.1014795359115,418.1014795359115,405.97808124307466,416.74613547491936,504.94754644019633
411.34342641268034,411.34342641268034,406.7711048033973,416.79775529642194,504.94754644019633
409.35400984519043,409.35400984519043,407.9399544465019,416.957016189103,504.94754644019633
414.7886143287769,414.7886143287769,413.0059551092986,417.55081225482036,504.94754644019633
416.4472855629106,416.4472855629106,414.31354866803787,417.1842183754258,504.94754644019633
413.29974270331047,413.29974270331047,418.1783136351576,417.3278361260903,504.94754644019633
416.4472855629106,416.4472855629106,421.77907629518995,417.2016011503036,504.94754644019633
Average Episodic Reward,Average Episodic N-Reward,Avg Reward (last 10),Avg Reward (last 50),Best Reward
418.93550348274357,418.93550348274357,411.98868351110536,411.98868351110536,411.98868351110536
416.4472855629106,416.4472855629106,418.6698487898184,417.19505273658973,504.94754644019633
417.7951067833438,417.7951067833438,378.0551148661372,378.0551148661372,411.98868351110536
416.4472855629106,416.4472855629106,418.522792891687,416.5367785308878,504.94754644019633
421.25022030556994,421.25022030556994,392.40861539811567,392.40861539811567,421.1156164620727
415.15363183728454,415.15363183728454,414.2383584360174,416.5767035348544,504.94754644019633
421.6618334359405,421.6618334359405,391.478897170133,391.478897170133,421.1156164620727
416.4472855629106,416.4472855629106,412.78618834685204,415.92114648990537,504.94754644019633
421.0217750468503,421.0217750468503,414.17262702414564,414.17262702414564,504.94754644019633
412.3042445212504,412.3042445212504,412.89617254415907,416.00151391840916,504.94754644019633
418.4903342603043,418.4903342603043,421.5230943868496,421.5230943868496,504.94754644019633
422.6487798092641,422.6487798092641,414.4757770083175,414.4757770083175,504.94754644019633
416.4472855629106,416.4472855629106,412.00856214324585,415.9673253799316,504.94754644019633
423.53960560917983,423.53960560917983,412.2831800677811,412.2831800677811,504.94754644019633
423.7973069582284,423.7973069582284,417.2997206285693,417.2997206285693,504.94754644019633
416.4472855629106,416.4472855629106,411.2833372985124,416.408559838433,504.94754644019633
415.3365313090333,415.3365313090333,408.2040950887388,416.9533578584599,504.94754644019633
420.19771316405024,420.19771316405024,418.04063688204826,418.04063688204826,504.94754644019633
416.4472855629106,416.4472855629106,406.0548719495696,416.56839653446457,504.94754644019633
418.3648629231588,418.3648629231588,415.2451700448116,414.94912581447466,504.94754644019633
416.4472855629106,416.4472855629106,405.2215053257405,416.8633983038045,504.94754644019633
421.81281465973115,421.81281465973115,420.97643422873443,413.82288100163487,504.94754644019633
412.29416949645827,412.29416949645827,402.4404591478509,414.5463765900863,504.94754644019633
423.90787786055756,423.90787786055756,422.0883695611343,415.23919552351464,504.94754644019633
416.4472855629106,416.4472855629106,401.97980113674714,413.0270251493441,504.94754644019633
422.6482176549082,422.6482176549082,428.4928934681963,417.9174659544639,504.94754644019633
412.3042445212504,412.3042445212504,402.83670823872365,414.12283418934317,504.94754644019633
423.6731571861826,423.6731571861826,424.4979101682601,421.05614912022196,504.94754644019633
420.1297405472222,420.1297405472222,420.09759074265065,420.63215460922527,504.94754644019633
416.4472855629106,416.4472855629106,405.7766032996584,414.4743124793959,504.94754644019633
417.135771531343,417.135771531343,425.510184730536,420.96660508021074,504.94754644019633
412.2759909421127,412.2759909421127,405.16091558295045,413.59971704348857,504.94754644019633
416.1035718758744,416.1035718758744,431.8648965498708,423.16191144671984,504.94754644019633
Average Episodic Reward,Average Episodic N-Reward,Avg Reward (last 10),Avg Reward (last 50),Best Reward
418.93550348274357,418.93550348274357,411.98868351110536,411.98868351110536,411.98868351110536
417.7951067833438,417.7951067833438,378.0551148661372,378.0551148661372,411.98868351110536
421.25022030556994,421.25022030556994,392.40861539811567,392.40861539811567,421.1156164620727
421.6618334359405,421.6618334359405,391.478897170133,391.478897170133,421.1156164620727
421.0217750468503,421.0217750468503,414.17262702414564,414.17262702414564,504.94754644019633
418.4903342603043,418.4903342603043,421.5230943868496,421.5230943868496,504.94754644019633
422.6487798092641,422.6487798092641,414.4757770083175,414.4757770083175,504.94754644019633
423.53960560917983,423.53960560917983,412.2831800677811,412.2831800677811,504.94754644019633
423.7973069582284,423.7973069582284,417.2997206285693,417.2997206285693,504.94754644019633
420.19771316405024,420.19771316405024,418.04063688204826,418.04063688204826,504.94754644019633
418.3648629231588,418.3648629231588,415.2451700448116,414.94912581447466,504.94754644019633
421.81281465973115,421.81281465973115,420.97643422873443,413.82288100163487,504.94754644019633
423.90787786055756,423.90787786055756,422.0883695611343,415.23919552351464,504.94754644019633
422.6482176549082,422.6482176549082,428.4928934681963,417.9174659544639,504.94754644019633
423.6731571861826,423.6731571861826,424.4979101682601,421.05614912022196,504.94754644019633
420.1297405472222,420.1297405472222,420.09759074265065,420.63215460922527,504.94754644019633
417.135771531343,417.135771531343,425.510184730536,420.96660508021074,504.94754644019633
416.1035718758744,416.1035718758744,431.8648965498708,423.16191144671984,504.94754644019633
Average Episodic Reward,Average Episodic N-Reward,Avg Reward (last 10),Avg Reward (last 50),Best Reward
418.93550348274357,418.93550348274357,411.98868351110536,411.98868351110536,411.98868351110536
417.7951067833438,417.7951067833438,378.0551148661372,378.0551148661372,411.98868351110536
421.25022030556994,421.25022030556994,392.40861539811567,392.40861539811567,421.1156164620727
421.6618334359405,421.6618334359405,391.478897170133,391.478897170133,421.1156164620727
421.0217750468503,421.0217750468503,414.17262702414564,414.17262702414564,504.94754644019633
418.4903342603043,418.4903342603043,421.5230943868496,421.5230943868496,504.94754644019633
422.6487798092641,422.6487798092641,414.4757770083175,414.4757770083175,504.94754644019633
423.53960560917983,423.53960560917983,412.2831800677811,412.2831800677811,504.94754644019633
423.7973069582284,423.7973069582284,417.2997206285693,417.2997206285693,504.94754644019633
420.19771316405024,420.19771316405024,418.04063688204826,418.04063688204826,504.94754644019633
418.3648629231588,418.3648629231588,415.2451700448116,414.94912581447466,504.94754644019633
421.81281465973115,421.81281465973115,420.97643422873443,413.82288100163487,504.94754644019633
423.90787786055756,423.90787786055756,422.0883695611343,415.23919552351464,504.94754644019633
422.6482176549082,422.6482176549082,428.4928934681963,417.9174659544639,504.94754644019633
423.6731571861826,423.6731571861826,424.4979101682601,421.05614912022196,504.94754644019633
420.1297405472222,420.1297405472222,420.09759074265065,420.63215460922527,504.94754644019633
417.135771531343,417.135771531343,425.510184730536,420.96660508021074,504.94754644019633
416.1035718758744,416.1035718758744,431.8648965498708,423.16191144671984,504.94754644019633
419.7363727853401,419.7363727853401,423.67184088333454,420.65346813107726,504.94754644019633
422.1722839032476,422.1722839032476,421.9087916304567,419.97471425625247,504.94754644019633
422.77397557396284,422.77397557396284,430.9308447848754,422.5594681813322,504.94754644019633
418.50706370436205,418.50706370436205,433.2399825125305,422.64883623386015,504.94754644019633
418.44997714491825,418.44997714491825,430.4538650141873,421.8542692151114,504.94754644019633
423.76717188565743,423.76717188565743,431.68139877855054,423.65243796450005,504.94754644019633
418.34771142134457,418.34771142134457,426.1255720556772,423.08391829440416,504.94754644019633
419.2194593888973,419.2194593888973,427.71932400249227,423.3579889912511,504.94754644019633
416.2018401299238,416.2018401299238,420.7572449748078,420.889064300432,504.94754644019633
417.30424140360395,417.30424140360395,415.96579295752315,420.59186912914976,504.94754644019633
412.6127188984334,412.6127188984334,419.4985514036014,420.25522098367185,504.94754644019633
412.29135434683326,412.29135434683326,419.93868179740514,419.96270343663673,504.94754644019633
413.69710762597856,413.69710762597856,411.57749195466715,419.01689520498866,504.94754644019633
414.87220010813553,414.87220010813553,408.03272879425793,418.08130265898444,504.94754644019633
416.76184433898254,416.76184433898254,406.0665625122739,417.07011566879703,504.94754644019633
409.84950717228895,409.84950717228895,397.1421176513452,415.8552849312192,504.94754644019633
415.4417773772142,415.4417773772142,400.9980927888247,416.7736824356671,504.94754644019633
411.36156465625487,411.36156465625487,396.81561697314385,415.9851078751101,504.94754644019633
414.5349594669806,414.5349594669806,407.27167456663153,417.20868869670204,504.94754644019633
418.1014795359115,418.1014795359115,405.97808124307466,416.74613547491936,504.94754644019633
411.34342641268034,411.34342641268034,406.7711048033973,416.79775529642194,504.94754644019633
409.35400984519043,409.35400984519043,407.9399544465019,416.957016189103,504.94754644019633
414.7886143287769,414.7886143287769,413.0059551092986,417.55081225482036,504.94754644019633
416.4472855629106,416.4472855629106,414.31354866803787,417.1842183754258,504.94754644019633
413.29974270331047,413.29974270331047,418.1783136351576,417.3278361260903,504.94754644019633
416.4472855629106,416.4472855629106,421.77907629518995,417.2016011503036,504.94754644019633
416.4472855629106,416.4472855629106,418.6698487898184,417.19505273658973,504.94754644019633
416.4472855629106,416.4472855629106,418.522792891687,416.5367785308878,504.94754644019633
415.15363183728454,415.15363183728454,414.2383584360174,416.5767035348544,504.94754644019633
416.4472855629106,416.4472855629106,412.78618834685204,415.92114648990537,504.94754644019633
412.3042445212504,412.3042445212504,412.89617254415907,416.00151391840916,504.94754644019633
416.4472855629106,416.4472855629106,412.00856214324585,415.9673253799316,504.94754644019633
416.4472855629106,416.4472855629106,411.2833372985124,416.408559838433,504.94754644019633
415.3365313090333,415.3365313090333,408.2040950887388,416.9533578584599,504.94754644019633
416.4472855629106,416.4472855629106,406.0548719495696,416.56839653446457,504.94754644019633
416.4472855629106,416.4472855629106,405.2215053257405,416.8633983038045,504.94754644019633
412.29416949645827,412.29416949645827,402.4404591478509,414.5463765900863,504.94754644019633
416.4472855629106,416.4472855629106,401.97980113674714,413.0270251493441,504.94754644019633
412.3042445212504,412.3042445212504,402.83670823872365,414.12283418934317,504.94754644019633
416.4472855629106,416.4472855629106,405.7766032996584,414.4743124793959,504.94754644019633
412.2759909421127,412.2759909421127,405.16091558295045,413.59971704348857,504.94754644019633
416.4472855629106,416.4472855629106,404.75897991911233,413.3109939873443,504.94754644019633
416.4472855629106,416.4472855629106,401.45680560112885,413.6508869496964,504.94754644019633
416.4472855629106,416.4472855629106,405.02353420724916,413.76277785416283,504.94754644019633
416.4472855629106,416.4472855629106,403.4396416930041,412.83865096083844,504.94754644019633
416.4472855629106,416.4472855629106,405.4695498600944,412.258729582184,504.94754644019633
416.4472855629106,416.4472855629106,407.25113551266713,411.09702165896766,504.94754644019633
416.4472855629106,416.4472855629106,408.8310900702789,410.77372501486985,504.94754644019633
416.4472855629106,416.4472855629106,408.098696277462,410.64053649872847,504.94754644019633
416.4472855629106,416.4472855629106,407.51894999716507,409.6051231688547,504.94754644019633
416.4472855629106,416.4472855629106,405.7516515627405,410.0156791793698,504.94754644019633
416.4472855629106,416.4472855629106,403.56080927935125,409.64139751712327,504.94754644019633
416.4472855629106,416.4472855629106,404.4078323082763,408.34628445437664,504.94754644019633
416.4472855629106,416.4472855629106,405.59431635494394,408.2336446226456,504.94754644019633
416.4472855629106,416.4472855629106,409.41750679524,408.6313793170491,504.94754644019633
416.4472855629106,416.4472855629106,409.36593329381185,407.7956364852364,504.94754644019633
416.4472855629106,416.4472855629106,408.7994065970099,407.63178856723425,504.94754644019633
416.4472855629106,416.4472855629106,406.7246920119007,406.5747986167516,504.94754644019633
416.4472855629106,416.4472855629106,405.62445420079695,407.61397834392636,504.94754644019633
416.4472855629106,416.4472855629106,405.2869819953048,407.46936097641105,504.94754644019633
416.4472855629106,416.4472855629106,407.13251377388724,407.5424716534269,504.94754644019633
416.4472855629106,416.4472855629106,408.26096654277444,407.3058544661972,504.94754644019633
412.90115725963545,412.90115725963545,407.7970581389046,407.59019769122415,504.94754644019633
414.9695283875907,414.9695283875907,404.49856228119904,407.5268113200338,504.94754644019633
414.7755240447836,414.7755240447836,402.86281998245306,407.9906308110848,504.94754644019633
416.4472855629106,416.4472855629106,401.73617387087916,408.7144477291432,504.94754644019633
416.4472855629106,416.4472855629106,403.723503262103,408.1768706618899,504.94754644019633
416.4472855629106,416.4472855629106,404.9099135840365,408.1936579389301,504.94754644019633
416.4472855629106,416.4472855629106,406.2294401585322,407.40553146230656,504.94754644019633
415.0425306543579,415.0425306543579,409.78415280638126,408.2305752890723,504.94754644019633
416.4472855629106,416.4472855629106,407.26708032210155,407.64166675716774,504.94754644019633
416.4472855629106,416.4472855629106,408.65939952992335,407.4497434828814,504.94754644019633
415.0838081262196,415.0838081262196,408.70986678200865,406.7309800257661,504.94754644019633
Average Episodic Reward,Average Episodic N-Reward,Avg Reward (last 10),Avg Reward (last 50),Best Reward
418.93550348274357,418.93550348274357,411.98868351110536,411.98868351110536,411.98868351110536
417.7951067833438,417.7951067833438,378.0551148661372,378.0551148661372,411.98868351110536
421.25022030556994,421.25022030556994,392.40861539811567,392.40861539811567,421.1156164620727
421.6618334359405,421.6618334359405,391.478897170133,391.478897170133,421.1156164620727
421.0217750468503,421.0217750468503,414.17262702414564,414.17262702414564,504.94754644019633
418.4903342603043,418.4903342603043,421.5230943868496,421.5230943868496,504.94754644019633
422.6487798092641,422.6487798092641,414.4757770083175,414.4757770083175,504.94754644019633
423.53960560917983,423.53960560917983,412.2831800677811,412.2831800677811,504.94754644019633
423.7973069582284,423.7973069582284,417.2997206285693,417.2997206285693,504.94754644019633
420.19771316405024,420.19771316405024,418.04063688204826,418.04063688204826,504.94754644019633
418.3648629231588,418.3648629231588,415.2451700448116,414.94912581447466,504.94754644019633
421.81281465973115,421.81281465973115,420.97643422873443,413.82288100163487,504.94754644019633
423.90787786055756,423.90787786055756,422.0883695611343,415.23919552351464,504.94754644019633
422.6482176549082,422.6482176549082,428.4928934681963,417.9174659544639,504.94754644019633
423.6731571861826,423.6731571861826,424.4979101682601,421.05614912022196,504.94754644019633
420.1297405472222,420.1297405472222,420.09759074265065,420.63215460922527,504.94754644019633
417.135771531343,417.135771531343,425.510184730536,420.96660508021074,504.94754644019633
416.1035718758744,416.1035718758744,431.8648965498708,423.16191144671984,504.94754644019633
419.7363727853401,419.7363727853401,423.67184088333454,420.65346813107726,504.94754644019633
422.1722839032476,422.1722839032476,421.9087916304567,419.97471425625247,504.94754644019633
422.77397557396284,422.77397557396284,430.9308447848754,422.5594681813322,504.94754644019633
418.50706370436205,418.50706370436205,433.2399825125305,422.64883623386015,504.94754644019633
418.44997714491825,418.44997714491825,430.4538650141873,421.8542692151114,504.94754644019633
423.76717188565743,423.76717188565743,431.68139877855054,423.65243796450005,504.94754644019633
418.34771142134457,418.34771142134457,426.1255720556772,423.08391829440416,504.94754644019633
419.2194593888973,419.2194593888973,427.71932400249227,423.3579889912511,504.94754644019633
416.2018401299238,416.2018401299238,420.7572449748078,420.889064300432,504.94754644019633
417.30424140360395,417.30424140360395,415.96579295752315,420.59186912914976,504.94754644019633
412.6127188984334,412.6127188984334,419.4985514036014,420.25522098367185,504.94754644019633
412.29135434683326,412.29135434683326,419.93868179740514,419.96270343663673,504.94754644019633
413.69710762597856,413.69710762597856,411.57749195466715,419.01689520498866,504.94754644019633
414.87220010813553,414.87220010813553,408.03272879425793,418.08130265898444,504.94754644019633
416.76184433898254,416.76184433898254,406.0665625122739,417.07011566879703,504.94754644019633
409.84950717228895,409.84950717228895,397.1421176513452,415.8552849312192,504.94754644019633
415.4417773772142,415.4417773772142,400.9980927888247,416.7736824356671,504.94754644019633
411.36156465625487,411.36156465625487,396.81561697314385,415.9851078751101,504.94754644019633
414.5349594669806,414.5349594669806,407.27167456663153,417.20868869670204,504.94754644019633
418.1014795359115,418.1014795359115,405.97808124307466,416.74613547491936,504.94754644019633
411.34342641268034,411.34342641268034,406.7711048033973,416.79775529642194,504.94754644019633
409.35400984519043,409.35400984519043,407.9399544465019,416.957016189103,504.94754644019633
414.7886143287769,414.7886143287769,413.0059551092986,417.55081225482036,504.94754644019633
416.4472855629106,416.4472855629106,414.31354866803787,417.1842183754258,504.94754644019633
413.29974270331047,413.29974270331047,418.1783136351576,417.3278361260903,504.94754644019633
416.4472855629106,416.4472855629106,421.77907629518995,417.2016011503036,504.94754644019633
416.4472855629106,416.4472855629106,418.6698487898184,417.19505273658973,504.94754644019633
416.4472855629106,416.4472855629106,418.522792891687,416.5367785308878,504.94754644019633
415.15363183728454,415.15363183728454,414.2383584360174,416.5767035348544,504.94754644019633
416.4472855629106,416.4472855629106,412.78618834685204,415.92114648990537,504.94754644019633
412.3042445212504,412.3042445212504,412.89617254415907,416.00151391840916,504.94754644019633
416.4472855629106,416.4472855629106,412.00856214324585,415.9673253799316,504.94754644019633
416.4472855629106,416.4472855629106,411.2833372985124,416.408559838433,504.94754644019633
415.3365313090333,415.3365313090333,408.2040950887388,416.9533578584599,504.94754644019633
416.4472855629106,416.4472855629106,406.0548719495696,416.56839653446457,504.94754644019633
416.4472855629106,416.4472855629106,405.2215053257405,416.8633983038045,504.94754644019633
412.29416949645827,412.29416949645827,402.4404591478509,414.5463765900863,504.94754644019633
416.4472855629106,416.4472855629106,401.97980113674714,413.0270251493441,504.94754644019633
412.3042445212504,412.3042445212504,402.83670823872365,414.12283418934317,504.94754644019633
416.4472855629106,416.4472855629106,405.7766032996584,414.4743124793959,504.94754644019633
412.2759909421127,412.2759909421127,405.16091558295045,413.59971704348857,504.94754644019633
416.4472855629106,416.4472855629106,404.75897991911233,413.3109939873443,504.94754644019633
416.4472855629106,416.4472855629106,401.45680560112885,413.6508869496964,504.94754644019633
416.4472855629106,416.4472855629106,405.02353420724916,413.76277785416283,504.94754644019633
416.4472855629106,416.4472855629106,403.4396416930041,412.83865096083844,504.94754644019633
416.4472855629106,416.4472855629106,405.4695498600944,412.258729582184,504.94754644019633
416.4472855629106,416.4472855629106,407.25113551266713,411.09702165896766,504.94754644019633
416.4472855629106,416.4472855629106,408.8310900702789,410.77372501486985,504.94754644019633
416.4472855629106,416.4472855629106,408.098696277462,410.64053649872847,504.94754644019633
416.4472855629106,416.4472855629106,407.51894999716507,409.6051231688547,504.94754644019633
416.4472855629106,416.4472855629106,405.7516515627405,410.0156791793698,504.94754644019633
416.4472855629106,416.4472855629106,403.56080927935125,409.64139751712327,504.94754644019633
416.4472855629106,416.4472855629106,404.4078323082763,408.34628445437664,504.94754644019633
416.4472855629106,416.4472855629106,405.59431635494394,408.2336446226456,504.94754644019633
416.4472855629106,416.4472855629106,409.41750679524,408.6313793170491,504.94754644019633
416.4472855629106,416.4472855629106,409.36593329381185,407.7956364852364,504.94754644019633
416.4472855629106,416.4472855629106,408.7994065970099,407.63178856723425,504.94754644019633
416.4472855629106,416.4472855629106,406.7246920119007,406.5747986167516,504.94754644019633
416.4472855629106,416.4472855629106,405.62445420079695,407.61397834392636,504.94754644019633
416.4472855629106,416.4472855629106,405.2869819953048,407.46936097641105,504.94754644019633
416.4472855629106,416.4472855629106,407.13251377388724,407.5424716534269,504.94754644019633
416.4472855629106,416.4472855629106,408.26096654277444,407.3058544661972,504.94754644019633
412.90115725963545,412.90115725963545,407.7970581389046,407.59019769122415,504.94754644019633
414.9695283875907,414.9695283875907,404.49856228119904,407.5268113200338,504.94754644019633
414.7755240447836,414.7755240447836,402.86281998245306,407.9906308110848,504.94754644019633
416.4472855629106,416.4472855629106,401.73617387087916,408.7144477291432,504.94754644019633
416.4472855629106,416.4472855629106,403.723503262103,408.1768706618899,504.94754644019633
416.4472855629106,416.4472855629106,404.9099135840365,408.1936579389301,504.94754644019633
416.4472855629106,416.4472855629106,406.2294401585322,407.40553146230656,504.94754644019633
415.0425306543579,415.0425306543579,409.78415280638126,408.2305752890723,504.94754644019633
416.4472855629106,416.4472855629106,407.26708032210155,407.64166675716774,504.94754644019633
416.4472855629106,416.4472855629106,408.65939952992335,407.4497434828814,504.94754644019633
415.0838081262196,415.0838081262196,408.70986678200865,406.7309800257661,504.94754644019633
416.4472855629106,416.4472855629106,409.39617873284215,406.5433373329946,504.94754644019633
416.4472855629106,416.4472855629106,409.5192919513282,406.25882647431905,504.94754644019633
416.4472855629106,416.4472855629106,407.9767682937363,405.9539861288525,504.94754644019633
416.4472855629106,416.4472855629106,405.08289326274405,405.459479556475,504.94754644019633
413.1068962766455,413.1068962766455,408.40926825528675,406.17095301165,504.94754644019633
416.4472855629106,416.4472855629106,406.8390140753369,405.92566259017025,504.94754644019633
416.4472855629106,416.4472855629106,404.01669829848663,406.4766772793992,504.94754644019633
416.4472855629106,416.4472855629106,407.55822059432364,406.5740763672007,504.94754644019633
416.4472855629106,416.4472855629106,409.3072087666396,406.90947280756023,504.94754644019633
416.4472855629106,416.4472855629106,412.1935972143284,406.91303200892935,504.94754644019633
416.4472855629106,416.4472855629106,415.6082636160321,408.0241710384533,504.94754644019633
416.4472855629106,416.4472855629106,415.75907281427305,408.1996666472598,504.94754644019633
416.4472855629106,416.4472855629106,419.5841696885045,408.8265190014053,504.94754644019633
416.4472855629106,416.4472855629106,422.37805458592203,409.4469986440893,504.94754644019633
416.4472855629106,416.4472855629106,424.21042197696534,410.6170771796936,504.94754644019633
416.4472855629106,416.4472855629106,423.32620801085994,410.0235625445976,504.94754644019633
416.4472855629106,416.4472855629106,421.075298530876,409.53641632564273,504.94754644019633
416.4472855629106,416.4472855629106,420.9572012966425,409.7333335099391,504.94754644019633
416.4472855629106,416.4472855629106,417.57979597415726,409.47363601856915,504.94754644019633
416.4472855629106,416.4472855629106,415.08307543990156,409.63828597668385,504.94754644019633
416.4472855629106,416.4472855629106,411.4895036080258,409.31736491860863,504.94754644019633
416.4472855629106,416.4472855629106,411.2175949210282,409.75525729286454,504.94754644019633
416.4472855629106,416.4472855629106,408.94207175090725,409.5210233795678,504.94754644019633
416.4472855629106,416.4472855629106,406.8192697042537,409.36062548240653,504.94754644019633
416.4472855629106,416.4472855629106,404.446548524971,409.74016887063203,504.94754644019633
416.4472855629106,416.4472855629106,406.1222899169612,409.6282812724975,504.94754644019633
416.4472855629106,416.4472855629106,407.6737795745362,409.56738224111706,504.94754644019633
416.4472855629106,416.4472855629106,406.806820671279,409.94436733164684,504.94754644019633
416.4472855629106,416.4472855629106,407.2158357890841,410.20464132051575,504.94754644019633
416.4472855629106,416.4472855629106,407.52751850572724,410.26222321617405,504.94754644019633
416.4472855629106,416.4472855629106,407.11542259647064,409.6215861669139,504.94754644019633
416.4472855629106,416.4472855629106,407.23741607328054,409.31923914847255,504.94754644019633
416.4472855629106,416.4472855629106,406.5745885420645,408.9627544292183,504.94754644019633
416.4472855629106,416.4472855629106,406.18578979130444,408.8379021212654,504.94754644019633
416.4472855629106,416.4472855629106,405.793130286794,409.5538565256107,504.94754644019633
416.4472855629106,416.4472855629106,405.0742331238982,409.51823705711763,504.94754644019633
416.4472855629106,416.4472855629106,407.5545077435487,410.0208873907657,504.94754644019633
416.4472855629106,416.4472855629106,408.2865564320608,410.1751758632815,504.94754644019633
416.4472855629106,416.4472855629106,409.6049375755426,410.4734355270694,504.94754644019633
416.4472855629106,416.4472855629106,410.28928058178764,410.7606677047506,504.94754644019633
416.4472855629106,416.4472855629106,413.2491646697273,411.37170664461956,504.94754644019633
416.4472855629106,416.4472855629106,412.91076813008675,411.3288287779993,504.94754644019633
416.4472855629106,416.4472855629106,411.04132752365484,410.82378515977354,504.94754644019633
416.4472855629106,416.4472855629106,415.30251305105537,411.15370407905596,504.94754644019633
416.4472855629106,416.4472855629106,414.8432454134498,411.5405228914933,504.94754644019633
416.4472855629106,416.4472855629106,415.0166407965221,411.2756771847156,504.94754644019633
416.4472855629106,416.4472855629106,410.47274430680864,410.1586056908512,504.94754644019633
416.4472855629106,416.4472855629106,409.38017091330005,410.5977939815212,504.94754644019633
416.4472855629106,416.4472855629106,405.93801170259854,409.92915796160446,504.94754644019633
416.4472855629106,416.4472855629106,401.46495595460703,409.3116855392704,504.94754644019633
416.4472855629106,416.4472855629106,400.03293913506894,409.49905872506497,504.94754644019633
416.4472855629106,416.4472855629106,400.7256199924246,409.5700943862186,504.94754644019633
416.4472855629106,416.4472855629106,400.7993584838768,409.38830319780163,504.94754644019633
416.4472855629106,416.4472855629106,396.00996365722244,409.33911815795165,504.94754644019633
416.4472855629106,416.4472855629106,398.8978127735103,409.63823179513815,504.94754644019633
416.4472855629106,416.4472855629106,400.87882807471453,410.0836399845911,504.94754644019633
416.4472855629106,416.4472855629106,404.66980312940615,410.2892266570351,504.94754644019633
416.4472855629106,416.4472855629106,403.95062479502326,409.87627482166107,504.94754644019633
416.4472855629106,416.4472855629106,405.6715909714813,409.2020344025726,504.94754644019633
416.4472855629106,416.4472855629106,410.82168778208995,409.0373036528226,504.94754644019633
416.4472855629106,416.4472855629106,413.8947733167782,409.15636066521415,504.94754644019633
416.4472855629106,416.4472855629106,414.5722399749296,409.3327278183499,504.94754644019633
416.4472855629106,416.4472855629106,415.9841938706675,408.6683080342342,504.94754644019633
416.4472855629106,416.4472855629106,418.31658542564065,408.52682432589535,504.94754644019633
416.4472855629106,416.4472855629106,417.0147789291285,408.1991031855707,504.94754644019633
416.4472855629106,416.4472855629106,414.85002649308507,408.3884036810362,504.94754644019633
416.4472855629106,416.4472855629106,411.38434041791123,408.35103503444225,504.94754644019633
416.4472855629106,416.4472855629106,410.7884546803683,407.8425254984063,504.94754644019633
416.4472855629106,416.4472855629106,414.1069769877537,408.50747060529204,504.94754644019633
416.4472855629106,416.4472855629106,414.86390996896625,408.9934705586356,504.94754644019633
416.4472855629106,416.4472855629106,412.55097751572475,409.3686554467539,504.94754644019633
416.4472855629106,416.4472855629106,412.91369676258347,409.671948186661,504.94754644019633
416.4472855629106,416.4472855629106,414.80630548916406,409.84115478188556,504.94754644019633
416.4472855629106,416.4472855629106,415.70843563366424,410.30465751177746,504.94754644019633
416.4472855629106,416.4472855629106,414.5486211058134,410.21951770173916,504.94754644019633
416.4472855629106,416.4472855629106,414.7129705129407,410.10653980023216,504.94754644019633
416.4472855629106,416.4472855629106,418.84594707594226,410.5854685347234,504.94754644019633
416.4472855629106,416.4472855629106,421.6676984780406,410.81470105975865,504.94754644019633
416.4472855629106,416.4472855629106,418.8673188264327,410.8377672127618,504.94754644019633
416.4472855629106,416.4472855629106,417.70730702388494,411.0294282622672,504.94754644019633
416.4472855629106,416.4472855629106,418.48385771789737,411.6423424710393,504.94754644019633
416.4472855629106,416.4472855629106,418.17122170171325,411.8587093123475,504.94754644019633
416.4472855629106,416.4472855629106,417.0098688958522,411.9282108526431,504.94754644019633
416.4472855629106,416.4472855629106,416.20445615832523,412.30839078518164,504.94754644019633
416.4472855629106,416.4472855629106,418.72740671737637,412.8063729878557,504.94754644019633
416.4472855629106,416.4472855629106,417.0219152842757,412.4960762323076,504.94754644019633
416.4472855629106,416.4472855629106,416.74812221149404,412.4241914283124,504.94754644019633
416.4472855629106,416.4472855629106,415.88799849092874,412.3349894715322,504.94754644019633
416.4472855629106,416.4472855629106,416.0590939534819,412.1285984883496,504.94754644019633
416.4472855629106,416.4472855629106,415.366145835602,412.04480131303006,504.94754644019633
416.4472855629106,416.4472855629106,413.5838745654067,411.7092844501752,504.94754644019633
416.4472855629106,416.4472855629106,414.6718037408553,412.2109164345012,504.94754644019633
416.4472855629106,416.4472855629106,415.74995017638474,412.869935383189,504.94754644019633
416.4472855629106,416.4472855629106,416.21536296480446,412.49096076793137,504.94754644019633
416.4472855629106,416.4472855629106,412.65166316546936,412.3680565382596,504.94754644019633
416.4472855629106,416.4472855629106,413.5023049357718,412.1932090601575,504.94754644019633
416.4472855629106,416.4472855629106,412.6689544420745,412.8634334553657,504.94754644019633
416.4472855629106,416.4472855629106,411.35456126120243,412.7298675411127,504.94754644019633
416.4472855629106,416.4472855629106,410.5658688681954,413.054169921469,504.94754644019633
416.4472855629106,416.4472855629106,409.26724706240395,413.6052595345895,504.94754644019633
416.4472855629106,416.4472855629106,412.21703392502786,414.14610340816694,504.94754644019633
416.4472855629106,416.4472855629106,411.21015655954596,414.30782374792557,504.94754644019633
416.4472855629106,416.4472855629106,411.95611324433423,415.1012863352806,504.94754644019633
416.4472855629106,416.4472855629106,412.0704418877681,415.70305641404053,504.94754644019633
416.4472855629106,416.4472855629106,413.856254390937,415.35974486174496,504.94754644019633
416.4472855629106,416.4472855629106,413.98884192349885,414.81521182991446,504.94754644019633
416.4472855629106,416.4472855629106,413.48883397965255,414.627239625415,504.94754644019633
416.4472855629106,416.4472855629106,416.98575268772237,415.33689311965253,504.94754644019633
416.4472855629106,416.4472855629106,418.93799718114525,415.7074511634017,504.94754644019633
416.4472855629106,416.4472855629106,422.71483794704164,415.98388956757975,504.94754644019633
416.4472855629106,416.4472855629106,422.45144695522504,415.85743813585634,504.94754644019633
416.4472855629106,416.4472855629106,423.6574981180173,416.12487537654306,504.94754644019633
416.4472855629106,416.4472855629106,422.73415457502085,416.4512784761512,504.94754644019633
416.4472855629106,416.4472855629106,423.0039459928503,416.64052852748245,504.94754644019633
416.4472855629106,416.4472855629106,421.98184298155576,416.3531576722304,504.94754644019633
416.4472855629106,416.4472855629106,425.53274700772624,416.9517559328426,504.94754644019633
416.4472855629106,416.4472855629106,425.58901257537445,417.4681740569075,504.94754644019633
416.4472855629106,416.4472855629106,422.66349005428737,417.7119001944362,504.94754644019633
416.4472855629106,416.4472855629106,423.3196719240556,417.5499901506621,504.94754644019633
416.4472855629106,416.4472855629106,422.74085469145473,417.5592785120774,504.94754644019633
416.4472855629106,416.4472855629106,421.5285072463532,417.652944081982,504.94754644019633
416.4472855629106,416.4472855629106,421.7342605054987,417.88898812512605,504.94754644019633
416.4472855629106,416.4472855629106,421.52700108549345,417.795417595417,504.94754644019633
416.4472855629106,416.4472855629106,421.7291667439205,417.8446747495337,504.94754644019633
416.4472855629106,416.4472855629106,423.30263775347646,418.103961001763,504.94754644019633
416.4472855629106,416.4472855629106,421.1408816612375,418.23733816250206,504.94754644019633
416.4472855629106,416.4472855629106,419.3688134799965,417.57274733771845,504.94754644019633
416.4472855629106,416.4472855629106,419.3704130294176,417.25244310471163,504.94754644019633
416.4472855629106,416.4472855629106,415.8494064262448,416.9464076706245,504.94754644019633
416.4472855629106,416.4472855629106,411.87848965463763,416.3935150382279,504.94754644019633
416.4472855629106,416.4472855629106,408.4637505755725,415.64892265351705,504.94754644019633
416.4472855629106,416.4472855629106,405.13087047778333,415.28091788034016,504.94754644019633
416.4472855629106,416.4472855629106,404.3778596208581,415.26901574041835,504.94754644019633
416.4472855629106,416.4472855629106,403.7480506956756,415.35339365700366,504.94754644019633
416.4472855629106,416.4472855629106,399.8976559491522,414.33801084811813,504.94754644019633
416.4472855629106,416.4472855629106,398.9725752822525,414.6274701620974,504.94754644019633
416.4472855629106,416.4472855629106,399.7369456969713,414.1705120348138,504.94754644019633
416.4472855629106,416.4472855629106,401.46790834528986,414.36842507558396,504.94754644019633
416.4472855629106,416.4472855629106,406.86221941100706,415.1070327621297,504.94754644019633
416.4472855629106,416.4472855629106,410.33617728114996,415.38752132733754,504.94754644019633
416.4472855629106,416.4472855629106,413.4631261083342,415.62477296210255,504.94754644019633
416.4472855629106,416.4472855629106,414.99133947189637,415.34482502654845,504.94754644019633
416.4472855629106,416.4472855629106,414.37310328168206,414.9936463614777,504.94754644019633
416.4472855629106,416.4472855629106,413.71198044151197,414.85271715234524,504.94754644019633
416.4472855629106,416.4472855629106,417.2120343942993,415.2500850938842,504.94754644019633
416.4472855629106,416.4472855629106,418.5280018124242,415.6326095374279,504.94754644019633
416.4472855629106,416.4472855629106,419.3836959298753,415.51346033237394,504.94754644019633
416.4472855629106,416.4472855629106,417.39271026939605,415.57605487722253,504.94754644019633
416.4472855629106,416.4472855629106,414.1467572538057,415.8232104392516,504.94754644019633
416.4472855629106,416.4472855629106,412.5459239288257,416.04325670062195,504.94754644019633
416.4472855629106,416.4472855629106,411.24637210492676,415.43064059808233,504.94754644019633
416.4472855629106,416.4472855629106,409.96151380771533,415.0950964761823,504.94754644019633
416.4472855629106,416.4472855629106,412.26178035659416,415.05477978392986,504.94754644019633
416.4472855629106,416.4472855629106,413.4655027744172,415.13172932967507,504.94754644019633
416.4472855629106,416.4472855629106,411.1352887667401,414.70589196904484,504.94754644019633
416.4472855629106,416.4472855629106,410.3911444277289,414.91307003827393,504.94754644019633
416.4472855629106,416.4472855629106,410.16956508249416,414.84960655294236,504.94754644019633
416.4472855629106,416.4472855629106,410.77865860606926,414.334636060892,504.94754644019633
416.4472855629106,416.4472855629106,409.27372146645286,413.89035529631326,504.94754644019633
416.4472855629106,416.4472855629106,408.3934422113781,413.17897755348923,504.94754644019633
416.4472855629106,416.4472855629106,407.5325153493769,412.4468542769128,504.94754644019633
416.4472855629106,416.4472855629106,410.47727405068383,412.4590516627155,504.94754644019633
416.4472855629106,416.4472855629106,410.5752647250456,412.62300181393476,504.94754644019633
416.4472855629106,416.4472855629106,409.36236315829535,412.4034127627641,504.94754644019633
416.4472855629106,416.4472855629106,411.018726827918,412.5132687383172,504.94754644019633
416.4472855629106,416.4472855629106,410.1992639645755,411.8463734296438,504.94754644019633
416.4472855629106,416.4472855629106,408.95903955144155,411.5236119481558,504.94754644019633
416.4472855629106,416.4472855629106,406.6916856199201,411.14027517401854,504.94754644019633
416.4472855629106,416.4472855629106,409.96520189579576,411.21946129066123,504.94754644019633
416.4472855629106,416.4472855629106,409.68221497812203,410.5672496108226,504.94754644019633
416.4472855629106,416.4472855629106,413.59296729469287,410.8597462865806,504.94754644019633
416.4472855629106,416.4472855629106,409.97206398716617,410.10661235904894,504.94754644019633
416.4472855629106,416.4472855629106,407.4351113591262,409.8046238686612,504.94754644019633
416.4472855629106,416.4472855629106,404.7143707283747,409.00045355965506,504.94754644019633
416.4472855629106,416.4472855629106,400.94832429801414,408.0424060472248,504.94754644019633
416.4472855629106,416.4472855629106,400.00339477152266,407.61887605170074,504.94754644019633
416.4472855629106,416.4472855629106,402.4220803507369,408.13426532230386,504.94754644019633
416.4472855629106,416.4472855629106,405.22197904187783,408.3105883765106,504.94754644019633
416.4472855629106,416.4472855629106,403.37732013238275,408.7250440318889,504.94754644019633
416.4472855629106,416.4472855629106,405.43465955681944,409.2784835912591,504.94754644019633
416.4472855629106,416.4472855629106,402.20427714156915,409.60785159978,504.94754644019633
416.4472855629106,416.4472855629106,402.7018859373434,409.620815450961,504.94754644019633
416.4472855629106,416.4472855629106,401.58328839877026,409.24570962424366,504.94754644019633
416.4472855629106,416.4472855629106,403.3495219771983,408.92074781595954,504.94754644019633
416.4472855629106,416.4472855629106,405.6695070199634,409.1967762613871,504.94754644019633
416.4472855629106,416.4472855629106,406.94655649044984,409.21367229334027,504.94754644019633
416.4472855629106,416.4472855629106,404.5918094333589,409.10523806958133,504.94754644019633
416.4472855629106,416.4472855629106,404.6295086148293,408.94290843041847,504.94754644019633
416.4472855629106,416.4472855629106,404.59805095045147,408.27221033977776,504.94754644019633
416.4472855629106,416.4472855629106,402.8031711870128,407.77188237243166,504.94754644019633
416.4472855629106,416.4472855629106,404.82248283834235,407.87972294578157,504.94754644019633
416.4472855629106,416.4472855629106,405.7615695296055,407.7748614625027,504.94754644019633
416.4472855629106,416.4472855629106,408.3559198821783,408.0422729443429,504.94754644019633
416.4472855629106,416.4472855629106,411.1558736723972,408.40952646213657,504.94754644019633
416.4472855629106,416.4472855629106,410.95620418175594,407.9456102188783,504.94754644019633
416.4472855629106,416.4472855629106,414.30274528083993,408.3686209870233,504.94754644019633
416.4472855629106,416.4472855629106,418.69739515807,408.96797791522033,504.94754644019633
416.4472855629106,416.4472855629106,418.8598979871573,409.23634597397074,504.94754644019633
416.4472855629106,416.4472855629106,420.8744973361956,409.61775835625565,504.94754644019633
416.4472855629106,416.4472855629106,424.71678585386405,410.2060547574393,504.94754644019633
416.4472855629106,416.4472855629106,423.9338180453886,410.417212133874,504.94754644019633
416.4472855629106,416.4472855629106,423.02196716296856,410.3869521335535,504.94754644019633
416.4472855629106,416.4472855629106,422.7353006341109,410.13697699984624,504.94754644019633
416.4472855629106,416.4472855629106,423.0304690388963,410.32251971503234,504.94754644019633
416.4472855629106,416.4472855629106,424.5806645015775,410.6346853658457,504.94754644019633
416.4472855629106,416.4472855629106,421.6276378116489,410.61591966380746,504.94754644019633
416.4472855629106,416.4472855629106,421.6986769463536,411.2738002879922,504.94754644019633
416.4472855629106,416.4472855629106,425.1237696772402,412.10536818820503,504.94754644019633
416.4472855629106,416.4472855629106,427.0226424491002,413.16754255278516,504.94754644019633
416.4472855629106,416.4472855629106,426.02547778250437,413.73246187166455,504.94754644019633
416.4472855629106,416.4472855629106,426.23572016106374,414.15785309621134,504.94754644019633
416.4472855629106,416.4472855629106,428.7705947983988,414.04561628309654,504.94754644019633
416.4472855629106,416.4472855629106,428.42622945168625,413.70716994517437,504.94754644019633
416.4472855629106,416.4472855629106,426.50216794169967,413.7504806717132,504.94754644019633
416.4472855629106,416.4472855629106,428.5012328063873,414.1311865615396,504.94754644019633
416.4472855629106,416.4472855629106,429.6888002362445,414.51382691814115,504.94754644019633
416.4472855629106,416.4472855629106,425.1440317974898,414.51079873720187,504.94754644019633
416.4472855629106,416.4472855629106,418.70065724419,414.5071625130589,504.94754644019633
416.4472855629106,416.4472855629106,414.59928665739625,414.0943595051052,504.94754644019633
416.4472855629106,416.4472855629106,411.70567109635687,414.1371530953114,504.94754644019633
416.4472855629106,416.4472855629106,410.51746999639215,413.5427536365512,504.94754644019633
416.4472855629106,416.4472855629106,408.5374174778087,413.7586869812249,504.94754644019633
416.4472855629106,416.4472855629106,408.9018819372673,414.00052406080266,504.94754644019633
416.4472855629106,416.4472855629106,407.84604175263763,414.3768148765658,504.94754644019633
416.4472855629106,416.4472855629106,402.71181050640223,414.4838838032172,504.94754644019633
416.4472855629106,416.4472855629106,401.06043453666115,414.72523487116894,504.94754644019633
416.4472855629106,416.4472855629106,400.63991281588295,414.15436523023106,504.94754644019633
416.4472855629106,416.4472855629106,399.10266248673804,413.2832992020309,504.94754644019633
416.4472855629106,416.4472855629106,399.1882918689841,413.2565538524255,504.94754644019633
416.4472855629106,416.4472855629106,399.85308333757854,413.02083785146345,504.94754644019633
416.4472855629106,416.4472855629106,400.2420486779064,413.15030794381863,504.94754644019633
416.4472855629106,416.4472855629106,401.7785182151282,413.57401343678197,504.94754644019633
416.4472855629106,416.4472855629106,402.83784816712904,414.2514360144744,504.94754644019633
416.4472855629106,416.4472855629106,404.7384336690462,414.6545972149354,504.94754644019633
416.4472855629106,416.4472855629106,407.4925345892451,414.84848931707364,504.94754644019633
416.4472855629106,416.4472855629106,407.8575562738968,414.90743482785825,504.94754644019633
416.4472855629106,416.4472855629106,408.6800453571679,414.97201241499283,504.94754644019633
416.4472855629106,416.4472855629106,413.1707800103982,414.9915534811448,504.94754644019633
416.4472855629106,416.4472855629106,412.78980748916126,414.8949051601675,504.94754644019633
416.4472855629106,416.4472855629106,412.504348693704,414.9610733528015,504.94754644019633
416.4472855629106,416.4472855629106,414.55334180548215,415.09647973724657,504.94754644019633
416.4472855629106,416.4472855629106,414.48940215643387,415.3195799621476,504.94754644019633
416.4472855629106,416.4472855629106,414.8797590856918,415.556203855177,504.94754644019633
416.4472855629106,416.4472855629106,414.06074729478087,415.2355719394122,504.94754644019633
416.4472855629106,416.4472855629106,415.0182047143212,415.66088942358664,504.94754644019633
416.4472855629106,416.4472855629106,416.48520001191673,415.34392577407357,504.94754644019633
416.4472855629106,416.4472855629106,418.2839611556284,414.8893256145045,504.94754644019633
416.4472855629106,416.4472855629106,418.77861672614637,414.97529722894257,504.94754644019633
416.4472855629106,416.4472855629106,420.56596863067,414.83319941906234,504.94754644019633
416.4472855629106,416.4472855629106,421.10322887982903,414.2383619579946,504.94754644019633
416.4472855629106,416.4472855629106,419.4923524329728,414.2081866147634,504.94754644019633
416.4472855629106,416.4472855629106,419.0800424327491,414.53119501610377,504.94754644019633
416.4472855629106,416.4472855629106,420.27145239849034,415.0634342080529,504.94754644019633
416.4472855629106,416.4472855629106,422.2744608320172,415.0843702980363,504.94754644019633
416.4472855629106,416.4472855629106,419.37920406302726,414.62059733587654,504.94754644019633
416.4472855629106,416.4472855629106,419.3042478090467,414.87924777355323,504.94754644019633
416.4472855629106,416.4472855629106,416.8195124432571,413.91349271388515,504.94754644019633
416.4472855629106,416.4472855629106,415.5980443183453,413.07015215716353,504.94754644019633
416.4472855629106,416.4472855629106,414.6291838664679,412.35450770253584,504.94754644019633
416.4472855629106,416.4472855629106,414.51289948590147,411.935846298674,504.94754644019633
416.4472855629106,416.4472855629106,415.631339254218,412.0873104333943,504.94754644019633
416.4472855629106,416.4472855629106,416.3678853947778,412.0506531353795,504.94754644019633
416.4472855629106,416.4472855629106,413.0179071556383,411.9817697488434,504.94754644019633
416.4472855629106,416.4472855629106,410.58524371013647,411.90098545172367,504.94754644019633
416.4472855629106,416.4472855629106,411.97136499512123,411.31462377362345,504.94754644019633
416.4472855629106,416.4472855629106,410.52054049020535,411.0455958243454,504.94754644019633
416.4472855629106,416.4472855629106,412.4047190932817,411.3656301730436,504.94754644019633
416.4472855629106,416.4472855629106,412.6935241335462,411.86872553503486,504.94754644019633
416.4472855629106,416.4472855629106,413.8306877571391,412.20078792248455,504.94754644019633
416.4472855629106,416.4472855629106,414.44536468550234,412.4837850165032,504.94754644019633
416.4472855629106,416.4472855629106,415.16316459567406,413.0164493532507,504.94754644019633
416.4472855629106,416.4472855629106,415.57226571759895,413.4576227833376,504.94754644019633
416.4472855629106,416.4472855629106,414.37765424641395,413.07692421067264,504.94754644019633
416.4472855629106,416.4472855629106,415.2424658037635,413.38027026194885,504.94754644019633
416.4472855629106,416.4472855629106,416.5461207033053,414.08148581300395,504.94754644019633
416.4472855629106,416.4472855629106,416.7610560892168,414.18572013485647,504.94754644019633
416.4472855629106,416.4472855629106,416.9636541321403,414.630378436295,504.94754644019633
416.4472855629106,416.4472855629106,416.31565968474797,415.3113249746368,504.94754644019633
416.4472855629106,416.4472855629106,412.33288215410073,414.8297059795079,504.94754644019633
416.4472855629106,416.4472855629106,410.3918223423757,414.5915328174625,504.94754644019633
416.4472855629106,416.4472855629106,408.82590901514664,414.73322142069867,504.94754644019633
416.4472855629106,416.4472855629106,405.7851756370329,414.25895426771854,504.94754644019633
416.4472855629106,416.4472855629106,407.5328659442956,414.01592776610596,504.94754644019633
416.4472855629106,416.4472855629106,404.57889764223916,413.3483630565874,504.94754644019633
416.4472855629106,416.4472855629106,404.4083844629648,413.464655787748,504.94754644019633
416.4472855629106,416.4472855629106,403.1741786585603,413.24904461178915,504.94754644019633
416.4472855629106,416.4472855629106,400.3944629681349,412.9732619584884,504.94754644019633
416.4472855629106,416.4472855629106,399.25180294921904,412.52752956240096,504.94754644019633
416.4472855629106,416.4472855629106,398.9482185046743,412.0613881826103,504.94754644019633
416.4472855629106,416.4472855629106,399.2733410939788,411.9453312975174,504.94754644019633
416.4472855629106,416.4472855629106,398.5038638415992,411.5233258279222,504.94754644019633
416.4472855629106,416.4472855629106,399.39701558538985,411.2404769535097,504.94754644019633
416.4472855629106,416.4472855629106,399.3502383311712,410.91002361520185,504.94754644019633
416.4472855629106,416.4472855629106,403.4874464783926,411.2337028933097,504.94754644019633
416.4472855629106,416.4472855629106,403.89360395160867,411.2397356352054,504.94754644019633
416.4472855629106,416.4472855629106,405.29011776699787,411.0100281628053,504.94754644019633
416.4472855629106,416.4472855629106,408.3597099489174,410.98841171714616,504.94754644019633
416.4472855629106,416.4472855629106,410.45239557762926,410.8622853326975,504.94754644019633
416.4472855629106,416.4472855629106,415.6859479325508,411.0853840429865,504.94754644019633
416.4472855629106,416.4472855629106,417.0540943938269,411.1355044003169,504.94754644019633
416.4472855629106,416.4472855629106,416.3958304816436,410.90402143765635,504.94754644019633
416.4472855629106,416.4472855629106,417.1162301594195,410.8477144988438,504.94754644019633
416.4472855629106,416.4472855629106,415.4223529014886,409.9402037158015,504.94754644019633
416.4472855629106,416.4472855629106,416.3269259472093,410.0441959163481,504.94754644019633
416.4472855629106,416.4472855629106,417.7640139910368,410.9166976208074,504.94754644019633
416.4472855629106,416.4472855629106,418.73353905795113,410.8958864125863,504.94754644019633
416.4472855629106,416.4472855629106,421.6299748510738,411.95050419870967,504.94754644019633
416.4472855629106,416.4472855629106,424.82779932434903,412.7082363338983,504.94754644019633
416.4472855629106,416.4472855629106,426.68330491997494,413.496208253688,504.94754644019633
416.4472855629106,416.4472855629106,427.5869917393549,413.75032285100775,504.94754644019633
416.4472855629106,416.4472855629106,432.72413043942413,414.3225796746976,504.94754644019633
416.4472855629106,416.4472855629106,434.70263841985724,414.5146651038597,504.94754644019633
416.4472855629106,416.4472855629106,437.3392513399282,414.8044725526595,504.94754644019633
416.4472855629106,416.4472855629106,435.3775965655367,415.0026664874282,504.94754644019633
416.4472855629106,416.4472855629106,434.1314699055946,415.34871860290207,504.94754644019633
416.4472855629106,416.4472855629106,433.4556270615015,415.48290372684556,504.94754644019633
416.4472855629106,416.4472855629106,430.7415166403807,415.61786370812945,504.94754644019633
416.4472855629106,416.4472855629106,427.72403706980714,415.7143389211504,504.94754644019633
416.4472855629106,416.4472855629106,423.03414435763415,415.3368995737869,504.94754644019633
416.4472855629106,416.4472855629106,419.04184657001485,414.6696192279102,504.94754644019633
416.4472855629106,416.4472855629106,413.77403158411954,414.04475307238664,504.94754644019633
416.4472855629106,416.4472855629106,411.74267933006,413.7487478263519,504.94754644019633
416.4472855629106,416.4472855629106,413.93568130019395,414.71607796341544,504.94754644019633
416.4472855629106,416.4472855629106,415.25284302661373,415.00474193199824,504.94754644019633
416.4472855629106,416.4472855629106,413.1010803009218,414.6597105224253,504.94754644019633
416.4472855629106,416.4472855629106,412.2419522915981,414.5790829673218,504.94754644019633
416.4472855629106,416.4472855629106,411.91804585082474,414.6087420518663,504.94754644019633
416.4472855629106,416.4472855629106,410.0475837551925,414.46072373523947,504.94754644019633
416.4472855629106,416.4472855629106,412.3710682390282,415.34453679077257,504.94754644019633
416.4472855629106,416.4472855629106,415.41948055215755,415.6751508698666,504.94754644019633
416.4472855629106,416.4472855629106,416.2825082060498,415.5360729105673,504.94754644019633
416.4472855629106,416.4472855629106,415.25799887809615,415.6433124745646,504.94754644019633
416.4472855629106,416.4472855629106,411.5676623029194,415.52303723514024,504.94754644019633
416.4472855629106,416.4472855629106,406.79667073590497,415.44829655073147,504.94754644019633
416.4472855629106,416.4472855629106,404.8289972794772,414.74383308572783,504.94754644019633
416.4472855629106,416.4472855629106,403.11803564670004,414.56785436494977,504.94754644019633
416.4472855629106,416.4472855629106,402.1872537131018,414.96730020085965,504.94754644019633
416.4472855629106,416.4472855629106,402.8093315170338,415.17222944880234,504.94754644019633
416.4472855629106,416.4472855629106,398.84364225265523,415.3236215403687,504.94754644019633
416.4472855629106,416.4472855629106,397.1979311875697,415.26006888858484,504.94754644019633
416.4472855629106,416.4472855629106,396.7215320364486,415.17960654953714,504.94754644019633
416.4472855629106,416.4472855629106,395.3134772235641,414.8266048021994,504.94754644019633
416.4472855629106,416.4472855629106,395.1585410757453,414.684697784055,504.94754644019633
416.4472855629106,416.4472855629106,395.9719750796977,413.94520227099247,504.94754644019633
416.4472855629106,416.4472855629106,397.6939850425333,413.50390930391274,504.94754644019633
416.4472855629106,416.4472855629106,399.3175537100311,413.3733415535564,504.94754644019633
416.4472855629106,416.4472855629106,399.24908983693524,413.1451761784632,504.94754644019633
416.4472855629106,416.4472855629106,399.47506676663875,412.9767636866043,504.94754644019633
416.4472855629106,416.4472855629106,401.8188415585629,412.55020026557105,504.94754644019633
416.4472855629106,416.4472855629106,404.25723884551184,412.7006977789217,504.94754644019633
416.4472855629106,416.4472855629106,404.0153859633811,412.7035176458846,504.94754644019633
416.4472855629106,416.4472855629106,404.1997993852124,412.243318647358,504.94754644019633
416.4472855629106,416.4472855629106,403.91074511693455,412.3823762271443,504.94754644019633
416.4472855629106,416.4472855629106,402.572970617432,411.19441120503706,504.94754644019633
416.4472855629106,416.4472855629106,404.17980456620376,410.7870674189461,504.94754644019633
416.4472855629106,416.4472855629106,404.6291076058049,410.5524552631272,504.94754644019633
416.4472855629106,416.4472855629106,402.94141538688655,409.40746428562585,504.94754644019633
416.4472855629106,416.4472855629106,400.8657853595954,408.1843608936535,504.94754644019633
416.4472855629106,416.4472855629106,397.7574140812966,406.7650220978354,504.94754644019633
416.4472855629106,416.4472855629106,397.10347785016467,406.6039950010838,504.94754644019633
416.4472855629106,416.4472855629106,397.5740196792005,405.67349549383994,504.94754644019633
416.4472855629106,416.4472855629106,396.5050319146268,404.6037973463119,504.94754644019633
416.4472855629106,416.4472855629106,396.1508242941426,404.1446908179872,504.94754644019633
416.4472855629106,416.4472855629106,400.31685214947265,404.1822623218243,504.94754644019633
416.4472855629106,416.4472855629106,400.4297143288996,404.0467163036072,504.94754644019633
416.4472855629106,416.4472855629106,399.09236194648946,403.6798022401248,504.94754644019633
416.4472855629106,416.4472855629106,401.0176470003007,403.4626903576098,504.94754644019633
416.4472855629106,416.4472855629106,402.63062809668793,403.1656790990297,504.94754644019633
416.4472855629106,416.4472855629106,405.44620582089544,403.2474343904877,504.94754644019633
416.4472855629106,416.4472855629106,405.35432436672363,403.86649056042546,504.94754644019633
416.4472855629106,416.4472855629106,407.2386253971818,404.36641425645234,504.94754644019633
416.4472855629106,416.4472855629106,408.71563146621475,403.9983877735428,504.94754644019633
416.4472855629106,416.4472855629106,409.4375121718258,403.24505699231355,504.94754644019633
416.4472855629106,416.4472855629106,407.176717105477,402.5670371375969,504.94754644019633
416.4472855629106,416.4472855629106,403.96950043723575,402.22040033086995,504.94754644019633
416.4472855629106,416.4472855629106,404.81271193950727,402.19395416970656,504.94754644019633
416.4472855629106,416.4472855629106,405.30476296912536,402.14003378126995,504.94754644019633
416.4472855629106,416.4472855629106,404.3989221861324,402.0359467852177,504.94754644019633
416.4472855629106,416.4472855629106,404.47166238947455,401.6675532205769,504.94754644019633
416.4472855629106,416.4472855629106,403.3523298851154,401.453060427017,504.94754644019633
416.4472855629106,416.4472855629106,401.1795823792498,401.34582909109236,504.94754644019633
416.4472855629106,416.4472855629106,401.66074592121583,401.27893718216677,504.94754644019633
416.4472855629106,416.4472855629106,401.5817061410961,401.2478657599489,504.94754644019633
416.4472855629106,416.4472855629106,402.3832340804614,401.6843498065082,504.94754644019633
416.4472855629106,416.4472855629106,405.70735336393966,402.39607154776246,504.94754644019633
416.4472855629106,416.4472855629106,407.5560016685759,403.0815473740817,504.94754644019633
416.4472855629106,416.4472855629106,407.21428461147406,403.14543996094443,504.94754644019633
416.4472855629106,416.4472855629106,407.73324629875293,403.0207297415615,504.94754644019633
416.4472855629106,416.4472855629106,407.335274087616,403.36587958756917,504.94754644019633
416.4472855629106,416.4472855629106,406.3212563945624,403.2777254684155,504.94754644019633
416.4472855629106,416.4472855629106,404.64489367028045,402.93050141785875,504.94754644019633
416.4472855629106,416.4472855629106,402.5868345105113,402.7336086395563,504.94754644019633
416.4472855629106,416.4472855629106,401.01639326238507,402.4194361972768,504.94754644019633
416.4472855629106,416.4472855629106,400.6429246876702,402.61853972810263,504.94754644019633
416.4472855629106,416.4472855629106,398.0506482391885,402.4674041870935,504.94754644019633
416.4472855629106,416.4472855629106,395.96088632624276,402.41021389732407,504.94754644019633
416.4472855629106,416.4472855629106,395.54144621933983,402.4039112374253,504.94754644019633
416.4472855629106,416.4472855629106,395.04015186406076,402.1337467610458,504.94754644019633
416.4472855629106,416.4472855629106,394.36844834743727,401.875800945344,504.94754644019633
416.4472855629106,416.4472855629106,395.13763329902287,401.4538043591178,504.94754644019633
416.4472855629106,416.4472855629106,396.0562174951151,401.3386677242055,504.94754644019633
416.4472855629106,416.4472855629106,397.59738727803017,401.4131262181197,504.94754644019633
416.4472855629106,416.4472855629106,399.03651670583315,401.4445905150566,504.94754644019633
416.4472855629106,416.4472855629106,399.59908741927933,402.0237630884721,504.94754644019633
416.4472855629106,416.4472855629106,399.9055750105872,401.6125582759702,504.94754644019633
416.4472855629106,416.4472855629106,399.60255469752394,401.4049033156678,504.94754644019633
416.4472855629106,416.4472855629106,398.6417509341171,401.5439783468714,504.94754644019633
416.4472855629106,416.4472855629106,398.4117331252589,401.6429363141786,504.94754644019633
416.4472855629106,416.4472855629106,398.42447763407574,402.0092136558998,504.94754644019633
416.4472855629106,416.4472855629106,398.61565084622373,401.75623895832973,504.94754644019633
416.4472855629106,416.4472855629106,399.87220495245987,401.7983047788574,504.94754644019633
416.4472855629106,416.4472855629106,402.53104577708825,402.618328990612,504.94754644019633
416.4472855629106,416.4472855629106,403.899165359216,402.99425872807115,504.94754644019633
416.4472855629106,416.4472855629106,405.79516830137686,403.119426318853,504.94754644019633
416.4472855629106,416.4472855629106,409.28391063235057,403.38339753666037,504.94754644019633
416.4472855629106,416.4472855629106,410.1146064060331,403.6093522075766,504.94754644019633
416.4472855629106,416.4472855629106,412.2250110165859,403.7854511501285,504.94754644019633
416.4472855629106,416.4472855629106,414.6025189076863,404.03731447637824,504.94754644019633
416.4472855629106,416.4472855629106,416.80967988608,404.28190846893676,504.94754644019633
416.4472855629106,416.4472855629106,419.66684431031473,404.61874294704785,504.94754644019633
416.4472855629106,416.4472855629106,423.4285247018785,405.03628463979675,504.94754644019633
416.4472855629106,416.4472855629106,420.84278881286843,405.0437604599428,504.94754644019633
416.4472855629106,416.4472855629106,421.99929521008943,405.5066153357239,504.94754644019633
416.4472855629106,416.4472855629106,418.33914211471966,405.35191132070156,504.94754644019633
416.4472855629106,416.4472855629106,413.66182454924535,405.32186235906227,504.94754644019633
416.4472855629106,416.4472855629106,411.74186195992553,404.9951822116602,504.94754644019633
416.4472855629106,416.4472855629106,409.56586686870054,404.63767193004344,504.94754644019633
416.4472855629106,416.4472855629106,407.63756374401277,404.6850427879543,504.94754644019633
416.4472855629106,416.4472855629106,407.9836465733498,404.9843053057118,504.94754644019633
416.4472855629106,416.4472855629106,406.47757566092145,405.2437921022091,504.94754644019633
416.4472855629106,416.4472855629106,401.84283654742734,405.16893547343227,504.94754644019633
416.4472855629106,416.4472855629106,403.28637349425145,405.3688859745499,504.94754644019633
416.4472855629106,416.4472855629106,402.05843492116594,405.6019610917379,504.94754644019633
416.4472855629106,416.4472855629106,404.6081921508895,405.7969029347871,504.94754644019633
416.4472855629106,416.4472855629106,409.8852368635195,406.1574390589781,504.94754644019633
416.4472855629106,416.4472855629106,413.30387220694,406.14475631933306,504.94754644019633
416.4472855629106,416.4472855629106,414.91716633774934,406.1782482752985,504.94754644019633
416.4472855629106,416.4472855629106,414.09072383934773,405.9565382960733,504.94754644019633
416.4472855629106,416.4472855629106,411.85492454536234,405.8882353972609,504.94754644019633
416.4472855629106,416.4472855629106,409.9135378203161,405.9622483873598,504.94754644019633
416.4472855629106,416.4472855629106,413.431720344349,406.926300808246,504.94754644019633
416.4472855629106,416.4472855629106,415.35379101811156,407.92227727606996,504.94754644019633
416.4472855629106,416.4472855629106,416.66908317950356,408.7324990751616,504.94754644019633
416.4472855629106,416.4472855629106,417.9027642597147,409.248870849196,504.94754644019633
416.4472855629106,416.4472855629106,415.7856269591599,409.70443480297246,504.94754644019633
416.4472855629106,416.4472855629106,413.77362177076736,409.707303408238,504.94754644019633
416.4472855629106,416.4472855629106,414.464749703071,409.9629089720448,504.94754644019633
416.4472855629106,416.4472855629106,415.34825779223854,410.0181594817088,504.94754644019633
416.4472855629106,416.4472855629106,416.93719333148493,410.4019843940706,504.94754644019633
416.4472855629106,416.4472855629106,416.9477101107117,410.32426374969765,504.94754644019633
416.4472855629106,416.4472855629106,414.71288661868437,410.6576346329598,504.94754644019633
416.4472855629106,416.4472855629106,412.7827463457068,410.9593490896052,504.94754644019633
416.4472855629106,416.4472855629106,408.50009688617007,410.62521511122895,504.94754644019633
416.4472855629106,416.4472855629106,406.83069170336796,410.6951917060138,504.94754644019633
416.4472855629106,416.4472855629106,406.0503462375122,410.9333890483576,504.94754644019633
416.4472855629106,416.4472855629106,406.67114849560056,411.12102216785337,504.94754644019633
416.4472855629106,416.4472855629106,406.45312539223124,411.52518386366756,504.94754644019633
416.4472855629106,416.4472855629106,407.3852318930991,411.81285923527685,504.94754644019633
416.4472855629106,416.4472855629106,405.54627557675497,411.82634398260643,504.94754644019633
416.4472855629106,416.4472855629106,406.358431342083,411.8728198488694,504.94754644019633
416.4472855629106,416.4472855629106,405.2078889419255,411.724771430853,504.94754644019633
416.4472855629106,416.4472855629106,402.9541335041294,411.0439666350135,504.94754644019633
416.4472855629106,416.4472855629106,405.15794505037104,410.87697104946005,504.94754644019633
416.4472855629106,416.4472855629106,404.70327591583333,410.4768132289051,504.94754644019633
416.4472855629106,416.4472855629106,404.714125148354,410.01943195155815,504.94754644019633
416.4472855629106,416.4472855629106,402.6139394982714,409.62088878630107,504.94754644019633
416.4472855629106,416.4472855629106,402.458958756657,409.5719734116818,504.94754644019633
416.4472855629106,416.4472855629106,401.897471345486,409.2718497228368,504.94754644019633
416.4472855629106,416.4472855629106,400.13453714932524,408.49131543525544,504.94754644019633
416.4472855629106,416.4472855629106,400.39252481043434,408.01795594889336,504.94754644019633
416.4472855629106,416.4472855629106,401.8817378515522,407.4154140607877,504.94754644019633
416.4472855629106,416.4472855629106,404.8047686175206,407.836362595944,504.94754644019633
416.4472855629106,416.4472855629106,406.11065814041865,407.6992436355259,504.94754644019633
416.4472855629106,416.4472855629106,406.1784407495172,408.0446729558646,504.94754644019633
416.4472855629106,416.4472855629106,404.34527376900724,408.15612179551056,504.94754644019633
416.4472855629106,416.4472855629106,406.4824743631035,408.5690112669365,504.94754644019633
416.4472855629106,416.4472855629106,405.8984657836657,408.83849319467487,504.94754644019633
416.4472855629106,416.4472855629106,408.2959137956551,409.40351973316535,504.94754644019633
416.4472855629106,416.4472855629106,411.168380752114,409.12826227100834,504.94754644019633
416.4472855629106,416.4472855629106,410.33604099379835,408.78964901546874,504.94754644019633
416.4472855629106,416.4472855629106,411.907319828014,409.4283107169051,504.94754644019633
416.4472855629106,416.4472855629106,409.63140194414717,409.1053682859232,504.94754644019633
416.4472855629106,416.4472855629106,411.567539134364,409.6010644781654,504.94754644019633
416.4472855629106,416.4472855629106,414.2433640390024,409.97170733348713,504.94754644019633
416.4472855629106,416.4472855629106,416.71606624280986,409.5222876713686,504.94754644019633
416.4472855629106,416.4472855629106,418.9456465605458,409.69736613765775,504.94754644019633
416.4472855629106,416.4472855629106,421.40006957022194,410.13507384116934,504.94754644019633
416.4472855629106,416.4472855629106,420.88120147379993,410.76161526005575,504.94754644019633
416.4472855629106,416.4472855629106,422.8260275392262,411.3224828697811,504.94754644019633
416.4472855629106,416.4472855629106,426.4934118045082,412.1056238123072,504.94754644019633
416.4472855629106,416.4472855629106,425.7781408067526,411.8975948093858,504.94754644019633
416.4472855629106,416.4472855629106,428.86233164618443,411.8070764115377,504.94754644019633
416.4472855629106,416.4472855629106,428.8274505866678,412.03273795959825,504.94754644019633
416.4472855629106,416.4472855629106,428.58208936777436,412.10757235509914,504.94754644019633
416.4472855629106,416.4472855629106,429.86747144595904,412.3386565687285,504.94754644019633
416.4472855629106,416.4472855629106,427.7554936848289,412.49374052046994,504.94754644019633
416.4472855629106,416.4472855629106,428.00681457395666,412.84348681534647,504.94754644019633
416.4472855629106,416.4472855629106,427.2704322694799,413.146050155504,504.94754644019633
416.4472855629106,416.4472855629106,428.1095475143587,413.55695370635584,504.94754644019633
416.4472855629106,416.4472855629106,426.85740590994345,414.0875629721536,504.94754644019633
416.4472855629106,416.4472855629106,426.9125851029124,414.3375345062313,504.94754644019633
416.4472855629106,416.4472855629106,424.5863301038442,414.16779316316513,504.94754644019633
416.4472855629106,416.4472855629106,421.7626626755012,414.68525111746453,504.94754644019633
416.4472855629106,416.4472855629106,419.27646725942657,414.5967274663108,504.94754644019633
416.4472855629106,416.4472855629106,417.51664330825713,414.6319159828774,504.94754644019633
416.4472855629106,416.4472855629106,417.80078404168233,414.7196676296864,504.94754644019633
416.4472855629106,416.4472855629106,416.95958070366805,414.9447778776339,504.94754644019633
416.4472855629106,416.4472855629106,417.29134095893033,415.12727196867024,504.94754644019633
416.4472855629106,416.4472855629106,414.79288359983667,415.40627531097226,504.94754644019633
416.4472855629106,416.4472855629106,413.08344621441495,415.4325659466199,504.94754644019633
416.4472855629106,416.4472855629106,411.3590471767631,415.5677661531988,504.94754644019633
416.4472855629106,416.4472855629106,411.9885344785351,415.9746733580463,504.94754644019633
416.4472855629106,416.4472855629106,413.8132532431126,416.41631275601287,504.94754644019633
416.4472855629106,416.4472855629106,415.5468496075522,416.76544220465456,504.94754644019633
416.4472855629106,416.4472855629106,414.16224230437786,416.52153941408216,504.94754644019633
416.4472855629106,416.4472855629106,412.67357356167884,416.73159444236785,504.94754644019633
416.4472855629106,416.4472855629106,410.0297975862671,416.45894564355586,504.94754644019633
416.4472855629106,416.4472855629106,408.5491999701611,416.4576176936053,504.94754644019633
416.4472855629106,416.4472855629106,409.87436261007485,417.35424040312205,504.94754644019633
416.4472855629106,416.4472855629106,410.02909582456357,417.35988014944576,504.94754644019633
416.4472855629106,416.4472855629106,411.9928746782972,417.58999351854783,504.94754644019633
416.4472855629106,416.4472855629106,411.8918769782558,417.3920950301934,504.94754644019633
416.4472855629106,416.4472855629106,408.04829000458835,416.80383912884673,504.94754644019633
416.4472855629106,416.4472855629106,404.5061649506807,416.4309870448873,504.94754644019633
416.4472855629106,416.4472855629106,406.35657295261757,416.9237992508043,504.94754644019633
416.4472855629106,416.4472855629106,404.0816709122006,416.25143375218727,504.94754644019633
416.4472855629106,416.4472855629106,404.6835764911226,416.21596778504727,504.94754644019633
416.4472855629106,416.4472855629106,405.2767433086378,415.8537835962018,504.94754644019633
416.4472855629106,416.4472855629106,405.7413342611178,416.2688311049228,504.94754644019633
416.4472855629106,416.4472855629106,406.80205049101494,416.65308204888896,504.94754644019633
416.4472855629106,416.4472855629106,407.2214163781713,416.6528128285793,504.94754644019633
416.4472855629106,416.4472855629106,408.53831380815404,417.1734774029947,504.94754644019633
416.4472855629106,416.4472855629106,411.33535374914464,416.75740205180296,504.94754644019633
416.4472855629106,416.4472855629106,414.66421437840324,416.5151571127675,504.94754644019633
416.4472855629106,416.4472855629106,416.5806796723661,416.8967219367155,504.94754644019633
416.4472855629106,416.4472855629106,420.85522518659064,416.6333494773963,504.94754644019633
416.4472855629106,416.4472855629106,419.14859246999595,415.7656723650021,504.94754644019633
416.4472855629106,416.4472855629106,417.68864352401727,415.21527200624536,504.94754644019633
416.4472855629106,416.4472855629106,413.4968081031072,414.4029872176991,504.94754644019633
416.4472855629106,416.4472855629106,410.58516856323433,413.4714334006343,504.94754644019633
416.4472855629106,416.4472855629106,408.2816324416134,413.15351115555154,504.94754644019633
416.4472855629106,416.4472855629106,406.21525002387625,412.6440610785331,504.94754644019633
416.4472855629106,416.4472855629106,403.5372487848948,411.6993616914483,504.94754644019633
416.4472855629106,416.4472855629106,401.33173836338165,411.06508691188895,504.94754644019633
416.4472855629106,416.4472855629106,398.51613500570613,410.62645464866495,504.94754644019633
416.4472855629106,416.4472855629106,396.93302071481196,410.4688548833929,504.94754644019633
416.4472855629106,416.4472855629106,397.96658379003856,409.7576262082184,504.94754644019633
416.4472855629106,416.4472855629106,398.95533817550097,409.5522531874495,504.94754644019633
416.4472855629106,416.4472855629106,399.78949282371747,408.7389762795708,504.94754644019633
416.4472855629106,416.4472855629106,400.7614379754958,408.2522398137447,504.94754644019633
416.4472855629106,416.4472855629106,399.3972330671471,407.6504407483984,504.94754644019633
416.4472855629106,416.4472855629106,400.46619040094276,407.82003313795286,504.94754644019633
416.4472855629106,416.4472855629106,400.024445312176,407.3517182187833,504.94754644019633
416.4472855629106,416.4472855629106,401.2634040018742,407.46247426037843,504.94754644019633
416.4472855629106,416.4472855629106,401.57879945682373,407.4388858783782,504.94754644019633
416.4472855629106,416.4472855629106,401.31007744122815,407.17071356330206,504.94754644019633
416.4472855629106,416.4472855629106,402.79475469667136,406.9246610068192,504.94754644019633
416.4472855629106,416.4472855629106,401.8156201321313,406.4571090220897,504.94754644019633
416.4472855629106,416.4472855629106,400.66819104973365,405.91403776955025,504.94754644019633
416.4472855629106,416.4472855629106,399.3287903165519,405.5013086341721,504.94754644019633
416.4472855629106,416.4472855629106,399.12915954644126,405.2044632223341,504.94754644019633
416.4472855629106,416.4472855629106,398.43251622294395,405.1088294868347,504.94754644019633
416.4472855629106,416.4472855629106,399.8494807388956,404.55896371793983,504.94754644019633
416.4472855629106,416.4472855629106,400.383338562966,404.4297720514612,504.94754644019633
416.4472855629106,416.4472855629106,402.6351555661553,405.1334685307338,504.94754644019633
416.4472855629106,416.4472855629106,405.25506609747197,405.6870120704607,504.94754644019633
416.4472855629106,416.4472855629106,405.14582154498294,405.94786579856236,504.94754644019633
416.4472855629106,416.4472855629106,405.29696494988127,405.80666201803365,504.94754644019633
416.4472855629106,416.4472855629106,408.8190063596418,405.7029665194636,504.94754644019633
416.4472855629106,416.4472855629106,412.9360534966493,406.08270016858916,504.94754644019633
416.4472855629106,416.4472855629106,416.00813460442606,406.0075152075598,504.94754644019633
416.4472855629106,416.4472855629106,417.3652192201304,406.20349793520944,504.94754644019633
416.4472855629106,416.4472855629106,419.07717904625827,406.76474152627384,504.94754644019633
416.4472855629106,416.4472855629106,418.3024178902354,407.1890226393721,504.94754644019633
416.4472855629106,416.4472855629106,416.4741330147741,407.15698054316505,504.94754644019633
416.4472855629106,416.4472855629106,414.76664511099125,407.8240069102187,504.94754644019633
416.4472855629106,416.4472855629106,415.3319725274,408.0775450058178,504.94754644019633
416.4472855629106,416.4472855629106,417.49059575966237,408.2494325082386,504.94754644019633
416.4472855629106,416.4472855629106,416.6085238497437,407.87640443718874,504.94754644019633
416.4472855629106,416.4472855629106,413.5688557824818,407.43606122688266,504.94754644019633
416.4472855629106,416.4472855629106,411.2767469044026,406.8185813128062,504.94754644019633
416.4472855629106,416.4472855629106,410.550477178504,406.60593060927954,504.94754644019633
416.4472855629106,416.4472855629106,409.86801330018363,406.4712734364816,504.94754644019633
416.4472855629106,416.4472855629106,409.27513497210765,406.111206758113,504.94754644019633
416.4472855629106,416.4472855629106,409.149839813667,405.67081257142524,504.94754644019633
416.4472855629106,416.4472855629106,409.3575626046295,405.5244743938266,504.94754644019633
416.4472855629106,416.4472855629106,408.6728564993453,405.98239781168763,504.94754644019633
416.4472855629106,416.4472855629106,407.97274646804465,406.3062530970442,504.94754644019633
416.4472855629106,416.4472855629106,407.3880671130119,406.65465623916964,504.94754644019633
416.4472855629106,416.4472855629106,409.8251326741647,407.28405404906863,504.94754644019633
416.4472855629106,416.4472855629106,411.79781589317133,407.5218180031177,504.94754644019633
416.4472855629106,416.4472855629106,413.8001068654019,408.1229019775846,504.94754644019633
416.4472855629106,416.4472855629106,416.21087609036215,409.0059988975751,504.94754644019633
416.4472855629106,416.4472855629106,418.0434569954582,409.4535504845283,504.94754644019633
416.4472855629106,416.4472855629106,419.5096683893345,409.8695192481509,504.94754644019633
416.4472855629106,416.4472855629106,421.0394186619113,410.3457539832465,504.94754644019633
416.4472855629106,416.4472855629106,422.21641563497235,410.8323641806744,504.94754644019633
416.4472855629106,416.4472855629106,423.70846763446707,411.2568789888374,504.94754644019633
416.4472855629106,416.4472855629106,422.7743197946714,411.25162163336046,504.94754644019633
416.4472855629106,416.4472855629106,420.41295246962534,411.21435694789466,504.94754644019633
416.4472855629106,416.4472855629106,420.57121200386774,411.75661379046176,504.94754644019633
416.4472855629106,416.4472855629106,418.7421885351001,411.7781016044162,504.94754644019633
416.4472855629106,416.4472855629106,416.3418709182538,412.2694840187907,504.94754644019633
416.4472855629106,416.4472855629106,415.03068671347944,412.2070070268494,504.94754644019633
416.4472855629106,416.4472855629106,412.28008061024605,412.00977547883537,504.94754644019633
416.4472855629106,416.4472855629106,409.9147920656452,412.0666969081298,504.94754644019633
416.4472855629106,416.4472855629106,409.45797266815606,412.1650077749713,504.94754644019633
416.4472855629106,416.4472855629106,409.4913015985759,412.7920152821262,504.94754644019633
416.4472855629106,416.4472855629106,410.6760783713122,413.25319909767626,504.94754644019633
416.4472855629106,416.4472855629106,413.15462825153736,413.97952453489165,504.94754644019633
416.4472855629106,416.4472855629106,412.17184612635646,414.36515110644484,504.94754644019633
416.4472855629106,416.4472855629106,412.3347595387718,414.55855026758167,504.94754644019633
416.4472855629106,416.4472855629106,412.0398941016071,414.7075666913329,504.94754644019633
416.4472855629106,416.4472855629106,411.84584114184617,414.4995075426253,504.94754644019633
416.4472855629106,416.4472855629106,413.34592780699467,414.15192992700327,504.94754644019633
416.4472855629106,416.4472855629106,412.6561903808383,413.5469217648032,504.94754644019633
416.4472855629106,416.4472855629106,410.0667342348182,413.1491903129383,504.94754644019633
416.4472855629106,416.4472855629106,407.0518233702577,413.1429869662015,504.94754644019633
416.4472855629106,416.4472855629106,408.61048256211694,413.2114943381712,504.94754644019633
416.4472855629106,416.4472855629106,407.0835875038325,412.80903133632836,504.94754644019633
416.4472855629106,416.4472855629106,406.4152376974225,412.4465717250441,504.94754644019633
416.4472855629106,416.4472855629106,404.9930284510216,412.0841121137599,504.94754644019633
416.4472855629106,416.4472855629106,406.4066456918805,412.1734600204574,504.94754644019633
416.4472855629106,416.4472855629106,407.6629957779031,412.3716231201589,504.94754644019633
416.4472855629106,416.4472855629106,407.1051668391141,412.27813669187117,504.94754644019633
416.4472855629106,416.4472855629106,408.05051457563275,412.2036956577314,504.94754644019633
416.4472855629106,416.4472855629106,408.6579360594239,411.81438301934315,504.94754644019633
416.4472855629106,416.4472855629106,409.9702084644705,411.6389095071632,504.94754644019633
416.4472855629106,416.4472855629106,408.48323412747993,411.5864363937184,504.94754644019633
416.4472855629106,416.4472855629106,407.7361849198522,411.6424971638024,504.94754644019633
416.4472855629106,416.4472855629106,410.04842507578815,412.2009073593212,504.94754644019633
416.4472855629106,416.4472855629106,411.9271605446772,412.35944878699445,504.94754644019633
416.4472855629106,416.4472855629106,408.98435510876686,411.9967283821741,504.94754644019633
416.4472855629106,416.4472855629106,407.29585103074174,411.97576633188584,504.94754644019633
416.4472855629106,416.4472855629106,408.3820429825422,412.1245773256463,504.94754644019633
416.4472855629106,416.4472855629106,409.16911182420085,412.1660055016457,504.94754644019633
416.4472855629106,416.4472855629106,409.0775485590751,411.8953214312891,504.94754644019633
416.4472855629106,416.4472855629106,410.05159897433714,412.05468000842177,504.94754644019633
416.4472855629106,416.4472855629106,408.23831709195895,411.75648638950787,504.94754644019633
416.4472855629106,416.4472855629106,407.4705758962644,411.17158580822235,504.94754644019633
416.4472855629106,416.4472855629106,404.8158146090156,410.8045071024901,504.94754644019633
416.4472855629106,416.4472855629106,402.5945580088138,410.11833901567684,504.94754644019633
416.4472855629106,416.4472855629106,403.9790146978241,409.55035610366645,504.94754644019633
416.4472855629106,416.4472855629106,402.144355303521,408.7959459934983,504.94754644019633
416.4472855629106,416.4472855629106,400.5385070475608,408.33034505729165,504.94754644019633
416.4472855629106,416.4472855629106,400.18210304056277,407.994542377376,504.94754644019633
416.4472855629106,416.4472855629106,400.2436132642428,407.5007609571432,504.94754644019633
416.4472855629106,416.4472855629106,399.18305062763375,407.149596607055,504.94754644019633
416.4472855629106,416.4472855629106,400.5106952086724,407.30376147230817,504.94754644019633
416.4472855629106,416.4472855629106,401.67685474960433,407.4243662642182,504.94754644019633
416.4472855629106,416.4472855629106,403.2483831446544,407.3399413306475,504.94754644019633
416.4472855629106,416.4472855629106,404.2343831434752,407.2167779373519,504.94754644019633
416.4472855629106,416.4472855629106,403.8832781948867,407.05863755899315,504.94754644019633
416.4472855629106,416.4472855629106,406.7982839424937,407.1494654393012,504.94754644019633
416.4472855629106,416.4472855629106,408.5649835529746,407.58732564583727,504.94754644019633
416.4472855629106,416.4472855629106,407.08394203846973,407.42837237194084,504.94754644019633
416.4472855629106,416.4472855629106,406.90798305889405,406.9907630352908,504.94754644019633
416.4472855629106,416.4472855629106,405.51913280678,406.3551628486958,504.94754644019633
416.4472855629106,416.4472855629106,404.08966504122844,405.98647880629125,504.94754644019633
416.4472855629106,416.4472855629106,403.4611209163061,405.48566479717186,504.94754644019633
416.4472855629106,416.4472855629106,402.33838913946084,405.37324993326826,504.94754644019633
416.4472855629106,416.4472855629106,401.46572965183293,405.04297195996406,504.94754644019633
416.4472855629106,416.4472855629106,401.65783913373104,404.9822265654178,504.94754644019633
416.4472855629106,416.4472855629106,400.45714900877573,404.87172701268713,504.94754644019633
416.4472855629106,416.4472855629106,399.0101752248297,404.7201751294043,504.94754644019633
416.4472855629106,416.4472855629106,399.8606214270491,404.8692585811831,504.94754644019633
416.4472855629106,416.4472855629106,399.6715654880312,404.91172928593335,504.94754644019633
416.4472855629106,416.4472855629106,400.21772041702644,404.9883422580496,504.94754644019633
416.4472855629106,416.4472855629106,400.8353138834358,404.43144507055507,504.94754644019633
416.4472855629106,416.4472855629106,402.78605051541416,404.62615739948814,504.94754644019633
416.4472855629106,416.4472855629106,406.98046927503754,405.48629624879123,504.94754644019633
416.4472855629106,416.4472855629106,410.36235552074197,406.11683737390814,504.94754644019633
416.4472855629106,416.4472855629106,412.5943915622512,406.219775739492,504.94754644019633
416.4472855629106,416.4472855629106,414.6539059001906,406.26990903714454,504.94754644019633
416.4472855629106,416.4472855629106,418.16175327651797,406.9314924168851,504.94754644019633
416.4472855629106,416.4472855629106,419.8751917583362,407.2341940177238,504.94754644019633
416.4472855629106,416.4472855629106,422.93632325845255,407.7674067257391,504.94754644019633
416.4472855629106,416.4472855629106,425.7620498123712,408.14671052762964,504.94754644019633
416.4472855629106,416.4472855629106,428.1829173460784,408.3713817142748,504.94754644019633
416.4472855629106,416.4472855629106,429.0166633569444,408.88225308690664,504.94754644019633
416.4472855629106,416.4472855629106,425.3046171889372,408.53753467142116,504.94754644019633
416.4472855629106,416.4472855629106,423.183080517942,408.3680213685612,504.94754644019633
416.4472855629106,416.4472855629106,421.0965884288747,408.6422224035136,504.94754644019633
416.4472855629106,416.4472855629106,418.9249980786599,408.5957384467282,504.94754644019633
416.4472855629106,416.4472855629106,415.1658883424731,408.2882614888713,504.94754644019633
416.4472855629106,416.4472855629106,413.61942109321626,408.1242558715268,504.94754644019633
416.4472855629106,416.4472855629106,411.2330764880013,408.1985123115243,504.94754644019633
416.4472855629106,416.4472855629106,409.8984018980774,408.1160711123777,504.94754644019633
416.4472855629106,416.4472855629106,409.20626663778864,408.56497162344067,504.94754644019633
416.4472855629106,416.4472855629106,407.7938873330022,408.9469153742542,504.94754644019633
416.4472855629106,416.4472855629106,408.37953990666267,409.2502797309505,504.94754644019633
416.4472855629106,416.4472855629106,408.0945287860681,409.46801552401206,504.94754644019633
416.4472855629106,416.4472855629106,409.9160907173702,409.82963760742285,504.94754644019633
416.4472855629106,416.4472855629106,410.1832349461712,410.2035143752582,504.94754644019633
416.4472855629106,416.4472855629106,410.6815339902188,410.31686687740284,504.94754644019633
416.4472855629106,416.4472855629106,410.2648857914334,410.14081242170096,504.94754644019633
416.4472855629106,416.4472855629106,412.76286486770067,410.70236263221597,504.94754644019633
416.4472855629106,416.4472855629106,412.94383263724956,410.86822751430094,504.94754644019633
416.4472855629106,416.4472855629106,414.44591959922474,411.3520165015512,504.94754644019633
416.4472855629106,416.4472855629106,417.43770662850636,412.0990857500346,504.94754644019633
416.4472855629106,416.4472855629106,419.9373814056782,412.5880793831553,504.94754644019633
416.4472855629106,416.4472855629106,422.86519900102394,413.1941786955218,504.94754644019633
416.4472855629106,416.4472855629106,422.89559211056746,413.632100390559,504.94754644019633
416.4472855629106,416.4472855629106,424.64545836023683,413.7729492588068,504.94754644019633
416.4472855629106,416.4472855629106,427.6569895909115,414.1352680849903,504.94754644019633
416.4472855629106,416.4472855629106,431.16523447199825,414.95707090840676,504.94754644019633
416.4472855629106,416.4472855629106,430.49725108160857,415.42021623675885,504.94754644019633
416.4472855629106,416.4472855629106,431.2426158312957,416.0129241192041,504.94754644019633
416.4472855629106,416.4472855629106,431.6168325062936,416.8574499945642,504.94754644019633
416.4472855629106,416.4472855629106,431.7100575735838,417.74887308149016,504.94754644019633
416.4472855629106,416.4472855629106,430.68138190088155,418.2566779354394,504.94754644019633
416.4472855629106,416.4472855629106,430.88512153150515,419.0780570714562,504.94754644019633
416.4472855629106,416.4472855629106,430.70261275471,419.4410551147547,504.94754644019633
416.4472855629106,416.4472855629106,430.9780801404715,419.8771354851459,504.94754644019633
416.4472855629106,416.4472855629106,428.38159517775347,420.00955207557496,504.94754644019633
416.4472855629106,416.4472855629106,426.9490228387911,420.37475119075503,504.94754644019633
416.4472855629106,416.4472855629106,427.4760039862896,420.9811039364106,504.94754644019633
416.4472855629106,416.4472855629106,427.5484277077532,421.4790655773494,504.94754644019633
416.4472855629106,416.4472855629106,425.96259289648305,421.8829057971736,504.94754644019633
416.4472855629106,416.4472855629106,423.34134838675436,421.85993265575814,504.94754644019633
416.4472855629106,416.4472855629106,424.3350356580539,421.7275912120427,504.94754644019633
416.4472855629106,416.4472855629106,420.1886929627746,421.04332455986275,504.94754644019633
416.4472855629106,416.4472855629106,417.78526151036124,420.4792291043767,504.94754644019633
416.4472855629106,416.4472855629106,414.6083504923352,419.8680244035749,504.94754644019633
416.4472855629106,416.4472855629106,415.93674359080023,419.56455013843134,504.94754644019633
416.4472855629106,416.4472855629106,415.0561918126649,419.41095120162083,504.94754644019633
416.4472855629106,416.4472855629106,413.504223457399,419.09468397619986,504.94754644019633
416.4472855629106,416.4472855629106,412.63736911231297,418.85412943733786,504.94754644019633
416.4472855629106,416.4472855629106,411.16489356932544,418.4793010418231,504.94754644019633
416.4472855629106,416.4472855629106,408.157293367589,417.68805865788715,504.94754644019633
416.4472855629106,416.4472855629106,400.86023223333495,416.8387142209222,504.94754644019633
416.4472855629106,416.4472855629106,397.6752978367595,415.9417680236263,504.94754644019633
416.4472855629106,416.4472855629106,399.23560370011154,416.10703215862407,504.94754644019633
416.4472855629106,416.4472855629106,399.9632423396341,416.07567325576974,504.94754644019633
416.4472855629106,416.4472855629106,398.1211580270684,416.1556040753505,504.94754644019633
416.4472855629106,416.4472855629106,398.2000035378204,416.32706769054164,504.94754644019633
416.4472855629106,416.4472855629106,398.3267175688932,416.51341219237815,504.94754644019633
416.4472855629106,416.4472855629106,397.97286672342574,416.4690224024074,504.94754644019633
416.4472855629106,416.4472855629106,398.5648997234963,416.3510276589646,504.94754644019633
416.4472855629106,416.4472855629106,400.7795314595563,416.285187483198,504.94754644019633
416.4472855629106,416.4472855629106,403.7547467910317,415.91375559779607,504.94754644019633
416.4472855629106,416.4472855629106,409.5608293752604,416.23502814146474,504.94754644019633
416.4472855629106,416.4472855629106,410.2478584227418,416.17338569969843,504.94754644019633
416.4472855629106,416.4472855629106,411.7383528907441,416.3866968446844,504.94754644019633
416.4472855629106,416.4472855629106,412.4461314887647,416.50852357505966,504.94754644019633
416.4472855629106,416.4472855629106,414.2777846050232,417.1296474532596,504.94754644019633
416.4472855629106,416.4472855629106,413.7928851546896,416.719416249776,504.94754644019633
416.4472855629106,416.4472855629106,414.20366279850987,416.72098843465955,504.94754644019633
416.4472855629106,416.4472855629106,414.4252750845817,416.34689875603596,504.94754644019633
416.4472855629106,416.4472855629106,414.7899925533476,415.75564466816627,504.94754644019633
416.4472855629106,416.4472855629106,417.323570014921,415.3909933196446,504.94754644019633
416.4472855629106,416.4472855629106,416.8217681493158,415.02634197112303,504.94754644019633
416.4472855629106,416.4472855629106,415.60779675451306,414.71582662848743,504.94754644019633
416.4472855629106,416.4472855629106,415.40538762354544,414.5386826973461,504.94754644019633
416.4472855629106,416.4472855629106,415.67189900833574,414.11150545854457,504.94754644019633
416.4472855629106,416.4472855629106,413.0761703328004,413.51183462542,504.94754644019633
416.4472855629106,416.4472855629106,413.1875323688637,413.2574725072271,504.94754644019633
416.4472855629106,416.4472855629106,412.76791487705975,413.02604824381234,504.94754644019633
416.4472855629106,416.4472855629106,414.77883526229107,412.97929930723546,504.94754644019633
416.4472855629106,416.4472855629106,416.46844181017724,412.7073215154849,504.94754644019633
416.4472855629106,416.4472855629106,416.9070188581706,412.6361207111025,504.94754644019633
416.4472855629106,416.4472855629106,416.4921425723875,412.1477461792995,504.94754644019633
416.4472855629106,416.4472855629106,417.0599585509175,411.98729578772895,504.94754644019633
416.4472855629106,416.4472855629106,417.6493948461084,411.87294563847337,504.94754644019633
416.4472855629106,416.4472855629106,417.55113526919,411.94541347683173,504.94754644019633
416.4472855629106,416.4472855629106,416.33510580758673,411.3890512191792,504.94754644019633
416.4472855629106,416.4472855629106,416.7506577353862,411.1124032570463,504.94754644019633
416.4472855629106,416.4472855629106,418.0306290570308,411.1224885136678,504.94754644019633
416.4472855629106,416.4472855629106,416.9703577696947,411.18085228187783,504.94754644019633
416.4472855629106,416.4472855629106,415.8744035721632,411.2139325525667,504.94754644019633
416.4472855629106,416.4472855629106,414.7529086454545,410.7196953085826,504.94754644019633
416.4472855629106,416.4472855629106,416.0900688854904,411.32802136384265,504.94754644019633
416.4472855629106,416.4472855629106,417.1146465020694,411.8531727860707,504.94754644019633
416.4472855629106,416.4472855629106,417.6196037894533,412.4751962978971,504.94754644019633
416.4472855629106,416.4472855629106,418.5910360523334,412.47627196913857,504.94754644019633
416.4472855629106,416.4472855629106,419.6443536500818,412.30668358666253,504.94754644019633
416.4472855629106,416.4472855629106,419.30635087498314,412.2728287405631,504.94754644019633
416.4472855629106,416.4472855629106,419.2466832237703,412.4443513359593,504.94754644019633
416.4472855629106,416.4472855629106,419.1120839436233,412.77029035673746,504.94754644019633
416.4472855629106,416.4472855629106,418.84887799998853,413.3522494790466,504.94754644019633
416.4472855629106,416.4472855629106,419.3732945429492,414.4223077705055,504.94754644019633
416.4472855629106,416.4472855629106,418.1734834395177,415.42765848439427,504.94754644019633
416.4472855629106,416.4472855629106,418.6773948027214,415.74153100659265,504.94754644019633
416.4472855629106,416.4472855629106,419.4983415358423,416.3822161371387,504.94754644019633
416.4472855629106,416.4472855629106,417.2888737192813,416.309815107581,504.94754644019633
416.4472855629106,416.4472855629106,419.6357186265128,416.5938266044009,504.94754644019633
416.4472855629106,416.4472855629106,422.5947484102377,417.1264349088321,504.94754644019633
416.4472855629106,416.4472855629106,422.90193050809984,417.4301640928941,504.94754644019633
416.4472855629106,416.4472855629106,422.6272910480464,417.58276862164735,504.94754644019633
416.4472855629106,416.4472855629106,424.7637956046312,418.14910230806146,504.94754644019633
416.4472855629106,416.4472855629106,425.23558569565955,418.7184755514311,504.94754644019633
416.4472855629106,416.4472855629106,425.67217205610405,418.64992702056304,504.94754644019633
416.4472855629106,416.4472855629106,424.5877194650173,418.6095032150478,504.94754644019633
416.4472855629106,416.4472855629106,423.6400632337695,418.76255820574374,504.94754644019633
416.4472855629106,416.4472855629106,426.30622119371566,419.0818330485712,504.94754644019633
416.4472855629106,416.4472855629106,423.4448838921724,418.4272464618308,504.94754644019633
416.4472855629106,416.4472855629106,418.85943534245945,418.13974494638603,504.94754644019633
416.4472855629106,416.4472855629106,414.4377994699392,417.47699142717994,504.94754644019633
416.4472855629106,416.4472855629106,412.31457889341436,417.16062938341406,504.94754644019633
416.4472855629106,416.4472855629106,411.3848707607652,417.46807794954503,504.94754644019633
416.4472855629106,416.4472855629106,409.60856388920257,417.1754743262874,504.94754644019633
416.4472855629106,416.4472855629106,406.25184936430946,416.53594326356176,504.94754644019633
416.4472855629106,416.4472855629106,403.7101886526811,416.2299815946815,504.94754644019633
416.4472855629106,416.4472855629106,403.3243137444523,416.3463434299252,504.94754644019633
416.4472855629106,416.4472855629106,399.6195376248114,415.87136077186636,504.94754644019633
416.4472855629106,416.4472855629106,402.4357172203159,416.2991558393338,504.94754644019633
416.4472855629106,416.4472855629106,405.39799490648994,416.5818374539113,504.94754644019633
416.4472855629106,416.4472855629106,409.1291095677258,416.7492303653132,504.94754644019633
416.4472855629106,416.4472855629106,412.61839279165844,416.72854088928744,504.94754644019633
416.4472855629106,416.4472855629106,412.68927754255117,416.7122450960199,504.94754644019633
416.4472855629106,416.4472855629106,415.1395817246224,416.8219868995777,504.94754644019633
416.4472855629106,416.4472855629106,416.46089471711076,416.5296936925065,504.94754644019633
416.4472855629106,416.4472855629106,417.81366774884907,416.38072343426774,504.94754644019633
416.4472855629106,416.4472855629106,417.0520020069448,416.2268648620925,504.94754644019633
416.4472855629106,416.4472855629106,418.5921675308038,416.07956722418913,504.94754644019633
416.4472855629106,416.4472855629106,416.4809123986457,416.32831715754577,504.94754644019633
416.4472855629106,416.4472855629106,414.53132463154435,416.13797083314296,504.94754644019633
416.4472855629106,416.4472855629106,414.37243601322734,416.0175917565524,504.94754644019633
416.4472855629106,416.4472855629106,413.51461561381984,416.03739245811244,504.94754644019633
416.4472855629106,416.4472855629106,413.04705301248043,416.14677498408327,504.94754644019633
416.4472855629106,416.4472855629106,411.4513566792496,416.1616765063367,504.94754644019633
416.4472855629106,416.4472855629106,413.0211869512008,415.9159173056485,504.94754644019633
416.4472855629106,416.4472855629106,414.0020423191345,415.75820259768074,504.94754644019633
416.4472855629106,416.4472855629106,414.5282720007138,415.60859850434457,504.94754644019633
416.4472855629106,416.4472855629106,413.9252886347661,415.1464177406756,504.94754644019633
416.4472855629106,416.4472855629106,413.32230526881847,415.063907481293,504.94754644019633
416.4472855629106,416.4472855629106,413.73397512481023,415.02349568310837,504.94754644019633
416.4472855629106,416.4472855629106,412.66869322535405,414.7019937568692,504.94754644019633
416.4472855629106,416.4472855629106,412.1227313812336,414.63952194563456,504.94754644019633
416.4472855629106,416.4472855629106,412.2996368951838,414.8369267631224,504.94754644019633
416.4472855629106,416.4472855629106,412.709386215021,414.828894840751,504.94754644019633
416.4472855629106,416.4472855629106,413.9044535090844,415.06211131956184,504.94754644019633
416.4472855629106,416.4472855629106,415.19207870856735,415.0611393788498,504.94754644019633
416.4472855629106,416.4472855629106,414.09535084685797,414.52800036654764,504.94754644019633
416.4472855629106,416.4472855629106,415.8158335786119,414.8518097125418,504.94754644019633
416.4472855629106,416.4472855629106,418.36601872985796,414.8099675019621,504.94754644019633
416.4472855629106,416.4472855629106,419.006921038579,414.3059302087766,504.94754644019633
416.4472855629106,416.4472855629106,419.6478233473002,414.0511723247093,504.94754644019633
416.4472855629106,416.4472855629106,418.6675540250673,413.8475745410388,504.94754644019633
416.4472855629106,416.4472855629106,416.29927063145306,413.14402176848677,504.94754644019633
416.4472855629106,416.4472855629106,416.25070623269374,413.03191894815785,504.94754644019633
416.4472855629106,416.4472855629106,415.2420402888691,412.97608496611485,504.94754644019633
416.4472855629106,416.4472855629106,413.6473457745031,412.87306464074703,504.94754644019633
416.4472855629106,416.4472855629106,413.49672429350846,412.49933257849545,504.94754644019633
416.4472855629106,416.4472855629106,411.2877759031101,411.8481206544207,504.94754644019633
416.4472855629106,416.4472855629106,408.0088136934409,411.72275346221585,504.94754644019633
416.4472855629106,416.4472855629106,406.1899547333551,411.77203408695567,504.94754644019633
416.4472855629106,416.4472855629106,403.40632788808983,411.8448780083395,504.94754644019633
416.4472855629106,416.4472855629106,401.8528128632336,411.75522133500255,504.94754644019633
416.4472855629106,416.4472855629106,401.8334392677692,411.23373546988756,504.94754644019633
416.4472855629106,416.4472855629106,399.9999156779899,411.11018930591536,504.94754644019633
416.4472855629106,416.4472855629106,396.7489588770442,411.07550686866193,504.94754644019633
416.4472855629106,416.4472855629106,393.6262336192954,410.85627363406996,504.94754644019633
416.4472855629106,416.4472855629106,391.93868174474215,410.22220617855345,504.94754644019633
416.4472855629106,416.4472855629106,393.4693726059126,410.61808765064086,504.94754644019633
416.4472855629106,416.4472855629106,394.9800025735494,410.2316105328625,504.94754644019633
416.4472855629106,416.4472855629106,395.8772438461309,409.86788387488394,504.94754644019633
416.4472855629106,416.4472855629106,397.9834937774239,409.615754850279,504.94754644019633
416.4472855629106,416.4472855629106,399.8959610365035,409.21073498397163,504.94754644019633
416.4472855629106,416.4472855629106,400.4948418362422,408.79484832862573,504.94754644019633
416.4472855629106,416.4472855629106,402.08320205242205,408.4989133714753,504.94754644019633
416.4472855629106,416.4472855629106,404.32752071722484,408.64883206868467,504.94754644019633
416.4472855629106,416.4472855629106,406.22433339970445,408.538406764241,504.94754644019633
416.4472855629106,416.4472855629106,406.6502505102284,408.14185587921014,504.94754644019633
416.4472855629106,416.4472855629106,406.01587732236953,408.10282960895404,504.94754644019633
416.4472855629106,416.4472855629106,408.26371152059943,408.5881703572532,504.94754644019633
416.4472855629106,416.4472855629106,410.79461256714615,409.1205414620043,504.94754644019633
416.4472855629106,416.4472855629106,410.56632593462245,408.8545328345582,504.94754644019633
416.4472855629106,416.4472855629106,410.3380393020989,408.5754197216274,504.94754644019633
416.4472855629106,416.4472855629106,410.2328527783867,408.23200828180705,504.94754644019633
416.4472855629106,416.4472855629106,406.8429499449788,407.57723202462114,504.94754644019633
416.4472855629106,416.4472855629106,404.0659950984931,406.85779369814304,504.94754644019633
416.4472855629106,416.4472855629106,403.52037751102347,406.44207380261867,504.94754644019633
416.4472855629106,416.4472855629106,404.08822826049925,406.0538471311673,504.94754644019633
416.4472855629106,416.4472855629106,404.6604435237454,406.24986058675,504.94754644019633
416.4472855629106,416.4472855629106,402.61082369421547,406.44587404233266,504.94754644019633
416.4472855629106,416.4472855629106,400.10353987917125,406.3944544128765,504.94754644019633
416.4472855629106,416.4472855629106,399.786377694081,406.2780697283036,504.94754644019633
416.4472855629106,416.4472855629106,399.23604222190534,405.99808188976175,504.94754644019633
416.4472855629106,416.4472855629106,399.56827301177395,405.685735505125,504.94754644019633
416.4472855629106,416.4472855629106,402.76478076552655,405.58831093472224,504.94754644019633
416.4472855629106,416.4472855629106,405.7083414283577,405.21857128199787,504.94754644019633
416.4472855629106,416.4472855629106,405.2983353342983,404.4633251277649,504.94754644019633
416.4472855629106,416.4472855629106,404.96988754960273,404.22875447171623,504.94754644019633
416.4472855629106,416.4472855629106,402.9112510463102,403.6689440802896,504.94754644019633
416.4472855629106,416.4472855629106,400.59409317764323,402.89148893188974,504.94754644019633
416.4472855629106,416.4472855629106,397.6736726039444,402.1278047259496,504.94754644019633
416.4472855629106,416.4472855629106,396.0034012920864,401.5491853172607,504.94754644019633
416.4472855629106,416.4472855629106,395.2061536823757,401.3058018212234,504.94754644019633
416.4472855629106,416.4472855629106,392.7215191439882,400.9701852076321,504.94754644019633
416.4472855629106,416.4472855629106,392.2113708377162,400.7804438557268,504.94754644019633
416.4472855629106,416.4472855629106,391.67677919133314,400.5055190624906,504.94754644019633
416.4472855629106,416.4472855629106,393.17016014244564,400.3678880013533,504.94754644019633
416.4472855629106,416.4472855629106,394.03180236724677,400.33577008646387,504.94754644019633
416.4472855629106,416.4472855629106,395.91482563880083,400.59435402742776,504.94754644019633
416.4472855629106,416.4472855629106,398.10544728379324,400.9108156499601,504.94754644019633
416.4472855629106,416.4472855629106,401.5184380810579,401.1935013954901,504.94754644019633
416.4472855629106,416.4472855629106,404.6497990038121,401.7978795404052,504.94754644019633
416.4472855629106,416.4472855629106,406.1411511693265,402.163469482442,504.94754644019633
416.4472855629106,416.4472855629106,406.7281537282174,401.9491280997218,504.94754644019633
416.4472855629106,416.4472855629106,406.9327622625294,402.1670131726347,504.94754644019633
416.4472855629106,416.4472855629106,408.017106417068,402.7591485704954,504.94754644019633
416.4472855629106,416.4472855629106,407.694332063264,403.1815076901472,504.94754644019633
416.4472855629106,416.4472855629106,408.3565617620817,403.6193460899318,504.94754644019633
416.4472855629106,416.4472855629106,407.9463600247498,403.48975151119515,504.94754644019633
416.4472855629106,416.4472855629106,408.49595925316123,403.61400698588244,504.94754644019633
416.4472855629106,416.4472855629106,408.54012456341684,403.72607753894727,504.94754644019633
416.4472855629106,416.4472855629106,408.7030162816612,403.9417840412526,504.94754644019633
416.4472855629106,416.4472855629106,409.86606634208346,404.157490543558,504.94754644019633
416.4472855629106,416.4472855629106,411.92508144837996,404.2351760221493,504.94754644019633
416.4472855629106,416.4472855629106,412.16555292419133,404.18348334698845,504.94754644019633
416.4472855629106,416.4472855629106,412.31608906886424,404.35686224082326,504.94754644019633
416.4472855629106,416.4472855629106,411.526863159674,404.24201364214116,504.94754644019633
416.4472855629106,416.4472855629106,410.8637601594104,404.4620480197682,504.94754644019633
416.4472855629106,416.4472855629106,411.4857201026738,404.583720067256,504.94754644019633
416.4472855629106,416.4472855629106,411.0988020721303,404.1810250961887,504.94754644019633
416.4472855629106,416.4472855629106,411.07852490527256,403.7828600065726,504.94754644019633
416.4472855629106,416.4472855629106,409.8721165515358,403.8029421646352,504.94754644019633
416.4472855629106,416.4472855629106,408.566531247696,403.80318893267736,504.94754644019633
416.4472855629106,416.4472855629106,409.41160468529984,404.0709264035319,504.94754644019633
416.4472855629106,416.4472855629106,410.4850551855734,404.9119043951074,504.94754644019633
416.4472855629106,416.4472855629106,410.30801279842973,405.6052657808105,504.94754644019633
416.4472855629106,416.4472855629106,412.28730772722247,405.9953996853809,504.94754644019633
416.4472855629106,416.4472855629106,413.69868936935393,406.38414024153906,504.94754644019633
416.4472855629106,416.4472855629106,414.76450690713574,406.6045327439341,504.94754644019633
416.4472855629106,416.4472855629106,416.3803692075603,406.9349341988576,504.94754644019633
416.4472855629106,416.4472855629106,417.7366645504517,407.3094849408286,504.94754644019633
416.4472855629106,416.4472855629106,419.51667056048757,407.7490007379165,504.94754644019633
416.4472855629106,416.4472855629106,422.1177475993668,408.3795300081697,504.94754644019633
416.4472855629106,416.4472855629106,422.26826789790175,408.61092538075735,504.94754644019633
416.4472855629106,416.4472855629106,423.3331910702993,409.0255864560619,504.94754644019633
416.4472855629106,416.4472855629106,425.15760940025893,409.49511937519077,504.94754644019633
416.4472855629106,416.4472855629106,425.1416152006567,409.96405565865257,504.94754644019633
416.4472855629106,416.4472855629106,423.7833486261018,410.146832456839,504.94754644019633
416.4472855629106,416.4472855629106,422.78835123411363,410.5799527814948,504.94754644019633
416.4472855629106,416.4472855629106,421.0845155674706,411.03301867682313,504.94754644019633
416.4472855629106,416.4472855629106,420.3082202345796,411.8363944669558,504.94754644019633
416.4472855629106,416.4472855629106,419.26280495773335,412.40088147104603,504.94754644019633
416.4472855629106,416.4472855629106,418.5516829055804,413.0486358528106,504.94754644019633
416.4472855629106,416.4472855629106,419.0556716598072,413.8777558839212,504.94754644019633
416.4472855629106,416.4472855629106,419.309056817927,414.44512365210403,504.94754644019633
416.4472855629106,416.4472855629106,420.7149442661668,415.3027523901575,504.94754644019633
416.4472855629106,416.4472855629106,422.5221220524916,415.83444804066175,504.94754644019633
416.4472855629106,416.4472855629106,425.78744137998103,416.4979602593858,504.94754644019633
416.4472855629106,416.4472855629106,425.8135134790926,416.55969034955314,504.94754644019633
416.4472855629106,416.4472855629106,425.81843765422883,416.5756167509103,504.94754644019633
416.4472855629106,416.4472855629106,426.30836101547266,416.7943790538386,504.94754644019633
416.4472855629106,416.4472855629106,426.4732942556676,416.76558052141706,504.94754644019633
416.4472855629106,416.4472855629106,424.5278103997156,416.72596769888844,504.94754644019633
416.4472855629106,416.4472855629106,422.35946439707516,417.0040180176928,504.94754644019633
416.4472855629106,416.4472855629106,419.39158074932914,416.93688734946403,504.94754644019633
416.4472855629106,416.4472855629106,416.25690385390664,416.95071187752524,504.94754644019633
416.4472855629106,416.4472855629106,413.17131494944397,416.92984461789774,504.94754644019633
416.4472855629106,416.4472855629106,409.17462598905183,416.6615731047798,504.94754644019633
416.4472855629106,416.4472855629106,407.9236367254982,416.5551456897028,504.94754644019633
416.4472855629106,416.4472855629106,407.4376660611957,416.3639581125172,504.94754644019633
416.4472855629106,416.4472855629106,406.3872334803167,416.3638008372186,504.94754644019633
416.4472855629106,416.4472855629106,406.58311610270374,416.3416004856257,504.94754644019633
416.4472855629106,416.4472855629106,408.48461171726296,416.4496767739243,504.94754644019633
416.4472855629106,416.4472855629106,410.64982539191413,416.7489668063996,504.94754644019633
416.4472855629106,416.4472855629106,412.9976144778918,417.10329966020413,504.94754644019633
416.4472855629106,416.4472855629106,413.24456766308157,417.1364075963687,504.94754644019633
416.4472855629106,416.4472855629106,412.7566466120649,417.17580130837587,504.94754644019633
416.4472855629106,416.4472855629106,414.4980552107892,417.3884321150556,504.94754644019633
416.4472855629106,416.4472855629106,416.3620943765853,417.530420544485,504.94754644019633
416.4472855629106,416.4472855629106,420.27021681486457,418.198241061064,504.94754644019633
416.4472855629106,416.4472855629106,422.9356021719479,418.73521629055375,504.94754644019633
416.4472855629106,416.4472855629106,421.52572769973204,418.6723227152649,504.94754644019633
416.4472855629106,416.4472855629106,419.97064069874693,418.73049866413453,504.94754644019633
416.4472855629106,416.4472855629106,417.0248150583693,418.27160888101344,504.94754644019633
416.4472855629106,416.4472855629106,414.7863280391136,417.96355423091205,504.94754644019633
416.4472855629106,416.4472855629106,415.17496719714245,418.10979847611134,504.94754644019633
416.4472855629106,416.4472855629106,417.39640943915566,418.1976216507626,504.94754644019633
416.4472855629106,416.4472855629106,418.3297358396002,418.3146414091048,504.94754644019633
416.4472855629106,416.4472855629106,418.7327006459165,418.3240592922413,504.94754644019633
416.4472855629106,416.4472855629106,417.12940839843395,418.3480488992388,504.94754644019633
416.4472855629106,416.4472855629106,416.15769317914084,418.41942201629166,504.94754644019633
416.4472855629106,416.4472855629106,418.07233846640156,418.3834562964477,504.94754644019633
416.4472855629106,416.4472855629106,419.4808130829726,418.2031117608557,504.94754644019633
416.4472855629106,416.4472855629106,421.7639011654516,418.1707355345235,504.94754644019633
416.4472855629106,416.4472855629106,422.0383630978169,417.7045886364156,504.94754644019633
416.4472855629106,416.4472855629106,420.81192460993213,417.240661518046,504.94754644019633
416.4472855629106,416.4472855629106,419.5098976037581,417.0712781313829,504.94754644019633
416.4472855629106,416.4472855629106,417.6863690570482,417.0952454952941,504.94754644019633
416.4472855629106,416.4472855629106,415.48716131872317,416.8638213091631,504.94754644019633
416.4472855629106,416.4472855629106,413.66779668807686,416.86470512336,504.94754644019633
416.4472855629106,416.4472855629106,411.2412471376216,416.60602739689995,504.94754644019633
416.4472855629106,416.4472855629106,409.3513917716499,416.401173659231,504.94754644019633
416.4472855629106,416.4472855629106,408.8746452269784,416.26770422513533,504.94754644019633
416.4472855629106,416.4472855629106,407.9873449091392,415.95707018439,504.94754644019633
416.4472855629106,416.4472855629106,406.7629716947843,415.1953716117871,504.94754644019633
416.4472855629106,416.4472855629106,405.5602701934589,414.2097267035044,504.94754644019633
416.4472855629106,416.4472855629106,405.1058727370804,413.5880282683006,504.94754644019633
416.4472855629106,416.4472855629106,406.02262695051235,413.14228260940035,504.94754644019633
416.4472855629106,416.4472855629106,405.98460619982336,412.8980398533093,504.94754644019633
416.4472855629106,416.4472855629106,405.41621075686146,412.7842597438865,504.94754644019633
416.4472855629106,416.4472855629106,406.97710451407806,412.7397760966211,504.94754644019633
416.4472855629106,416.4472855629106,407.7191975019697,412.6503543084914,504.94754644019633
416.4472855629106,416.4472855629106,408.01702120749496,412.9655463866912,504.94754644019633
416.4472855629106,416.4472855629106,406.00659621704483,412.6864965483838,504.94754644019633
416.4472855629106,416.4472855629106,409.4129236332234,413.199640188566,504.94754644019633
416.4472855629106,416.4472855629106,412.03541064265954,413.3654280612549,504.94754644019633
416.4472855629106,416.4472855629106,413.9375477127047,413.7412748209527,504.94754644019633
416.4472855629106,416.4472855629106,415.17972433538205,414.3433022786664,504.94754644019633
416.4472855629106,416.4472855629106,417.03059903206696,414.71943231462296,504.94754644019633
416.4472855629106,416.4472855629106,417.45963151095367,414.7886528338381,504.94754644019633
416.4472855629106,416.4472855629106,416.37948566270654,414.738226533099,504.94754644019633
416.4472855629106,416.4472855629106,416.11814058378434,414.5573592047076,504.94754644019633
416.4472855629106,416.4472855629106,414.88795596592837,414.24621523642435,504.94754644019633
416.4472855629106,416.4472855629106,416.749835497199,413.9064985694409,504.94754644019633
416.4472855629106,416.4472855629106,413.56495151676154,413.31310759634,504.94754644019633
416.4472855629106,416.4472855629106,411.15107827320026,412.9467301832787,504.94754644019633
416.4472855629106,416.4472855629106,409.50025617661953,413.08999673386364,504.94754644019633
416.4472855629106,416.4472855629106,407.9142333316389,413.02653790283625,504.94754644019633
416.4472855629106,416.4472855629106,407.0990204889697,412.8668175370999,504.94754644019633
416.4472855629106,416.4472855629106,406.1938577590146,411.9733810226681,504.94754644019633
416.4472855629106,416.4472855629106,406.7588617658528,411.50287845187995,504.94754644019633
416.4472855629106,416.4472855629106,406.76138341579525,411.6044903479201,504.94754644019633
416.4472855629106,416.4472855629106,406.5264506522401,411.55737722712286,504.94754644019633
416.4472855629106,416.4472855629106,405.00376783879335,411.5022891255256,504.94754644019633
416.4472855629106,416.4472855629106,403.93871160922777,411.14358431036277,504.94754644019633
416.4472855629106,416.4472855629106,407.09727224627534,411.3311911931052,504.94754644019633
416.4472855629106,416.4472855629106,406.1124097359285,410.83319679321824,504.94754644019633
416.4472855629106,416.4472855629106,404.87305829207463,410.3352023933312,504.94754644019633
416.4472855629106,416.4472855629106,404.52859475157203,410.025996358231,504.94754644019633
416.4472855629106,416.4472855629106,404.867817130231,409.5210627690275,504.94754644019633
416.4472855629106,416.4472855629106,403.961782302415,409.0636962765348,504.94754644019633
416.4472855629106,416.4472855629106,403.61822983149466,408.71366862093885,504.94754644019633
416.4472855629106,416.4472855629106,403.69562621771365,408.40033985407104,504.94754644019633
416.4472855629106,416.4472855629106,404.9982270161557,408.1491542956664,504.94754644019633
416.4472855629106,416.4472855629106,406.3801719293353,408.01194607666645,504.94754644019633
416.4472855629106,416.4472855629106,403.3212090919086,407.8330480895005,504.94754644019633
416.4472855629106,416.4472855629106,403.20318770302487,407.5718548130715,504.94754644019633
416.4472855629106,416.4472855629106,403.2664884821198,407.4512262783456,504.94754644019633
416.4472855629106,416.4472855629106,402.2810836667815,407.38478082784275,504.94754644019633
416.4472855629106,416.4472855629106,402.565572503197,407.3006179320515,504.94754644019633
416.4472855629106,416.4472855629106,401.8366111572233,407.18276908045516,504.94754644019633
416.4472855629106,416.4472855629106,401.17444562519506,407.07827939164775,504.94754644019633
416.4472855629106,416.4472855629106,401.6350378522223,406.9524183791198,504.94754644019633
416.4472855629106,416.4472855629106,401.25606136346664,406.80289758653186,504.94754644019633
416.4472855629106,416.4472855629106,400.62491949254417,406.78433563621843,504.94754644019633
416.4472855629106,416.4472855629106,401.75005992691007,407.07100603619074,504.94754644019633
416.4472855629106,416.4472855629106,402.56914384855355,407.06450903536626,504.94754644019633
416.4472855629106,416.4472855629106,402.3568609325865,406.7180730747604,504.94754644019633
416.4472855629106,416.4472855629106,401.948450960854,406.57754978004886,504.94754644019633
416.4472855629106,416.4472855629106,401.8136896282945,406.5801137063382,504.94754644019633
416.4472855629106,416.4472855629106,402.4545429945701,406.2782567765535,504.94754644019633
416.4472855629106,416.4472855629106,403.0286005469003,406.1401600006339,504.94754644019633
416.4472855629106,416.4472855629106,402.2964058965334,405.80829531692757,504.94754644019633
416.4472855629106,416.4472855629106,400.97386982989906,405.79635230910264,504.94754644019633
416.4472855629106,416.4472855629106,400.30944546392726,404.9636400023591,504.94754644019633
416.4472855629106,416.4472855629106,398.3938845206385,404.3427008117866,504.94754644019633
416.4472855629106,416.4472855629106,397.19585653638717,403.7161708001027,504.94754644019633
416.4472855629106,416.4472855629106,396.84787322176754,403.0517028520374,504.94754644019633
416.4472855629106,416.4472855629106,396.80078073341275,402.53158612031797,504.94754644019633
416.4472855629106,416.4472855629106,396.90278106283404,402.4687436167142,504.94754644019633
416.4472855629106,416.4472855629106,395.5213370665205,402.1066270573163,504.94754644019633
416.4472855629106,416.4472855629106,394.5376728225899,401.824066448395,504.94754644019633
416.4472855629106,416.4472855629106,394.121420658026,401.6549882553471,504.94754644019633
416.4472855629106,416.4472855629106,395.2955392706266,401.5054930637883,504.94754644019633
416.4472855629106,416.4472855629106,396.5198982900539,401.5546293570177,504.94754644019633
416.4472855629106,416.4472855629106,397.46945963459666,401.6063770840658,504.94754644019633
416.4472855629106,416.4472855629106,397.98867340505643,401.41385424579005,504.94754644019633
416.4472855629106,416.4472855629106,400.1026882326265,401.489393832235,504.94754644019633
416.4472855629106,416.4472855629106,402.70548905013715,401.6528798325515,504.94754644019633
416.4472855629106,416.4472855629106,405.6862134460212,402.3672147541155,504.94754644019633
416.4472855629106,416.4472855629106,408.5232109215344,402.45949688845263,504.94754644019633
416.4472855629106,416.4472855629106,410.0500220286517,402.48179417096634,504.94754644019633
416.4472855629106,416.4472855629106,411.00942105640235,402.5515823361794,504.94754644019633
416.4472855629106,416.4472855629106,412.80283205638716,403.06530590730705,504.94754644019633
416.4472855629106,416.4472855629106,414.9888466572705,403.76465636662624,504.94754644019633
416.4472855629106,416.4472855629106,415.3806198248123,403.2630465997733,504.94754644019633
416.4472855629106,416.4472855629106,417.6452755333494,403.72042740527434,504.94754644019633
416.4472855629106,416.4472855629106,417.98503886480086,404.11178994678016,504.94754644019633
416.4472855629106,416.4472855629106,419.57428407433815,404.66201769710466,504.94754644019633
416.4472855629106,416.4472855629106,418.0834446756605,405.01034026320144,504.94754644019633
416.4472855629106,416.4472855629106,418.4929944855315,405.365739325076,504.94754644019633
416.4472855629106,416.4472855629106,419.8149509114155,405.72113838695043,504.94754644019633
416.4472855629106,416.4472855629106,421.15013400834476,406.04248389430575,504.94754644019633
416.4472855629106,416.4472855629106,422.7609511773574,406.6178507395474,504.94754644019633
416.4472855629106,416.4472855629106,423.3641308260243,407.161448145964,504.94754644019633
416.4472855629106,416.4472855629106,427.4998737891098,408.0987795392135,504.94754644019633
416.4472855629106,416.4472855629106,425.52354989293354,408.184499843256,504.94754644019633
416.4472855629106,416.4472855629106,426.37896553502605,408.7342853573616,504.94754644019633
416.4472855629106,416.4472855629106,424.40764541532025,409.0873300468125,504.94754644019633
416.4472855629106,416.4472855629106,423.443502010544,409.1859261646709,504.94754644019633
416.4472855629106,416.4472855629106,422.7760443084229,409.5536259553158,504.94754644019633
416.4472855629106,416.4472855629106,422.55503668262446,409.99725659843637,504.94754644019633
416.4472855629106,416.4472855629106,421.4406491943244,410.0036061627262,504.94754644019633
416.4472855629106,416.4472855629106,419.2170223593328,410.2100429387207,504.94754644019633
416.4472855629106,416.4472855629106,419.7446461439901,410.98539347625325,504.94754644019633
416.4472855629106,416.4472855629106,418.44502568464594,411.4377726907607,504.94754644019633
416.4472855629106,416.4472855629106,419.75654291333166,411.62197965621164,504.94754644019633
416.4472855629106,416.4472855629106,420.8486043740272,412.4326340456496,504.94754644019633
416.4472855629106,416.4472855629106,422.9405155738644,413.28574296941457,504.94754644019633
416.4472855629106,416.4472855629106,425.86118867637515,413.99542597428695,504.94754644019633
416.4472855629106,416.4472855629106,427.71226103324716,414.6051695630512,504.94754644019633
416.4472855629106,416.4472855629106,430.01207055827706,415.3939506007118,504.94754644019633
416.4472855629106,416.4472855629106,434.09043563138783,416.3624121096971,504.94754644019633
416.4472855629106,416.4472855629106,437.42621346320493,417.50051166538185,504.94754644019633
416.4472855629106,416.4472855629106,437.5028548920156,418.42407536187085,504.94754644019633
416.4472855629106,416.4472855629106,436.90855361158066,419.14070650894905,504.94754644019633
416.4472855629106,416.4472855629106,437.87845252250526,419.75849885343524,504.94754644019633
416.4472855629106,416.4472855629106,435.7952997671876,420.22211935473365,504.94754644019633
416.4472855629106,416.4472855629106,434.7934208776975,420.8842709982715,504.94754644019633
416.4472855629106,416.4472855629106,433.9992134626358,421.41471245424736,504.94754644019633
416.4472855629106,416.4472855629106,433.32557717787097,422.1660175853214,504.94754644019633
416.4472855629106,416.4472855629106,429.5532579963577,422.3970676354653,504.94754644019633
416.4472855629106,416.4472855629106,424.1901235735485,422.3761526928016,504.94754644019633
416.4472855629106,416.4472855629106,419.48563115028384,422.3385300413132,504.94754644019633
416.4472855629106,416.4472855629106,415.6070344552697,422.24150259491404,504.94754644019633
416.4472855629106,416.4472855629106,414.1246102154586,422.4717366251214,504.94754644019633
416.4472855629106,416.4472855629106,411.48849673760617,422.45846351994516,504.94754644019633
416.4472855629106,416.4472855629106,413.3699066369162,422.87556303559154,504.94754644019633
416.4472855629106,416.4472855629106,412.0456445811851,422.752302104481,504.94754644019633
416.4472855629106,416.4472855629106,407.5473244173015,421.78693464850335,504.94754644019633
416.4472855629106,416.4472855629106,403.4281302036617,421.14700144174685,504.94754644019633
416.4472855629106,416.4472855629106,401.5124316422899,420.68954955819294,504.94754644019633
416.4472855629106,416.4472855629106,402.3744408536087,420.6491566522429,504.94754644019633
416.4472855629106,416.4472855629106,403.9772937967646,420.5734223893888,504.94754644019633
416.4472855629106,416.4472855629106,404.87833860387195,420.2194009842343,504.94754644019633
416.4472855629106,416.4472855629106,403.9352296803593,420.18265859623097,504.94754644019633
416.4472855629106,416.4472855629106,406.7607188821239,420.28155218970016,504.94754644019633
416.4472855629106,416.4472855629106,405.8016144585264,420.4388781543368,504.94754644019633
416.4472855629106,416.4472855629106,406.77287892722245,420.19202107505794,504.94754644019633
416.4472855629106,416.4472855629106,409.48861684014787,420.06796908140086,504.94754644019633
416.4472855629106,416.4472855629106,410.4383805642407,419.5360786574887,504.94754644019633
416.4472855629106,416.4472855629106,412.920077071179,419.3105747901456,504.94754644019633
416.4472855629106,416.4472855629106,413.8035505339952,419.17983995737296,504.94754644019633
416.4472855629106,416.4472855629106,413.1428494426068,418.6498020424386,504.94754644019633
416.4472855629106,416.4472855629106,414.14978484634037,418.3765317882976,504.94754644019633
416.4472855629106,416.4472855629106,412.29716320847626,417.14211648010416,504.94754644019633
416.4472855629106,416.4472855629106,408.3238266963366,416.8416075503807,504.94754644019633
416.4472855629106,416.4472855629106,404.9911666456021,416.1613183764519,504.94754644019633
416.4472855629106,416.4472855629106,405.53103098107266,416.41669818820844,504.94754644019633
416.4472855629106,416.4472855629106,408.06265876462857,416.9918004322178,504.94754644019633
416.4472855629106,416.4472855629106,411.26899983627925,417.23466976305986,504.94754644019633
416.4472855629106,416.4472855629106,413.1652290026221,417.4326132541451,504.94754644019633
416.4472855629106,416.4472855629106,410.9441852802576,417.08054717455957,504.94754644019633
416.4472855629106,416.4472855629106,409.92980192654903,416.79235795588187,504.94754644019633
416.4472855629106,416.4472855629106,407.232393760236,415.87408131154666,504.94754644019633
416.4472855629106,416.4472855629106,407.1582998174871,414.8847713066724,504.94754644019633
416.4472855629106,416.4472855629106,407.0842058747382,414.307140142662,504.94754644019633
416.4472855629106,416.4472855629106,411.3062429453732,414.25284609072116,504.94754644019633
416.4472855629106,416.4472855629106,411.1667988894259,414.0619548513207,504.94754644019633
416.4472855629106,416.4472855629106,408.41182512354504,413.5019277216517,504.94754644019633
416.4472855629106,416.4472855629106,406.51421926574324,412.9950614095591,504.94754644019633
416.4472855629106,416.4472855629106,403.83266948461426,412.19673303941266,504.94754644019633
416.4472855629106,416.4472855629106,408.02950304470016,411.8683606572221,504.94754644019633
416.4472855629106,416.4472855629106,412.14378401911347,411.7358720670636,504.94754644019633
416.4472855629106,416.4472855629106,417.09922863577805,411.7933560602993,504.94754644019633
416.4472855629106,416.4472855629106,423.91310151619007,412.28568088759425,504.94754644019633
416.4472855629106,416.4472855629106,429.214618487256,412.5743733356123,504.94754644019633
416.4472855629106,416.4472855629106,429.61725744767165,413.0172376268178,504.94754644019633
416.4472855629106,416.4472855629106,430.65993662640193,413.2352580010616,504.94754644019633
416.4472855629106,416.4472855629106,434.2437771584996,413.5508404608245,504.94754644019633
416.4472855629106,416.4472855629106,437.27297160816624,413.7845402956182,504.94754644019633
416.4472855629106,416.4472855629106,440.8642891036223,414.4589392608655,504.94754644019633
416.4472855629106,416.4472855629106,440.6779883713199,415.1659336167764,504.94754644019633
416.4472855629106,416.4472855629106,439.157444372028,415.67023471141243,504.94754644019633
416.4472855629106,416.4472855629106,436.00273864817535,415.8724968988803,504.94754644019633
416.4472855629106,416.4472855629106,431.6519427354516,415.7911473915928,504.94754644019633
416.4472855629106,416.4472855629106,428.86039505189274,416.0487529984695,504.94754644019633
416.4472855629106,416.4472855629106,428.59398329849427,416.0620529591335,504.94754644019633
416.4472855629106,416.4472855629106,429.9274767526129,416.8116244353471,504.94754644019633
416.4472855629106,416.4472855629106,430.1185164916104,418.06507887568625,504.94754644019633
416.4472855629106,416.4472855629106,431.0980953056978,419.3185333160254,504.94754644019633
416.4472855629106,416.4472855629106,428.36981535003895,419.8304160024153,504.94754644019633
416.4472855629106,416.4472855629106,426.1709713257339,419.92523971120136,504.94754644019633
416.4472855629106,416.4472855629106,427.3062650875125,420.33602896956194,504.94754644019633
416.4472855629106,416.4472855629106,430.6711082279974,421.03105082370536,504.94754644019633
416.4472855629106,416.4472855629106,429.2652499454822,420.8571514446175,504.94754644019633
416.4472855629106,416.4472855629106,430.37706762424875,420.7720227468946,504.94754644019633
416.4472855629106,416.4472855629106,427.3051347904974,420.36275702552774,504.94754644019633
416.4472855629106,416.4472855629106,420.82228884876804,419.62150641965627,504.94754644019633
416.4472855629106,416.4472855629106,414.31573641223906,419.0305027901045,504.94754644019633
416.4472855629106,416.4472855629106,410.9585015668851,419.4225575165543,504.94754644019633
416.4472855629106,416.4472855629106,408.9509911285053,419.0365988138806,504.94754644019633
416.4472855629106,416.4472855629106,407.62799879573373,418.69012936354903,504.94754644019633
416.4472855629106,416.4472855629106,403.55876952390236,418.41921298582116,504.94754644019633
416.4472855629106,416.4472855629106,398.84480666657817,417.970055187753,504.94754644019633
416.4472855629106,416.4472855629106,401.0516408288842,418.6080469686991,504.94754644019633
416.4472855629106,416.4472855629106,400.6939067100895,419.2460387496451,504.94754644019633
416.4472855629106,416.4472855629106,402.22973504323284,419.8104707050539,504.94754644019633
416.4472855629106,416.4472855629106,403.47309664117313,419.2099195516764,504.94754644019633
416.4472855629106,416.4472855629106,404.7164582391134,418.3612626850016,504.94754644019633
416.4472855629106,416.4472855629106,403.24178839599466,417.8171152284974,504.94754644019633
416.4472855629106,416.4472855629106,404.95622518384505,417.3947980501252,504.94754644019633
416.4472855629106,416.4472855629106,406.22102314892095,417.7454969372818,504.94754644019633
416.4472855629106,416.4472855629106,406.8061900295819,417.7944906064277,504.94754644019633
416.4472855629106,416.4472855629106,408.34501085144166,418.19257860599413,504.94754644019633
416.4472855629106,416.4472855629106,407.24567588835555,418.6255221828727,504.94754644019633
416.4472855629106,416.4472855629106,406.89493128758613,419.20818383221456,504.94754644019633
416.4472855629106,416.4472855629106,404.29243653654885,418.40770942328896,504.94754644019633
416.4472855629106,416.4472855629106,405.32646023671845,418.04185182113486,504.94754644019633
416.4472855629106,416.4472855629106,405.841842967303,417.8472662537531,504.94754644019633
416.4472855629106,416.4472855629106,405.45734147919006,417.6057396711868,504.94754644019633
416.4472855629106,416.4472855629106,403.26273022319697,417.28081019784173,504.94754644019633
416.4472855629106,416.4472855629106,400.83323968437,416.30624426521564,504.94754644019633
416.4472855629106,416.4472855629106,399.4945692259851,415.26464764780195,504.94754644019633
416.4472855629106,416.4472855629106,396.82876563553344,414.13848600594525,504.94754644019633
416.4472855629106,416.4472855629106,394.39977521319395,412.7228569222736,504.94754644019633
416.4472855629106,416.4472855629106,392.2594064835277,411.817141431469,504.94754644019633
416.4472855629106,416.4472855629106,391.76882632447223,410.838023198649,504.94754644019633
416.4472855629106,416.4472855629106,390.78881140450596,410.0676267767556,504.94754644019633
416.4472855629106,416.4472855629106,390.3023225503575,409.0589753321247,504.94754644019633
416.4472855629106,416.4472855629106,389.42348804142665,408.03584295783884,504.94754644019633
416.4472855629106,416.4472855629106,390.5801843607878,407.2239892492747,504.94754644019633
416.4472855629106,416.4472855629106,390.56712646393737,406.2840718837392,504.94754644019633
416.4472855629106,416.4472855629106,390.63422087883293,405.56000294916305,504.94754644019633
416.4472855629106,416.4472855629106,393.07483641347284,405.55290555900467,504.94754644019633
416.4472855629106,416.4472855629106,395.51545194811274,405.49555876480576,504.94754644019633
416.4472855629106,416.4472855629106,396.40872655711934,405.32680773251434,504.94754644019633
416.4472855629106,416.4472855629106,397.979261030216,404.7150787449935,504.94754644019633
416.4472855629106,416.4472855629106,398.76379584676124,403.83489059558536,504.94754644019633
416.4472855629106,416.4472855629106,400.6282997706819,403.160931987939,504.94754644019633
416.4472855629106,416.4472855629106,401.94868100873134,402.20596009844564,504.94754644019633
416.4472855629106,416.4472855629106,400.87862714785285,401.7257516088376,504.94754644019633
416.4472855629106,416.4472855629106,400.5769186601294,401.1652613506183,504.94754644019633
416.4472855629106,416.4472855629106,400.2016051752429,400.139070966709,504.94754644019633
416.4472855629106,416.4472855629106,400.516933086794,399.52207053076404,504.94754644019633
416.4472855629106,416.4472855629106,400.82804449098893,399.808117673907,504.94754644019633
416.4472855629106,416.4472855629106,401.5766047812109,399.5667151639068,504.94754644019633
416.4472855629106,416.4472855629106,402.89134065986815,399.83231991886765,504.94754644019633
416.4472855629106,416.4472855629106,404.08003101405734,400.4864390286432,504.94754644019633
416.4472855629106,416.4472855629106,402.24777931101187,400.7473405676935,504.94754644019633
416.4472855629106,416.4472855629106,402.24844929071725,400.46394964321195,504.94754644019633
416.4472855629106,416.4472855629106,403.58316104074174,400.6521855912849,504.94754644019633
416.4472855629106,416.4472855629106,406.25875920144506,400.89141343176067,504.94754644019633
416.4472855629106,416.4472855629106,408.9278100475655,401.2128790714417,504.94754644019633
416.4472855629106,416.4472855629106,405.9643945758379,400.945988112616,504.94754644019633
416.4472855629106,416.4472855629106,403.98937346838864,400.3956642018079,504.94754644019633
416.4472855629106,416.4472855629106,401.46742402966777,399.72141862782235,504.94754644019633
416.4472855629106,416.4472855629106,400.5999917281946,399.50637125586,504.94754644019633
416.4472855629106,416.4472855629106,399.86069573439016,399.76395884728663,504.94754644019633
416.4472855629106,416.4472855629106,402.5972844784037,400.3235058155515,504.94754644019633
416.4472855629106,416.4472855629106,404.8740385919809,400.79039968240926,504.94754644019633
416.4472855629106,416.4472855629106,407.15079270555805,401.09109909562756,504.94754644019633
416.4472855629106,416.4472855629106,408.488069251513,401.3448226522791,504.94754644019633
416.4472855629106,416.4472855629106,408.64880140583836,401.5814013466929,504.94754644019633
416.4472855629106,416.4472855629106,411.4362067125573,401.5642272848391,504.94754644019633
416.4472855629106,416.4472855629106,412.9449294596243,401.53551491606163,504.94754644019633
416.4472855629106,416.4472855629106,415.35212455881555,401.4128572820682,504.94754644019633
416.4472855629106,416.4472855629106,416.0652463576172,401.86093322007366,504.94754644019633
416.4472855629106,416.4472855629106,416.65023184875025,402.028713169693,504.94754644019633
416.4472855629106,416.4472855629106,416.0408237854543,402.36330197918187,504.94754644019633
416.4472855629106,416.4472855629106,414.27536735329505,402.55400485723027,504.94754644019633
416.4472855629106,416.4472855629106,412.36012906741524,402.9105788644712,504.94754644019633
416.4472855629106,416.4472855629106,410.92389913363786,403.3629545421326,504.94754644019633
416.4472855629106,416.4472855629106,411.84953856173496,404.052395213843,504.94754644019633
416.4472855629106,416.4472855629106,413.83731236691693,404.9659366311158,504.94754644019633
416.4472855629106,416.4472855629106,416.1195908748285,405.87947804838853,504.94754644019633
416.4472855629106,416.4472855629106,418.12300534650365,406.5855770546634,504.94754644019633
416.4472855629106,416.4472855629106,419.17061403223033,407.3412907616252,504.94754644019633
416.4472855629106,416.4472855629106,420.7401616793898,408.0189832246698,504.94754644019633
416.4472855629106,416.4472855629106,421.7048411183324,408.6438056927768,504.94754644019633
416.4472855629106,416.4472855629106,425.00931207927795,409.67116966480046,504.94754644019633
416.4472855629106,416.4472855629106,428.4635648939441,410.48725497110246,504.94754644019633
416.4472855629106,416.4472855629106,431.43880935650793,411.53729112064667,504.94754644019633
416.4472855629106,416.4472855629106,432.2056773846063,412.36668651499764,504.94754644019633
416.4472855629106,416.4472855629106,432.4479235929418,412.8405540670095,504.94754644019633
416.4472855629106,416.4472855629106,432.52180150918787,413.28074796060355,504.94754644019633
416.4472855629106,416.4472855629106,432.5956794254339,413.8229676283263,504.94754644019633
416.4472855629106,416.4472855629106,432.48627063967706,414.2426926835175,504.94754644019633
416.4472855629106,416.4472855629106,430.9977659434726,414.4657772440121,504.94754644019633
416.4472855629106,416.4472855629106,431.17546913668593,414.75323956597765,504.94754644019633
416.4472855629106,416.4472855629106,428.48144891510964,414.9777232460762,504.94754644019633
416.4472855629106,416.4472855629106,423.82812946312305,415.07715543415645,504.94754644019633
416.4472855629106,416.4472855629106,418.5283790371774,415.1275831960563,504.94754644019633
416.4472855629106,416.4472855629106,418.3623633790459,415.9988381557582,504.94754644019633
416.4472855629106,416.4472855629106,417.3241656307907,416.20200057580894,504.94754644019633
416.4472855629106,416.4472855629106,416.41611794836143,416.39836265207805,504.94754644019633
416.4472855629106,416.4472855629106,415.5080702659322,416.6092607252706,504.94754644019633
416.4472855629106,416.4472855629106,413.03767372577505,416.27195929669887,504.94754644019633
416.4472855629106,416.4472855629106,412.2719209621242,416.10415523362536,504.94754644019633
416.4472855629106,416.4472855629106,409.85626112475995,416.2749359287272,504.94754644019633
416.4472855629106,416.4472855629106,407.92280856909474,416.11259510175165,504.94754644019633
416.4472855629106,416.4472855629106,408.16604144786874,415.9937315155819,504.94754644019633
416.4472855629106,416.4472855629106,411.11810234064313,416.09945182389595,504.94754644019633
416.4472855629106,416.4472855629106,408.5374412916507,415.92076440457527,504.94754644019633
416.4472855629106,416.4472855629106,407.0012624562096,416.4093741518833,504.94754644019633
416.4472855629106,416.4472855629106,405.2751168748005,416.6555113333605,504.94754644019633
416.4472855629106,416.4472855629106,403.54897129339133,417.02557017801536,504.94754644019633
416.4472855629106,416.4472855629106,403.6874014783548,416.8894412467309,504.94754644019633
416.4472855629106,416.4472855629106,402.527002122799,416.63741651130715,504.94754644019633
416.4472855629106,416.4472855629106,403.35030352185277,416.42553973741707,504.94754644019633
416.4472855629106,416.4472855629106,405.613904149374,416.2605682132302,504.94754644019633
416.4472855629106,416.4472855629106,407.1930934411776,416.00219166270574,504.94754644019633
416.4472855629106,416.4472855629106,406.70988569293996,415.7438151121812,504.94754644019633
416.4472855629106,416.4472855629106,407.64871658287547,415.7207474399827,504.94754644019633
416.4472855629106,416.4472855629106,407.9916631170823,415.7204654327883,504.94754644019633
416.4472855629106,416.4472855629106,407.9890008227262,415.6643256059808,504.94754644019633
416.4472855629106,416.4472855629106,408.7459560669457,415.70433647964137,504.94754644019633
416.4472855629106,416.4472855629106,409.50291131116535,415.5769742374404,504.94754644019633
416.4472855629106,416.4472855629106,411.1706823004148,415.5415066016401,504.94754644019633
416.4472855629106,416.4472855629106,409.38769963108217,415.0949149065426,504.94754644019633
416.4472855629106,416.4472855629106,411.8865871936896,415.7828121813092,504.94754644019633
416.4472855629106,416.4472855629106,415.0655023613764,416.54326632149804,504.94754644019633
416.4472855629106,416.4472855629106,418.24441752906324,417.20791879126637,504.94754644019633
416.4472855629106,416.4472855629106,420.94795338878157,417.54043040539204,504.94754644019633
416.4472855629106,416.4472855629106,423.292140947839,417.61143114897277,504.94754644019633
416.4472855629106,416.4472855629106,425.9247961005605,417.6253666511273,504.94754644019633
416.4472855629106,416.4472855629106,427.4306857983412,417.5658725700089,504.94754644019633
416.4472855629106,416.4472855629106,428.0013893315323,417.34312929730083,504.94754644019633
416.4472855629106,416.4472855629106,427.3393099892176,416.8613362636056,504.94754644019633
416.4472855629106,416.4472855629106,427.7435342381821,416.3026535305126,504.94754644019633
416.4472855629106,416.4472855629106,424.6522561539041,415.7114009962344,504.94754644019633
416.4472855629106,416.4472855629106,421.55168980625183,415.1608913039595,504.94754644019633
416.4472855629106,416.4472855629106,418.4511234585996,414.61038161168455,504.94754644019633
416.4472855629106,416.4472855629106,416.9015966306239,414.47961425459545,504.94754644019633
416.4472855629106,416.4472855629106,414.7492419962916,414.0716948296426,504.94754644019633
416.4472855629106,416.4472855629106,413.53748169898154,413.828502689086,504.94754644019633
416.4472855629106,416.4472855629106,411.32143090601846,413.3110228661257,504.94754644019633
416.4472855629106,416.4472855629106,410.7023985061467,412.9863548705949,504.94754644019633
416.4472855629106,416.4472855629106,411.44806221887745,412.9513955186865,504.94754644019633
416.4472855629106,416.4472855629106,411.2557607315466,412.31871184948477,504.94754644019633
416.4472855629106,416.4472855629106,410.97284318391576,412.20967984999567,504.94754644019633
416.4472855629106,416.4472855629106,410.5720702707501,412.50967946548496,504.94754644019633
416.4472855629106,416.4472855629106,410.8423022297514,413.07316625019945,504.94754644019633
416.4472855629106,416.4472855629106,410.1154392922319,412.8302294372326,504.94754644019633
416.4472855629106,416.4472855629106,411.2340223369927,412.853666170883,504.94754644019633
416.4472855629106,416.4472855629106,411.7428120368101,412.8938415067758,504.94754644019633
416.4472855629106,416.4472855629106,411.6941498556195,412.5482387840632,504.94754644019633
416.4472855629106,416.4472855629106,410.9836554459269,412.57555121462525,504.94754644019633
416.4472855629106,416.4472855629106,410.6590779773933,412.6288269217405,504.94754644019633
416.4472855629106,416.4472855629106,412.44359409068045,412.8361784426688,504.94754644019633
416.4472855629106,416.4472855629106,412.48765921171963,413.12264997852066,504.94754644019633
416.4472855629106,416.4472855629106,412.4458654882771,413.3656442735667,504.94754644019633
416.4472855629106,416.4472855629106,412.8139220422473,413.4123301905203,504.94754644019633
416.4472855629106,416.4472855629106,413.4885671361054,413.8204546061236,504.94754644019633
416.4472855629106,416.4472855629106,413.27182262003964,414.107778203649,504.94754644019633
416.4472855629106,416.4472855629106,411.18967256590787,414.07675264499727,504.94754644019633
416.4472855629106,416.4472855629106,411.70771475457167,414.1799874762993,504.94754644019633
416.4472855629106,416.4472855629106,413.2180192213693,414.48167476322817,504.94754644019633
416.4472855629106,416.4472855629106,413.75102047790904,414.8736305927625,504.94754644019633
416.4472855629106,416.4472855629106,412.3801483362622,414.64214740555076,504.94754644019633
416.4472855629106,416.4472855629106,411.85142845686977,414.37015484001984,504.94754644019633
416.4472855629106,416.4472855629106,410.854191815515,414.0978639484341,504.94754644019633
416.4472855629106,416.4472855629106,410.88161608680196,414.2466762692927,504.94754644019633
416.4472855629106,416.4472855629106,409.82946041708664,414.2566033729659,504.94754644019633
416.4472855629106,416.4472855629106,409.17878605003915,414.34520279024036,504.94754644019633
416.4472855629106,416.4472855629106,409.04240823832265,414.28743412811656,504.94754644019633
416.4472855629106,416.4472855629106,407.8080974576497,413.99241575444006,504.94754644019633
416.4472855629106,416.4472855629106,407.8590114072291,414.1528947824409,504.94754644019633
416.4472855629106,416.4472855629106,405.48493405882544,413.7364809444445,504.94754644019633
416.4472855629106,416.4472855629106,407.56584570161095,414.27777661965644,504.94754644019633
416.4472855629106,416.4472855629106,407.92962628397703,413.57876265807715,504.94754644019633
416.4472855629106,416.4472855629106,407.930769577407,412.6709173916403,504.94754644019633
416.4472855629106,416.4472855629106,408.37396159175296,412.27258508183064,504.94754644019633
416.4472855629106,416.4472855629106,407.08739153204243,411.4844910016181,504.94754644019633
416.4472855629106,416.4472855629106,408.1987025019297,411.32651510105853,504.94754644019633
416.4472855629106,416.4472855629106,408.865518862524,410.8755786805093,504.94754644019633
416.4472855629106,416.4472855629106,409.9589662423056,410.49807184323305,504.94754644019633
416.4472855629106,416.4472855629106,407.24644605426084,410.00190612698657,504.94754644019633
416.4472855629106,416.4472855629106,409.0307230066173,410.0747635479245,504.94754644019633
416.4472855629106,416.4472855629106,407.7666693596554,410.2824036439511,504.94754644019633
416.4472855629106,416.4472855629106,407.98102712737574,410.24451685277154,504.94754644019633
416.4472855629106,416.4472855629106,407.51448877931017,409.8634771862518,504.94754644019633
416.4472855629106,416.4472855629106,405.80739386284984,409.7438391626807,504.94754644019633
416.4472855629106,416.4472855629106,406.52448710637316,409.409069096768,504.94754644019633
416.4472855629106,416.4472855629106,405.0913684348671,409.39494038877376,504.94754644019633
416.4472855629106,416.4472855629106,405.4083785704403,409.2497580548011,504.94754644019633
416.4472855629106,416.4472855629106,405.74834850472854,409.3834553629751,504.94754644019633
416.4472855629106,416.4472855629106,407.4437472086687,409.350175867491,504.94754644019633
416.4472855629106,416.4472855629106,407.0673400701907,409.1986191181872,504.94754644019633
416.4472855629106,416.4472855629106,407.33166522679096,409.49758454299996,504.94754644019633
416.4472855629106,416.4472855629106,407.7016568993474,409.59027959585796,504.94754644019633
416.4472855629106,416.4472855629106,409.5836987385882,409.66580287981947,504.94754644019633
416.4472855629106,416.4472855629106,410.2716689531808,409.62971250736666,504.94754644019633
416.4472855629106,416.4472855629106,409.66083923432655,409.3181490851868,504.94754644019633
416.4472855629106,416.4472855629106,408.8325630651983,408.9146485344148,504.94754644019633
416.4472855629106,416.4472855629106,409.76126692352557,408.85344903214406,504.94754644019633
416.4472855629106,416.4472855629106,409.23163678171016,408.8909527481932,504.94754644019633
416.4472855629106,416.4472855629106,409.6397169478062,409.0813881678669,504.94754644019633
416.4472855629106,416.4472855629106,408.98780185693374,408.8643638940953,504.94754644019633
416.4472855629106,416.4472855629106,408.25855765904817,408.66057725667355,504.94754644019633
416.4472855629106,416.4472855629106,406.258599746995,408.34446770291294,504.94754644019633
416.4472855629106,416.4472855629106,404.25864183494195,408.0283581491523,504.94754644019633
416.4472855629106,416.4472855629106,403.38209796244394,407.74334769140586,504.94754644019633
416.4472855629106,416.4472855629106,403.8043540233929,407.38130646264443,504.94754644019633
416.4472855629106,416.4472855629106,404.2266100843418,407.10560602727526,504.94754644019633
416.4472855629106,416.4472855629106,402.81353516156366,407.1782215512752,504.94754644019633
416.4472855629106,416.4472855629106,402.77700013946674,407.10480982517214,504.94754644019633
416.4472855629106,416.4472855629106,401.4908738400824,406.7359590916094,504.94754644019633
416.4472855629106,416.4472855629106,399.9901472181869,406.1121892421508,504.94754644019633
416.4472855629106,416.4472855629106,397.92601740822647,405.76975107106637,504.94754644019633
416.4472855629106,416.4472855629106,400.04993021647584,405.98416805483424,504.94754644019633
416.4472855629106,416.4472855629106,401.3521371225165,406.12794721055275,504.94754644019633
416.4472855629106,416.4472855629106,401.41799339890747,405.850623153827,504.94754644019633
416.4472855629106,416.4472855629106,401.4838496752984,405.7121843142866,504.94754644019633
416.4472855629106,416.4472855629106,401.54970595168936,405.5797900076052,504.94754644019633
416.4472855629106,416.4472855629106,402.65425198397014,405.9005903004047,504.94754644019633
416.4472855629106,416.4472855629106,403.817632316997,406.30671679704176,504.94754644019633
416.4472855629106,416.4472855629106,405.4659454091884,406.2573458920014,504.94754644019633
416.4472855629106,416.4472855629106,408.11372411817655,406.6379472540211,504.94754644019633
416.4472855629106,416.4472855629106,410.29389381826525,406.3153606943973,504.94754644019633
416.4472855629106,416.4472855629106,410.74003645421,406.5462500888809,504.94754644019633
416.4472855629106,416.4472855629106,411.7362109790007,406.88903549087155,504.94754644019633
416.4472855629106,416.4472855629106,410.99210010426015,406.3742508563285,504.94754644019633
416.4472855629106,416.4472855629106,411.12836731858835,406.5203794715959,504.94754644019633
416.4472855629106,416.4472855629106,412.0475833628696,406.34956617979316,504.94754644019633
416.4472855629106,416.4472855629106,412.1494333247491,406.5573731928497,504.94754644019633
416.4472855629106,416.4472855629106,411.80142131085705,406.67520781075194,504.94754644019633
416.4472855629106,416.4472855629106,410.50157989336776,406.9083726598227,504.94754644019633
416.4472855629106,416.4472855629106,409.47686843856116,406.72717634040987,504.94754644019633
416.4472855629106,416.4472855629106,409.64172166683295,406.69037115583274,504.94754644019633
416.4472855629106,416.4472855629106,408.888452736198,406.7277352106453,504.94754644019633
416.4472855629106,416.4472855629106,408.29433030916204,407.0450037968419,504.94754644019633
416.4472855629106,416.4472855629106,409.14042976001076,407.04085803576066,504.94754644019633
