Average Episodic Reward,Average Episodic N-Reward,Avg Reward (last 10),Avg Reward (last 50),Best Reward
-263.4405989240159,-263.4405989240159,-211.45760778035745,-211.45760778035745,-211.45760778035745
-260.9657996609418,-260.9657996609418,-201.06723865992365,-201.06723865992365,-190.67686953948987
-251.78423496171524,-251.78423496171524,-205.47137630934205,-205.47137630934205,-190.67686953948987
-264.3256138785792,-264.3256138785792,-237.68141859862808,-237.68141859862808,-190.67686953948987
-267.0276920256021,-267.0276920256021,-234.5032616979052,-234.5032616979052,-190.67686953948987
-262.1514939411762,-262.1514939411762,-235.06330691664186,-235.06330691664186,-190.67686953948987
-266.6874223263551,-266.6874223263551,-245.12904868145066,-245.12904868145066,-190.67686953948987
-262.1092030724712,-262.1092030724712,-242.11117936720552,-242.11117936720552,-190.67686953948987
-267.1537884013353,-267.1537884013353,-248.32527634506854,-248.32527634506854,-190.67686953948987
-261.4779920673618,-261.4779920673618,-239.70326136060567,-239.70326136060567,-162.10512650043964
-262.697771292988,-262.697771292988,-241.934255112071,-239.16365080918794,-162.10512650043964
-256.375204502168,-256.375204502168,-255.71178228934482,-246.60435835110798,-162.10512650043964
-264.05704996621427,-264.05704996621427,-267.1521526598484,-252.91812734819314,-162.10512650043964
-267.8357178701181,-267.8357178701181,-255.97676947901064,-250.74952637032993,-162.10512650043964
-261.9360924361683,-261.9360924361683,-256.44790314962097,-249.1330226657157,-162.10512650043964
-269.2208392018375,-269.2208392018375,-257.1012672794833,-248.83703214341773,-162.10512650043964
-262.4608288196773,-262.4608288196773,-254.2971231420152,-250.5220336582533,-162.10512650043964
-264.61194873315725,-264.61194873315725,-249.07946748085934,-245.98245054145764,-162.10512650043964
-265.4739003773718,-265.4739003773718,-241.92585934417372,-244.95716213407127,-162.10512650043964
-266.44018826033005,-266.44018826033005,-255.24954144178577,-247.47640140119574,-162.10512650043964
-261.2588118910637,-261.2588118910637,-261.4069816599407,-249.75571311907026,-162.10512650043964
-271.57881009709706,-271.57881009709706,-249.16927553735337,-247.77022979940136,-162.10512650043964
-270.6216053124743,-270.6216053124743,-245.83513475368787,-249.8385653505822,-162.10512650043964
-270.77044541954524,-270.77044541954524,-254.66649006067078,-252.38159457463863,-162.10512650043964
-260.5577470057715,-260.5577470057715,-264.10628562465973,-255.12232784929333,-162.10512650043964
-241.00004846548032,-241.00004846548032,-261.66691431016096,-253.7716022075498,-162.10512650043964
-188.27288499905725,-188.27288499905725,-252.86380345027334,-251.38935580344594,-162.10512650043964
-180.09831382001616,-180.09831382001616,-261.28118534288404,-251.44628439910997,-162.10512650043964
-180.9410654819429,-180.9410654819429,-257.88680335589254,-249.41565910711316,-162.10512650043964
-183.89325488661416,-183.89325488661416,-250.82758530014758,-248.5934627008464,-162.10512650043964
-187.49692324586192,-187.49692324586192,-242.18285198949042,-247.31285469017354,-162.10512650043964
-187.81850334697364,-187.81850334697364,-237.84933696373682,-244.6699507882562,-162.10512650043964
-176.13188296988784,-176.13188296988784,-226.91390158478197,-242.89169754276395,-162.10512650043964
-178.23428536696622,-178.23428536696622,-217.98877030142245,-242.26605802369272,-162.10512650043964
-183.86757635754358,-183.86757635754358,-211.25787885589375,-242.58962813689342,-162.10512650043964
-180.8139494618576,-180.8139494618576,-208.13627968325514,-241.09512372857904,-162.10512650043964
-180.09486429375988,-180.09486429375988,-203.7491161571104,-238.51361535849037,-145.57931403529867
-174.24955859343387,-174.24955859343387,-189.2474257668582,-235.07816370641208,-107.96645257951616
-175.4871998356566,-175.4871998356566,-191.48314946072318,-234.56116945419262,-107.96645257951616
-185.79387202552266,-185.79387202552266,-186.87327780591255,-233.1634164771129,-107.96645257951616
-185.40456603781058,-185.40456603781058,-182.72671861087673,-231.56013857327184,-107.96645257951616
-194.50411774059972,-194.50411774059972,-182.76284714700057,-229.93016420700482,-107.96645257951616
-204.67664260518671,-204.67664260518671,-183.8013609210877,-229.1497587935369,-107.96645257951616
-201.67365427951222,-201.67365427951222,-182.2456232872689,-228.62505012905092,-107.96645257951616
-196.6834853618845,-196.6834853618845,-172.90646578055686,-227.1044809465964,-107.96645257951616
-192.52251332948074,-192.52251332948074,-170.31293036310018,-225.70769038825753,-107.96645257951616
-187.1823464757087,-187.1823464757087,-175.41189679523467,-225.08771779184022,-107.96645257951616
-181.29062337439314,-181.29062337439314,-185.49632771225546,-224.7486145409628,-107.96645257951616
-179.53049470743605,-179.53049470743605,-185.78560054309196,-224.6069717172333,-107.96645257951616
-175.3239193412663,-175.3239193412663,-187.73150899893793,-224.0770349814779,-107.96645257951616
-170.73677726302293,-170.73677726302293,-188.0142914146139,-223.2530197573986,-107.96645257951616
-166.0509896573481,-166.0509896573481,-190.01768376658362,-223.1021851408039,-107.96645257951616
-162.20908972915214,-162.20908972915214,-187.40662994299757,-222.22183597248076,-107.96645257951616
-163.8063520296915,-163.8063520296915,-186.04402190163185,-219.38433500600092,-107.96645257951616
-157.97765725852096,-157.97765725852096,-183.74440130361518,-217.69258694286927,-107.96645257951616
-159.43370953714373,-159.43370953714373,-178.73530615534173,-215.19053955826826,-107.96645257951616
-170.86499183494988,-170.86499183494988,-180.03340349865618,-213.27106860865794,-107.96645257951616
-162.68088268268758,-162.68088268268758,-174.21485373698758,-211.86385200796897,-107.96645257951616
-160.4185263963619,-160.4185263963619,-169.26240318493006,-209.26876317776234,-107.96645257951616
-170.4846520172558,-170.4846520172558,-163.15272200508585,-208.7669271103739,-107.96645257951616
-160.7156230942535,-160.7156230942535,-157.43089818137815,-206.35234837125998,-107.96645257951616
-154.8615997233296,-154.8615997233296,-158.66186570473008,-203.6922018238809,-107.96645257951616
-154.82030595088986,-154.82030595088986,-150.70119402421446,-198.93164424535397,-90.65547638686724
-153.28165782271478,-153.28165782271478,-148.29512045244957,-197.8480052006887,-90.65547638686724
-164.37005623432663,-164.37005623432663,-148.86386215019098,-196.17577874298328,-90.65547638686724
-158.8672203414298,-158.8672203414298,-149.50610615253504,-193.6715073328786,-90.65547638686724
-155.7394925017147,-155.7394925017147,-140.75075642674756,-190.5617952656044,-90.65547638686724
-153.79729581941737,-153.79729581941737,-142.10704207448143,-190.46936692669337,-90.65547638686724
-157.3428310599203,-157.3428310599203,-143.48890994260688,-189.58137329744892,-90.65547638686724
-160.20779884691117,-160.20779884691117,-141.74760695103956,-186.0665402122247,-90.65547638686724
-155.33655485408457,-155.33655485408457,-143.02767830030012,-182.6764876993318,-90.65547638686724
-163.5969393479944,-163.5969393479944,-141.50116065048388,-182.158578846507,-90.65547638686724
-166.04815013876592,-166.04815013876592,-152.51685500612982,-180.26798829584234,-90.65547638686724
-161.2240350835086,-161.2240350835086,-148.33134933336893,-176.5809770552284,-90.65547638686724
-170.93001106249594,-170.93001106249594,-148.0736150160679,-172.96924462126495,-90.65547638686724
-160.93822522898915,-160.93822522898915,-149.89277307314035,-171.3166790854745,-90.65547638686724
-160.0897610460459,-160.0897610460459,-146.35999923810863,-169.26103442317148,-86.66871618159573
-167.06202380423787,-167.06202380423787,-143.1914837050384,-166.8514265991242,-86.66871618159573
-171.35609973961343,-171.35609973961343,-141.79187358516091,-166.36238734330263,-86.66871618159573
-170.3773722817237,-170.3773722817237,-148.64100396870657,-165.62922394593647,-86.66871618159573
-162.2072329398674,-162.2072329398674,-154.115313960489,-165.0629800935316,-86.66871618159573
-174.82409400891072,-174.82409400891072,-157.62491689804986,-166.11369483336958,-86.66871618159573
-175.53437897692453,-175.53437897692453,-155.00719820121014,-165.88664761912796,-86.66871618159573
-289.7186792381729,-289.7186792381729,-166.54749826478778,-166.2927226479014,-86.66871618159573
-290.0801118524251,-290.0801118524251,-175.64610034535676,-165.84688891915755,-86.66871618159573
-288.7035332402687,-288.7035332402687,-184.71928498351824,-166.63328014552712,-86.66871618159573
-293.6178206985374,-293.6178206985374,-198.16975852150338,-168.1451628960501,-86.66871618159573
-289.83617490473966,-289.83617490473966,-207.43171863770038,-170.48828517329267,-86.66871618159573
-292.70677223529293,-292.70677223529293,-215.67520659126112,-171.20079876941017,-86.66871618159573
-294.2993619259765,-294.2993619259765,-221.81210005045494,-172.61698839484495,-86.66871618159573
-294.2574563880138,-294.2574563880138,-235.82584169388429,-175.68280471013307,-86.66871618159573
-290.15676449012955,-290.15676449012955,-237.80899808694898,-177.12292502135926,-86.66871618159573
-294.741312760885,-294.741312760885,-244.2704591703594,-177.9804672689823,-86.66871618159573
-291.48405340119314,-291.48405340119314,-252.02033882537938,-180.2476657555235,-86.66871618159573
-296.21457217764566,-296.21457217764566,-254.5719027147706,-182.17997630600033,-86.66871618159573
-298.0059791169611,-298.0059791169611,-265.9509177015267,-185.76087761321244,-86.66871618159573
-310.89982153641796,-310.89982153641796,-280.54716115100587,-189.17221576720434,-86.66871618159573
-307.40930848137134,-307.40930848137134,-286.1109744131143,-190.61121451346446,-86.66871618159573
-313.4600305253003,-313.4600305253003,-288.9259401411674,-191.82886668902526,-86.66871618159573
-313.41155898158377,-313.41155898158377,-288.99062748172963,-192.8688120914033,-86.66871618159573
-311.73123874585383,-311.73123874585383,-289.0454696874821,-195.88904036470674,-86.66871618159573
-317.11221269649405,-317.11221269649405,-292.46208331286186,-197.61180493061494,-86.66871618159573
-313.21637966815933,-313.21637966815933,-299.225489199879,-200.34423912035854,-86.66871618159573
-306.69834747238286,-306.69834747238286,-300.7502244959272,-203.18890627438256,-86.66871618159573
-303.76495332526605,-303.76495332526605,-303.9379958122345,-206.21869520772415,-86.66871618159573
-302.0884685528974,-302.0884685528974,-300.3507323410184,-210.08396285034775,-86.66871618159573
-299.35550012141135,-299.35550012141135,-290.92949846448846,-211.35143476037072,-86.66871618159573
-297.6704960347775,-297.6704960347775,-288.46652327088606,-213.46154842024407,-86.66871618159573
-302.590792917454,-302.590792917454,-295.7978590100966,-217.13595785405857,-86.66871618159573
-304.6976284216034,-304.6976284216034,-300.4731336805924,-220.33289442650465,-86.66871618159573
-302.31810972455935,-302.31810972455935,-295.29221659924576,-223.46130404828028,-86.66871618159573
-311.69884891052016,-311.69884891052016,-302.9081068105156,-226.461053151772,-86.66871618159573
-305.37950419244754,-305.37950419244754,-308.53352571669257,-231.91070545885412,-86.66871618159573
-295.90119447865266,-295.90119447865266,-301.8507102202633,-233.90002422794532,-86.66871618159573
-296.73282354474117,-296.73282354474117,-302.0094515161136,-236.8478130809087,-86.66871618159573
-294.7027097904032,-294.7027097904032,-301.41784992562896,-240.46631160496653,-86.66871618159573
-302.7750444741456,-302.7750444741456,-309.1615019414584,-245.03358386331297,-86.66871618159573
-301.2161796273025,-301.2161796273025,-309.317989192034,-246.9037378437546,-86.66871618159573
-300.5334306675314,-300.5334306675314,-302.83029176612945,-249.0042342187631,-86.66871618159573
-303.4855084993905,-303.4855084993905,-299.98848013535576,-251.98106906336787,-86.66871618159573
-309.03165990249795,-309.03165990249795,-304.1953301841868,-255.6948344250576,-86.66871618159573
-298.85264965661247,-298.85264965661247,-300.56267866896326,-258.2733567554679,-86.66871618159573
-304.790322849854,-304.790322849854,-298.87584644363244,-261.18250374635466,-86.66871618159573
-307.44344087435087,-307.44344087435087,-305.6523237965071,-265.36421912057295,-86.66871618159573
-300.25254469056983,-300.25254469056983,-304.7097710008806,-268.1750442778712,-86.66871618159573
-309.7344329874088,-309.7344329874088,-304.3222784332012,-271.3522126769787,-86.66871618159573
-307.4564287279187,-307.4564287279187,-298.4110247322034,-275.44378896213186,-86.66871618159573
-304.2745874022184,-304.2745874022184,-302.96063218818944,-278.8575675403848,-86.66871618159573
-305.86869735366577,-305.86869735366577,-306.4160789194004,-281.92907528561096,-86.66871618159573
-303.817501136749,-303.817501136749,-310.74933092041874,-284.4027344537103,-86.66871618159573
-311.55123294524236,-311.55123294524236,-316.79514041990103,-288.23079971694006,-86.66871618159573
-311.64350475414574,-311.64350475414574,-313.86003245750226,-289.52037986735843,-86.66871618159573
-315.5677125819627,-315.5677125819627,-309.3640382007227,-292.0538717462572,-86.66871618159573
-311.1940742670828,-311.1940742670828,-307.4574882733664,-293.5462171222887,-86.66871618159573
-306.56086514628754,-306.56086514628754,-305.4779499492095,-294.14141419864177,-86.66871618159573
-315.7258923155132,-315.7258923155132,-309.2834964709765,-296.26505497447033,-86.66871618159573
-312.1991589816618,-312.1991589816618,-312.22738341806127,-298.25531394144343,-86.66871618159573
-316.8102102612679,-316.8102102612679,-315.4939049925935,-300.4700048113634,-86.66871618159573
-315.58509431074845,-315.58509431074845,-314.4187914704995,-301.67779226145865,-86.66871618159573
-316.60538462976194,-316.60538462976194,-317.60895057871625,-303.5621045593626,-86.66871618159573
-323.83676394317695,-323.83676394317695,-308.8977046544225,-302.84517230904765,-86.66871618159573
-317.6368322880584,-317.6368322880584,-309.6657202174398,-303.89172429345655,-86.66871618159573
-320.5496059517032,-320.5496059517032,-313.9182166348829,-305.98342323916194,-86.66871618159573
-327.5738751176355,-327.5738751176355,-318.1007516481946,-306.76229968685175,-86.66871618159573
-328.9972195475766,-328.9972195475766,-321.73157813318664,-307.57334928232495,-86.66871618159573
-326.42911140813965,-326.42911140813965,-321.08559989674075,-307.2919914135132,-86.66871618159573
-324.2051653481805,-324.2051653481805,-315.33352053273484,-305.2125858177893,-86.66871618159573
-330.1738765655987,-330.1738765655987,-316.03591677054163,-306.45499328284893,-86.66871618159573
-332.1295946115437,-332.1295946115437,-313.4555305985028,-306.5837103529258,-86.66871618159573
-328.08060444502246,-328.08060444502246,-309.3443148482909,-307.63284203267483,-86.66871618159573
-331.8671113474253,-331.8671113474253,-311.529193726184,-307.34191711678807,-86.66871618159573
-333.2170422073131,-333.2170422073131,-317.64604961853837,-308.92851755459185,-86.66871618159573
-334.8600439370795,-334.8600439370795,-314.00327769016565,-308.93898093721924,-86.66871618159573
-334.7060815077333,-334.7060815077333,-309.4995833121692,-308.51217145010014,-86.66871618159573
-332.2904591545246,-332.2904591545246,-310.73366616647064,-308.9324833531722,-86.66871618159573
-333.4068143675107,-333.4068143675107,-310.18472012544964,-309.25878897039945,-86.66871618159573
-332.35916110968515,-332.35916110968515,-316.2169839735833,-310.2700829196082,-86.66871618159573
-333.0984823528452,-333.0984823528452,-314.25045782405346,-311.6117801934824,-86.66871618159573
-336.7292002620215,-336.7292002620215,-318.1223060941181,-311.04859976973006,-86.66871618159573
-333.1215806073141,-333.1215806073141,-322.03075167053936,-311.94436563066415,-86.66871618159573
-334.17196816886195,-334.17196816886195,-325.3981274716093,-313.36309929126077,-86.66871618159573
-335.5630032776164,-335.5630032776164,-322.73598740284194,-312.8940936730571,-86.66871618159573
-334.9267158609234,-334.9267158609234,-326.02658804804884,-312.43759340349055,-86.66871618159573
-334.6585298554411,-334.6585298554411,-325.717394065112,-313.28550821906987,-86.66871618159573
-336.5840553165144,-336.5840553165144,-331.59043018472335,-314.84867908689415,-86.66871618159573
-334.8922041546212,-334.8922041546212,-337.26819110528805,-316.42885720633126,-86.66871618159573
-336.7450743202498,-336.7450743202498,-341.1708990305656,-316.67196233742965,-86.66871618159573
-336.63809369641535,-336.63809369641535,-344.3252810080218,-318.61323855667996,-86.66871618159573
-336.49606699924766,-336.49606699924766,-349.4702443679073,-320.37659029008563,-86.66871618159573
-334.69349401532776,-334.69349401532776,-351.80395983386444,-322.30746157036594,-86.66871618159573
-335.6867375153758,-335.6867375153758,-351.45863167510583,-322.81575958944455,-86.66871618159573
-334.5663609727369,-334.5663609727369,-353.08729821834066,-323.39901758293263,-86.66871618159573
-334.8904372721722,-334.8904372721722,-353.379542449313,-323.33833260462666,-86.66871618159573
-334.7586887936806,-334.7586887936806,-356.919541058198,-323.53895167140803,-86.66871618159573
-336.5668336799813,-336.5668336799813,-355.4375241194921,-324.9942297106164,-86.66871618159573
-335.97726267411826,-335.97726267411826,-352.1867718711179,-326.0017558939146,-86.66871618159573
-335.34491329248516,-335.34491329248516,-347.0410774517026,-326.39797288132945,-86.66871618159573
-335.50476076692365,-335.50476076692365,-347.49590391149906,-327.5202929013419,-86.66871618159573
-335.0817749743256,-335.0817749743256,-343.4407350520933,-327.7815215166242,-86.66871618159573
-334.6895415135226,-334.6895415135226,-340.6212285670971,-328.2818410997016,-86.66871618159573
-335.0494116620585,-335.0494116620585,-341.33145908499023,-327.7230233224624,-86.66871618159573
-335.00785033372,-335.00785033372,-341.209536043877,-328.8689183002075,-86.66871618159573
-334.98645226989385,-334.98645226989385,-341.165450733539,-329.69861511118984,-86.66871618159573
-334.8457706850729,-334.8457706850729,-339.58827937616195,-329.96510989196713,-86.66871618159573
-334.78907680022525,-334.78907680022525,-340.599049878016,-332.01844969637773,-86.66871618159573
-334.98411865077804,-334.98411865077804,-341.7512624092781,-332.495309081575,-86.66871618159573
-334.9686662921777,-334.9686662921777,-344.58689706208173,-332.8698756101336,-86.66871618159573
-334.98325774474046,-334.98325774474046,-344.50409874458796,-333.32233165174074,-86.66871618159573
-334.96483444158474,-334.96483444158474,-344.18912568242047,-333.7355883590083,-86.66871618159573
-334.8996801216009,-334.8996801216009,-346.35920604635527,-334.03189219322934,-86.66871618159573
-334.83692485690386,-334.83692485690386,-346.67065164360076,-335.27761272029807,-86.66871618159573
-334.8827685979535,-334.8827685979535,-347.80491122680615,-336.4967565020808,-86.66871618159573
-334.87394709970863,-334.87394709970863,-346.7664014104972,-336.26825206631275,-86.66871618159573
-334.911629098986,-334.911629098986,-345.63714974014766,-335.47238951035774,-86.66871618159573
-334.83889188396535,-334.83889188396535,-343.93697589013,-336.4595292477664,-86.66871618159573
-334.71624996593505,-334.71624996593505,-342.64178739360597,-336.80654658094795,-86.66871618159573
-334.8295347715424,-334.8295347715424,-342.2043520152223,-338.2440419066311,-86.66871618159573
-334.78886094467947,-334.78886094467947,-341.76053001346133,-338.4672543003247,-86.66871618159573
-334.7537950224902,-334.7537950224902,-343.95717598932885,-339.83591743717363,-86.66871618159573
-334.8647561505659,-334.8647561505659,-344.15254528689786,-340.9935382809508,-86.66871618159573
-334.81928079785166,-334.81928079785166,-342.9189541638975,-341.55556480784077,-86.66871618159573
-334.7416875883506,-334.7416875883506,-340.9553421342459,-341.1586150052223,-86.66871618159573
-334.6151829878881,-334.6151829878881,-341.28666481685684,-341.72492949165104,-86.66871618159573
-334.72421422450157,-334.72421422450157,-345.27704007218244,-342.6278808623605,-86.66871618159573
-334.6005929433468,-334.6005929433468,-344.4442631923927,-343.2016486529509,-86.66871618159573
-334.7955015463184,-334.7955015463184,-344.2809059175491,-343.62578373936776,-86.66871618159573
-334.79701945273644,-334.79701945273644,-345.2629800306052,-344.05324111803543,-86.66871618159573
-334.78257632406303,-334.78257632406303,-343.5888355966034,-344.3349298548347,-86.66871618159573
-334.9151004155278,-334.9151004155278,-342.0774794946906,-344.6269521172881,-86.66871618159573
-334.78401423962737,-334.78401423962737,-340.44211731480164,-344.6758114098032,-86.66871618159573
-334.86612448740516,-334.86612448740516,-341.0764218673154,-344.6912236869819,-86.66871618159573
-334.8698985391765,-334.8698985391765,-342.5595176904661,-345.1233210627472,-86.66871618159573
-334.86145626109743,-334.86145626109743,-344.2554200830182,-345.3706958986449,-86.66871618159573
-334.580959320663,-334.580959320663,-341.5249979991121,-345.7894016491605,-86.66871618159573
-334.56385052440373,-334.56385052440373,-340.5199319830423,-344.98754901261464,-86.66871618159573
-334.50751311732233,-334.50751311732233,-340.67722305976974,-344.30759013026415,-86.66871618159573
-334.4895979614692,-334.4895979614692,-341.5838971860984,-344.135840749142,-86.66871618159573
-334.54928979089345,-334.54928979089345,-342.01500665246675,-343.87287498372376,-86.66871618159573
-334.52460314962997,-334.52460314962997,-342.3648981841489,-343.2058828805364,-86.66871618159573
-334.55257469933275,-334.55257469933275,-342.8840378509559,-342.8918270132215,-86.66871618159573
-334.5101664388585,-334.5101664388585,-344.55549432044586,-343.31059621605,-86.66871618159573
-334.6963344977967,-334.6963344977967,-346.19518030788186,-343.7448974806554,-86.66871618159573
-334.64211629149446,-334.64211629149446,-346.21109134949864,-343.93700567868206,-86.66871618159573
-334.72765428724665,-334.72765428724665,-346.45698829639184,-343.6968910967992,-86.66871618159573
-334.7589733471463,-334.7589733471463,-347.7319257457461,-343.4464293378654,-86.66871618159573
-334.86582323147627,-334.86582323147627,-345.7428421815183,-343.0188041923443,-86.66871618159573
-334.9016869210342,-334.9016869210342,-343.40826114271397,-343.40927748734435,-86.66871618159573
-334.8380872161014,-334.8380872161014,-342.72558688476425,-342.9188115783768,-86.66871618159573
-334.93906169602747,-334.93906169602747,-343.0697766139595,-343.1316911929096,-86.66871618159573
-334.7580190231381,-334.7580190231381,-342.41038417349085,-343.2496581345003,-86.66871618159573
-334.75521789724684,-334.75521789724684,-340.94354239089733,-343.2330128772314,-86.66871618159573
-334.85183115907216,-334.85183115907216,-338.06864061973624,-343.11671839582726,-86.66871618159573
-334.8587450601453,-334.8587450601453,-338.0446142742734,-343.3128383868289,-86.66871618159573
-334.76659677893286,-334.76659677893286,-336.5872964736239,-343.0966945162916,-86.66871618159573
-334.75663166638674,-334.75663166638674,-335.4598405015783,-342.41858746257793,-86.66871618159573
-334.8805630970252,-334.8805630970252,-337.9196906111299,-342.25248983271456,-86.66871618159573
-334.921408726477,-334.921408726477,-339.4848331963884,-342.3888647142057,-86.66871618159573
-334.976789644711,-334.976789644711,-341.1633383992989,-342.25065950931895,-86.66871618159573
-334.92653466223265,-334.92653466223265,-339.9128276324154,-342.27643158290863,-86.66871618159573
-334.9371304764116,-334.9371304764116,-341.30837700423535,-342.2394923260763,-86.66871618159573
-334.76505322245396,-334.76505322245396,-343.10500408179024,-342.51988336486926,-86.66871618159573
-334.7046191180907,-334.7046191180907,-343.9839305560117,-342.35252226166835,-86.66871618159573
-334.72018183796126,-334.72018183796126,-340.61966011868174,-342.08349012846577,-86.66871618159573
-334.7654981517958,-334.7654981517958,-344.75866674997235,-342.9209979182566,-86.66871618159573
-334.9548815802033,-334.9548815802033,-346.68029000014184,-342.9672502845803,-86.66871618159573
-334.9548815802033,-334.9548815802033,-346.58319940499644,-343.0407722349927,-86.66871618159573
-334.9548815802033,-334.9548815802033,-348.0879273176462,-343.56557977469043,-86.66871618159573
-334.9548815802033,-334.9548815802033,-346.5164157840535,-343.20183666343735,-86.66871618159573
-334.9548815802033,-334.9548815802033,-347.419908062879,-342.9689779976187,-86.66871618159573
-334.9548815802033,-334.9548815802033,-346.1358455236389,-342.6361523734246,-86.66871618159573
-334.9548815802033,-334.9548815802033,-347.67840563641664,-343.4717736593731,-86.66871618159573
-334.9548815802033,-334.9548815802033,-346.89553107660174,-343.5405600501396,-86.66871618159573
-334.9548815802033,-334.9548815802033,-352.6208391794213,-344.3503250009786,-86.66871618159573
-334.9548815802033,-334.9548815802033,-353.20837873968185,-344.50726565175637,-86.66871618159573
-334.9548815802033,-334.9548815802033,-353.62698154141725,-344.80379395438524,-86.66871618159573
-334.9548815802033,-334.9548815802033,-355.4674379966219,-345.2780786508073,-86.66871618159573
-334.95486067114956,-334.95486067114956,-354.94252598686154,-345.50148896594175,-86.66871618159573
-334.9548029188859,-334.9548029188859,-355.87214478511146,-345.658498501139,-86.66871618159573
-334.9548201002272,-334.9548201002272,-355.61173230602003,-345.67582855988456,-86.66871618159573
-334.9547848018932,-334.9547848018932,-356.34596062596347,-345.81692103565683,-86.66871618159573
-334.9410579724233,-334.9410579724233,-351.5602014176494,-345.5685295694399,-86.66871618159573
-334.9341589781579,-334.9341589781579,-354.2019817283799,-345.8690528577223,-86.66871618159573
-334.9341589781579,-334.9341589781579,-348.7209244289085,-345.2434258701568,-86.66871618159573
-334.92725998389244,-334.92725998389244,-345.6835821772431,-345.3389824873826,-86.66871618159573
-334.85179800133847,-334.85179800133847,-345.01694214829547,-345.70319598743583,-86.66871618159573
-335.1553128997187,-335.1553128997187,-343.3974618335049,-345.8221264055544,-86.66871618159573
-335.0210866986961,-335.0210866986961,-341.87149430650226,-345.5590083900226,-86.66871618159573
-335.0210866986961,-335.0210866986961,-340.7846264097783,-345.41242245260133,-86.66871618159573
-335.0210866986961,-335.0210866986961,-342.664174489934,-345.7356838210415,-86.66871618159573
-335.0210866986961,-335.0210866986961,-340.96618036032936,-345.4333495375315,-86.66871618159573
-335.02019112139527,-335.02019112139527,-341.08526292805686,-344.8744832909621,-86.66871618159573
-335.01571323489094,-335.01571323489094,-338.40062737306414,-344.3101422707587,-86.66871618159573
-335.0175043894927,-335.0175043894927,-340.2339560713055,-344.04799881451805,-86.66871618159573
-335.0175043894927,-335.0175043894927,-341.6198778408449,-344.37156039627314,-86.66871618159573
-335.01392208028926,-335.01392208028926,-343.3088640870717,-344.81858365570093,-86.66871618159573
-335.01660881219186,-335.01660881219186,-342.26372431824245,-345.1263028328991,-86.66871618159573
-335.01571323489094,-335.01571323489094,-340.8371216690538,-345.0447804952904,-86.66871618159573
-335.01481765759013,-335.01481765759013,-340.7273734144125,-345.0127797585309,-86.66871618159573
-335.01213092568753,-335.01213092568753,-338.1240606602124,-344.74654063029215,-86.66871618159573
-335.01213092568753,-335.01213092568753,-339.28861756297664,-344.8089962154287,-86.66871618159573
-335.01213092568753,-335.01213092568753,-341.56203559942196,-344.9981819326669,-86.66871618159573
-335.01213092568753,-335.01213092568753,-343.8491475186952,-345.46624365055055,-86.66871618159573
-335.01213092568753,-335.01213092568753,-345.8030908808797,-345.5996941358393,-86.66871618159573
-335.01213092568753,-335.01213092568753,-343.15683243034516,-345.6854675876174,-86.66871618159573
-335.01213092568753,-335.01213092568753,-342.01123239763353,-346.128862034912,-86.66871618159573
-335.01213092568753,-335.01213092568753,-341.39353555116287,-345.8210718209058,-86.66871618159573
-335.01213092568753,-335.01213092568753,-343.3038407811589,-345.8085820122445,-86.66871618159573
-335.01213092568753,-335.01213092568753,-344.48312472108677,-345.67673702288846,-86.66871618159573
-335.01213092568753,-335.01213092568753,-344.64285040638146,-345.69254518508546,-86.66871618159573
-335.01213092568753,-335.01213092568753,-346.09544510837037,-345.7664098362558,-86.66871618159573
-335.01213092568753,-335.01213092568753,-346.88195521070435,-345.7535721584499,-86.66871618159573
-335.01213092568753,-335.01213092568753,-346.2197466284242,-345.9134068650331,-86.66871618159573
-335.01213092568753,-335.01213092568753,-344.5913178288526,-346.39402567787357,-86.66871618159573
-335.01213092568753,-335.01213092568753,-345.44767553861243,-345.8232693453455,-86.66871618159573
-335.01213092568753,-335.01213092568753,-343.53372624920206,-345.49954928472397,-86.66871618159573
-335.01213092568753,-335.01213092568753,-343.9463518373499,-345.29370230737646,-86.66871618159573
-335.01213092568753,-335.01213092568753,-344.6584636146234,-345.12268927163996,-86.66871618159573
-335.01213092568753,-335.01213092568753,-342.3278599169927,-344.8390258494764,-86.66871618159573
-335.01213092568753,-335.01213092568753,-343.93197926770273,-344.9949594260501,-86.66871618159573
-335.01213092568753,-335.01213092568753,-341.13476606594656,-344.76619394471726,-86.66871618159573
-335.01213092568753,-335.01213092568753,-337.7763981324212,-343.7731706576508,-86.66871618159573
-335.01213092568753,-335.01213092568753,-336.79146281828605,-343.89259321336993,-86.66871618159573
-335.01213092568753,-335.01213092568753,-335.77590507234294,-343.02503885645785,-86.66871618159573
-335.0258577551574,-335.0258577551574,-335.31003371316285,-342.2436003400417,-86.66871618159573
-335.06703824356714,-335.06703824356714,-334.76268446290476,-341.7266898690216,-86.66871618159573
-335.1356723909167,-335.1356723909167,-333.4861582686948,-340.897446361791,-86.66871618159573
-335.14939922038656,-335.14939922038656,-330.4984635856705,-340.23387679140177,-86.66871618159573
-335.14939922038656,-335.14939922038656,-329.7117667867339,-339.6069502498009,-86.66871618159573
-335.14939922038656,-335.14939922038656,-327.636935787463,-339.4000001223387,-86.66871618159573
-335.14939922038656,-335.14939922038656,-326.2871979571158,-338.7544414109478,-86.66871618159573
-335.14939922038656,-335.14939922038656,-324.90227603750793,-338.4415855816225,-86.66871618159573
-335.14939922038656,-335.14939922038656,-323.26795198577526,-337.705787264849,-86.66871618159573
-335.0008168542754,-335.0008168542754,-321.9050534098581,-337.6618646526478,-86.66871618159573
-335.0030794514082,-335.0030794514082,-322.7042944128855,-337.64774278717016,-86.66871618159573
-335.0602180315842,-335.0602180315842,-321.77692568739394,-337.0786865768412,-86.66871618159573
-335.1833558873007,-335.1833558873007,-322.9771812095081,-336.81339023699167,-86.66871618159573
-333.3426442311302,-333.3426442311302,-323.2604179960272,-336.5116615293067,-86.66871618159573
-335.18883074224044,-335.18883074224044,-323.83176767109524,-336.21637850206423,-86.66871618159573
-335.1778395302361,-335.1778395302361,-323.9077469041455,-335.648714605181,-86.66871618159573
-333.9684260602691,-333.9684260602691,-328.10927744187336,-336.18306082725655,-86.66871618159573
-333.49194601847563,-333.49194601847563,-332.0016651514916,-336.6248660263094,-86.66871618159573
-333.2128265482967,-333.2128265482967,-330.4326172043956,-336.1121852311153,-86.66871618159573
-335.3440532845776,-335.3440532845776,-327.8137146732316,-335.17781637303307,-86.66871618159573
-337.3006942404986,-337.3006942404986,-329.68530462218763,-335.2608281434387,-86.66871618159573
-333.4050318069925,-333.4050318069925,-327.09461734128865,-333.8358372276846,-86.66871618159573
-336.7407104957706,-336.7407104957706,-323.1646651783723,-332.9935784090176,-86.66871618159573
-337.1787464529723,-337.1787464529723,-320.92871477897495,-332.529980151291,-86.66871618159573
-334.6771668001605,-334.6771668001605,-320.03280392378815,-332.07746460393935,-86.66871618159573
-336.94194926610515,-336.94194926610515,-320.65786080851717,-332.15547463484205,-86.66871618159573
-332.45406932430785,-332.45406932430785,-315.5797790826713,-331.4412931311955,-86.66871618159573
-332.69482637934743,-332.69482637934743,-311.04453428164845,-330.52136576275467,-86.66871618159573
-334.6101965632638,-334.6101965632638,-311.7058753322814,-329.68353079383246,-86.66871618159573
-333.6310948355606,-333.6310948355606,-314.0633981064209,-328.8298778181412,-86.66871618159573
-334.33729167884826,-334.33729167884826,-310.50676194206477,-328.7308140457826,-86.66871618159573
-331.21053845819864,-331.21053845819864,-315.54839584725994,-328.54326991760985,-86.66871618159573
-333.1377077640669,-333.1377077640669,-319.7687328729016,-328.66861787336535,-86.66871618159573
-332.51412298745004,-332.51412298745004,-323.9350681383038,-328.65622562271994,-86.66871618159573
-334.45925727957746,-334.45925727957746,-326.0776862068372,-328.39637690108947,-86.66871618159573
-334.55695009592887,-334.55695009592887,-324.55259842122695,-328.13742423781116,-86.66871618159573
-332.6363684648343,-332.6363684648343,-325.8162763236216,-327.38545937424567,-86.66871618159573
-334.22794961078245,-334.22794961078245,-326.2656040662613,-326.398095533866,-86.66871618159573
-332.63144885991323,-332.63144885991323,-325.86144645734595,-325.6118707596168,-86.66871618159573
-332.8012934993489,-332.8012934993489,-324.8562411522306,-324.8828624828168,-86.66871618159573
-334.92304846248555,-334.92304846248555,-325.25480753389695,-324.69224044483957,-86.66871618159573
-332.6530764575406,-332.6530764575406,-325.02466827397274,-324.841458322564,-86.66871618159573
-332.87039272649633,-332.87039272649633,-322.02112137939486,-324.2835717817743,-86.66871618159573
-334.89419890024413,-334.89419890024413,-319.0022306965778,-323.52497903911086,-86.66871618159573
-332.6614398396176,-332.6614398396176,-316.9883733362582,-323.32847958494256,-86.66871618159573
-332.9626863223294,-332.9626863223294,-316.3646325762795,-322.6239548995265,-86.66871618159573
-334.7367601340983,-334.7367601340983,-313.69339333938314,-321.897184828933,-86.66871618159573
-332.5396170734789,-332.5396170734789,-316.6041972918879,-322.1636553657594,-86.66871618159573
-332.5152763002893,-332.5152763002893,-320.9214552118759,-322.4378692383348,-86.66871618159573
-334.8287901072521,-334.8287901072521,-321.74604061678366,-322.076889591705,-86.66871618159573
-332.8063373204743,-332.8063373204743,-323.4083147285088,-322.3118966479087,-86.66871618159573
-332.5363828455369,-332.5363828455369,-321.38162577503545,-322.16524658499014,-86.66871618159573
-334.64224507275003,-334.64224507275003,-320.9161504980667,-321.76957022764867,-86.66871618159573
-332.8159570619323,-332.8159570619323,-322.48728681826884,-321.9227436856305,-86.66871618159573
-334.4049915943509,-334.4049915943509,-322.4773346042895,-321.88159314845365,-86.66871618159573
-332.6914860811043,-332.6914860811043,-324.0268750742465,-321.90194275688316,-86.66871618159573
-335.2702566825924,-335.2702566825924,-324.5212434771039,-321.5439939329307,-86.66871618159573
-334.4576912451524,-334.4576912451524,-323.4534845731039,-321.8738970728786,-86.66871618159573
-332.6452624555025,-332.6452624555025,-321.78799662406,-322.1418781659918,-86.66871618159573
-332.6952896491591,-332.6952896491591,-320.6243623049988,-321.82075137073315,-86.66871618159573
-334.3319297089218,-334.3319297089218,-317.88910706090905,-321.3488591775134,-86.66871618159573
-334.975826354114,-334.975826354114,-318.4637418060773,-321.5026098087268,-86.66871618159573
-332.76247245689933,-332.76247245689933,-322.7555286837754,-321.7252397225022,-86.66871618159573
-332.8265168224683,-332.8265168224683,-321.60030931340077,-321.5907219491053,-86.66871618159573
-332.8192418526817,-332.8192418526817,-321.78939405738856,-321.4731184257123,-86.66871618159573
-334.89264817977363,-334.89264817977363,-320.71636718194685,-321.26366681244343,-86.66871618159573
-332.9481566707249,-332.9481566707249,-324.5797068066985,-320.8380798058957,-86.66871618159573
-333.15671880708817,-333.15671880708817,-324.90201193594527,-320.45396642976937,-86.66871618159573
-334.89264837134846,-334.89264837134846,-320.4687174821828,-320.1490982215492,-86.66871618159573
-333.01674851153854,-333.01674851153854,-325.900048547397,-321.4380181455662,-86.66871618159573
-334.3780292376203,-334.3780292376203,-325.1470891414003,-320.44121608135595,-86.66871618159573
-334.34465478128567,-334.34465478128567,-327.1636765931775,-321.5164216591046,-86.66871618159573
-333.01178168213926,-333.01178168213926,-325.4604543018201,-322.18439754719174,-86.66871618159573
-334.90641442788416,-334.90641442788416,-324.13780454522794,-322.2325399023559,-86.66871618159573
-332.6846243103139,-332.6846243103139,-326.94484727655276,-322.8555270962653,-86.66871618159573
-334.34691777285695,-334.34691777285695,-325.41554792397375,-322.21520423553477,-86.66871618159573
-332.9113003376351,-332.9113003376351,-325.9484827259653,-322.91182053455447,-86.66871618159573
-334.95204811461315,-334.95204811461315,-322.8847576412223,-322.82201110168415,-86.66871618159573
-334.8622424168561,-334.8622424168561,-327.5599553613082,-323.3199142273546,-86.66871618159573
-333.09471417397714,-333.09471417397714,-322.7050149003949,-323.16634150436096,-86.66871618159573
-334.8204887327159,-334.8204887327159,-322.00159694803256,-322.7401830825495,-86.66871618159573
-334.8881216681256,-334.8881216681256,-320.68280930303087,-322.5433043502588,-86.66871618159573
-334.8858597632098,-334.8858597632098,-323.4437068053459,-322.91939233368066,-86.66871618159573
-334.8858597632098,-334.8858597632098,-326.46212195558803,-322.73795066581266,-86.66871618159573
-334.8858597632098,-334.8858597632098,-325.831856008174,-322.8063610565326,-86.66871618159573
-334.8858597632098,-334.8858597632098,-328.7319069014253,-323.0510659315744,-86.66871618159573
-334.8858597632098,-334.8858597632098,-328.0423419237958,-323.3570336545893,-86.66871618159573
-334.8858597632098,-334.8858597632098,-330.3631932495811,-323.6415289383481,-86.66871618159573
-334.8858597632098,-334.8858597632098,-330.63229454710614,-324.2740838453066,-86.66871618159573
-334.8858597632098,-334.8858597632098,-334.8388417245782,-325.16286161883045,-86.66871618159573
-334.8858597632098,-334.8858597632098,-339.3492405582621,-325.55906968742255,-86.66871618159573
-334.8858597632098,-334.8858597632098,-339.67105797669376,-325.47258229080296,-86.66871618159573
-334.8858597632098,-334.8858597632098,-337.59145270125555,-326.0334585980528,-86.66871618159573
-334.8876509178115,-334.8876509178115,-337.112687488107,-326.3600420241185,-86.66871618159573
-334.8903376497141,-334.8903376497141,-338.29375026670124,-327.06743644262116,-86.66871618159573
-334.89123322701494,-334.89123322701494,-338.63470658419385,-327.50508073315723,-86.66871618159573
-334.8921288043158,-334.8921288043158,-338.47529139825065,-328.3134132663629,-86.66871618159573
-334.89391995891754,-334.89391995891754,-339.3917229028878,-328.19903406054806,-86.66871618159573
-334.8948155362184,-334.8948155362184,-336.7704423636477,-327.44388127566094,-86.66871618159573
-334.8948155362184,-334.8948155362184,-335.30633326631107,-327.8749201487359,-86.66871618159573
-334.89391995891754,-334.89391995891754,-334.8539980542425,-327.8482063525693,-86.66871618159573
-334.8948155362184,-334.8948155362184,-334.8662316184365,-328.16950345948317,-86.66871618159573
-334.8948155362184,-334.8948155362184,-334.19346796457415,-328.68892209135424,-86.66871618159573
-334.8948155362184,-334.8948155362184,-334.0288967228001,-328.6683640050248,-86.66871618159573
-334.8948155362184,-334.8948155362184,-330.4638380338424,-328.6647371285318,-86.66871618159573
-334.8948155362184,-334.8948155362184,-333.76722466703154,-329.4531506517142,-86.66871618159573
-334.8948155362184,-334.8948155362184,-334.927545867707,-330.39467374448344,-86.66871618159573
-334.8948155362184,-334.8948155362184,-334.20538041205293,-330.3494132283379,-86.66871618159573
-334.8948155362184,-334.8948155362184,-335.5665999402371,-330.19960193889636,-86.66871618159573
-334.8948155362184,-334.8948155362184,-334.42386914642503,-330.6348215170212,-86.66871618159573
-334.8948155362184,-334.8948155362184,-334.2589349174463,-331.12217192387675,-86.66871618159573
-334.8948155362184,-334.8948155362184,-333.55701557776047,-331.18815821381986,-86.66871618159573
-334.8948155362184,-334.8948155362184,-333.7128269914575,-330.8803817528906,-86.66871618159573
-334.8948155362184,-334.8948155362184,-334.45110353271355,-331.23852284888727,-86.66871618159573
-334.8948155362184,-334.8948155362184,-337.37020405788786,-331.78089912863163,-86.66871618159573
-334.8948155362184,-334.8948155362184,-334.35585960795873,-332.1810491369166,-86.66871618159573
-334.8948155362184,-334.8948155362184,-332.6554999156821,-332.00983236628025,-86.66871618159573
-334.8948155362184,-334.8948155362184,-332.8970057592959,-331.948411993008,-86.66871618159573
-334.8948155362184,-334.8948155362184,-333.4286896012438,-332.79159636270856,-86.66871618159573
-334.8948155362184,-334.8948155362184,-334.6974971722684,-332.3943112419955,-86.66871618159573
-334.8948155362184,-334.8948155362184,-334.6590064482238,-333.0245553852414,-86.66871618159573
-334.8948155362184,-334.8948155362184,-336.1279283944985,-332.98100857408406,-86.66871618159573
-334.8948155362184,-334.8948155362184,-336.3908458971575,-333.06646007195815,-86.66871618159573
-334.8948155362184,-334.8948155362184,-338.3455413683904,-334.0800702135198,-86.66871618159573
-334.8948155362184,-334.8948155362184,-340.17625426429123,-334.4271805261793,-86.66871618159573
-334.8948155362184,-334.8948155362184,-340.97373752919736,-335.29268705796136,-86.66871618159573
-334.8948155362184,-334.8948155362184,-342.73934898547634,-335.36800561818234,-86.66871618159573
-334.8948155362184,-334.8948155362184,-344.6168589849393,-336.2948322617514,-86.66871618159573
-334.8948155362184,-334.8948155362184,-346.5749354559813,-336.5945923816432,-86.66871618159573
-334.8948155362184,-334.8948155362184,-346.74889149604826,-337.2030865611261,-86.66871618159573
-334.8948155362184,-334.8948155362184,-347.17310701060694,-338.0588573977563,-86.66871618159573
-334.8948155362184,-334.8948155362184,-347.87405976495734,-338.4192586664693,-86.66871618159573
-334.8948155362184,-334.8948155362184,-349.5698604090906,-338.291690792707,-86.66871618159573
-334.8930243816167,-334.8930243816167,-347.1641143333273,-338.2204686890676,-86.66871618159573
-334.8885464951124,-334.8885464951124,-345.5395172320416,-338.36871277095287,-86.66871618159573
-334.8858597632098,-334.8858597632098,-344.2427783234206,-338.3948613423604,-86.66871618159573
-334.8858597632098,-334.8858597632098,-340.766443561517,-337.91282594572664,-86.66871618159573
-334.8858597632098,-334.8858597632098,-338.1910579180686,-337.860405195449,-86.66871618159573
-334.8858597632098,-334.8858597632098,-334.21573434604875,-337.3112803414317,-86.66871618159573
-334.8858597632098,-334.8858597632098,-333.76110067205343,-336.98753835062126,-86.66871618159573
-334.8858597632098,-334.8858597632098,-332.4937293967669,-336.68775516545725,-86.66871618159573
-334.8858597632098,-334.8858597632098,-332.8585625475294,-337.0567595806365,-86.66871618159573
-334.8858597632098,-334.8858597632098,-332.90312550480945,-337.3540253534179,-86.66871618159573
-334.8858597632098,-334.8858597632098,-333.01593541018144,-337.40111827348255,-86.66871618159573
-334.8858597632098,-334.8858597632098,-333.87830761867804,-337.4856242413482,-86.66871618159573
-334.8858597632098,-334.8858597632098,-336.3322303259974,-337.93436609072114,-86.66871618159573
-334.8858597632098,-334.8858597632098,-339.7326538411549,-338.1642984343075,-86.66871618159573
-334.8858597632098,-334.8858597632098,-342.41994293755545,-338.46604920238246,-86.66871618159573
-334.8858597632098,-334.8858597632098,-341.79678084599163,-338.3165480379005,-86.66871618159573
-334.8858597632098,-334.8858597632098,-344.0013572842329,-338.7265431542057,-86.66871618159573
-334.8858597632098,-334.8858597632098,-346.96487042025666,-339.1099296386601,-86.66871618159573
-334.8858597632098,-334.8858597632098,-347.1412905808545,-339.51177137312004,-86.66871618159573
-334.8858597632098,-334.8858597632098,-346.11326245411834,-339.7379842513266,-86.66871618159573
-334.8858597632098,-334.8858597632098,-346.5650827147349,-339.9083554718696,-86.66871618159573
-334.8858597632098,-334.8858597632098,-345.00156977277413,-340.3931705891346,-86.66871618159573
-334.8858597632098,-334.8858597632098,-344.8656541936096,-340.1540519960368,-86.66871618159573
-334.8858597632098,-334.8858597632098,-345.2754806052458,-340.2338853818153,-86.66871618159573
-334.8858597632098,-334.8858597632098,-343.03368004514164,-340.23170912900025,-86.66871618159573
-334.8858597632098,-334.8858597632098,-347.98638395919227,-340.8005048416916,-86.66871618159573
-334.8858597632098,-334.8858597632098,-344.39039043806116,-340.71984741253283,-86.66871618159573
-334.8858597632098,-334.8858597632098,-342.5337511627067,-340.7648928877122,-86.66871618159573
-334.8858597632098,-334.8858597632098,-340.4737911784667,-340.8951264932613,-86.66871618159573
-334.8858597632098,-334.8858597632098,-338.1610100946284,-340.6276208719608,-86.66871618159573
-334.8858597632098,-334.8858597632098,-337.5672497824324,-340.53158472181326,-86.66871618159573
-334.8858597632098,-334.8858597632098,-338.90246077198356,-340.69962193195374,-86.66871618159573
-334.8858597632098,-334.8858597632098,-338.1779416541835,-340.91846840528177,-86.66871618159573
-334.8858597632098,-334.8858597632098,-336.9721955724507,-341.0972245131689,-86.66871618159573
-334.8858597632098,-334.8858597632098,-336.7630350602111,-341.00491498918325,-86.66871618159573
-334.8858597632098,-334.8858597632098,-333.2897957376135,-340.7727260689655,-86.66871618159573
-334.8858597632098,-334.8858597632098,-334.49225326662093,-340.6787986314033,-86.66871618159573
-334.8858597632098,-334.8858597632098,-336.1338209081579,-341.059855779699,-86.66871618159573
-334.8858597632098,-334.8858597632098,-336.75182059994404,-341.01990493435034,-86.66871618159573
-334.8858597632098,-334.8858597632098,-338.8423216121072,-341.11791601495077,-86.66871618159573
-334.8858597632098,-334.8858597632098,-340.07541470625836,-340.8775593893869,-86.66871618159573
-334.8858597632098,-334.8858597632098,-339.45401481175264,-340.5551740414461,-86.66871618159573
-334.8876509178115,-334.8876509178115,-339.27044042703983,-340.5778089848502,-86.66871618159573
-334.90982911186745,-334.90982911186745,-338.3152347927879,-340.2124016746313,-86.66871618159573
-334.9398562631655,-334.9398562631655,-339.91176785906475,-340.0638967640083,-86.66871618159573
-334.98489699011253,-334.98489699011253,-341.6962161692875,-339.7969822116267,-86.66871618159573
-335.0449512927087,-335.0449512927087,-342.95119145178097,-339.9192586225499,-86.66871618159573
-334.8894420724132,-334.8894420724132,-341.7151320412659,-339.9682607858308,-86.66871618159573
-334.8858597632098,-334.8858597632098,-342.9012085708736,-340.0253346955337,-86.66871618159573
-334.894912231112,-334.894912231112,-345.235943171216,-340.2511325673759,-86.66871618159573
-334.9748589853113,-334.9748589853113,-345.4956632911015,-340.5438691809418,-86.66871618159573
-335.04575521834937,-335.04575521834937,-344.6430470909295,-340.3758800132236,-86.66871618159573
-335.0211811980017,-335.0211811980017,-344.8418081749457,-340.69761495515525,-86.66871618159573
-335.0211811980017,-335.0211811980017,-347.9012636466853,-341.63936569166486,-86.66871618159573
-335.0211811980017,-335.0211811980017,-348.3866018687343,-342.1030055541414,-86.66871618159573
-334.0093855519755,-334.0093855519755,-351.51836744924714,-343.2575088322664,-86.66871618159573
-333.15287031924476,-333.15287031924476,-350.93584394370987,-343.35420727688114,-86.66871618159573
-335.031752375099,-335.031752375099,-349.48766192284177,-343.3670472910458,-86.66871618159573
-332.61458053863845,-332.61458053863845,-351.8702909939494,-343.8276803848177,-86.66871618159573
-335.03896646519854,-335.03896646519854,-348.5903536603986,-343.3885781984937,-86.66871618159573
-335.0389676937664,-335.0389676937664,-348.1761337758652,-343.5759088540784,-86.66871618159573
-335.03217748126843,-335.03217748126843,-349.255905067819,-343.45139950305173,-86.66871618159573
-335.032179658393,-335.032179658393,-348.6553139300797,-343.1622316759716,-86.66871618159573
-335.03444210224654,-335.03444210224654,-345.68117495217354,-342.8290699138686,-86.66871618159573
-335.0231280579088,-335.0231280579088,-342.19953638259597,-342.05892424314953,-86.66871618159573
-335.0231280579088,-335.0231280579088,-337.203136603914,-342.33877998385077,-86.66871618159573
-335.0231280579088,-335.0231280579088,-338.1046352510909,-342.17486287025275,-86.66871618159573
-335.0231280579088,-335.0231280579088,-340.67967551554335,-342.1100083101031,-86.66871618159573
-335.0231280579088,-335.0231280579088,-337.6507740591395,-341.9295770804747,-86.66871618159573
-335.0231280579088,-335.0231280579088,-337.15429696251584,-341.5967851001733,-86.66871618159573
-335.0231280579088,-335.0231280579088,-340.9305687350477,-342.4490060581411,-86.66871618159573
-335.0231280579088,-335.0231280579088,-342.5362684739463,-342.9583392432862,-86.66871618159573
-335.0231280579088,-335.0231280579088,-344.53225667051856,-343.09555217135346,-86.66871618159573
-335.0231280579088,-335.0231280579088,-349.41741243172436,-343.6574562791643,-86.66871618159573
-335.0231280579088,-335.0231280579088,-354.31955007452245,-344.31609824902574,-86.66871618159573
-335.0231280579088,-335.0231280579088,-356.062124291944,-343.9539280504012,-86.66871618159573
-335.0231280579088,-335.0231280579088,-354.4767632688786,-344.19213743641626,-86.66871618159573
-335.0231280579088,-335.0231280579088,-355.04092548319016,-344.61144317419974,-86.66871618159573
-335.0231280579088,-335.0231280579088,-356.32096756901467,-345.09901235858416,-86.66871618159573
-335.0231280579088,-335.0231280579088,-358.08242210812784,-345.58106750287305,-86.66871618159573
-335.0231280579088,-335.0231280579088,-356.77493626968874,-346.29054335559226,-86.66871618159573
-335.0231280579088,-335.0231280579088,-356.13838107735216,-346.40552330435986,-86.66871618159573
-335.0231280579088,-335.0231280579088,-353.81896923835535,-346.2237576881878,-86.66871618159573
-335.0231280579088,-335.0231280579088,-347.01805511434793,-345.6666281875438,-86.66871618159573
-335.0231280579088,-335.0231280579088,-342.1734995131004,-345.3981911396035,-86.66871618159573
-335.0231280579088,-335.0231280579088,-343.3926498210595,-345.97449886709046,-86.66871618159573
-335.0231280579088,-335.0231280579088,-343.3449681440809,-345.9626804119083,-86.66871618159573
-335.05315520920686,-335.05315520920686,-340.513159603257,-345.48731091321963,-86.66871618159573
-335.17326381439904,-335.17326381439904,-335.6304180692611,-344.87473185244767,-86.66871618159573
-335.17326381439904,-335.17326381439904,-332.3186272955181,-344.2763286395553,-86.66871618159573
-335.15953698492916,-335.15953698492916,-327.629882497133,-343.8014369137672,-86.66871618159573
-335.17326381439904,-335.17326381439904,-325.6803788830479,-343.650796118619,-86.66871618159573
-335.14581015545923,-335.14581015545923,-326.89051160527276,-343.7477719238344,-86.66871618159573
-335.17326381439904,-335.17326381439904,-329.56169832225635,-343.9159208934375,-86.66871618159573
-335.14581015545923,-335.14581015545923,-333.7898657561207,-344.17381071901474,-86.66871618159573
-335.17326381439904,-335.17326381439904,-333.57971573893315,-344.3511987810195,-86.66871618159573
-335.17326381439904,-335.17326381439904,-335.37850045711826,-344.44814221297565,-86.66871618159573
-335.15953698492916,-335.15953698492916,-336.43418180148353,-344.43112086526315,-86.66871618159573
-335.17326381439904,-335.17326381439904,-339.9944884138187,-344.2933878210367,-86.66871618159573
-335.15953698492916,-335.15953698492916,-342.99414795407677,-343.82796959612745,-86.66871618159573
-335.15953698492916,-335.15953698492916,-346.18791134766235,-343.9398865250794,-86.66871618159573
-335.15953698492916,-335.15953698492916,-347.9603145065237,-344.31424960173786,-86.66871618159573
-335.17326381439904,-335.17326381439904,-345.1791558996619,-343.8152414687777,-86.66871618159573
-335.17326381439904,-335.17326381439904,-345.52546179334206,-343.4407605227688,-86.66871618159573
-335.15953698492916,-335.15953698492916,-344.79628084963076,-343.45574651519405,-86.66871618159573
-335.17326381439904,-335.17326381439904,-344.661680061742,-342.97986130351865,-86.66871618159573
-335.17326381439904,-335.17326381439904,-341.9148248093863,-342.64393838611113,-86.66871618159573
-335.15953698492916,-335.15953698492916,-340.6906859395014,-342.671725668595,-86.66871618159573
-335.17326381439904,-335.17326381439904,-340.17904230093677,-341.95513808243413,-86.66871618159573
-335.17326381439904,-335.17326381439904,-339.01475096617935,-341.91284905728355,-86.66871618159573
-335.17326381439904,-335.17326381439904,-338.7741279163821,-342.0594853531828,-86.66871618159573
-335.17326381439904,-335.17326381439904,-337.12551827859886,-341.8881722438938,-86.66871618159573
-335.17415939169985,-335.17415939169985,-338.0237533790526,-341.6889293585723,-86.66871618159573
-335.18221958740764,-335.18221958740764,-338.0570395676974,-341.9159334458737,-86.66871618159573
-335.18221958740764,-335.18221958740764,-337.5543544643323,-342.52671013154134,-86.66871618159573
-335.18221958740764,-335.18221958740764,-332.31405712979466,-342.0020454086946,-86.66871618159573
-335.18221958740764,-335.18221958740764,-333.9259940981339,-341.80821015551965,-86.66871618159573
-335.18221958740764,-335.18221958740764,-335.7629654561167,-341.6883836567098,-86.66871618159573
-335.18221958740764,-335.18221958740764,-335.16591460891425,-341.4581661923891,-86.66871618159573
-335.18221958740764,-335.18221958740764,-337.4356471609919,-341.96911909697883,-86.66871618159573
-335.18221958740764,-335.18221958740764,-336.5058088774359,-341.17453338166047,-86.66871618159573
-335.18221958740764,-335.18221958740764,-336.28737587061244,-340.63839372322695,-86.66871618159573
-335.18221958740764,-335.18221958740764,-337.350759180281,-340.2526298605247,-86.66871618159573
-335.18221958740764,-335.18221958740764,-336.37705977257576,-339.3078629140439,-86.66871618159573
-335.18221958740764,-335.18221958740764,-335.8966345897111,-338.84212703457905,-86.66871618159573
-335.18221958740764,-335.18221958740764,-339.3037217009274,-338.6503648904914,-86.66871618159573
-335.18221958740764,-335.18221958740764,-339.23051550091543,-338.75896060192696,-86.66871618159573
-335.18221958740764,-335.18221958740764,-337.6958374261011,-338.21936604529196,-86.66871618159573
-335.18221958740764,-335.18221958740764,-337.8697985702354,-337.7679323926332,-86.66871618159573
-335.18221958740764,-335.18221958740764,-336.84658340427006,-337.7219513562072,-86.66871618159573
-333.8223730604515,-333.8223730604515,-335.38019279251847,-336.89558468622636,-86.66871618159573
-333.73801280546513,-333.73801280546513,-334.8880704285484,-336.38833159346626,-86.66871618159573
-333.78032000901186,-333.78032000901186,-336.6927054574843,-336.82737710435043,-86.66871618159573
-333.9311440739268,-333.9311440739268,-339.184243074617,-337.7411005060977,-86.66871618159573
-335.2863311886112,-335.2863311886112,-341.45480763792324,-338.69838865954364,-86.66871618159573
-332.8620671647531,-332.8620671647531,-342.41304901086,-338.4544447284515,-86.66871618159573
-333.02051812676973,-333.02051812676973,-339.090151624896,-337.90799729809004,-86.66871618159573
-333.4823593949503,-333.4823593949503,-336.9980346513751,-337.5163410549156,-86.66871618159573
-332.9323908627037,-332.9323908627037,-332.9343186459535,-337.22871250797175,-86.66871618159573
-333.0569661274882,-333.0569661274882,-329.0574202089523,-337.0697099388941,-86.66871618159573
-333.75151814315467,-333.75151814315467,-327.746777111418,-336.9189636090834,-86.66871618159573
-332.81830178860736,-332.81830178860736,-328.1626639226139,-336.8847886013794,-86.66871618159573
-333.1302288378354,-333.1302288378354,-322.3246970651374,-335.9142141963234,-86.66871618159573
-334.94896245309445,-334.94896245309445,-317.09713328250757,-335.24818749814796,-86.66871618159573
-333.4541067451236,-333.4541067451236,-316.815278093095,-335.30347112693846,-86.66871618159573
-332.8520385389019,-332.8520385389019,-315.0565999124516,-334.74982156315514,-86.66871618159573
-333.61987569648846,-333.61987569648846,-314.78889896190356,-333.7900769990471,-86.66871618159573
-334.2016637484102,-334.2016637484102,-316.9083427413642,-333.61117324289177,-86.66871618159573
-333.29717452005355,-333.29717452005355,-321.2526038305213,-333.48033559131227,-86.66871618159573
-332.92616332466656,-332.92616332466656,-319.2697029579593,-332.3248209396706,-86.66871618159573
-334.0705574079322,-334.0705574079322,-316.6961387266823,-331.0206090848874,-86.66871618159573
-332.9323908627037,-332.9323908627037,-316.4505005153365,-330.58282580314204,-86.66871618159573
-333.6792143537397,-333.6792143537397,-315.3766269220671,-329.9537084008045,-86.66871618159573
-333.73801280546513,-333.73801280546513,-316.9196966870974,-329.5270344768991,-86.66871618159573
-335.17326381439904,-335.17326381439904,-316.3191397744317,-329.6080429118987,-86.66871618159573
-335.17326381439904,-335.17326381439904,-315.71397604578095,-328.9602807599629,-86.66871618159573
-335.1046296670495,-335.1046296670495,-317.06301584715754,-328.8197152066013,-86.66871618159573
-335.0359955197,-335.0359955197,-316.33123536315685,-328.73928312762274,-86.66871618159573
-335.04136898350515,-335.04136898350515,-316.8940910057114,-328.8233453322672,-86.66871618159573
-335.0431601381069,-335.0431601381069,-322.2659224649498,-328.9750552394247,-86.66871618159573
-335.0449512927087,-335.0449512927087,-326.97578706743127,-328.6609409150972,-86.66871618159573
-335.0449512927087,-335.0449512927087,-327.11497260878724,-328.58071666917965,-86.66871618159573
-335.0449512927087,-335.0449512927087,-332.52830479386097,-328.8546186837661,-86.66871618159573
-335.0449512927087,-335.0449512927087,-334.2243702539908,-328.7605006141577,-86.66871618159573
-335.0449512927087,-335.0449512927087,-329.92253769475803,-328.0816795579838,-86.66871618159573
-335.0449512927087,-335.0449512927087,-330.51401844667237,-328.60027302333845,-86.66871618159573
-335.0449512927087,-335.0449512927087,-330.3714411361292,-328.1088046142003,-86.66871618159573
-335.0449512927087,-335.0449512927087,-333.5023115218349,-328.2871523407664,-86.66871618159573
-335.0449512927087,-335.0449512927087,-331.6747521265943,-328.12511283580324,-86.66871618159573
-335.0449512927087,-335.0449512927087,-331.8537077528094,-327.85866735778814,-86.66871618159573
-335.0449512927087,-335.0449512927087,-332.04727769554637,-327.7692346787193,-86.66871618159573
-335.0449512927087,-335.0449512927087,-332.0405053407033,-327.7313425631979,-86.66871618159573
-335.0449512927087,-335.0449512927087,-329.6475240602935,-327.3139716597687,-86.66871618159573
-335.0449512927087,-335.0449512927087,-327.86666084114074,-327.0584208278707,-86.66871618159573
-335.0449512927087,-335.0449512927087,-328.1767905975076,-326.53771075954313,-86.66871618159573
-335.0449512927087,-335.0449512927087,-327.45699380362794,-326.2309274438786,-86.66871618159573
-335.0449512927087,-335.0449512927087,-328.17185874603,-325.89707326322326,-86.66871618159573
-335.0449512927087,-335.0449512927087,-324.5557112164246,-325.65912709883116,-86.66871618159573
-335.0449512927087,-335.0449512927087,-323.7907838476714,-325.3093098912903,-86.66871618159573
-335.0449512927087,-335.0449512927087,-320.3161612819401,-324.5525829333222,-86.66871618159573
-335.0449512927087,-335.0449512927087,-318.2564749037858,-324.3444911009728,-86.66871618159573
-335.0449512927087,-335.0449512927087,-317.66258681357795,-324.28624584020383,-86.66871618159573
-335.0449512927087,-335.0449512927087,-319.7479148862056,-323.9250135455129,-86.66871618159573
-335.0449512927087,-335.0449512927087,-319.0892188369896,-323.0394159803452,-86.66871618159573
-335.0449512927087,-335.0449512927087,-320.62522493809513,-322.3717942195775,-86.66871618159573
-335.0449512927087,-335.0449512927087,-321.75003115837444,-322.09832387338145,-86.66871618159573
-335.0449512927087,-335.0449512927087,-322.036031866291,-322.48624931150226,-86.66871618159573
-335.0449512927087,-335.0449512927087,-323.28522354061863,-322.91656487667984,-86.66871618159573
-335.0449512927087,-335.0449512927087,-323.8198756948716,-323.486421301074,-86.66871618159573
-335.0449512927087,-335.0449512927087,-328.0127387138393,-324.3436466342996,-86.66871618159573
-335.0449512927087,-335.0449512927087,-330.74834382747696,-324.94480444418457,-86.66871618159573
-335.0449512927087,-335.0449512927087,-330.65765231814345,-324.7852435193097,-86.66871618159573
-335.0449512927087,-335.0449512927087,-328.95176583432084,-325.25042729934955,-86.66871618159573
-335.0449512927087,-335.0449512927087,-332.0391668109055,-326.0278226860248,-86.66871618159573
-335.0449512927087,-335.0449512927087,-329.7830725497283,-324.9653531109041,-86.66871618159573
-335.0449512927087,-335.0449512927087,-327.7083324415629,-324.6286703792037,-86.66871618159573
-335.0449512927087,-335.0449512927087,-325.039117511494,-324.53629302142036,-86.66871618159573
-335.0449512927087,-335.0449512927087,-326.5237510298465,-324.8396465343763,-86.66871618159573
-335.0449512927087,-335.0449512927087,-327.47341820510087,-324.73058417598986,-86.66871618159573
-335.0449512927087,-335.0449512927087,-326.5203185742768,-325.7937697575631,-86.66871618159573
-335.0449512927087,-335.0449512927087,-328.2055107703719,-327.24667885292246,-86.66871618159573
-335.0449512927087,-335.0449512927087,-329.995694557788,-327.49428232779997,-86.66871618159573
-335.0449512927087,-335.0449512927087,-329.60769106161104,-328.0966401272584,-86.66871618159573
-335.0449512927087,-335.0449512927087,-331.28356139329463,-328.90059562726424,-86.66871618159573
-335.0449512927087,-335.0449512927087,-333.47487954891034,-328.3965010657999,-86.66871618159573
-335.0449512927087,-335.0449512927087,-337.9410712609093,-329.07408942222946,-86.66871618159573
-335.0449512927087,-335.0449512927087,-342.0013264348555,-329.52395513895993,-86.66871618159573
-335.0449512927087,-335.0449512927087,-341.16838242460204,-329.8070759466653,-86.66871618159573
-335.0449512927087,-335.0449512927087,-342.36726607950607,-329.82521919074884,-86.66871618159573
-335.0449512927087,-335.0449512927087,-343.59012806535554,-330.05861087764424,-86.66871618159573
-335.0449512927087,-335.0449512927087,-342.25654131158313,-330.3028297017528,-86.66871618159573
-335.0449512927087,-335.0449512927087,-342.74605322389027,-330.6204984508206,-86.66871618159573
-335.0449512927087,-335.0449512927087,-344.1078496495728,-330.4125490984008,-86.66871618159573
-335.0449512927087,-335.0449512927087,-342.84697761305466,-330.62511709907704,-86.66871618159573
-335.0449512927087,-335.0449512927087,-344.9228485992704,-331.3965632467023,-86.66871618159573
-335.0449512927087,-335.0449512927087,-342.2203738209859,-331.41536049709214,-86.66871618159573
-335.0449512927087,-335.0449512927087,-340.8378856220138,-331.6172440361369,-86.66871618159573
-335.0449512927087,-335.0449512927087,-339.2231328152652,-330.95124020535144,-86.66871618159573
-335.0449512927087,-335.0449512927087,-338.2823969651964,-331.1467481584693,-86.66871618159573
-335.0449512927087,-335.0449512927087,-338.13274728045474,-331.3144187831733,-86.66871618159573
-335.0449512927087,-335.0449512927087,-337.02858801513526,-331.2990917656706,-86.66871618159573
-335.0449512927087,-335.0449512927087,-335.6999795055683,-331.35239328379356,-86.66871618159573
-335.0449512927087,-335.0449512927087,-335.60541903622254,-331.60412809358655,-86.66871618159573
-335.0449512927087,-335.0449512927087,-335.25627947814735,-332.1030408264783,-86.66871618159573
-335.0449512927087,-335.0449512927087,-335.34995355253756,-332.8311958377084,-86.66871618159573
-335.0449512927087,-335.0449512927087,-339.03244701649174,-333.73045113966486,-86.66871618159573
-335.0449512927087,-335.0449512927087,-341.32315610627745,-334.24750350818636,-86.66871618159573
-335.0449512927087,-335.0449512927087,-342.9040877235808,-334.6209155067827,-86.66871618159573
-335.0449512927087,-335.0449512927087,-342.8280859193801,-334.954208572811,-86.66871618159573
-335.0449512927087,-335.0449512927087,-341.7796998372306,-335.6071264942314,-86.66871618159573
-335.0449512927087,-335.0449512927087,-341.49930763620245,-335.9476583121539,-86.66871618159573
-335.0449512927087,-335.0449512927087,-341.9798965003823,-336.21585522115447,-86.66871618159573
-335.0449512927087,-335.0449512927087,-342.2760583335322,-336.1097567830519,-86.66871618159573
-335.0449512927087,-335.0449512927087,-342.32227626820134,-336.74965231272074,-86.66871618159573
-335.0449512927087,-335.0449512927087,-339.67423438162854,-336.640997726415,-86.66871618159573
-335.0449512927087,-335.0449512927087,-337.5725957498787,-336.89496405796575,-86.66871618159573
-335.0449512927087,-335.0449512927087,-339.0273857659363,-337.64577428811543,-86.66871618159573
-335.0449512927087,-335.0449512927087,-340.3102238328567,-338.0259155652303,-86.66871618159573
-335.0449512927087,-335.0449512927087,-340.3441620792662,-338.25906584968993,-86.66871618159573
-335.0449512927087,-335.0449512927087,-341.24275059810026,-338.2531288710836,-86.66871618159573
-335.0449512927087,-335.0449512927087,-341.3248050231863,-338.0629505512959,-86.66871618159573
-335.0449512927087,-335.0449512927087,-341.159208783958,-338.3161665143174,-86.66871618159573
-335.0449512927087,-335.0449512927087,-341.95799275892085,-338.7110021679719,-86.66871618159573
-335.0449512927087,-335.0449512927087,-342.3351450530068,-338.80884796114094,-86.66871618159573
-335.0449512927087,-335.0449512927087,-344.321614455101,-339.5487061074896,-86.66871618159573
-335.0449512927087,-335.0449512927087,-344.00623399444225,-340.1545443685416,-86.66871618159573
-335.0449512927087,-335.0449512927087,-340.9071643191748,-340.81938364965157,-86.66871618159573
-335.0449512927087,-335.0449512927087,-340.1987956290117,-340.76092448506336,-86.66871618159573
-335.0449512927087,-335.0449512927087,-337.95942790098866,-340.35626778886757,-86.66871618159573
-335.0449512927087,-335.0449512927087,-336.305087678734,-340.21008269197506,-86.66871618159573
-335.0449512927087,-335.0449512927087,-336.7682773877288,-339.77550387476714,-86.66871618159573
-335.0449512927087,-335.0449512927087,-336.8181678459349,-339.6806611719467,-86.66871618159573
-335.0449512927087,-335.0449512927087,-334.66374214915646,-339.722212385481,-86.66871618159573
-335.0449512927087,-335.0449512927087,-333.1078555502642,-339.17370679253486,-86.66871618159573
-335.0449512927087,-335.0449512927087,-335.05683584005914,-339.8650973657194,-86.66871618159573
-335.0449512927087,-335.0449512927087,-337.1628750110348,-339.9989051185667,-86.66871618159573
-335.0449512927087,-335.0449512927087,-339.01667236734636,-340.2224528361497,-86.66871618159573
-335.0449512927087,-335.0449512927087,-340.5962151620314,-340.64649103254925,-86.66871618159573
-335.0449512927087,-335.0449512927087,-341.2486442471337,-340.132543422393,-86.66871618159573
-335.0449512927087,-335.0449512927087,-340.8621781847481,-339.66449271585356,-86.66871618159573
-335.0449512927087,-335.0449512927087,-339.29367722948166,-339.18293105834687,-86.66871618159573
-335.0449512927087,-335.0449512927087,-340.66783974124735,-339.2650184754181,-86.66871618159573
-335.0449512927087,-335.0449512927087,-343.04007911816814,-339.5086582792,-86.66871618159573
-335.0449512927087,-335.0449512927087,-344.33137154760345,-339.4705855794447,-86.66871618159573
-335.0449512927087,-335.0449512927087,-341.6811868049903,-339.2167650068633,-86.66871618159573
-335.0449512927087,-335.0449512927087,-336.24701994392547,-338.8042343431546,-86.66871618159573
-335.0449512927087,-335.0449512927087,-335.2692699666902,-339.108729705085,-86.66871618159573
-335.0449512927087,-335.0449512927087,-332.91110025432874,-339.38408452036185,-86.66871618159573
-335.0449512927087,-335.0449512927087,-334.74900232419174,-339.42586449419207,-86.66871618159573
-335.0449512927087,-335.0449512927087,-334.6069331003174,-338.9593298798261,-86.66871618159573
-335.0449512927087,-335.0449512927087,-336.6985219696741,-339.11691784925466,-86.66871618159573
-335.0449512927087,-335.0449512927087,-337.97434370850334,-339.71989131600515,-86.66871618159573
-335.0449512927087,-335.0449512927087,-340.5128561388225,-340.49014569972,-86.66871618159573
-335.0449512927087,-335.0449512927087,-343.1635695413739,-341.0520435920899,-86.66871618159573
-335.0449512927087,-335.0449512927087,-345.8332624461028,-341.3134267855763,-86.66871618159573
-335.0449512927087,-335.0449512927087,-352.93634457069,-341.58501385399427,-86.66871618159573
-335.0449512927087,-335.0449512927087,-354.20707385258436,-341.68551325434635,-86.66871618159573
-335.0449512927087,-335.0449512927087,-353.14996452999253,-341.4332598816443,-86.66871618159573
-335.0449512927087,-335.0449512927087,-354.10062087167745,-341.68037148465163,-86.66871618159573
-335.0449512927087,-335.0449512927087,-356.6005780306608,-341.9235055185122,-86.66871618159573
-335.0449512927087,-335.0449512927087,-355.2825488755077,-341.8735660971157,-86.66871618159573
-335.0449512927087,-335.0449512927087,-351.9392675665439,-341.7117655292375,-86.66871618159573
-335.0449512927087,-335.0449512927087,-348.39885543521467,-341.7147051200566,-86.66871618159573
-335.0449512927087,-335.0449512927087,-343.7566728985199,-341.3389229181537,-86.66871618159573
-335.0449512927087,-335.0449512927087,-340.59020356286607,-341.4966206218239,-86.66871618159573
-335.0449512927087,-335.0449512927087,-337.42504424238984,-341.55550355249636,-86.66871618159573
-335.0449512927087,-335.0449512927087,-336.0503070902769,-341.09009751921457,-86.66871618159573
-335.0449512927087,-335.0449512927087,-338.9777784563102,-341.16677080633497,-86.66871618159573
-335.0449512927087,-335.0449512927087,-339.28724424270985,-341.46898791734026,-86.66871618159573
-335.0449512927087,-335.0449512927087,-339.5771687482905,-341.5903891485501,-86.66871618159573
-335.0449512927087,-335.0449512927087,-341.4328779599799,-341.8951806844744,-86.66871618159573
-335.0449512927087,-335.0449512927087,-342.4830810056289,-341.9765399735716,-86.66871618159573
-335.0449512927087,-335.0449512927087,-343.16540646092164,-341.9561878604566,-86.66871618159573
-335.0449512927087,-335.0449512927087,-343.60578645460384,-341.59305119847306,-86.66871618159573
-335.0449512927087,-335.0449512927087,-344.5811728239981,-341.5485322956033,-86.66871618159573
-335.0449512927087,-335.0449512927087,-343.82075686342466,-341.5184081262929,-86.66871618159573
-335.0449512927087,-335.0449512927087,-343.73078115788337,-341.6548208869563,-86.66871618159573
-335.0359955197,-335.0359955197,-341.67014390638013,-341.4610404618086,-86.66871618159573
-335.0359955197,-335.0359955197,-340.885771111631,-342.0542565594687,-86.66871618159573
-335.0359955197,-335.0359955197,-338.8143934585608,-342.09225030451546,-86.66871618159573
-335.0359955197,-335.0359955197,-337.3643708497125,-342.01439937687115,-86.66871618159573
-335.0359955197,-335.0359955197,-337.9050366163274,-342.19391372765017,-86.66871618159573
-335.0359955197,-335.0359955197,-337.4413845915011,-342.5117163489256,-86.66871618159573
-335.0359955197,-335.0359955197,-337.2227871009876,-342.41603750861776,-86.66871618159573
-335.0359955197,-335.0359955197,-336.4007538231082,-341.817315892213,-86.66871618159573
-335.0359955197,-335.0359955197,-337.2876019766492,-341.5433535194159,-86.66871618159573
-335.0359955197,-335.0359955197,-337.9334843686436,-341.43818328721574,-86.66871618159573
-335.0359955197,-335.0359955197,-336.5009427734864,-340.6419859840996,-86.66871618159573
-335.0359955197,-335.0359955197,-335.10611556760523,-340.82575082356306,-86.66871618159573
-335.0395778289035,-335.0395778289035,-336.58092608580284,-341.2359998847265,-86.66871618159573
-335.0449512927087,-335.0449512927087,-336.0164549615525,-341.35895492328535,-86.66871618159573
-335.0449512927087,-335.0449512927087,-336.04314895399557,-341.26897557019976,-86.66871618159573
-335.0449512927087,-335.0449512927087,-336.7819096579654,-341.2600824568851,-86.66871618159573
-335.0449512927087,-335.0449512927087,-339.12386603946027,-341.37453640698914,-86.66871618159573
-335.0449512927087,-335.0449512927087,-339.285428490662,-341.33816422934746,-86.66871618159573
-335.0449512927087,-335.0449512927087,-335.53114531597805,-341.4001785938264,-86.66871618159573
-335.0449512927087,-335.0449512927087,-333.6464620445842,-341.11362170279455,-86.66871618159573
-335.0449512927087,-335.0449512927087,-336.7837432905918,-341.41651459135215,-86.66871618159573
-335.0449512927087,-335.0449512927087,-338.464670126881,-341.56888438410095,-86.66871618159573
-335.0449512927087,-335.0449512927087,-338.2006210367852,-341.95473747202016,-86.66871618159573
-335.0449512927087,-335.0449512927087,-340.27630456445974,-342.0745114422425,-86.66871618159573
-335.0449512927087,-335.0449512927087,-340.624844591952,-341.79907574688957,-86.66871618159573
-335.0449512927087,-335.0449512927087,-339.52666471664037,-341.06284417244865,-86.66871618159573
-335.0449512927087,-335.0449512927087,-339.37704017515586,-340.61723053374544,-86.66871618159573
-335.0449512927087,-335.0449512927087,-338.90251734414824,-339.9520152089565,-86.66871618159573
-335.0449512927087,-335.0449512927087,-341.2106589636836,-339.05504147242516,-86.66871618159573
-335.0449512927087,-335.0449512927087,-341.46251754472587,-338.56471044122287,-86.66871618159573
-335.0449512927087,-335.0449512927087,-340.3411134044362,-338.85474436624094,-86.66871618159573
-335.0449512927087,-335.0449512927087,-338.54065090242926,-338.45689039025126,-86.66871618159573
-335.0449512927087,-335.0449512927087,-338.8388337894076,-338.40238862376935,-86.66871618159573
-335.0449512927087,-335.0449512927087,-338.02350671007724,-338.6227030091564,-86.66871618159573
-335.0449512927087,-335.0449512927087,-337.2957794022085,-338.87037811402246,-86.66871618159573
-335.0449512927087,-335.0449512927087,-337.9142518624327,-338.9659234578923,-86.66871618159573
-335.0449512927087,-335.0449512927087,-339.3517372264349,-339.73624339932843,-86.66871618159573
-335.0449512927087,-335.0449512927087,-340.64816748608615,-339.9636079936006,-86.66871618159573
-335.0449512927087,-335.0449512927087,-340.0393117628354,-339.57789497651424,-86.66871618159573
-335.0449512927087,-335.0449512927087,-339.83234073170814,-339.3211171695091,-86.66871618159573
-335.0449512927087,-335.0449512927087,-339.85972488336927,-339.0311336516528,-86.66871618159573
-335.0449512927087,-335.0449512927087,-340.738751379165,-338.74719181754233,-86.66871618159573
-335.0449512927087,-335.0449512927087,-339.26552516716845,-338.3400599075449,-86.66871618159573
-335.0449512927087,-335.0449512927087,-337.9267413946557,-337.92147569609153,-86.66871618159573
-335.0449512927087,-335.0449512927087,-335.83619570411315,-337.54100105371936,-86.66871618159573
-335.0449512927087,-335.0449512927087,-333.8335295961743,-337.0995480849428,-86.66871618159573
-335.0449512927087,-335.0449512927087,-331.050823623154,-337.2252508330385,-86.66871618159573
-335.0449512927087,-335.0449512927087,-330.9430385043358,-337.23598112966806,-86.66871618159573
-335.0449512927087,-335.0449512927087,-333.22105479003216,-337.45795456183566,-86.66871618159573
-335.0449512927087,-335.0449512927087,-336.3132048422822,-337.8376019063888,-86.66871618159573
-335.0449512927087,-335.0449512927087,-337.8424460469796,-338.26559407977265,-86.66871618159573
-335.0449512927087,-335.0449512927087,-337.83128247062217,-338.1362940893406,-86.66871618159573
-335.0449512927087,-335.0449512927087,-339.8052051018237,-338.53822223619756,-86.66871618159573
-335.0449512927087,-335.0449512927087,-342.6659566948142,-338.98179286511186,-86.66871618159573
-335.0449512927087,-335.0449512927087,-345.612097661625,-339.08241326277886,-86.66871618159573
-335.0449512927087,-335.0449512927087,-348.4224978272638,-339.2957707320953,-86.66871618159573
-335.0449512927087,-335.0449512927087,-347.92722186396514,-339.366137785634,-86.66871618159573
-335.0449512927087,-335.0449512927087,-348.1892911387762,-339.5936885928017,-86.66871618159573
-335.0449512927087,-335.0449512927087,-349.32378880604233,-339.8651919277144,-86.66871618159573
-335.0449512927087,-335.0449512927087,-347.3408763646017,-339.7190803055804,-86.66871618159573
-335.0449512927087,-335.0449512927087,-345.6619271897938,-340.09779096303413,-86.66871618159573
-335.0449512927087,-335.0449512927087,-343.6345773987141,-339.8419864555623,-86.66871618159573
-335.0449512927087,-335.0449512927087,-341.39669793766865,-339.5013766065707,-86.66871618159573
-335.0449512927087,-335.0449512927087,-339.92028030722224,-339.7625579342459,-86.66871618159573
-335.0449512927087,-335.0449512927087,-338.44280984620536,-339.5623454412208,-86.66871618159573
-335.0449512927087,-335.0449512927087,-336.84972330827975,-339.3093334621582,-86.66871618159573
-335.0449512927087,-335.0449512927087,-336.71862104490606,-338.88508878672314,-86.66871618159573
-335.0449512927087,-335.0449512927087,-336.71236387543775,-339.0790756697568,-86.66871618159573
-335.0449512927087,-335.0449512927087,-333.9947489514979,-339.55791265481827,-86.66871618159573
-335.0449512927087,-335.0449512927087,-332.9492427551869,-339.5796364477009,-86.66871618159573
-335.0449512927087,-335.0449512927087,-332.40134897957364,-339.22131210083046,-86.66871618159573
-335.0449512927087,-335.0449512927087,-335.6482877971008,-339.2787099896063,-86.66871618159573
-335.0449512927087,-335.0449512927087,-336.0659834794771,-339.07444909510906,-86.66871618159573
-335.0449512927087,-335.0449512927087,-336.22814471541153,-338.9529259644362,-86.66871618159573
-335.0449512927087,-335.0449512927087,-334.91331994382006,-338.42004051159444,-86.66871618159573
-335.0449512927087,-335.0449512927087,-335.9236182040355,-338.5887241596372,-86.66871618159573
-335.0449512927087,-335.0449512927087,-337.2586844695706,-338.4614176456061,-86.66871618159573
-335.0449512927087,-335.0449512927087,-338.10185374371173,-338.9189429496695,-86.66871618159573
-335.0449512927087,-335.0449512927087,-339.9205945985756,-339.2998997817967,-86.66871618159573
-335.0449512927087,-335.0449512927087,-340.72635774359435,-339.4324044874746,-86.66871618159573
-335.0449512927087,-335.0449512927087,-339.8102936690867,-339.11514815376063,-86.66871618159573
-335.0449512927087,-335.0449512927087,-337.32372853310915,-339.0353255157423,-86.66871618159573
-335.0449512927087,-335.0449512927087,-338.735524922615,-339.05378732175063,-86.66871618159573
-335.0449512927087,-335.0449512927087,-337.84018547743005,-338.91626171790676,-86.66871618159573
-335.0449512927087,-335.0449512927087,-340.24854832274207,-339.0105942957011,-86.66871618159573
-335.0449512927087,-335.0449512927087,-339.8537782912376,-338.9766294453982,-86.66871618159573
-335.0449512927087,-335.0449512927087,-342.03809708247417,-338.9986896168139,-86.66871618159573
-335.0449512927087,-335.0449512927087,-338.9706905662514,-338.5834475657026,-86.66871618159573
-335.0449512927087,-335.0449512927087,-338.62017002765407,-339.01607143476036,-86.66871618159573
-335.0449512927087,-335.0449512927087,-337.8774665613388,-339.04142965340077,-86.66871618159573
-335.0449512927087,-335.0449512927087,-338.7754047273851,-338.8982841225638,-86.66871618159573
-335.0449512927087,-335.0449512927087,-341.85338009160887,-339.25825125823104,-86.66871618159573
-335.0449512927087,-335.0449512927087,-341.7562910610388,-339.55194050052467,-86.66871618159573
-335.0449512927087,-335.0449512927087,-342.7591041660898,-339.88273427219355,-86.66871618159573
-335.0449512927087,-335.0449512927087,-343.5456394789546,-340.5524830506694,-86.66871618159573
-335.0449512927087,-335.0449512927087,-341.6063550267781,-340.531194531519,-86.66871618159573
-335.0449512927087,-335.0449512927087,-340.35392286313174,-340.85930946480954,-86.66871618159573
-335.0449512927087,-335.0449512927087,-343.2004743330713,-341.0349347314497,-86.66871618159573
-335.0449512927087,-335.0449512927087,-342.62608434747466,-340.8970773462489,-86.66871618159573
-335.0449512927087,-335.0449512927087,-342.9923272785477,-340.3772541406539,-86.66871618159573
-335.0449512927087,-335.0449512927087,-345.1327976622696,-340.35635444562183,-86.66871618159573
-335.0449512927087,-335.0449512927087,-343.55829152304875,-340.4036530687164,-86.66871618159573
-335.0449512927087,-335.0449512927087,-344.1175644071577,-340.4144123615915,-86.66871618159573
-335.0449512927087,-335.0449512927087,-344.8585072943838,-340.3212443921075,-86.66871618159573
-335.0449512927087,-335.0449512927087,-343.1187152843481,-340.053806575214,-86.66871618159573
-335.0449512927087,-335.0449512927087,-344.43287051115306,-339.7332690682968,-86.66871618159573
-335.0449512927087,-335.0449512927087,-344.74137428738794,-340.22213994949414,-86.66871618159573
-335.0449512927087,-335.0449512927087,-343.95946496161866,-340.18896949601816,-86.66871618159573
-335.0449512927087,-335.0449512927087,-344.28918806687784,-339.89015719841603,-86.66871618159573
-335.0449512927087,-335.0449512927087,-344.59022704124607,-339.8271242759828,-86.66871618159573
-335.0449512927087,-335.0449512927087,-342.30924577552844,-339.6858181627687,-86.66871618159573
-335.0449512927087,-335.0449512927087,-341.5781619076238,-339.9923699704983,-86.66871618159573
-335.0449512927087,-335.0449512927087,-339.79601998723666,-340.0942767715051,-86.66871618159573
-335.0449512927087,-335.0449512927087,-338.973929386452,-340.1319742079535,-86.66871618159573
-335.0449512927087,-335.0449512927087,-338.5567917672731,-340.07660295942765,-86.66871618159573
-335.0449512927087,-335.0449512927087,-336.5785880152372,-339.67904200968826,-86.66871618159573
-335.0449512927087,-335.0449512927087,-333.49433245178,-339.57728223086895,-86.66871618159573
-335.0449512927087,-335.0449512927087,-332.6503102173126,-339.37655876439317,-86.66871618159573
-335.0449512927087,-335.0449512927087,-331.6523180667067,-339.4216710214578,-86.66871618159573
-335.0449512927087,-335.0449512927087,-332.46011041589674,-339.7292978081248,-86.66871618159573
-335.0449512927087,-335.0449512927087,-332.96957920942964,-339.79946420873995,-86.66871618159573
-335.0449512927087,-335.0449512927087,-334.0783409049499,-339.6783805920682,-86.66871618159573
-335.0449512927087,-335.0449512927087,-335.80078427000564,-340.04123692961076,-86.66871618159573
-335.0449512927087,-335.0449512927087,-335.29680236702006,-339.94570573827514,-86.66871618159573
-335.0449512927087,-335.0449512927087,-337.8722968744551,-340.6683983455547,-86.66871618159573
-335.0449512927087,-335.0449512927087,-341.0000017779077,-340.69431872446273,-86.66871618159573
-335.0449512927087,-335.0449512927087,-342.5333966672891,-340.63222467041254,-86.66871618159573
-335.0449512927087,-335.0449512927087,-343.63024191871943,-340.48223639939465,-86.66871618159573
-335.0449512927087,-335.0449512927087,-343.8874657719531,-340.2150452561333,-86.66871618159573
-335.0449512927087,-335.0449512927087,-343.61850671430733,-340.30772760226733,-86.66871618159573
-335.0449512927087,-335.0449512927087,-343.1466891389955,-340.46674330272174,-86.66871618159573
-335.0449512927087,-335.0449512927087,-342.0606205886485,-340.6257590031761,-86.66871618159573
-335.0449512927087,-335.0449512927087,-340.7347989468951,-340.44109173446685,-86.66871618159573
-335.0449512927087,-335.0449512927087,-342.59806006192537,-340.89728065517426,-86.66871618159573
-335.0449512927087,-335.0449512927087,-341.4642147563403,-340.9115316322743,-86.66871618159573
-335.0449512927087,-335.0449512927087,-342.57394423946516,-341.2383519141082,-86.66871618159573
-335.0449512927087,-335.0449512927087,-342.83403708027726,-340.7914126699732,-86.66871618159573
-335.0449512927087,-335.0449512927087,-341.98984853074387,-341.0860679922932,-86.66871618159573
-335.0449512927087,-335.0449512927087,-342.40648507496513,-340.9723082655955,-86.66871618159573
-335.0449512927087,-335.0449512927087,-342.9464646414355,-341.32152721828663,-86.66871618159573
-335.0449512927087,-335.0449512927087,-344.8832633551112,-341.68831502826686,-86.66871618159573
-335.0449512927087,-335.0449512927087,-346.53783205392045,-341.5626493956383,-86.66871618159573
-335.0449512927087,-335.0449512927087,-347.7026323308752,-341.63035998843407,-86.66871618159573
-335.0449512927087,-335.0449512927087,-346.1426895208836,-341.573997726133,-86.66871618159573
-335.0449512927087,-335.0449512927087,-344.73805157217225,-341.15001405091783,-86.66871618159573
-335.0449512927087,-335.0449512927087,-342.6595195036182,-341.44898480947626,-86.66871618159573
-335.0449512927087,-335.0449512927087,-342.3568331907959,-341.191994735506,-86.66871618159573
-335.0449512927087,-335.0449512927087,-342.85259093476714,-341.01649131263235,-86.66871618159573
-335.0449512927087,-335.0449512927087,-340.01466464083694,-340.45002432426804,-86.66871618159573
-335.0449512927087,-335.0449512927087,-335.99022560422316,-339.9211068834218,-86.66871618159573
-335.0449512927087,-335.0449512927087,-332.2768028392592,-339.1171160636648,-86.66871618159573
-335.0449512927087,-335.0449512927087,-332.15311104796973,-339.2816133006225,-86.66871618159573
-335.0449512927087,-335.0449512927087,-330.94323502916956,-338.99549411283647,-86.66871618159573
-335.0449512927087,-335.0449512927087,-332.17157607683146,-339.03661148262245,-86.66871618159573
-335.0449512927087,-335.0449512927087,-333.08644317622225,-339.14355962929267,-86.66871618159573
-335.0449512927087,-335.0449512927087,-332.49220852865324,-339.06085241297626,-86.66871618159573
-335.0449512927087,-335.0449512927087,-332.7306825439658,-338.7898563868216,-86.66871618159573
-335.0449512927087,-335.0449512927087,-333.05543091895447,-338.83568450409956,-86.66871618159573
-335.0449512927087,-335.0449512927087,-336.0217913480776,-338.796544980508,-86.66871618159573
-335.0449512927087,-335.0449512927087,-338.1649114016384,-338.6360437555003,-86.66871618159573
-335.0449512927087,-335.0449512927087,-341.20303496147824,-338.8958739008548,-86.66871618159573
-335.0449512927087,-335.0449512927087,-341.1984339174679,-339.2056677025913,-86.66871618159573
-335.0449512927087,-335.0449512927087,-341.641648864139,-339.3646198882169,-86.66871618159573
-335.0449512927087,-335.0449512927087,-341.2961439024394,-339.50105438582,-86.66871618159573
-335.0449512927087,-335.0449512927087,-341.7833821188716,-339.78887769961227,-86.66871618159573
-335.0449512927087,-335.0449512927087,-343.50347012403745,-340.4458288347364,-86.66871618159573
-335.0449512927087,-335.0449512927087,-342.7663170013128,-340.6442532967282,-86.66871618159573
-335.0449512927087,-335.0449512927087,-342.314140463657,-340.76845055336844,-86.66871618159573
-335.0449512927087,-335.0449512927087,-341.9316989141829,-340.8524211500031,-86.66871618159573
-335.0449512927087,-335.0449512927087,-343.4188955984274,-340.8278007920063,-86.66871618159573
-335.0449512927087,-335.0449512927087,-343.56608155163866,-341.0151743692966,-86.66871618159573
-335.0449512927087,-335.0449512927087,-343.4372817350727,-341.07745586861586,-86.66871618159573
-335.0449512927087,-335.0449512927087,-344.76985346448254,-341.1584337271122,-86.66871618159573
-335.0449512927087,-335.0449512927087,-343.25072959183507,-341.091839830783,-86.66871618159573
-335.0449512927087,-335.0449512927087,-341.6347669772089,-340.541371720163,-86.66871618159573
-335.0449512927087,-335.0449512927087,-339.4469613541075,-340.13522074997627,-86.66871618159573
-335.0449512927087,-335.0449512927087,-338.68620059346875,-339.87481408196413,-86.66871618159573
-335.0449512927087,-335.0449512927087,-337.4517464602787,-339.5327514616802,-86.66871618159573
-335.0449512927087,-335.0449512927087,-337.04715251067176,-339.4843584977469,-86.66871618159573
-335.0449512927087,-335.0449512927087,-336.08693130254863,-339.3214857096546,-86.66871618159573
-335.0449512927087,-335.0449512927087,-334.5281386637978,-339.291464274257,-86.66871618159573
-335.0449512927087,-335.0449512927087,-334.3542855646486,-339.53618886381594,-86.66871618159573
-335.0449512927087,-335.0449512927087,-333.44683935021897,-339.7008418077771,-86.66871618159573
-335.0449512927087,-335.0449512927087,-334.82888442972813,-339.53800470434356,-86.66871618159573
-335.0449512927087,-335.0449512927087,-335.1467946196643,-339.27788769282785,-86.66871618159573
-335.0449512927087,-335.0449512927087,-336.05361355413964,-338.8311546129112,-86.66871618159573
-335.0449512927087,-335.0449512927087,-337.1079753254538,-338.72960173099943,-86.66871618159573
-335.0449512927087,-335.0449512927087,-341.0474613613577,-339.34427402780307,-86.66871618159573
-335.0449512927087,-335.0449512927087,-344.5098813390152,-339.90503775055697,-86.66871618159573
-335.0449512927087,-335.0449512927087,-345.5380908627027,-339.839810953908,-86.66871618159573
-335.0449512927087,-335.0449512927087,-347.7973131231568,-339.8742742278662,-86.66871618159573
-335.0449512927087,-335.0449512927087,-348.1106611689057,-339.8507546868129,-86.66871618159573
-335.0449512927087,-335.0449512927087,-346.672951303619,-339.49490560232573,-86.66871618159573
-335.0449512927087,-335.0449512927087,-348.9150500046639,-340.09247680109956,-86.66871618159573
-335.0449512927087,-335.0449512927087,-348.6602664431404,-340.06233066702146,-86.66871618159573
-335.0449512927087,-335.0449512927087,-348.6143864514079,-340.0221280024691,-86.66871618159573
-335.0449512927087,-335.0449512927087,-349.04477930344547,-340.06719095352935,-86.66871618159573
-335.0449512927087,-335.0449512927087,-346.2267368872681,-340.0191032183032,-86.66871618159573
-335.0449512927087,-335.0449512927087,-342.5489810185817,-340.41190102610585,-86.66871618159573
-335.0449512927087,-335.0449512927087,-341.398751394243,-340.921516111912,-86.66871618159573
-335.0449512927087,-335.0449512927087,-339.5972879256501,-341.33837124514434,-86.66871618159573
-335.0449512927087,-335.0449512927087,-337.8440796250303,-340.988948402225,-86.66871618159573
-335.0449512927087,-335.0449512927087,-338.6509555482808,-341.0364497061481,-86.66871618159573
-335.0449512927087,-335.0449512927087,-335.2636212851354,-340.7108858427605,-86.66871618159573
-335.0449512927087,-335.0449512927087,-335.6124715896256,-340.5675363497022,-86.66871618159573
-335.0449512927087,-335.0449512927087,-333.3430780898424,-340.1923019147069,-86.66871618159573
-335.0449512927087,-335.0449512927087,-332.4401650885937,-340.00908746245494,-86.66871618159573
-335.0449512927087,-335.0449512927087,-333.0793672268648,-340.0238904798853,-86.66871618159573
-335.0449512927087,-335.0449512927087,-333.37641021938924,-339.88282480036816,-86.66871618159573
-335.0449512927087,-335.0449512927087,-334.07771614344256,-340.10407706027286,-86.66871618159573
-335.0449512927087,-335.0449512927087,-333.50964411472756,-339.7996930757942,-86.66871618159573
-335.0449512927087,-335.0449512927087,-333.4654610079626,-339.442353820324,-86.66871618159573
-335.0449512927087,-335.0449512927087,-332.98842366834776,-339.30580466698984,-86.66871618159573
-335.0449512927087,-335.0449512927087,-331.9964884353768,-338.8509547493478,-86.66871618159573
-335.0449512927087,-335.0449512927087,-331.66442783627133,-338.54374549318214,-86.66871618159573
-335.0449512927087,-335.0449512927087,-334.0808410369802,-338.3077760972955,-86.66871618159573
-335.0449512927087,-335.0449512927087,-334.187533429036,-338.2933307479995,-86.66871618159573
-335.0449512927087,-335.0449512927087,-332.51664957233044,-338.0643923016199,-86.66871618159573
-335.0449512927087,-335.0449512927087,-331.30554519558774,-337.7575940566491,-86.66871618159573
-335.0449512927087,-335.0449512927087,-330.24255652179687,-337.4688092449467,-86.66871618159573
-335.0449512927087,-335.0449512927087,-332.23557991556964,-337.5335927485804,-86.66871618159573
-335.0449512927087,-335.0449512927087,-333.61765578264993,-337.4784286298394,-86.66871618159573
-335.0449512927087,-335.0449512927087,-334.5341493758792,-337.25866384926906,-86.66871618159573
-335.0449512927087,-335.0449512927087,-336.17828584782467,-337.4364660005457,-86.66871618159573
-335.0449512927087,-335.0449512927087,-337.58913446744873,-337.73461899123004,-86.66871618159573
-335.0449512927087,-335.0449512927087,-338.4328623850789,-338.10495630348976,-86.66871618159573
-335.0449512927087,-335.0449512927087,-340.0597747369319,-338.56804557669216,-86.66871618159573
-335.0449512927087,-335.0449512927087,-341.0465769375563,-338.7833583970754,-86.66871618159573
-335.0449512927087,-335.0449512927087,-342.7754722564735,-338.9032580058094,-86.66871618159573
-335.0449512927087,-335.0449512927087,-343.8012665216912,-339.0116762887752,-86.66871618159573
-335.0449512927087,-335.0449512927087,-341.5831775237284,-338.94460052056644,-86.66871618159573
-335.0449512927087,-335.0449512927087,-342.3992233774878,-339.08741619240726,-86.66871618159573
-335.0449512927087,-335.0449512927087,-342.59703172339715,-339.0887023239048,-86.66871618159573
-335.0449512927087,-335.0449512927087,-342.898214250526,-339.0503319647053,-86.66871618159573
-335.0449512927087,-335.0449512927087,-344.6086555646745,-339.62699118023215,-86.66871618159573
-335.0449512927087,-335.0449512927087,-346.51168268745124,-340.1965701301521,-86.66871618159573
-335.0449512927087,-335.0449512927087,-345.1262847953526,-340.17170747067195,-86.66871618159573
-335.0449512927087,-335.0449512927087,-345.6368087236318,-339.70122786953027,-86.66871618159573
-335.0449512927087,-335.0449512927087,-346.137186220694,-339.22871898214527,-86.66871618159573
-335.0449512927087,-335.0449512927087,-345.95127225289406,-339.0943125668135,-86.66871618159573
-335.0449512927087,-335.0449512927087,-347.6742019208945,-338.91997828011404,-86.66871618159573
-335.0449512927087,-335.0449512927087,-345.22369596523447,-338.510023151673,-86.66871618159573
-335.0449512927087,-335.0449512927087,-343.6019855226408,-338.47450916770913,-86.66871618159573
-335.0449512927087,-335.0449512927087,-341.44817882160453,-337.5569577280935,-86.66871618159573
-335.0449512927087,-335.0449512927087,-340.70163518146006,-338.035264927896,-86.66871618159573
-335.0449512927087,-335.0449512927087,-339.82288522681904,-338.4382698852343,-86.66871618159573
-335.0449512927087,-335.0449512927087,-341.6939625574599,-338.7015441214748,-86.66871618159573
-335.0449512927087,-335.0449512927087,-342.2724702058443,-338.91037453324554,-86.66871618159573
-335.0449512927087,-335.0449512927087,-342.7563855453803,-339.27019988750493,-86.66871618159573
-335.0449512927087,-335.0449512927087,-343.89372525317896,-339.5933073386007,-86.66871618159573
-335.0449512927087,-335.0449512927087,-344.73580637175934,-339.9476819693358,-86.66871618159573
-335.0449512927087,-335.0449512927087,-348.04443363808934,-340.5500939542848,-86.66871618159573
-335.0449512927087,-335.0449512927087,-352.7613310146596,-341.29658426098496,-86.66871618159573
-335.0449512927087,-335.0449512927087,-356.11791624957317,-341.7278167209811,-86.66871618159573
-335.0449512927087,-335.0449512927087,-353.41128877604467,-341.59502836517987,-86.66871618159573
-335.0449512927087,-335.0449512927087,-352.73385675543676,-342.31642561835326,-86.66871618159573
-335.0449512927087,-335.0449512927087,-352.3857923475874,-342.69066957327357,-86.66871618159573
-335.0449512927087,-335.0449512927087,-353.18036999979296,-342.93057508783124,-86.66871618159573
-335.0449512927087,-335.0449512927087,-353.6793678237978,-343.33079140838674,-86.66871618159573
-335.0449512927087,-335.0449512927087,-354.27513890972693,-343.6327918918576,-86.66871618159573
-335.0449512927087,-335.0449512927087,-351.7919558685837,-343.6041443201071,-86.66871618159573
-335.0449512927087,-335.0449512927087,-350.05131472704977,-343.8672646981023,-86.66871618159573
-335.0449512927087,-335.0449512927087,-349.06554324481806,-344.5120081762789,-86.66871618159573
-335.0449512927087,-335.0449512927087,-349.86880598146627,-345.3022802301988,-86.66871618159573
-335.0449512927087,-335.0449512927087,-350.46400245689375,-345.35494328930434,-86.66871618159573
-335.0449512927087,-335.0449512927087,-349.93800639714834,-345.48785869038693,-86.66871618159573
-335.0449512927087,-335.0449512927087,-348.2619139188176,-345.50554567122987,-86.66871618159573
-335.0449512927087,-335.0449512927087,-345.99181703923125,-345.6256085812113,-86.66871618159573
-335.0449512927087,-335.0449512927087,-343.3326596077501,-345.736214290819,-86.66871618159573
-335.0449512927087,-335.0449512927087,-341.5885161522915,-345.9019838179565,-86.66871618159573
-335.0449512927087,-335.0449512927087,-343.8008808955641,-345.9172045161059,-86.66871618159573
-335.0449512927087,-335.0449512927087,-344.1800063153653,-345.97973480464526,-86.66871618159573
-335.0449512927087,-335.0449512927087,-342.0368255503778,-346.01254341117857,-86.66871618159573
-335.0449512927087,-335.0449512927087,-339.8223470474687,-346.0310924701277,-86.66871618159573
-335.0449512927087,-335.0449512927087,-340.3118990479688,-345.89949620540835,-86.66871618159573
-335.0449512927087,-335.0449512927087,-339.66954217657667,-345.73519464868644,-86.66871618159573
-335.0449512927087,-335.0449512927087,-340.4764173692812,-345.5888741976998,-86.66871618159573
-335.0449512927087,-335.0449512927087,-340.989696433293,-345.6142324803587,-86.66871618159573
-335.0449512927087,-335.0449512927087,-343.2257545027377,-345.826270740072,-86.66871618159573
-335.0449512927087,-335.0449512927087,-344.88264146028973,-346.11825880567613,-86.66871618159573
-335.0449512927087,-335.0449512927087,-345.3301634829446,-346.6666017079493,-86.66871618159573
-335.0449512927087,-335.0449512927087,-345.4697686160071,-346.5938438523492,-86.66871618159573
-335.0449512927087,-335.0449512927087,-344.62199174262196,-346.41753541502374,-86.66871618159573
-335.0449512927087,-335.0449512927087,-344.661509441945,-346.3837515084116,-86.66871618159573
-335.0449512927087,-335.0449512927087,-344.79006332968936,-345.9357777584114,-86.66871618159573
-335.0449512927087,-335.0449512927087,-345.3752018095561,-345.50789847310733,-86.66871618159573
-335.0449512927087,-335.0449512927087,-345.10125926836895,-345.583869092303,-86.66871618159573
-335.0449512927087,-335.0449512927087,-344.4727537120604,-345.3814214780443,-86.66871618159573
-335.0449512927087,-335.0449512927087,-347.1111912887303,-346.0210717536792,-86.66871618159573
-335.0449512927087,-335.0449512927087,-347.9491352780883,-346.51783141071513,-86.66871618159573
-335.0449512927087,-335.0449512927087,-349.99364789375926,-347.13049090252224,-86.66871618159573
-335.0449512927087,-335.0449512927087,-349.7423781102185,-347.497580281346,-86.66871618159573
-335.0449512927087,-335.0449512927087,-349.88775768129204,-347.67468984675384,-86.66871618159573
-335.0449512927087,-335.0449512927087,-349.217140417579,-347.9375438276064,-86.66871618159573
-335.0449512927087,-335.0449512927087,-349.5361726941777,-347.7026852609549,-86.66871618159573
-335.0449512927087,-335.0449512927087,-348.2759868387828,-347.19851879550015,-86.66871618159573
-335.0449512927087,-335.0449512927087,-349.35934420069884,-347.11694542095074,-86.66871618159573
-335.0449512927087,-335.0449512927087,-351.483781027851,-347.22368364244574,-86.66871618159573
-335.0449512927087,-335.0449512927087,-349.3467523864002,-347.3391451218833,-86.66871618159573
-335.0449512927087,-335.0449512927087,-350.27755069789487,-347.79459649965827,-86.66871618159573
-335.0449512927087,-335.0449512927087,-349.5470743057038,-348.09274448931103,-86.66871618159573
-335.0449512927087,-335.0449512927087,-351.79469677706004,-348.2476329091402,-86.66871618159573
-335.0449512927087,-335.0449512927087,-352.26264345908487,-347.57495233563895,-86.66871618159573
-335.0449512927087,-335.0449512927087,-352.3044673169719,-347.1748540410861,-86.66871618159573
-335.0449512927087,-335.0449512927087,-353.604446248614,-347.74131675546863,-86.66871618159573
-335.0449512927087,-335.0449512927087,-355.93289046509244,-347.8383255374313,-86.66871618159573
-335.0449512927087,-335.0449512927087,-356.7147005383249,-347.98272705909835,-86.66871618159573
-335.0449512927087,-335.0449512927087,-358.6906357898839,-348.3257368004639,-86.66871618159573
-335.0449512927087,-335.0449512927087,-358.21411123422286,-348.24609380396817,-86.66871618159573
-335.0449512927087,-335.0449512927087,-354.96474128521896,-347.93251697475665,-86.66871618159573
-335.0449512927087,-335.0449512927087,-352.53698474340405,-348.2417502642752,-86.66871618159573
-335.0449512927087,-335.0449512927087,-350.55575045337247,-348.34852005440456,-86.66871618159573
-335.0449512927087,-335.0449512927087,-350.0133786478693,-347.7645194162492,-86.66871618159573
-335.0449512927087,-335.0449512927087,-350.2556274087399,-347.2522183265409,-86.66871618159573
-335.0449512927087,-335.0449512927087,-346.6805597058289,-346.9846282052557,-86.66871618159573
-335.0449512927087,-335.0449512927087,-343.2318759874134,-346.49709945548426,-86.66871618159573
-335.0449512927087,-335.0449512927087,-341.2409808248051,-346.5785404402959,-86.66871618159573
-335.0449512927087,-335.0449512927087,-337.68220865666444,-346.6638151239506,-86.66871618159573
-335.0449512927087,-335.0449512927087,-333.08964510167164,-346.1974909027525,-86.66871618159573
-335.0449512927087,-335.0449512927087,-332.74890440170276,-346.16459462463894,-86.66871618159573
-335.0449512927087,-335.0449512927087,-332.2656606608018,-345.93470621732274,-86.66871618159573
-335.0449512927087,-335.0449512927087,-330.6797682053902,-345.6484724324096,-86.66871618159573
-335.0449512927087,-335.0449512927087,-330.17403011664464,-345.3919603295025,-86.66871618159573
-335.0449512927087,-335.0449512927087,-329.8727625469023,-345.2623014264276,-86.66871618159573
-335.0449512927087,-335.0449512927087,-331.14051929249916,-345.15035225416176,-86.66871618159573
-335.0449512927087,-335.0449512927087,-334.1406098870025,-345.3913129975694,-86.66871618159573
-335.0449512927087,-335.0449512927087,-334.585809363791,-345.40041883919776,-86.66871618159573
-335.0449512927087,-335.0449512927087,-335.4047606677853,-345.5468279708491,-86.66871618159573
-335.0449512927087,-335.0449512927087,-339.39419177476714,-345.4311783571585,-86.66871618159573
-335.0449512927087,-335.0449512927087,-339.03403573241246,-344.9948734790635,-86.66871618159573
-335.0449512927087,-335.0449512927087,-338.35600689327066,-344.53987489938794,-86.66871618159573
-335.0449512927087,-335.0449512927087,-338.92331959076625,-344.3391826273614,-86.66871618159573
-335.0449512927087,-335.0449512927087,-339.7673750192576,-344.42103698482964,-86.66871618159573
-335.0449512927087,-335.0449512927087,-338.5926371827496,-344.0485269745885,-86.66871618159573
-335.0449512927087,-335.0449512927087,-339.22572746008075,-344.03748508024006,-86.66871618159573
-335.0449512927087,-335.0449512927087,-336.9135733611494,-343.6989873078881,-86.66871618159573
-335.0449512927087,-335.0449512927087,-336.98248058844837,-343.7766631032136,-86.66871618159573
-335.0449512927087,-335.0449512927087,-337.0513878157474,-344.0625547915864,-86.66871618159573
-335.0449512927087,-335.0449512927087,-336.2434123743837,-343.25762257428914,-86.66871618159573
-335.0449512927087,-335.0449512927087,-337.63526336679604,-342.93209909680496,-86.66871618159573
-335.0449512927087,-335.0449512927087,-337.90272577353977,-342.12169047534405,-86.66871618159573
-335.0449512927087,-335.0449512927087,-340.19740132159075,-342.430187269636,-86.66871618159573
-335.0449512927087,-335.0449512927087,-343.85483178949954,-343.2144518064712,-86.66871618159573
-335.0449512927087,-335.0449512927087,-348.45559312463536,-343.8962175159998,-86.66871618159573
-335.0449512927087,-335.0449512927087,-349.92341463642106,-344.1149334686888,-86.66871618159573
-335.0449512927087,-335.0449512927087,-350.1942408959976,-344.0826381193311,-86.66871618159573
-335.0449512927087,-335.0449512927087,-348.34811421140637,-343.57441710535517,-86.66871618159573
-335.0449512927087,-335.0449512927087,-347.9242434600527,-343.3506472780267,-86.66871618159573
-335.0449512927087,-335.0449512927087,-349.9516870997113,-343.3786095169513,-86.66871618159573
-335.0449512927087,-335.0449512927087,-349.3524052389618,-342.7470700050184,-86.66871618159573
-335.0449512927087,-335.0449512927087,-349.9027872094787,-342.19283305609895,-86.66871618159573
-335.0449512927087,-335.0449512927087,-347.3997792926159,-341.5512037727471,-86.66871618159573
-335.0449512927087,-335.0449512927087,-342.11384239614847,-341.184691593884,-86.66871618159573
-335.0449512927087,-335.0449512927087,-339.5458665074596,-341.3444973540974,-86.66871618159573
-335.0449512927087,-335.0449512927087,-338.53859351103375,-341.1017629211728,-86.66871618159573
-335.0449512927087,-335.0449512927087,-340.28345842532383,-340.95275171137735,-86.66871618159573
-335.0449512927087,-335.0449512927087,-342.42006820300986,-340.7154906382922,-86.66871618159573
-335.0449512927087,-335.0449512927087,-340.3093042634536,-339.67438097274066,-86.66871618159573
-335.0449512927087,-335.0449512927087,-338.47874892807295,-339.4315370557213,-86.66871618159573
-335.0449512927087,-335.0449512927087,-338.66915422061646,-339.48795259209794,-86.66871618159573
-335.0449512927087,-335.0449512927087,-338.4730466980924,-339.3800454470366,-86.66871618159573
-335.0449512927087,-335.0449512927087,-337.8707457364625,-339.0142028293651,-86.66871618159573
-335.0449512927087,-335.0449512927087,-338.48068054702225,-338.87815197371447,-86.66871618159573
-335.0449512927087,-335.0449512927087,-336.409105071646,-338.57519288667856,-86.66871618159573
-335.0449512927087,-335.0449512927087,-334.17100721113854,-338.5998524222346,-86.66871618159573
-335.0449512927087,-335.0449512927087,-331.93290935063106,-338.6929583840208,-86.66871618159573
-335.0449512927087,-335.0449512927087,-332.73313368204697,-339.0139212097405,-86.66871618159573
-335.0449512927087,-335.0449512927087,-335.92812323171006,-339.32356388774986,-86.66871618159573
-335.0449512927087,-335.0449512927087,-334.49212821789814,-339.7120336789667,-86.66871618159573
-335.0449512927087,-335.0449512927087,-333.7188191569001,-339.68193554313746,-86.66871618159573
-335.0449512927087,-335.0449512927087,-333.8228172693631,-339.691476768749,-86.66871618159573
-335.0449512927087,-335.0449512927087,-334.7847416790379,-339.8351975240946,-86.66871618159573
-335.0449512927087,-335.0449512927087,-335.9570192086891,-340.0347497921233,-86.66871618159573
-335.0449512927087,-335.0449512927087,-337.63642792101024,-340.1279259615001,-86.66871618159573
-335.0449512927087,-335.0449512927087,-340.462697204999,-340.4642880047346,-86.66871618159573
-335.0449512927087,-335.0449512927087,-341.57087285854516,-340.1790109783295,-86.66871618159573
-335.0449512927087,-335.0449512927087,-340.01056962282826,-340.098873261548,-86.66871618159573
-335.0449512927087,-335.0449512927087,-338.880618952869,-340.0187355447665,-86.66871618159573
-335.0449512927087,-335.0449512927087,-339.96512793655495,-339.8262209113242,-86.66871618159573
-335.0449512927087,-335.0449512927087,-339.3423177397923,-339.74359194461346,-86.66871618159573
-335.0449512927087,-335.0449512927087,-337.84220036956856,-339.58871546400854,-86.66871618159573
-335.0449512927087,-335.0449512927087,-337.3358222851342,-339.5176980629683,-86.66871618159573
-335.0449512927087,-335.0449512927087,-338.1621472766734,-339.71370424360657,-86.66871618159573
-335.0449512927087,-335.0449512927087,-335.7274288588666,-339.5548842967236,-86.66871618159573
-335.0449512927087,-335.0449512927087,-332.3123722545233,-339.0816169636232,-86.66871618159573
-335.0449512927087,-335.0449512927087,-332.55569892051335,-339.30743609020226,-86.66871618159573
-335.0449512927087,-335.0449512927087,-332.828571383434,-339.2680914205451,-86.66871618159573
-335.0449512927087,-335.0449512927087,-332.6971239812277,-339.1478827778626,-86.66871618159573
-335.0449512927087,-335.0449512927087,-333.8473851832034,-339.34701547308816,-86.66871618159573
-335.0449512927087,-335.0449512927087,-337.46296458056,-339.7091321873661,-86.66871618159573
-335.0449512927087,-335.0449512927087,-337.95927725576587,-339.6000257604537,-86.66871618159573
-335.0449512927087,-335.0449512927087,-338.39762075297875,-339.1577419492458,-86.66871618159573
-335.0449512927087,-335.0449512927087,-336.4782279461937,-338.23838347494535,-86.66871618159573
-335.0449512927087,-335.0449512927087,-337.97214888022813,-337.4581954478422,-86.66871618159573
-335.0449512927087,-335.0449512927087,-339.3545247102395,-336.9678389783869,-86.66871618159573
-335.0449512927087,-335.0449512927087,-339.02637375039023,-337.0738626610808,-86.66871618159573
-335.0449512927087,-335.0449512927087,-339.72492157919567,-337.543452894103,-86.66871618159573
-335.0449512927087,-335.0449512927087,-339.9907075320783,-337.5611755922678,-86.66871618159573
-335.0449512927087,-335.0449512927087,-339.3256925308309,-337.22181655931206,-86.66871618159573
-335.0449512927087,-335.0449512927087,-338.21183291857636,-337.481017723289,-86.66871618159573
-335.0449512927087,-335.0449512927087,-338.81879189930135,-337.38322669841824,-86.66871618159573
-335.0449512927087,-335.0449512927087,-338.8381388508549,-337.4454138608936,-86.66871618159573
-335.0449512927087,-335.0449512927087,-339.4935931578791,-337.71433362729147,-86.66871618159573
-335.0449512927087,-335.0449512927087,-340.60011693296724,-337.66904553294364,-86.66871618159573
-335.0449512927087,-335.0449512927087,-341.4454993257996,-337.5492201413401,-86.66871618159573
-335.0449512927087,-335.0449512927087,-342.6125587147653,-337.539682718969,-86.66871618159573
-335.0449512927087,-335.0449512927087,-341.333277967033,-337.3260948469076,-86.66871618159573
-335.0449512927087,-335.0449512927087,-341.286518858023,-337.75661851118167,-86.66871618159573
-335.0449512927087,-335.0449512927087,-342.12001695726747,-337.950070165151,-86.66871618159573
-335.0449512927087,-335.0449512927087,-342.0736390581973,-338.1619146908052,-86.66871618159573
-335.0449512927087,-335.0449512927087,-341.44521683638914,-337.97766072607754,-86.66871618159573
-335.0449512927087,-335.0449512927087,-343.4100478541444,-338.55327428443,-86.66871618159573
-335.0449512927087,-335.0449512927087,-344.58658673218747,-338.9355148643245,-86.66871618159573
-335.0449512927087,-335.0449512927087,-345.5501445319833,-339.4972534250111,-86.66871618159573
-335.0449512927087,-335.0449512927087,-346.8863888180579,-340.0922964627238,-86.66871618159573
-335.0449512927087,-335.0449512927087,-346.895808777926,-340.532262604428,-86.66871618159573
-335.0449512927087,-335.0449512927087,-346.9699217032122,-340.1734524511405,-86.66871618159573
-335.0449512927087,-335.0449512927087,-344.35529558805774,-339.4420529824511,-86.66871618159573
-335.0449512927087,-335.0449512927087,-341.16444206506173,-339.28453293458364,-86.66871618159573
-335.0449512927087,-335.0449512927087,-340.30163124182997,-339.4784771077912,-86.66871618159573
-335.0449512927087,-335.0449512927087,-341.8949653164492,-339.5920903354948,-86.66871618159573
-335.0449512927087,-335.0449512927087,-339.9018341125666,-339.5766927711357,-86.66871618159573
-335.0449512927087,-335.0449512927087,-338.53588158844093,-339.4512873402749,-86.66871618159573
-335.0449512927087,-335.0449512927087,-336.4348932419506,-339.2569464891992,-86.66871618159573
-335.0449512927087,-335.0449512927087,-334.7230836574357,-338.94437375321127,-86.66871618159573
-335.0449512927087,-335.0449512927087,-334.6236111341782,-339.14281025955466,-86.66871618159573
-335.0449512927087,-335.0449512927087,-334.03524825125834,-338.9783881768267,-86.66871618159573
-335.0449512927087,-335.0449512927087,-336.71894543980045,-339.0097182798374,-86.66871618159573
-335.0449512927087,-335.0449512927087,-340.14204773321865,-339.3199168939164,-86.66871618159573
-335.0449512927087,-335.0449512927087,-341.2011511660445,-339.85024379304167,-86.66871618159573
-335.0449512927087,-335.0449512927087,-341.2347386797404,-340.2705979975292,-86.66871618159573
-335.0449512927087,-335.0449512927087,-341.89860896780635,-340.48925010767016,-86.66871618159573
-335.0449512927087,-335.0449512927087,-342.5310693507616,-340.3250717550925,-86.66871618159573
-335.0449512927087,-335.0449512927087,-342.90896370113694,-340.69325345765327,-86.66871618159573
-335.0449512927087,-335.0449512927087,-342.6752851056406,-341.01695632343467,-86.66871618159573
-335.0449512927087,-335.0449512927087,-341.7799655160876,-340.9876635786695,-86.66871618159573
-335.0449512927087,-335.0449512927087,-343.0310347573251,-341.0188808516048,-86.66871618159573
-335.0449512927087,-335.0449512927087,-342.88371233911835,-341.0470359514156,-86.66871618159573
-335.0449512927087,-335.0449512927087,-342.6607204173683,-341.0825839407495,-86.66871618159573
-335.0449512927087,-335.0449512927087,-343.0209542107631,-340.9618417190822,-86.66871618159573
-335.0449512927087,-335.0449512927087,-343.9310514773462,-341.4649528418452,-86.66871618159573
-335.0449512927087,-335.0449512927087,-342.57543225050597,-341.3248124071756,-86.66871618159573
-335.0449512927087,-335.0449512927087,-342.12902390812826,-341.4552309474795,-86.66871618159573
-335.0449512927087,-335.0449512927087,-342.9251461665237,-341.6838529149123,-86.66871618159573
-335.0449512927087,-335.0449512927087,-343.1960980127558,-341.7852709839379,-86.66871618159573
-335.0449512927087,-335.0449512927087,-342.2977298239837,-341.6419347933881,-86.66871618159573
-335.0449512927087,-335.0449512927087,-340.5946339063811,-341.1928233170419,-86.66871618159573
-335.0449512927087,-335.0449512927087,-341.4569282478053,-341.34028009456097,-86.66871618159573
-335.0449512927087,-335.0449512927087,-340.79558131584884,-341.376561697753,-86.66871618159573
-335.0449512927087,-335.0449512927087,-339.07159910582703,-341.13379495653237,-86.66871618159573
-335.0449512927087,-335.0449512927087,-337.96285903236384,-341.2937662684578,-86.66871618159573
-335.0449512927087,-335.0449512927087,-338.87091102295636,-341.331366841596,-86.66871618159573
-335.0449512927087,-335.0449512927087,-338.4301469506811,-341.2425417060399,-86.66871618159573
-335.0449512927087,-335.0449512927087,-338.85425693754416,-341.3346809158278,-86.66871618159573
-335.0449512927087,-335.0449512927087,-338.5226670105938,-341.2007045208968,-86.66871618159573
-335.0449512927087,-335.0449512927087,-338.70749216012734,-340.8609214824605,-86.66871618159573
-335.0449512927087,-335.0449512927087,-338.7057819690342,-340.6673241174422,-86.66871618159573
-335.0449512927087,-335.0449512927087,-336.53271524230456,-340.38951937141724,-86.66871618159573
-335.0449512927087,-335.0449512927087,-335.5033951618997,-340.0532373386795,-86.66871618159573
-335.0449512927087,-335.0449512927087,-334.4740750814949,-339.6138821611919,-86.66871618159573
-335.0449512927087,-335.0449512927087,-332.82951286453147,-339.5706254740863,-86.66871618159573
-335.0449512927087,-335.0449512927087,-331.5495465602527,-338.9592665828175,-86.66871618159573
-335.0449512927087,-335.0449512927087,-332.2529309079606,-338.77581054119446,-86.66871618159573
-335.0449512927087,-335.0449512927087,-331.4170659614321,-338.5080652017175,-86.66871618159573
-335.0449512927087,-335.0449512927087,-332.08446552477676,-338.2403198622406,-86.66871618159573
-335.0449512927087,-335.0449512927087,-332.2941434357872,-337.94058841403273,-86.66871618159573
-335.0449512927087,-335.0449512927087,-334.320959573792,-338.1375316915581,-86.66871618159573
