Epoch,Epoch Reward,Avg Reward (last 10)
10,7.185852099763448,48.547479148135146
20,10.230271189100076,25.265476952831794
30,40.477695224035934,35.049720069702964
40,51.71511998520034,45.96223520026045
50,-2.2249229481627495,39.63586208596449
60,74.84747303042397,40.682981706149874
70,79.83622400943071,50.174253274452646
80,62.74674951328544,34.72271704923302
90,75.27737433223407,55.708882388488576
100,8.954838122404041,38.19062433017711
110,32.26488749736282,13.263814315176012
120,62.17264299824624,47.553738913139206
130,65.4273810336372,45.62056614678387
140,61.97005761709982,44.82145018884326
150,-0.01283632287698211,50.720180162922006
160,15.270995667555937,34.894448728923145
170,67.41810926675609,38.77409684359391
180,48.561572356243595,41.67482592452501
190,-6.473373205119742,26.66710898776795
200,95.99753491296198,44.1844507844581
210,38.80665255291636,14.821482280228626
220,50.44403159599349,48.50322450905564
230,16.10245953273439,33.97934367835936
240,86.41215471340857,48.48900606150022
250,16.270103345520923,52.137095951776146
260,26.190251947929994,37.04846974835354
270,69.94095454604002,45.57045776430259
280,80.1931314628336,47.79075067717388
290,33.85326858149491,36.564899210241634
300,88.73395658531959,60.39759383799965
310,-24.226146765232528,29.056285723748534
320,25.685137657849722,43.2257944896969
330,65.79897305964914,38.656873948505414
340,44.65211270569492,34.6470064371198
350,-6.100781417954099,39.65324001727198
360,5.188093733408511,52.62796026434652
370,36.982043195648494,55.2545266398695
380,14.868608558573445,43.95831095520556
390,69.48625295762264,39.71450522011174
400,68.86235088003323,42.274148232085324
410,56.76216084104837,42.45294833194181
420,11.895471234095112,35.538338567062965
430,58.0372150611253,38.181759859784854
440,8.284462877592478,31.507017535877775
450,38.56517888098013,26.990735688851554
460,81.11812192887132,34.28516807966876
470,75.6569334200348,41.07493058065408
480,69.6958671298998,32.35337253912021
490,63.62004491081109,29.887237573317304
500,50.340197208220346,33.85109015157728
510,88.77522956055188,29.462467758806383
520,2.691989649984862,22.068416102317826
530,58.94228061319502,53.340416920868336
540,24.913598097703336,37.165335301007715
550,13.75350323288244,33.357974203544536
560,6.876786866888725,40.98753063478818
570,23.940188315860773,36.991005309227695
580,7.036148853893199,33.278450927937676
590,26.742617035145066,30.889562103742765
600,12.355514753653509,21.432900675029977
610,90.91502180283086,52.76656252200022
620,4.131959169205604,38.53280657703221
630,33.28568994808402,42.37470083406598
640,32.38279967299038,31.107962642982425
650,45.417203017759306,51.338088895156375
660,29.411461822886828,54.28721638360729
670,-9.638022525211884,27.51218941925032
680,93.59880441627558,54.40299413305896
690,69.72520922106506,44.1974240720044
700,82.6052908117505,56.261710615258096
710,10.62014251653391,42.54317167506979
720,26.93618017457124,50.6038325802157
730,47.80837339660774,46.72016921546931
740,10.576250793878025,27.956348713290634
750,41.52171179433004,37.942994075511294
760,23.25686254970361,45.38353698238483
770,59.52394312755403,43.82575157930834
780,25.75561568870021,24.31421074503779
790,14.754229215020707,38.409781018612165
800,60.39902931246817,48.527407026869675
810,8.939800794930797,47.48125195065606
820,42.63331397852565,21.327628308735534
830,-35.04703423917828,43.94412715527481
840,12.91470055548099,43.14539367951519
850,43.52489577898936,27.149733456822382
860,19.08223763580777,36.2087934898975
870,24.527093651341342,42.97654817337487
880,14.54843623567561,40.79549885211687
890,-0.086120713206288,36.84824182332277
900,90.08552681183721,34.977972390058106
910,13.940476794811392,43.32342445670035
920,14.365072610548964,33.930346544687026
930,60.967064439706654,48.6803147401727
940,51.41632579129795,35.628725191264195
950,28.439555272382776,49.82546161553212
960,58.914207314879945,48.59550984697048
970,103.37672944841133,56.85794672807877
980,13.171149948353452,56.523982843110204
990,-23.727299000655517,41.57401099093609
1000,18.020501110078122,43.70403332864815
1010,-1.0541453748748957,28.15426025585265
1020,25.717617535771687,50.12759762295281
1030,-30.29034871661529,44.43492762915241
1040,48.59996057151616,49.365860319394656
1050,11.02418502616726,34.24147944503217
1060,86.10861161219808,49.341070853860046
1070,73.8205271813294,51.62810209562233
1080,17.575676163685156,35.57766078562063
1090,4.614812703445033,29.290493469791375
1100,110.91158787207358,40.5252118245995
1110,44.24638224634714,37.90934676293752
1120,82.52918772065736,56.20089352617987
1130,13.615899086593824,36.21327309648903
1140,78.17367517578865,38.98505291253393
1150,40.622107151383055,40.64333533195276
1160,84.60346127563,49.146062910264675
1170,75.20839762764842,24.202892088155544
1180,61.958192601374904,45.05753496354863
1190,22.972468935314946,16.534659653305223
1200,17.13519655692637,25.65212230965718
1210,59.22411172886466,48.41296334041148
1220,44.352078663225555,35.31732098405135
1230,92.17799532107077,41.573828625535086
1240,74.59191793972289,51.77073264742031
1250,32.10481005702383,44.78789232935571
1260,1.9057669033229843,40.55459839356754
1270,35.22615040803533,34.57133588418293
1280,53.946798467109836,28.00170029735002
1290,-12.360011976482454,35.19816364590331
1300,61.84927360452399,29.962886148762834
1310,60.80592876268006,35.50769546222328
1320,41.94530230500534,44.73538106731897
1330,58.51490582774102,36.3942733966504
1340,-0.525294804551546,42.343884343401434
1350,21.087084122384667,46.14858674096435
1360,48.35883898321655,28.36534887469578
1370,-4.137737613101603,23.864354393313313
1380,-2.7035524404482594,37.93349135108961
1390,30.2011764128495,56.520884473313444
1400,55.23395236739111,42.38543144756398
1410,15.672569869000327,42.521988734313666
1420,28.684368322369448,47.39400872646079
1430,57.24494557175292,43.758158798057124
1440,87.30331996147288,53.452498342321995
1450,-3.3182813845371655,40.566095734726275
1460,19.736342689271815,24.240932773475343
1470,-17.374508784151995,27.19855186012044
1480,94.08324389536304,39.287754450365
1490,36.846347468542234,34.43887723217648
1500,41.64790123578705,49.458653201438175
1510,22.755650404608637,29.690369009065144
1520,37.746094193329334,44.052187564508515
1530,78.32524845513328,32.320007701780625
1540,78.21360898041797,69.43732878207436
1550,69.46947495587379,26.40173475374396
1560,101.28935763886196,48.892321868083584
1570,51.25291822220583,48.48186915688221
1580,38.39911956323346,37.066476331767255
1590,-9.637986810751208,33.26149259112352
1600,40.348300145623575,39.747140744151906
1610,61.6326393897765,39.18799549368942
1620,-28.587057841386887,39.25870180318548
1630,-3.593824484915835,48.42634797132685
1640,74.46176230719921,24.10612368576589
1650,40.086842887143746,24.53239208949707
1660,-18.18585696356644,56.33088136692324
1670,24.21731626359027,39.184273761698115
1680,23.965336512374137,29.738327713467914
1690,5.165870133376629,29.59059863237129
1700,-11.385125287976255,32.15211002931522
1710,34.01976128376667,17.535329468372886
1720,81.48305856558707,50.87153804765736
1730,97.91605785353892,38.74198656179715
1740,56.562523180227345,34.07522106884636
1750,15.111478599832385,40.72206381625607
1760,-8.030252141366418,37.08621750682558
1770,66.97933840765728,30.44383646993548
1780,67.81370566868193,38.535657662391394
1790,33.25430321718713,21.56174779753654
1800,18.025664122317753,39.44703569126453
1810,-11.14382129923084,44.76085441313471
1820,104.50199927790484,27.41825602911756
1830,117.84701015457662,48.69623339301821
1840,46.425276815561986,33.9467504172528
1850,85.78108313689395,50.19501675308783
1860,28.994599834384378,44.73837600893123
1870,39.23986309403081,22.721126255705787
1880,5.787699206073217,44.551424945330766
1890,49.03166618120648,45.51300504414267
1900,69.19251972154092,44.31427324387803
1910,113.891263456544,44.56820403805173
1920,25.59494071295788,69.93484928003433
1930,86.30379998567884,63.064300045641744
1940,110.66811412795363,36.5148843182962
1950,65.77175426480099,30.82822383316934
1960,92.37749461669935,37.62947832737738
1970,25.906286547728463,46.69557875292116
1980,89.38126069553431,35.876668442042636
1990,9.946028667729518,36.45936187888076
2000,96.2399493119267,61.84089841781257
Epoch,Epoch Reward,Avg Reward (last 10)
10,24.355953740343057,38.89215469137897
20,14.244887755003713,43.89589174970025
30,47.560982926044275,40.39594994537287
40,57.463861517332745,37.238986253853625
50,51.38777723436802,39.586030496183994
60,70.0986761608406,45.47443424761426
70,42.42861034844354,37.04784012326853
80,60.10467168877799,46.76589026232373
90,24.427946716830455,34.93415999670379
100,25.558926137702098,34.290359784867526
110,33.31708002090831,35.07892205730896
120,15.22415214480856,32.71588993014525
130,34.7354347678209,43.22402429424744
140,49.026427885583594,47.332306924635816
150,48.41820872378899,41.153303251911346
160,53.11635090019411,40.09213747044255
170,37.39042175936335,36.60962691020079
180,51.44519321393718,38.361410945754024
190,42.548386429044136,42.27765450967128
200,25.65916724508562,49.45109674754874
210,23.082681899760644,41.26482505447693
220,57.88497527358235,41.27250780589878
230,47.52045551791028,41.990380326018624
240,29.626824534990476,32.11865438498625
250,50.65699371689573,44.37254758535479
260,37.24877417285609,33.657736873953326
270,47.49525687967105,41.02596420211169
280,34.987367606244575,37.813902107995226
290,28.179939083858585,45.53855006717597
300,55.00652194443918,34.92495390351509
310,21.608043098658804,40.380325562234525
320,36.57294795591618,41.48986013840169
330,33.73431658349943,35.10231220869294
340,34.2537550275557,37.39923830075516
350,43.946621520204204,36.38922779258596
360,41.076765995055666,33.41489902559071
370,36.45642556445698,41.003422201122234
380,47.36821667751083,40.36764109959769
390,24.94169376043687,48.98209230303867
400,62.32819031357767,43.7003971638069
410,26.81099782024114,35.49533588982845
420,-0.1383658304710515,31.046105843940797
430,14.445511532700124,33.030985562462206
440,10.946623522740753,41.31195100190333
450,28.977218494644557,41.87922022949941
460,2.037457462578233,37.98135736406592
470,6.193782216721078,30.99836625814789
480,66.15146594107398,43.36041453485918
490,17.342013212817317,43.11561663881208
500,42.02768484087595,37.04927967189797
510,34.83094972739515,43.177262957862816
520,25.05177423415997,44.389757614750955
530,62.586015857747626,40.20608742405365
540,50.123578123873976,41.23117709200558
550,19.64889157946251,32.41817518207438
560,54.590183138733344,41.64766553066234
570,41.90398805745573,38.413575089568276
580,41.56968824519403,37.007604225574504
590,40.15271316303442,41.11902705374622
600,41.63751206322549,30.682993927418835
610,16.866259751727295,31.821167427165996
620,56.566235509052945,43.49542723638673
630,43.517763330356104,44.71750465940828
640,52.49042685788304,37.75398443197149
650,20.451663447587865,43.2230252388969
660,29.933937619941048,37.708390751737596
670,31.18737628295069,42.21015468743794
680,13.863954196335621,37.97485247673126
690,43.33005286771866,32.29088762765347
700,39.675385117631045,42.488761069860836
710,33.82814602172748,37.335431049269104
720,27.147241015124564,42.822262660628574
730,38.66420168006674,38.48686972551802
740,54.787387138001876,32.11818419174322
750,28.320319340099438,36.3438490940506
760,80.61628761911396,44.986754428717724
770,37.71590503408724,34.81296156060271
780,45.028480754533916,45.668631443270236
790,55.37428008582401,38.331690164637266
800,37.642588949117375,43.39101077759636
810,52.05918287702364,40.523488647188465
820,44.835703125939645,34.58455300370077
830,41.17312375507284,36.637596527589395
840,47.412735290468866,38.01816660130011
850,72.62947797061443,41.99799872767661
860,5.12787539846308,31.966762612002974
870,45.888005630073344,34.78615477509579
880,32.02417542024778,38.08944223505144
890,38.22364502311007,37.48528009438648
900,42.245187740774064,41.452768347817695
910,39.74276502391304,43.06195158863443
920,20.783800913463843,37.39307823798457
930,27.80646786811958,35.31012016936306
940,34.37739834766392,42.32235557800486
950,39.593834365838525,39.12762677882832
960,21.309092667502274,33.90256202927219
970,16.88606064790009,40.12624481011792
980,45.57877956726913,36.77409914014826
990,57.48859877490945,40.02322752300675
1000,30.957790217013677,38.41445878320554
1010,56.661911187462486,36.2799056030449
1020,67.05558225858286,46.55241563583164
1030,49.771469993054396,40.357453501257126
1040,36.84666536835498,32.439262333391106
1050,21.188474032123356,31.025324977282487
1060,41.534290244215335,40.047874910326314
1070,2.7167705452728628,38.19042375594299
1080,52.49878107583065,35.40573656825525
1090,45.80888318779732,36.5304929768455
1100,64.00990801287446,45.058406017019635
1110,61.59077740614539,30.965046134870544
1120,40.70227417701729,43.22477041788314
1130,41.586885283286925,37.70865165510862
1140,50.158128497177046,45.03187169358718
1150,41.63821145644537,36.110362673747275
1160,42.46960162879592,44.30280978438258
1170,31.73499769608161,37.93151172542567
1180,50.68940503611374,45.958296377905285
1190,63.77217137631383,33.96792016937626
1200,19.419532058203895,41.25119984181941
1210,24.76435758734204,50.07780681823219
1220,59.59165972111557,40.86157090637706
1230,57.150199327415535,34.87848099274643
1240,57.98442260272111,35.64253179837711
1250,35.33604469361842,33.48332696411934
1260,39.09604303645894,39.07386278208909
1270,45.816124073920186,30.91491673972279
1280,62.75739079137213,43.56107260530011
1290,56.00402976353646,36.52143956830444
1300,35.158198286001536,47.88853589856032
1310,47.027829276470285,39.605392394096555
1320,59.28630341311666,37.617900939491555
1330,65.91455412944286,44.87764791040391
1340,27.161075879557224,34.77604789788294
1350,66.78609182243164,41.29431843525823
1360,29.011692670185916,39.97709075596215
1370,26.274883498632608,33.862567546954836
1380,36.61050807297638,40.60941111882551
1390,40.491218564299096,32.33925014636401
1400,19.990966819162445,36.892337367600945
1410,43.81365490137263,35.917104604371154
1420,43.63478254151617,46.20051188865466
1430,13.160917932639318,41.592971515902015
1440,50.891490639889135,38.75172920131574
1450,45.277625844864446,37.69288325670249
1460,32.13687245218267,43.05134374724894
1470,68.4282316396193,35.1622558626158
1480,73.26833970498886,46.55936184947008
1490,50.54538019301993,44.554435478327875
1500,43.257541221390305,42.61771375285943
1510,52.68080241487887,33.85209504692479
1520,41.8033489579063,43.8000354533656
1530,57.23425516347133,33.10927034150209
1540,50.94390898847269,41.7423397064317
1550,16.634264766182735,33.12181660907869
1560,61.18452850899157,42.99166470605128
1570,30.252679398304515,35.2625953935937
1580,28.583375677141124,32.80798642840692
1590,19.356418679772215,41.06530092244528
1600,47.909425646161466,38.899120815826414
1610,38.340181213486595,37.26260166689805
1620,15.193533361929875,36.729161416242505
1630,42.81224829232758,37.542342818735825
1640,24.119824615575332,34.84310416496906
1650,24.025776666229767,44.663617781824854
1660,23.90902067626674,40.71158710085271
1670,26.542242646205967,48.69549924179177
1680,47.66094847543139,41.69188427041604
1690,34.19617990324525,42.958604976417305
1700,35.306725372581084,43.046438454934766
1710,22.444822096755082,34.22789283166067
1720,35.96251936697278,38.997582476214106
1730,60.507714915896784,43.745855510689466
1740,56.21074286415637,41.55349443279961
1750,32.43690436135112,42.35795590076173
1760,11.790546871192188,30.197893015824434
1770,19.283786045069906,36.3590447618317
1780,37.154415212713886,43.334808783600764
1790,35.708946079822525,42.444918099036485
1800,47.42653224361632,43.968818955379405
1810,54.04076766447266,42.357278065348865
1820,-1.3612548814450676,36.59659183612497
1830,22.893098228839403,33.321841696658005
1840,53.98212169256446,39.39191796398966
1850,25.24794867853091,31.274538567979924
1860,57.07977029774096,45.465963461702046
1870,40.44051874507473,40.0458276724723
1880,13.341926776611853,42.42631194031737
1890,33.70206364372903,39.80298833529237
1900,88.92337203437401,44.242213404114054
1910,5.002447611594247,35.32177332498352
1920,36.037220637229396,42.436418249149085
1930,51.81642502209701,40.43295143920163
1940,38.35891807414273,37.923858019874146
1950,17.850245597985353,38.56003586647333
1960,52.66224798653877,38.224705655322836
1970,7.962019744469137,35.36980021769001
1980,52.772986126414594,49.81228138669199
1990,42.64206774290016,31.725662803483367
2000,35.12913953975982,39.41480594164142
Epoch,Epoch Reward,Avg Reward (last 10)
10,24.355953740343057,38.89215469137897
20,14.244887755003713,43.89589174970025
30,47.560982926044275,40.39594994537287
40,57.463861517332745,37.238986253853625
50,51.38777723436802,39.586030496183994
60,70.0986761608406,45.47443424761426
70,42.42861034844354,37.04784012326853
80,60.10467168877799,46.76589026232373
90,24.427946716830455,34.93415999670379
100,25.558926137702098,34.290359784867526
110,33.31708002090831,35.07892205730896
120,15.22415214480856,32.71588993014525
130,34.7354347678209,43.22402429424744
140,49.026427885583594,47.332306924635816
150,48.41820872378899,41.153303251911346
160,53.11635090019411,40.09213747044255
170,37.39042175936335,36.60962691020079
180,51.44519321393718,38.361410945754024
190,42.548386429044136,42.27765450967128
200,25.65916724508562,49.45109674754874
210,23.082681899760644,41.26482505447693
220,57.88497527358235,41.27250780589878
230,47.52045551791028,41.990380326018624
240,29.626824534990476,32.11865438498625
250,50.65699371689573,44.37254758535479
260,37.24877417285609,33.657736873953326
270,47.49525687967105,41.02596420211169
280,34.987367606244575,37.813902107995226
290,28.179939083858585,45.53855006717597
300,55.00652194443918,34.92495390351509
310,21.608043098658804,40.380325562234525
320,36.57294795591618,41.48986013840169
330,33.73431658349943,35.10231220869294
340,34.2537550275557,37.39923830075516
350,43.946621520204204,36.38922779258596
360,41.076765995055666,33.41489902559071
370,36.45642556445698,41.003422201122234
380,47.36821667751083,40.36764109959769
390,24.94169376043687,48.98209230303867
400,62.32819031357767,43.7003971638069
410,26.81099782024114,35.49533588982845
420,-0.1383658304710515,31.046105843940797
430,14.445511532700124,33.030985562462206
440,10.946623522740753,41.31195100190333
450,28.977218494644557,41.87922022949941
460,2.037457462578233,37.98135736406592
470,6.193782216721078,30.99836625814789
480,66.15146594107398,43.36041453485918
490,17.342013212817317,43.11561663881208
500,42.02768484087595,37.04927967189797
510,34.83094972739515,43.177262957862816
520,25.05177423415997,44.389757614750955
530,62.586015857747626,40.20608742405365
540,50.123578123873976,41.23117709200558
550,19.64889157946251,32.41817518207438
560,54.590183138733344,41.64766553066234
570,41.90398805745573,38.413575089568276
580,41.56968824519403,37.007604225574504
590,40.15271316303442,41.11902705374622
600,41.63751206322549,30.682993927418835
610,16.866259751727295,31.821167427165996
620,56.566235509052945,43.49542723638673
630,43.517763330356104,44.71750465940828
640,52.49042685788304,37.75398443197149
650,20.451663447587865,43.2230252388969
660,29.933937619941048,37.708390751737596
670,31.18737628295069,42.21015468743794
680,13.863954196335621,37.97485247673126
690,43.33005286771866,32.29088762765347
700,39.675385117631045,42.488761069860836
710,33.82814602172748,37.335431049269104
720,27.147241015124564,42.822262660628574
730,38.66420168006674,38.48686972551802
740,54.787387138001876,32.11818419174322
750,28.320319340099438,36.3438490940506
760,80.61628761911396,44.986754428717724
770,37.71590503408724,34.81296156060271
780,45.028480754533916,45.668631443270236
790,55.37428008582401,38.331690164637266
800,37.642588949117375,43.39101077759636
810,52.05918287702364,40.523488647188465
820,44.835703125939645,34.58455300370077
830,41.17312375507284,36.637596527589395
840,47.412735290468866,38.01816660130011
850,72.62947797061443,41.99799872767661
860,5.12787539846308,31.966762612002974
870,45.888005630073344,34.78615477509579
880,32.02417542024778,38.08944223505144
890,38.22364502311007,37.48528009438648
900,42.245187740774064,41.452768347817695
910,39.74276502391304,43.06195158863443
920,20.783800913463843,37.39307823798457
930,27.80646786811958,35.31012016936306
940,34.37739834766392,42.32235557800486
950,39.593834365838525,39.12762677882832
960,21.309092667502274,33.90256202927219
970,16.88606064790009,40.12624481011792
980,45.57877956726913,36.77409914014826
990,57.48859877490945,40.02322752300675
1000,30.957790217013677,38.41445878320554
1010,56.661911187462486,36.2799056030449
1020,67.05558225858286,46.55241563583164
1030,49.771469993054396,40.357453501257126
1040,36.84666536835498,32.439262333391106
1050,21.188474032123356,31.025324977282487
1060,41.534290244215335,40.047874910326314
1070,2.7167705452728628,38.19042375594299
1080,52.49878107583065,35.40573656825525
1090,45.80888318779732,36.5304929768455
1100,64.00990801287446,45.058406017019635
1110,61.59077740614539,30.965046134870544
1120,40.70227417701729,43.22477041788314
1130,41.586885283286925,37.70865165510862
1140,50.158128497177046,45.03187169358718
1150,41.63821145644537,36.110362673747275
1160,42.46960162879592,44.30280978438258
1170,31.73499769608161,37.93151172542567
1180,50.68940503611374,45.958296377905285
1190,63.77217137631383,33.96792016937626
1200,19.419532058203895,41.25119984181941
1210,24.76435758734204,50.07780681823219
1220,59.59165972111557,40.86157090637706
1230,57.150199327415535,34.87848099274643
1240,57.98442260272111,35.64253179837711
1250,35.33604469361842,33.48332696411934
1260,39.09604303645894,39.07386278208909
1270,45.816124073920186,30.91491673972279
1280,62.75739079137213,43.56107260530011
1290,56.00402976353646,36.52143956830444
1300,35.158198286001536,47.88853589856032
1310,47.027829276470285,39.605392394096555
1320,59.28630341311666,37.617900939491555
1330,65.91455412944286,44.87764791040391
1340,27.161075879557224,34.77604789788294
1350,66.78609182243164,41.29431843525823
1360,29.011692670185916,39.97709075596215
1370,26.274883498632608,33.862567546954836
1380,36.61050807297638,40.60941111882551
1390,40.491218564299096,32.33925014636401
1400,19.990966819162445,36.892337367600945
1410,43.81365490137263,35.917104604371154
1420,43.63478254151617,46.20051188865466
1430,13.160917932639318,41.592971515902015
1440,50.891490639889135,38.75172920131574
1450,45.277625844864446,37.69288325670249
1460,32.13687245218267,43.05134374724894
1470,68.4282316396193,35.1622558626158
1480,73.26833970498886,46.55936184947008
1490,50.54538019301993,44.554435478327875
1500,43.257541221390305,42.61771375285943
1510,52.68080241487887,33.85209504692479
1520,41.8033489579063,43.8000354533656
1530,57.23425516347133,33.10927034150209
1540,50.94390898847269,41.7423397064317
1550,16.634264766182735,33.12181660907869
1560,61.18452850899157,42.99166470605128
1570,30.252679398304515,35.2625953935937
1580,28.583375677141124,32.80798642840692
1590,19.356418679772215,41.06530092244528
1600,47.909425646161466,38.899120815826414
1610,38.340181213486595,37.26260166689805
1620,15.193533361929875,36.729161416242505
1630,42.81224829232758,37.542342818735825
1640,24.119824615575332,34.84310416496906
1650,24.025776666229767,44.663617781824854
1660,23.90902067626674,40.71158710085271
1670,26.542242646205967,48.69549924179177
1680,47.66094847543139,41.69188427041604
1690,34.19617990324525,42.958604976417305
1700,35.306725372581084,43.046438454934766
1710,22.444822096755082,34.22789283166067
1720,35.96251936697278,38.997582476214106
1730,60.507714915896784,43.745855510689466
1740,56.21074286415637,41.55349443279961
1750,32.43690436135112,42.35795590076173
1760,11.790546871192188,30.197893015824434
1770,19.283786045069906,36.3590447618317
1780,37.154415212713886,43.334808783600764
1790,35.708946079822525,42.444918099036485
1800,47.42653224361632,43.968818955379405
1810,54.04076766447266,42.357278065348865
1820,-1.3612548814450676,36.59659183612497
1830,22.893098228839403,33.321841696658005
1840,53.98212169256446,39.39191796398966
1850,25.24794867853091,31.274538567979924
1860,57.07977029774096,45.465963461702046
1870,40.44051874507473,40.0458276724723
1880,13.341926776611853,42.42631194031737
1890,33.70206364372903,39.80298833529237
1900,88.92337203437401,44.242213404114054
1910,5.002447611594247,35.32177332498352
1920,36.037220637229396,42.436418249149085
1930,51.81642502209701,40.43295143920163
1940,38.35891807414273,37.923858019874146
1950,17.850245597985353,38.56003586647333
1960,52.66224798653877,38.224705655322836
1970,7.962019744469137,35.36980021769001
1980,52.772986126414594,49.81228138669199
1990,42.64206774290016,31.725662803483367
2000,35.12913953975982,39.41480594164142
2010,34.00918780512176,42.07308421700953
2020,24.924020080685906,43.09450348739539
2030,29.563985823254257,39.265543449043854
2040,29.225337480375877,37.9369195459594
2050,57.65455381863219,38.99087575479034
2060,54.54765243019847,35.07605049300235
2070,62.86681321982271,38.04736422502555
2080,26.626007704606558,38.64726288544441
2090,54.125784676938466,33.587045540398705
2100,23.80752964369072,40.29509319120773
2110,36.33020758382277,38.32546955370829
2120,6.451378058759329,36.539543568454555
2130,31.747510478370277,29.71051768058253
2140,27.167828463228886,46.79375552968232
2150,47.31826451975733,39.140740906821314
2160,38.663834381492414,41.505437884665255
2170,18.98556134187939,39.58674038572176
2180,42.84911396043377,35.37449044524162
2190,24.096760862233634,37.773026327375
2200,57.80511312005657,41.01543081064276
2210,57.31395098967381,36.73130433647495
2220,42.27479517268896,41.09870464143322
2230,29.63136893943289,35.43795542641344
2240,27.67687735754269,37.60438182531521
2250,18.060983173342635,31.737542765574723
2260,45.275306511999915,37.110886721550536
2270,31.382307266041607,31.61563060245465
2280,28.428112589643575,39.527249982199365
2290,69.41957712530026,34.940835142621935
2300,48.382862382868055,40.381571680331085
2310,53.65342453020203,45.86617231972317
2320,20.98717880147428,33.72825302145407
2330,38.280717562163005,42.13850059915158
2340,39.17008318837113,39.48478154953281
2350,55.50261472281634,48.05095687553386
2360,27.96809473229748,33.05866553919601
2370,53.89665520688372,40.31561792989685
2380,61.95628665282485,37.80540090363305
2390,39.49494958290612,39.82120446412274
2400,48.0520789178813,39.355149340699285
2410,38.312651619982105,40.81723421432437
2420,46.14625879674442,39.9081069845905
2430,55.90003070945046,40.647791281811024
2440,48.421210668590504,30.096119854292294
2450,18.82733157439273,39.974371893219384
2460,30.568791202496747,34.682246391090814
2470,50.40986490772757,34.6496495311266
2480,29.1637076585477,43.252304699352685
2490,33.14411889815579,35.96882455527788
2500,58.174594263457934,39.86562050878539
2510,62.12634544534451,46.168519189854166
2520,40.928025812534074,34.05132994758488
2530,63.87867339564635,42.82975226010011
2540,50.28525256225729,42.25156940963949
2550,34.52645245520502,44.87934188061664
2560,42.94425142510922,33.585382721719334
2570,32.66298877528173,32.111162338799055
2580,34.879004861602056,39.83052962297321
2590,39.668989967414646,39.33139411856966
2600,48.881045239306516,43.021517213260424
2610,48.25643778643509,34.331574008304486
2620,44.709059341896044,36.40868155724774
2630,50.15255067829187,36.52223288184637
2640,28.586278554117218,46.626456219590764
2650,56.05488373582525,34.44768196560904
2660,43.70808854981432,45.67551456999091
2670,47.018315275017784,37.346717019639335
2680,56.73255773290778,39.251698801970115
2690,51.07426813442267,44.03455429910743
2700,10.32084560859673,42.08798796490946
2710,35.4852885836993,41.7697693069482
2720,69.9203613085881,47.98287917165668
2730,46.00967461134151,46.819938486880446
2740,35.1953106019338,36.99350922914794
2750,32.67322590360113,35.725469458199356
2760,49.94217876021524,41.19229243859303
2770,36.90299577840443,34.864572035946935
2780,58.472714958954896,49.67773741073362
2790,39.859789023383875,37.53740621537607
2800,23.445953027351248,43.77369265955018
2810,36.9881337758397,35.29935432773583
2820,31.816453336463393,41.74775545961476
2830,14.82805915507347,41.041007582613304
2840,52.854003375315315,46.580341210129845
2850,55.84291391318227,38.37239103078046
2860,44.83323777771623,45.914292590061955
2870,48.18798352353775,33.443581735983344
2880,40.75922193982848,34.29088243865486
2890,73.74735078422881,41.50919648544601
2900,46.71212962033192,43.030306304996884
2910,28.73847649642418,39.52875903770871
2920,59.32640664330582,45.45812917702029
2930,34.85139201430144,36.5521210869309
2940,50.200633015973985,36.18843718706876
2950,48.69821970284993,35.34044176580038
2960,20.62100209192628,35.054938104285256
2970,55.87723771976395,38.7764279724275
2980,32.347407991685195,39.85757489788029
2990,57.21340743337986,33.2652661485547
3000,43.34982599673741,42.84398932931013
3010,34.27036397982994,32.97717081626216
3020,60.387194923097766,46.35484426570667
3030,57.498282687832194,41.55432667691311
3040,5.060444444911363,32.64141217556473
3050,53.541910415179586,40.34311774432923
3060,42.66010733597359,37.66102110733381
3070,48.28264654441996,50.03508674711808
3080,45.06537845359718,46.59851869687342
3090,31.936823612248542,36.902181169235206
3100,29.77547041824216,30.074012491616514
3110,43.1884045889493,38.07910632369638
3120,48.92883192714298,42.091737879483865
3130,25.814171918743103,40.56986131368269
3140,38.333126093373174,43.21625681136168
3150,24.171923240193472,30.28108174748656
3160,45.06230350493014,47.798771376679426
3170,47.74558188545621,39.46983693034403
3180,52.435692722438866,31.322370228986546
3190,25.997615566584777,37.11444913715342
3200,15.202479870205035,28.83042758938371
3210,61.08008267727943,41.02123579647365
3220,57.148171855826504,45.20968750171206
3230,11.549007230623587,38.075347064608266
3240,39.69150995648612,39.600124832598766
3250,6.05211991323066,37.31668129888511
3260,60.28702908741103,49.53045553551836
3270,26.171787009733624,41.53148313809732
3280,51.97489380372783,44.9569007809681
3290,42.76485954202182,32.74158530213324
3300,59.36848833347506,42.97368142943265
3310,46.310530604317705,39.17192034928654
3320,33.11046329906167,40.84065319879408
3330,18.078887712866532,41.478837651153206
3340,30.015319355647495,36.69978286035108
3350,24.54763117319976,30.399835255649045
3360,23.438668396931867,38.61503486480977
3370,34.20064386138468,39.67015280121966
3380,4.085667450757526,38.399906094984274
3390,39.50951648714157,37.539647136879
3400,12.023629861333445,39.311339666892394
3410,12.452137718797985,36.46256623956067
3420,36.55034656042502,42.31608838364609
3430,39.052136654859495,35.90431909648326
3440,35.84500146566817,34.594495719806645
3450,47.206229179453295,36.83944101732409
3460,32.32397973535892,36.27869073425219
3470,58.3471743504626,49.60940857761583
3480,28.256873013053394,33.94558370177055
3490,52.64669662997424,39.425228272868836
3500,11.20031912528135,32.15150329034748
3510,19.908075057334077,31.540872292126302
3520,50.206439019431556,30.896881370387433
3530,25.69333461755798,30.262333687099137
3540,31.274498123723543,34.42704524206581
3550,41.001591918645985,37.2237094599087
3560,65.06248462917482,42.934170454205415
3570,26.348416362677018,48.55685568500041
3580,26.59533952177485,43.21707764218
3590,72.74300796796243,48.14982365522203
3600,53.411947652399746,34.23611427865888
3610,60.49873303396182,42.46857970774283
3620,47.679698499123205,28.728887674199854
3630,19.256549012387108,44.009992684157005
3640,40.321866026068086,46.374578064140294
3650,68.72888040926703,37.66077079446417
3660,31.85308125576541,44.635882530222425
3670,38.752049484919596,34.75977488216576
3680,41.02706122218839,37.52000776797249
3690,47.50463730149586,34.04963479521214
3700,30.738306859905414,41.28298362249952
3710,15.52885246578956,39.5608264726433
3720,35.071371995276344,41.04471645743105
3730,54.78377840724844,35.667348926429625
3740,32.81615931115812,43.06003315783749
3750,49.54569974600766,39.81037008883891
3760,56.186308503313306,43.65832686281968
3770,59.530005788185235,39.1605975255949
3780,12.949642824899305,34.85033314569477
3790,41.618965920038946,31.627401520941845
3800,28.05807109011919,36.625088816784164
3810,42.45642157511388,32.8305938418205
3820,44.754018398377426,44.7382963412181
3830,47.877932443941994,41.65681988280021
3840,62.311108471708664,42.237848016922655
3850,8.9603392045891,37.64869790331399
3860,38.30340373391853,37.72461138046453
3870,28.165267952269296,44.14748661567998
3880,61.46532237713054,46.39603119378739
3890,58.931692971858,41.90612049340099
3900,39.20754430035008,48.83204363000686
3910,52.00358306693316,33.57868801527049
3920,42.270692374713775,45.57656558469256
3930,58.50854508753905,38.10446160979764
3940,34.563961793890805,34.19383684682467
3950,44.06507604998343,42.911438689024315
3960,40.44098304238997,32.66410869949468
3970,36.00793669402772,41.49729848443609
3980,19.467613240478617,40.85452528173509
3990,42.5891542543504,42.58760366629723
4000,38.71889175499782,36.507785897513216
4010,24.3462079048862,40.29478690427167
4020,42.114451277774265,37.596016658894506
4030,28.082982189468147,30.39223831541986
4040,6.132866388581553,45.266699763453715
4050,43.38269924338429,40.58444767615545
4060,23.953509397736248,35.87758700365383
4070,25.32143480788465,36.95812920316612
4080,7.073392363230356,33.32307534318927
4090,64.05362935154032,48.89822924652788
4100,55.35861009787624,51.15786408460823
4110,44.65305286434269,34.977659365679884
4120,37.287024443258254,30.877290640988384
4130,32.41115395517093,40.00944510191723
4140,32.925350949563594,40.28682545063187
4150,40.35027334994239,32.23760375427473
4160,74.99842025029884,42.97595097366688
4170,32.50048234541377,39.13966494592251
4180,41.30987970537627,35.440356480828314
4190,46.102991089345565,34.47419117829027
4200,31.54511071980728,37.99912133795872
4210,49.15971219092484,38.704648628828274
4220,40.567790379360254,32.95206286154255
4230,49.66233084893835,39.61041643809172
4240,32.272351249234035,33.99905228052745
4250,45.654534202874835,53.32250786996535
4260,32.51522052113955,40.61745707587117
4270,48.425461480882646,40.078848928019596
4280,56.018412541920874,38.31512289695894
4290,8.816458762307207,34.9891728597909
4300,43.32903100861468,35.43482548239341
4310,33.54825192485687,40.8197049743268
4320,17.216192764401974,37.74081511350707
4330,23.140798024801068,44.56647658386904
4340,51.78770621342856,38.92948579115195
4350,57.29060569704551,36.543532466247996
4360,51.46611555670309,33.454550589355115
4370,56.75842175835912,41.43747868065838
4380,53.82139317920148,41.50381891594447
4390,39.01330475075742,44.672789779396986
4400,65.5702712419972,42.60660363525706
4410,45.55458764907181,39.298610888032016
4420,51.852212336112,45.287629922539686
4430,30.625694755591347,39.25074735663162
4440,52.829132551091504,34.30522474632074
4450,41.192014455099816,29.390770247794006
4460,29.44277842271203,36.390890675959994
4470,15.62320286503957,25.95953741298043
4480,22.079132533081314,39.320153889571834
4490,40.527768503356015,26.78209525999452
4500,30.29714925206349,38.8004919306547
4510,45.50160932978808,39.28875323963883
4520,24.102505513669264,41.379936088791446
4530,37.866780207899616,37.84772667109361
4540,38.40043770563697,36.31791724654276
4550,23.748502371047994,28.68564091630189
4560,46.99026618444687,39.54029894762082
4570,38.200771083496726,43.10264266632618
4580,58.506520758548064,35.55434308206518
4590,28.314471347805487,39.99511651665657
4600,18.7044451257334,39.46254578541709
4610,42.62174135307485,44.908708774645376
4620,29.90155321394739,37.02075267687466
4630,18.95272438388789,37.078313765223456
4640,8.166101500892008,40.60412861312846
4650,14.893545050031904,32.99122094320981
4660,39.13783789670636,36.504171519663615
4670,33.0925912968939,45.85861621925266
4680,14.779214914102292,35.70381786059687
4690,17.859072336357894,37.254787998083515
4700,28.743599063327053,35.31006186789034
4710,38.803455697648104,33.66450515164244
4720,26.79041201874503,40.197684342328884
4730,41.03294963774858,39.905550570976274
4740,15.049680847701731,39.18691118186244
4750,33.910256046116984,41.706801407907655
4760,56.55817415326652,42.73971368940933
4770,54.65800002886765,44.69971528911636
4780,54.50200442715976,40.069211084479164
4790,79.57906019075081,45.58339694523926
4800,26.3675838790314,44.1959486062619
4810,40.3552525423056,45.114107534399594
4820,11.767588633328483,33.29798510783516
4830,47.629909374902006,37.624782156393294
4840,32.610280149500824,49.16200468707776
4850,20.403182328492868,30.474762691777794
4860,26.962571982802878,30.728839734369785
4870,19.528825633003066,39.09422976983977
4880,22.345373988074606,35.182905048381215
4890,62.704641209951674,39.44741899152977
4900,32.658432470563035,41.651659079173776
4910,35.39353020326913,37.79595888728644
4920,51.9293011421927,36.94576811641337
4930,9.0979787983948,47.06197944459107
4940,49.039166681588625,37.12179139756789
4950,56.35605606875957,44.41513103577219
4960,42.18633758528155,43.33260075835316
4970,24.514317293807586,45.401988416883974
4980,29.7320549755927,33.79790864298778
4990,34.35441583938819,43.45034843026234
5000,73.92172819669345,37.89522048300571
5010,50.91144241266632,39.74068566869327
5020,9.326474610997368,36.33128705368372
5030,11.52763397045411,34.39698395880211
5040,15.101629752694569,33.19910853774855
5050,48.82537902064851,41.761078074088516
5060,35.15013477598727,34.777089870485476
5070,9.813055779557377,37.125455757217516
5080,53.28475843622649,43.398702511164636
5090,40.645687636718634,44.45050065073203
5100,-8.929016469764539,30.445907004101286
5110,9.03871478522583,43.41753334564142
5120,30.716119252577705,35.405762799084535
5130,25.556250382340963,41.2067352599193
5140,13.909435096664216,31.38932228222951
5150,62.32438700631396,41.11761149422531
5160,67.74272460013155,47.04637896606985
5170,25.556230534186057,42.730127342625494
5180,25.49515598373958,42.71450931418964
5190,61.62614561117366,32.20600463271896
5200,56.40849284471442,40.768234840860856
5210,62.83467389652084,41.63004722762358
5220,45.44179598171544,37.06115036909348
5230,28.421766387483835,26.373062825203426
5240,26.069932286113737,49.138586566454634
5250,50.31298258817851,40.81595362718879
5260,47.29153264167111,39.020266663135416
5270,32.062932538700174,43.47219071066282
5280,17.54194741360523,37.921210789868205
5290,55.49225707301925,30.091627853439746
5300,16.046080007713876,34.66095543184046
5310,57.35883910203397,36.39625756961222
5320,47.82982774142148,44.45926925408259
5330,36.949674135469266,32.793369159843756
5340,33.831627348601366,41.08710535714671
5350,34.63246701347389,46.3346052190255
5360,52.902958386804,44.29590684841801
5370,52.614131164778414,41.73200097233804
5380,64.43526945682416,43.02821005317868
5390,52.76925964957341,40.541971444075415
5400,32.32681097226786,40.96749010145452
5410,27.50382473317046,38.04198896820451
5420,14.359159857132955,38.8561931255657
5430,41.46733923352902,38.644781995101525
5440,24.560812400825625,31.495573928637196
5450,65.15566827727028,40.47858233624659
5460,69.03165595888763,37.93142686023815
5470,36.36991954458075,44.945072706201685
5480,40.804722633218795,43.499971790598345
5490,39.16426769319274,31.447169559729776
5500,24.72448103616212,36.155684397298366
5510,43.85389870340092,42.17159514894316
5520,62.9180582444673,44.212815069986036
5530,20.565962812731705,38.606039636421855
5540,34.880228653878376,41.376413893980306
5550,35.37295145944615,42.20542987558299
5560,36.04286103430826,44.64236186806675
5570,34.309869508001086,33.919957620656234
5580,35.48790528850017,39.680402606914924
5590,20.460883908479733,41.2493920327145
5600,44.619547466402814,34.16252231115513
5610,56.03498974838948,45.07000848956023
5620,55.75336434170849,43.089758960684165
5630,32.18241148942075,37.496207190972726
5640,5.439866402950462,30.943570206043425
5650,26.91420821739026,45.45701342471916
5660,36.29313816547354,45.32600617647169
5670,31.498295063269683,42.064798611023015
5680,32.171395424362636,34.04257926254724
5690,18.77485435961911,39.566161035772055
5700,25.904133344367516,35.98798943941286
5710,57.73246646254687,43.297483218260766
5720,16.52351823706305,34.85458357164651
5730,71.9968492416161,32.353322061129916
5740,41.71796821803161,29.71727548202903
5750,48.996394462225865,36.907530210114615
5760,34.711405677112595,36.70228296187336
5770,44.8273317023977,43.65634867793506
5780,11.375417833145843,28.37055024264425
5790,51.58079914427401,37.86728839079761
5800,37.45140224491418,51.16133465783561
5810,44.54229510209734,49.088363765568246
5820,44.03135917617938,46.74061451772543
5830,56.64336613893173,48.277936777589154
5840,35.69170510535112,40.86378983134007
5850,43.52457660194724,33.06688438573859
5860,58.88936468770525,45.697759024906865
5870,43.66909003786897,34.35420256857855
5880,36.1155174387042,43.85580424725946
5890,55.49554771437793,39.77875198596297
5900,59.122792876354424,34.23915302188278
5910,11.851110824300969,28.506893450280025
5920,15.901899182851349,34.26980178268821
5930,10.361289614628344,38.01095388277432
5940,41.90208230048646,34.92713889456318
5950,33.45314842353936,47.66365984557058
5960,13.282733997103232,38.24645609520143
5970,41.50500889531126,38.530362286373574
5980,30.992208108978264,47.417254894375525
5990,26.227615896044142,36.580399043123194
6000,12.181075757602725,37.795853987393166
6010,13.300780438159148,36.36043797875659
6020,31.3558683618673,40.62194896242245
6030,33.63975208041667,38.00241861237684
6040,23.772426323477383,39.17246689161401
6050,46.74571576867745,36.697755142300295
6060,63.1061189953803,32.354818624083954
6070,42.75545519390472,43.51692450520168
6080,54.403456050816885,42.468498735682566
6090,15.176665270785502,41.3173463776172
6100,47.733124076948485,38.752757303354784
6110,51.65720840397554,29.580633389569833
6120,20.105326421004683,38.079034780162914
6130,38.248752827526786,35.63334800574619
6140,46.76029110696528,37.617318280814466
6150,68.51505399297137,44.53559116027817
6160,55.56518474527294,37.30998935155004
6170,52.67570476609677,36.24023039483342
6180,27.558093525185633,36.62423983209912
6190,19.674555210747272,37.41408054216771
6200,20.20433550413291,35.727781346988436
6210,22.60734241965361,31.208052111198548
6220,52.11862313736151,41.63779161209416
6230,31.697299377148703,34.2176731449734
6240,45.439942996900285,35.24674781490908
6250,47.28318118473472,31.730965393423894
6260,36.35811566929086,42.56133714471219
6270,37.68830555687135,43.697021995164675
6280,12.152206188611029,40.91306276897407
6290,27.08415673721088,40.38219715997196
6300,17.00758648102191,49.35556860379858
6310,31.08705734319185,33.155285388888515
6320,51.4569394951213,44.47115807013172
6330,38.8633339940096,36.22692002140625
6340,25.051839453438824,41.81886332821355
6350,21.382723401118017,38.17193165078346
6360,26.928206775455305,35.432225263037324
6370,57.83223370873768,39.65868617635819
6380,41.63193579798271,30.935177576553013
6390,53.10506031015571,34.07563466217866
6400,45.21375330755396,45.907279901635626
6410,54.338535382359986,42.18914697971313
6420,31.736746422286537,45.83424145134513
6430,10.830662839785907,27.57813180829914
6440,39.571091973429745,41.969892778260856
6450,23.512550240648448,42.32260763289877
6460,36.967768580020305,44.62649146472974
6470,55.494782686368254,43.979688969519586
6480,55.14007757765628,44.05683395420486
6490,49.34448573508136,35.80415797425412
6500,4.590765871058629,39.69449235057313
6510,54.13583380324282,35.438456316071004
6520,25.213850115576427,29.723230027063273
6530,40.222302880002516,49.91309632689558
6540,23.91681543534378,40.59795150831275
6550,29.12715960346996,35.48187267802968
6560,34.123801842215386,27.21300109509814
6570,24.789455453272616,34.3294590707311
6580,40.737844845686006,50.48480720855908
6590,65.46286617357285,41.36711187744898
6600,25.682077535802524,46.36259437737616
6610,14.781863822402894,23.99886893027487
6620,67.6010364871843,35.51663415011272
6630,46.66018061483671,44.26701790910412
6640,-7.920572643452428,34.36137546108522
6650,35.38312285629239,36.797513761957376
6660,36.20340362186124,44.6733637592766
6670,39.41888146843998,46.5032913319443
6680,41.34246713168091,41.20922068479756
6690,33.416596124880655,37.34330867441959
6700,58.23489988418483,33.39095523353329
6710,41.62219791326456,43.31584953766395
6720,57.44268210949632,43.86678097430972
6730,40.39530039511841,38.70365494293011
6740,32.819463231100286,42.08404770835047
6750,35.165000909522504,35.32419558685962
6760,44.947901898466064,38.866679713993484
6770,36.52390042306723,40.89587186427295
6780,33.74421075418116,41.24178586160298
6790,33.62931897375626,44.136413203555236
6800,25.414647749200306,41.07507962125335
6810,40.912839367195076,34.47433101610987
6820,40.056740426336646,41.53209400762715
6830,30.315167496949197,43.9912363264591
6840,49.225081710989784,31.17287727945935
6850,35.78791428735519,35.63443455824904
6860,51.5538317411734,40.72578658021474
6870,80.67673741389922,53.1077782141798
6880,43.04101131324312,36.543408558630574
6890,35.90480617315297,42.12739199389684
6900,26.402222167642595,38.888148621233285
6910,40.4114169009744,38.04980360266954
6920,22.590689236229508,37.491966291484594
6930,56.76397597529103,35.01855985004922
6940,40.92474808628834,32.51655838408848
6950,23.01520164398917,44.112174774249205
6960,52.24562197374911,36.33639084799305
6970,47.864172430910195,42.51816938417939
6980,53.95466831795269,47.17837356860419
6990,20.528521749643218,42.456574690998856
7000,33.76148906192008,42.75974401449973
7010,35.76051923366053,39.657913916871294
7020,31.428439940529405,47.263417835883956
7030,72.91478011901623,49.73098602715197
7040,28.16748765191503,38.29178374858973
7050,70.86117991924097,41.97352061717025
7060,28.581690129128532,41.075339532774
7070,27.093481438588917,29.855282721944207
7080,45.94542785972543,34.161052262832165
7090,20.12247991396097,35.22350040878158
7100,48.05209995025681,38.87813965997557
7110,39.964677005115426,39.51148967977143
7120,34.956582897418315,44.886322599318206
7130,26.625557094255452,37.22931701343466
7140,70.58944081344697,37.65586567767242
7150,44.75902987381733,40.495316858254185
7160,47.27551787665175,33.589924360897896
7170,39.71606392079607,40.33596291748976
7180,63.96604345637563,49.3716675749537
7190,28.70339975384393,41.37826595237755
7200,36.21853137339057,40.09338192364454
7210,49.58848216245583,45.388438615161945
7220,50.59777071278536,46.03055642114197
7230,46.65012341742777,45.747149989845596
7240,38.56149751651516,39.61586338195811
7250,49.11342253827162,33.602507638247936
7260,43.046909614393584,36.97520650761453
7270,39.27079841481013,37.92293546448307
7280,59.509465831111854,43.29061560606714
7290,14.974656494183922,28.165178062951135
7300,-8.137218224860419,32.17395184866323
7310,-10.492470852820116,41.11698323753335
7320,41.71125495283163,34.64696914284209
7330,26.50860088798571,37.711354227465094
7340,29.205057746514274,31.0010306362405
7350,27.66617721557618,31.674762101145603
7360,24.566471506253578,35.62119522119126
7370,33.81113949518995,30.525886772732157
7380,0.9769952250431508,37.12305049296627
7390,20.777489484174044,33.19080374990384
7400,40.87964014260222,43.347798791920376
7410,42.35860203111123,33.83970310254839
7420,30.46167875525104,41.95157433898109
7430,49.991916420974476,36.5450067668719
7440,49.02679151474995,40.01820731658212
7450,40.652034420776474,38.6060000761167
7460,38.91980215949157,42.19627466645815
7470,27.555504104577278,33.96664479613703
7480,18.993577477972664,37.9195481495692
7490,25.019009099807022,41.48153675466426
7500,1.1319327691460495,35.20053977315033
7510,34.74857358244933,36.51776567340019
7520,51.16768749192623,33.79718535275718
7530,36.7466516790452,41.55106548639576
7540,23.19069310484048,29.718755891678068
7550,15.016762632394602,31.282097962065528
7560,45.242919103653016,41.72790475647676
7570,31.495998335286316,28.75945336506295
7580,42.470933876326455,34.954590129015216
7590,29.344120866547236,28.711178432361173
7600,9.251791845878154,37.52601205062619
7610,31.916744318393523,35.420975872544936
7620,54.01385639831195,37.50077272610032
7630,19.51714305174877,35.44342510350536
7640,24.491590438637537,37.1173839524327
7650,36.98614168107436,37.48637026380719
7660,48.40090396217297,36.99865513338736
7670,72.70980412765287,43.84016348056498
7680,33.47200853843462,39.44946077198532
7690,57.02140954509777,41.907540965815045
7700,27.5532755332705,34.404590171316926
7710,34.682273595179346,34.978323303966064
7720,46.76350707180184,39.47140324010286
7730,53.594921943566035,40.60946126388554
7740,44.20717521712113,39.976125406001344
7750,50.4932380022674,37.09975604904799
7760,46.52378778675474,46.0891802872653
7770,48.076388132793866,43.822518698424815
7780,31.377699439075304,36.589677476875146
7790,10.247385795944243,36.42534345008259
7800,46.52071393362446,47.904454554029954
7810,19.12811195703268,36.35584096273389
7820,53.736227320197585,41.33993555950118
7830,35.87589418695993,35.49382300815938
7840,13.160058434285935,34.29784937452306
7850,32.28792468822381,32.14201892913378
7860,58.32393764375704,35.03439359498808
7870,44.95966399590255,38.401988944784875
7880,14.805799081386908,34.274334052520416
7890,30.57190499734337,32.89994543414062
7900,41.54180805545939,33.205494522186555
7910,43.08328828068436,42.674430010468406
7920,36.89428058788572,30.175537664003734
7930,9.459487412340248,33.24153216046692
7940,63.78873135109812,32.006950362063115
7950,36.86634926855622,34.030562055416105
7960,55.35850456995676,38.300751802990064
7970,24.060528645464007,43.42673832064384
7980,26.368065692379226,36.627555207818915
7990,23.113861705312466,37.197178273413144
8000,41.14311846875724,42.09142287267621
8010,51.30370788773801,43.98640718578072
8020,49.61858071046507,35.02241050955594
8030,28.351852422534442,43.66156993247397
8040,53.71812448107444,34.57472989269216
8050,51.56938337575482,32.35447223220551
8060,23.731421343214045,37.44906157332013
8070,31.709830205180047,42.03060139644445
8080,32.54609072909725,45.65049143056062
8090,39.47659436255084,31.290833994710916
8100,33.142601375021435,35.44467303818185
8110,17.164729275707543,34.25695652723711
8120,59.297755030700216,40.59574787178617
8130,47.60364439134983,44.39229523156907
8140,19.032777133691887,32.552682188022544
8150,33.28628331583833,39.290786949507506
8160,72.16010931784521,43.701843384912635
8170,20.268564694464438,34.08958968024122
8180,46.44232377258975,44.232859383238306
8190,49.88512262609601,33.49391554694138
8200,28.784553456847767,34.21662162176134
8210,49.77745440272153,34.73647336971063
8220,37.10019772075035,25.25582153165069
8230,66.48376386239791,40.33266205108334
8240,43.37794631881709,39.679357827841294
8250,40.966431209057134,44.71573177907929
8260,52.324933977892066,44.178480757666755
8270,55.305795470996785,34.71214679058708
8280,67.0777843646484,34.654512549875164
8290,34.924189028615785,36.48585499105205
8300,71.45312751126,38.74045286347987
8310,33.01802471384558,37.88977612207863
8320,48.53076567665265,36.25640380463182
8330,61.24579120113968,40.7401110606378
8340,38.03150300774441,39.67199998718396
8350,47.08305447887159,36.23384668520732
8360,35.03423798309013,41.055172448177316
8370,37.37234216392399,39.074459562334376
8380,31.79807557005638,37.5671037235486
8390,20.34650287375656,36.63011941690057
8400,58.088449071043115,37.99018346494522
8410,41.35793549606011,41.75375352642294
8420,32.57561239098503,39.53890357684024
8430,41.526277083363524,41.33896802912022
8440,40.93693052972252,25.037512155892614
8450,47.84482896776977,45.35604253727735
8460,60.84868959056979,42.28124279299318
8470,52.98008477803152,36.50469501174485
8480,58.54295092563096,36.72490958006978
8490,62.55171652743294,36.974983267682646
8500,36.88717382624313,31.49171522682052
8510,27.440611107276187,30.777305225959317
8520,30.30085871442905,32.9865305964117
8530,38.11131616718366,41.59628321419818
8540,31.41127058489173,31.780834405700432
8550,31.356994052643575,40.33082414628551
8560,69.19998574108854,49.4154775447828
8570,43.44837077455092,33.129150165407836
8580,41.57239667058843,30.090000078351
8590,61.70822416974003,36.179051395488706
8600,8.205500248084553,44.56004274294744
8610,37.5721427402765,41.901704547606904
8620,25.93048048428535,37.663933961930134
8630,57.27214231790655,41.88155547548625
8640,55.3569501904272,45.775472783265535
8650,68.44859060444897,44.506321920127334
8660,17.25936683330195,43.587338354520526
8670,26.180837894978378,44.81488534598915
8680,43.462433134698195,37.20385630614857
8690,41.14375925324454,35.94379931116164
8700,39.36191992285295,45.7311535530749
8710,8.798921342258167,40.83144204346926
8720,51.071157736210715,29.942619293802505
8730,68.24277104929521,48.75308996693597
8740,24.350192705311564,43.58231690472068
8750,39.27550569124922,34.809928090269466
8760,33.33879486827904,37.9088858494467
8770,53.85314516108758,38.427850650013966
8780,26.91318653247824,27.367652004213916
8790,32.07007788965912,37.38013392143958
8800,34.975930441622715,36.84718878599507
8810,35.64170990118048,43.678585109709935
8820,54.24932001281631,38.79653979241437
8830,39.94384538957654,42.85505172500106
8840,22.614996881132026,46.18330791576098
8850,51.33657242713472,38.97096131139325
8860,62.33235653724934,45.35152698600308
8870,69.38890222721417,47.086668828483106
8880,49.430286952132356,44.23609588746167
8890,11.653156638028312,30.924844936640778
8900,26.041943155473888,40.48074038762881
8910,16.834966520046102,32.14185344741132
8920,17.501268898123726,31.958061339384255
8930,31.627783722484924,40.24815866938847
8940,41.06904013721161,34.590834438400364
8950,15.640158459766775,40.08488183939361
8960,51.454260958615784,38.80031083044867
8970,18.507161307943342,40.11339168477466
8980,66.20260738949415,49.25121819272873
8990,30.93028900097347,47.23879305300575
9000,21.053111725044396,36.887127276448574
9010,45.53529256959928,44.707274538428614
9020,49.16202471907204,42.61116411304982
9030,50.51590538940568,38.85990684815788
9040,17.87196130339125,37.63750533744134
9050,34.65997688555295,40.07986543533268
9060,50.93249989654221,38.41749981047459
9070,41.54140297949179,37.27885410232342
9080,31.59821855766877,37.24372706648512
9090,37.0414928543695,42.324659324814306
9100,42.495444522069754,44.01933668712284
9110,37.27030598385502,48.94464216636136
9120,68.53677977210965,39.937725395529164
9130,65.96860429605557,43.547507345083886
9140,43.129707588714176,35.491705422696796
9150,28.075664206933247,32.791337652878426
9160,20.88651311388463,37.666625240116105
9170,53.63263120085173,38.48990221363193
9180,26.859211961808956,26.363616561629602
9190,48.09518744635061,41.26894470663119
9200,29.19882558209858,48.02436449552776
9210,45.73186737014392,36.319079715238935
9220,54.969911786523184,35.752987948363234
9230,43.967354442557,35.6352991492143
9240,28.013446084633337,42.91694060916197
9250,44.80532291031223,33.24740143578428
9260,20.1141955738626,43.609194122079494
9270,24.255730272509506,34.60748586107971
9280,58.765909835817276,47.50040671971078
9290,56.966368329863464,40.898362685566276
9300,33.6512085323284,35.21680388863656
9310,55.98653246305736,42.47456391312352
9320,27.824928247113313,34.15003875933099
9330,32.09163650277153,35.80786544403016
9340,46.17511057076428,41.62609611715577
9350,33.71692463243627,38.37639429859725
9360,44.287447400728084,43.53579068068946
9370,19.03141232978818,27.642790602047985
9380,20.67277943332405,28.550236528295727
9390,54.754456603305336,37.95980510143076
9400,46.50523218645902,43.88766816033806
9410,34.61394492317901,34.657721953982204
9420,51.19773965384123,39.743171461124554
9430,26.31518304732204,37.70859671719907
9440,43.04901419039786,30.328348497051472
9450,26.065587611975314,40.033050173897635
9460,37.4593190997842,41.71511834146682
9470,34.903110082471684,29.71122006537691
9480,52.12438490280216,43.231587639178755
9490,51.09626041283535,35.26705403780253
9500,16.173422757234782,42.363949275054026
9510,18.10423797003866,35.717281449986395
9520,62.51223602710202,40.49315952628017
9530,60.14752996233665,40.40771730753222
9540,15.028516621854763,35.89916699684927
9550,45.655966374774,39.204591179516115
9560,67.21423634517005,40.605495321092505
9570,40.32562957041475,39.506338634215446
9580,21.31762668742065,32.17747962120693
9590,46.46106540751991,47.78324766723319
9600,39.60962775175528,35.409143963871024
9610,52.51474057861109,39.699858580347865
9620,60.871753895524385,40.98598196059441
9630,50.16908527158282,39.01278715515467
9640,48.15904722523009,30.223370027155234
9650,64.43550017244823,43.70751872263499
9660,40.62939847276023,40.35348672100365
9670,45.093038733992174,36.20669664960941
9680,60.23636516015673,41.92483807917107
9690,32.874626276132275,35.93832728278595
9700,16.9993951939645,36.41256633753605
9710,35.806266619859606,43.38912643796179
9720,23.72237659910577,32.19016754735095
9730,11.633855756477066,34.40563130399493
9740,27.600703048558152,40.82772978646471
9750,51.68873495477171,34.12861242367985
9760,23.07594883493754,34.091888408134665
9770,23.46164386853001,40.62316444367214
9780,26.611891299872042,33.98604943912229
9790,42.316090975357874,40.61343964682181
9800,19.065841515888117,33.076978061958485
9810,31.589469250709953,33.303145673932775
9820,35.67708986290836,35.59974955254662
9830,26.674830907727777,41.10577308811581
9840,26.73203197141776,43.838874015642354
9850,37.719759716892895,35.36545442231735
9860,60.858491304964254,33.504096914475284
9870,32.03558548032132,41.07723632459577
9880,21.90554329965931,40.331370015334755
9890,62.87321515582473,42.8082111096641
9900,45.33544874165225,39.40717525009286
9910,39.54945414590886,42.317517212175666
9920,41.676119270635404,40.78940311548915
9930,17.95030955153076,40.22288166866876
9940,37.40160768280546,41.201825313935274
9950,57.34300268170072,31.97710354651422
9960,31.346425148305478,49.231196206286256
9970,40.415785014059985,36.61664756284505
9980,24.8895206770825,27.288121981941323
9990,11.564820622377288,38.563996460220594
10000,10.483063521147173,32.49622631889669
Epoch,Epoch Reward,Avg Reward (last 10)
10,24.355953740343057,38.89215469137897
20,14.244887755003713,43.89589174970025
30,47.560982926044275,40.39594994537287
40,57.463861517332745,37.238986253853625
50,51.38777723436802,39.586030496183994
60,70.0986761608406,45.47443424761426
70,42.42861034844354,37.04784012326853
80,60.10467168877799,46.76589026232373
90,24.427946716830455,34.93415999670379
100,25.558926137702098,34.290359784867526
110,33.31708002090831,35.07892205730896
120,15.22415214480856,32.71588993014525
130,34.7354347678209,43.22402429424744
Epoch Reward,Avg Reward (last 10),Avg Reward (last 50),Best Reward,Replay Buffer Size
242.84524366262772,249.87433842341898,249.87433842341898,284.8800427717364,162
174.86659460553358,237.84547650148042,237.84547650148042,284.8800427717364,330
170.03729301642025,194.17925491453906,212.74428275083235,284.8800427717364,490
228.7895576180411,175.12746432822746,206.48647041485393,284.8800427717364,653
331.5216172177841,239.85819248883885,223.58984664603494,331.5216172177841,823
290.37067908092865,300.600318999897,237.85775327653494,331.5216172177841,994
356.4356134349137,326.5310714004918,253.00162514730837,356.9992815006284,1167
340.863031778818,334.16239949742663,261.9339148317579,356.9992815006284,1334
297.17313386465037,316.14744062257125,267.0340285862556,356.9992815006284,1501
313.762972234756,318.072618354406,273.1616555362875,356.9992815006284,1671
344.74556914916946,330.0557135565988,281.35433459660794,356.9992815006284,1836
336.3992428093385,324.15946363265437,290.4244529625223,356.9992815006284,2003
303.24468964146223,322.25951794342444,306.97038720238504,364.4428573767902,2168
321.4256193361446,325.6093356652455,320.52082722992594,364.4428573767902,2342
327.61526055877437,328.70223210704546,324.7391951260263,368.5990643787851,2510
342.16664765144213,321.0697786321237,324.6147191563712,368.5990643787851,2676
317.9291963140019,312.0480927221994,321.84259939036787,368.5990643787851,2848
339.167497515888,324.69499102801444,322.72123746248883,368.5990643787851,3023
341.25313286588346,331.3707735819123,324.88726598223616,368.5990643787851,3201
321.79936684195553,331.0210412745411,325.3109220465158,368.5990643787851,3371
347.66646809193514,332.7714987442615,325.4304230197686,368.5990643787851,3546
333.5996529210519,333.6802915494105,327.21508762986707,368.5990643787851,3713
308.55128425166293,327.48108972445345,326.4747373759745,368.5990643787851,3883
283.7012432689104,317.7329890802928,325.6398183128765,368.5990643787851,4048
271.6217149730557,319.66328304248725,324.6669475630628,368.5990643787851,4216
341.23243138481996,315.50782566623354,324.5274277196985,368.5990643787851,4381
316.09636828572695,313.4099311675344,324.9393152521298,368.5990643787851,4551
309.3476695354675,324.27177966318595,324.44278544673284,368.5990643787851,4723
295.3010810603804,324.0881284750991,323.4827862307672,368.5990643787851,4898
339.08762130902835,330.40550742011976,324.31967867584854,368.5990643787851,5068
335.56064338549794,333.82778431227194,323.6940433443692,368.5990643787851,5235
327.3554894375824,319.0432289707493,321.39226616011626,368.5990643787851,5405
326.95416310055145,320.1537045335713,322.2285663061928,368.5990643787851,5571
324.0447322818419,322.5432656508169,322.3543214742211,368.5990643787851,5741
321.5940328463249,316.473215352958,321.590552768287,368.5990643787851,5900
312.9516595350502,313.2476285200403,321.9022820449824,368.5990643787851,6062
329.7351116778649,324.24347899274454,323.757262333329,368.5990643787851,6234
306.7490932796128,327.6705053691889,322.5820271861831,368.5990643787851,6397
321.8309013634705,322.4209807586814,323.4238327900454,368.5990643787851,6570
342.1992788189615,321.36140984724983,320.77320767160904,368.5990643787851,6735
324.6434016032461,321.0551044399831,320.86929681558763,368.5990643787851,6893
292.60929643531273,316.9560630513239,320.355774487724,368.5990643787851,7058
335.6407155601228,311.6790796716487,319.1743718432031,368.5990643787851,7235
338.68089714276067,322.79894196450124,320.40690975046084,368.5990643787851,7408
344.4265214431015,328.8832222289493,321.65637321840137,368.5990643787851,7576
303.8453394601617,320.92583153929183,321.94255035431115,368.5990643787851,7738
279.5960583729624,312.55543914051793,319.3187652479561,368.5990643787851,7909
341.9766632099256,316.3722040668461,319.68289009384256,368.5990643787851,8071
332.9562001976751,320.9741361250106,319.0293963212219,368.5990643787851,8245
353.99925386460035,324.2994382823379,320.27049578086024,368.5990643787851,8415
338.5378271562222,328.54829206347614,320.52803384592056,368.5990643787851,8586
321.62597009741694,331.0899500085169,323.0972731722988,368.5990643787851,8755
275.0194624740607,320.1011878180696,322.2124554752047,368.5990643787851,8917
295.5035280939514,306.5584794390892,319.8491806672164,368.5990643787851,9083
315.4195915165015,309.12111423375893,318.26003387616663,368.5990643787851,9247
302.03313935768483,317.9242897651891,319.24887231239586,368.5990643787851,9419
313.2267374088637,325.34559613569337,320.8180652752017,368.5990643787851,9589
318.0523551531895,324.5382171512523,320.88207492927705,368.5990643787851,9761
330.4780584286895,330.59010681827755,322.7412594138551,368.5990643787851,9936
344.4800757453727,332.67395424421557,322.55697812165255,368.5990643787851,10105
314.96481126888983,322.83074502251776,321.59775000566344,368.5990643787851,10272
328.0510114988723,319.3649059191322,320.2119693037757,368.5990643787851,10435
332.77550331434895,318.3354219391795,321.24459682988544,368.5990643787851,10605
318.8750564770441,319.8946912912636,322.8792116742106,368.5990643787851,10773
310.1052383747575,324.61764113886153,324.343902210906,368.5990643787851,10941
333.3831322660661,326.20621813131254,324.53559734743527,368.5990643787851,11106
295.47131180052463,317.55150562175515,322.7850841081183,368.5990643787851,11272
297.89121312553175,318.73237657822256,323.37442923282924,368.5990643787851,11447
311.81622081363383,327.9065339090697,322.24836952627675,368.5990643787851,11616
321.53946479500735,323.84428548091444,321.60849548016904,368.5990643787851,11787
318.971915264558,316.8852898650472,321.0592784947827,368.5990643787851,11951
307.25008951106054,324.24178653629343,322.5838716036013,368.5990643787851,12119
338.9980756420699,334.75448891221697,324.34309188939017,368.5990643787851,12292
323.88578762657966,325.78361471853634,323.76165628905585,368.5990643787851,12458
321.77332341637964,322.39683478060863,323.89893061773955,368.5990643787851,12623
277.79942129131285,315.7534894328588,321.6711105493651,368.5990643787851,12796
314.72689601733043,312.86333285545714,322.96129606447994,368.5990643787851,12973
347.8026186781309,321.90485435123543,322.3056061039677,368.5990643787851,13139
345.0405286943993,329.91257516084227,323.3625043148344,368.5990643787851,13312
338.1617119914757,329.3016562245504,323.3970802526949,368.5990643787851,13486
329.92449212895326,330.140056235058,326.0134575888366,368.5990643787851,13657
333.3993522903129,337.4724735152098,326.0432176484781,368.5990643787851,13831
353.1383404758174,328.31967070665485,324.7264939477242,368.5990643787851,14000
336.19909677809676,324.48066946789805,325.78262859835047,368.5990643787851,14170
291.89760015160465,320.189564372576,324.28503986611764,368.5990643787851,14340
340.8218184409261,319.9875268712501,326.6294360860288,368.5990643787851,14511
303.39503740971765,323.3569718044516,326.38376765591653,368.5990643787851,14678
320.61183658966246,321.37926350643517,326.5243179170687,368.5990643787851,14847
355.8732950381467,325.9257801506286,325.5864086538738,368.5990643787851,15019
330.07828349435596,326.67517090908234,325.99902085397514,368.5990643787851,15182
297.950583102619,325.4831786681218,324.6550331404866,368.5990643787851,15357
341.7988954024062,325.21916658162155,323.54835946725746,368.5990643787851,15527
351.1993507779607,310.51515054134677,321.094129107425,368.5990643787851,15687
262.5392813834085,300.78189130967604,318.80860383561304,368.5990643787851,15850
338.8190564334227,322.566449305087,321.56950609392715,368.5990643787851,16027
324.3928643626735,339.5976738699517,322.7306332353533,368.5990643787851,16201
321.7994509535194,328.0658381932312,322.5112793716831,368.5990643787851,16367
346.5876241503243,323.15623183062223,323.0860269001908,368.5990643787851,16540
341.5057537088281,329.4408363203303,323.21429060562343,368.5990643787851,16707
299.0633688482917,323.87949650382603,322.5268920191395,368.5990643787851,16877
324.28722310566417,320.6755780284514,322.25277047768935,368.5990643787851,17038
328.79775597448554,324.0438221038713,322.29182312358944,368.5990643787851,17207
335.44021743221117,324.75999703417074,325.10173977625413,368.5990643787851,17371
347.88381459858016,326.8232336493221,327.50009159151875,368.5990643787851,17537
376.12082895567494,333.087101106917,327.20587013662015,376.12082895567494,17715
288.53903578386974,325.4460246552991,324.66976174858814,376.12082895567494,17889
315.14954761074944,316.37834297830284,324.8683710936345,376.12082895567494,18062
342.1992163712254,323.43813944314354,324.72614327109244,376.12082895567494,18234
330.59948658146067,325.8290986973644,324.14602356904123,376.12082895567494,18399
309.2080538626249,316.44640422317406,323.23952481496207,376.12082895567494,18564
298.2488778587284,310.5150181551826,322.1139115943875,376.12082895567494,18735
284.4537021669529,324.65183006482386,323.36112640715254,376.12082895567494,18905
312.1668269869735,329.3348711832199,323.0288864241973,376.12082895567494,19071
338.60049726847416,328.5458322972614,323.70564613674037,376.12082895567494,19246
335.2100210750139,330.92349215206485,322.5961646332269,376.12082895567494,19414
333.59943664827705,326.8910883153576,323.9946588687521,376.12082895567494,19583
327.20417383083327,325.2529750685603,324.3710910512784,376.12082895567494,19748
318.37307328755253,313.21568195960623,321.95016737204463,376.12082895567494,19917
270.0832757367615,301.45149526069474,319.49557036394447,376.12082895567494,20085
299.39862217168655,308.95785705663457,320.45245793873676,376.12082895567494,20250
306.5341348240707,308.1808543678063,319.02873760646924,376.12082895567494,20410
307.34479343809505,307.4887201728013,317.0198359603322,376.12082895567494,20574
342.10105189383466,323.7970726379448,317.9211778974142,376.12082895567494,20745
298.7533180782767,336.05981557555987,318.522632615992,376.12082895567494,20924
327.37615721952955,338.3205279469174,319.40058505638467,376.12082895567494,21092
306.0743428790136,331.24619322322576,319.3936535975655,376.12082895567494,21260
333.3993246889171,331.87864876424715,320.7257197955221,376.12082895567494,21426
336.19631255077667,334.4824610571365,323.6470094170716,376.12082895567494,21596
350.31554855486377,332.0795728404591,326.85133531147494,376.12082895567494,21769
303.83831656460194,326.2625004617262,327.1079380980899,376.12082895567494,21932
299.04596055896707,314.8793863226557,328.1910417024448,376.12082895567494,22100
324.7993465713126,314.28674310900493,328.4675426853306,376.12082895567494,22267
322.02892676253225,318.0294786871355,327.037522912283,376.12082895567494,22434
313.50966124387,319.5702314817338,325.1696258665654,376.12082895567494,22600
359.5291090401359,331.0327148092697,325.5799602847534,376.12082895567494,22772
329.59156969066356,335.72024759217317,326.0644367403549,376.12082895567494,22942
304.5122971805173,323.11696421225304,323.8276233743547,376.12082895567494,23107
319.0919945712297,313.22109095875334,321.8121627206783,376.12082895567494,23268
339.27250687916074,316.2936133666299,320.6704314795888,376.12082895567494,23433
339.0294391069459,321.9282862835083,320.9453198850347,376.12082895567494,23606
333.3460439984397,327.5672708517898,323.20800838541555,376.12082895567494,23780
323.84819718627494,329.4543153364083,323.9788343305154,376.12082895567494,23949
333.1468536422959,323.75638705704114,324.3533900593967,376.12082895567494,24119
287.13643479050006,323.0377085155021,324.6723297372691,376.12082895567494,24295
266.4171803319409,318.38070328386976,321.8229877543167,376.12082895567494,24464
336.3993268474613,322.0972479104492,321.94772980092426,376.12082895567494,24636
300.8582081324292,324.941404138044,322.1878757394749,376.12082895567494,24812
347.917018334339,322.67535231097014,323.8385820713676,376.12082895567494,24982
332.6161499703018,324.48640131297645,323.8264333287442,376.12082895567494,25149
298.45859427870596,314.6125684363991,322.3754385019458,376.12082895567494,25320
347.25218217161773,322.87924665825096,322.8888284900365,376.12082895567494,25489
287.1680554916196,334.57455537870135,323.39948651040436,376.12082895567494,25663
330.39981603308973,325.10117209935237,323.1577854984987,376.12082895567494,25831
319.2461158712379,316.9170024012409,322.17534528755215,376.12082895567494,25996
330.6260550667027,308.80374422102926,321.2423936859306,376.12082895567494,26164
308.80432696904,309.247517591799,319.60539922382213,376.12082895567494,26328
333.3992080527704,317.3805191361001,319.7302166855418,376.12082895567494,26491
310.0795141653863,307.756215016669,316.62157176496186,376.12082895567494,26658
318.84579782770055,314.3198046190522,317.69689734675694,376.12082895567494,26830
335.8654350346441,327.683980012693,319.23585408022063,376.12082895567494,26998
290.8220027531251,324.1415336253011,317.94935474016694,376.12082895567494,27165
323.2572982870588,318.77027367429815,316.07499773934,376.12082895567494,27333
342.00887418318445,320.3426097715552,316.9976422746076,376.12082895567494,27508
274.24798835477134,324.34348346064695,317.5602939512212,376.12082895567494,27676
320.9855100419815,318.5831203499421,318.9535175003901,376.12082895567494,27843
347.2905650310138,326.229667287597,320.9567238903808,376.12082895567494,28013
331.57098727971015,338.0872047716246,323.09485462749507,376.12082895567494,28190
347.01624556041725,336.0709189955833,326.6196646861636,376.12082895567494,28358
315.16234372874817,326.66127964254963,325.56314963219455,376.12082895567494,28534
356.0232623280841,327.50158034422515,326.5831847524701,376.12082895567494,28706
321.93615901569547,325.0295714356978,325.74075719427384,376.12082895567494,28874
322.62802572961647,315.8648300277634,326.0020960231631,376.12082895567494,29039
335.48136140209346,323.7468306583014,326.42160137162307,376.12082895567494,29213
350.9991509060042,326.5697989851974,326.44735912807323,376.12082895567494,29381
290.5332039228791,317.78750146177356,326.26247759398944,376.12082895567494,29553
306.24356100284484,315.9189247942696,324.38521062940777,376.12082895567494,29724
345.3995492878795,323.65474381461553,323.3759854025876,376.12082895567494,29896
317.9311802552881,323.54478531210793,321.8799838927127,376.12082895567494,30072
336.39943265934625,328.0460035349791,323.6529301810735,376.12082895567494,30246
324.4360624122924,326.24405555258164,321.628478934384,376.12082895567494,30410
304.5422804893683,310.1170798849588,320.67043187092565,376.12082895567494,30573
336.1990354141049,315.2240787001006,321.5003286688514,376.12082895567494,30746
318.72390878560884,319.3857891151249,319.7982235622904,376.12082895567494,30916
317.7662067922773,315.3710748350384,319.2605838388197,376.12082895567494,31079
332.8932328518671,320.4322627039513,320.3271758107259,376.12082895567494,31251
319.92000168930406,324.277768293823,320.93235253873036,376.12082895567494,31418
309.41273833601,318.9616794783123,319.3885629434653,376.12082895567494,31580
303.85727805755306,310.4135565109155,318.3061067784918,376.12082895567494,31742
343.3872914945375,315.1940203594384,316.81816630835715,376.12082895567494,31908
340.9559202168421,328.6884423499969,318.79498413797484,376.12082895567494,32080
330.2645301569902,330.3955649326378,320.8738633178929,376.12082895567494,32248
295.10841348105635,325.42306235737,320.8347808694288,376.12082895567494,32413
362.59871550427425,323.3103974515162,321.65878498517117,376.12082895567494,32581
336.39942195837085,325.2825083482419,322.81706757206945,376.12082895567494,32745
307.5229132804817,329.79766537788635,323.5318655199582,376.12082895567494,32915
309.93536464883647,327.83191726995136,323.5278973672951,376.12082895567494,33082
319.18816997631365,319.17537983838315,323.57460559197244,376.12082895567494,33256
320.2348636361455,322.45469101128646,325.9361242673693,376.12082895567494,33432
291.2054369949218,317.2428561522314,323.984372750531,376.12082895567494,33604
315.9125123744513,309.5653925974474,322.11151431685937,376.12082895567494,33767
333.5994775178486,319.6389121705232,321.83304219810805,376.12082895567494,33932
306.2006049254338,318.54045283005865,320.7349924113971,376.12082895567494,34096
315.05146576734785,316.9166728082171,320.5542972694482,376.12082895567494,34261
310.19778800974296,320.44295932488814,319.7670826067264,376.12082895567494,34428
341.89362272497704,322.81940171953096,319.1586445377772,376.12082895567494,34604
326.1178465442599,329.016216940645,320.0039425408651,376.12082895567494,34773
347.5426454384657,328.67391994972496,321.05835256004553,376.12082895567494,34942
309.9172906595421,321.1947911495311,319.751962568514,376.12082895567494,35104
305.8140143872206,315.67837732109143,320.7454567938175,376.12082895567494,35273
263.45764351949555,310.4544077696422,319.929765602953,376.12082895567494,35437
332.108445934212,320.3516682144509,320.8880080026031,376.12082895567494,35611
356.99915802718965,333.96234487669125,323.01414401227953,376.12082895567494,35778
323.95041930013565,332.0674805616496,323.91816955328954,376.12082895567494,35945
332.59459703542456,334.3543775662646,325.79642766055485,376.12082895567494,36113
300.0238963499764,334.9157389925125,326.3374370078859,376.12082895567494,36281
292.14944803203633,328.90914276189466,325.7750128248048,376.12082895567494,36448
284.0149337768803,321.2433137550309,324.8513157689471,376.12082895567494,36616
348.19946441586825,315.7907802249841,324.69421063989535,376.12082895567494,36779
347.91560409093483,323.61884484431425,326.4394092735916,376.12082895567494,36952
353.4818077576468,330.1804397546338,328.63941703689375,376.12082895567494,37122
342.0762938058651,323.7712341259713,327.1233224558957,376.12082895567494,37291
315.0764653454779,324.37067117317173,326.72108229618976,376.12082895567494,37461
347.2832881092037,333.96584054097565,327.5029944517609,376.12082895567494,37634
330.7851256211301,328.30901419058705,325.5120096210543,376.12082895567494,37803
303.09549436861016,315.60252357050166,323.64035136735873,376.12082895567494,37973
330.1604299334998,318.24053449157,323.3782879669893,376.12082895567494,38145
310.2780149413096,322.7669814455481,323.9450849054622,376.12082895567494,38314
339.1991507240173,323.3244864167851,324.88502920534955,376.12082895567494,38480
370.59078495039546,321.5431260686301,323.5299411503254,376.12082895567494,38647
327.7328115002785,321.4157273521868,323.1320867248602,376.12082895567494,38815
314.6503310631614,312.42711080951193,321.26111648703346,376.12082895567494,38981
302.4978272254765,306.6603925483669,319.5900309998991,376.12082895567494,39144
308.36252528720496,316.1278038703148,317.6935091529013,376.12082895567494,39312
330.45557124281066,326.66551185193725,319.2613305321692,376.12082895567494,39480
329.08427456837717,329.3362780586106,320.4402600505231,376.12082895567494,39650
344.23809327230555,325.7648966102678,320.76620295590874,376.12082895567494,39820
318.8123468035435,330.0821804923424,321.90329985988194,376.12082895567494,39989
333.3991913337826,330.82466631410716,322.26623893537317,376.12082895567494,40158
327.3568390799921,325.8021312693294,322.75510090002183,376.12082895567494,40325
352.40005087472053,325.4023697895001,323.06356742283583,376.12082895567494,40491
273.4027196096148,315.9905535050575,323.4677894391309,376.12082895567494,40653
315.9039593304109,320.9471099088926,325.920910894941,376.12082895567494,40825
352.7905628305998,334.86718866315243,327.2156663976985,376.12082895567494,40998
329.50125997135876,329.3111859358094,326.4500457117154,376.12082895567494,41165
297.6036532792118,321.2781845156655,325.60404768910945,376.12082895567494,41332
344.7311589866801,317.8098669245923,324.85903977458037,376.12082895567494,41493
332.9799407163024,318.2886527974326,323.2453421501275,376.12082895567494,41656
324.0706831439317,330.2706700624701,324.7482405242529,376.12082895567494,41833
284.4816482742699,327.61138379526164,323.60719265531395,376.12082895567494,41998
323.9920490557701,314.91740184477044,322.651246935307,376.12082895567494,42161
332.3713963455783,325.43581136261855,325.49624422682615,376.12082895567494,42328
294.9584975293345,320.7778864924515,322.6174022520188,376.12082895567494,42497
347.5815815900111,313.5175408478451,321.22631466376475,376.12082895567494,42669
321.08505958512956,317.09991736316863,320.1751485374906,376.12082895567494,42834
312.9671060379703,314.8363011677805,319.9379379941877,376.12082895567494,42998
319.6990560407879,315.81272589955626,319.7757203324834,376.12082895567494,43166
356.9125339601992,318.18855161981736,319.91791775866466,376.12082895567494,43335
342.19929388177627,323.9774287883954,318.5170720776685,376.12082895567494,43503
303.18227965468293,321.2839663864307,318.6524342768985,376.12082895567494,43666
344.9990150144965,322.8907405785418,320.1117398244227,376.12082895567494,43837
336.1990855185714,334.95353494361973,320.5559789930987,376.12082895567494,44007
327.5907255633897,331.3999018992767,322.2361429057878,376.12082895567494,44172
292.40452882702414,322.4896197581305,322.3503947751558,376.12082895567494,44341
330.5993903506565,311.2641982012766,321.0689990734094,376.12082895567494,44501
317.86813027010925,310.3365917471904,321.45045289103774,376.12082895567494,44675
330.03561704668687,320.6161844193608,322.0296907773703,376.12082895567494,44845
326.4200075753939,318.9158229419254,321.5959071554594,376.12082895567494,45011
300.8690835645514,312.6189751356533,319.75800004682185,376.12082895567494,45174
321.20673720400373,314.88106059136646,320.3153259964465,376.12082895567494,45340
341.2769519545943,324.2475739676606,320.02936672464557,376.12082895567494,45509
309.51551212239013,328.46961856811976,319.01854272134653,376.12082895567494,45678
321.7877096315627,320.378720040136,317.8251303528175,376.12082895567494,45842
301.2292037317926,322.29069509218385,318.97875778815717,376.12082895567494,46018
327.92541251993043,331.11009619333356,321.79430995122885,376.12082895567494,46193
315.7479412009085,325.8655416402341,322.0845477667659,376.12082895567494,46361
347.74241816319915,327.80251376918795,323.2315758211943,376.12082895567494,46533
295.6068076233851,327.2004001859351,323.7414632155679,376.12082895567494,46701
280.8785638769473,319.86376730437996,324.68053425493963,376.12082895567494,46869
342.39948371848834,318.8114143383077,324.52753396495615,376.12082895567494,47039
300.84526721100724,318.0934251581815,323.44970449304384,376.12082895567494,47206
341.84012603153496,319.90515355985946,322.81464096330404,376.12082895567494,47377
349.68216292489586,324.30165340579913,324.23429116617643,376.12082895567494,47546
289.11504198452997,324.6826759946084,323.293037143789,376.12082895567494,47718
283.16544431067774,312.49799772478207,320.5118714724661,376.12082895567494,47895
341.7160313285075,308.7437430574801,319.8686774272381,376.12082895567494,48065
312.10254523863597,317.89046693392623,318.52946210541376,376.12082895567494,48231
327.1370610393079,322.0444120035063,318.83747979075235,376.12082895567494,48405
341.63615547613233,324.7624620724127,319.5092010590203,376.12082895567494,48576
286.05648286589536,317.05986864899603,318.48717065289003,376.12082895567494,48738
339.1991022461913,319.1362134533794,319.7177587180599,376.12082895567494,48908
359.4733514525639,329.0836218300391,320.32286430692596,376.12082895567494,49082
347.9991157109436,326.97188041221926,320.25180411934394,376.12082895567494,49249
303.8455453963176,319.5398596825152,319.2943010445074,376.12082895567494,49413
342.1991809276445,320.0747293225021,321.76715043888794,376.12082895567494,49585
332.81048191731327,321.14748135351084,321.77504870371354,376.12082895567494,49753
295.63211656662753,322.64935280772283,322.7189276136472,376.12082895567494,49919
330.30929968825274,329.76024588161465,323.31821547933515,376.12082895567494,50089
341.9252014461704,329.5258937503753,323.67161394923977,376.12082895567494,50258
346.9625006925088,332.10052593097174,326.32634693573027,376.12082895567494,50426
336.39937881638537,334.2256834612449,326.68950795081287,376.12082895567494,50598
314.38519265706225,329.5075137373606,326.41112531719466,376.12082895567494,50766
309.09641068579975,323.8642082687948,326.06797352212794,376.12082895567494,50933
344.68663291454305,325.9755056942162,327.69825451953477,376.12082895567494,51107
285.9595963847055,320.789878178041,326.21100329323576,376.12082895567494,51274
356.35313369595605,324.4110555990243,328.35096936863744,376.12082895567494,51452
330.37218153916683,326.0635270809588,326.89383814788295,376.12082895567494,51625
377.1200521644556,325.252469759279,327.44941414417036,377.1200521644556,51804
347.9990858434212,328.04527926999083,326.59771525180605,377.1200521644556,51969
310.44476699272053,314.69699362723816,323.96870768342364,377.1200521644556,52140
324.09291756657507,317.8699382901931,323.3265662175957,377.1200521644556,52312
313.1091569507559,324.50067413208774,322.9673397623691,377.1200521644556,52486
333.3992404699708,320.65059259095665,322.6838430820281,377.1200521644556,52652
289.17296618929447,319.45913428551586,321.664065480629,377.1200521644556,52821
335.9362337275687,320.80985551547616,322.6878385495151,377.1200521644556,52987
303.8595159241081,320.75248337188214,320.9323510352006,377.1200521644556,53152
334.5207628468525,320.8011357351776,321.6353602803589,377.1200521644556,53319
329.864104436498,320.7746830696383,320.0367936972724,377.1200521644556,53487
327.5992880752584,327.93086598748516,321.6124776238577,377.1200521644556,53656
333.5994420427211,326.04560683925854,322.30651633967653,377.1200521644556,53825
340.70016939523595,309.3777456843203,319.91403910268315,377.1200521644556,53986
314.4987905998188,317.3675083156688,320.8798831763927,377.1200521644556,54156
327.59948413086204,333.3255821649498,322.4490370174818,377.1200521644556,54328
359.38265655518387,338.3930815726945,324.66667263382845,377.1200521644556,54503
344.9990591736619,343.62107816752194,327.01128154789103,377.1200521644556,54681
309.768792525835,337.3044259706515,327.9770611535823,377.1200521644556,54850
290.6863059481151,316.1410394262614,326.07926228610773,377.1200521644556,55016
338.4185816119186,318.23659431359465,327.4694434023736,377.1200521644556,55188
289.0944455455216,323.604481995768,325.2139854877643,377.1200521644556,55360
312.664186241334,314.63219948141403,325.1867619308047,377.1200521644556,55528
303.29842397070973,315.08513411673164,326.35546317424655,377.1200521644556,55691
307.2382809680065,322.2749696104626,326.16825418976345,377.1200521644556,55863
335.7835535252999,320.6994191830638,323.8302305778694,377.1200521644556,56030
312.39266324702453,312.36878061414563,320.9633939980537,377.1200521644556,56197
373.70605051961405,324.15297327828324,319.9366096000216,377.1200521644556,56374
308.3684036968176,326.3985055720555,318.78220991833444,377.1200521644556,56544
321.1912631541313,315.6777796661915,319.84395764800763,377.1200521644556,56715
349.1729758634763,327.33528375757567,320.60194780713067,377.1200521644556,56887
304.55192508964194,334.9900663475992,322.1210745183739,377.1200521644556,57055
297.14075416953335,322.05673086488883,322.08685408382564,377.1200521644556,57216
319.2117148192359,314.55153510824147,322.0143547166759,377.1200521644556,57385
344.4957453582978,321.37406498582317,321.9066731588977,377.1200521644556,57556
347.8840167536793,320.4146039103686,321.9573916621368,377.1200521644556,57725
318.6387644962265,319.0504768528493,323.2430124066385,377.1200521644556,57891
319.5337578530326,326.7656536597567,322.4799277384315,377.1200521644556,58056
315.8737983640433,330.5096185890567,324.0652350100387,377.1200521644556,58230
345.1992696661902,326.0534726537721,324.5550663359477,377.1200521644556,58399
339.1992336512843,323.6688052172994,323.3319393019835,377.1200521644556,58569
302.61829469864324,321.48594038383226,321.85424114319426,377.1200521644556,58740
338.77247078139743,317.18233610547867,322.35706035010145,377.1200521644556,58912
327.59944330523786,316.6298107660534,322.26989627475666,377.1200521644556,59079
347.35431052925776,316.28517070897794,321.3392814947324,377.1200521644556,59247
326.40150668700164,323.31009097486043,322.84899368765497,377.1200521644556,59412
291.13681148017014,318.90077128555504,321.30934038127356,377.1200521644556,59584
286.4785094204185,303.623732643705,318.2206094844447,377.1200521644556,59744
356.7252791220452,306.5546502226467,316.5183467079916,377.1200521644556,59911
306.0236362086006,307.5483070743927,314.5195763685688,377.1200521644556,60075
324.52439375897563,313.05645342805605,314.3958763501429,377.1200521644556,60239
330.58686157988063,325.20773438061724,315.26393516792575,377.1200521644556,60411
360.4344697736553,330.77956383418916,317.115321895885,377.1200521644556,60584
336.19916937417867,331.6853826565708,318.2750495460292,377.1200521644556,60753
267.0813904594773,315.9428048299259,317.0468487200746,377.1200521644556,60918
350.79895166223,320.71248044400966,317.75552743985907,377.1200521644556,61086
371.0381959751337,330.46996669832987,319.36068780262957,377.1200521644556,61251
320.5492595717418,322.71588738680936,321.5739583884799,377.1200521644556,61418
344.9990539652888,318.8765255548652,321.82506286907324,377.1200521644556,61589
330.506314534958,323.7824604559191,324.82078906478523,377.1200521644556,61751
309.98048462448054,320.9836293640842,323.41049805627887,377.1200521644556,61922
330.3426461188913,313.8227649856902,322.5437951857998,377.1200521644556,62094
289.68803100252336,310.8233166560587,319.41924862065275,377.1200521644556,62259
294.2894637259229,318.3634758936472,319.8794138332151,377.1200521644556,62429
321.79940426603565,325.60779002002363,321.3522456586723,377.1200521644556,62598
329.413542259255,327.22658102867587,321.1822339501483,377.1200521644556,62772
339.6574375271305,320.8281961983921,319.4238915586847,377.1200521644556,62937
327.95373833982995,318.00716187607384,320.2404888480012,377.1200521644556,63115
327.79944473542594,333.0855927200199,322.2657049917157,377.1200521644556,63282
265.02898994354916,322.9611472705909,320.0762262109355,377.1200521644556,63451
336.39927053514,317.9054400136638,321.6500671216316,377.1200521644556,63620
310.32563975236354,317.24470475285347,320.76061416436823,377.1200521644556,63787
359.9993907198503,316.840715827214,322.85354695586267,377.1200521644556,63953
332.9676931813376,322.25324257495106,321.53856750062903,377.1200521644556,64119
321.84294369024826,322.1246628569968,322.1569215232573,377.1200521644556,64289
330.5993246005195,325.56285722875225,321.20582274064435,377.1200521644556,64456
306.53443940599294,324.5712081527368,322.90552391412626,377.1200521644556,64624
296.89613267575123,321.4761225054195,321.89961486651345,377.1200521644556,64791
330.39920849952875,320.6967011200912,320.42774559414045,377.1200521644556,64962
312.1955005210643,325.7171279567607,322.4508110037474,377.1200521644556,65130
330.59942053140105,324.14724145327074,321.6761058820619,377.1200521644556,65300
313.9955870817208,322.4475190163436,323.4913738564454,377.1200521644556,65472
341.9990200236588,315.2825814831599,321.36447901325107,377.1200521644556,65642
336.3993060639657,314.9396431343774,322.0286539683307,377.1200521644556,65805
312.85380079699115,327.39069368881644,322.417685179615,377.1200521644556,65978
322.1532690068718,329.6184186541924,322.83976625341876,377.1200521644556,66149
318.83302781540124,324.45445955318377,322.3943354597044,377.1200521644556,66315
327.58871387896113,322.97836872828873,323.14021549799253,377.1200521644556,66479
330.39937327904073,321.12083909651955,322.47916305499007,377.1200521644556,66644
277.8620186799577,320.9020135223827,322.177192611117,377.1200521644556,66815
315.657918341682,322.1758808006121,322.08489092445825,377.1200521644556,66982
346.93865013321755,331.79706445494924,324.0471016988381,377.1200521644556,67158
336.36100817047577,328.9047760300371,324.8093298338338,377.1200521644556,67326
290.84674733700865,321.4888610360351,325.3569452791697,377.1200521644556,67497
290.009812365561,323.2395551942081,323.97910213491207,377.1200521644556,67664
327.59938042777696,314.6877731985541,322.370816188042,377.1200521644556,67833
346.8404332938961,320.7336088334767,323.23493199097067,377.1200521644556,68004
355.66651103429376,329.64270250314263,323.7036829430128,377.1200521644556,68175
285.63517786284245,323.39035886762935,323.6888359451927,377.1200521644556,68345
321.0876790332406,316.9029476254059,322.9038697636174,377.1200521644556,68519
311.75175394258724,318.6504784294003,322.98375547095037,377.1200521644556,68685
321.6624719531807,327.3055197683392,322.0055608262954,377.1200521644556,68855
313.47546287390105,322.1188095379009,321.6265621725231,377.1200521644556,69020
306.74875198134004,320.1477861404019,321.73734584716874,377.1200521644556,69189
284.9043534088965,326.99989921092185,322.37863097586586,377.1200521644556,69361
327.4483385210129,322.40565024673555,323.2809212568051,377.1200521644556,69531
309.71793669095644,325.78695274104376,323.38929975737926,377.1200521644556,69701
339.3993659512589,327.0470197198328,322.76178470014304,377.1200521644556,69862
339.1991534269772,318.62117218203167,322.43546242025974,377.1200521644556,70027
335.1413114576268,323.6612621084249,324.11344759674694,377.1200521644556,70195
330.3992499430216,331.01422214699954,324.9082111637796,377.1200521644556,70368
329.4870916623648,328.56517440422283,324.3653785239236,377.1200521644556,70538
324.9475333055466,329.8771370424505,326.4598766646895,377.1200521644556,70707
289.00672449186777,323.51634020043446,325.03908933593016,377.1200521644556,70878
293.07146740312635,311.1930670416505,323.2985102308352,377.1200521644556,71045
320.50024240371954,318.25127608958957,324.2082145045009,377.1200521644556,71218
326.93772355371664,325.86839793940595,323.3147992705076,377.1200521644556,71383
323.45165569454963,320.9009895811549,322.97900847676533,377.1200521644556,71556
336.3991842395275,321.8360672768396,323.9577782894692,377.1200521644556,71729
336.8895876086996,320.81228978698516,322.4092140124774,377.1200521644556,71899
324.0873316389261,320.19286619158413,321.7935070983861,377.1200521644556,72067
330.5994671240219,322.5884589963873,321.21387093091033,377.1200521644556,72234
344.1213819120068,320.7752204288966,319.9731237756753,377.1200521644556,72400
326.9324863100332,318.88728721105315,320.288060333034,377.1200521644556,72570
343.9888672240794,322.918299383654,322.31817024407604,377.1200521644556,72740
268.122042582945,320.16799012879744,320.67140314087555,377.1200521644556,72908
353.707219344595,317.9039814700388,320.7252869502026,377.1200521644556,73077
332.17293190799336,319.9731972694423,320.48584467853306,377.1200521644556,73243
313.60483286475255,316.30000729436694,319.61807495370806,377.1200521644556,73414
303.5137671392678,313.58784164748147,319.0409550506323,377.1200521644556,73583
322.2894799153663,323.490225050708,320.27754672553283,377.1200521644556,73755
330.25025875515877,326.23813656820204,319.7708905649952,377.1200521644556,73924
319.133494989313,313.54138006137896,318.8307786520294,377.1200521644556,74094
322.23122014475166,319.54043436302317,319.90151999538926,377.1200521644556,74270
344.99916914023106,332.3197708078218,320.71107293686293,377.1200521644556,74440
320.32456007704366,332.28865994792193,322.3256539592142,377.1200521644556,74613
326.8547373340937,333.7754709768967,323.8853708382345,377.1200521644556,74783
300.15231742217765,331.2887863934008,324.5887717840059,377.1200521644556,74951
315.4341441342894,329.09941607786016,326.4452525949331,377.1200521644556,75123
315.28912454642057,327.9941082960589,327.47002511372136,377.1200521644556,75291
336.13584129354115,320.89002639392874,325.9252128635772,377.1200521644556,75458
350.90891565352615,326.0189243936594,327.42618267881284,377.1200521644556,75628
336.39939951665326,326.58982052832243,328.53490095696594,377.1200521644556,75791
307.1555851755433,320.13679144255264,327.5454540947187,377.1200521644556,75957
335.8667241729193,320.5353085864959,326.17800851270084,377.1200521644556,76124
305.8001661156951,322.3365137854617,325.55502486222673,377.1200521644556,76293
353.7991188972317,325.1403174362357,324.4509778045686,377.1200521644556,76462
341.9545323263218,326.8885085918794,324.6749693019224,377.1200521644556,76631
306.8204815241756,326.5081046130896,323.9327155116145,377.1200521644556,76806
330.0017930434786,327.6842333669746,324.6129943161055,377.1200521644556,76980
320.86914657674373,335.0567861237553,326.7660674575798,377.1200521644556,77157
352.9626716159061,344.0926410687066,328.2277376511149,379.66351664436723,77336
320.54895490708486,328.7523708622547,327.1985775243662,379.66351664436723,77505
257.59217147363614,312.2047385073537,326.6413270640752,379.66351664436723,77674
347.4274024501935,326.7871093795081,328.4489376829687,379.66351664436723,77843
308.48576821057156,326.82472453616356,327.53896921421557,379.66351664436723,78012
353.60630354286747,319.7090555240365,327.3626853005289,379.66351664436723,78176
285.44085682184664,319.9764189134945,326.1565512785386,379.66351664436723,78342
333.3993298154631,322.87387891320486,326.6358401605519,379.66351664436723,78514
327.1294537482707,331.49251976658326,326.91820855846026,379.66351664436723,78682
341.8934782756968,330.9690592072496,325.8182947772508,379.66351664436723,78852
325.95168310902466,318.0860328918142,321.71688692308186,379.66351664436723,79019
334.9009350564885,321.2488940360555,324.3175994120109,379.66351664436723,79192
324.4438079565692,329.7514395821373,325.22622713803855,379.66351664436723,79365
321.5550793120925,322.3203640885574,323.4242503538208,379.66351664436723,79535
318.41316531053945,317.6960404119432,323.40049031319455,379.66351664436723,79705
315.5902427358295,313.8068446209128,322.243808173196,379.66351664436723,79879
338.84473581623126,317.22956420106226,322.8511193707081,379.66351664436723,80046
332.94022420904116,328.90460571844426,323.44995353424395,379.66351664436723,80218
304.11268911332763,325.6794560305792,321.68850662350724,379.66351664436723,80389
312.9511374454829,320.17575945791924,321.2912935843779,379.66351664436723,80555
330.59947198685904,323.68407789655396,322.8081156244552,379.66351664436723,80721
292.2827808774544,319.8902863374161,321.01957204465,379.66351664436723,80886
298.72892947021694,311.958640626382,319.2495558333041,379.66351664436723,81046
329.5125821904186,316.10026404895746,319.77555203672995,379.66351664436723,81219
324.98903039566096,321.06617300737287,319.9235823523901,379.66351664436723,81388
321.2595241183725,319.87175412717045,320.98853393798146,379.66351664436723,81561
303.96475008452654,326.05786767500786,321.68924304717916,379.66351664436723,81730
327.2757713637117,327.82083699013566,320.77178019231974,379.66351664436723,81902
328.07715497111633,326.2318436584179,321.799720572747,379.66351664436723,82071
295.89950444435414,320.0035133705548,320.7373309748469,379.66351664436723,82234
344.7923201567605,324.521773792093,321.9672597518548,379.66351664436723,82408
318.02606173425784,321.8641126043535,321.13209622823433,379.66351664436723,82568
304.7773195895013,316.3580926107767,322.8471501487337,379.66351664436723,82733
364.11984632212386,325.63565127367946,323.03917367317877,379.66351664436723,82905
341.99914883927966,327.0247053430563,324.0388566158704,379.66351664436723,83070
314.64344150351735,326.679984425521,324.4008197328489,379.66351664436723,83236
335.9159182550519,327.0078718295517,324.22885744677916,379.66351664436723,83402
310.79490211216023,322.7272768504762,323.382107704917,379.66351664436723,83577
309.3358526333207,320.23427142239734,323.029342999575,379.66351664436723,83742
343.2303039932785,322.4012275531771,323.86165054144146,379.66351664436723,83909
315.6400385696867,315.2494608597334,321.1748804131031,379.66351664436723,84077
326.4273737096846,306.24173480330296,320.7371749812313,379.66351664436723,84242
317.72634750558666,303.0963097674088,318.52252384442954,379.66351664436723,84407
